"Slide_number","A_cluster1_feat1","A_cluster1_feat2","A_cluster1_feat3","A_cluster1_feat4","A_cluster1_feat5","A_cluster1_feat6","A_cluster1_feat7","A_cluster1_feat8","A_cluster1_feat9","A_cluster1_feat10","A_cluster1_feat11","A_cluster1_feat12","A_cluster1_feat13","A_cluster1_feat14","A_cluster1_feat15","A_cluster1_feat16","A_cluster1_feat17","A_cluster1_feat18","A_cluster1_feat19","A_cluster1_feat20","A_cluster1_feat21","A_cluster1_feat22","A_cluster1_feat23","A_cluster1_feat24","A_cluster1_feat25","A_cluster1_feat26","A_cluster1_feat27","A_cluster1_feat46","A_cluster1_feat47","A_cluster1_feat48","A_cluster1_feat49","A_cluster1_feat50","A_cluster1_feat51","A_cluster1_feat52","A_cluster1_feat53","A_cluster1_feat54","A_cluster1_feat55","A_cluster1_feat56","A_cluster1_feat57","A_cluster1_feat58","A_cluster1_feat59","A_cluster1_feat60","A_cluster1_feat61","A_cluster1_feat62","A_cluster1_feat63","A_cluster1_feat64","A_cluster1_feat65","A_cluster1_feat66","A_cluster1_feat67","A_cluster1_feat68","A_cluster1_feat69","A_cluster1_feat70","A_cluster1_feat71","A_cluster1_feat72","A_cluster1_feat73","A_cluster1_feat74","A_cluster1_feat75","A_cluster1_feat76","A_cluster2_feat1","A_cluster2_feat2","A_cluster2_feat3","A_cluster2_feat4","A_cluster2_feat5","A_cluster2_feat6","A_cluster2_feat7","A_cluster2_feat8","A_cluster2_feat9","A_cluster2_feat10","A_cluster2_feat11","A_cluster2_feat12","A_cluster2_feat13","A_cluster2_feat14","A_cluster2_feat15","A_cluster2_feat16","A_cluster2_feat17","A_cluster2_feat18","A_cluster2_feat19","A_cluster2_feat20","A_cluster2_feat21","A_cluster2_feat22","A_cluster2_feat23","A_cluster2_feat24","A_cluster2_feat25","A_cluster2_feat26","A_cluster2_feat27","A_cluster2_feat46","A_cluster2_feat47","A_cluster2_feat48","A_cluster2_feat49","A_cluster2_feat50","A_cluster2_feat51","A_cluster2_feat52","A_cluster2_feat53","A_cluster2_feat54","A_cluster2_feat55","A_cluster2_feat56","A_cluster2_feat57","A_cluster2_feat58","A_cluster2_feat59","A_cluster2_feat60","A_cluster2_feat61","A_cluster2_feat62","A_cluster2_feat63","A_cluster2_feat64","A_cluster2_feat65","A_cluster2_feat66","A_cluster2_feat67","A_cluster2_feat68","A_cluster2_feat69","A_cluster2_feat70","A_cluster2_feat71","A_cluster2_feat72","A_cluster2_feat73","A_cluster2_feat74","A_cluster2_feat75","A_cluster2_feat76","A_cluster3_feat1","A_cluster3_feat2","A_cluster3_feat3","A_cluster3_feat4","A_cluster3_feat5","A_cluster3_feat6","A_cluster3_feat7","A_cluster3_feat8","A_cluster3_feat9","A_cluster3_feat10","A_cluster3_feat11","A_cluster3_feat12","A_cluster3_feat13","A_cluster3_feat14","A_cluster3_feat15","A_cluster3_feat16","A_cluster3_feat17","A_cluster3_feat18","A_cluster3_feat19","A_cluster3_feat20","A_cluster3_feat21","A_cluster3_feat22","A_cluster3_feat23","A_cluster3_feat24","A_cluster3_feat25","A_cluster3_feat26","A_cluster3_feat27","A_cluster3_feat46","A_cluster3_feat47","A_cluster3_feat48","A_cluster3_feat49","A_cluster3_feat50","A_cluster3_feat51","A_cluster3_feat52","A_cluster3_feat53","A_cluster3_feat54","A_cluster3_feat55","A_cluster3_feat56","A_cluster3_feat57","A_cluster3_feat58","A_cluster3_feat59","A_cluster3_feat60","A_cluster3_feat61","A_cluster3_feat62","A_cluster3_feat63","A_cluster3_feat64","A_cluster3_feat65","A_cluster3_feat66","A_cluster3_feat67","A_cluster3_feat68","A_cluster3_feat69","A_cluster3_feat70","A_cluster3_feat71","A_cluster3_feat72","A_cluster3_feat73","A_cluster3_feat74","A_cluster3_feat75","A_cluster3_feat76","A_cluster4_feat1","A_cluster4_feat2","A_cluster4_feat3","A_cluster4_feat4","A_cluster4_feat5","A_cluster4_feat6","A_cluster4_feat7","A_cluster4_feat8","A_cluster4_feat9","A_cluster4_feat10","A_cluster4_feat11","A_cluster4_feat12","A_cluster4_feat13","A_cluster4_feat14","A_cluster4_feat15","A_cluster4_feat16","A_cluster4_feat17","A_cluster4_feat18","A_cluster4_feat19","A_cluster4_feat20","A_cluster4_feat21","A_cluster4_feat22","A_cluster4_feat23","A_cluster4_feat24","A_cluster4_feat25","A_cluster4_feat26","A_cluster4_feat27","A_cluster4_feat46","A_cluster4_feat47","A_cluster4_feat48","A_cluster4_feat49","A_cluster4_feat50","A_cluster4_feat51","A_cluster4_feat52","A_cluster4_feat53","A_cluster4_feat54","A_cluster4_feat55","A_cluster4_feat56","A_cluster4_feat57","A_cluster4_feat58","A_cluster4_feat59","A_cluster4_feat60","A_cluster4_feat61","A_cluster4_feat62","A_cluster4_feat63","A_cluster4_feat64","A_cluster4_feat65","A_cluster4_feat66","A_cluster4_feat67","A_cluster4_feat68","A_cluster4_feat69","A_cluster4_feat70","A_cluster4_feat71","A_cluster4_feat72","A_cluster4_feat73","A_cluster4_feat74","A_cluster4_feat75","A_cluster4_feat76","A_cluster5_feat1","A_cluster5_feat2","A_cluster5_feat3","A_cluster5_feat4","A_cluster5_feat5","A_cluster5_feat6","A_cluster5_feat7","A_cluster5_feat8","A_cluster5_feat9","A_cluster5_feat10","A_cluster5_feat11","A_cluster5_feat12","A_cluster5_feat13","A_cluster5_feat14","A_cluster5_feat15","A_cluster5_feat16","A_cluster5_feat17","A_cluster5_feat18","A_cluster5_feat19","A_cluster5_feat20","A_cluster5_feat21","A_cluster5_feat22","A_cluster5_feat23","A_cluster5_feat24","A_cluster5_feat25","A_cluster5_feat26","A_cluster5_feat27","A_cluster5_feat46","A_cluster5_feat47","A_cluster5_feat48","A_cluster5_feat49","A_cluster5_feat50","A_cluster5_feat51","A_cluster5_feat52","A_cluster5_feat53","A_cluster5_feat54","A_cluster5_feat55","A_cluster5_feat56","A_cluster5_feat57","A_cluster5_feat58","A_cluster5_feat59","A_cluster5_feat60","A_cluster5_feat61","A_cluster5_feat62","A_cluster5_feat63","A_cluster5_feat64","A_cluster5_feat65","A_cluster5_feat66","A_cluster5_feat67","A_cluster5_feat68","A_cluster5_feat69","A_cluster5_feat70","A_cluster5_feat71","A_cluster5_feat72","A_cluster5_feat73","A_cluster5_feat74","A_cluster5_feat75","A_cluster5_feat76","A_cluster6_feat1","A_cluster6_feat2","A_cluster6_feat3","A_cluster6_feat4","A_cluster6_feat5","A_cluster6_feat6","A_cluster6_feat7","A_cluster6_feat8","A_cluster6_feat9","A_cluster6_feat10","A_cluster6_feat11","A_cluster6_feat12","A_cluster6_feat13","A_cluster6_feat14","A_cluster6_feat15","A_cluster6_feat16","A_cluster6_feat17","A_cluster6_feat18","A_cluster6_feat19","A_cluster6_feat20","A_cluster6_feat21","A_cluster6_feat22","A_cluster6_feat23","A_cluster6_feat24","A_cluster6_feat25","A_cluster6_feat26","A_cluster6_feat27","A_cluster6_feat46","A_cluster6_feat47","A_cluster6_feat48","A_cluster6_feat49","A_cluster6_feat50","A_cluster6_feat51","A_cluster6_feat52","A_cluster6_feat53","A_cluster6_feat54","A_cluster6_feat55","A_cluster6_feat56","A_cluster6_feat57","A_cluster6_feat58","A_cluster6_feat59","A_cluster6_feat60","A_cluster6_feat61","A_cluster6_feat62","A_cluster6_feat63","A_cluster6_feat64","A_cluster6_feat65","A_cluster6_feat66","A_cluster6_feat67","A_cluster6_feat68","A_cluster6_feat69","A_cluster6_feat70","A_cluster6_feat71","A_cluster6_feat72","A_cluster6_feat73","A_cluster6_feat74","A_cluster6_feat75","A_cluster6_feat76"
"H11-02415 - 1",0,0,0,0,0,0,0,0,0,0,0,0,0,0,0,0,0,0,0,0,0,0,0,0,0,0,0,0,0,0,0,0,0,0,0,0,0,0,0,0,0,0,0,0,0,0,0,0,0,0,0,0,0,0,0,0,0,0,0.22830851349736,1.99393707492571,6128.6277178596,0.000195374924895359,0.00170159466372571,1.99393707163194,0.000626581857572056,0.00546193408590227,7.21860563053804,0.783744863762325,2.21040196258844,21824.3069036147,0.000187568759001107,0.00125953295572322,2.21040197680978,0.000647033030733456,0.00290788175595243,9.0888286969241,3.19845890934091,5.43791711886828,119205.29059915,0.000409622747079423,0.000747165663788492,5.43791707824258,0.00159063187945938,0.00292720437573258,23.77939044728,437.024648965157,0.909528319595264,0.770877813206741,0.899027438233321,1629.89630514004,0.74798221242072,0.800416587112744,0.720185381347898,2085.52718813935,0.629901728293493,0.888749577582066,0.55015871544101,0.114600857307272,2858.94117647059,0.333193126565948,8096.76470588235,0.55220601612678,14118.5882352941,37.1176470588235,2.28329056413793,1.05490127666711,81.982969024499,25074.2941176471,562.78902222368,1.3990125178805,193.235964212326,137.004377233998,25054.9705882353,64.7198427343062,0.530753899049658,25054.9705882353,0,0,0,0,0,0,0,0,0,0,0,0,0,0,0,0,0,0,0,0,0,0,0,0,0,0,0,0,0,0,0,0,0,0,0,0,0,0,0,0,0,0,0,0,0,0,0,0,0,0,0,0,0,0,0,0,0,0,0,0,0,0,0,0,0,0,0,0,0,0,0,0,0,0,0,0,0,0,0,0,0,0,0,0,0,0,0,0,0,0,0,0,0,0,0,0,0,0,0,0,0,0,0,0,0,0,0,0,0,0,0,0,0,0,0,0,0,0,0,0,0,0,0,0,0,0,0,0,0,0,0,0,0,0,0,0,0,0,0,0,0,0,0,0,0,0,0,0,0,0,0,0,0,0,0,0,0,0,0,0,0,0,0,0,0,0,0,0,0,0,0,0,0,0,0,0,0,0,0,0,0,0,0,0,0,0,0,0,0,0,0,0,0,0,0,0,0,0,0,0,0,0,0,0,0,0,0,0,0,0,0,0,0,0,0,0,0,0,0,0,0,0,0,0,0,0,0,0,0,0,0,0
"H11-11431 - 1",0.166541098703059,1.48790594426792,177938.671875,1.39260057369456e-06,1.24417257225227e-05,1.48790597915649,9.53504903155629e-06,8.51877178871888e-05,10.1875991821289,0.530956726975947,1.93824013017408,567293.8125,1.81408933842503e-06,6.62227367469744e-06,1.93824017047882,1.08453739440502e-05,3.95906821349204e-05,11.5875988006592,8.88207446952885,14.4627957729951,9489937,1.35364052454592e-05,2.20415022681025e-05,14.4627962112427,9.61979493075004e-05,0.00015664035461404,102.781448364258,589.099962638549,0.936422166608209,0.704133920479088,0.930549858296458,1214.80777603279,0.858267371117022,0.826083264537277,0.843145316885008,1257.69746040083,0.774910626990905,0.934592235571274,0.677390366925642,0.111929856416429,119590,0.273937536794402,292685,0.61413260678917,656162,3357,2.72966467359864,1.59001815739978,35.6240691093238,1068437,5302.16410205479,2.99444728223958,2110.08383171302,704.665546870095,1068357.5,315.336328386058,0.864306516810242,1068357.5,0.161902193019568,1.44936609456493,5442.08617446002,8.53725531671314e-05,0.00077221362651507,1.44936609268188,0.000296877084198811,0.00268324035527307,5.37446459601907,0.658503035569336,1.91192018351175,18932.0797047335,0.000118838660313131,0.000357470152713891,1.91192018284517,0.000434894327504246,0.00129194745694895,7.57191144718843,4.61274301002904,8.08741459743219,200657.867819393,0.000398663524472016,0.000772873558011231,8.08741460126989,0.00149320841806218,0.00287118580808973,33.1020566154929,718.541074588197,0.903092945826636,0.694909285379133,0.895235882026461,1964.04065070667,0.739273352293778,0.794359741321432,0.717808080549755,2076.75026002802,0.652213360338799,0.902322444526382,0.54945935883367,0.111620836807863,3786.94117647059,0.329678878371944,10025.0588235294,0.558700284820193,20131.6470588235,101.235294117647,2.66124674515671,1.38651777086319,45.5287755302866,33943.6470588235,672.460098481134,1.52889289860366,243.237251197398,153.931741713999,33915.3235294118,75.0642829745717,0.565865125326374,33915.3235294118,0,0,0,0,0,0,0,0,0,0,0,0,0,0,0,0,0,0,0,0,0,0,0,0,0,0,0,0,0,0,0,0,0,0,0,0,0,0,0,0,0,0,0,0,0,0,0,0,0,0,0,0,0,0,0,0,0,0,0,0,0,0,0,0,0,0,0,0,0,0,0,0,0,0,0,0,0,0,0,0,0,0,0,0,0,0,0,0,0,0,0,0,0,0,0,0,0,0,0,0,0,0,0,0,0,0,0,0,0,0,0,0,0,0,0,0,0,0,0,0,0,0,0,0,0,0,0,0,0,0,0,0,0,0,0,0,0,0,0,0,0,0,0,0,0,0,0,0,0,0,0,0,0,0,0,0,0,0,0,0,0,0,0,0,0,0,0,0,0,0,0,0,0,0,0,0,0,0,0,0,0,0,0,0,0,0,0,0,0,0,0,0,0,0,0,0,0,0,0,0,0,0,0,0,0,0,0,0,0,0,0,0,0,0,0,0,0,0,0,0,0,0,0,0,0,0,0,0,0,0,0,0
"H11-15201 - 2",0,0,0,0,0,0,0,0,0,0,0,0,0,0,0,0,0,0,0,0,0,0,0,0,0,0,0,0,0,0,0,0,0,0,0,0,0,0,0,0,0,0,0,0,0,0,0,0,0,0,0,0,0,0,0,0,0,0,0.200854796508544,1.77757807006516,9593.14522007534,9.85550875118185e-05,0.000877592284262578,1.77757807288851,0.000333408732991842,0.00296816228504129,6.93820684296744,1.00081657775801,2.45550443875894,59263.4603097098,0.000124135876067405,0.000331315065951044,2.45550445147923,0.000501843123472225,0.00133021850680108,11.4346631595067,2.90600960263783,6.0381251508488,166420.382114955,0.000290027176680031,0.000593042732393247,6.03812519141606,0.00118425038190029,0.00241781018017482,28.0523821966989,554.962257750168,0.905486625498691,0.737259799445744,0.896473551099537,1919.40712590232,0.693921472270183,0.819287519519693,0.661367039208775,2091.62471377224,0.674306707389466,0.895761946104865,0.594807516758989,0.112965471715661,5303.78571428571,0.394701956072173,20072.4285714286,0.492332572212166,21318.9285714286,88,2.65875050925443,1.39227316288607,61.3124530901501,46695.1428571429,741.068469978598,1.4350764171695,262.058479481472,178.820085301352,46665.75,89.3076180144229,0.452868201818679,46665.75,0,0,0,0,0,0,0,0,0,0,0,0,0,0,0,0,0,0,0,0,0,0,0,0,0,0,0,0,0,0,0,0,0,0,0,0,0,0,0,0,0,0,0,0,0,0,0,0,0,0,0,0,0,0,0,0,0,0,0,0,0,0,0,0,0,0,0,0,0,0,0,0,0,0,0,0,0,0,0,0,0,0,0,0,0,0,0,0,0,0,0,0,0,0,0,0,0,0,0,0,0,0,0,0,0,0,0,0,0,0,0,0,0,0,0,0,0,0,0,0,0,0,0,0,0,0,0,0,0,0,0,0,0,0,0,0,0,0,0,0,0,0,0,0,0,0,0,0,0,0,0,0,0,0,0,0,0,0,0,0,0,0,0,0,0,0,0,0,0,0,0,0,0,0,0,0,0,0,0,0,0,0,0,0,0,0,0,0,0,0,0,0,0,0,0,0,0,0,0,0,0,0,0,0,0,0,0,0,0,0,0,0,0,0,0,0,0,0,0,0,0,0,0,0,0,0,0,0,0,0,0,0
"H12-05837 - 1",0,0,0,0,0,0,0,0,0,0,0,0,0,0,0,0,0,0,0,0,0,0,0,0,0,0,0,0,0,0,0,0,0,0,0,0,0,0,0,0,0,0,0,0,0,0,0,0,0,0,0,0,0,0,0,0,0,0,0.172432283033531,1.52482920327731,11159.8146680196,0.000660733947561885,0.00504357191785638,1.52482920487722,0.00101192560674987,0.00791722480680224,6.0489931344986,0.927592874179584,2.26035686867576,61314.48203125,0.000101743467232137,0.000257144158013637,2.26035686333974,0.000410482325839547,0.00104250077501265,10.2627394358317,3.04007843126954,5.99396103496927,276607.559229533,0.00109780225852843,0.00149042681382853,5.99396107991536,0.0031377268412097,0.0045566253872568,28.9970043182373,686.338365318892,0.915650180245354,0.699420543960504,0.907110811231102,1671.72563725487,0.736693818831118,0.844255502923858,0.708890856625891,2113.16346937486,0.706023346370275,0.887430709441825,0.64462425605917,0.113556754654497,6803.86666666667,0.370900150732449,23049.1333333333,0.515543094613054,30656.2,133.6,2.61351042342039,1.28302175991316,46.2477692460833,60509.2,923.728842629862,2.35255635471102,350.159816850244,175.441768407685,60472.8666666667,80.0062374829863,0.499965689947928,60472.8666666667,0,0,0,0,0,0,0,0,0,0,0,0,0,0,0,0,0,0,0,0,0,0,0,0,0,0,0,0,0,0,0,0,0,0,0,0,0,0,0,0,0,0,0,0,0,0,0,0,0,0,0,0,0,0,0,0,0,0,0,0,0,0,0,0,0,0,0,0,0,0,0,0,0,0,0,0,0,0,0,0,0,0,0,0,0,0,0,0,0,0,0,0,0,0,0,0,0,0,0,0,0,0,0,0,0,0,0,0,0,0,0,0,0,0,0,0,0,0,0,0,0,0,0,0,0,0,0,0,0,0,0,0,0,0,0,0,0,0,0,0,0,0,0,0,0,0,0,0,0,0,0,0,0,0,0,0,0,0,0,0,0,0,0,0,0,0,0,0,0,0,0,0,0,0,0,0,0,0,0,0,0,0,0,0,0,0,0,0,0,0,0,0,0,0,0,0,0,0,0,0,0,0,0,0,0,0,0,0,0,0,0,0,0,0,0,0,0,0,0,0,0,0,0,0,0,0,0,0,0,0,0,0
"H12-05837 - 2",0,0,0,0,0,0,0,0,0,0,0,0,0,0,0,0,0,0,0,0,0,0,0,0,0,0,0,0,0,0,0,0,0,0,0,0,0,0,0,0,0,0,0,0,0,0,0,0,0,0,0,0,0,0,0,0,0,0,0.181300638147632,1.57856216953064,13542.7908691406,8.97117770207542e-05,0.000779832166869075,1.5785621881485,0.000337841119016052,0.00293516762845257,6.71503982543945,1.18948651202781,2.61226745492575,85507.3684570312,0.000126585011805293,0.000363277698800516,2.61226739883423,0.000463076266659009,0.00126858861854228,11.2719389915466,5.47002821657726,11.4797606907343,842343.9359375,0.000295373934017177,0.000642860246541663,11.4797608375549,0.00117756736344501,0.00254736779574533,44.8945747375488,666.528105922208,0.905932004258288,0.708031810337733,0.8958503591866,1730.80627294315,0.683219365298526,0.835834027249092,0.648749515033971,1630.36884577501,0.74339498483105,0.915009847677947,0.649585619008029,0.114784076371141,8840,0.432025556504097,31990.4,0.453190367124763,35707.8,166,2.63804173485146,1.2705376083158,56.0282490633276,76538.2,982.834631460406,1.78992231676316,363.564433256865,215.7075036366,76497.8,106.210886887425,0.533621603534543,76497.8,0,0,0,0,0,0,0,0,0,0,0,0,0,0,0,0,0,0,0,0,0,0,0,0,0,0,0,0,0,0,0,0,0,0,0,0,0,0,0,0,0,0,0,0,0,0,0,0,0,0,0,0,0,0,0,0,0,0,0,0,0,0,0,0,0,0,0,0,0,0,0,0,0,0,0,0,0,0,0,0,0,0,0,0,0,0,0,0,0,0,0,0,0,0,0,0,0,0,0,0,0,0,0,0,0,0,0,0,0,0,0,0,0,0,0,0,0,0,0,0,0,0,0,0,0,0,0,0,0,0,0,0,0,0,0,0,0,0,0,0,0,0,0,0,0,0,0,0,0,0,0,0,0,0,0,0,0,0,0,0,0,0,0,0,0,0,0,0,0,0,0,0,0,0,0,0,0,0,0,0,0,0,0,0,0,0,0,0,0,0,0,0,0,0,0,0,0,0,0,0,0,0,0,0,0,0,0,0,0,0,0,0,0,0,0,0,0,0,0,0,0,0,0,0,0,0,0,0,0,0,0,0
"H12-06008 - 1",0,0,0,0,0,0,0,0,0,0,0,0,0,0,0,0,0,0,0,0,0,0,0,0,0,0,0,0,0,0,0,0,0,0,0,0,0,0,0,0,0,0,0,0,0,0,0,0,0,0,0,0,0,0,0,0,0,0,0.184945964166217,1.63234373793912,3804.62764115767,0.000107791634520174,0.000941550809402736,1.63234374739907,0.000378730064088446,0.00332455022963126,6.19577256116,0.767660558578922,2.13732618899105,15253.3136763139,0.000141339940845087,0.000442079370893224,2.13732616467909,0.000562683921021406,0.00165681073693664,8.9023268439553,2.63299410807713,4.68347603195166,54617.1357865767,0.000302196887352254,0.000594924796935811,4.68347594954751,0.00138480126528146,0.00269850790796593,22.0779431082986,677.707195079428,0.908467773405938,0.727694567630286,0.899200854498829,1757.00274367034,0.750083008390516,0.81404923119021,0.722239173471013,2058.06146001814,0.637198091620695,0.895551796103685,0.567588845648075,0.113191536745467,2354.27272727273,0.341454368220811,6997.45454545455,0.545354095033723,11532,52.9090909090909,2.43193286263062,1.09763750566924,49.3098676686438,20883.7272727273,564.185668039576,1.73777331228025,207.931475678689,124.317766707281,20865.2272727273,62.0161087996457,0.558823961960064,20865.2272727273,0,0,0,0,0,0,0,0,0,0,0,0,0,0,0,0,0,0,0,0,0,0,0,0,0,0,0,0,0,0,0,0,0,0,0,0,0,0,0,0,0,0,0,0,0,0,0,0,0,0,0,0,0,0,0,0,0,0,0,0,0,0,0,0,0,0,0,0,0,0,0,0,0,0,0,0,0,0,0,0,0,0,0,0,0,0,0,0,0,0,0,0,0,0,0,0,0,0,0,0,0,0,0,0,0,0,0,0,0,0,0,0,0,0,0,0,0,0,0,0,0,0,0,0,0,0,0,0,0,0,0,0,0,0,0,0,0,0,0,0,0,0,0,0,0,0,0,0,0,0,0,0,0,0,0,0,0,0,0,0,0,0,0,0,0,0,0,0,0,0,0,0,0,0,0,0,0,0,0,0,0,0,0,0,0,0,0,0,0,0,0,0,0,0,0,0,0,0,0,0,0,0,0,0,0,0,0,0,0,0,0,0,0,0,0,0,0,0,0,0,0,0,0,0,0,0,0,0,0,0,0,0
"H12-09036 - 1",0.218297281600918,1.81684786287444,73813.078125,5.37320719016531e-06,4.47202087384691e-05,1.81684792041779,3.54800318548818e-05,0.000295293736951364,11.9968986511231,1.60183054053015,3.60091854814047,541628.5625,1.06494776622606e-05,2.39400490075249e-05,3.60091853141785,5.08311786697472e-05,0.000114268600494504,17.1875972747803,18.2398168165593,41.9297538921749,6167447.5,0.000124004460844624,0.000285061882859838,41.9297523498535,0.000337092607809663,0.000774909651038745,113.981460571289,293.029405506785,0.919541027313608,0.756087653593437,0.905392708538129,620.644616148403,0.724207844501414,0.925343450064233,0.685480865951652,257.930873615029,0.898490360926515,0.988836760165144,0.712575330912596,0.12015165719795,40627,0.444839426139573,150414,0.435008916662477,147090,585,2.43021641867315,1.13746972236302,69.4478632478633,338131,2787.64188181659,2.01018136314632,960.963066420744,478.047943354053,338035,208.201825160108,0.554433006134231,338035,0.169056805774556,1.50524750873972,5542.40524291992,6.92743772557747e-05,0.000616411980764252,1.50524749358495,0.000226742272497477,0.0020139652376994,5.0799748301506,2.75927228119485,4.01660507304093,90516.9464518229,0.00017701010931892,0.000268112316237251,4.01660509904226,0.000720499601843608,0.00110570109232919,16.6224811871847,1.922438468047,8.23252728953396,98519.0024007161,0.000326509120157159,0.00163046595043438,8.23252735535304,0.00104911443926926,0.00513262156854026,26.6332052548726,433.558979801409,0.911213334902354,0.714880745116374,0.897893759961563,1247.06958373147,0.538361503974166,0.880793522287731,0.468244145927257,706.972886562393,0.890477722636193,0.941569323445331,0.834279678938059,0.11213550939592,3545.08333333333,0.677983164732142,21196,0.209881325871938,6857.91666666667,79.5,2.60517997631108,1.249676088077,49.5144998916406,31599,662.381977099045,1.40031366546086,228.381539848189,160.244542315679,31574.7083333333,78.4749053572244,0.351137016064139,31574.7083333333,0,0,0,0,0,0,0,0,0,0,0,0,0,0,0,0,0,0,0,0,0,0,0,0,0,0,0,0,0,0,0,0,0,0,0,0,0,0,0,0,0,0,0,0,0,0,0,0,0,0,0,0,0,0,0,0,0,0,0,0,0,0,0,0,0,0,0,0,0,0,0,0,0,0,0,0,0,0,0,0,0,0,0,0,0,0,0,0,0,0,0,0,0,0,0,0,0,0,0,0,0,0,0,0,0,0,0,0,0,0,0,0,0,0,0,0,0,0,0,0,0,0,0,0,0,0,0,0,0,0,0,0,0,0,0,0,0,0,0,0,0,0,0,0,0,0,0,0,0,0,0,0,0,0,0,0,0,0,0,0,0,0,0,0,0,0,0,0,0,0,0,0,0,0,0,0,0,0,0,0,0,0,0,0,0,0,0,0,0,0,0,0,0,0,0,0,0,0,0,0,0,0,0,0,0,0,0,0,0,0,0,0,0,0,0,0,0,0,0,0,0,0,0,0,0,0,0,0,0,0,0,0
"H12-12801 - 2",0,0,0,0,0,0,0,0,0,0,0,0,0,0,0,0,0,0,0,0,0,0,0,0,0,0,0,0,0,0,0,0,0,0,0,0,0,0,0,0,0,0,0,0,0,0,0,0,0,0,0,0,0,0,0,0,0,0,0.20308960009528,1.81097596344451,10348.7346484375,8.1221993607585e-05,0.00072665991116413,1.81097596645355,0.000294612932054695,0.00263828836019541,7.35491579055786,0.857355335068337,2.26161030984685,41453.7837670898,9.12115499028196e-05,0.000353668955189041,2.26161029815674,0.000379845028059478,0.00132664829153026,10.8479390335083,4.84671041690523,8.28736897153398,390674.473632812,0.000259797800341916,0.000478437486378102,8.28736899375916,0.00110621125227795,0.00206033626707842,37.5034429931641,582.990206753063,0.908910978042644,0.731234603435445,0.900953006899417,1753.46206057625,0.749739111689359,0.81158412756386,0.725118285823197,2022.65057435802,0.671213125475907,0.89835481836476,0.563170726466689,0.112139338267505,5703.16,0.333872548893497,15873.24,0.553988112838999,29091.68,103.12,2.51883779688807,1.26375844674455,56.1696648920571,50668.08,825.20432273039,1.49586861594059,295.304832473308,190.03260866603,50636.84,90.6415051218322,0.560687158132931,50636.84,0,0,0,0,0,0,0,0,0,0,0,0,0,0,0,0,0,0,0,0,0,0,0,0,0,0,0,0,0,0,0,0,0,0,0,0,0,0,0,0,0,0,0,0,0,0,0,0,0,0,0,0,0,0,0,0,0,0,0,0,0,0,0,0,0,0,0,0,0,0,0,0,0,0,0,0,0,0,0,0,0,0,0,0,0,0,0,0,0,0,0,0,0,0,0,0,0,0,0,0,0,0,0,0,0,0,0,0,0,0,0,0,0,0,0,0,0,0,0,0,0,0,0,0,0,0,0,0,0,0,0,0,0,0,0,0,0,0,0,0,0,0,0,0,0,0,0,0,0,0,0,0,0,0,0,0,0,0,0,0,0,0,0,0,0,0,0,0,0,0,0,0,0,0,0,0,0,0,0,0,0,0,0,0,0,0,0,0,0,0,0,0,0,0,0,0,0,0,0,0,0,0,0,0,0,0,0,0,0,0,0,0,0,0,0,0,0,0,0,0,0,0,0,0,0,0,0,0,0,0,0,0
"H12-15143 - 1",0.233448030772375,2.07412809001244,74071.8125,6.5928717269977e-06,5.85356693012223e-05,2.07412803173065,3.96158144426731e-05,0.000352020520629068,12.5891485214233,0.261881544779375,1.67044280935542,88321.5654296875,5.22827479235761e-06,4.91986370498881e-05,1.67044281959534,2.52850117917182e-05,0.000218532009341879,8.19225001335144,18.5278517471382,24.9201773544245,5821924.75,7.92470771602847e-05,0.000106674922320352,24.9201774597168,0.000338745816852946,0.000458793955818575,107.128707885742,649.128867525629,0.91388600354691,0.756264793161203,0.904298475077596,1010.55597463633,0.881842021587327,0.789251594599064,0.868901894332417,1187.75158953468,0.728732078687419,0.953392452858181,0.475815326722342,0.112544227067326,35741.5,0.145038730796541,48477,0.742417042136132,233597.5,552,2.50358973900522,1.17890646223887,66.7451970188393,317816,2442.04085374294,1.91246693104728,908.683801141288,476.948741533004,317738.5,220.953821248975,0.668305067800721,317738.5,0.222738206269529,1.96965431729641,17110.0965504366,9.59430591152525e-05,0.000838697639804412,1.96965430764591,0.00033814069557769,0.00295939493703209,8.13643505994011,0.54322625798996,1.9038029648775,39991.020206227,9.17945297335061e-05,0.000352459481065885,1.90380296987646,0.000358508766794361,0.00132409392803761,8.4173290308784,5.83779216077883,9.1616144876093,667162.560834099,0.000299410332408164,0.000500316505661096,9.16161458632525,0.00128843382368992,0.00215566928951524,41.6377587037928,537.857969587948,0.909685552570049,0.741530178866081,0.900252034247445,1676.46793745317,0.787494582802505,0.785022753371433,0.766553740351999,1980.86511591367,0.643010409830867,0.906581838164781,0.519425641681446,0.113239556780926,8010.52941176471,0.272931378560999,18839.3529411765,0.613829064658075,45503.8823529412,145.941176470588,2.6073805032256,1.2422352907461,63.7932181554856,72353.7647058823,904.703365031431,1.53456063511663,331.068927001172,197.910544382829,72315.4117647059,95.1845258911828,0.518764934922535,72315.4117647059,0,0,0,0,0,0,0,0,0,0,0,0,0,0,0,0,0,0,0,0,0,0,0,0,0,0,0,0,0,0,0,0,0,0,0,0,0,0,0,0,0,0,0,0,0,0,0,0,0,0,0,0,0,0,0,0,0,0,0,0,0,0,0,0,0,0,0,0,0,0,0,0,0,0,0,0,0,0,0,0,0,0,0,0,0,0,0,0,0,0,0,0,0,0,0,0,0,0,0,0,0,0,0,0,0,0,0,0,0,0,0,0,0,0,0,0,0.194616988552706,1.75849177856185,284582,1.20257911484829e-06,1.08660888356013e-05,1.75849175453186,7.24265824882606e-06,6.54421542549179e-05,10.5907001495361,0.850747760155977,2.37023531440352,1244020.375,1.62093188500914e-06,4.51601541141515e-06,2.37023520469665,9.16173193380779e-06,2.55251457454655e-05,13.3968982696533,31.5432379996266,59.4709218742546,46124636,4.06703567561493e-05,7.66789893057792e-05,59.4709205627441,0.000207879422654387,0.000391931256521304,303.975219726562,683.54572644005,0.916199599786237,0.717740351759823,0.906405503887418,1476.27350708153,0.759422542967505,0.852129222414167,0.725035937239986,1231.46012684638,0.773653808028216,0.946323916421951,0.619652622482383,0.110672674689369,161833,0.358929661956401,524851,0.53039766335423,775583,3786,2.56609762033705,1.24671130100534,42.7451135763339,1462267,4762.06969364581,1.09851597988394,1453.41954894097,1323.07547232451,1462090.5,576.064232529672,0.530413003135134,1462090.5,0,0,0,0,0,0,0,0,0,0,0,0,0,0,0,0,0,0,0,0,0,0,0,0,0,0,0,0,0,0,0,0,0,0,0,0,0,0,0,0,0,0,0,0,0,0,0,0,0,0,0,0,0,0,0,0,0,0
"H13-03641 - 1",0.218547436643899,1.93658428832402,111574.3671875,3.79330424098563e-06,3.36130842197673e-05,1.93658423423767,2.07446425939003e-05,0.000183821643168954,10.5907001495361,0.299031564442233,1.85215271458902,152663.6875,3.62792311707817e-06,2.24707637875956e-05,1.85215270519257,1.8785882332445e-05,0.000116356689712298,9.59070014953613,24.7292914968258,34.0765989721664,12624971,6.67478882039417e-05,9.19776055394338e-05,34.0765991210938,0.000255030759393679,0.000351428625221267,130.200088500977,512.081461613954,0.930624464963745,0.762238432419244,0.924004716811808,873.251605924076,0.903578917887732,0.823642025109547,0.893465810251542,920.592674086631,0.812606665364756,0.964478188287037,0.58321668742544,0.112852013703487,57614,0.161450814550455,82425,0.725697171746059,370488,738,2.66062470161712,1.50406132641048,78.0677506775068,510527,4025.53145495419,2.06293681525212,1284.25372193269,622.536624698192,510340.5,202.714084365147,0.673158875042584,510340.5,0.185722046944027,1.63172601414103,3949.14534166124,0.000139870635332159,0.00122936159265664,1.63172602653503,0.000486973319172735,0.0042817916298951,5.98527201016744,0.743390541798804,2.06626945085378,11372.5539822049,0.000188206172600768,0.0012621808917761,2.06626947058572,0.000676730494860196,0.00284024534915395,7.80680523316065,4.83305097836454,8.24010881447945,142781.328776042,0.000619202126151213,0.00123654544515242,8.24010874165429,0.00223817469553128,0.00442996218701135,30.5186059739855,612.288046435763,0.905796305770343,0.717629967033389,0.897331701063969,1747.18311349915,0.736561561552297,0.800061287390082,0.710566445186271,1970.05247768756,0.713135356725942,0.912176875248735,0.576274093524723,0.113772679671462,2279.16666666667,0.335712828095214,5331.88888888889,0.550514492233324,12406.5555555556,39.2777777777778,2.75688764747743,1.44976208726511,53.989822038565,20017.6111111111,521.54304519535,1.53978372000171,191.471276146837,115.889882028717,19995.2222222222,57.5648801339499,0.600062907189042,19995.2222222222,0,0,0,0,0,0,0,0,0,0,0,0,0,0,0,0,0,0,0,0,0,0,0,0,0,0,0,0,0,0,0,0,0,0,0,0,0,0,0,0,0,0,0,0,0,0,0,0,0,0,0,0,0,0,0,0,0,0,0,0,0,0,0,0,0,0,0,0,0,0,0,0,0,0,0,0,0,0,0,0,0,0,0,0,0,0,0,0,0,0,0,0,0,0,0,0,0,0,0,0,0,0,0,0,0,0,0,0,0,0,0,0,0,0,0,0,0,0,0,0,0,0,0,0,0,0,0,0,0,0,0,0,0,0,0,0,0,0,0,0,0,0,0,0,0,0,0,0,0,0,0,0,0,0,0,0,0,0,0,0,0,0,0,0,0,0,0,0,0,0,0,0,0,0,0,0,0,0,0,0,0,0,0,0,0,0,0,0,0,0,0,0,0,0,0,0,0,0,0,0,0,0,0,0,0,0,0,0,0,0,0,0,0,0,0,0,0,0,0,0,0,0,0,0,0,0,0,0,0,0,0,0
"H13-04616 - 1",0,0,0,0,0,0,0,0,0,0,0,0,0,0,0,0,0,0,0,0,0,0,0,0,0,0,0,0,0,0,0,0,0,0,0,0,0,0,0,0,0,0,0,0,0,0,0,0,0,0,0,0,0,0,0,0,0,0,0.179688962028291,1.6004358717284,8723.32059126634,0.000127709294403216,0.00126840184598756,1.60043587592932,0.00037823950192177,0.00359767921532886,6.3113305752094,1.06169786685308,2.43531237490626,79054.5144688533,0.000127688821863607,0.000524501511386907,2.43531238574248,0.000489239317789451,0.00166238004874172,11.677341057704,3.47072490774984,7.08142147248023,189175.818791316,0.000414975166302105,0.000785788608832777,7.081421485314,0.0015089452675292,0.00289269232588891,30.4495536364042,743.656758221354,0.904608293977082,0.709351662806949,0.895031337396694,1768.07270741243,0.709966589850786,0.819221010681514,0.679331792436482,2054.83385650915,0.693015525615339,0.902948365487693,0.587924179761797,0.111833423543339,5349.88461538462,0.377349750290904,22952.2307692308,0.510816826165756,19358.7307692308,116.192307692308,2.75787426463473,1.48127264251339,52.0844377641167,47660.8461538462,741.359200104657,1.6798306568324,270.362733834781,165.748341973227,47634.3846153846,82.3521143739254,0.527113649082228,47634.3846153846,0,0,0,0,0,0,0,0,0,0,0,0,0,0,0,0,0,0,0,0,0,0,0,0,0,0,0,0,0,0,0,0,0,0,0,0,0,0,0,0,0,0,0,0,0,0,0,0,0,0,0,0,0,0,0,0,0,0,0,0,0,0,0,0,0,0,0,0,0,0,0,0,0,0,0,0,0,0,0,0,0,0,0,0,0,0,0,0,0,0,0,0,0,0,0,0,0,0,0,0,0,0,0,0,0,0,0,0,0,0,0,0,0,0,0,0,0,0,0,0,0,0,0,0,0,0,0,0,0,0,0,0,0,0,0,0,0,0,0,0,0,0,0,0,0,0,0,0,0,0,0,0,0,0,0,0,0,0,0,0,0,0,0,0,0,0,0,0,0,0,0,0,0,0,0,0,0,0,0,0,0,0,0,0,0,0,0,0,0,0,0,0,0,0,0,0,0,0,0,0,0,0,0,0,0,0,0,0,0,0,0,0,0,0,0,0,0,0,0,0,0,0,0,0,0,0,0,0,0,0,0,0
"H13-04616 - 2",0.175900386189395,1.53986524990271,138487.78125,1.95586130885985e-06,1.71219798227146e-05,1.53986525535583,1.11615778876864e-05,9.77105638916844e-05,8.78759956359863,0.74521041955626,2.33212015756545,586710.125,2.96214465003532e-06,9.26996867822308e-06,2.33212018013,1.92866042682812e-05,6.03570178364243e-05,15.1844978332519,19.5299171353524,34.491324487713,15376060,4.38091895146727e-05,7.73703728808488e-05,34.491325378418,0.000232201330157638,0.000410085274271246,182.81396484375,469.840221953104,0.951587213076746,0.719003183184582,0.946831625692191,826.495828769815,0.880893381562021,0.868297386350078,0.866747473881777,742.491483382464,0.862707385608053,0.955641619360313,0.778955987783051,0.114231025215037,89935,0.319542034375365,251578,0.566226940409598,445795,2224,2.6812846135851,1.41834102649255,40.4383992805755,787308,5417.03415973988,3.80484381766581,2116.97877201475,556.390452135159,787117.5,291.821863471536,0.680190065444335,787117.5,0.173089708364981,1.57582242512783,6597.53961181641,0.000116708199434633,0.00106095099686297,1.57582241296768,0.000410789322515239,0.00373031595156769,6.24844980239868,1.09507245337713,2.51267249832472,59393.0963745117,0.000146793817688973,0.000459482175753315,2.51267251372337,0.000548579702601518,0.00164989524629741,11.8445746898651,3.29453448677718,6.90099828297559,126512.087402344,0.000422796180830971,0.000775894505514649,6.90099811553955,0.00155350368229165,0.00289206705496175,28.6906976699829,644.535507074196,0.911583765759533,0.701555103240342,0.903890817629641,1836.97117614869,0.7225912077547,0.8297141353058,0.692034262818611,2108.10467210703,0.71481127711966,0.89432986059975,0.615247231417066,0.109856334331274,4153.75,0.401863305156983,18620.25,0.488280360511743,15118.75,102.25,2.76377328842038,1.34025188084903,45.8754336349925,37892.75,736.365313423525,1.79068985300203,284.482844874607,143.057295163306,37866.25,68.9515094563839,0.446889100020592,37866.25,0,0,0,0,0,0,0,0,0,0,0,0,0,0,0,0,0,0,0,0,0,0,0,0,0,0,0,0,0,0,0,0,0,0,0,0,0,0,0,0,0,0,0,0,0,0,0,0,0,0,0,0,0,0,0,0,0,0,0,0,0,0,0,0,0,0,0,0,0,0,0,0,0,0,0,0,0,0,0,0,0,0,0,0,0,0,0,0,0,0,0,0,0,0,0,0,0,0,0,0,0,0,0,0,0,0,0,0,0,0,0,0,0,0,0,0,0,0,0,0,0,0,0,0,0,0,0,0,0,0,0,0,0,0,0,0,0,0,0,0,0,0,0,0,0,0,0,0,0,0,0,0,0,0,0,0,0,0,0,0,0,0,0,0,0,0,0,0,0,0,0,0,0,0,0,0,0,0,0,0,0,0,0,0,0,0,0,0,0,0,0,0,0,0,0,0,0,0,0,0,0,0,0,0,0,0,0,0,0,0,0,0,0,0,0,0,0,0,0,0,0,0,0,0,0,0,0,0,0,0,0,0
"H13-05503 - 1",0.196907418060712,1.70798076321062,68199.671875,4.93131522081821e-06,4.27743739542017e-05,1.70798075199127,3.00091779743413e-05,0.000260300496572126,10.393798828125,0.144727817763762,1.51546568896061,50127.05859375,4.37548212634807e-06,4.58162994343248e-05,1.51546573638916,1.84691994419456e-05,0.0001933936301211,6.39688110351562,27.7872812209473,35.2088590692417,9624236,0.000101655700497151,0.000128806456591769,35.2088584899902,0.000511037839897908,0.000647528599179797,177,1077.91455370525,0.89842766818274,0.723152201254687,0.887930528293485,988.782961852729,0.917119825019676,0.778868944290228,0.908305951887189,1624.6038016038,0.624800331462915,0.931989111335151,0.363605479348782,0.115286672017647,39930,0.0955005572333509,33077,0.789212770749002,273347,828,2.67005467999412,1.43176754339303,48.2246376811594,346354,2264.04999872455,1.45333088416145,801.841116839504,551.726468884719,346235.5,265.753645318366,0.971268671304911,346235.5,0.193730124610857,1.71548772924281,5456.70086473034,0.000110975774578716,0.000982530613063432,1.71548772242761,0.000388223060493712,0.00343681355009363,6.49356669764365,0.390722090959707,1.64809470598279,10355.395158337,0.000106094771283741,0.00241955803990728,1.64809470791971,0.000367459703729671,0.00527944334021916,6.27311460433468,4.97325276446814,7.02566746506905,178744.148185484,0.000395915532238383,0.000601981692992995,7.02566738282481,0.00153226715471033,0.00232041647896448,29.0589885096396,745.756424074297,0.909069449923385,0.731145991409655,0.899828210680986,1317.45279536364,0.847587332421149,0.778625918910621,0.83148969998224,1997.98853558537,0.569391221048322,0.903200345457731,0.469713568116092,0.112924821037595,3083.35483870968,0.201752774805113,5215.64516129032,0.685322404157292,19155.1612903226,63.8064516129032,2.59826019558941,1.33369505376451,51.5759568201319,27454.1612903226,629.856006717242,1.77287871481697,239.424975620182,130.452981784544,27429.8709677419,64.6399297307292,0.731131159663017,27429.8709677419,0,0,0,0,0,0,0,0,0,0,0,0,0,0,0,0,0,0,0,0,0,0,0,0,0,0,0,0,0,0,0,0,0,0,0,0,0,0,0,0,0,0,0,0,0,0,0,0,0,0,0,0,0,0,0,0,0,0,0,0,0,0,0,0,0,0,0,0,0,0,0,0,0,0,0,0,0,0,0,0,0,0,0,0,0,0,0,0,0,0,0,0,0,0,0,0,0,0,0,0,0,0,0,0,0,0,0,0,0,0,0,0,0,0,0,0,0,0,0,0,0,0,0,0,0,0,0,0,0,0,0,0,0,0,0,0,0,0,0,0,0,0,0,0,0,0,0,0,0,0,0,0,0,0,0,0,0,0,0,0,0,0,0,0,0,0,0,0,0,0,0,0,0,0,0,0,0,0,0,0,0,0,0,0,0,0,0,0,0,0,0,0,0,0,0,0,0,0,0,0,0,0,0,0,0,0,0,0,0,0,0,0,0,0,0,0,0,0,0,0,0,0,0,0,0,0,0,0,0,0,0,0
"H13-05628 - 2",0.239945135191301,2.05278230852408,126720.3046875,3.8869471393625e-06,3.32536699087071e-05,2.0527822971344,1.77813069453586e-05,0.000152122910476044,9.39069938659668,0.127537351691465,1.45504053163682,67355.28125,2.75512206284493e-06,3.14324722748221e-05,1.45504057407379,1.21066719087622e-05,0.000138121876429529,6.39379978179932,25.8835193383347,32.5390526065222,13669656,6.16127543558273e-05,7.74554893023285e-05,32.5390510559082,0.000247353013810019,0.000310955887549095,130.632568359375,520.351541512478,0.932742354454858,0.772053041027745,0.926363517411096,634.499364654079,0.947479527286124,0.754653867664071,0.942141771745363,920.959616743926,0.773520290978102,0.960477766847519,0.567782204112438,0.11688776456955,61731,0.0876520955385309,46291,0.795460139891919,420100,661,2.67447923727123,1.60378513935063,93.3903177004539,528122,4225.36789130565,5.27863610358979,2016.73685691368,382.056428466848,527968.5,193.705962737341,0.991623141292489,527968.5,0.206182045654275,1.82403899024256,6426.2629230781,0.000522156446009544,0.00581950012873919,1.82403899593787,0.00100872090417751,0.0106444234725826,6.82759066874331,0.546525602653399,1.72578906929512,11268.5500023582,0.000130409928272155,0.00051376999275674,1.72578906742009,0.000456645589661302,0.00164013277102038,6.58520192449743,5.57065523989659,8.28239515363003,252105.038842288,0.00109327434621217,0.00157556342855398,8.28239512714473,0.00322525728479028,0.0048494435773626,34.7683245377107,564.987370508265,0.910515159684991,0.743698927729604,0.901499323352356,1358.51645352918,0.804203226705802,0.809160882593804,0.783682780523079,1907.53536748597,0.655113183555916,0.906019560919318,0.516310490790544,0.11245520549913,3425.93181818182,0.253107549549783,5622.79545454545,0.634437244951088,21152.8181818182,51.8863636363636,2.74484401879738,1.51402772331923,67.3362793759552,30201.5454545455,612.787452076776,1.57375924420837,223.420943715536,138.732037202666,30175.2159090909,69.3128709946881,0.618984302182913,30175.2159090909,0,0,0,0,0,0,0,0,0,0,0,0,0,0,0,0,0,0,0,0,0,0,0,0,0,0,0,0,0,0,0,0,0,0,0,0,0,0,0,0,0,0,0,0,0,0,0,0,0,0,0,0,0,0,0,0,0,0,0.182657409854048,1.6724759707023,329041.25,9.28424998850138e-07,8.50098828411563e-06,1.67247593402863,6.32492668424825e-06,5.79132700081072e-05,11.393798828125,0.303727610618781,1.82183370071556,547138.5625,1.01133651254902e-06,6.06624777237826e-06,1.82183372974396,6.21562386287118e-06,3.72828568376798e-05,11.1968994140625,41.9789232002451,57.9762609728984,75621336,3.21837875727019e-05,4.44483927925143e-05,57.976261138916,0.000176396525271738,0.0002436177539639,317.762817382812,910.75311838163,0.912335824890704,0.709301671832425,0.903769161758887,1186.83944133422,0.87624517797874,0.808210335588202,0.861770752828574,1509.96230823111,0.643096425950978,0.933676001866033,0.467676233771895,0.109213772307501,196739,0.166715332194967,300323,0.724070895497532,1304350,4682,2.80585135845942,1.57846639811257,42.0202904741563,1801412,5344.95194463972,1.48755010367328,1863.60277838571,1252.80000571666,1801233.5,606.577282792556,0.902937806292138,1801233.5,0,0,0,0,0,0,0,0,0,0,0,0,0,0,0,0,0,0,0,0,0,0,0,0,0,0,0,0,0,0,0,0,0,0,0,0,0,0,0,0,0,0,0,0,0,0,0,0,0,0,0,0,0,0,0,0,0,0,0,0,0,0,0,0,0,0,0,0,0,0,0,0,0,0,0,0,0,0,0,0,0,0,0,0,0,0,0,0,0,0,0,0,0,0,0,0,0,0,0,0,0,0,0,0,0,0,0,0,0,0,0,0,0,0,0,0
"H13-09897 - 1",0.20073844517023,1.7877073491045,101413.0625,3.53861308154471e-06,3.15136674798404e-05,1.78770732879639,1.85880827129784e-05,0.000165539052788688,9.39069938659668,3.63817003167062,5.88973432157632,1838003.5,1.16582230170002e-05,1.8873179547435e-05,5.88973426818848,6.09107217615026e-05,9.8606707599637e-05,30.7720966339111,12.5205473079968,46.3727374031363,6325380.5,9.17908509194804e-05,0.000339968606881971,46.3727378845215,0.000277286689619365,0.00102699526840101,140.085235595703,162.141844266844,0.912905538617136,0.747601948533875,0.89598551505724,381.263093388094,0.570215088959076,0.941603424935644,0.500242324334314,127.207041415375,0.921804873188908,0.99301716951647,0.789984651519694,0.112288202692003,56728,0.61771377672209,312069,0.269998020585907,136403,979,2.59654602515497,1.44300779309811,57.9448416751788,505200,2933.38809384118,2.02469627620517,1151.05040788972,568.505222939959,505121.5,293.502981245506,0.494818996729629,505121.5,0.211189967643406,1.84533956920711,9311.93859863281,0.000109352637434909,0.000958042957429203,1.84533957072667,0.000370093363712598,0.0032452624552173,6.71644618681499,3.39976495357573,4.9344932034094,149713.293613979,0.00027418701943899,0.000387480557584469,4.93449321389198,0.00102473405567844,0.0014534644691921,19.8956546442849,2.37251291904941,9.17334121486489,210252.568634033,0.00034426884000577,0.00209537473013629,9.17334125936031,0.00102851695706094,0.00619812852626494,28.4818120173046,118.031567894561,0.914848457162798,0.752352979109818,0.897832015628313,704.6528594314,0.521859284652912,0.880559016008981,0.456496640374124,514.409102236167,0.908576327170588,0.950376869361758,0.84469456207915,0.114396374170983,4959.48214285714,0.685576002367079,27939.3214285714,0.200027623461938,10489.1428571429,76.8928571428571,2.51692607877106,1.34418233395808,66.0442648874756,43387.9464285714,726.553981359834,1.56477667995454,263.329218931729,163.394831677111,43355.1339285714,80.7022634763894,0.342783613505857,43355.1339285714,0,0,0,0,0,0,0,0,0,0,0,0,0,0,0,0,0,0,0,0,0,0,0,0,0,0,0,0,0,0,0,0,0,0,0,0,0,0,0,0,0,0,0,0,0,0,0,0,0,0,0,0,0,0,0,0,0,0,0,0,0,0,0,0,0,0,0,0,0,0,0,0,0,0,0,0,0,0,0,0,0,0,0,0,0,0,0,0,0,0,0,0,0,0,0,0,0,0,0,0,0,0,0,0,0,0,0,0,0,0,0,0,0,0,0,0,0,0,0,0,0,0,0,0,0,0,0,0,0,0,0,0,0,0,0,0,0,0,0,0,0,0,0,0,0,0,0,0,0,0,0,0,0,0,0,0,0,0,0,0,0,0,0,0,0,0,0,0,0,0,0,0,0,0,0,0,0,0,0,0,0,0,0,0,0,0,0,0,0,0,0,0,0,0,0,0,0,0,0,0,0,0,0,0,0,0,0,0,0,0,0,0,0,0,0,0,0,0,0,0,0,0,0,0,0,0,0,0,0,0,0,0
"H14-10806 - 1",0,0,0,0,0,0,0,0,0,0,0,0,0,0,0,0,0,0,0,0,0,0,0,0,0,0,0,0,0,0,0,0,0,0,0,0,0,0,0,0,0,0,0,0,0,0,0,0,0,0,0,0,0,0,0,0,0,0,0.193735116542303,1.69498009296079,5796.02704967152,0.000420655855500954,0.00349149480059107,1.6949801011519,0.00100835470824719,0.00843661456442487,6.47017322887074,3.09617769887588,4.44835225762692,85395.1149458452,0.000887544096693692,0.00110610840557157,4.44835225018588,0.00305139992457606,0.00384901453178007,17.8986511230469,1.65623944896751,6.36795245843313,77314.9680841619,0.000564288057896133,0.0250988266288022,6.36795236847617,0.0012074155801179,0.0294915913509509,19.0753922895952,298.351055669756,0.910781199622318,0.74329991529035,0.897500514255583,876.150644177021,0.534998070506845,0.890658392622815,0.465781478831133,490.947920547385,0.894171236390967,0.933849952292267,0.842325803538371,0.11437932788868,3356.72727272727,0.675996702916523,17026,0.209623969194796,9446,64,2.75486742772517,1.47480857117508,53.468576308661,29828.7272727273,605.236894572398,2.8178527438762,218.849275976288,139.852921496715,29804.5454545455,72.6024193017612,0.33384645341276,29804.5454545455,0,0,0,0,0,0,0,0,0,0,0,0,0,0,0,0,0,0,0,0,0,0,0,0,0,0,0,0,0,0,0,0,0,0,0,0,0,0,0,0,0,0,0,0,0,0,0,0,0,0,0,0,0,0,0,0,0,0,0,0,0,0,0,0,0,0,0,0,0,0,0,0,0,0,0,0,0,0,0,0,0,0,0,0,0,0,0,0,0,0,0,0,0,0,0,0,0,0,0,0,0,0,0,0,0,0,0,0,0,0,0,0,0,0,0,0,0,0,0,0,0,0,0,0,0,0,0,0,0,0,0,0,0,0,0,0,0,0,0,0,0,0,0,0,0,0,0,0,0,0,0,0,0,0,0,0,0,0,0,0,0,0,0,0,0,0,0,0,0,0,0,0,0,0,0,0,0,0,0,0,0,0,0,0,0,0,0,0,0,0,0,0,0,0,0,0,0,0,0,0,0,0,0,0,0,0,0,0,0,0,0,0,0,0,0,0,0,0,0,0,0,0,0,0,0,0,0,0,0,0,0,0
"H14-11086 - 2",0,0,0,0,0,0,0,0,0,0,0,0,0,0,0,0,0,0,0,0,0,0,0,0,0,0,0,0,0,0,0,0,0,0,0,0,0,0,0,0,0,0,0,0,0,0,0,0,0,0,0,0,0,0,0,0,0,0,0.205787557120708,1.79646242224419,4487.88812255859,0.000103397751520623,0.000901096872225899,1.7964624017477,0.00036763717703211,0.00320578959310024,6.59612482786179,2.12322849915799,3.64143074228545,45507.3088722229,0.000204894420476783,0.0011038247133712,3.64143075048923,0.000841779270178059,0.00324056081317545,15.3875979185104,3.15306819309965,8.65094221358586,81535.3043212891,0.000419975054896183,0.00146321330680841,8.65094211697578,0.00131138001164139,0.00452189688029117,27.2556200027466,415.672806871817,0.914817075892869,0.771020885794155,0.901646482911793,1008.11978787256,0.646767296604376,0.880366545538439,0.580667213551491,810.064217173098,0.836933202496438,0.946904279256565,0.739956845409929,0.114407824593828,2526.375,0.527016946497045,10934.25,0.358575228909126,8654,42,2.32166710885627,1.15730592741299,64.4117705400819,22114.625,575.750960135148,1.54500752813387,206.847837166027,132.253469415168,22097.25,65.6016233743679,0.493934989601521,22097.25,0.224311036096394,1.93813971859756,525648.6875,8.27065927103843e-07,7.14619017911284e-06,1.93813967704773,5.62492250196452e-06,4.86016466457125e-05,13.1813983917236,1.0831384591225,3.6630645296296,2538218,1.56314627677652e-06,5.28640233652255e-06,3.66306447982788,1.20219298969582e-05,4.06569488991442e-05,28.1720943450928,89.6065395802324,152.243742826754,209983248,6.49672542606975e-05,0.000110380983309481,152.243743896484,0.000193353857073822,0.000328513019572087,453.103881835938,308.900936342852,0.911599439669927,0.787291373150566,0.896962375418397,591.327382896478,0.792298845707337,0.920572428981722,0.755751132081969,259.886760032058,0.771216264588656,0.990483503465532,0.550863930626556,0.115735224836476,271213,0.295691885949939,692922,0.588572889213584,1379257,2200,2.4681933716757,1.37432612770492,123.278636363636,2343392,6177.50829382582,1.76922224525086,2301.08438876912,1300.61918164659,2343183.5,635.97877323068,0.711725393816338,2343183.5,0,0,0,0,0,0,0,0,0,0,0,0,0,0,0,0,0,0,0,0,0,0,0,0,0,0,0,0,0,0,0,0,0,0,0,0,0,0,0,0,0,0,0,0,0,0,0,0,0,0,0,0,0,0,0,0,0,0,0,0,0,0,0,0,0,0,0,0,0,0,0,0,0,0,0,0,0,0,0,0,0,0,0,0,0,0,0,0,0,0,0,0,0,0,0,0,0,0,0,0,0,0,0,0,0,0,0,0,0,0,0,0,0,0,0,0,0,0,0,0,0,0,0,0,0,0,0,0,0,0,0,0,0,0,0,0,0,0,0,0,0,0,0,0,0,0,0,0,0,0,0,0,0,0,0,0,0,0,0,0,0,0,0,0,0,0,0,0,0,0,0,0,0,0
"H14-12052 - 2",0.187223424888332,1.68099046282224,59728.953125,5.26914962004479e-06,4.73091989624786e-05,1.68099045753479,2.69279841690655e-05,0.000241773616726785,8.59070014953613,0.819279396207194,2.62736840947929,261370.609375,8.23561930934815e-06,2.64110218150864e-05,2.62736845016479,4.44523106080202e-05,0.000142555271328143,14.1813983917236,23.1557667894366,40.1453620124665,7387268.5,0.000125837670571284,0.000218165905963187,40.1453628540039,0.000408925215714628,0.000708957339662738,130.457366943359,271.139398355652,0.955311000629239,0.734427882501593,0.950406794093479,586.465298209916,0.885910943041009,0.879430730288843,0.873693369789181,442.681768498914,0.907332938820165,0.975175043507908,0.785507845841074,0.111376851343939,35532,0.311825092077423,99480,0.576798056578638,184013,577,2.61286460097309,1.69993498091545,61.580589254766,319025,3181.76085631196,3.21363812261024,1218.43629276764,379.145456420582,318899.5,173.104014973657,0.803483987148388,318899.5,0.157618228272656,1.40608936979143,4377.58561876085,8.72356041312846e-05,0.000776924294340548,1.40608938535055,0.000269801125887913,0.00240307256519152,4.81912204954359,1.89532705403124,3.02773152217382,53143.0440809462,0.000191099495644873,0.000381857329615689,3.02773149808248,0.000733768573682855,0.00142055469717521,12.569509824117,2.90002767460842,7.15515184644714,113960.23046875,0.000394880126319974,0.00159290319265988,7.1551518175337,0.00136365714501411,0.00537167015346435,26.975194507175,605.033675788953,0.898127073779694,0.680075166011882,0.888656595183364,1519.99476171809,0.571980853766416,0.83583866052289,0.525333105491754,1189.15737277436,0.804139198213818,0.916726569927281,0.723547586660909,0.111985127870929,2957.22222222222,0.557386244561212,13640.4444444444,0.330628627567859,10000.2222222222,72.6666666666667,2.59587445999192,1.16002447446587,42.0690595869625,26597.8888888889,572.886587761132,1.21940787115949,192.525852519575,151.526989778249,26566.9444444444,75.1441612745591,0.437823629257548,26566.9444444444,0,0,0,0,0,0,0,0,0,0,0,0,0,0,0,0,0,0,0,0,0,0,0,0,0,0,0,0,0,0,0,0,0,0,0,0,0,0,0,0,0,0,0,0,0,0,0,0,0,0,0,0,0,0,0,0,0,0,0,0,0,0,0,0,0,0,0,0,0,0,0,0,0,0,0,0,0,0,0,0,0,0,0,0,0,0,0,0,0,0,0,0,0,0,0,0,0,0,0,0,0,0,0,0,0,0,0,0,0,0,0,0,0,0,0,0,0,0,0,0,0,0,0,0,0,0,0,0,0,0,0,0,0,0,0,0,0,0,0,0,0,0,0,0,0,0,0,0,0,0,0,0,0,0,0,0,0,0,0,0,0,0,0,0,0,0,0,0,0,0,0,0,0,0,0,0,0,0,0,0,0,0,0,0,0,0,0,0,0,0,0,0,0,0,0,0,0,0,0,0,0,0,0,0,0,0,0,0,0,0,0,0,0,0,0,0,0,0,0,0,0,0,0,0,0,0,0,0,0,0,0,0
"H14-15235 - 1",0,0,0,0,0,0,0,0,0,0,0,0,0,0,0,0,0,0,0,0,0,0,0,0,0,0,0,0,0,0,0,0,0,0,0,0,0,0,0,0,0,0,0,0,0,0,0,0,0,0,0,0,0,0,0,0,0,0,0.206128756248853,1.79592501371136,8667.07869466146,0.000116962135493937,0.00101490274284015,1.79592502117157,0.000412098158040605,0.00357890151294281,7.35073296229045,3.30910648643843,4.60706500505327,123432.571180556,0.000300419147674795,0.000417802722590879,4.60706501536899,0.00112076332102496,0.00156081908060225,18.9848418765598,1.28452785557792,6.00803989267992,91961.769680447,0.000323912780358672,0.00246128654351244,6.00803989834256,0.000979283752756137,0.00725860138444783,19.2566749784682,117.142611223654,0.915948926955522,0.765391117876857,0.898964764568331,692.913960229061,0.518377194894358,0.879653711396037,0.447930431493013,492.749492780353,0.897933142190432,0.946850568684699,0.859440360253218,0.114765951573331,4467.77777777778,0.702658110307107,25996.2222222222,0.182575938119562,8860.22222222222,69.8888888888889,2.5189366568315,1.21784037585889,64.7782720541203,39324.2222222222,716.204148188356,1.49843079977833,243.55837494151,157.262756843025,39288.8333333333,73.992624774427,0.282007045018457,39288.8333333333,0,0,0,0,0,0,0,0,0,0,0,0,0,0,0,0,0,0,0,0,0,0,0,0,0,0,0,0,0,0,0,0,0,0,0,0,0,0,0,0,0,0,0,0,0,0,0,0,0,0,0,0,0,0,0,0,0,0,0,0,0,0,0,0,0,0,0,0,0,0,0,0,0,0,0,0,0,0,0,0,0,0,0,0,0,0,0,0,0,0,0,0,0,0,0,0,0,0,0,0,0,0,0,0,0,0,0,0,0,0,0,0,0,0,0,0,0,0,0,0,0,0,0,0,0,0,0,0,0,0,0,0,0,0,0,0,0,0,0,0,0,0,0,0,0,0,0,0,0,0,0,0,0,0,0,0,0,0,0,0,0,0,0,0,0,0,0,0,0,0,0,0,0,0,0,0,0,0,0,0,0,0,0,0,0,0,0,0,0,0,0,0,0,0,0,0,0,0,0,0,0,0,0,0,0,0,0,0,0,0,0,0,0,0,0,0,0,0,0,0,0,0,0,0,0,0,0,0,0,0,0,0
"H14-15379 - 2",0,0,0,0,0,0,0,0,0,0,0,0,0,0,0,0,0,0,0,0,0,0,0,0,0,0,0,0,0,0,0,0,0,0,0,0,0,0,0,0,0,0,0,0,0,0,0,0,0,0,0,0,0,0,0,0,0,0,0.214582908420318,1.87306073546259,10961.4087402344,0.000100499613515406,0.000869593657391554,1.87306072711945,0.000365898803625834,0.00316292404746722,7.36775306065877,2.0641205556762,3.41161591687037,158131.246535238,0.00017588478805883,0.000777200516023258,3.41161590417226,0.000671395947596996,0.00229942846949901,14.4530248641968,3.80453281383028,8.97897696199003,306090.336914062,0.000345958785033691,0.00142080982440788,8.97897685368856,0.0011794031569398,0.00445016839996672,31.1520431518555,361.502145730792,0.9105029355853,0.744109031049081,0.899222495454596,810.932573268212,0.686396080556093,0.858955939811046,0.648999518271921,985.558931846431,0.744094703445579,0.939839363349074,0.661268667254314,0.114554329905538,6089.33333333333,0.442057905899514,29427.0666666667,0.443387764194948,18976.6,114.6,2.58572920371513,1.31077512076612,71.5337976104143,54493,792.01443678386,1.67852194790197,300.492619722273,158.006007654526,54462.1333333333,78.8150205820883,0.482265998069153,54462.1333333333,0,0,0,0,0,0,0,0,0,0,0,0,0,0,0,0,0,0,0,0,0,0,0,0,0,0,0,0,0,0,0,0,0,0,0,0,0,0,0,0,0,0,0,0,0,0,0,0,0,0,0,0,0,0,0,0,0,0,0,0,0,0,0,0,0,0,0,0,0,0,0,0,0,0,0,0,0,0,0,0,0,0,0,0,0,0,0,0,0,0,0,0,0,0,0,0,0,0,0,0,0,0,0,0,0,0,0,0,0,0,0,0,0,0,0,0,0,0,0,0,0,0,0,0,0,0,0,0,0,0,0,0,0,0,0,0,0,0,0,0,0,0,0,0,0,0,0,0,0,0,0,0,0,0,0,0,0,0,0,0,0,0,0,0,0,0,0,0,0,0,0,0,0,0,0,0,0,0,0,0,0,0,0,0,0,0,0,0,0,0,0,0,0,0,0,0,0,0,0,0,0,0,0,0,0,0,0,0,0,0,0,0,0,0,0,0,0,0,0,0,0,0,0,0,0,0,0,0,0,0,0,0
"H14-17337 - 2",0,0,0,0,0,0,0,0,0,0,0,0,0,0,0,0,0,0,0,0,0,0,0,0,0,0,0,0,0,0,0,0,0,0,0,0,0,0,0,0,0,0,0,0,0,0,0,0,0,0,0,0,0,0,0,0,0,0,0.223771168070877,1.95592160635901,21996.7358867939,6.68983963175036e-05,0.000589906367458016,1.95592162242303,0.000247465936357697,0.00217798389797307,7.99546890992385,3.00700512089521,4.85408268496683,267517.270282452,0.00016174032348305,0.000243136636130247,4.85408265774067,0.00060190097270514,0.000920544976132554,21.1402513063871,4.83510515174882,14.4429000578095,811589.144193209,0.000249523189300462,0.00112646238661248,14.4429000707773,0.000815728948906273,0.00370085777574578,46.834709754357,75.4964648383396,0.925456901277826,0.769731342174944,0.907729443073583,479.590836115683,0.613777625092398,0.902000884708102,0.553870584682146,369.91941976278,0.897761798730668,0.967485893319355,0.812410876370734,0.114427943259712,10629.3076923077,0.612154304094897,49027.3846153846,0.273417752645391,32782.0769230769,131.230769230769,2.4746911628595,1.23208343361137,75.3640455385489,92438.7692307692,1107.74594776188,1.89458880154565,429.380644162444,213.009327679169,92386.8846153846,105.76199509261,0.41557418380649,92386.8846153846,0,0,0,0,0,0,0,0,0,0,0,0,0,0,0,0,0,0,0,0,0,0,0,0,0,0,0,0,0,0,0,0,0,0,0,0,0,0,0,0,0,0,0,0,0,0,0,0,0,0,0,0,0,0,0,0,0,0,0,0,0,0,0,0,0,0,0,0,0,0,0,0,0,0,0,0,0,0,0,0,0,0,0,0,0,0,0,0,0,0,0,0,0,0,0,0,0,0,0,0,0,0,0,0,0,0,0,0,0,0,0,0,0,0,0,0,0,0,0,0,0,0,0,0,0,0,0,0,0,0,0,0,0,0,0,0,0,0,0,0,0,0,0,0,0,0,0,0,0,0,0,0,0,0,0,0,0,0,0,0,0,0,0,0,0,0,0,0,0,0,0,0,0,0,0,0,0,0,0,0,0,0,0,0,0,0,0,0,0,0,0,0,0,0,0,0,0,0,0,0,0,0,0,0,0,0,0,0,0,0,0,0,0,0,0,0,0,0,0,0,0,0,0,0,0,0,0,0,0,0,0,0
"H15-00504 - 1",0.201391947696134,1.74547825948452,31676.939453125,1.10971979937571e-05,9.61802001563836e-05,1.74547827243805,4.70074371021636e-05,0.000407416783215744,7.39379978179932,0.710651900947295,2.58190556210011,111778.4375,1.64149380342604e-05,5.96379461670204e-05,2.58190560340881,7.87958473401043e-05,0.000286277200196914,12.393798828125,28.9695753067582,47.5396143934731,4556624.5,0.000302241818495159,0.000495984471732658,47.5396156311035,0.000900257883527243,0.00147734000876379,141.6015625,471.928368999422,0.907272496102061,0.758235228504046,0.896376217146496,939.51998264893,0.793513314341964,0.878302442340718,0.770079268082293,544.553971467129,0.875591456076481,0.980200347129276,0.568618199489029,0.115379235806472,18148,0.275243181384703,43293,0.609377582808824,95849,206,2.49899006024101,1.09407371915009,88.0970873786408,157290,1501.33217793096,1.29683662481691,510.417027217516,393.58622161799,157216.5,194.558474500598,0.729223989869186,157216.5,0.183239687234214,1.60714670326261,1920.82200622559,0.000175498816626168,0.00153039708747958,1.60714668035507,0.000529706482169924,0.00463076050588559,4.99767488241196,1.58333613272314,2.96017569106379,17592.2775878906,0.000312138560677015,0.000621869710933766,2.96017564833164,0.00110838912930484,0.00218282149842976,10.8441870212555,2.85147522762856,7.36662948293333,28914.8037109375,0.000780118432535475,0.00210449188717432,7.36662942171097,0.00258279597971817,0.00701331397106476,24.3813970088959,382.784104973742,0.905909950361834,0.742546914127416,0.893872054904246,1414.44677632624,0.614289208173687,0.853422782524878,0.568122040111966,1148.93541145602,0.814050023384479,0.941256703214082,0.696327119065717,0.114032118072696,1156.625,0.513192279265194,5375.625,0.37277560266211,3665.75,20.375,2.60826691116099,1.30525891638195,59.0055028757474,10198,382.950423664729,1.32613674742264,129.324607822676,98.7790237435703,10182.1875,48.9299190154412,0.512995821351961,10182.1875,0,0,0,0,0,0,0,0,0,0,0,0,0,0,0,0,0,0,0,0,0,0,0,0,0,0,0,0,0,0,0,0,0,0,0,0,0,0,0,0,0,0,0,0,0,0,0,0,0,0,0,0,0,0,0,0,0,0,0,0,0,0,0,0,0,0,0,0,0,0,0,0,0,0,0,0,0,0,0,0,0,0,0,0,0,0,0,0,0,0,0,0,0,0,0,0,0,0,0,0,0,0,0,0,0,0,0,0,0,0,0,0,0,0,0,0,0,0,0,0,0,0,0,0,0,0,0,0,0,0,0,0,0,0,0,0,0,0,0,0,0,0,0,0,0,0,0,0,0,0,0,0,0,0,0,0,0,0,0,0,0,0,0,0,0,0,0,0,0,0,0,0,0,0,0,0,0,0,0,0,0,0,0,0,0,0,0,0,0,0,0,0,0,0,0,0,0,0,0,0,0,0,0,0,0,0,0,0,0,0,0,0,0,0,0,0,0,0,0,0,0,0,0,0,0,0,0,0,0,0,0,0
"H15-06802 - 1",0.162907595307436,1.48446905138011,44637.984375,5.41761209938927e-06,4.93671119431146e-05,1.48446905612946,2.91962278473621e-05,0.000266045892916528,8,0.312119992846924,1.78125455605773,85523.375,6.50073913883172e-06,3.70994216140004e-05,1.781254529953,3.20705948862757e-05,0.000183025421523309,8.78759956359863,20.8825107296137,29.2049253540896,5721975,0.000106584207530836,0.000149061761067293,29.2049255371094,0.000455019843028078,0.00063636124613213,124.679077148438,847.252191003708,0.922561962897017,0.707597116595921,0.91628760658497,1094.87260016974,0.887235207131693,0.823311593542259,0.875795422183939,1421.88824764372,0.758013812889243,0.943779115656541,0.554118339569707,0.109741321421272,30070,0.175224810954425,48013,0.715033867624303,195925,775,2.46557773189304,1.30676668203726,38.8,274008,2147.07647738325,1.97249958606795,836.350033596208,424.005175718905,273880.5,204.606940253746,0.980070858574649,273880.5,0.165221361644445,1.46404595564669,4319.48777553013,0.000104841701386465,0.000930117522576414,1.46404595034463,0.000323228939636172,0.00286336097103636,5.11096409388951,0.333158011760208,1.59470818931597,6945.98454066685,0.000115873000128345,0.000584382417444967,1.59470819575446,0.000383690422073545,0.00192584630500539,5.78217124938965,4.66279376361357,6.58941060664027,151063.038713728,0.000410092404465573,0.000666826337324253,6.58941061156137,0.00166237384771836,0.00264861000514105,29.8178311756679,826.161916031697,0.908668345218689,0.718034020018848,0.899897288207897,1579.30715670874,0.841055849446429,0.769106770057597,0.826381895802744,2328.52296369033,0.597355451157916,0.89270445438086,0.47615122374703,0.112654634524312,2922.35714285714,0.201077170693411,4156,0.686268194782277,18948.3571428571,68.8571428571429,2.59855744758721,1.3618593415856,44.8305128263201,26026.7142857143,620.000798434304,1.83199935791648,235.89292092668,127.585672627499,25997.25,62.5336938189348,0.784270253987978,25997.25,0,0,0,0,0,0,0,0,0,0,0,0,0,0,0,0,0,0,0,0,0,0,0,0,0,0,0,0,0,0,0,0,0,0,0,0,0,0,0,0,0,0,0,0,0,0,0,0,0,0,0,0,0,0,0,0,0,0,0,0,0,0,0,0,0,0,0,0,0,0,0,0,0,0,0,0,0,0,0,0,0,0,0,0,0,0,0,0,0,0,0,0,0,0,0,0,0,0,0,0,0,0,0,0,0,0,0,0,0,0,0,0,0,0,0,0,0,0,0,0,0,0,0,0,0,0,0,0,0,0,0,0,0,0,0,0,0,0,0,0,0,0,0,0,0,0,0,0,0,0,0,0,0,0,0,0,0,0,0,0,0,0,0,0,0,0,0,0,0,0,0,0,0,0,0,0,0,0,0,0,0,0,0,0,0,0,0,0,0,0,0,0,0,0,0,0,0,0,0,0,0,0,0,0,0,0,0,0,0,0,0,0,0,0,0,0,0,0,0,0,0,0,0,0,0,0,0,0,0,0,0,0
"H15-09412 - 1",0,0,0,0,0,0,0,0,0,0,0,0,0,0,0,0,0,0,0,0,0,0,0,0,0,0,0,0,0,0,0,0,0,0,0,0,0,0,0,0,0,0,0,0,0,0,0,0,0,0,0,0,0,0,0,0,0,0,0.21570878120267,1.88581741739441,7189.78861490885,7.99005643119446e-05,0.000701566911934397,1.88581741650899,0.000307692413649216,0.00270429842657224,7.30149981180827,4.59987032161276,5.86731803337378,153023.399739583,0.000237717605474453,0.000306458407912427,5.86731808980306,0.000925590524703473,0.00120179767131898,23.2257373809814,0.931694595999285,5.98115576711216,45367.4982096354,0.00022839947659017,0.00290936919505639,5.98115571339925,0.000671053074236801,0.00830075508361723,18.3886319478353,63.7480516256435,0.918288876961022,0.762554736859623,0.893159920504709,389.107327706845,0.475561746764914,0.889003212225094,0.358522957250735,256.28419925825,0.93997231013152,0.945760557965552,0.912081611345589,0.114163284351586,3695.66666666667,0.779327323342196,24569.7333333333,0.106509392306219,3992,55.6666666666667,2.4229122065829,1.05620325874502,73.4395090723029,32257.4,643.003799514847,1.17494693332403,209.936687069592,177.654121653604,32229.3,88.3406081410572,0.221681779152859,32229.3,0,0,0,0,0,0,0,0,0,0,0,0,0,0,0,0,0,0,0,0,0,0,0,0,0,0,0,0,0,0,0,0,0,0,0,0,0,0,0,0,0,0,0,0,0,0,0,0,0,0,0,0,0,0,0,0,0,0,0,0,0,0,0,0,0,0,0,0,0,0,0,0,0,0,0,0,0,0,0,0,0,0,0,0,0,0,0,0,0,0,0,0,0,0,0,0,0,0,0,0,0,0,0,0,0,0,0,0,0,0,0,0,0,0,0,0,0,0,0,0,0,0,0,0,0,0,0,0,0,0,0,0,0,0,0,0,0,0,0,0,0,0,0,0,0,0,0,0,0,0,0,0,0,0,0,0,0,0,0,0,0,0,0,0,0,0,0,0,0,0,0,0,0,0,0,0,0,0,0,0,0,0,0,0,0,0,0,0,0,0,0,0,0,0,0,0,0,0,0,0,0,0,0,0,0,0,0,0,0,0,0,0,0,0,0,0,0,0,0,0,0,0,0,0,0,0,0,0,0,0,0,0
"H15-09412 - 2",0.24306759666894,2.11671215986254,328991.125,1.56422487319919e-06,1.36225538801293e-05,2.11671221256256,1.22302883710242e-05,0.000106453657025422,16.5844974517822,7.08362192435055,10.69855745031,9584482.5,7.91508667164842e-06,1.2014513145745e-05,10.6985573768616,5.18996618472125e-05,7.8962490030589e-05,70.1178340911865,6.56639269198686,28.0559693664,8828693.5,2.0824892028767e-05,9.19899742472565e-05,28.0559692382812,8.37060101842777e-05,0.000376297331167486,112.893798828125,100.523394194805,0.926008686986572,0.757619504865458,0.909709990668025,279.726192224209,0.608997413739768,0.945060739715259,0.535272514829806,158.229619826402,0.926831994159149,0.986852294446546,0.856441151320033,0.114838107783318,155461.5,0.666457442713145,902942.5,0.218704449503537,295280,1948,2.76766713191556,1.65150910267149,81.7556329287819,1353684,5103.82234586632,2.11809893214523,1940.42317862127,925.180226069699,1353504.25,450.230948306245,0.384282122102422,1353504.25,0.1920970083058,1.66284014857912,4122.01199776786,0.000103631511056337,0.000892947760655162,1.66284016200474,0.000353481223721319,0.00305168663921523,5.95116407530648,4.09338163398928,5.12566583411609,85992.6696831839,0.00224872828067507,0.00235696073912659,5.12566582645689,0.0050087988628681,0.00534240007285698,18.5741975307465,0.527048282994515,4.50771853397792,19365.1115635463,0.00146787937886627,0.0745599613275795,4.50771851199014,0.00190148349213293,0.0801787199866096,12.9306772095816,60.2890774321542,0.921437545873112,0.775023238181086,0.899798242081236,477.932786503023,0.450892699661277,0.864952398829058,0.352492324353467,263.735516663606,0.950883502980313,0.875863575846632,0.929740932729354,0.107305943976152,2314.5,0.808157613969939,15525.9285714286,0.0845364420539093,2282.71428571429,36.2857142857143,2.34738331696635,1.09539361691873,61.5191925470378,20123.1428571429,506.809193694561,1.31504627204194,173.398251703991,129.941500660531,20099.5,64.3659497044447,0.191167227749384,20099.5,0,0,0,0,0,0,0,0,0,0,0,0,0,0,0,0,0,0,0,0,0,0,0,0,0,0,0,0,0,0,0,0,0,0,0,0,0,0,0,0,0,0,0,0,0,0,0,0,0,0,0,0,0,0,0,0,0,0,0,0,0,0,0,0,0,0,0,0,0,0,0,0,0,0,0,0,0,0,0,0,0,0,0,0,0,0,0,0,0,0,0,0,0,0,0,0,0,0,0,0,0,0,0,0,0,0,0,0,0,0,0,0,0,0,0,0,0,0,0,0,0,0,0,0,0,0,0,0,0,0,0,0,0,0,0,0,0,0,0,0,0,0,0,0,0,0,0,0,0,0,0,0,0,0,0,0,0,0,0,0,0,0,0,0,0,0,0,0,0,0,0,0,0,0,0,0,0,0,0,0,0,0,0,0,0,0,0,0,0,0,0,0,0,0,0,0,0,0,0,0,0,0,0,0,0,0,0,0,0,0,0,0,0,0,0,0,0,0,0,0,0,0,0,0,0,0,0,0,0,0,0,0
"H15-10995 - 2",0,0,0,0,0,0,0,0,0,0,0,0,0,0,0,0,0,0,0,0,0,0,0,0,0,0,0,0,0,0,0,0,0,0,0,0,0,0,0,0,0,0,0,0,0,0,0,0,0,0,0,0,0,0,0,0,0,0,0.226299067144393,1.93656600414336,6139.71260579427,0.000137378644449626,0.00118339420110671,1.93656599521637,0.000484411984676001,0.00417102889425845,7.16201647122701,3.61125918129534,5.17837874382643,92087.2412109375,0.00034333464096556,0.000463406972373541,5.17837878068288,0.00126834630839341,0.00172937261269062,21.2589152654012,2.18641076027947,8.37958733277412,114751.842000326,0.000332935683798061,0.00229449759163342,8.37958725293477,0.00101937871210212,0.00718277775401079,25.2746787071228,70.1907007255472,0.915339729551338,0.768769595921619,0.894338897628591,612.216641719146,0.499031554435345,0.867938115260266,0.426313173637695,485.094604708496,0.919814392466103,0.946131109015969,0.856802601132196,0.116705664568583,3069.83333333333,0.703955860791761,16600.1666666667,0.179338474639656,6529.16666666667,35.1666666666667,2.42549705317636,0.99051616672427,84.1173841255363,26199.1666666667,577.457936163769,1.38007056547891,200.116819157623,145.249311931567,26170.9166666667,72.3754472069983,0.315823806076696,26170.9166666667,0,0,0,0,0,0,0,0,0,0,0,0,0,0,0,0,0,0,0,0,0,0,0,0,0,0,0,0,0,0,0,0,0,0,0,0,0,0,0,0,0,0,0,0,0,0,0,0,0,0,0,0,0,0,0,0,0,0,0,0,0,0,0,0,0,0,0,0,0,0,0,0,0,0,0,0,0,0,0,0,0,0,0,0,0,0,0,0,0,0,0,0,0,0,0,0,0,0,0,0,0,0,0,0,0,0,0,0,0,0,0,0,0,0,0,0,0,0,0,0,0,0,0,0,0,0,0,0,0,0,0,0,0,0,0,0,0,0,0,0,0,0,0,0,0,0,0,0,0,0,0,0,0,0,0,0,0,0,0,0,0,0,0,0,0,0,0,0,0,0,0,0,0,0,0,0,0,0,0,0,0,0,0,0,0,0,0,0,0,0,0,0,0,0,0,0,0,0,0,0,0,0,0,0,0,0,0,0,0,0,0,0,0,0,0,0,0,0,0,0,0,0,0,0,0,0,0,0,0,0,0,0
"H15-14813 - 1",0,0,0,0,0,0,0,0,0,0,0,0,0,0,0,0,0,0,0,0,0,0,0,0,0,0,0,0,0,0,0,0,0,0,0,0,0,0,0,0,0,0,0,0,0,0,0,0,0,0,0,0,0,0,0,0,0,0,0.218874452362875,1.89937673411946,7416.73325892857,0.000113963026317092,0.000981185648090316,1.89937671593257,0.000394721988038815,0.00341693086493295,7.10897125516619,0.962924682929356,2.49229471310054,25160.4647739955,0.000155562520506564,0.000377694556282408,2.492294720241,0.000592032291892672,0.00146746499429803,10.6812853131975,7.08951655720842,12.4060481724022,326278.592912946,0.000472300847155924,0.00102877709583577,12.4060483660017,0.00165273481129858,0.00358615758459697,44.1315648215158,537.355961449058,0.907390619899798,0.764976676937829,0.896829965048011,1564.26362085082,0.731302530452803,0.839709680560928,0.698644271402533,1552.58665858645,0.771766511099455,0.930390424385979,0.589863545561235,0.115169322061336,3762.57142857143,0.360087717784706,9620.42857142857,0.524742960153957,19245.4285714286,43,2.60864771795736,1.47919438057063,79.5707041107041,32628.4285714286,657.299278116461,1.57381834422101,237.051653547015,153.419942485881,32601.3571428571,76.0702783712962,0.601466009180237,32601.3571428571,0,0,0,0,0,0,0,0,0,0,0,0,0,0,0,0,0,0,0,0,0,0,0,0,0,0,0,0,0,0,0,0,0,0,0,0,0,0,0,0,0,0,0,0,0,0,0,0,0,0,0,0,0,0,0,0,0,0,0,0,0,0,0,0,0,0,0,0,0,0,0,0,0,0,0,0,0,0,0,0,0,0,0,0,0,0,0,0,0,0,0,0,0,0,0,0,0,0,0,0,0,0,0,0,0,0,0,0,0,0,0,0,0,0,0,0,0,0,0,0,0,0,0,0,0,0,0,0,0,0,0,0,0,0,0,0,0,0,0,0,0,0,0,0,0,0,0,0,0,0,0,0,0,0,0,0,0,0,0,0,0,0,0,0,0,0,0,0,0,0,0,0,0,0,0,0,0,0,0,0,0,0,0,0,0,0,0,0,0,0,0,0,0,0,0,0,0,0,0,0,0,0,0,0,0,0,0,0,0,0,0,0,0,0,0,0,0,0,0,0,0,0,0,0,0,0,0,0,0,0,0,0
"H16-00638 - 2",0,0,0,0,0,0,0,0,0,0,0,0,0,0,0,0,0,0,0,0,0,0,0,0,0,0,0,0,0,0,0,0,0,0,0,0,0,0,0,0,0,0,0,0,0,0,0,0,0,0,0,0,0,0,0,0,0,0,0.218525033908438,1.91404601110293,7639.89016113281,0.000383453169315287,0.00346520190588984,1.91404600143433,0.000894809659681899,0.00803870524061595,7.37379965782165,3.33127655942682,4.62491306437003,113033.210913086,0.00071497269599667,0.000864601173439084,4.6249130487442,0.00210940196793013,0.0025993075777145,18.5506986618042,1.25305788681536,5.67121756280859,63502.4215087891,0.000257410248412071,0.00166490107394577,5.67121760845184,0.000842430782508536,0.00524845583057913,19.8848076343536,210.372519084928,0.913461299899553,0.752590344802462,0.900502629804475,924.493560843016,0.517460086900243,0.880894946378652,0.444882847684242,615.55652975973,0.899020329740802,0.939619650153142,0.860700954562186,0.113857564844176,3637.7,0.721394344080418,21294,0.164748091075406,6685.1,43.1,2.46674880125288,1.1303927338636,71.927406099229,31616.8,622.06199461775,1.86339175022294,227.879304346754,139.712286281555,31604.75,70.5895077409975,0.249509708957145,31604.75,0,0,0,0,0,0,0,0,0,0,0,0,0,0,0,0,0,0,0,0,0,0,0,0,0,0,0,0,0,0,0,0,0,0,0,0,0,0,0,0,0,0,0,0,0,0,0,0,0,0,0,0,0,0,0,0,0,0,0,0,0,0,0,0,0,0,0,0,0,0,0,0,0,0,0,0,0,0,0,0,0,0,0,0,0,0,0,0,0,0,0,0,0,0,0,0,0,0,0,0,0,0,0,0,0,0,0,0,0,0,0,0,0,0,0,0,0,0,0,0,0,0,0,0,0,0,0,0,0,0,0,0,0,0,0,0,0,0,0,0,0,0,0,0,0,0,0,0,0,0,0,0,0,0,0,0,0,0,0,0,0,0,0,0,0,0,0,0,0,0,0,0,0,0,0,0,0,0,0,0,0,0,0,0,0,0,0,0,0,0,0,0,0,0,0,0,0,0,0,0,0,0,0,0,0,0,0,0,0,0,0,0,0,0,0,0,0,0,0,0,0,0,0,0,0,0,0,0,0,0,0,0
"H16-03611 - 1",0.226030059814453,1.99647018295208,57863.6953125,7.79871176928282e-06,6.88841808279475e-05,1.9964702129364,3.90625e-05,0.000345029845081599,10,0.414677154541016,2.03776469070928,106157.3515625,7.96001870185137e-06,3.91163218672416e-05,2.03776478767395,4.6875e-05,0.000230348401957961,12,30.632453125,44.8308846228605,7841908,0.000175120636820793,0.000256290706864334,44.830883026123,0.000522710859775543,0.000764992282860584,133.813980102539,604.774132352941,0.908324578518772,0.775574260023679,0.899959479657807,1234.02216176471,0.842626802595063,0.830977481155438,0.824974590420799,1138.35943823529,0.755328441630894,0.958261238537786,0.488999734748302,0.11321484375,28983,0.20349609375,52095,0.6832890625,174922,293,2.58734989371654,1.68706689302782,98.9180887372014,256000,2092.42763236047,2.11009211185229,831.691627230609,394.14944141966,255923,190.128903641713,0.69643401159956,255923,0.183667316329955,1.61923343774323,3842.49345703125,0.000139819673587444,0.00123503759798465,1.61923344135284,0.000445665734099581,0.00393819051360831,5.45612483024597,0.742351456735152,1.95066487030764,11393.3990921021,0.000168288282063006,0.000704780734429426,1.95066486597061,0.000594045057055009,0.00219685164278791,6.99658968448639,4.0520271825029,6.97803271004187,105575.504833984,0.000580404941680402,0.00113454294712465,6.97803273200989,0.00213751679689363,0.00417939724458945,26.8013961791992,602.167901022014,0.905000352563739,0.719543602330742,0.896368723609757,1615.46026867082,0.747541673602585,0.804966919633307,0.722877315195134,1840.8346636544,0.686606911324483,0.912550325530157,0.556425193232587,0.113481658215032,2172,0.324713039255433,5127,0.561805302529535,11921.95,34.45,2.58399872213042,1.23923912441138,60.109702824183,19220.95,512.642241765382,1.519140840627,178.98278496307,116.134804347143,19200.725,54.7699802646294,0.583269540239038,19200.725,0,0,0,0,0,0,0,0,0,0,0,0,0,0,0,0,0,0,0,0,0,0,0,0,0,0,0,0,0,0,0,0,0,0,0,0,0,0,0,0,0,0,0,0,0,0,0,0,0,0,0,0,0,0,0,0,0,0,0,0,0,0,0,0,0,0,0,0,0,0,0,0,0,0,0,0,0,0,0,0,0,0,0,0,0,0,0,0,0,0,0,0,0,0,0,0,0,0,0,0,0,0,0,0,0,0,0,0,0,0,0,0,0,0,0,0,0,0,0,0,0,0,0,0,0,0,0,0,0,0,0,0,0,0,0,0,0,0,0,0,0,0,0,0,0,0,0,0,0,0,0,0,0,0,0,0,0,0,0,0,0,0,0,0,0,0,0,0,0,0,0,0,0,0,0,0,0,0,0,0,0,0,0,0,0,0,0,0,0,0,0,0,0,0,0,0,0,0,0,0,0,0,0,0,0,0,0,0,0,0,0,0,0,0,0,0,0,0,0,0,0,0,0,0,0,0,0,0,0,0,0,0
"H16-03611 - 2",0.227971380984182,1.99973653765824,58060.19140625,8.00551516550405e-06,7.03421820919745e-05,1.99973654747009,3.57293612294503e-05,0.000313739548410157,8.99224948883057,0.199444807463417,1.63536241409499,47458.8798828125,6.60865321544526e-06,6.24704000359571e-05,1.63536244630814,3.59487841219282e-05,0.000312563215393948,8.68914937973022,20.8685064349664,27.703100799973,5142337.75,0.000115196386915389,0.000154612622202613,27.7031002044678,0.00040986844901044,0.00054403580262166,101.02560043335,441.833262072496,0.944522125728928,0.783281349014028,0.938803400905693,616.49751438064,0.938955229484016,0.795780208498182,0.931990160070584,823.777763835559,0.831590251261732,0.964944304297625,0.645429151237212,0.114016798498277,29084.5,0.117754009138445,28281.5,0.768229192363277,197327,355,2.50805214162152,1.68456562412451,81.9895468121023,254693,2466.11662864718,3.13210328322367,1037.69910634784,330.644351745954,254597.25,156.244219949322,0.936422678714246,254597.25,0.19562532524579,1.69904817577465,5021.75690078735,0.000168591254987879,0.00146832384155842,1.69904818385839,0.000554262709786999,0.00483533555389337,5.83420610427856,0.974013635411496,2.31699480631719,22249.0391778946,0.000233093711943377,0.000990821343263377,2.31699480116367,0.000815816693206028,0.00296314561439002,8.73013700544834,5.35474800965519,9.72316622961175,251549.436248779,0.000680475030970676,0.00149669705541931,9.72316619753838,0.00234172094784983,0.00507138886288242,33.9141508340836,560.002876195064,0.904160651841907,0.734973035468589,0.894275920422901,1532.45286608667,0.718160403927927,0.813986287179703,0.688331674330414,1583.68190478,0.732963796494921,0.922745180815425,0.584097839228332,0.11501513146071,2782,0.365596162089109,8430.375,0.519388706450181,12899.375,37.125,2.68735536622168,1.41317193342188,67.9180560538115,24111.75,514.99872804923,1.31796031247352,174.95696177314,131.901071045981,24088.90625,64.8010021398252,0.537982443545836,24088.90625,0,0,0,0,0,0,0,0,0,0,0,0,0,0,0,0,0,0,0,0,0,0,0,0,0,0,0,0,0,0,0,0,0,0,0,0,0,0,0,0,0,0,0,0,0,0,0,0,0,0,0,0,0,0,0,0,0,0,0,0,0,0,0,0,0,0,0,0,0,0,0,0,0,0,0,0,0,0,0,0,0,0,0,0,0,0,0,0,0,0,0,0,0,0,0,0,0,0,0,0,0,0,0,0,0,0,0,0,0,0,0,0,0,0,0,0,0,0,0,0,0,0,0,0,0,0,0,0,0,0,0,0,0,0,0,0,0,0,0,0,0,0,0,0,0,0,0,0,0,0,0,0,0,0,0,0,0,0,0,0,0,0,0,0,0,0,0,0,0,0,0,0,0,0,0,0,0,0,0,0,0,0,0,0,0,0,0,0,0,0,0,0,0,0,0,0,0,0,0,0,0,0,0,0,0,0,0,0,0,0,0,0,0,0,0,0,0,0,0,0,0,0,0,0,0,0,0,0,0,0,0,0
"H16-04365 - 1",0,0,0,0,0,0,0,0,0,0,0,0,0,0,0,0,0,0,0,0,0,0,0,0,0,0,0,0,0,0,0,0,0,0,0,0,0,0,0,0,0,0,0,0,0,0,0,0,0,0,0,0,0,0,0,0,0,0,0.168101783064303,1.46483246360036,9887.05796185662,0.00106550060638695,0.00885315789403249,1.46483245316674,0.00120790244712314,0.0101011866310081,5.79562333050896,0.811908077612162,2.46359904850578,36514.4695140614,0.00245317591558026,0.00452346590066256,2.46359903672162,0.00413111298254877,0.00796993707323699,11.0030110022601,6.65814927912045,10.7992691657227,599823.57275256,0.00262265536493819,0.0112244825888184,10.7992691082113,0.00495681297766889,0.0152906405227055,44.8915682680467,635.709043605106,0.91291717782938,0.741868845426323,0.9053682244566,1529.67275758166,0.787106492319726,0.805457948534911,0.761308506902064,2005.06088725476,0.725486305395458,0.89132248943712,0.567838566630569,0.108091178779129,5903.35294117647,0.313184713581479,13324.7058823529,0.578724107639392,32194.8823529412,86,2.84969575590063,1.56035939948767,59.0529498492851,51422.9411764706,761.936312239855,2.55205248996683,272.720481057974,179.960180495509,51391.7058823529,88.4525548928011,0.597558973192116,51391.7058823529,0,0,0,0,0,0,0,0,0,0,0,0,0,0,0,0,0,0,0,0,0,0,0,0,0,0,0,0,0,0,0,0,0,0,0,0,0,0,0,0,0,0,0,0,0,0,0,0,0,0,0,0,0,0,0,0,0,0,0,0,0,0,0,0,0,0,0,0,0,0,0,0,0,0,0,0,0,0,0,0,0,0,0,0,0,0,0,0,0,0,0,0,0,0,0,0,0,0,0,0,0,0,0,0,0,0,0,0,0,0,0,0,0,0,0,0,0,0,0,0,0,0,0,0,0,0,0,0,0,0,0,0,0,0,0,0,0,0,0,0,0,0,0,0,0,0,0,0,0,0,0,0,0,0,0,0,0,0,0,0,0,0,0,0,0,0,0,0,0,0,0,0,0,0,0,0,0,0,0,0,0,0,0,0,0,0,0,0,0,0,0,0,0,0,0,0,0,0,0,0,0,0,0,0,0,0,0,0,0,0,0,0,0,0,0,0,0,0,0,0,0,0,0,0,0,0,0,0,0,0,0,0
"H16-04650 - 2",0,0,0,0,0,0,0,0,0,0,0,0,0,0,0,0,0,0,0,0,0,0,0,0,0,0,0,0,0,0,0,0,0,0,0,0,0,0,0,0,0,0,0,0,0,0,0,0,0,0,0,0,0,0,0,0,0,0,0.214790448909475,1.89227649444864,5261.83698527018,0.000172994758112043,0.00153605413941883,1.89227650562922,0.00051401574044215,0.00455309363023638,6.36356647809346,2.87463950163503,4.53105535538521,69126.2483723958,0.000380170939717861,0.000563532005541576,4.53105541070302,0.00139514889945098,0.00208055520452253,18.3255812327067,2.38655040429753,8.68890059647632,92646.0432942708,0.000525007715942694,0.00245321705689414,8.68890039126078,0.00143425697727596,0.00660983099020494,25.5865643819173,96.8929636951584,0.915326643648135,0.736013264016919,0.901078958727551,740.439841794656,0.550533648699671,0.868622478000036,0.499978140325474,509.267913251445,0.894257862313162,0.964688218693701,0.817399191086042,0.113536815578565,2746.33333333333,0.64001627088151,14146.8333333333,0.246446913539926,7234,34,2.6096745337988,1.25740015598377,74.0981271123122,24127.1666666667,576.586194934052,1.82359222379436,221.137565951472,117.337219150161,24105.5833333333,58.5150722336048,0.409680398898413,24105.5833333333,0,0,0,0,0,0,0,0,0,0,0,0,0,0,0,0,0,0,0,0,0,0,0,0,0,0,0,0,0,0,0,0,0,0,0,0,0,0,0,0,0,0,0,0,0,0,0,0,0,0,0,0,0,0,0,0,0,0,0,0,0,0,0,0,0,0,0,0,0,0,0,0,0,0,0,0,0,0,0,0,0,0,0,0,0,0,0,0,0,0,0,0,0,0,0,0,0,0,0,0,0,0,0,0,0,0,0,0,0,0,0,0,0,0,0,0,0,0,0,0,0,0,0,0,0,0,0,0,0,0,0,0,0,0,0,0,0,0,0,0,0,0,0,0,0,0,0,0,0,0,0,0,0,0,0,0,0,0,0,0,0,0,0,0,0,0,0,0,0,0,0,0,0,0,0,0,0,0,0,0,0,0,0,0,0,0,0,0,0,0,0,0,0,0,0,0,0,0,0,0,0,0,0,0,0,0,0,0,0,0,0,0,0,0,0,0,0,0,0,0,0,0,0,0,0,0,0,0,0,0,0,0
"H16-08527 - 2",0,0,0,0,0,0,0,0,0,0,0,0,0,0,0,0,0,0,0,0,0,0,0,0,0,0,0,0,0,0,0,0,0,0,0,0,0,0,0,0,0,0,0,0,0,0,0,0,0,0,0,0,0,0,0,0,0,0,0.223671689552479,1.94932621376629,5582.60551570012,0.000121741928920478,0.00105675088872182,1.9493262217595,0.000427403175473049,0.00371166417685766,6.85843838178195,3.49616587069594,5.02575341856384,91445.4625901442,0.000297156447498018,0.000420766243861938,5.02575346139761,0.00106542585220558,0.00151431085423428,19.1248666323148,1.64765960420333,7.81243767769437,53436.7785832332,0.000406310652466881,0.00236882086373691,7.81243771773118,0.001148601429486,0.00661788756099963,22.2895660400391,57.9218887237199,0.921761447410869,0.777325778864783,0.89975677151547,509.649290023536,0.530344523592238,0.880510909796709,0.452799623940639,404.142557092611,0.913913042240747,0.967944859512143,0.853457150454406,0.114659820172213,2766,0.694119715490796,16504.5384615385,0.19122046433699,5029.30769230769,34.4615384615385,2.45567619775453,1.13693262233615,80.2492635416884,24299.8461538462,577.942279591175,1.50320616351237,208.264429011669,134.9460259073,24279.0384615385,67.1841371534109,0.336414890034408,24279.0384615385,0,0,0,0,0,0,0,0,0,0,0,0,0,0,0,0,0,0,0,0,0,0,0,0,0,0,0,0,0,0,0,0,0,0,0,0,0,0,0,0,0,0,0,0,0,0,0,0,0,0,0,0,0,0,0,0,0,0,0,0,0,0,0,0,0,0,0,0,0,0,0,0,0,0,0,0,0,0,0,0,0,0,0,0,0,0,0,0,0,0,0,0,0,0,0,0,0,0,0,0,0,0,0,0,0,0,0,0,0,0,0,0,0,0,0,0,0,0,0,0,0,0,0,0,0,0,0,0,0,0,0,0,0,0,0,0,0,0,0,0,0,0,0,0,0,0,0,0,0,0,0,0,0,0,0,0,0,0,0,0,0,0,0,0,0,0,0,0,0,0,0,0,0,0,0,0,0,0,0,0,0,0,0,0,0,0,0,0,0,0,0,0,0,0,0,0,0,0,0,0,0,0,0,0,0,0,0,0,0,0,0,0,0,0,0,0,0,0,0,0,0,0,0,0,0,0,0,0,0,0,0,0
"H16-09934 - 1",0.165988974020334,1.4814867656431,55774.7421875,4.42456590494816e-06,3.95012430436395e-05,1.48148679733276,2.35622391320523e-05,0.000210347574735009,7.89378356933594,0.365138598150943,1.82500820634096,119970.87890625,5.47281156355741e-06,2.99589567180032e-05,1.82500821352005,2.67359188669682e-05,0.000143791396428663,8.88914489746094,20.7021631272304,29.6326131293894,7029460.75,8.79955860831723e-05,0.00012763178333481,29.6326131820679,0.000424184666400851,0.000616127426135179,142.715972900391,962.31445264327,0.905838776202632,0.69944984498167,0.897845868041456,1436.18756170544,0.849588077427982,0.80216352464888,0.833937588995829,1606.0113382041,0.694543853132376,0.937293388827692,0.481018717203864,0.112053380785743,37699,0.194178483548325,64103.5,0.693768135665932,234548,767,2.74883227078374,1.48768432223896,49.1045341636042,336350.5,2243.34141264695,1.46914841821225,794.430825051116,540.536361403112,336279.75,269.478207551442,0.928298001986881,336279.75,0.175509612543396,1.54260299784217,4786.21039326986,0.000497149730285609,0.00419463925159771,1.5426030009985,0.00101426375144128,0.00861181583518332,5.57189432779948,0.670748316220154,2.05235259053333,14783.1885426839,0.000699389361261049,0.00118062739403151,2.05235259234905,0.0018472598449324,0.00341877468244925,8.07777150472005,5.0953126685403,8.25080625012338,193094.26570638,0.000788677053572148,0.0424413699512905,8.2508061726888,0.00209985085269671,0.0446878365754387,34.5055961608887,797.147565882797,0.904091116408472,0.71191261207055,0.89506191928661,1782.27193431496,0.778794719281503,0.789951590995354,0.756489268682426,1982.27585499539,0.666021828967402,0.874105610884188,0.526404475567962,0.113824531276162,3053.375,0.295260496713406,6478.33333333333,0.590914972010432,17515.6666666667,64.375,2.81678713487643,1.58633896123259,49.055057120531,27047.375,582.922068540056,1.76993816932156,203.536919595298,143.57973104658,27024.4375,71.5410416817768,0.667697189935502,27024.4375,0,0,0,0,0,0,0,0,0,0,0,0,0,0,0,0,0,0,0,0,0,0,0,0,0,0,0,0,0,0,0,0,0,0,0,0,0,0,0,0,0,0,0,0,0,0,0,0,0,0,0,0,0,0,0,0,0,0,0,0,0,0,0,0,0,0,0,0,0,0,0,0,0,0,0,0,0,0,0,0,0,0,0,0,0,0,0,0,0,0,0,0,0,0,0,0,0,0,0,0,0,0,0,0,0,0,0,0,0,0,0,0,0,0,0,0,0,0,0,0,0,0,0,0,0,0,0,0,0,0,0,0,0,0,0,0,0,0,0,0,0,0,0,0,0,0,0,0,0,0,0,0,0,0,0,0,0,0,0,0,0,0,0,0,0,0,0,0,0,0,0,0,0,0,0,0,0,0,0,0,0,0,0,0,0,0,0,0,0,0,0,0,0,0,0,0,0,0,0,0,0,0,0,0,0,0,0,0,0,0,0,0,0,0,0,0,0,0,0,0,0,0,0,0,0,0,0,0,0,0,0,0
"H16-09934 - 2",0.169422500987125,1.50958173217876,36042.7734375,7.09593297451912e-06,6.32259040486775e-05,1.50958168506622,3.94848306088975e-05,0.000351816191108488,8.39996337890625,0.31059471641307,1.89404372456,66075.609375,8.90313334182137e-06,5.42923718398709e-05,1.89404368400574,5.26320957326231e-05,0.000320956814024609,11.1968994140625,25.7981117707614,35.6434045344435,5488264.5,0.000167545235778614,0.000231485260229168,35.6434059143066,0.000655284941105944,0.000905360301122489,139.404663085938,1086.37138047502,0.903454575749868,0.715981424129546,0.893950538357596,1290.98497939939,0.871808484639498,0.817665730582698,0.854204852430209,1498.37740025016,0.671262245667576,0.943364068815631,0.438620866792829,0.112231419720879,23876,0.163984976896573,34886,0.723783603382549,153977,423,2.84402991006979,1.65842807553515,56.4444444444444,212739,1744.26825279404,1.26570414886034,586.196330321096,463.138507406266,212679,235.034040087814,0.983793660535776,212679,0.182585276045384,1.61525619161107,7881.23087158203,7.44584662198647e-05,0.000660707080227493,1.61525619626045,0.00026399089224126,0.00234057773686886,6.14565124511719,1.22196247547903,2.70931777481204,48681.3984008789,0.000113653418468579,0.000328182236955382,2.70931777358055,0.000475071061286062,0.00135848732766827,11.9306930541992,5.08911723974478,10.1237963865927,371188.626171875,0.000366285938883315,0.000809453867349733,10.1237963914871,0.00133777736501557,0.00293163378615437,36.862532043457,617.085975786628,0.910176038780004,0.731402956162018,0.900834997154289,1562.27595745994,0.709727303256087,0.838441596749781,0.67619756990252,1477.47487671348,0.767409987170405,0.932999962068094,0.637201309823384,0.11303469627246,4968.95,0.396812869449144,15883.75,0.490152434278396,22722.85,99.85,2.67840095854549,1.45148415130769,51.1880925070889,43575.55,772.614050765054,1.82607930524928,289.188992370536,162.153511874047,43544.975,80.1263786648904,0.620422936754014,43544.975,0,0,0,0,0,0,0,0,0,0,0,0,0,0,0,0,0,0,0,0,0,0,0,0,0,0,0,0,0,0,0,0,0,0,0,0,0,0,0,0,0,0,0,0,0,0,0,0,0,0,0,0,0,0,0,0,0,0,0,0,0,0,0,0,0,0,0,0,0,0,0,0,0,0,0,0,0,0,0,0,0,0,0,0,0,0,0,0,0,0,0,0,0,0,0,0,0,0,0,0,0,0,0,0,0,0,0,0,0,0,0,0,0,0,0,0,0,0,0,0,0,0,0,0,0,0,0,0,0,0,0,0,0,0,0,0,0,0,0,0,0,0,0,0,0,0,0,0,0,0,0,0,0,0,0,0,0,0,0,0,0,0,0,0,0,0,0,0,0,0,0,0,0,0,0,0,0,0,0,0,0,0,0,0,0,0,0,0,0,0,0,0,0,0,0,0,0,0,0,0,0,0,0,0,0,0,0,0,0,0,0,0,0,0,0,0,0,0,0,0,0,0,0,0,0,0,0,0,0,0,0,0
"H17-01673 - 2",0.195537439691265,1.79850247996948,546809.5,6.43139088507028e-07,5.9154259535744e-06,1.79850244522095,3.92802393956794e-06,3.61289418939242e-05,10.9844989776611,1.07344926270649,2.98171121757018,3001840.75,1.06625097774735e-06,2.96171660044609e-06,2.9817111492157,8.07836603993769e-06,2.24392111278633e-05,22.5906982421875,4.03691545405522,7.59866375616983,11289008,2.7172594219356e-06,5.11468246500726e-06,7.59866380691528,2.84613953442971e-05,5.35727279191546e-05,79.5906982421875,721.063975852401,0.915099447859185,0.709272262103412,0.906963725667906,1462.5898619445,0.755255878389071,0.863286880655615,0.723435208386484,1592.82936467699,0.691170799891163,0.924033238935151,0.606858749642948,0.108722363115442,304036,0.360011142722686,1006751,0.531266494161871,1485657,6886,2.76141425099928,1.55165348078721,44.1527737438281,2796444,7956.67099092258,1.73453607600965,2595.46890296813,1496.34760491064,2796205.5,747.420229857341,0.738546411932533,2796205.5,0.217866903963322,1.88856860160705,3210.85508034446,0.000219357829571032,0.00191850433483613,1.88856861808083,0.000667356270964071,0.00583433244979784,6.0125452821905,2.49415965157787,3.92599842143851,41557.035489169,0.000412546008182014,0.00067684545204651,3.92599840597673,0.00141354645951796,0.00235985114614452,14.9711073528637,1.80698811182601,6.54970757881091,36498.757479581,0.000573498262440433,0.00250580740679994,6.54970754276622,0.00185026702813059,0.00778493130458782,20.8023974678733,221.809506998205,0.910662326932651,0.758338983796588,0.897723395839409,1177.87243494835,0.544276216561309,0.868618642361247,0.498628938580959,921.69620687652,0.845104280399284,0.934298555227561,0.789620541691621,0.115315964858688,1634.45454545455,0.615758522055985,8642.81818181818,0.268925513085327,3686.18181818182,20.4545454545455,2.38698075833454,1.15102657693299,72.6702052225849,13963.4545454545,437.913383600043,1.99862388769701,154.481545323605,104.408735651525,13945.5909090909,51.8128964250767,0.382378253177397,13945.5909090909,0,0,0,0,0,0,0,0,0,0,0,0,0,0,0,0,0,0,0,0,0,0,0,0,0,0,0,0,0,0,0,0,0,0,0,0,0,0,0,0,0,0,0,0,0,0,0,0,0,0,0,0,0,0,0,0,0,0,0,0,0,0,0,0,0,0,0,0,0,0,0,0,0,0,0,0,0,0,0,0,0,0,0,0,0,0,0,0,0,0,0,0,0,0,0,0,0,0,0,0,0,0,0,0,0,0,0,0,0,0,0,0,0,0,0,0,0,0,0,0,0,0,0,0,0,0,0,0,0,0,0,0,0,0,0,0,0,0,0,0,0,0,0,0,0,0,0,0,0,0,0,0,0,0,0,0,0,0,0,0,0,0,0,0,0,0,0,0,0,0,0,0,0,0,0,0,0,0,0,0,0,0,0,0,0,0,0,0,0,0,0,0,0,0,0,0,0,0,0,0,0,0,0,0,0,0,0,0,0,0,0,0,0,0,0,0,0,0,0,0,0,0,0,0,0,0,0,0,0,0,0,0
"H17-02019 - 1",0.302841943038782,2.65761638321529,80671.9453125,9.97667410036238e-06,8.75511901458353e-05,2.65761637687683,4.72654041344085e-05,0.000414781754226194,12.5907001495361,1.78427524935901,5.2835833805776,475300.59375,1.98345358533206e-05,5.87338887504734e-05,5.28358316421509,9.74874374414795e-05,0.000288679117454519,25.9689960479736,20.3526219766276,37.1163996713904,5421592.5,0.000139334709263226,0.000254100074331937,37.116397857666,0.000417612881561526,0.000761586720264284,111.244972229004,70.9521701280935,0.93967822863347,0.848503721938924,0.916188797107934,210.815008083572,0.818276002313149,0.928545215440382,0.764888790410342,118.782111677652,0.861595520815703,0.995101911115185,0.635761808592546,0.113952466936704,30355,0.337701730215517,89958,0.548345802847779,146070,171,2.5792159821745,1.31236615317485,177.514619883041,266383,2096.64292783712,2.00833939046233,827.583232781508,412.073395916908,266303,204.071066052981,0.694558027557018,266303,0.222459845747879,1.95432458025681,10226.5304870605,0.000140820718540842,0.00122738758537263,1.95432457327843,0.000455178912329178,0.00397495093737953,7.12034970521927,3.70314866772804,5.22589879507163,169052.538574219,0.000367208525934043,0.000482373924307688,5.22589880228043,0.00120615522095153,0.00159677648797275,19.1614353656769,1.80452775584744,8.34688545966809,173136.071807861,0.000376654230651704,0.00347923701634764,8.34688553214073,0.00104472902882007,0.00911027234007726,26.0532954931259,69.999635082239,0.918714853425169,0.767497546781561,0.898822706971144,484.711040296239,0.510179281083878,0.887773705542359,0.430633846873656,309.26138236779,0.90717314144166,0.955390515114186,0.869604629271803,0.113871762396509,5058,0.719939792495531,28287,0.16618844510796,10811.125,67.875,2.3194494430524,1.0589987284979,76.5414900752385,44156.125,672.276478658693,1.42554443028168,231.37588258809,169.065626371365,44123.625,84.1823655593129,0.326725122633158,44123.625,0,0,0,0,0,0,0,0,0,0,0,0,0,0,0,0,0,0,0,0,0,0,0,0,0,0,0,0,0,0,0,0,0,0,0,0,0,0,0,0,0,0,0,0,0,0,0,0,0,0,0,0,0,0,0,0,0,0,0,0,0,0,0,0,0,0,0,0,0,0,0,0,0,0,0,0,0,0,0,0,0,0,0,0,0,0,0,0,0,0,0,0,0,0,0,0,0,0,0,0,0,0,0,0,0,0,0,0,0,0,0,0,0,0,0,0,0,0,0,0,0,0,0,0,0,0,0,0,0,0,0,0,0,0,0,0,0,0,0,0,0,0,0,0,0,0,0,0,0,0,0,0,0,0,0,0,0,0,0,0,0,0,0,0,0,0,0,0,0,0,0,0,0,0,0,0,0,0,0,0,0,0,0,0,0,0,0,0,0,0,0,0,0,0,0,0,0,0,0,0,0,0,0,0,0,0,0,0,0,0,0,0,0,0,0,0,0,0,0,0,0,0,0,0,0,0,0,0,0,0,0,0
"H17-03700 - 2",0.267226617533722,2.36035225435084,76628.8359375,8.23122193696291e-06,7.27045211075231e-05,2.36035227775574,3.90574257273606e-05,0.000344985404955336,11.199951171875,1.49902290623387,4.7911123897948,429853.8125,1.67079761990791e-05,5.34013132440522e-05,4.79111242294312,8.0894207668061e-05,0.000258550579186822,23.1968994140625,38.3114459680007,66.7552013708286,10986037,0.000232794442826202,0.00040562916685141,66.7552032470703,0.000611686113231938,0.00106582324505953,175.404663085938,51.8189908125739,0.930219750108589,0.8164349238447,0.905231302096778,169.761685704261,0.799393162198725,0.932167846385954,0.754418682390631,106.727160734474,0.832446994141649,0.99612369637119,0.583555188331217,0.113214719134037,32465,0.31287575499728,89719,0.573909525868683,164572,242,3.020552148245,1.79510266449681,134.152892561983,286756,2072.71904628287,1.50484695252433,741.512457376148,492.74941623285,286675.5,250.185930859431,0.695735392924201,286675.5,0.219714301571321,1.90326024946247,8200.89639718192,0.000129696859532598,0.00112196328943046,1.90326024804796,0.000436117373278758,0.00377893608173908,6.70852225167411,3.8016716095278,5.22617881909487,90440.83984375,0.00036067545480247,0.000461774642966003,5.22617885044643,0.00125853717399308,0.00162999671224452,19.6157095772879,3.97380359146178,10.6867010304411,553196.800772531,0.000345509344634204,0.00466021048670733,10.6867007187435,0.00094738608765964,0.0119248081111266,30.7694135393415,44.5678291443488,0.927145271737718,0.779840751615946,0.899632766658274,379.33425881394,0.543545211397302,0.885764759224468,0.444389747066866,254.301519158557,0.925577170731124,0.958685381613594,0.871654591558302,0.115419326503266,4278.42857142857,0.710085977398746,18439.1428571429,0.174494696097988,14297.2857142857,41.7142857142857,2.32001553910589,0.952891306770172,82.510242898702,37014.8571428571,637.623139159998,1.46518995782405,227.881323307986,151.444582687839,36988.0714285714,75.2338992825686,0.312808451645553,36988.0714285714,0,0,0,0,0,0,0,0,0,0,0,0,0,0,0,0,0,0,0,0,0,0,0,0,0,0,0,0,0,0,0,0,0,0,0,0,0,0,0,0,0,0,0,0,0,0,0,0,0,0,0,0,0,0,0,0,0,0,0,0,0,0,0,0,0,0,0,0,0,0,0,0,0,0,0,0,0,0,0,0,0,0,0,0,0,0,0,0,0,0,0,0,0,0,0,0,0,0,0,0,0,0,0,0,0,0,0,0,0,0,0,0,0,0,0,0,0,0,0,0,0,0,0,0,0,0,0,0,0,0,0,0,0,0,0,0,0,0,0,0,0,0,0,0,0,0,0,0,0,0,0,0,0,0,0,0,0,0,0,0,0,0,0,0,0,0,0,0,0,0,0,0,0,0,0,0,0,0,0,0,0,0,0,0,0,0,0,0,0,0,0,0,0,0,0,0,0,0,0,0,0,0,0,0,0,0,0,0,0,0,0,0,0,0,0,0,0,0,0,0,0,0,0,0,0,0,0,0,0,0,0,0
"H17-05601 - 2",0,0,0,0,0,0,0,0,0,0,0,0,0,0,0,0,0,0,0,0,0,0,0,0,0,0,0,0,0,0,0,0,0,0,0,0,0,0,0,0,0,0,0,0,0,0,0,0,0,0,0,0,0,0,0,0,0,0,0.222991740167826,1.93164754059696,7017.53594970703,0.000133362680688009,0.00115854983982335,1.93164752721787,0.000463278465681731,0.00402146787684644,7.00488474369049,3.53922872730251,4.89518006696849,103144.915820312,0.000329616519705709,0.000444633140457374,4.89518005847931,0.00116405843554216,0.00157164312344182,18.488062953949,1.70152464923148,7.23590816284181,230620.191766357,0.000353920064144243,0.00290456813118015,7.23590805530548,0.00100922957100453,0.00816163520799248,21.2903881072998,57.8226023808137,0.917976317917574,0.764623650626573,0.893451453320466,548.741100244888,0.492020430080486,0.868250042406454,0.406634496960764,422.052714911189,0.912890923076521,0.951613229346775,0.865430709174481,0.115345627250656,3618.05,0.71987681254735,19380.05,0.164777560201994,8610.95,46.75,2.49339661630217,1.17278788753845,75.7098341326654,31609.05,574.987730549038,1.33023762484054,198.905383797542,144.622203239149,31586.175,72.6243768518965,0.282215860234503,31586.175,0,0,0,0,0,0,0,0,0,0,0,0,0,0,0,0,0,0,0,0,0,0,0,0,0,0,0,0,0,0,0,0,0,0,0,0,0,0,0,0,0,0,0,0,0,0,0,0,0,0,0,0,0,0,0,0,0,0,0,0,0,0,0,0,0,0,0,0,0,0,0,0,0,0,0,0,0,0,0,0,0,0,0,0,0,0,0,0,0,0,0,0,0,0,0,0,0,0,0,0,0,0,0,0,0,0,0,0,0,0,0,0,0,0,0,0,0,0,0,0,0,0,0,0,0,0,0,0,0,0,0,0,0,0,0,0,0,0,0,0,0,0,0,0,0,0,0,0,0,0,0,0,0,0,0,0,0,0,0,0,0,0,0,0,0,0,0,0,0,0,0,0,0,0,0,0,0,0,0,0,0,0,0,0,0,0,0,0,0,0,0,0,0,0,0,0,0,0,0,0,0,0,0,0,0,0,0,0,0,0,0,0,0,0,0,0,0,0,0,0,0,0,0,0,0,0,0,0,0,0,0,0
"H17-07256 - 1",0.250302422498535,2.18963162291983,224735.03125,2.43873914970112e-06,2.13339539782897e-05,2.18963170051575,1.33479373903342e-05,0.000116767011357235,11.9844989776611,5.51792440641797,9.06756440173873,4954290.5,1.00991519897668e-05,1.65958618359554e-05,9.06756401062012,6.97114645762828e-05,0.000114556334597435,62.5907173156738,9.12959790790039,32.9406332506842,8197046,3.66881830079891e-05,0.000132375159704935,32.9406318664551,0.000128349118599739,0.000463098297043718,115.23876953125,32.8895541985324,0.961173506108607,0.803196646371133,0.949454504783934,116.85222233463,0.806053979395024,0.961161644460671,0.757289770931419,74.9933974630795,0.959282874097001,0.992899692501018,0.892257165449688,0.114312571977181,102636,0.608534349682688,546375,0.277153078340131,248843,1125,2.75441219561099,1.7201070460681,91.232,897854,5286.79047303223,3.09621871233306,2150.05820156348,694.414187537603,897706,314.391475711413,0.584643599332815,897706,0.232687725842549,2.00042937271113,7544.58432006836,0.000146875499350723,0.00125890955153991,2.00042939186096,0.000466897190266845,0.00400159273840836,6.91938099265099,3.6670290627074,5.03359038500045,87650.6945800781,0.000383124400270888,0.000509455596841576,5.03359038382769,0.00136004249653376,0.00182848904507438,18.8237411975861,1.84984486284496,7.06918716113637,151323.214012146,0.000362696050777598,0.00340393739395678,7.06918708980083,0.00101636577217089,0.00922331034316303,21.9782965183258,56.8956279585593,0.92157527896714,0.768012249259706,0.897147268658488,479.51280480075,0.530373585971757,0.849054921309644,0.445482620773136,427.742230608584,0.905272143582412,0.942841874703719,0.855773026788554,0.116230523189769,3566.5625,0.696138973127212,16648.0625,0.187630503683019,10804.5625,44.75,2.33610892186915,1.18274939666949,78.5779086292481,31019.1875,616.523353738408,1.55665034152061,227.506857132136,135.381818150176,30991.71875,67.7664429775633,0.287572626619715,30991.71875,0,0,0,0,0,0,0,0,0,0,0,0,0,0,0,0,0,0,0,0,0,0,0,0,0,0,0,0,0,0,0,0,0,0,0,0,0,0,0,0,0,0,0,0,0,0,0,0,0,0,0,0,0,0,0,0,0,0,0,0,0,0,0,0,0,0,0,0,0,0,0,0,0,0,0,0,0,0,0,0,0,0,0,0,0,0,0,0,0,0,0,0,0,0,0,0,0,0,0,0,0,0,0,0,0,0,0,0,0,0,0,0,0,0,0,0,0,0,0,0,0,0,0,0,0,0,0,0,0,0,0,0,0,0,0,0,0,0,0,0,0,0,0,0,0,0,0,0,0,0,0,0,0,0,0,0,0,0,0,0,0,0,0,0,0,0,0,0,0,0,0,0,0,0,0,0,0,0,0,0,0,0,0,0,0,0,0,0,0,0,0,0,0,0,0,0,0,0,0,0,0,0,0,0,0,0,0,0,0,0,0,0,0,0,0,0,0,0,0,0,0,0,0,0,0,0,0,0,0,0,0,0
"H17-14151 - 1",0.222919935729504,1.96829442098539,87049.7890625,5.04047237654312e-06,4.45053674783009e-05,1.96829438209534,2.61125522129755e-05,0.000230563456203647,10.1968994140625,2.04419820972194,4.71339174475522,798255.3125,1.20702072247573e-05,2.78307723879644e-05,4.71339178085327,8.85809869504773e-05,0.000204244818652611,34.5906982421875,17.5631462901218,38.7669278119754,6858373.5,9.92756163321319e-05,0.000219129909200934,38.7669296264648,0.00031498240708019,0.000695256990724254,123,60.1597076117074,0.949269521102424,0.759725923497038,0.93859075875354,273.887411521095,0.812981346403921,0.923347694503146,0.787012794510181,197.813992868289,0.929439841741889,0.989359138691633,0.790266205652678,0.113255381589662,44226,0.433700044558487,169359,0.453044573851851,176913,495,2.65869495208317,1.50045317346917,89.3454545454545,390498,2931.9090885901,2.93775855184003,1221.24818948778,415.707474912417,390398,214.953483340001,0.574236765442107,390398,0.228025729367346,1.98524957733331,4957.64693117142,0.000985630785114638,0.00928407397448044,1.98524959087372,0.00154236925303746,0.0143442255151402,6.47596977949142,3.64369784117109,4.91531237215349,83119.8835845947,0.00162438248414116,0.00188936988044704,4.91531242132187,0.00391383920522036,0.0046185400065086,16.9485278129578,0.963288807838141,5.55657317416854,28109.1143066406,0.000307872196736452,0.00232239321594115,5.55657322406769,0.000898388969750629,0.00658604691565401,16.4679074764252,64.3902545609477,0.91966923502961,0.737342673515181,0.896589423816649,638.140437053218,0.491127430878745,0.838357508234213,0.40789697870643,406.571003640785,0.923724609438525,0.956730454921895,0.883533268794292,0.114470329589442,2446.4,0.744021035031351,15120.2,0.141508635379207,3564.1,32.6,2.56145966097028,1.19529487466515,81.2426239191329,21130.7,501.157622357611,1.68667257511566,171.08894993666,129.995615225694,21109.85,64.6375531082863,0.254966866617492,21109.85,0,0,0,0,0,0,0,0,0,0,0,0,0,0,0,0,0,0,0,0,0,0,0,0,0,0,0,0,0,0,0,0,0,0,0,0,0,0,0,0,0,0,0,0,0,0,0,0,0,0,0,0,0,0,0,0,0,0,0,0,0,0,0,0,0,0,0,0,0,0,0,0,0,0,0,0,0,0,0,0,0,0,0,0,0,0,0,0,0,0,0,0,0,0,0,0,0,0,0,0,0,0,0,0,0,0,0,0,0,0,0,0,0,0,0,0,0,0,0,0,0,0,0,0,0,0,0,0,0,0,0,0,0,0,0,0,0,0,0,0,0,0,0,0,0,0,0,0,0,0,0,0,0,0,0,0,0,0,0,0,0,0,0,0,0,0,0,0,0,0,0,0,0,0,0,0,0,0,0,0,0,0,0,0,0,0,0,0,0,0,0,0,0,0,0,0,0,0,0,0,0,0,0,0,0,0,0,0,0,0,0,0,0,0,0,0,0,0,0,0,0,0,0,0,0,0,0,0,0,0,0,0
"H17-15066 - 2",0,0,0,0,0,0,0,0,0,0,0,0,0,0,0,0,0,0,0,0,0,0,0,0,0,0,0,0,0,0,0,0,0,0,0,0,0,0,0,0,0,0,0,0,0,0,0,0,0,0,0,0,0,0,0,0,0,0,0.168897499068409,1.50034254058957,9710.89341042258,6.90475547304932e-05,0.000615532504285826,1.5003425208005,0.000251732876255396,0.00225361577151551,5.90542706576261,2.06255937695998,3.37138345657013,93338.3394886364,0.000163999621798144,0.000249065242567751,3.37138349359686,0.000679192532611206,0.00104312904962349,15.0122625177557,5.89771593086818,14.9876812660172,673274.827681108,0.000332735396548736,0.00158549668617742,14.9876812804829,0.00104265438865314,0.00496511294503258,45.5506723577326,494.434184145487,0.901106476471149,0.691517301797036,0.889943769143847,1338.31767599054,0.553951089822092,0.867317542453915,0.501343772401608,708.475389049908,0.880337314300953,0.950197545447083,0.764535809036031,0.11275014583651,6348.18181818182,0.591978537987336,27795.1818181818,0.295271316176154,22055.4545454545,145.363636363636,2.6617100382257,1.50267035629494,43.3902767550069,56198.8181818182,801.220949297865,1.41900899312011,283.187595653062,195.729226944061,56161.0909090909,96.8209904298469,0.462675183189876,56161.0909090909,0,0,0,0,0,0,0,0,0,0,0,0,0,0,0,0,0,0,0,0,0,0,0,0,0,0,0,0,0,0,0,0,0,0,0,0,0,0,0,0,0,0,0,0,0,0,0,0,0,0,0,0,0,0,0,0,0,0,0,0,0,0,0,0,0,0,0,0,0,0,0,0,0,0,0,0,0,0,0,0,0,0,0,0,0,0,0,0,0,0,0,0,0,0,0,0,0,0,0,0,0,0,0,0,0,0,0,0,0,0,0,0,0,0,0,0,0,0,0,0,0,0,0,0,0,0,0,0,0,0,0,0,0,0,0,0,0,0,0,0,0,0,0,0,0,0,0,0,0,0,0,0,0,0,0,0,0,0,0,0,0,0,0,0,0,0,0,0,0,0,0,0,0,0,0,0,0,0,0,0,0,0,0,0,0,0,0,0,0,0,0,0,0,0,0,0,0,0,0,0,0,0,0,0,0,0,0,0,0,0,0,0,0,0,0,0,0,0,0,0,0,0,0,0,0,0,0,0,0,0,0,0
"H17-16126 - 1",0,0,0,0,0,0,0,0,0,0,0,0,0,0,0,0,0,0,0,0,0,0,0,0,0,0,0,0,0,0,0,0,0,0,0,0,0,0,0,0,0,0,0,0,0,0,0,0,0,0,0,0,0,0,0,0,0,0,0.166253391157194,1.47840841803973,4375.35973442925,0.000162523597097256,0.00141262163314664,1.47840843598048,0.000452731537234105,0.00395827507317657,5.08664279513889,2.2330691462765,3.57236165869728,52983.8321397569,0.00036193985280667,0.000543998356613123,3.57236165470547,0.00124540978921639,0.00189467131656985,14.7918870713976,3.46042577840358,10.8022320777344,179164.551077949,0.000659844667414395,0.00303024676621451,10.8022319608265,0.00179828572443526,0.00810944363568212,29.8150312635634,303.790779391398,0.903620022469244,0.68730630568249,0.892297540970428,1119.77312864274,0.541360761947267,0.865841647113247,0.48906399069559,601.433067648395,0.887135067047143,0.947969414326489,0.788566944314625,0.112388887628333,2716.72222222222,0.621557122616796,13493.5555555556,0.266053989754871,8051.72222222222,56.7777777777778,2.61479493869147,1.25717012935994,48.1520811264778,24262,540.960916408236,1.65540241682552,192.819701941341,128.206206351941,24242.2777777778,64.3222505614735,0.467150326028152,24242.2777777778,0,0,0,0,0,0,0,0,0,0,0,0,0,0,0,0,0,0,0,0,0,0,0,0,0,0,0,0,0,0,0,0,0,0,0,0,0,0,0,0,0,0,0,0,0,0,0,0,0,0,0,0,0,0,0,0,0,0,0.202695342911126,1.79648591964448,247600.671875,1.47067179970128e-06,1.30345430863697e-05,1.79648590087891,9.32737281069311e-06,8.26683715621032e-05,11.3937683105469,1.86880587716663,4.51037585428163,2282823,3.69236560750929e-06,8.91154982161098e-06,4.5103759765625,2.74706944669428e-05,6.63007102759658e-05,33.5565795898438,45.976212014169,97.2349334907694,56161828,7.96002196780958e-05,0.000168346232261696,97.2349319458008,0.0002035616778699,0.000430511896083331,248.658935546875,306.234688917594,0.911045659401384,0.730702766419521,0.899077230933884,568.669895019789,0.714949278696958,0.924598014455044,0.672793524812783,178.46073540831,0.831363058757751,0.993083457521506,0.651224613882625,0.1128287957588,137825,0.414334844266382,506127,0.472836359974819,577589,1982,2.63180657170323,1.55111344866525,69.5383451059536,1221541,4869.1567799111,2.6914170237188,2057.0565808162,764.302433509137,1221420.5,364.573723682879,0.675685468565734,1221420.5,0,0,0,0,0,0,0,0,0,0,0,0,0,0,0,0,0,0,0,0,0,0,0,0,0,0,0,0,0,0,0,0,0,0,0,0,0,0,0,0,0,0,0,0,0,0,0,0,0,0,0,0,0,0,0,0,0,0,0,0,0,0,0,0,0,0,0,0,0,0,0,0,0,0,0,0,0,0,0,0,0,0,0,0,0,0,0,0,0,0,0,0,0,0,0,0,0,0,0,0,0,0,0,0,0,0,0,0,0,0,0,0,0,0,0,0
"H17-16126 - 2",0,0,0,0,0,0,0,0,0,0,0,0,0,0,0,0,0,0,0,0,0,0,0,0,0,0,0,0,0,0,0,0,0,0,0,0,0,0,0,0,0,0,0,0,0,0,0,0,0,0,0,0,0,0,0,0,0,0,0.167754128724551,1.48130000895945,4382.65283203125,0.000101967411771653,0.000902707832887538,1.48129999637604,0.000327979520632285,0.00290425634596478,5.44168874952528,3.14044842752122,4.28284795934866,86316.5340711806,0.000256907566283517,0.000362341544035005,4.28284788131714,0.00102417316968534,0.00144346649073845,18.2987088097466,1.40961407703361,8.03359558691245,46817.5412326389,0.000424459681324797,0.00266995582363259,8.03359550899929,0.0011762465778296,0.00732855604876797,22.340053346422,201.405741556817,0.904285135380377,0.692694983529452,0.890808314405863,796.359048005883,0.470922834741844,0.884481305905004,0.403089224041095,366.317058729924,0.923244028912923,0.96443443025385,0.871444544701723,0.113298164652043,2982.44444444444,0.726772959424916,19022.2222222222,0.159928875923042,4245.88888888889,70.5555555555556,2.57920169659879,1.3016922051189,43.9593642675478,26250.5555555556,605.923360254653,1.47527713084707,217.512738715569,142.637491906719,26229.6666666667,70.8093711883435,0.325151668269023,26229.6666666667,0,0,0,0,0,0,0,0,0,0,0,0,0,0,0,0,0,0,0,0,0,0,0,0,0,0,0,0,0,0,0,0,0,0,0,0,0,0,0,0,0,0,0,0,0,0,0,0,0,0,0,0,0,0,0,0,0,0,0,0,0,0,0,0,0,0,0,0,0,0,0,0,0,0,0,0,0,0,0,0,0,0,0,0,0,0,0,0,0,0,0,0,0,0,0,0,0,0,0,0,0,0,0,0,0,0,0,0,0,0,0,0,0,0,0,0,0,0,0,0,0,0,0,0,0,0,0,0,0,0,0,0,0,0,0,0,0,0,0,0,0,0,0,0,0,0,0,0,0,0,0,0,0,0,0,0,0,0,0,0,0,0,0,0,0,0,0,0,0,0,0,0,0,0,0,0,0,0,0,0,0,0,0,0,0,0,0,0,0,0,0,0,0,0,0,0,0,0,0,0,0,0,0,0,0,0,0,0,0,0,0,0,0,0,0,0,0,0,0,0,0,0,0,0,0,0,0,0,0,0,0,0
"H18-01953 - 1",0,0,0,0,0,0,0,0,0,0,0,0,0,0,0,0,0,0,0,0,0,0,0,0,0,0,0,0,0,0,0,0,0,0,0,0,0,0,0,0,0,0,0,0,0,0,0,0,0,0,0,0,0,0,0,0,0,0,0.152356736689786,1.36855338429695,11627.7727864583,0.000904975162390667,0.00803723199472379,1.36855338017146,0.00171839834330289,0.0152721409171326,4.46563212076823,2.45387396154757,3.54391762528317,320623.50390625,0.00189602443765228,0.00227312879139086,3.54391761620839,0.00594521453363168,0.00717877801166985,15.6568400065104,1.83099874047553,9.03863840510076,274605.21866862,0.000541684504085791,0.0020372498869617,9.03863843282064,0.00155817323276407,0.00594054006100163,26.6007639567057,398.315236863031,0.907309284613198,0.682607266384652,0.896351609733888,1446.58214732352,0.527746441851021,0.853317739805246,0.475877053621039,523.16110266661,0.870282947478626,0.966068625101055,0.829851941436284,0.111313227990953,7734.16666666667,0.682535814902958,51024.8333333333,0.206150957106089,10148,187.666666666667,2.48399753249111,1.29356405471692,32.6542163169637,68907,629.129857712531,2.03701652970895,215.496285288984,161.416324863889,68883.75,82.0773010696122,0.367881136731086,68883.75,0,0,0,0,0,0,0,0,0,0,0,0,0,0,0,0,0,0,0,0,0,0,0,0,0,0,0,0,0,0,0,0,0,0,0,0,0,0,0,0,0,0,0,0,0,0,0,0,0,0,0,0,0,0,0,0,0,0,0,0,0,0,0,0,0,0,0,0,0,0,0,0,0,0,0,0,0,0,0,0,0,0,0,0,0,0,0,0,0,0,0,0,0,0,0,0,0,0,0,0,0,0,0,0,0,0,0,0,0,0,0,0,0,0,0,0,0,0,0,0,0,0,0,0,0,0,0,0,0,0,0,0,0,0,0,0,0,0,0,0,0,0,0,0,0,0,0,0,0,0,0,0,0,0,0,0,0,0,0,0,0,0,0,0,0,0,0,0,0,0,0,0,0,0,0,0,0,0,0,0,0,0,0,0,0,0,0,0,0,0,0,0,0,0,0,0,0,0,0,0,0,0,0,0,0,0,0,0,0,0,0,0,0,0,0,0,0,0,0,0,0,0,0,0,0,0,0,0,0,0,0,0
"H18-05054 - 1",0,0,0,0,0,0,0,0,0,0,0,0,0,0,0,0,0,0,0,0,0,0,0,0,0,0,0,0,0,0,0,0,0,0,0,0,0,0,0,0,0,0,0,0,0,0,0,0,0,0,0,0,0,0,0,0,0,0,0.174673692774151,1.56667656703083,9844.81574358259,0.000143336995812411,0.00129470447745253,1.5666765826089,0.000482485870778861,0.0043602985170824,6.36655698503767,1.34835681826187,2.74192580406447,65548.2138671875,0.000244721342920288,0.000469752263714723,2.74192581857954,0.000798490337783748,0.00154398942178224,11.4214846066066,3.16545056025897,7.32828805502957,268572.806501116,0.000501674580894982,0.00140657889073141,7.32828794206892,0.00176442584363923,0.00480652762545295,28.5058691842215,480.650163178239,0.912519808153196,0.723482089852486,0.901328470938676,1621.59030670267,0.65665226389343,0.83773599803156,0.61686285475292,1425.28412635329,0.755221417650171,0.922957848468613,0.683475973149567,0.111447649541171,5862,0.479072613041382,21091.1428571429,0.409479737417448,24507.5714285714,105.571428571429,2.31871056228943,1.16426904851789,50.8865973054406,51460.7142857143,739.745990076758,1.68507456954833,280.070450775846,154.484369597394,51428.7857142857,73.842475470018,0.472589463483063,51428.7857142857,0,0,0,0,0,0,0,0,0,0,0,0,0,0,0,0,0,0,0,0,0,0,0,0,0,0,0,0,0,0,0,0,0,0,0,0,0,0,0,0,0,0,0,0,0,0,0,0,0,0,0,0,0,0,0,0,0,0,0,0,0,0,0,0,0,0,0,0,0,0,0,0,0,0,0,0,0,0,0,0,0,0,0,0,0,0,0,0,0,0,0,0,0,0,0,0,0,0,0,0,0,0,0,0,0,0,0,0,0,0,0,0,0,0,0,0,0,0,0,0,0,0,0,0,0,0,0,0,0,0,0,0,0,0,0,0,0,0,0,0,0,0,0,0,0,0,0,0,0,0,0,0,0,0,0,0,0,0,0,0,0,0,0,0,0,0,0,0,0,0,0,0,0,0,0,0,0,0,0,0,0,0,0,0,0,0,0,0,0,0,0,0,0,0,0,0,0,0,0,0,0,0,0,0,0,0,0,0,0,0,0,0,0,0,0,0,0,0,0,0,0,0,0,0,0,0,0,0,0,0,0,0
"H18-09647 - 2",0.198427529088139,1.76425664587256,159314.501953125,3.30306142450944e-06,2.9345422518779e-05,1.76425665616989,1.70057976007404e-05,0.000151087492155342,9.18914985656738,1.01114539055716,2.8941261119889,608233.984375,6.11131575472266e-06,1.6138546397791e-05,2.89412605762482,2.84987737259884e-05,7.66444523181204e-05,14.2968988418579,10.0120933107975,20.2719424248937,5037516.5,5.48400047376958e-05,0.000115534759297166,20.2719423770905,0.000163266938903971,0.000339374836014019,67.82248878479,275.681272529195,0.954133803811762,0.765987637907098,0.947248752965572,510.4324212958,0.868868272793569,0.900333445302746,0.848111525666259,410.51064595732,0.895882253379845,0.970786616178568,0.789756308985876,0.112477618304064,87972,0.33536370590497,224909,0.552158675790967,469840,1364.5,2.44532419197274,1.28857140055949,61.1026786929445,782721,6043.05445200978,2.97131847750429,2534.37055588412,818.248987584384,782533.5,193.403481979738,0.739257147969691,782533.5,0.171485237740606,1.52436902421866,3353.6769273546,0.000120133589298487,0.00105929874448242,1.5243690278795,0.000403499428138957,0.00355842648148141,5.35348876317342,2.22441307405987,3.59039219390498,48076.2471788194,0.000249429509316612,0.000438103890321039,3.59039216571384,0.000960563652605028,0.00167591625767143,14.7855313618978,2.36708604859424,7.60286873623262,51748.4204644097,0.000465510859269588,0.00178755011606337,7.60286876890394,0.00146091744126131,0.0055263543057633,23.8757962120904,379.262823712663,0.905064351046098,0.702816666417764,0.894726945561672,1265.09270528488,0.563460236754039,0.861136228150184,0.513003770994402,893.712098200683,0.850075292383282,0.944425080303754,0.773054179868338,0.112330888360884,2277,0.597377730552563,12408.2222222222,0.290291381086553,5659,56.7777777777778,2.66546514195184,1.36153287857872,45.3208649658052,20344.2222222222,535.415744421884,1.54837812075735,192.639704064165,126.74762803227,20324.1111111111,63.9133963984501,0.397317959229663,20324.1111111111,0,0,0,0,0,0,0,0,0,0,0,0,0,0,0,0,0,0,0,0,0,0,0,0,0,0,0,0,0,0,0,0,0,0,0,0,0,0,0,0,0,0,0,0,0,0,0,0,0,0,0,0,0,0,0,0,0,0,0,0,0,0,0,0,0,0,0,0,0,0,0,0,0,0,0,0,0,0,0,0,0,0,0,0,0,0,0,0,0,0,0,0,0,0,0,0,0,0,0,0,0,0,0,0,0,0,0,0,0,0,0,0,0,0,0,0,0,0,0,0,0,0,0,0,0,0,0,0,0,0,0,0,0,0,0,0,0,0,0,0,0,0,0,0,0,0,0,0,0,0,0,0,0,0,0,0,0,0,0,0,0,0,0,0,0,0,0,0,0,0,0,0,0,0,0,0,0,0,0,0,0,0,0,0,0,0,0,0,0,0,0,0,0,0,0,0,0,0,0,0,0,0,0,0,0,0,0,0,0,0,0,0,0,0,0,0,0,0,0,0,0,0,0,0,0,0,0,0,0,0,0,0
"H18-11055 - 1",0,0,0,0,0,0,0,0,0,0,0,0,0,0,0,0,0,0,0,0,0,0,0,0,0,0,0,0,0,0,0,0,0,0,0,0,0,0,0,0,0,0,0,0,0,0,0,0,0,0,0,0,0,0,0,0,0,0,0.1604150051967,1.43071372873775,18824.4238025665,0.000208030898906537,0.00184301543875523,1.43071373105049,0.000573543837422878,0.00508219406185588,5.13751983642578,2.16176669967087,3.4521165354235,352485.463720703,0.000393533151021854,0.000708435662231059,3.45211653113365,0.00135955029206256,0.00244580511687126,13.9113185882568,1.94077554160004,6.55226251495908,174808.801016235,0.000647238379349907,0.00224314557280217,6.55226253271103,0.00181728972885833,0.00651172945462439,21.9129467010498,511.705564906195,0.90360020810863,0.691182205092582,0.893831441796317,1561.01728358567,0.547177635140301,0.855988938212709,0.493329218620235,1007.5794981049,0.8456392096331,0.930629711235274,0.784593776104773,0.111988906313991,13678.95,0.618548159879685,83587.1,0.269462933806324,25988.55,379,2.65871272668229,1.31663160872343,43.3721725396605,123254.6,823.880293554417,1.54932550632773,287.73503921772,188.184763080631,123227.25,93.1815925175608,0.385820862299083,123227.25,0,0,0,0,0,0,0,0,0,0,0,0,0,0,0,0,0,0,0,0,0,0,0,0,0,0,0,0,0,0,0,0,0,0,0,0,0,0,0,0,0,0,0,0,0,0,0,0,0,0,0,0,0,0,0,0,0,0,0,0,0,0,0,0,0,0,0,0,0,0,0,0,0,0,0,0,0,0,0,0,0,0,0,0,0,0,0,0,0,0,0,0,0,0,0,0,0,0,0,0,0,0,0,0,0,0,0,0,0,0,0,0,0,0,0,0,0,0,0,0,0,0,0,0,0,0,0,0,0,0,0,0,0,0,0,0,0,0,0,0,0,0,0,0,0,0,0,0,0,0,0,0,0,0,0,0,0,0,0,0,0,0,0,0,0,0,0,0,0,0,0,0,0,0,0,0,0,0,0,0,0,0,0,0,0,0,0,0,0,0,0,0,0,0,0,0,0,0,0,0,0,0,0,0,0,0,0,0,0,0,0,0,0,0,0,0,0,0,0,0,0,0,0,0,0,0,0,0,0,0,0,0
"H18-11055 - 2",0,0,0,0,0,0,0,0,0,0,0,0,0,0,0,0,0,0,0,0,0,0,0,0,0,0,0,0,0,0,0,0,0,0,0,0,0,0,0,0,0,0,0,0,0,0,0,0,0,0,0,0,0,0,0,0,0,0,0.166823404077081,1.47820685465073,12826.80858436,7.60834089728061e-05,0.000676457880413035,1.47820686377012,0.000268608902065397,0.00239010462817877,5.7663690493657,1.51492623593825,2.99608997214974,97433.8097956731,0.000148393895292599,0.000284159005264888,2.99608997198252,0.000558025189431356,0.00107282742416522,13.1921295752892,4.10356016568147,9.85053839535842,513013.913837139,0.000325731099808997,0.000945286123356413,9.8505382171044,0.00113722656531705,0.00328578531158799,37.7761526841384,693.460465254859,0.901030276015237,0.712875377588601,0.8909045905422,1728.86661001894,0.623309674899426,0.859049259913713,0.5741355447711,1345.36107893423,0.769526662903469,0.931127901518583,0.678300437626902,0.112780704571539,8622.92307692308,0.500525922167627,32255.2307692308,0.386693373260833,35024.5384615385,187,2.61470882785089,1.27967577532432,49.0110888628247,75902.6923076923,875.638527607623,1.25073605001677,287.931155957766,238.342753805699,75869.0384615385,119.034358316244,0.445068550764618,75869.0384615385,0,0,0,0,0,0,0,0,0,0,0,0,0,0,0,0,0,0,0,0,0,0,0,0,0,0,0,0,0,0,0,0,0,0,0,0,0,0,0,0,0,0,0,0,0,0,0,0,0,0,0,0,0,0,0,0,0,0,0,0,0,0,0,0,0,0,0,0,0,0,0,0,0,0,0,0,0,0,0,0,0,0,0,0,0,0,0,0,0,0,0,0,0,0,0,0,0,0,0,0,0,0,0,0,0,0,0,0,0,0,0,0,0,0,0,0,0.164920852320691,1.44222147760297,215878.921875,1.10178613378399e-06,9.63504374073045e-06,1.44222152233124,5.79892028762665e-06,5.0711157916284e-05,7.59069967269897,1.37851904338094,3.22027317148038,1804460.75,2.46012999102502e-06,5.74695768367624e-06,3.22027325630188,1.67998074488013e-05,3.92449922786166e-05,21.9906959533691,32.1923413942864,70.3545702856303,42139292,5.37474214612431e-05,0.000117461998012284,70.3545684814453,0.000204755408987271,0.000447481549618341,268.021759033203,755.72608386558,0.903667051254745,0.689828849265333,0.894307447415211,1403.47427159268,0.697528412164365,0.879519532007427,0.656500912480534,797.100435013203,0.823391793124968,0.967326079662887,0.656822398325053,0.114351959724519,149685,0.428075188027365,560344,0.457572852248116,598956,3127,2.62114606103943,1.50315606641765,47.8685641189639,1308985,4445.83001155152,1.37551145084677,1519.39862552328,1104.60630813937,1308869,531.541155509148,0.587797935809591,1308869,0,0,0,0,0,0,0,0,0,0,0,0,0,0,0,0,0,0,0,0,0,0,0,0,0,0,0,0,0,0,0,0,0,0,0,0,0,0,0,0,0,0,0,0,0,0,0,0,0,0,0,0,0,0,0,0,0,0
"H18-17466 - 1",0,0,0,0,0,0,0,0,0,0,0,0,0,0,0,0,0,0,0,0,0,0,0,0,0,0,0,0,0,0,0,0,0,0,0,0,0,0,0,0,0,0,0,0,0,0,0,0,0,0,0,0,0,0,0,0,0,0,0.15814321796861,1.41350234765282,2693.39639718192,0.000106285484130459,0.000946125025500002,1.41350234122503,0.000344946924433888,0.00307213679563424,4.8634188629332,0.621359097699114,2.0217594338597,10568.7124815441,0.000148376910812958,0.00143045135933456,2.02175943624406,0.000531706314532975,0.00361513229537895,7.4236996060326,4.0173443284962,6.34024944645896,70283.6916852679,0.000483593403031936,0.000846994434050023,6.34024939082918,0.0018797314291521,0.00324200222258537,25.836324328468,934.535688332651,0.901398403405079,0.69826440502351,0.892849340296906,1504.86176259564,0.795625622442747,0.817845531969001,0.769866782655913,2199.6485332219,0.639873142781274,0.901516218127156,0.493858984792043,0.1118079804045,1890.80952380952,0.262351903336275,4254,0.625840116259225,10829.9047619048,43.9523809523809,2.85568752003229,1.54250849903434,44.1892868471354,16974.7142857143,501.954514257804,1.53359800472749,180.565899318302,116.85241103423,16958.1904761905,57.3981590061663,0.66267092265771,16958.1904761905,0,0,0,0,0,0,0,0,0,0,0,0,0,0,0,0,0,0,0,0,0,0,0,0,0,0,0,0,0,0,0,0,0,0,0,0,0,0,0,0,0,0,0,0,0,0,0,0,0,0,0,0,0,0,0,0,0,0,0,0,0,0,0,0,0,0,0,0,0,0,0,0,0,0,0,0,0,0,0,0,0,0,0,0,0,0,0,0,0,0,0,0,0,0,0,0,0,0,0,0,0,0,0,0,0,0,0,0,0,0,0,0,0,0,0,0,0,0,0,0,0,0,0,0,0,0,0,0,0,0,0,0,0,0,0,0,0,0,0,0,0,0,0,0,0,0,0,0,0,0,0,0,0,0,0,0,0,0,0,0,0,0,0,0,0,0,0,0,0,0,0,0,0,0,0,0,0,0,0,0,0,0,0,0,0,0,0,0,0,0,0,0,0,0,0,0,0,0,0,0,0,0,0,0,0,0,0,0,0,0,0,0,0,0,0,0,0,0,0,0,0,0,0,0,0,0,0,0,0,0,0,0
"H18-17995 - 1",0,0,0,0,0,0,0,0,0,0,0,0,0,0,0,0,0,0,0,0,0,0,0,0,0,0,0,0,0,0,0,0,0,0,0,0,0,0,0,0,0,0,0,0,0,0,0,0,0,0,0,0,0,0,0,0,0,0,0.173685835152864,1.50276033939811,6996.40458297729,0.000411403443215169,0.00350431800009554,1.50276035070419,0.00117540914522659,0.0100211874716485,5.12150573730469,1.92965889918137,3.15969304495754,45380.3973388672,0.00086538685137148,0.00113234216473514,3.15969306230545,0.0025350665425848,0.00340901742491723,11.4906959533691,3.54022892640147,8.58042572438879,509721.682067871,0.000714345537416687,0.127026027819229,8.58042579889297,0.00184196679567152,0.131234447610561,27.0160255432129,366.370996049609,0.906655935136584,0.718672733725209,0.894616918975339,1305.01931239983,0.568337284513648,0.860558526232008,0.5210654963706,734.660863140907,0.848211920245936,0.832123181174604,0.770079060755922,0.115522630290874,4333.25,0.591687474407449,14558.5,0.292789895301677,19127,73.875,2.74742606039894,1.39519635149234,49.6266258900029,38018.75,561.093082298723,1.65300019350641,205.177301032003,124.630789956599,37991.125,61.6275811199064,0.438521363226059,37991.125,0,0,0,0,0,0,0,0,0,0,0,0,0,0,0,0,0,0,0,0,0,0,0,0,0,0,0,0,0,0,0,0,0,0,0,0,0,0,0,0,0,0,0,0,0,0,0,0,0,0,0,0,0,0,0,0,0,0,0,0,0,0,0,0,0,0,0,0,0,0,0,0,0,0,0,0,0,0,0,0,0,0,0,0,0,0,0,0,0,0,0,0,0,0,0,0,0,0,0,0,0,0,0,0,0,0,0,0,0,0,0,0,0,0,0,0,0.185958343206231,1.66338015668019,206481.7890625,1.51254342424949e-06,1.35343024938972e-05,1.66338014602661,9.660949303263e-06,8.64555957439129e-05,10.5937805175781,3.29298858355967,5.61344203840922,3842939.25,4.88381233765619e-06,8.50239361981831e-06,5.61344194412231,4.92625772081888e-05,8.40128713996659e-05,57.4719390869141,18.4801114570145,57.658700399135,20436623,5.16083565392615e-05,0.000164475973192037,57.6586990356445,0.000196111154335588,0.000605631290270044,215.814056396484,568.234144508502,0.918624959862667,0.717847697592072,0.908701494077802,1265.55342154419,0.6571455405006,0.894781556104596,0.606291897432635,799.333215391192,0.878892530800642,0.957180994150131,0.767486923925292,0.111783610186469,123761,0.554812428439718,621140,0.333403961373812,361873.5,2390.5,2.65627166984515,1.40282710579198,51.7464385175945,1106774.5,4485.3112883124,1.47721110312351,1464.31884770999,997.388108905182,1106625.75,443.859573441685,0.491247049936386,1106625.75,0,0,0,0,0,0,0,0,0,0,0,0,0,0,0,0,0,0,0,0,0,0,0,0,0,0,0,0,0,0,0,0,0,0,0,0,0,0,0,0,0,0,0,0,0,0,0,0,0,0,0,0,0,0,0,0,0,0
"H18-19213 - 2",0.207542592555729,1.77840740624396,84996.86328125,4.37483143189166e-06,3.74792545976202e-05,1.77840739488602,2.52096512696648e-05,0.000215995875969693,10.2875995635986,2.41285285676405,4.86289705156679,1000908.75,1.1869261710039e-05,2.41203579368248e-05,4.86289715766907,7.29140767580865e-05,0.000147819843736799,29.9813966751099,19.7091454713506,49.6287038686758,7838750.75,0.000124940596817615,0.000314281846510657,49.6287040710449,0.000348743356687901,0.000878786853517855,138.824821472168,376.367196478089,0.918216959810366,0.763266349309176,0.907024837670572,715.224723528587,0.701219393657665,0.927798848576301,0.653938191982653,270.736688453394,0.909253375722687,0.987116564014634,0.734833898357136,0.116708455501654,47698,0.492981797674134,202534,0.390309746824212,158553,688.5,2.90287601615163,1.70383522678596,69.3161471605484,408785,2664.8546519763,1.99786882184313,1012.23336087453,537.441312591045,408690.5,267.14367281492,0.520570637512743,408690.5,0.183216505124831,1.60957892350523,3892.12228054471,0.000110647130900427,0.000978929068083862,1.60957893398073,0.000375540266249601,0.00331926855250259,5.74048317803277,3.37308951314114,4.81264401916683,80551.2623697917,0.000285826752044393,0.000422680710584406,4.81264397833082,0.00106800969759396,0.00156613280243292,19.0532312658098,1.53687184935161,7.73746045501827,32809.0282118056,0.0004640192781442,0.00234831590180163,7.73746045430501,0.00136704512494855,0.00690741468539191,23.0511636734009,343.569456194319,0.905169881220654,0.721093762654631,0.893714352767896,1061.39972153883,0.511764246518364,0.883385758151448,0.442367996891629,576.138311615699,0.897630352912232,0.95699941274666,0.839485060470515,0.11381055767188,2397.72222222222,0.68951752294998,14821.2777777778,0.19667191937814,3762.61111111111,48.3333333333333,2.51161715814875,1.19085882842823,51.7147515581647,20981.6111111111,540.642195446647,1.38529617163671,186.871570875239,134.831577951608,20959.5277777778,67.4472285020228,0.344885253724775,20959.5277777778,0,0,0,0,0,0,0,0,0,0,0,0,0,0,0,0,0,0,0,0,0,0,0,0,0,0,0,0,0,0,0,0,0,0,0,0,0,0,0,0,0,0,0,0,0,0,0,0,0,0,0,0,0,0,0,0,0,0,0,0,0,0,0,0,0,0,0,0,0,0,0,0,0,0,0,0,0,0,0,0,0,0,0,0,0,0,0,0,0,0,0,0,0,0,0,0,0,0,0,0,0,0,0,0,0,0,0,0,0,0,0,0,0,0,0,0,0,0,0,0,0,0,0,0,0,0,0,0,0,0,0,0,0,0,0,0,0,0,0,0,0,0,0,0,0,0,0,0,0,0,0,0,0,0,0,0,0,0,0,0,0,0,0,0,0,0,0,0,0,0,0,0,0,0,0,0,0,0,0,0,0,0,0,0,0,0,0,0,0,0,0,0,0,0,0,0,0,0,0,0,0,0,0,0,0,0,0,0,0,0,0,0,0,0,0,0,0,0,0,0,0,0,0,0,0,0,0,0,0,0,0,0
"H19-00319 - 1",0.229404694547244,2.0131361876687,141704.65625,3.25905228126772e-06,2.85997463908618e-05,2.01313614845276,1.58450776965071e-05,0.000139048154050272,9.78759956359863,3.25542207781695,5.88729451202553,2010893.75,9.53090028662495e-06,1.72362340768227e-05,5.88729429244995,5.40609915204401e-05,9.7767039445274e-05,33.393798828125,12.8390787850531,38.5455040315721,7930776,6.24010540996552e-05,0.000187340550100275,38.5455055236816,0.000211894277697187,0.000636149358687048,130.888366699219,63.0651014953406,0.934214260431779,0.805952948459166,0.911116973827866,194.649071177324,0.675635355037199,0.957259311806568,0.608144221081544,99.7226790546736,0.932234607146729,0.994953395486582,0.773856656101085,0.113953887448074,70390,0.552957232081281,341565,0.333088880470645,205751,861,2.60727001361086,1.80211497204501,81.753774680604,617706,3506.84097937106,2.72324205383545,1471.15065365215,540.220305271859,617612.5,254.401257858525,0.573869609581296,617612.5,0.214108328134153,1.86539052317855,4823.10377854567,0.000111591415527585,0.000972007503270907,1.86539052082942,0.000385493911265299,0.0033557563483163,6.7815152314993,3.32344181018235,4.81308403311135,75290.3753004808,0.00028042912278521,0.000414880819738236,4.81308403381935,0.00109309149618583,0.00161763170028908,18.9818746126615,1.65131456654435,7.85916273455645,41871.4584585337,0.000432277590174072,0.00214885499047675,7.8591628074646,0.0012699736270336,0.00641886459329143,23.5070968041053,89.3180367907222,0.913188619829668,0.758623454315194,0.894876150904224,642.974078407473,0.508729528392973,0.889066000567959,0.441970755862459,450.025796402544,0.887813870058879,0.960997491047654,0.837442919973073,0.114738580225036,2571.92307692308,0.685154831131298,15341.6153846154,0.200106588643666,4484.92307692308,41.0769230769231,2.36041794156368,1.13647580365721,67.773164834704,22398.4615384615,556.298462328929,1.4116156412177,194.014973384852,138.475140837874,22376.3461538462,68.982492325279,0.364782681408078,22376.3461538462,0,0,0,0,0,0,0,0,0,0,0,0,0,0,0,0,0,0,0,0,0,0,0,0,0,0,0,0,0,0,0,0,0,0,0,0,0,0,0,0,0,0,0,0,0,0,0,0,0,0,0,0,0,0,0,0,0,0,0,0,0,0,0,0,0,0,0,0,0,0,0,0,0,0,0,0,0,0,0,0,0,0,0,0,0,0,0,0,0,0,0,0,0,0,0,0,0,0,0,0,0,0,0,0,0,0,0,0,0,0,0,0,0,0,0,0,1.37803662966269,11.5396789050847,1322897.25,1.20206612939638e-05,0.000100661019143646,11.5396785736084,4.9785886859615e-05,0.000416907022642392,47.7938041687012,0.00256204386996256,1.12977896582166,2459.52880859375,1.17686904219411e-06,0.000518961406159302,1.1297789812088,3.12504231828139e-06,0.00137804317868627,3,33.078891693325,37.6617625606194,31755306,3.92315335911307e-05,4.46668140122808e-05,37.6617622375488,0.000142424414015502,0.000162156414223805,136.7255859375,30.1289703016777,0.950587989163575,0.935444009350058,0.88832173421772,21.5348641388381,0.997354785254206,0.522665985540541,0.997110655450043,174.632372885145,0.501731168577851,0.983706519523125,0.21032821566058,0.119417242108487,114639,0.00226773904229953,2177,0.878315018849214,843171,89,2.79238539608673,2.59263589299578,1288.07865168539,959987,6120.75753878163,7.26161776892526,3034.45743130495,417.876226464349,959497,204.009803685999,0.376668162143946,959497,0,0,0,0,0,0,0,0,0,0,0,0,0,0,0,0,0,0,0,0,0,0,0,0,0,0,0,0,0,0,0,0,0,0,0,0,0,0,0,0,0,0,0,0,0,0,0,0,0,0,0,0,0,0,0,0,0,0
"H19-00319 - 2",0,0,0,0,0,0,0,0,0,0,0,0,0,0,0,0,0,0,0,0,0,0,0,0,0,0,0,0,0,0,0,0,0,0,0,0,0,0,0,0,0,0,0,0,0,0,0,0,0,0,0,0,0,0,0,0,0,0,0.19138181087819,1.67918079435293,10999.3993929349,0.000208887932768322,0.00195497811920603,1.67918079632979,0.000450674955100564,0.00406394233585384,6.58944595777071,2.69549901019983,4.29017172527262,181944.612877479,0.000415702531558763,0.000594212708112725,4.29017176994911,0.00129203040427058,0.00193174815244266,18.2484210087703,3.33805099284458,11.523719068439,335762.168057002,0.000650538173378837,0.00612447929406649,11.5237190494171,0.00169072787491755,0.0123374547229664,33.5054894227248,143.234922297404,0.913501229483556,0.745366578868721,0.897111463203989,682.268557782025,0.56812882098872,0.889469013040772,0.506563757027558,444.413474535473,0.863681316297684,0.963157817509142,0.792025758912267,0.113693531915307,6199.19230769231,0.625080461879568,33916.4615384615,0.261226006205125,14623.0384615385,110.038461538462,2.65692234066203,1.37315002260988,62.2018192359126,54738.6923076923,746.652488736414,1.59274845213752,262.854560161418,177.97949658966,54708.8653846154,86.146662276861,0.388621542400439,54708.8653846154,0,0,0,0,0,0,0,0,0,0,0,0,0,0,0,0,0,0,0,0,0,0,0,0,0,0,0,0,0,0,0,0,0,0,0,0,0,0,0,0,0,0,0,0,0,0,0,0,0,0,0,0,0,0,0,0,0,0,0,0,0,0,0,0,0,0,0,0,0,0,0,0,0,0,0,0,0,0,0,0,0,0,0,0,0,0,0,0,0,0,0,0,0,0,0,0,0,0,0,0,0,0,0,0,0,0,0,0,0,0,0,0,0,0,0,0,0,0,0,0,0,0,0,0,0,0,0,0,0,0,0,0,0,0,0,0,0,0,0,0,0,0,0,0,0,0,0,0,0,0,0,0,0,0,0,0,0,0,0,0,0,0,0,0,0,0,0,0,0,0,0,0,0,0,0,0,0,0,0,0,0,0,0,0,0,0,0,0,0,0,0,0,0,0,0,0,0,0,0,0,0,0,0,0,0,0,0,0,0,0,0,0,0,0,0,0,0,0,0,0,0,0,0,0,0,0,0,0,0,0,0,0
"H19-04533 - 1",0.215622607503413,1.86351574987072,39640.70703125,1.01364519436288e-05,8.76041620286079e-05,1.86351573467255,3.91301245937948e-05,0.000338181623528442,7.19379949569702,0.810554726043417,3.02463743479408,149014.8125,1.64522851602107e-05,6.13927671810465e-05,3.02463746070862,7.82939727274087e-05,0.000292159027911685,14.393798828125,26.7557317928885,43.4128892183859,4918854,0.000236141096333514,0.000383154059638161,43.4128875732422,0.000776260630036567,0.00125953261145072,142.710083007812,415.04693877551,0.90216189499619,0.76699050285449,0.89116222762871,828.24417097311,0.787963643258404,0.891457520407018,0.764343444094269,410.017570289919,0.769990644195946,0.985377274412751,0.510760207973954,0.115707424269621,21272,0.267984095124644,49267,0.616308480605734,113304,212,2.68822088206547,1.569580831158,100.339622641509,183843,1614.17784899841,1.15033591409576,520.092462174625,452.122250380621,183799,224.356858598083,0.672562468000557,183799,0.184673768742802,1.63640196254285,6886.13024097019,0.000445589050190508,0.00418239065527642,1.63640197118123,0.00106488573106374,0.0099236732135071,5.99758874045478,2.13649686742274,3.51684476230636,64318.377081977,0.000766101023916474,0.000934488473115248,3.51684474945068,0.00254899667153099,0.00318036900432466,14.7031874126858,2.85332056859703,8.16986389104126,137310.125379774,0.000549999447681623,0.0567568703925752,8.16986391279432,0.00116963262093433,0.0593475116301183,27.3276511298286,373.893240484472,0.909076113530856,0.72364844630154,0.898549417081486,1584.97107895739,0.569919669348349,0.824703732236318,0.522691837764492,935.883169179683,0.842046371983847,0.817238612182665,0.761037289967082,0.112545956041385,4244.77777777778,0.587276819918262,17903.1111111111,0.300177224040353,15792.6666666667,91.7777777777778,2.4419199590696,1.21752408200617,54.5421905357189,37940.5555555556,686.376843426695,2.06727974712187,245.502004587298,161.417019373258,37913.5,80.1856860240542,0.332154725017441,37913.5,0,0,0,0,0,0,0,0,0,0,0,0,0,0,0,0,0,0,0,0,0,0,0,0,0,0,0,0,0,0,0,0,0,0,0,0,0,0,0,0,0,0,0,0,0,0,0,0,0,0,0,0,0,0,0,0,0,0,0.197584900715593,1.79355229076346,292901.4375,1.20989112273568e-06,1.09826357525189e-05,1.79355227947235,8.0949374261337e-06,7.34807847747814e-05,12,1.87069956449237,4.18089879509353,2773140,2.82034275744723e-06,6.30329308894754e-06,4.18089866638184,1.88777293905001e-05,4.21905674010573e-05,27.9844970703125,51.7347666769203,116.942099260154,76692032,7.88865821858101e-05,0.000178316500041021,116.942100524902,0.000250527666005981,0.00056629676844674,371.384216308594,486.102104914977,0.911162382109007,0.720379963073604,0.90042635750632,863.692346128209,0.688897263969063,0.915554548426962,0.646396854694322,323.576658497592,0.841440379824569,0.986865808830164,0.670408361214739,0.110164003432253,163308,0.447439571292114,663288,0.442396425275633,655812,2992,2.67210608552395,1.47806870792627,54.581550802139,1482408,4853.30100757589,1.12968142437969,1482.69408343968,1312.48868171292,1482162,608.822634270442,0.602057184032847,1482162,0.227069572895353,1.94663211338567,140831.046875,3.13866111183989e-06,2.69072532943815e-05,1.94663214683533,1.99682021057211e-05,0.000171184289334468,12.3844985961914,1.55959826575149,3.66364796739653,967280,5.90709918090931e-06,1.3876350328538e-05,3.66364789009094,3.44843869753537e-05,8.10071779531594e-05,21.3875961303711,31.4778744653029,68.7804709629233,19522924,0.000110898503576618,0.000242317864044186,68.7804718017578,0.00034887300923345,0.000762302102315665,216.374877929688,421.064674924258,0.916937258120616,0.763448139845355,0.90491960645214,822.337755502706,0.72813160123531,0.915596685600431,0.686953535379539,374.558197280884,0.847366052604911,0.984288902177154,0.682211545944013,0.11664739903033,72346,0.425695448806938,264021,0.457657152162732,283844,1119,2.74982940805028,1.55013303388859,64.6523681858802,620211,3238.89985387411,1.68781728626911,1180.38580852086,699.356392497956,620104,356.407070636933,0.613055008080794,620104,0,0,0,0,0,0,0,0,0,0,0,0,0,0,0,0,0,0,0,0,0,0,0,0,0,0,0,0,0,0,0,0,0,0,0,0,0,0,0,0,0,0,0,0,0,0,0,0,0,0,0,0,0,0,0,0,0,0
"H19-05840 - 2",0.227997391591476,2.02990866533594,112117.9453125,4.12791973391813e-06,3.67517364089217e-05,2.02990865707398,2.64108854800562e-05,0.000235141660704708,12.9875793457031,1.54806395919886,4.30811979355306,761262,8.76077481055401e-06,2.43804315344573e-05,4.30811977386475,5.04129506528393e-05,0.000140294610741604,24.7906188964844,30.8812366421217,58.4490404674113,15185879,0.000118859014947054,0.000224964934373161,58.4490394592285,0.000358452568840099,0.000678444614915622,176.269409179688,205.960355133134,0.925478793268637,0.791915757197628,0.912861142886741,415.369469159635,0.779232784020845,0.935048514108024,0.744550677256156,180.525852970289,0.808678516491249,0.992714639691492,0.645046286867399,0.1123190395139,55233,0.359336330785296,176704,0.528344629700804,259814,614,3.02117845119088,1.90825197917621,89.9560260586319,491751,2863.35064736294,1.90028797765699,1097.34690942495,577.463480444662,491652.5,287.784641702784,0.677670199506874,491652.5,0.199673468459912,1.76247784384709,3692.67766655816,0.000148136594994147,0.00131287871673609,1.76247782177395,0.00046754905349717,0.00413968294016208,6.12953694661458,2.60451442308386,4.33587600328892,48524.3553602431,0.000340034085127913,0.000555114608207649,4.33587593502469,0.00121450918167595,0.00201542620733474,17.0973171657986,3.98065797904749,11.6768575760284,89427.4782986111,0.000758515754131179,0.00286930463362374,11.676857524448,0.00203571311911081,0.0076806992300325,31.9908718532986,162.171895494065,0.912532753888424,0.763153605040496,0.895961754437835,711.195513616029,0.578627965720786,0.888957048696981,0.518406594231984,395.816463396553,0.885594546754634,0.977837676731501,0.76298880056766,0.113231130881197,2015.55555555556,0.585451478521483,9963.22222222222,0.30131739059732,5799.33333333333,27.4444444444444,2.84622970795008,1.55443418390857,73.8031760312462,17778.1111111111,490.045967327566,1.39794546868597,170.133113323156,123.267685839557,17758.9444444444,62.1855344498784,0.503634411280238,17758.9444444444,0,0,0,0,0,0,0,0,0,0,0,0,0,0,0,0,0,0,0,0,0,0,0,0,0,0,0,0,0,0,0,0,0,0,0,0,0,0,0,0,0,0,0,0,0,0,0,0,0,0,0,0,0,0,0,0,0,0,0,0,0,0,0,0,0,0,0,0,0,0,0,0,0,0,0,0,0,0,0,0,0,0,0,0,0,0,0,0,0,0,0,0,0,0,0,0,0,0,0,0,0,0,0,0,0,0,0,0,0,0,0,0,0,0,0,0,0,0,0,0,0,0,0,0,0,0,0,0,0,0,0,0,0,0,0,0,0,0,0,0,0,0,0,0,0,0,0,0,0,0,0,0,0,0,0,0,0,0,0,0,0,0,0,0,0,0,0,0,0,0,0,0,0,0,0,0,0,0,0,0,0,0,0,0,0,0,0,0,0,0,0,0,0,0,0,0,0,0,0,0,0,0,0,0,0,0,0,0,0,0,0,0,0,0,0,0,0,0,0,0,0,0,0,0,0,0,0,0,0,0,0,0
"H19-07811 - 1",0.296774638369765,2.44801814994072,109483.2578125,6.81146487777568e-06,5.62697307664839e-05,2.44801819324493,3.15508784949961e-05,0.000260699567361998,11.2953491210938,0.899525265886456,2.87925403763744,300657.03125,8.5110406575435e-06,2.78046462715352e-05,2.87925398349762,4.62457653213409e-05,0.000148496260819235,15.486047744751,21.6897858068023,37.4624541356097,7857938.75,0.000107910047732742,0.000192193429975453,37.4624538421631,0.000368882073869872,0.00064958214916067,130.144943237305,335.529378482308,0.916141694457887,0.822072703289665,0.901322136830989,961.754800595506,0.8054163879343,0.863054795707642,0.770914779182046,783.450602368787,0.80843898005869,0.9682704588042,0.575888194527124,0.121194197174658,44477.5,0.286366026384976,100837.5,0.592439776440367,221164.5,305.5,2.44527637515182,1.60974252735333,145.474664623693,366479.5,2767.07943597608,2.7295431268877,1145.22707452408,420.891952337502,366394.25,205.715395919556,0.645266269929774,366394.25,0.210731997615481,1.84246494467131,6700.16066473928,0.00099127421671163,0.00749207002384503,1.84246495674396,0.00156288551891098,0.012130238854064,6.57514117915055,1.82811864536626,3.12297405581125,48517.6460897511,0.000207809957158491,0.000449380209864758,3.12297404634541,0.000800666652104017,0.00155489822742703,12.8387606061738,2.97479431661516,7.41181401781251,159695.523591666,0.00167772124179332,0.00285347905725464,7.41181401137648,0.00386510066988595,0.0074288145375879,25.3677108041171,492.934391412218,0.910929398955778,0.72181348835004,0.900679495720067,1212.83644082231,0.65851654206497,0.851163151454093,0.616468386867532,1677.77739894355,0.763067124591997,0.900513045155816,0.69306433996164,0.114694406242863,3577.65517241379,0.485573340108166,13700.4827586207,0.399732253648972,14320,53.3793103448276,2.6352885126122,1.26034248022023,74.4538525659938,31598.1379310345,636.791255764949,1.82470300702929,234.396191735803,128.780268901242,31572.9827586207,64.178035507261,0.450271796855853,31572.9827586207,0,0,0,0,0,0,0,0,0,0,0,0,0,0,0,0,0,0,0,0,0,0,0,0,0,0,0,0,0,0,0,0,0,0,0,0,0,0,0,0,0,0,0,0,0,0,0,0,0,0,0,0,0,0,0,0,0,0,0,0,0,0,0,0,0,0,0,0,0,0,0,0,0,0,0,0,0,0,0,0,0,0,0,0,0,0,0,0,0,0,0,0,0,0,0,0,0,0,0,0,0,0,0,0,0,0,0,0,0,0,0,0,0,0,0,0,0,0,0,0,0,0,0,0,0,0,0,0,0,0,0,0,0,0,0,0,0,0,0,0,0,0,0,0,0,0,0,0,0,0,0,0,0,0,0,0,0,0,0,0,0,0,0,0,0,0,0,0,0,0,0,0,0,0,0,0,0,0,0,0,0,0,0,0,0,0,0,0,0,0,0,0,0,0,0,0,0,0,0,0,0,0,0,0,0,0,0,0,0,0,0,0,0,0,0,0,0,0,0,0,0,0,0,0,0,0,0,0,0,0,0,0
"H19-07811 - 2",0.192814005743021,1.72576808033443,101761.640625,3.26991837235171e-06,2.92671724263887e-05,1.72576808929443,1.77990071106584e-05,0.000159308750496885,9.39379978179932,0.665302695203033,2.03510863737792,351127.46875,3.85604469795457e-06,1.17953375621421e-05,2.03510856628418,1.8935862731364e-05,5.7923315324976e-05,9.99379920959473,25.6849580594614,45.7548047389206,13555776,8.66944309531117e-05,0.000154436178210938,45.7548065185547,0.000343741613045049,0.000612336229987506,181.416854858398,637.529915383784,0.910706101775873,0.725183873320289,0.90227995874193,1752.18371011248,0.759189851921101,0.82176098554817,0.731732077623162,1375.65456931673,0.780803120163528,0.94310751683938,0.585912674688042,0.111726487434891,58966,0.3269126192989,172535,0.561360893266208,296270,1055,2.58277625149618,1.38676117701906,55.8919431279621,527771,2803.99530830361,1.47020970693605,996.049347711746,677.487941354664,527703.5,336.752134365916,0.606928422481347,527703.5,0.221576928372348,1.92929797717338,7910.09017753601,0.000136365891218574,0.00118959225219838,1.92929797619581,0.000455281873974706,0.00397275670396022,7.38880915939808,1.57258656914163,3.10335974472894,47652.3181823492,0.000204889985825043,0.0017485409252378,3.10335974767804,0.000740218010180286,0.00394081735347614,13.1703985780478,4.3273450209111,9.99841290670911,253994.214920044,0.000496886291911496,0.00128940285764457,9.9984128549695,0.00170331452581088,0.00441716295544795,35.273354113102,370.02970873272,0.90794613037155,0.745177894017111,0.898421132777136,1449.19367367136,0.648575479066653,0.843452286491908,0.607718183482842,1303.50579021363,0.797355536721362,0.933069103437043,0.681572146134322,0.114882256114303,3913.34375,0.476002301714609,14754.78125,0.409115442171088,15444.4375,47.78125,2.64021276770798,1.347985714522,84.2822598682729,34112.5625,642.015782433732,1.52311265744791,230.460524778649,150.171218872334,34085.3125,74.4568521831516,0.481178908291844,34085.3125,0,0,0,0,0,0,0,0,0,0,0,0,0,0,0,0,0,0,0,0,0,0,0,0,0,0,0,0,0,0,0,0,0,0,0,0,0,0,0,0,0,0,0,0,0,0,0,0,0,0,0,0,0,0,0,0,0,0,0,0,0,0,0,0,0,0,0,0,0,0,0,0,0,0,0,0,0,0,0,0,0,0,0,0,0,0,0,0,0,0,0,0,0,0,0,0,0,0,0,0,0,0,0,0,0,0,0,0,0,0,0,0,0,0,0,0,0,0,0,0,0,0,0,0,0,0,0,0,0,0,0,0,0,0,0,0,0,0,0,0,0,0,0,0,0,0,0,0,0,0,0,0,0,0,0,0,0,0,0,0,0,0,0,0,0,0,0,0,0,0,0,0,0,0,0,0,0,0,0,0,0,0,0,0,0,0,0,0,0,0,0,0,0,0,0,0,0,0,0,0,0,0,0,0,0,0,0,0,0,0,0,0,0,0,0,0,0,0,0,0,0,0,0,0,0,0,0,0,0,0,0,0
"H19-09323 - 1",0,0,0,0,0,0,0,0,0,0,0,0,0,0,0,0,0,0,0,0,0,0,0,0,0,0,0,0,0,0,0,0,0,0,0,0,0,0,0,0,0,0,0,0,0,0,0,0,0,0,0,0,0,0,0,0,0,0,0.229313860526205,2.0153462178237,4243.09611002604,0.000138350574005794,0.00121837475124275,2.01534620920817,0.000506717998873512,0.00446107224748349,7.69276642799377,1.49596235738612,2.93097522455966,33752.7706705729,0.000181425006473965,0.000423614508951791,2.93097517887751,0.000750635989115856,0.00177608344448955,12.3229987621307,3.81939698118197,8.6253676576565,53359.51953125,0.000659176009629098,0.00146971689960062,8.62536772092183,0.0022468705324134,0.00509009602158402,30.6152458190918,268.630869363182,0.907903124930723,0.736401543297042,0.897559447181625,1347.62070515963,0.648723939825381,0.83837796568186,0.608390665909197,1169.61876327853,0.76982418818476,0.938208737461815,0.661024777178421,0.113703850536687,2083.16666666667,0.470876642558999,9688.83333333333,0.415419506904314,6496.66666666667,28.5,2.64759687191564,1.13163977080931,80.9808510933511,18268.6666666667,504.978402770431,1.28125413822479,169.793837002585,130.475966161589,18249.4166666667,64.7896446588619,0.493277166338584,18249.4166666667,0,0,0,0,0,0,0,0,0,0,0,0,0,0,0,0,0,0,0,0,0,0,0,0,0,0,0,0,0,0,0,0,0,0,0,0,0,0,0,0,0,0,0,0,0,0,0,0,0,0,0,0,0,0,0,0,0,0,0,0,0,0,0,0,0,0,0,0,0,0,0,0,0,0,0,0,0,0,0,0,0,0,0,0,0,0,0,0,0,0,0,0,0,0,0,0,0,0,0,0,0,0,0,0,0,0,0,0,0,0,0,0,0,0,0,0,0,0,0,0,0,0,0,0,0,0,0,0,0,0,0,0,0,0,0,0,0,0,0,0,0,0,0,0,0,0,0,0,0,0,0,0,0,0,0,0,0,0,0,0,0,0,0,0,0,0,0,0,0,0,0,0,0,0,0,0,0,0,0,0,0,0,0,0,0,0,0,0,0,0,0,0,0,0,0,0,0,0,0,0,0,0,0,0,0,0,0,0,0,0,0,0,0,0,0,0,0,0,0,0,0,0,0,0,0,0,0,0,0,0,0,0
"H19-10049 - 1",0,0,0,0,0,0,0,0,0,0,0,0,0,0,0,0,0,0,0,0,0,0,0,0,0,0,0,0,0,0,0,0,0,0,0,0,0,0,0,0,0,0,0,0,0,0,0,0,0,0,0,0,0,0,0,0,0,0,0.187691597002273,1.64236782665756,5039.69159757174,0.000283551352428834,0.00245207306777873,1.6423678123034,0.000735231905906553,0.00636803926379494,5.62647680135874,2.34071543622785,3.84228111883285,51157.8689903846,0.000638081138702035,0.000858648447462152,3.84228115815383,0.0019594763722446,0.00273806113223913,14.8493752112755,4.13698751825805,11.910346537578,226866.381948618,0.000681193821782337,0.0278267654006872,11.910346691425,0.00174489452440108,0.0317859691894891,32.659156359159,161.786499490977,0.910659731442333,0.734570134663688,0.896582439703823,862.94188261134,0.570053983337508,0.872534101396367,0.519806601484397,513.948161816219,0.909029539303952,0.89443329189433,0.782189594958475,0.114290743371567,2986.15384615385,0.604345983654314,13434.1538461538,0.281363272974119,9729.76923076923,43.5384615384615,2.67390968327225,1.26145858141244,73.2053766751835,26150.0769230769,549.110020215982,1.55734736330037,194.327579471501,131.898852473002,26133.8461538462,65.0802097923522,0.453776749438198,26133.8461538462,0,0,0,0,0,0,0,0,0,0,0,0,0,0,0,0,0,0,0,0,0,0,0,0,0,0,0,0,0,0,0,0,0,0,0,0,0,0,0,0,0,0,0,0,0,0,0,0,0,0,0,0,0,0,0,0,0,0,0,0,0,0,0,0,0,0,0,0,0,0,0,0,0,0,0,0,0,0,0,0,0,0,0,0,0,0,0,0,0,0,0,0,0,0,0,0,0,0,0,0,0,0,0,0,0,0,0,0,0,0,0,0,0,0,0,0,0,0,0,0,0,0,0,0,0,0,0,0,0,0,0,0,0,0,0,0,0,0,0,0,0,0,0,0,0,0,0,0,0,0,0,0,0,0,0,0,0,0,0,0,0,0,0,0,0,0,0,0,0,0,0,0,0,0,0,0,0,0,0,0,0,0,0,0,0,0,0,0,0,0,0,0,0,0,0,0,0,0,0,0,0,0,0,0,0,0,0,0,0,0,0,0,0,0,0,0,0,0,0,0,0,0,0,0,0,0,0,0,0,0,0,0
"H19-10049 - 2",0.215831106814593,1.90171170180063,56450.41015625,7.27095764979718e-06,6.40652102933163e-05,1.9017117023468,3.13398231844224e-05,0.000276138640818707,8.1968994140625,2.27118388906094,4.80028667129974,594025.875,1.83532981195376e-05,3.87908230425295e-05,4.80028676986694,0.0001145471552508,0.000242102449402749,29.9596939086914,17.6150549227869,42.6130950729302,4607200,0.000162925854542873,0.000394138704642508,42.613094329834,0.000453576867006831,0.00109726107817244,118.63257598877,127.291799024652,0.923120037263187,0.786372976950987,0.904486272951011,336.482590264418,0.69411282316692,0.944766293636906,0.638924842160824,151.328195606461,0.934413587286931,0.993599849272224,0.702437984921391,0.113493073955549,29684,0.473135053087567,123748,0.413371872956884,108117,417,2.70549528393878,1.69922284212369,71.1846522781775,261549,2122.63578516218,1.95091969642373,811.86044954959,416.142423000714,261485.5,216.448608219134,0.549784084910926,261485.5,0.191980263089748,1.71228764049804,10542.6835327148,9.21774461974053e-05,0.000830364810973017,1.71228764454524,0.000319745924102449,0.00288015711685033,6.39483300844828,3.02751291518371,4.5205147678669,153985.026041667,0.000240993526987007,0.000336844454390938,4.52051480611165,0.00084016860305441,0.00118898570816324,17.4922475814819,3.88461911982327,12.0445701363023,370768.46101888,0.000381254713549357,0.00213711694933468,12.0445703665415,0.00107648861701168,0.00588842101649523,36.1746791203817,148.254246245637,0.913431987320619,0.736477717396021,0.898476675380719,639.597828382584,0.534132166599672,0.890118247921065,0.472366102655527,352.428355436285,0.931283068406149,0.971761929498047,0.831614351717135,0.112080059450572,6041.33333333333,0.666168971283047,31554.1666666667,0.221750969266381,15552.3333333333,92.5,2.69016256583012,1.50980877315981,58.5163693275588,53147.8333333333,783.84747425791,1.42307170671801,279.573401387122,184.751687365847,53122,90.3683793561143,0.35678324321853,53122,0,0,0,0,0,0,0,0,0,0,0,0,0,0,0,0,0,0,0,0,0,0,0,0,0,0,0,0,0,0,0,0,0,0,0,0,0,0,0,0,0,0,0,0,0,0,0,0,0,0,0,0,0,0,0,0,0,0,0,0,0,0,0,0,0,0,0,0,0,0,0,0,0,0,0,0,0,0,0,0,0,0,0,0,0,0,0,0,0,0,0,0,0,0,0,0,0,0,0,0,0,0,0,0,0,0,0,0,0,0,0,0,0,0,0,0,0,0,0,0,0,0,0,0,0,0,0,0,0,0,0,0,0,0,0,0,0,0,0,0,0,0,0,0,0,0,0,0,0,0,0,0,0,0,0,0,0,0,0,0,0,0,0,0,0,0,0,0,0,0,0,0,0,0,0,0,0,0,0,0,0,0,0,0,0,0,0,0,0,0,0,0,0,0,0,0,0,0,0,0,0,0,0,0,0,0,0,0,0,0,0,0,0,0,0,0,0,0,0,0,0,0,0,0,0,0,0,0,0,0,0,0
"H19-11364 - 2",0,0,0,0,0,0,0,0,0,0,0,0,0,0,0,0,0,0,0,0,0,0,0,0,0,0,0,0,0,0,0,0,0,0,0,0,0,0,0,0,0,0,0,0,0,0,0,0,0,0,0,0,0,0,0,0,0,0,0.213104254263114,1.8707355379477,18742.7601074219,7.84590008297437e-05,0.00069279521144815,1.87073553800583,0.000273287314018055,0.00241106431939686,7.09627985954285,3.76697755065316,5.56426398732872,334493.3640625,0.00021808364356827,0.000310965844229676,5.56426393985748,0.000788656840667713,0.00113228581233697,23.6097671508789,2.15253101636142,9.0579381412825,321361.851660156,0.000289635362950202,0.00154107608872734,9.05793817043304,0.000906428817258041,0.0047972781745507,29.7776754379272,138.462175399525,0.913029230768439,0.764571750652422,0.896202252705111,577.996159954316,0.526290408893458,0.906217261061217,0.455049221169725,376.126956290315,0.888457954460163,0.968667194805522,0.831445648822633,0.113977553174527,10101.7,0.67391279603747,53974.4,0.212109650788003,23616.7,150.1,2.51644995743023,1.29249131594039,68.4875656220717,87692.8,937.008642997423,1.38840450993572,324.044652401871,232.23091637203,87660.15,114.586257751501,0.3410797412743,87660.15,0,0,0,0,0,0,0,0,0,0,0,0,0,0,0,0,0,0,0,0,0,0,0,0,0,0,0,0,0,0,0,0,0,0,0,0,0,0,0,0,0,0,0,0,0,0,0,0,0,0,0,0,0,0,0,0,0,0,0,0,0,0,0,0,0,0,0,0,0,0,0,0,0,0,0,0,0,0,0,0,0,0,0,0,0,0,0,0,0,0,0,0,0,0,0,0,0,0,0,0,0,0,0,0,0,0,0,0,0,0,0,0,0,0,0,0,0,0,0,0,0,0,0,0,0,0,0,0,0,0,0,0,0,0,0,0,0,0,0,0,0,0,0,0,0,0,0,0,0,0,0,0,0,0,0,0,0,0,0,0,0,0,0,0,0,0,0,0,0,0,0,0,0,0,0,0,0,0,0,0,0,0,0,0,0,0,0,0,0,0,0,0,0,0,0,0,0,0,0,0,0,0,0,0,0,0,0,0,0,0,0,0,0,0,0,0,0,0,0,0,0,0,0,0,0,0,0,0,0,0,0,0
"H19-16473 - 2",0,0,0,0,0,0,0,0,0,0,0,0,0,0,0,0,0,0,0,0,0,0,0,0,0,0,0,0,0,0,0,0,0,0,0,0,0,0,0,0,0,0,0,0,0,0,0,0,0,0,0,0,0,0,0,0,0,0,0.185791352845735,1.61019938787207,4430.62483723958,0.000140421754605168,0.00121644243637554,1.61019938786825,0.00046317347681754,0.00402447763674573,5.63627983729045,2.11149860747583,3.37786660804347,38970.2482421875,0.000296162553435919,0.000458812520416544,3.37786660194397,0.00104265448968462,0.00161531148574406,12.7919389724731,2.39486323424694,7.43359401911368,118985.184065755,0.000481399138388661,0.00214570958323006,7.43359409968058,0.00150864070562595,0.00669750896898827,24.3049104054769,470.32582860795,0.900884948438824,0.720542875112714,0.888762038033869,1602.48589383445,0.532354256481894,0.851973485283439,0.480471585982236,1002.39307796762,0.843834137804483,0.934056245747199,0.774137286651712,0.115486892488445,2686.46666666667,0.612915620786837,11813.2,0.271597486724719,8943.06666666667,48.0666666666667,2.5190235058202,1.26338610100793,53.4972551939162,23442.7333333333,529.974001625232,1.3432562204879,183.545025021479,132.06480155088,23419.0333333333,65.6076383044479,0.357921450678738,23419.0333333333,0,0,0,0,0,0,0,0,0,0,0,0,0,0,0,0,0,0,0,0,0,0,0,0,0,0,0,0,0,0,0,0,0,0,0,0,0,0,0,0,0,0,0,0,0,0,0,0,0,0,0,0,0,0,0,0,0,0,0,0,0,0,0,0,0,0,0,0,0,0,0,0,0,0,0,0,0,0,0,0,0,0,0,0,0,0,0,0,0,0,0,0,0,0,0,0,0,0,0,0,0,0,0,0,0,0,0,0,0,0,0,0,0,0,0,0,0,0,0,0,0,0,0,0,0,0,0,0,0,0,0,0,0,0,0,0,0,0,0,0,0,0,0,0,0,0,0,0,0,0,0,0,0,0,0,0,0,0,0,0,0,0,0,0,0,0,0,0,0,0,0,0,0,0,0,0,0,0,0,0,0,0,0,0,0,0,0,0,0,0,0,0,0,0,0,0,0,0,0,0,0,0,0,0,0,0,0,0,0,0,0,0,0,0,0,0,0,0,0,0,0,0,0,0,0,0,0,0,0,0,0,0
"H19-18272 - 1",0.189202346926126,1.6676544440647,84562.345703125,4.37067861209039e-06,3.86725270872711e-05,1.6676544547081,2.41309069066581e-05,0.000213364489546399,9.4953498840332,0.103006645097664,1.44563070219281,51089.806640625,3.70411958498251e-06,6.12017525140277e-05,1.44563066959381,1.57866906919869e-05,0.000255361700268555,6.39379978179932,16.2807354297112,19.8396486181114,6573101.75,5.65455105137896e-05,6.83986088304569e-05,19.8396482467651,0.000342071770695768,0.000414852134274935,126.352733612061,949.420039404215,0.906670896890001,0.713580727914073,0.898011912105112,743.791059488601,0.941788485272201,0.742852612238756,0.935933261532269,1629.12702120278,0.621631207141946,0.930281013946503,0.396378331247695,0.113413718892923,50004.5,0.0695784102393621,33511,0.817007870867715,355755,871.5,2.78935189128287,1.53898932295867,56.8313299104608,439270.5,2553.28253814391,1.51924539969719,905.79772299822,606.72667521267,439177.25,292.420514980931,0.955909274048283,439177.25,0.221010163340769,1.94022092307846,12567.9209333147,0.000128504625269062,0.00113245367663674,1.94022094351905,0.000445323193770168,0.00392506434942443,7.82325673103333,0.411537616651251,1.7992524190777,15846.774117606,0.000111226830161577,0.000539421801474682,1.79925239086151,0.000411855795621777,0.00193024009590302,7.63842827933175,6.25011701510122,8.79319293800607,570983.486607143,0.000354315051565795,0.000545256081136765,8.79319291455405,0.00130626644885042,0.00202892967276332,35.2549303599766,639.132426807719,0.905568070257628,0.7398561765409,0.894939451219882,1453.19969554108,0.821883974420029,0.777081996995567,0.804649261361194,1973.07847202105,0.602660914980185,0.90881973399867,0.462466553373241,0.114047775647397,6992.57142857143,0.213835840061568,8607.42857142857,0.672116384291035,45324.1428571429,125.214285714286,2.55118882401075,1.40065686578861,64.4428502519852,60924.1428571429,819.162965922525,1.49552804614457,299.040944073648,184.413827464573,60897.7142857143,91.7430496126828,0.596042716918977,60897.7142857143,0,0,0,0,0,0,0,0,0,0,0,0,0,0,0,0,0,0,0,0,0,0,0,0,0,0,0,0,0,0,0,0,0,0,0,0,0,0,0,0,0,0,0,0,0,0,0,0,0,0,0,0,0,0,0,0,0,0,0,0,0,0,0,0,0,0,0,0,0,0,0,0,0,0,0,0,0,0,0,0,0,0,0,0,0,0,0,0,0,0,0,0,0,0,0,0,0,0,0,0,0,0,0,0,0,0,0,0,0,0,0,0,0,0,0,0,0,0,0,0,0,0,0,0,0,0,0,0,0,0,0,0,0,0,0,0,0,0,0,0,0,0,0,0,0,0,0,0,0,0,0,0,0,0,0,0,0,0,0,0,0,0,0,0,0,0,0,0,0,0,0,0,0,0,0,0,0,0,0,0,0,0,0,0,0,0,0,0,0,0,0,0,0,0,0,0,0,0,0,0,0,0,0,0,0,0,0,0,0,0,0,0,0,0,0,0,0,0,0,0,0,0,0,0,0,0,0,0,0,0,0,0
"H19-18272 - 2",0.215048807645273,1.9121343077528,41940.75390625,9.80435878634211e-06,8.7176725163742e-05,1.91213428974152,3.99781560461892e-05,0.000355470949007579,7.79689979553223,0.441106915510001,2.04450403120395,86028.640625,1.0483076502627e-05,4.85884292796909e-05,2.04450392723083,4.71565737098714e-05,0.000218567883788738,9.1968994140625,27.322003394367,40.6709282001572,5328583,0.000208537853114553,0.000310424822390057,40.6709289550781,0.000746992555884718,0.00111195654900998,145.685211181641,630.483727968813,0.900654653522567,0.734836526853038,0.892057102914794,1349.68603245359,0.817756090136172,0.822665290703705,0.80118608983832,1089.47986659978,0.810144224065519,0.959134520432202,0.492162446658882,0.112465325669516,21934,0.215752529111055,42078,0.671782145219429,131017,263,2.72708999561064,1.26735796369484,83.3992395437262,195029,1709.0479066835,1.56049221943243,623.048300572836,399.263958393491,194958.5,199.007537545692,0.730951069299809,194958.5,0.214100135684074,1.8399406890758,7728.221484375,0.000131451752495857,0.00113092230769594,1.83994069099426,0.000454800269720802,0.00390856753362955,6.95441975593567,0.912147129253549,2.25344190640315,29642.4983886719,0.000160730369964641,0.000378645257872824,2.25344189405441,0.000588453146303481,0.001404091053993,9.45441956520081,4.58475486429149,8.65989565114623,281976.659765625,0.00038109072907584,0.000867126768717779,8.65989553928375,0.0015499445045444,0.00345129410622279,35.4955055236816,536.841774243706,0.9011131061916,0.741171449593902,0.890765074103571,2006.08558735566,0.686033338068699,0.803072788280891,0.652204187514361,1903.6121077551,0.698421217796281,0.907592741713439,0.589358591937263,0.116388737639604,4090.5,0.393882178670918,12325.9,0.489729083689478,18757.6,55.2,2.53401900638331,1.20282579349557,74.8323650605975,35174,643.679970774822,1.27938496993122,217.505367849005,166.927957327867,35153.25,82.5465365839366,0.467102098439794,35153.25,0,0,0,0,0,0,0,0,0,0,0,0,0,0,0,0,0,0,0,0,0,0,0,0,0,0,0,0,0,0,0,0,0,0,0,0,0,0,0,0,0,0,0,0,0,0,0,0,0,0,0,0,0,0,0,0,0,0,0,0,0,0,0,0,0,0,0,0,0,0,0,0,0,0,0,0,0,0,0,0,0,0,0,0,0,0,0,0,0,0,0,0,0,0,0,0,0,0,0,0,0,0,0,0,0,0,0,0,0,0,0,0,0,0,0,0,0.23957242385705,2.06236192354477,115290.15625,4.28557882697716e-06,3.6892453859302e-05,2.0623619556427,2.24230237850001e-05,0.000193028854157757,10.7906990051269,0.440640143392078,2.05618821391863,212050.578125,4.27274959642598e-06,1.99382137395942e-05,2.05618810653686,2.11697850773511e-05,9.87859667803982e-05,10.1875991821289,39.1548543013468,58.4805479775173,18842608,0.000121522316338744,0.000181502186071025,58.4805488586426,0.000383105050918682,0.000572194526335106,184.36279296875,641.877366769152,0.903013268853992,0.742810122134485,0.893416383253293,1246.48704362029,0.829259920123175,0.830890595346828,0.81110165076833,882.553148219319,0.74305283932498,0.967364545023948,0.487825425025626,0.116164103459239,55902,0.214299518112848,103128,0.669536378427913,322203,661,2.67389807996967,1.39564482905518,84.571860816944,481233,3116.55966671643,2.79112761319659,1308.90198936468,468.950965615519,481150,239.209113538761,0.761265393646064,481150,0,0,0,0,0,0,0,0,0,0,0,0,0,0,0,0,0,0,0,0,0,0,0,0,0,0,0,0,0,0,0,0,0,0,0,0,0,0,0,0,0,0,0,0,0,0,0,0,0,0,0,0,0,0,0,0,0,0
"H20-02897 - 1",0,0,0,0,0,0,0,0,0,0,0,0,0,0,0,0,0,0,0,0,0,0,0,0,0,0,0,0,0,0,0,0,0,0,0,0,0,0,0,0,0,0,0,0,0,0,0,0,0,0,0,0,0,0,0,0,0,0,0,0,0,0,0,0,0,0,0,0,0,0,0,0,0,0,0,0,0,0,0,0,0,0,0,0,0,0,0,0,0,0,0,0,0,0,0,0,0,0,0,0,0,0,0,0,0,0,0,0,0,0,0,0,0,0,0,0,0,0,0,0,0,0,0,0,0,0,0,0,0,0,0,0,0,0,0,0,0,0,0,0,0,0,0,0,0,0,0,0,0,0,0,0,0,0,0,0,0,0,0,0,0,0,0,0,0,0,0,0,0,0,0,0,0,0,0,0,0,0,0,0,0,0,0,0,0,0,0,0,0,0,0,0,0,0,0,0,0,0,0,0,0,0,0,0,0,0,0,0,0,0,0,0,0,0,0,0,0,0,0,0,0,0,0,0,0,0,0,0,0,0,0,0,0,0,0,0,0,0,0,0,0,0,0,0,0,0,0,0,0,0,0,0,0,0,0,0,0,0,0,0,0,0,0,0,0,0,0,0,0,0,0,0,0,0,0,0,0,0,0,0,0,0,0,0,0,0,0,0,0,0,0,0,0,0,0,0,0,0,0,0,0,0,0,0,0,0,0,0,0,0,0,0,0,0,0,0,0,0,0,0,0,0,0,0,0,0,0,0,0,0,0,0,0,0,0,0,0,0,0,0,0,0,0,0,0,0,0,0
"H20-04374 - 1",0,0,0,0,0,0,0,0,0,0,0,0,0,0,0,0,0,0,0,0,0,0,0,0,0,0,0,0,0,0,0,0,0,0,0,0,0,0,0,0,0,0,0,0,0,0,0,0,0,0,0,0,0,0,0,0,0,0,0.142380384770192,1.29592215580449,8513.54843971946,0.00104760912803104,0.0134395801691526,1.29592214931141,0.00114060758505904,0.0142852870127831,4.45088165456598,0.876385798149504,2.13525098404494,53004.2071467313,0.00131568463459471,0.004571107868309,2.13525099104101,0.00232636837058698,0.00802845386447722,9.26849959113381,4.15755328537842,8.26566645368084,326246.030824141,0.00136448304684125,0.0022778666786191,8.26566640897231,0.00304783605971678,0.00527896861140816,35.337703184648,984.8137632907,0.902407596379761,0.673773148019767,0.89249920891095,2002.01011203266,0.702139219693897,0.820292401726771,0.666512067859523,1833.68207655519,0.713546564066536,0.915524369056259,0.59532819195864,0.108835409634255,6162.45454545455,0.384981278951917,22093.6363636364,0.506183311413828,25857.3636363636,158.181818181818,2.84507440185791,1.10416978258793,34.7976507041223,54113.4545454545,765.759293799065,4.79074610000518,250.877935773392,212.407213936032,54075.5909090909,105.859595956192,0.534313540715261,54075.5909090909,0,0,0,0,0,0,0,0,0,0,0,0,0,0,0,0,0,0,0,0,0,0,0,0,0,0,0,0,0,0,0,0,0,0,0,0,0,0,0,0,0,0,0,0,0,0,0,0,0,0,0,0,0,0,0,0,0,0,0,0,0,0,0,0,0,0,0,0,0,0,0,0,0,0,0,0,0,0,0,0,0,0,0,0,0,0,0,0,0,0,0,0,0,0,0,0,0,0,0,0,0,0,0,0,0,0,0,0,0,0,0,0,0,0,0,0,0,0,0,0,0,0,0,0,0,0,0,0,0,0,0,0,0,0,0,0,0,0,0,0,0,0,0,0,0,0,0,0,0,0,0,0,0,0,0,0,0,0,0,0,0,0,0,0,0,0,0,0,0,0,0,0,0,0,0,0,0,0,0,0,0,0,0,0,0,0,0,0,0,0,0,0,0,0,0,0,0,0,0,0,0,0,0,0,0,0,0,0,0,0,0,0,0,0,0,0,0,0,0,0,0,0,0,0,0,0,0,0,0,0,0,0
"H20-04374 - 2",0.159065562140589,1.3942929493207,79331.0859375,2.79567573492414e-06,2.45055618157405e-05,1.39429295063019,1.28201113660229e-05,0.000112374989574131,6.39379978179932,1.63175300060955,3.34024568312695,813807.4375,6.69747624721166e-06,1.37099279818926e-05,3.34024572372436,4.60796494338353e-05,9.43263778549052e-05,22.9813957214356,13.4440982331192,33.8298166479985,6705002,6.78316508884304e-05,0.000170686964100993,33.8298149108887,0.000318799197420909,0.000802204670723847,158.995361328125,843.612192200824,0.899242994497006,0.701828131110557,0.886954491167655,1370.64440771614,0.637950644756228,0.895628921938492,0.583925911599458,580.360994538661,0.811444410206404,0.975164855082012,0.677367777766691,0.114083315287569,56897,0.488512868634858,243637,0.397403816077573,198198,1395,2.70923360473772,1.52399539079409,40.7863799283154,498732,2656.54956544867,1.23426276509301,885.895424959555,717.752694170269,498664.5,354,0.523354164841616,498664.5,0.151849813495006,1.35787194754234,11022.3044578151,0.000125076443049866,0.00112896558504266,1.35787194653561,0.000318786880376656,0.00287084983295652,4.99755244506033,1.97787443909031,3.1466445702913,125758.787314967,0.000293724328907091,0.000417272606857901,3.14664456718846,0.00110631297419928,0.00157844059602773,13.8248884552403,3.01310670405518,9.05066649970968,438326.774962576,0.000355440922510999,0.00193598165176787,9.05066660203432,0.00113143457410173,0.00584645471204729,32.4273391773826,651.830505277071,0.903247241246612,0.679247562055229,0.893490372200354,1691.43999987932,0.54799109236715,0.856514987261529,0.495560883750671,1025.4357987368,0.848714288501045,0.923618550417189,0.788140805626725,0.111834791845182,7983.68421052632,0.61968890799011,38803.9473684211,0.268476300164708,24258.1578947368,218,2.52884808570312,1.17176230619054,34.8410846285382,71045.7894736842,873.487466251898,1.7827788586561,316.831966624454,197.843770841674,71008.3157894737,98.953973360697,0.376222773822213,71008.3157894737,0,0,0,0,0,0,0,0,0,0,0,0,0,0,0,0,0,0,0,0,0,0,0,0,0,0,0,0,0,0,0,0,0,0,0,0,0,0,0,0,0,0,0,0,0,0,0,0,0,0,0,0,0,0,0,0,0,0,0,0,0,0,0,0,0,0,0,0,0,0,0,0,0,0,0,0,0,0,0,0,0,0,0,0,0,0,0,0,0,0,0,0,0,0,0,0,0,0,0,0,0,0,0,0,0,0,0,0,0,0,0,0,0,0,0,0,0.158647355781399,1.41424348686731,166109.96875,1.35070752827883e-06,1.20407258924825e-05,1.41424345970154,7.06162786849326e-06,6.29500641249782e-05,7.39379978179932,2.78191523906941,4.707946833082,2912773.75,4.49643879296163e-06,7.60950386919482e-06,4.70794677734375,3.20668048778508e-05,5.42679411477098e-05,33.5751953125,20.1263295827567,67.7827663071623,21073052,6.47375773486104e-05,0.000218027438071581,67.7827682495117,0.000214437153831282,0.000722195441844092,224.524063110352,671.528191976553,0.898293084613406,0.678319163026043,0.886861349787439,1165.22261326861,0.559470095590964,0.902147929541192,0.499797775314967,388.713660163644,0.889647586314794,0.980105750194917,0.760065790787753,0.112178247419628,117455,0.590897760255349,618693,0.296923992325023,310891,2795,2.73300306000639,1.50358333990306,42.0232558139535,1047039,4151.83592873718,1.85351877560207,1582.75254987034,853.917732425568,1046878,425.075287449177,0.536561264414244,1046878,0,0,0,0,0,0,0,0,0,0,0,0,0,0,0,0,0,0,0,0,0,0,0,0,0,0,0,0,0,0,0,0,0,0,0,0,0,0,0,0,0,0,0,0,0,0,0,0,0,0,0,0,0,0,0,0,0,0
"H20-08233 - 1",0,0,0,0,0,0,0,0,0,0,0,0,0,0,0,0,0,0,0,0,0,0,0,0,0,0,0,0,0,0,0,0,0,0,0,0,0,0,0,0,0,0,0,0,0,0,0,0,0,0,0,0,0,0,0,0,0,0,0.209921601205662,1.83259823946203,4559.32408796038,0.0001529981236663,0.00134474174677403,1.832598226411,0.00050988554701806,0.00448019644002052,6.39579265458243,1.08100164080335,2.37824844117138,19343.2971540179,0.000204503906804596,0.000432853224498195,2.37824845314026,0.000732225256965353,0.00156534416079538,9.06478520802089,3.89072480231778,8.18553841220519,115310.681919643,0.000552137240586025,0.00131922513240724,8.18553839411054,0.00179346433060941,0.00428779252700668,27.1794022151402,262.25187251875,0.910754188582243,0.743060015698331,0.900119556314997,1516.36078860728,0.664821389028152,0.819580915508849,0.630667146304144,1389.06228646824,0.770511691849127,0.92928710733572,0.656773097989702,0.114508862714231,2425,0.443686546015009,8243.35714285714,0.44180459127076,10324.9285714286,28.5,2.7027959757022,1.44296777270577,80.2395347467384,20993.2857142857,544.62305162505,1.66721482998049,205.072162443942,113.906574247086,20969.7857142857,56.5037218102729,0.485751287812893,20969.7857142857,0,0,0,0,0,0,0,0,0,0,0,0,0,0,0,0,0,0,0,0,0,0,0,0,0,0,0,0,0,0,0,0,0,0,0,0,0,0,0,0,0,0,0,0,0,0,0,0,0,0,0,0,0,0,0,0,0,0,0,0,0,0,0,0,0,0,0,0,0,0,0,0,0,0,0,0,0,0,0,0,0,0,0,0,0,0,0,0,0,0,0,0,0,0,0,0,0,0,0,0,0,0,0,0,0,0,0,0,0,0,0,0,0,0,0,0,0.271974817787586,2.31268396464179,125026.0078125,5.03088786557899e-06,4.27791579723473e-05,2.31268405914307,2.26101080236003e-05,0.000192260572836703,10.393798828125,0.111732845561859,1.4859042990786,51363.25390625,3.23235595615296e-06,4.29862104312103e-05,1.48590433597565,1.39154697554363e-05,0.000185057994623913,6.39689970016479,59.5017065588855,73.7133956218385,27352756,0.0001603521323068,0.000198651448019207,73.7133941650391,0.000485318031581808,0.000601233849133349,223.099243164062,352.878796253726,0.929415444942743,0.819945806290015,0.921001005626796,463.041082710418,0.951014726008399,0.785937315219962,0.946005042404492,423.726685229286,0.772386024096093,0.984456089272738,0.525330907109268,0.117601376558907,54061,0.0751951829139629,34567,0.80720344052713,371069,204,2.65482639738326,1.56441024224548,265.004901960784,459697,2904.94862710939,1.89849269080345,1083.90228388576,570.927815069461,459597,262.230814360174,0.8504044144671,459597,0,0,0,0,0,0,0,0,0,0,0,0,0,0,0,0,0,0,0,0,0,0,0,0,0,0,0,0,0,0,0,0,0,0,0,0,0,0,0,0,0,0,0,0,0,0,0,0,0,0,0,0,0,0,0,0,0,0
"H20-08288 - 1",0,0,0,0,0,0,0,0,0,0,0,0,0,0,0,0,0,0,0,0,0,0,0,0,0,0,0,0,0,0,0,0,0,0,0,0,0,0,0,0,0,0,0,0,0,0,0,0,0,0,0,0,0,0,0,0,0,0,0,0,0,0,0,0,0,0,0,0,0,0,0,0,0,0,0,0,0,0,0,0,0,0,0,0,0,0,0,0,0,0,0,0,0,0,0,0,0,0,0,0,0,0,0,0,0,0,0,0,0,0,0,0,0,0,0,0,0,0,0,0,0,0,0,0,0,0,0,0,0,0,0,0,0,0,0,0,0,0,0,0,0,0,0,0,0,0,0,0,0,0,0,0,0,0,0,0,0,0,0,0,0,0,0,0,0,0,0,0,0,0,0,0,0,0,0,0,0,0,0,0,0,0,0,0,0,0,0,0,0,0,0,0,0,0,0,0,0,0,0,0,0,0,0,0,0,0,0,0,0,0,0,0,0,0,0,0,0,0,0,0,0,0,0,0,0,0,0,0,0,0,0,0,0,0,0,0,0,0,0,0,0,0,0,0,0,0,0,0,0,0,0,0,0,0,0,0,0,0,0,0,0,0,0,0,0,0,0,0,0,0,0,0,0,0,0,0,0,0,0,0,0,0,0,0,0,0,0,0,0,0,0,0,0,0,0,0,0,0,0,0,0,0,0,0,0,0,0,0,0,0,0,0,0,0,0,0,0,0,0,0,0,0,0,0,0,0,0,0,0,0,0,0,0,0,0,0,0,0,0,0,0,0,0,0,0,0,0,0
"H20-08454 - 1",0.204017155687137,1.7813935142395,61675.40625,5.89270282656463e-06,5.14526465248865e-05,1.78139352798462,3.23765718846815e-05,0.000282698849390521,9.78759956359863,2.12258935512148,4.49480501968366,641669.375,1.48684436551211e-05,3.14854849406785e-05,4.49480485916138,0.000117028484141637,0.000247820058409599,35.3782958984375,18.095112551893,43.7882169301581,5470243,0.000144847804823629,0.000350516034718487,43.788215637207,0.000472365581690186,0.00114307366157976,142.798477172852,289.117147230942,0.914827013779979,0.77296449313507,0.90170495104263,757.897412607061,0.681938579612575,0.920673252367491,0.634540276700352,451.08230632097,0.912737591948451,0.980346914048442,0.704405639681075,0.114526719703611,34622,0.472231686541738,142758,0.413241593754652,124925,470,2.94606603402706,1.70047014611868,73.663829787234,302305,2137.77287015203,1.32495947154308,722.449933389407,545.261910953417,302213.5,269.016728104406,0.552269927374333,302213.5,0.215216454042876,1.86771081406786,5499.51979980469,0.000127864611922462,0.00111402381153132,1.86771081924438,0.000420217646069133,0.00365770222061908,6.45227975845337,2.78344414603317,4.40209458532823,62167.032421875,0.00030147676792946,0.000457100616272246,4.40209461212158,0.00111276346893403,0.00168928734808245,16.7395979309082,3.32985830228552,9.84432905153437,192456.489189453,0.000451809422651113,0.00200200339298586,9.84432906150818,0.00134956289226176,0.00598606235242048,29.1320333099365,180.423088322678,0.912006358889435,0.773597083665398,0.894853827052614,944.363442350363,0.537875168887365,0.87867675840155,0.478966371725631,631.112649302018,0.881866576607764,0.952221786557173,0.796853847959398,0.115009501723,2804.76,0.633041944430942,13411.44,0.251948553846058,8214.76,28.96,2.70293405426762,1.28613984245331,90.8285924646661,24430.96,542.66824786732,1.34369265064986,184.98936945582,140.773662697531,24407.08,70.2482498030409,0.381291889728665,24407.08,0,0,0,0,0,0,0,0,0,0,0,0,0,0,0,0,0,0,0,0,0,0,0,0,0,0,0,0,0,0,0,0,0,0,0,0,0,0,0,0,0,0,0,0,0,0,0,0,0,0,0,0,0,0,0,0,0,0,0,0,0,0,0,0,0,0,0,0,0,0,0,0,0,0,0,0,0,0,0,0,0,0,0,0,0,0,0,0,0,0,0,0,0,0,0,0,0,0,0,0,0,0,0,0,0,0,0,0,0,0,0,0,0,0,0,0,0,0,0,0,0,0,0,0,0,0,0,0,0,0,0,0,0,0,0,0,0,0,0,0,0,0,0,0,0,0,0,0,0,0,0,0,0,0,0,0,0,0,0,0,0,0,0,0,0,0,0,0,0,0,0,0,0,0,0,0,0,0,0,0,0,0,0,0,0,0,0,0,0,0,0,0,0,0,0,0,0,0,0,0,0,0,0,0,0,0,0,0,0,0,0,0,0,0,0,0,0,0,0,0,0,0,0,0,0,0,0,0,0,0,0,0
"H20-10380_1",0.209048654455725,1.79389042485275,217769.328125,1.72205330073341e-06,1.47773011757223e-05,1.79389047622681,1.22755142127016e-05,0.000105338766535678,12.7875995635986,5.26090748342158,8.02917778295439,5480371.5,7.70764552498997e-06,1.17633804439929e-05,8.02917766571045,4.45359376529928e-05,6.79705853549594e-05,46.393798828125,9.04195577297459,39.6155431436214,9419150,3.80291205717091e-05,0.00016661707981645,39.6155433654785,0.000146768869338848,0.000643038809458907,152.891479492188,101.99884727753,0.926835470868506,0.754652558281043,0.908696411949498,260.835026854772,0.62970935553901,0.94664138417047,0.552604359821067,138.479713094574,0.931348522812076,0.990143699659935,0.84868347110532,0.11653368096487,121395,0.655223688606108,682557,0.228242630429023,237764,1770,2.84910645008253,1.82993322477731,68.5847457627119,1041716,4291.4137059481,2.10644786421321,1675.76668279004,795.541494883362,1041597.5,418.001196170537,0.419914891662353,1041597.5,0.205122003170661,1.78192770770232,5835.392578125,0.000150332202898721,0.00129334874965318,1.78192768494288,0.000505032283845088,0.00435145218780465,6.59379975001017,3.33553551752726,4.60664240336286,92587.9586588542,0.000364935735712488,0.000489587911924709,4.60664244492849,0.00128347623133267,0.00173408505901821,17.6896648406982,1.0050682511951,5.81084832975737,43521.7302652995,0.000379657216097953,0.00276165320258152,5.81084827582041,0.00113004182269662,0.0081396863750027,18.2573642730713,74.4387885043801,0.92137318544411,0.761362074838895,0.89794058108322,658.801221756097,0.5061840537733,0.863801742899977,0.428607732041555,546.324898552658,0.911380610623369,0.941195134421947,0.87481793622315,0.115033909552884,3316.66666666667,0.72534642760638,20075.8333333333,0.159619662840736,5720.66666666667,54.8333333333333,2.32808439244783,1.03902017997658,65.041900119622,29113.1666666667,613.455903945632,1.57142877836325,228.291846938359,130.810141336924,29081.5,63.5839549784141,0.327798241549011,29081.5,0,0,0,0,0,0,0,0,0,0,0,0,0,0,0,0,0,0,0,0,0,0,0,0,0,0,0,0,0,0,0,0,0,0,0,0,0,0,0,0,0,0,0,0,0,0,0,0,0,0,0,0,0,0,0,0,0,0,0,0,0,0,0,0,0,0,0,0,0,0,0,0,0,0,0,0,0,0,0,0,0,0,0,0,0,0,0,0,0,0,0,0,0,0,0,0,0,0,0,0,0,0,0,0,0,0,0,0,0,0,0,0,0,0,0,0,0,0,0,0,0,0,0,0,0,0,0,0,0,0,0,0,0,0,0,0,0,0,0,0,0,0,0,0,0,0,0,0,0,0,0,0,0,0,0,0,0,0,0,0,0,0,0,0,0,0,0,0,0,0,0,0,0,0,0,0,0,0,0,0,0,0,0,0,0,0,0,0,0,0,0,0,0,0,0,0,0,0,0,0,0,0,0,0,0,0,0,0,0,0,0,0,0,0,0,0,0,0,0,0,0,0,0,0,0,0,0,0,0,0,0,0
"H20-10380_2",0,0,0,0,0,0,0,0,0,0,0,0,0,0,0,0,0,0,0,0,0,0,0,0,0,0,0,0,0,0,0,0,0,0,0,0,0,0,0,0,0,0,0,0,0,0,0,0,0,0,0,0,0,0,0,0,0,0,0.174792419543388,1.5417640378873,3301.56878662109,0.000116776612897229,0.00103028842986174,1.5417640209198,0.000394087118911886,0.00346479470416115,5.44689989089966,2.31318402756564,3.70517339245158,49120.6665039062,0.000258505703928749,0.000425799058981436,3.705173432827,0.000907510250168235,0.00149534298884426,14.3906989097595,2.26066981461494,8.6146524260286,47371.2563476562,0.000580864667311262,0.00214192032003512,8.6146525144577,0.00160884550599131,0.00595874670772517,24.4352722167969,136.232047364762,0.913263863852524,0.743316780241303,0.89666264732152,717.362369445677,0.560769045454223,0.885270871881485,0.503406328087882,489.550843846061,0.880481064337303,0.971216951305138,0.789695115677655,0.113326381969534,2170.75,0.619785867545016,12103.25,0.266887750485451,4814,48.25,2.50037693461824,1.15750122471849,45.0129578754579,19088,518.223917448001,1.66508454417206,185.784839604966,120.440243853032,19065.125,60.0867057970998,0.423916326702754,19065.125,0,0,0,0,0,0,0,0,0,0,0,0,0,0,0,0,0,0,0,0,0,0,0,0,0,0,0,0,0,0,0,0,0,0,0,0,0,0,0,0,0,0,0,0,0,0,0,0,0,0,0,0,0,0,0,0,0,0,0,0,0,0,0,0,0,0,0,0,0,0,0,0,0,0,0,0,0,0,0,0,0,0,0,0,0,0,0,0,0,0,0,0,0,0,0,0,0,0,0,0,0,0,0,0,0,0,0,0,0,0,0,0,0,0,0,0,0,0,0,0,0,0,0,0,0,0,0,0,0,0,0,0,0,0,0,0,0,0,0,0,0,0,0,0,0,0,0,0,0,0,0,0,0,0,0,0,0,0,0,0,0,0,0,0,0,0,0,0,0,0,0,0,0,0,0,0,0,0,0,0,0,0,0,0,0,0,0,0,0,0,0,0,0,0,0,0,0,0,0,0,0,0,0,0,0,0,0,0,0,0,0,0,0,0,0,0,0,0,0,0,0,0,0,0,0,0,0,0,0,0,0,0
"H20-10632",0.256069436440143,2.24570186471538,140962.078125,5.30276102392958e-06,4.63312880602397e-05,2.24570178985596,2.80613122006288e-05,0.000245514167122072,13.1922483444214,1.77488270711093,4.29108766726507,846569.71875,1.07936590709825e-05,2.48613788888867e-05,4.29108774662018,6.89561718694673e-05,0.000164230936134931,31.1658945083618,15.3678426348015,32.927625353236,8094029,8.61167837721229e-05,0.000197266306258896,32.9276266098022,0.000322098437782612,0.000726831301585037,133.875225067139,346.762055402082,0.925303572742631,0.804682546940915,0.913215099953851,902.344348044334,0.75099967136816,0.903237327682216,0.709115159084386,703.940693466439,0.838404569544974,0.966926719960951,0.677700452377146,0.114018038271335,63052,0.404662715993916,208055,0.481319245734749,284006.5,586.5,2.71807683159524,1.6421148786014,115.554439094188,555113.5,3413.15364184952,2.02456503439416,1250.2103846373,593.705774650218,555018.25,272.456265795531,0.592694624015463,555018.25,0.222538555896862,1.93505556133545,8321.67253112793,0.000112495145825295,0.000976401093035213,1.93505555391312,0.000378327992196326,0.00328600932080363,6.72112476825714,2.1414944953718,3.76809158634716,65781.6000976562,0.00021777265402029,0.000372270775575842,3.7680915594101,0.000771229051802533,0.00132186593155746,14.1930239200592,3.71946155856933,10.5775734420519,265290.340209961,0.000482523192691306,0.00159513527627558,10.5775733292103,0.00155766779396086,0.00519513841223545,33.6662817001343,255.785235952854,0.916472169979992,0.782093194201742,0.903426555608211,1171.444359592,0.611631266347276,0.8780830119122,0.559382106852181,877.034992352804,0.865928524182408,0.947434601582257,0.766074373849337,0.115064189689749,4012.5,0.567007304632742,17025.625,0.317928505677509,13829.25,35.375,2.68900143497996,1.46893852958739,99.9455588429808,34867.375,682.578516859121,1.59830054179898,255.717451362837,143.253082599228,34832.1875,69.7495171819595,0.465454672984316,34832.1875,0,0,0,0,0,0,0,0,0,0,0,0,0,0,0,0,0,0,0,0,0,0,0,0,0,0,0,0,0,0,0,0,0,0,0,0,0,0,0,0,0,0,0,0,0,0,0,0,0,0,0,0,0,0,0,0,0,0,0,0,0,0,0,0,0,0,0,0,0,0,0,0,0,0,0,0,0,0,0,0,0,0,0,0,0,0,0,0,0,0,0,0,0,0,0,0,0,0,0,0,0,0,0,0,0,0,0,0,0,0,0,0,0,0,0,0,0,0,0,0,0,0,0,0,0,0,0,0,0,0,0,0,0,0,0,0,0,0,0,0,0,0,0,0,0,0,0,0,0,0,0,0,0,0,0,0,0,0,0,0,0,0,0,0,0,0,0,0,0,0,0,0,0,0,0,0,0,0,0,0,0,0,0,0,0,0,0,0,0,0,0,0,0,0,0,0,0,0,0,0,0,0,0,0,0,0,0,0,0,0,0,0,0,0,0,0,0,0,0,0,0,0,0,0,0,0,0,0,0,0,0,0
"H20-11613 - 1",0.283993968494892,2.45157216032848,181212.859375,3.84206570545131e-06,3.31665541052033e-05,2.45157217979431,2.0040526704977e-05,0.000172999439419871,12.7875995635986,2.96918210212714,5.70797418662875,1894596.5,8.9454478105051e-06,1.71967846477378e-05,5.70797395706177,4.48068966178397e-05,8.61370574389312e-05,28.5906982421875,25.6204232338224,70.3902234239975,16348059,0.000110314456558572,0.000303080834113774,70.3902206420898,0.000339340382304353,0.000932312675290044,216.528686523438,336.985169184875,0.91514219143101,0.819663085263117,0.896682319645946,684.451389859947,0.659819476581571,0.933480254206897,0.575614621519388,333.638230409365,0.869878400927366,0.984265773017309,0.713681500552168,0.115841570193406,73917,0.520181417267551,331921,0.363977012539043,232249,685,2.51418167459228,1.30921718069724,107.90802919708,638087,3027.08362005818,1.20789074400886,991.401786875798,820.771077014332,637979,410.813826446969,0.522631990938383,637979,0.202514769911452,1.75934163173872,15952.2012188251,6.79419243100394e-05,0.00059169191071216,1.7593416250669,0.000247594771203846,0.00215790285108778,7.07239213356605,2.4229525918739,4.06241841762558,156187.183894231,0.000159311514984723,0.000252332686413168,4.06241840582627,0.000615049775037007,0.00098401426641332,17.7002983093262,4.76057766755821,13.7811382117809,736357.891075721,0.000350618896241294,0.00138844008034515,13.7811381633465,0.0010991248469235,0.00432713328327842,45.2397166032057,344.368669172163,0.910635168399422,0.750010067751372,0.898799247873505,1048.82722370119,0.594212517807262,0.889378263844295,0.532456293040596,634.019203951991,0.886244544639029,0.957620224722669,0.782290837888928,0.115100008382141,8435,0.593226193395715,36882.6153846154,0.291673798222144,27776.9230769231,108.153846153846,2.49173588320457,1.26532856941883,72.1388358123546,73094.5384615385,936.754589256862,1.46262381327052,329.876728733559,219.646246772686,73061.2692307692,103.254512303653,0.421437361480876,73061.2692307692,0,0,0,0,0,0,0,0,0,0,0,0,0,0,0,0,0,0,0,0,0,0,0,0,0,0,0,0,0,0,0,0,0,0,0,0,0,0,0,0,0,0,0,0,0,0,0,0,0,0,0,0,0,0,0,0,0,0,0,0,0,0,0,0,0,0,0,0,0,0,0,0,0,0,0,0,0,0,0,0,0,0,0,0,0,0,0,0,0,0,0,0,0,0,0,0,0,0,0,0,0,0,0,0,0,0,0,0,0,0,0,0,0,0,0,0,0,0,0,0,0,0,0,0,0,0,0,0,0,0,0,0,0,0,0,0,0,0,0,0,0,0,0,0,0,0,0,0,0,0,0,0,0,0,0,0,0,0,0,0,0,0,0,0,0,0,0,0,0,0,0,0,0,0,0,0,0,0,0,0,0,0,0,0,0,0,0,0,0,0,0,0,0,0,0,0,0,0,0,0,0,0,0,0,0,0,0,0,0,0,0,0,0,0,0,0,0,0,0,0,0,0,0,0,0,0,0,0,0,0,0,0
"H20-11613 - 2",0,0,0,0,0,0,0,0,0,0,0,0,0,0,0,0,0,0,0,0,0,0,0,0,0,0,0,0,0,0,0,0,0,0,0,0,0,0,0,0,0,0,0,0,0,0,0,0,0,0,0,0,0,0,0,0,0,0,0.184689390268203,1.61537036765556,3476.29885864258,0.000115994321732224,0.00100667460146426,1.61537035703659,0.000424473976098096,0.0036862932988535,6.29410977363586,3.09416249417599,4.40720585886719,65277.1454101562,0.000286522048242483,0.000424321336697485,4.40720591545105,0.00112653316015897,0.00167293009986876,17.8719383239746,1.27539187469364,6.70155851875747,24463.7632324219,0.000414133120291347,0.00218066871321761,6.70155847072601,0.00129989174854905,0.00675288823386572,20.8210865020752,307.116069966951,0.904274071899503,0.730860698710857,0.8915057900352,1014.13249624008,0.495449324286645,0.886257871856986,0.425920159356491,566.637535029966,0.900155493248447,0.957665960644736,0.842108612258664,0.114353238528956,2203.2,0.695300222585472,13825.6,0.190346538885571,3358,47.2,2.34700750457987,0.998548479451896,49.709422470006,19386.8,522.967063198509,1.43156390335525,182.764427844735,128.527331982775,19359,63.9994451542617,0.352882772484569,19359,0,0,0,0,0,0,0,0,0,0,0,0,0,0,0,0,0,0,0,0,0,0,0,0,0,0,0,0,0,0,0,0,0,0,0,0,0,0,0,0,0,0,0,0,0,0,0,0,0,0,0,0,0,0,0,0,0,0,0,0,0,0,0,0,0,0,0,0,0,0,0,0,0,0,0,0,0,0,0,0,0,0,0,0,0,0,0,0,0,0,0,0,0,0,0,0,0,0,0,0,0,0,0,0,0,0,0,0,0,0,0,0,0,0,0,0,0.221918309067747,1.98945269237537,576617,7.65665916064709e-07,6.86403985581004e-06,1.98945271968842,8.68715516157366e-06,7.78785864847196e-05,22.5720958709717,4.05573926329604,5.8745037987512,10538149,2.26087664481352e-06,3.27474908425725e-06,5.87450361251831,1.59899977300812e-05,2.31605870864211e-05,41.547290802002,8.7529651737847,44.1944680867602,22743092,1.70087977477473e-05,8.58788712547741e-05,44.1944694519043,8.24374587870051e-05,0.000416233764122311,214.199722290039,267.602989563025,0.918806673412933,0.73937636613063,0.90514980538681,787.365986410977,0.5555731307053,0.925754137674168,0.486825178938232,466.941581794703,0.919856036465461,0.962268829322231,0.852965783953764,0.111547416994762,289837,0.690396908783719,1793879,0.198055674221519,514614,4348,2.78803246516498,1.54371171154789,66.6598436062557,2598330,6418.33376235774,1.56686317105651,2292.19324196008,1462.9185778963,2598177.5,694.944602108686,0.306097023009264,2598177.5,0,0,0,0,0,0,0,0,0,0,0,0,0,0,0,0,0,0,0,0,0,0,0,0,0,0,0,0,0,0,0,0,0,0,0,0,0,0,0,0,0,0,0,0,0,0,0,0,0,0,0,0,0,0,0,0,0,0
"H20-11850 - 2",0,0,0,0,0,0,0,0,0,0,0,0,0,0,0,0,0,0,0,0,0,0,0,0,0,0,0,0,0,0,0,0,0,0,0,0,0,0,0,0,0,0,0,0,0,0,0,0,0,0,0,0,0,0,0,0,0,0,0.204510091191878,1.79393036592975,9336.14611816406,0.0001180796484503,0.00103194939363392,1.79393038256415,0.000374869680917027,0.00328129675042721,6.56696179817463,2.20387272637952,3.77169013594963,94291.7271349677,0.000244059383771782,0.000397416052644725,3.77169012201243,0.000873852273501465,0.00143477122423998,15.286287998331,3.85925321123422,11.1478977709341,279349.598447602,0.000464765172560206,0.00172167820802759,11.1478979258702,0.0014222892508461,0.0052444488158871,34.9511371152154,321.367881186301,0.909106890726151,0.745011327540823,0.897794608725066,1199.44328180935,0.581962877512941,0.876810807498289,0.532612335095643,801.907380315029,0.862792618618583,0.94724807998869,0.761888816954991,0.113920077266852,4934.34482758621,0.580939485832914,23105.6551724138,0.305140436900233,15452.5862068966,66.8275862068966,2.51241973975493,1.1776307174414,71.0223193067003,43492.5862068966,731.919114350969,1.60937759552138,267.826045997534,160.202413411658,43457.8793103448,77.4976194306549,0.43137600700588,43457.8793103448,0,0,0,0,0,0,0,0,0,0,0,0,0,0,0,0,0,0,0,0,0,0,0,0,0,0,0,0,0,0,0,0,0,0,0,0,0,0,0,0,0,0,0,0,0,0,0,0,0,0,0,0,0,0,0,0,0,0,0,0,0,0,0,0,0,0,0,0,0,0,0,0,0,0,0,0,0,0,0,0,0,0,0,0,0,0,0,0,0,0,0,0,0,0,0,0,0,0,0,0,0,0,0,0,0,0,0,0,0,0,0,0,0,0,0,0,0,0,0,0,0,0,0,0,0,0,0,0,0,0,0,0,0,0,0,0,0,0,0,0,0,0,0,0,0,0,0,0,0,0,0,0,0,0,0,0,0,0,0,0,0,0,0,0,0,0,0,0,0,0,0,0,0,0,0,0,0,0,0,0,0,0,0,0,0,0,0,0,0,0,0,0,0,0,0,0,0,0,0,0,0,0,0,0,0,0,0,0,0,0,0,0,0,0,0,0,0,0,0,0,0,0,0,0,0,0,0,0,0,0,0,0
"H20-12526 - 1",0.234067858300759,1.99783710827773,191318.875,2.44424102653085e-06,2.08623065970196e-05,1.99783706665039,1.39396705610407e-05,0.000118979134197185,11.393798828125,4.59046448037291,7.24714283230932,3752085,8.86647066090186e-06,1.39978382520489e-05,7.24714279174805,4.98823547764649e-05,7.87511920466056e-05,40.7720909118652,14.5926948181045,58.5059915926404,11927558,7.15787841287605e-05,0.000286978367919617,58.5059928894043,0.000225088985212772,0.000902441560013722,183.979858398438,82.5020236347562,0.920998191943873,0.767576222782916,0.898842638707222,251.796731723978,0.594575237216348,0.949940640558163,0.516668857391436,119.879355140465,0.923548678247895,0.992520596396245,0.81540938387315,0.117160632030978,95763,0.633417139221767,517733,0.249422228747255,203869,1267,2.81318156449267,1.62210707903918,75.5824782951855,817365,3565.61262403382,1.46601059424339,1249.21257835798,852.117019660895,817268.5,424.876452630644,0.425068912961974,817268.5,0.163085362747387,1.44528033892589,36202.2659214565,8.41144075427287e-05,0.000745047987581598,1.44528034755162,0.00027601128962373,0.00244572392243727,6.6232567514692,2.72736097254077,3.9673865114382,1427849.35128348,0.000191884340254408,0.000332710552083639,3.96738641602652,0.000707296992215429,0.00121051810881469,20.7080848557608,3.90458416035534,9.05760519048854,474740.856933594,0.000335128532053817,0.00149499934355349,9.05760499409267,0.0011434907581169,0.00476507066747637,36.6104123251779,361.759597999474,0.908697097841809,0.674808871240429,0.898007334715412,991.100705637998,0.628895109744492,0.825534200845333,0.587040823328468,1051.25948603798,0.824137595091136,0.936178390734186,0.734715624096292,0.11281497118914,20354.1428571429,0.537374610216877,131507,0.349810418593983,30866.7142857143,336.142857142857,2.70266109855519,1.5549619358413,46.9667833342413,182727.857142857,1277.92241727646,1.8494305624284,481.556870040355,246.468742648939,182681.785714286,121.239550204149,0.396971272800587,182681.785714286,0,0,0,0,0,0,0,0,0,0,0,0,0,0,0,0,0,0,0,0,0,0,0,0,0,0,0,0,0,0,0,0,0,0,0,0,0,0,0,0,0,0,0,0,0,0,0,0,0,0,0,0,0,0,0,0,0,0,0,0,0,0,0,0,0,0,0,0,0,0,0,0,0,0,0,0,0,0,0,0,0,0,0,0,0,0,0,0,0,0,0,0,0,0,0,0,0,0,0,0,0,0,0,0,0,0,0,0,0,0,0,0,0,0,0,0,0,0,0,0,0,0,0,0,0,0,0,0,0,0,0,0,0,0,0,0,0,0,0,0,0,0,0,0,0,0,0,0,0,0,0,0,0,0,0,0,0,0,0,0,0,0,0,0,0,0,0,0,0,0,0,0,0,0,0,0,0,0,0,0,0,0,0,0,0,0,0,0,0,0,0,0,0,0,0,0,0,0,0,0,0,0,0,0,0,0,0,0,0,0,0,0,0,0,0,0,0,0,0,0,0,0,0,0,0,0,0,0,0,0,0,0
"H20-14058",0.202239191874423,1.75625394526624,78597.6328125,4.51900863208705e-06,3.92432676635849e-05,1.75625395774841,2.72668300563065e-05,0.000236786339074314,10.5968990325928,1.10549344568325,3.16292307763095,429635.65625,8.13850224659637e-06,2.3285037712007e-05,3.16292309761047,4.62758231210937e-05,0.000132399580890879,17.9844970703125,27.3555142716725,51.1002936808156,10631365,0.000131485916692982,0.000245616620151073,51.1002922058105,0.000420882653734498,0.000786211766936703,163.570571899414,224.629173160528,0.919897541976514,0.741883876496308,0.909128462387467,594.143377628305,0.772281209665249,0.904155419426578,0.749558918155271,320.939648101058,0.876521462096325,0.987380124680364,0.652600588674733,0.11515372957284,44753,0.349516386756794,135835,0.535329883670366,208049,508,3.02120829194706,1.67932175381623,88.0964566929134,388637,2581.05209076561,2.01350412654877,1001.59332578061,497.437930508435,388551,247.987902930768,0.699581510544416,388551,0.185334684712562,1.62115919411623,8659.01547851562,6.54464718582294e-05,0.000573839101529527,1.62115918795268,0.000228106058897271,0.00199908903670524,5.98273983001709,2.38285747822404,3.89733166824281,82569.4528645833,0.000164909658557468,0.000262072055793244,3.89733171463013,0.00070701396645802,0.00113069059213429,17.4511642456055,4.97171468549645,13.1034824987986,447735.358268229,0.000368713827512429,0.00149559188247061,13.1034825960795,0.00116688080958463,0.00480359657126624,40.9546265920003,259.727062507567,0.9074877682684,0.734537255000688,0.895033160921659,1042.65009553272,0.572815033024954,0.882034726597252,0.521643367398997,687.108367283441,0.881402170901595,0.953908467559893,0.76740224062164,0.114252253759034,5037.26666666667,0.589544010380824,22025.2666666667,0.296203735860141,17173.9333333333,70.6,2.76938603094425,1.54369151494622,66.5949473254043,44236.4666666667,735.277921636209,1.42627521249743,254.643455320739,184.015656947819,44209.8,91.7138412172743,0.440397745087712,44209.8,0,0,0,0,0,0,0,0,0,0,0,0,0,0,0,0,0,0,0,0,0,0,0,0,0,0,0,0,0,0,0,0,0,0,0,0,0,0,0,0,0,0,0,0,0,0,0,0,0,0,0,0,0,0,0,0,0,0,0,0,0,0,0,0,0,0,0,0,0,0,0,0,0,0,0,0,0,0,0,0,0,0,0,0,0,0,0,0,0,0,0,0,0,0,0,0,0,0,0,0,0,0,0,0,0,0,0,0,0,0,0,0,0,0,0,0,0,0,0,0,0,0,0,0,0,0,0,0,0,0,0,0,0,0,0,0,0,0,0,0,0,0,0,0,0,0,0,0,0,0,0,0,0,0,0,0,0,0,0,0,0,0,0,0,0,0,0,0,0,0,0,0,0,0,0,0,0,0,0,0,0,0,0,0,0,0,0,0,0,0,0,0,0,0,0,0,0,0,0,0,0,0,0,0,0,0,0,0,0,0,0,0,0,0,0,0,0,0,0,0,0,0,0,0,0,0,0,0,0,0,0,0
"H20-14222",0,0,0,0,0,0,0,0,0,0,0,0,0,0,0,0,0,0,0,0,0,0,0,0,0,0,0,0,0,0,0,0,0,0,0,0,0,0,0,0,0,0,0,0,0,0,0,0,0,0,0,0,0,0,0,0,0,0,0.181319923771413,1.57790576808264,7652.04513784555,7.04792592736189e-05,0.000612144585894741,1.57790575577663,0.000241294450157064,0.00209529389938094,5.98151104266827,1.65521488178926,3.18982307914163,71431.6813777043,0.0001302880746347,0.000270184078741596,3.1898230772752,0.000566874170510461,0.00117750235792714,14.4534090482272,4.47547214832662,11.4042937021335,259342.502704327,0.000370175769331928,0.000945226305547609,11.404293683859,0.0013005041634924,0.00337673251210762,39.4662592961238,360.995177629926,0.905335249060343,0.725605742014261,0.894389611695675,1538.48812437856,0.615402590479873,0.848991525296661,0.576242140298475,1251.68930298273,0.822814734545964,0.932866681755634,0.702683950209917,0.114904424330565,4866.46153846154,0.512922140655126,21469.3846153846,0.372173435014308,16123.3846153846,68.6923076923077,2.87990493753685,1.56613806733341,76.3098048103308,42459.2307692308,748.62578486227,1.43167884477964,265.160769288521,180.432650442949,42429.8461538462,89.9980334448519,0.436664032410787,42429.8461538462,0,0,0,0,0,0,0,0,0,0,0,0,0,0,0,0,0,0,0,0,0,0,0,0,0,0,0,0,0,0,0,0,0,0,0,0,0,0,0,0,0,0,0,0,0,0,0,0,0,0,0,0,0,0,0,0,0,0,0,0,0,0,0,0,0,0,0,0,0,0,0,0,0,0,0,0,0,0,0,0,0,0,0,0,0,0,0,0,0,0,0,0,0,0,0,0,0,0,0,0,0,0,0,0,0,0,0,0,0,0,0,0,0,0,0,0,0.18515347685802,1.62294947464254,157318.984375,1.9100983925609e-06,1.67428299772055e-05,1.62294948101044,1.08241094334052e-05,9.48779521536561e-05,9.1968994140625,1.63868019626489,3.56235991925208,1392334.125,4.19264914045897e-06,9.1144845025291e-06,3.56235980987549,2.46972900830825e-05,5.368993688131e-05,20.9844970703125,24.5731462171107,57.6946900698559,20879016,6.79026286789025e-05,0.000159426924087966,57.6946907043457,0.000276988897186809,0.000650335469247176,235.348602294922,429.595587918076,0.903270256225607,0.730246825797719,0.890717945628302,1333.6512519531,0.647905687781027,0.877765675503479,0.604636062422127,942.69599738899,0.820226651011365,0.961125230481136,0.654197564121023,0.114084560086999,96934,0.459998493529237,390846,0.425916946383764,361888,1164,3.40506578359171,2.17126792809078,83.2766323024055,849668,3448.08571209924,1.17433790128097,1127.73201888619,960.31305611107,849573.5,475.037893225372,0.499386979575296,849573.5,0,0,0,0,0,0,0,0,0,0,0,0,0,0,0,0,0,0,0,0,0,0,0,0,0,0,0,0,0,0,0,0,0,0,0,0,0,0,0,0,0,0,0,0,0,0,0,0,0,0,0,0,0,0,0,0,0,0
"H20-14245 - 1",0,0,0,0,0,0,0,0,0,0,0,0,0,0,0,0,0,0,0,0,0,0,0,0,0,0,0,0,0,0,0,0,0,0,0,0,0,0,0,0,0,0,0,0,0,0,0,0,0,0,0,0,0,0,0,0,0,0,0.196766643232884,1.73387495224517,13098.4088867187,0.000103765040055141,0.000907585408325883,1.73387494087219,0.000350012057006558,0.00305745760043713,6.61689987182617,3.90429402676088,5.22630450618467,244555.030273438,0.000291472818658039,0.000381970655773896,5.22630443572998,0.00102200011499017,0.00133881365296284,21.111937713623,1.71595343042354,9.21373917895949,252409.825439453,0.000328175244339982,0.00304981065830828,9.21373910903931,0.00094237586648284,0.00859877702159783,27.5376758575439,75.2680909182809,0.921551252993508,0.748725338086369,0.899480991724922,452.230063439307,0.508629629109855,0.89561174753277,0.420313947518508,266.860711941685,0.932128488881591,0.963162935020578,0.895718776425518,0.113515633497305,7300,0.746624924388011,44261.9,0.139859442114684,13148.6,116,2.65200936033897,1.39917353812189,62.994793346368,64710.5,920.231060122938,1.72125878017736,353.394615714395,172.786185521692,64676.45,84.4021852888391,0.311593185722118,64676.45,0,0,0,0,0,0,0,0,0,0,0,0,0,0,0,0,0,0,0,0,0,0,0,0,0,0,0,0,0,0,0,0,0,0,0,0,0,0,0,0,0,0,0,0,0,0,0,0,0,0,0,0,0,0,0,0,0,0,0,0,0,0,0,0,0,0,0,0,0,0,0,0,0,0,0,0,0,0,0,0,0,0,0,0,0,0,0,0,0,0,0,0,0,0,0,0,0,0,0,0,0,0,0,0,0,0,0,0,0,0,0,0,0,0,0,0,0,0,0,0,0,0,0,0,0,0,0,0,0,0,0,0,0,0,0,0,0,0,0,0,0,0,0,0,0,0,0,0,0,0,0,0,0,0,0,0,0,0,0,0,0,0,0,0,0,0,0,0,0,0,0,0,0,0,0,0,0,0,0,0,0,0,0,0,0,0,0,0,0,0,0,0,0,0,0,0,0,0,0,0,0,0,0,0,0,0,0,0,0,0,0,0,0,0,0,0,0,0,0,0,0,0,0,0,0,0,0,0,0,0,0,0
"H20-14245 - 2",0,0,0,0,0,0,0,0,0,0,0,0,0,0,0,0,0,0,0,0,0,0,0,0,0,0,0,0,0,0,0,0,0,0,0,0,0,0,0,0,0,0,0,0,0,0,0,0,0,0,0,0,0,0,0,0,0,0,0.152327009024018,1.31514696387672,7049.58166503906,3.70220882447485e-05,0.000320534976063536,1.31514695286751,0.000140995182231907,0.00121999965204518,5.34844994544983,2.45904560790955,3.96866353454071,85186.3898639679,0.00688446108344828,0.00695353616637728,3.96866357326508,0.0157765445101181,0.0160416638446182,14.5406985282898,4.52452759050433,13.1683144673944,247594.809570312,0.000304588880446071,0.00103092090302293,13.1683146953583,0.000866976086913877,0.00295244656333277,37.4081425666809,79.7701978899001,0.93306755117342,0.817659533045334,0.916688316812468,577.591767572727,0.576425873180546,0.884208766434067,0.502868296769764,199.520853604202,0.935379239656413,0.989977485747436,0.808231942368334,0.0867561182269967,3935.5,0.674286183244417,18226.75,0.238957698528587,11741,55.5,1.89944567846657,1.01559386252128,54.348063418916,33903.25,594.954887836564,2.51133716335834,195.45843953935,163.356990329765,33876.5,81.2957614013116,0.353515918646714,33876.5,0,0,0,0,0,0,0,0,0,0,0,0,0,0,0,0,0,0,0,0,0,0,0,0,0,0,0,0,0,0,0,0,0,0,0,0,0,0,0,0,0,0,0,0,0,0,0,0,0,0,0,0,0,0,0,0,0,0,0,0,0,0,0,0,0,0,0,0,0,0,0,0,0,0,0,0,0,0,0,0,0,0,0,0,0,0,0,0,0,0,0,0,0,0,0,0,0,0,0,0,0,0,0,0,0,0,0,0,0,0,0,0,0,0,0,0,0.249019376266414,2.22810338279827,225145.390625,2.46436721269194e-06,2.20499505114078e-05,2.22810339927673,1.90032809422157e-05,0.000170032048053634,17.1813983917236,2.51576048966518,5.2574184079142,2274569.5,5.81490522636986e-06,1.21519476527998e-05,5.25741863250732,3.25106609109827e-05,6.79405483268422e-05,29.393798828125,29.0143674346995,70.8149821833495,26232702,7.83240642400442e-05,0.000191164505866598,70.8149795532227,0.000257589782112139,0.000628695968365955,232.894134521484,125.518932110177,0.928035101752187,0.789334338012941,0.909740159534222,415.71631459666,0.704255323611605,0.936079908682284,0.649476472017857,286.851890813177,0.881917165757332,0.987460666892908,0.713096447325058,0.11176293622142,101048,0.478516316273802,432640,0.409720747504778,370440,1073,3.36607446615729,2.1952966477037,94.1733457595527,904128,3726.12438406675,1.27176225025148,1227.62624021454,965.295392257305,904031.5,468.645921778906,0.50096774247409,904031.5,0,0,0,0,0,0,0,0,0,0,0,0,0,0,0,0,0,0,0,0,0,0,0,0,0,0,0,0,0,0,0,0,0,0,0,0,0,0,0,0,0,0,0,0,0,0,0,0,0,0,0,0,0,0,0,0,0,0
"H20-16090",0.329041872534577,2.86634377053457,148310.359375,6.35928005575031e-06,5.53968485301797e-05,2.86634373664856,3.50264183670413e-05,0.000305121519389471,15.78759765625,0.45240572183372,2.09126062092341,203914.640625,4.63967810641221e-06,2.14470676417894e-05,2.0912606716156,3.01523697839247e-05,0.000139380340507317,13.5906982421875,12.7063667262731,18.9966681482268,5727191.5,4.21460725437586e-05,6.30105340977912e-05,18.9966678619385,0.000176879458699588,0.000264443837608298,79.7255859375,90.8853457973717,0.968756440374504,0.809644949613111,0.963337992231979,411.889754790309,0.935304385859938,0.800590863268983,0.929326258370329,483.929295493956,0.901292142359979,0.968870455705971,0.807273582980836,0.114794978856709,51742,0.216331583594759,97508,0.668873437548532,301484,210,4.58563321227896,4.10351431661141,246.390476190476,450734,5526.8918446474,6.98486477697792,2279.51375099228,326.350448258575,450589.5,147.329562546015,0.80771297995834,450589.5,0.175410790187948,1.53954848246759,5015.36678059896,0.000127593960602769,0.00114854127360195,1.53954848978255,0.000428860716522231,0.00382940892995656,5.84031089146932,2.58856731471571,3.92295742928537,63661.1927083333,0.000334781327517033,0.000479550821049802,3.92295744684007,0.00120829947955873,0.00174703392590257,15.6122315724691,3.04228586563045,9.40607773118664,135185.193413628,0.000483872119935722,0.00270503525730664,9.40607772933112,0.00143825371519626,0.00785716886584808,29.1612414783902,163.504506000656,0.905234583146169,0.704201446091597,0.891142879211898,824.796049515956,0.527835211835466,0.867275464854073,0.474692272264586,605.140313021523,0.902844695032176,0.943759663926056,0.800974405932682,0.113776670685093,3194.44444444444,0.639827103777157,15925.2222222222,0.246396225537751,8620.77777777778,62.4444444444444,2.73326880875321,1.65527880150673,54.3181608876211,27740.4444444444,590.499895456648,1.47859493364501,209.074038107851,142.586101330465,27714.7777777778,69.5250961905795,0.410046170934064,27714.7777777778,0,0,0,0,0,0,0,0,0,0,0,0,0,0,0,0,0,0,0,0,0,0,0,0,0,0,0,0,0,0,0,0,0,0,0,0,0,0,0,0,0,0,0,0,0,0,0,0,0,0,0,0,0,0,0,0,0,0,0,0,0,0,0,0,0,0,0,0,0,0,0,0,0,0,0,0,0,0,0,0,0,0,0,0,0,0,0,0,0,0,0,0,0,0,0,0,0,0,0,0,0,0,0,0,0,0,0,0,0,0,0,0,0,0,0,0,0.216937149603123,1.91924254634071,136051.265625,3.06028022383759e-06,2.70742932690843e-05,1.91924250125885,1.59353630727051e-05,0.00014098012653192,9.99379920959473,0.679449791196946,2.76324327369527,426114.21875,4.406060468208e-06,1.79189354533797e-05,2.76324319839477,3.060993678356e-05,0.000124487052643588,19.1968994140625,43.2505732317515,67.4653003357791,27124424,0.000107575112515542,0.000167803262066091,67.4653015136719,0.000359702644725633,0.000561089602858106,225.586074829102,160.790430430038,0.92151830960305,0.768515417565381,0.909834511512697,412.723601966422,0.833446274824903,0.901597446014886,0.816368680780407,221.638805755349,0.830934427307298,0.992025395095583,0.569314566145926,0.113032690952346,70888,0.245888517187385,154208,0.641078791860269,402050,645,2.88851171057056,1.66507732827577,109.903875968992,627146,3539.69379311345,2.29507245254658,1390.09184282176,605.685385347785,627046,321.561813653301,0.712699014387283,627046,0,0,0,0,0,0,0,0,0,0,0,0,0,0,0,0,0,0,0,0,0,0,0,0,0,0,0,0,0,0,0,0,0,0,0,0,0,0,0,0,0,0,0,0,0,0,0,0,0,0,0,0,0,0,0,0,0,0
"H20-16106",0,0,0,0,0,0,0,0,0,0,0,0,0,0,0,0,0,0,0,0,0,0,0,0,0,0,0,0,0,0,0,0,0,0,0,0,0,0,0,0,0,0,0,0,0,0,0,0,0,0,0,0,0,0,0,0,0,0,0.189620726108778,1.66671266156565,9580.85694580078,0.000133815481326844,0.00119512792282335,1.66671266555786,0.000507001671450325,0.00452478868228021,6.7568998336792,2.51149176165024,3.95366358137918,95883.684765625,0.000319764606298932,0.000449128879179356,3.95366358757019,0.00102928656997023,0.0014823029132368,14.5500785827637,4.01406125117188,11.2263643435965,326398.197875977,0.000451973273102811,0.00299239152359401,11.2263645172119,0.00128132586564959,0.00823785442233621,32.2545760154724,118.690521909459,0.911126887565231,0.711390026080594,0.893113493770616,651.916879625624,0.5461556405911,0.868713688851545,0.49110317513896,439.272325975506,0.859629984949259,0.956228445952321,0.790546988718122,0.113787158389563,5733.4,0.614780192640251,25180,0.271432648970185,18747.4,101,2.688803276467,1.26728703144901,51.1933021962187,49660.8,737.791153956865,1.53694533975778,275.652405930602,160.92589879787,49626.2,81.3269605816417,0.412353592694097,49626.2,0,0,0,0,0,0,0,0,0,0,0,0,0,0,0,0,0,0,0,0,0,0,0,0,0,0,0,0,0,0,0,0,0,0,0,0,0,0,0,0,0,0,0,0,0,0,0,0,0,0,0,0,0,0,0,0,0,0,0,0,0,0,0,0,0,0,0,0,0,0,0,0,0,0,0,0,0,0,0,0,0,0,0,0,0,0,0,0,0,0,0,0,0,0,0,0,0,0,0,0,0,0,0,0,0,0,0,0,0,0,0,0,0,0,0,0,0,0,0,0,0,0,0,0,0,0,0,0,0,0,0,0,0,0,0,0,0,0,0,0,0,0,0,0,0,0,0,0,0,0,0,0,0,0,0,0,0,0,0,0,0,0,0,0,0,0,0,0,0,0,0,0,0,0,0,0,0,0,0,0,0,0,0,0,0,0,0,0,0,0,0,0,0,0,0,0,0,0,0,0,0,0,0,0,0,0,0,0,0,0,0,0,0,0,0,0,0,0,0,0,0,0,0,0,0,0,0,0,0,0,0,0
"H21-00130 - 1",0.215013418515176,1.85544917338434,339500.8125,1.1750972622597e-06,1.01404519725455e-05,1.85544919967651,7.5900498599795e-06,6.54980132677204e-05,11.9844989776611,6.72965563102646,9.16099569536681,10625958,5.80186227356256e-06,7.89800224965014e-06,9.16099548339844,5.25657467660983e-05,7.155709091975e-05,83,7.41909846577685,49.619720696184,11714571,3.1425273015079e-05,0.000210175572814193,49.6197204589844,0.000109158254118574,0.000730062029238692,172.358154296875,118.572695092691,0.910668764445816,0.75195448571389,0.888889653594425,282.213039943068,0.485566518236367,0.943525647563245,0.387015693684999,108.470145808773,0.943757904627443,0.990486844066238,0.877984095491182,0.115882138729239,182975,0.734598711189221,1159913,0.14951915008154,236087,3089,2.5187813144836,1.2922100541824,59.2343800582713,1578975,4791.57308551453,1.20107941610065,1561.09569619226,1299.74394304451,1578868.5,647.407908509002,0.265679341712564,1578868.5,0.176687873627393,1.53424291515784,2496.24332427979,0.000445238675624966,0.00360294232544065,1.53424291951316,0.000994153914222335,0.00818287563886569,5.14019989967346,2.99016540815566,3.95923350313869,44196.3761858259,0.000790044334923611,0.000960544029869917,3.95923347132547,0.00266805400817656,0.00327530389971286,14.9915838241577,0.589500086105538,3.90850954578425,9915.33877127511,0.000594495026288981,0.145658594171085,3.90850950990404,0.00119107892263879,0.150755856186136,11.9594699314662,109.429300043877,0.914251409669331,0.688833424909971,0.895971879899905,835.161900746281,0.478259049278963,0.814677645231962,0.405201310408104,456.637988206405,0.921388702314718,0.793370424412685,0.900634608053609,0.115655200100294,1474.57142857143,0.767579278369152,9494.71428571429,0.116765521530553,1917.14285714286,24,2.59874149813703,0.939152536369225,53.7157568438003,12886.4285714286,418.587280752665,4.25505017048568,147.132490978485,100.514809459415,12870.2857142857,51.0807943142937,0.225409999865818,12870.2857142857,0,0,0,0,0,0,0,0,0,0,0,0,0,0,0,0,0,0,0,0,0,0,0,0,0,0,0,0,0,0,0,0,0,0,0,0,0,0,0,0,0,0,0,0,0,0,0,0,0,0,0,0,0,0,0,0,0,0,0,0,0,0,0,0,0,0,0,0,0,0,0,0,0,0,0,0,0,0,0,0,0,0,0,0,0,0,0,0,0,0,0,0,0,0,0,0,0,0,0,0,0,0,0,0,0,0,0,0,0,0,0,0,0,0,0,0,0,0,0,0,0,0,0,0,0,0,0,0,0,0,0,0,0,0,0,0,0,0,0,0,0,0,0,0,0,0,0,0,0,0,0,0,0,0,0,0,0,0,0,0,0,0,0,0,0,0,0,0,0,0,0,0,0,0,0,0,0,0,0,0,0,0,0,0,0,0,0,0,0,0,0,0,0,0,0,0,0,0,0,0,0,0,0,0,0,0,0,0,0,0,0,0,0,0,0,0,0,0,0,0,0,0,0,0,0,0,0,0,0,0,0,0
"H21-00130 - 2",0.208982529877093,1.78891019027246,157663.6171875,2.55675626346496e-06,2.1752274666988e-05,1.78891023000081,1.39686920625789e-05,0.000118677707225643,9.7260996500651,3.7165638835723,6.19954128838284,2970400.33333333,8.68251569264174e-06,1.49206595939936e-05,6.19954125086467,5.13725528975078e-05,8.75112663130941e-05,37.4191265106201,17.3176599968723,58.9097971914347,12622027.6666667,8.36936227391245e-05,0.000281898399427412,58.909797668457,0.000257892960351053,0.000870932987974019,179.738962809245,160.278815588076,0.911337834862418,0.738397429605186,0.894042132220509,348.5294882381,0.597190854973039,0.939435650344385,0.528932282742943,120.380260869361,0.915275824502043,0.993070658943579,0.78267194581143,0.116841133549535,88221.3333333333,0.596732596496605,465579.666666667,0.286426269953861,208354.666666667,1313,2.67918134939709,1.40373036837588,67.9330150572841,762155.666666667,3327.26878093629,1.32185437610856,1126.45269806064,848.58634242598,762014.333333333,423.220857791203,0.475122044054573,762014.333333333,0.209838041457709,1.84685814584988,13335.5959378756,0.000107314422874211,0.000950454161571129,1.8468581529764,0.000375996513588914,0.00333593942189429,7.011330641233,3.36929503117642,4.88330010437791,250515.045973558,0.000265466180060643,0.000379175439744178,4.88330010267404,0.000952115843148013,0.00137001404420605,19.5703045771672,2.82820282999994,9.52663925015495,202258.556734525,0.00034214335704396,0.00201458415297745,9.52663918641897,0.00102827976965604,0.00610852303190076,30.4391186420734,129.787049449249,0.911298357960507,0.750724594017737,0.893852996635362,726.433209061691,0.506182641758839,0.884348363942413,0.437711381281194,510.533439297653,0.898275909912939,0.949822805120055,0.829197227205753,0.113357534789312,6900.15384615385,0.67550649840462,41127.3076923077,0.211135966806068,12348.0769230769,93.3846153846154,2.42968076827155,1.18081068292482,75.3136849967404,60375.5384615385,765.084120973013,1.26328461151724,251.899750692591,208.017475730683,60339.3076923077,102.739814427169,0.332201126832284,60339.3076923077,0,0,0,0,0,0,0,0,0,0,0,0,0,0,0,0,0,0,0,0,0,0,0,0,0,0,0,0,0,0,0,0,0,0,0,0,0,0,0,0,0,0,0,0,0,0,0,0,0,0,0,0,0,0,0,0,0,0,0,0,0,0,0,0,0,0,0,0,0,0,0,0,0,0,0,0,0,0,0,0,0,0,0,0,0,0,0,0,0,0,0,0,0,0,0,0,0,0,0,0,0,0,0,0,0,0,0,0,0,0,0,0,0,0,0,0,0,0,0,0,0,0,0,0,0,0,0,0,0,0,0,0,0,0,0,0,0,0,0,0,0,0,0,0,0,0,0,0,0,0,0,0,0,0,0,0,0,0,0,0,0,0,0,0,0,0,0,0,0,0,0,0,0,0,0,0,0,0,0,0,0,0,0,0,0,0,0,0,0,0,0,0,0,0,0,0,0,0,0,0,0,0,0,0,0,0,0,0,0,0,0,0,0,0,0,0,0,0,0,0,0,0,0,0,0,0,0,0,0,0,0,0
"H21-02014",0,0,0,0,0,0,0,0,0,0,0,0,0,0,0,0,0,0,0,0,0,0,0,0,0,0,0,0,0,0,0,0,0,0,0,0,0,0,0,0,0,0,0,0,0,0,0,0,0,0,0,0,0,0,0,0,0,0,0.245797517286444,2.08678984801355,18428.9889133998,0.00024481681135636,0.00208258620284625,2.08678984642029,0.000693620010872734,0.00589725337131562,7.95293538911002,2.70892615788417,3.83858774049603,283198.137736729,0.000473319184644889,0.00136348896346462,3.8385877268655,0.00157380630175236,0.00344574718744228,15.6596910272326,2.74733495717653,6.16156350139592,112423.892076765,0.000521994504530543,0.00237282132771576,6.16156349863325,0.00155743915682237,0.00670193280240831,20.4407541070666,237.45114936421,0.928235561039676,0.78560717078814,0.912104715812873,603.04090874663,0.689618975745222,0.866218987689038,0.64549685106128,784.941286475341,0.833501670893839,0.905318175058964,0.764226933728844,0.118268695342345,8271.71428571429,0.557586097836606,49043.2857142857,0.324145206821049,13311.2142857143,87.2142857142857,2.49401216105114,1.06448260763369,100.976855393314,70626.2142857143,1017.38410826794,2.24092213942933,386.155762954595,162.77296305337,70586.9642857143,81.6190782318287,0.394424418501482,70586.9642857143,0,0,0,0,0,0,0,0,0,0,0,0,0,0,0,0,0,0,0,0,0,0,0,0,0,0,0,0,0,0,0,0,0,0,0,0,0,0,0,0,0,0,0,0,0,0,0,0,0,0,0,0,0,0,0,0,0,0,0,0,0,0,0,0,0,0,0,0,0,0,0,0,0,0,0,0,0,0,0,0,0,0,0,0,0,0,0,0,0,0,0,0,0,0,0,0,0,0,0,0,0,0,0,0,0,0,0,0,0,0,0,0,0,0,0,0,0,0,0,0,0,0,0,0,0,0,0,0,0,0,0,0,0,0,0,0,0,0,0,0,0,0,0,0,0,0,0,0,0,0,0,0,0,0,0,0,0,0,0,0,0,0,0,0,0,0,0,0,0,0,0,0,0,0,0,0,0,0,0,0,0,0,0,0,0,0,0,0,0,0,0,0,0,0,0,0,0,0,0,0,0,0,0,0,0,0,0,0,0,0,0,0,0,0,0,0,0,0,0,0,0,0,0,0,0,0,0,0,0,0,0,0
"H21-03829",0,0,0,0,0,0,0,0,0,0,0,0,0,0,0,0,0,0,0,0,0,0,0,0,0,0,0,0,0,0,0,0,0,0,0,0,0,0,0,0,0,0,0,0,0,0,0,0,0,0,0,0,0,0,0,0,0,0,0.194427059580529,1.6830380240212,10636.2162353516,0.000138151381115498,0.00116872625865996,1.68303799629211,0.000474792060722982,0.00401933157516092,6.19379978179932,2.23081357386007,3.70407272406693,86285.63359375,0.000316099510438981,0.000460032639747298,3.70407266616821,0.00116888622193431,0.00172887449392499,16.5544189453125,4.31593100859161,11.7653906185002,428469.490380859,0.000500008479169822,0.00261203201114249,11.7653906822205,0.00142352865656122,0.00713606362877484,38.5234146118164,138.978492062541,0.913939342505399,0.724752658728936,0.89891451845265,804.393823752591,0.578424526622701,0.870644070826012,0.529812977723979,567.164524752754,0.899133084587243,0.96144033272857,0.795516367413803,0.115556833265595,6243.2,0.596101875852553,25660.4,0.288341290881852,22943.8,91.2,2.50072148557793,1.49367531872806,60.8151434928708,54847.4,805.124371749961,1.58785549196644,301.625759376849,170.80422579208,54806.8,85.57692865093,0.438659436211376,54806.8,0,0,0,0,0,0,0,0,0,0,0,0,0,0,0,0,0,0,0,0,0,0,0,0,0,0,0,0,0,0,0,0,0,0,0,0,0,0,0,0,0,0,0,0,0,0,0,0,0,0,0,0,0,0,0,0,0,0,0,0,0,0,0,0,0,0,0,0,0,0,0,0,0,0,0,0,0,0,0,0,0,0,0,0,0,0,0,0,0,0,0,0,0,0,0,0,0,0,0,0,0,0,0,0,0,0,0,0,0,0,0,0,0,0,0,0,0.247210861704633,2.14125563450722,164836,3.21132304984039e-06,2.78153780431759e-05,2.14125561714172,1.85735068173475e-05,0.00016087734111263,12.3844985961914,1.57007977107995,4.33397707373415,1046902.5,6.49983161304746e-06,1.79418407350755e-05,4.33397722244263,4.25739621781336e-05,0.000117519236548817,28.3875942230225,32.5831492404575,62.3867966517825,21725890,9.35638656713583e-05,0.000179146276454638,62.3867950439453,0.000323797035930414,0.000619972602646956,215.902359008789,126.114679045286,0.918115420252549,0.792087943830409,0.899654167875367,338.636263466074,0.749913017627482,0.936428404667111,0.709593727950322,166.886614062087,0.822179770332779,0.99368996995954,0.609755222775003,0.115451353738773,76981,0.362272283486532,241557,0.522276362774696,348245,604,2.71831853035443,1.47163611697478,127.451986754967,666783,3246.19631843039,1.69046893641021,1199.55556439727,709.599294349992,666682.5,357.755503102328,0.707208981611321,666682.5,0,0,0,0,0,0,0,0,0,0,0,0,0,0,0,0,0,0,0,0,0,0,0,0,0,0,0,0,0,0,0,0,0,0,0,0,0,0,0,0,0,0,0,0,0,0,0,0,0,0,0,0,0,0,0,0,0,0
"H21-05181 - 2",0,0,0,0,0,0,0,0,0,0,0,0,0,0,0,0,0,0,0,0,0,0,0,0,0,0,0,0,0,0,0,0,0,0,0,0,0,0,0,0,0,0,0,0,0,0,0,0,0,0,0,0,0,0,0,0,0,0,0.182130101940241,1.61956695143595,7857.00267028809,0.000972934421187269,0.0119978301054947,1.61956695318222,0.00181406981248419,0.0219830647984644,5.73689270019531,2.51875540215283,4.00859546474663,87497.7993408203,0.0015545689608518,0.00193904777094282,4.00859549045563,0.00323681563155753,0.00414992751188002,16.3494506835938,4.40063249317914,12.6230118362654,315014.510742188,0.00115664586613666,0.00990691265468511,12.6230118274689,0.00183133536756664,0.0127460915699639,36.8050109863281,173.02836322802,0.91185684779727,0.711709532687547,0.898117227308066,1080.27463401094,0.55342721128139,0.862900490246962,0.500245126686659,508.847989819553,0.898882699184224,0.869330382420524,0.791631200262606,0.111263520469255,4584.2,0.622378747658635,20778.5,0.266357731872109,14429,64.5,2.90026237229682,1.18010108867328,61.8976342766594,39791.7,670.221096271776,3.24556154339257,229.733630852338,173.671840346226,39760.4,87.8279438462499,0.390175260880063,39760.4,0,0,0,0,0,0,0,0,0,0,0,0,0,0,0,0,0,0,0,0,0,0,0,0,0,0,0,0,0,0,0,0,0,0,0,0,0,0,0,0,0,0,0,0,0,0,0,0,0,0,0,0,0,0,0,0,0,0,0,0,0,0,0,0,0,0,0,0,0,0,0,0,0,0,0,0,0,0,0,0,0,0,0,0,0,0,0,0,0,0,0,0,0,0,0,0,0,0,0,0,0,0,0,0,0,0,0,0,0,0,0,0,0,0,0,0,0,0,0,0,0,0,0,0,0,0,0,0,0,0,0,0,0,0,0,0,0,0,0,0,0,0,0,0,0,0,0,0,0,0,0,0,0,0,0,0,0,0,0,0,0,0,0,0,0,0,0,0,0,0,0,0,0,0,0,0,0,0,0,0,0,0,0,0,0,0,0,0,0,0,0,0,0,0,0,0,0,0,0,0,0,0,0,0,0,0,0,0,0,0,0,0,0,0,0,0,0,0,0,0,0,0,0,0,0,0,0,0,0,0,0,0
"H21-08255 - 1",0.215669773417694,1.87902073795402,54776.734375,7.39936691569864e-06,6.44761814312373e-05,1.87902069091797,3.66481666247405e-05,0.000319734157053218,9.29379940032959,1.39780443835994,3.64260274945986,354561.28125,1.43493660712545e-05,3.76823825575084e-05,3.64260280132294,7.00128439181103e-05,0.000185378945963854,17.78759765625,25.1235123543169,50.4482382478414,6376255.25,0.000198918502337669,0.000401591372079643,50.4482383728027,0.000561971974439381,0.00113789155720445,142.466674804688,395.746973437461,0.906072812188723,0.753883730976577,0.894482306810549,789.553892388177,0.715705132733589,0.908283302227818,0.680275097192318,305.464598362884,0.866302835365051,0.988167713463828,0.616572572125052,0.1147085245286,29114.5,0.384938336865619,97611.5,0.500353138605781,127067.5,403.5,2.64871426875653,1.56008061237166,74.7249841471148,253793.5,2026.0134187981,1.7493710517987,741.271278896732,454.192664684267,253726,224.870667786732,0.638967279943675,253726,0.196118696447836,1.69573009482336,8545.5752360026,5.93601607128586e-05,0.000513815785949067,1.69573008020719,0.000229894396944532,0.00198980352635876,7.11356639862061,2.84804109352147,4.64421920301771,110432.211588542,0.000163760398734727,0.000263055985406333,4.64421923955282,0.000679039380803959,0.00109550101115841,20.2675727208455,4.81203974994026,14.2550351547213,321076.573730469,0.000390205674041126,0.00156437387415463,14.2550352414449,0.00112982051779639,0.00454516866102089,41.9617611567179,280.837541578609,0.90736175023146,0.746371492717463,0.894210209542984,806.065070385643,0.569672906066789,0.905153023554359,0.512871434447978,390.05868491555,0.90130696346607,0.973172182681598,0.783858604321314,0.115693636265768,4862,0.607385866870401,23564.3333333333,0.276920496863831,13689.4166666667,74.5833333333333,2.68547504789706,1.45195874732888,63.6794591741514,42115.75,749.245183525788,1.42172903177179,260.035132321337,187.899335524271,42079.2083333333,93.5705200019546,0.430280430012621,42079.2083333333,0.215670553851368,1.93801350307108,1023253.6875,4.08473931329517e-07,3.67054278125836e-06,1.93801355361938,3.28669520000451e-06,2.95342111583641e-05,15.5937976837158,2.44342802077849,5.1908204102723,11592898,1.09406600225114e-06,2.32423467619105e-06,5.19082021713257,8.4690083604576e-06,1.79915680259015e-05,40.181396484375,62.6526204325747,149.888556034863,297256736,3.15919179644836e-05,7.55797113253113e-05,149.888549804688,0.000125874465828861,0.000301138911580756,597.214172363281,415.537745211829,0.918949507376631,0.751863337392508,0.906377028295471,671.871408621489,0.702716566976802,0.931977158127384,0.651174787941724,253.222982775563,0.850143471341344,0.988847292159731,0.703225792836559,0.111284340129522,527991,0.470720970415987,2233346,0.417994689454491,1983185,8745,2.59529406428782,1.47370025208999,60.3763293310463,4744522,9370.15540574505,1.59133165764309,3116.53317118509,1958.44351880799,4744184.5,939.298142231741,0.643474702688694,4744184.5,0,0,0,0,0,0,0,0,0,0,0,0,0,0,0,0,0,0,0,0,0,0,0,0,0,0,0,0,0,0,0,0,0,0,0,0,0,0,0,0,0,0,0,0,0,0,0,0,0,0,0,0,0,0,0,0,0,0,0,0,0,0,0,0,0,0,0,0,0,0,0,0,0,0,0,0,0,0,0,0,0,0,0,0,0,0,0,0,0,0,0,0,0,0,0,0,0,0,0,0,0,0,0,0,0,0,0,0,0,0,0,0,0,0,0,0,0,0,0,0,0,0,0,0,0,0,0,0,0,0,0,0,0,0,0,0,0,0,0,0,0,0,0,0,0,0,0,0,0,0,0,0,0,0,0,0,0,0,0,0,0,0,0,0,0,0,0,0,0,0,0,0,0,0
"H21-08512 - 1",0.205325305320362,1.79769292707579,59582.734375,6.19494634472119e-06,5.42388635932781e-05,1.79769289493561,2.96146953208257e-05,0.000259286736394655,8.59379959106445,3.12990545751533,5.96032309822554,908257.875,2.05395945846652e-05,3.91138396008783e-05,5.96032333374023,0.00014468083363594,0.000275517751668892,41.9844970703125,17.7716696475032,49.2753370469812,5157107.5,0.000169805460683071,0.000470817963283027,49.2753372192383,0.000479028236012064,0.00132819697038604,139.007766723633,99.4955073995772,0.914868963423033,0.765210558039281,0.894648915715401,261.641835116711,0.644665638791291,0.933113203523078,0.57084252028173,112.493905596065,0.927401645239567,0.994934498153312,0.72318079882199,0.114216005541254,33144,0.525123454875649,152384,0.360660539583096,104659,448,2.70173095767579,1.58334559796102,73.9821428571429,290187,2032.73629022557,1.16876722970205,657.587834769814,562.633703322991,290078.5,283.298429222613,0.492827773703076,290078.5,0.199185731563135,1.7423900170265,8758.01100980319,7.31293428451542e-05,0.000639525974276974,1.74239002282803,0.000277268308876732,0.00242539216619282,7.01866514866169,3.44954926153246,5.08993788170715,159965.670673077,0.000203902977723656,0.000292412962582706,5.08993792533875,0.000804004858237361,0.00115804993618975,21.5609434567965,2.84929579449386,12.0426109025702,188052.439650316,0.000373606143223143,0.00213457284711247,12.0426107553335,0.00106460194482018,0.00605176578332419,34.9184286410992,92.6972502107341,0.912663207505893,0.74438218213976,0.89226342112017,505.445275282415,0.513844633086479,0.892385612277816,0.439762540856791,316.967131571276,0.925218012937311,0.975344472746704,0.833208790531137,0.114244920005404,4838.38461538462,0.677574752468307,27724.2692307692,0.208180327526289,9836.42307692308,74.8846153846154,2.42171852577779,1.13500124684857,63.9975083888091,42399.0769230769,721.774586100571,1.30710152725878,244.899709834133,187.637498036399,42368.0769230769,93.5212377306248,0.386080439860676,42368.0769230769,0,0,0,0,0,0,0,0,0,0,0,0,0,0,0,0,0,0,0,0,0,0,0,0,0,0,0,0,0,0,0,0,0,0,0,0,0,0,0,0,0,0,0,0,0,0,0,0,0,0,0,0,0,0,0,0,0,0,0,0,0,0,0,0,0,0,0,0,0,0,0,0,0,0,0,0,0,0,0,0,0,0,0,0,0,0,0,0,0,0,0,0,0,0,0,0,0,0,0,0,0,0,0,0,0,0,0,0,0,0,0,0,0,0,0,0,0,0,0,0,0,0,0,0,0,0,0,0,0,0,0,0,0,0,0,0,0,0,0,0,0,0,0,0,0,0,0,0,0,0,0,0,0,0,0,0,0,0,0,0,0,0,0,0,0,0,0,0,0,0,0,0,0,0,0,0,0,0,0,0,0,0,0,0,0,0,0,0,0,0,0,0,0,0,0,0,0,0,0,0,0,0,0,0,0,0,0,0,0,0,0,0,0,0,0,0,0,0,0,0,0,0,0,0,0,0,0,0,0,0,0,0
"H21-08717 - 1",0,0,0,0,0,0,0,0,0,0,0,0,0,0,0,0,0,0,0,0,0,0,0,0,0,0,0,0,0,0,0,0,0,0,0,0,0,0,0,0,0,0,0,0,0,0,0,0,0,0,0,0,0,0,0,0,0,0,0.183094227853149,1.60677722113532,5796.16677024148,7.24640629788643e-05,0.000635744268878252,1.60677722367373,0.00027546472299955,0.00241378035725621,6.52191790667447,1.53614290108163,3.01357547473773,50357.0788796165,0.000125982037483562,0.000273501016899436,3.01357548887079,0.000523371747961923,0.00114716263746707,12.280198877508,4.67653260419672,11.4416276540851,172382.006392045,0.000445410803264825,0.00113336307549852,11.4416276758367,0.00150773645185215,0.00386073761438109,39.8139553070068,682.979222530383,0.901745392753177,0.721452222908695,0.891324416578424,1682.47573730241,0.635045330103638,0.853804971810452,0.588684179976996,1220.47472486049,0.793987062701255,0.939359888421844,0.674012877312919,0.113884274362398,3610.54545454545,0.484243995989634,15562.6363636364,0.401871729647968,12540.5454545455,75.3636363636364,2.59778983695672,1.35880854454249,52.1426006607227,31713.7272727273,662.927160855358,1.37815530614511,228.851940409115,165.312918885115,31689.2727272727,81.5200555858274,0.477727606966541,31689.2727272727,0,0,0,0,0,0,0,0,0,0,0,0,0,0,0,0,0,0,0,0,0,0,0,0,0,0,0,0,0,0,0,0,0,0,0,0,0,0,0,0,0,0,0,0,0,0,0,0,0,0,0,0,0,0,0,0,0,0,0,0,0,0,0,0,0,0,0,0,0,0,0,0,0,0,0,0,0,0,0,0,0,0,0,0,0,0,0,0,0,0,0,0,0,0,0,0,0,0,0,0,0,0,0,0,0,0,0,0,0,0,0,0,0,0,0,0,0,0,0,0,0,0,0,0,0,0,0,0,0,0,0,0,0,0,0,0,0,0,0,0,0,0,0,0,0,0,0,0,0,0,0,0,0,0,0,0,0,0,0,0,0,0,0,0,0,0,0,0,0,0,0,0,0,0,0,0,0,0,0,0,0,0,0,0,0,0,0,0,0,0,0,0,0,0,0,0,0,0,0,0,0,0,0,0,0,0,0,0,0,0,0,0,0,0,0,0,0,0,0,0,0,0,0,0,0,0,0,0,0,0,0,0
"H21-11172 - 1",0.212075924016996,1.8587560251148,59097.2890625,6.67031290840359e-06,5.84624792529613e-05,1.85875606536865,2.72399016804917e-05,0.000238746249046597,7.5906982421875,1.35062203717061,3.75708198153232,376365.6875,1.34826257907408e-05,3.7505185779622e-05,3.75708198547363,6.67031085499608e-05,0.000185550835354536,18.5875549316406,26.7845195416653,50.8807637771658,7463801,0.000182590186669711,0.000346854388838985,50.8807640075684,0.000523266276258945,0.000994014014456097,145.813903808594,98.2515110230369,0.935988417608776,0.770657760373206,0.923284703362331,329.845440095781,0.804176715908211,0.920902850841105,0.778666707307663,204.358079431921,0.889100392044178,0.9914653064525,0.700960909326888,0.114095621561683,31794,0.359486975213611,100175,0.526417403224707,146692,310,2.56932946476968,1.42270719412997,102.561290322581,278661,2273.05313678613,2.3153105642107,910.617158397028,393.302381318967,278542.5,185.010810494955,0.795889113596688,278542.5,0.187904278197913,1.62987535810851,5579.87966308594,8.71372216532803e-05,0.000749593525661295,1.62987537384033,0.000291153295215435,0.0025091590523985,5.79565734863281,2.60860100184789,4.0098521136481,77316.0334960937,0.000211245702532454,0.000328494055137164,4.00985209941864,0.00084045600421078,0.00130462211485791,16.7491424560547,2.24905980740607,8.58987704019998,75835.1202148437,0.000410362994624937,0.00185295569931508,8.58987712860107,0.0012004868979242,0.0055550569836588,27.0561096191406,126.278672013199,0.911260719294443,0.737978177646433,0.893400275781647,739.22704684474,0.534298603593855,0.883224821990776,0.475021871177148,537.089419033759,0.891977903093127,0.960556979413148,0.807828161761548,0.115293471090345,3433.4,0.643332752739168,19120.9,0.241373776170487,7478.2,59.7,2.70090438522307,1.38913217371812,59.8088481215706,30032.5,640.761089093026,1.48896730108461,228.393559642846,152.817428614734,30007.15,76.8842716273436,0.392199129507397,30007.15,0,0,0,0,0,0,0,0,0,0,0,0,0,0,0,0,0,0,0,0,0,0,0,0,0,0,0,0,0,0,0,0,0,0,0,0,0,0,0,0,0,0,0,0,0,0,0,0,0,0,0,0,0,0,0,0,0,0,0,0,0,0,0,0,0,0,0,0,0,0,0,0,0,0,0,0,0,0,0,0,0,0,0,0,0,0,0,0,0,0,0,0,0,0,0,0,0,0,0,0,0,0,0,0,0,0,0,0,0,0,0,0,0,0,0,0,0,0,0,0,0,0,0,0,0,0,0,0,0,0,0,0,0,0,0,0,0,0,0,0,0,0,0,0,0,0,0,0,0,0,0,0,0,0,0,0,0,0,0,0,0,0,0,0,0,0,0,0,0,0,0,0,0,0,0,0,0,0,0,0,0,0,0,0,0,0,0,0,0,0,0,0,0,0,0,0,0,0,0,0,0,0,0,0,0,0,0,0,0,0,0,0,0,0,0,0,0,0,0,0,0,0,0,0,0,0,0,0,0,0,0,0
"H21-11737 - 1",0.222361052016738,1.9896702158077,96552.7265625,4.5822129019487e-06,4.10013014905631e-05,1.98967015743256,2.07270114413103e-05,0.000185463762441527,9,0.361145792071227,2.01285226295455,156815.28125,4.63560115685523e-06,2.58366025122909e-05,2.01285219192505,2.25408542375192e-05,0.000125631837493404,9.78759956359863,23.8727108167364,33.679399704986,10365913,7.75637042340795e-05,0.000109426156817829,33.6794013977051,0.000319688702362329,0.000451013865609298,138.813949584961,518.644339486327,0.926533426066577,0.795919953860724,0.915410244531947,920.379125576467,0.883032601574684,0.845638942942489,0.867080795096226,975.877740851786,0.769928320981888,0.961726445895444,0.533375992932065,0.111757742690274,48527,0.179419920039796,77907,0.70882233726993,307782,645,2.51871816208222,1.50762822428346,75.2356589147287,434216,3044.45916165304,2.85527946061372,1280.6553067136,448.521878288696,434151.5,222.182357535426,0.790913657777221,434151.5,0.193146180090567,1.69843085975222,7489.14783393012,0.000144451859768332,0.00126942863791735,1.69843084282345,0.00049269147755219,0.00432839731556109,6.17295530107286,0.26262078830104,1.56999051141517,9626.08618503147,0.000129389135044026,0.000937479876650781,1.56999051570892,0.000405191045988374,0.00278055062134395,5.64203312661913,6.09114345673734,8.2778551407798,302644.206488715,0.000609100294907342,0.000859760871801981,8.27785513136122,0.00234400167264191,0.00329697380517141,35.3726119995117,737.791702011435,0.907288113207815,0.733030102584375,0.897807475302452,1266.00947616036,0.87328881979804,0.757614646936682,0.860483482544204,1942.92229860066,0.599875021207134,0.912391933896561,0.435104660172684,0.113639048503618,4196.5,0.157520215607593,5229.72222222222,0.728840735888789,27157.6666666667,58.5555555555556,2.94566653492065,1.66014711532485,66.4576813953626,36583.8888888889,657.964990814996,1.56180478442683,243.556209696472,139.247752183707,36554.1111111111,65.6068456569678,0.670616839867169,36554.1111111111,0,0,0,0,0,0,0,0,0,0,0,0,0,0,0,0,0,0,0,0,0,0,0,0,0,0,0,0,0,0,0,0,0,0,0,0,0,0,0,0,0,0,0,0,0,0,0,0,0,0,0,0,0,0,0,0,0,0,0,0,0,0,0,0,0,0,0,0,0,0,0,0,0,0,0,0,0,0,0,0,0,0,0,0,0,0,0,0,0,0,0,0,0,0,0,0,0,0,0,0,0,0,0,0,0,0,0,0,0,0,0,0,0,0,0,0,0,0,0,0,0,0,0,0,0,0,0,0,0,0,0,0,0,0,0,0,0,0,0,0,0,0,0,0,0,0,0,0,0,0,0,0,0,0,0,0,0,0,0,0,0,0,0,0,0,0,0,0,0,0,0,0,0,0,0,0,0,0,0,0,0,0,0,0,0,0,0,0,0,0,0,0,0,0,0,0,0,0,0,0,0,0,0,0,0,0,0,0,0,0,0,0,0,0,0,0,0,0,0,0,0,0,0,0,0,0,0,0,0,0,0,0
"H21-11737 - 2",0.227903485312485,2.00438238256833,130830.046875,3.49159645942746e-06,3.07081500781723e-05,2.00438237190247,2.09037746991163e-05,0.000183846059566123,12,0.206711957089776,1.8570400528169,118664.859375,3.23492889693493e-06,2.90616595875676e-05,1.85704004764557,1.77466065023437e-05,0.000159430347138168,10.1875991821289,13.2345943535421,17.0772308473837,7597438,2.97482148237223e-05,3.83855461128134e-05,17.0772304534912,0.000139277480556768,0.000179716402616704,79.9534912109375,453.098744785511,0.945530195784489,0.771724262684301,0.939864327810743,529.7907913566,0.947974812508281,0.811899980785006,0.941486363509348,840.79329213128,0.784511471435835,0.961070012018974,0.644937576322865,0.113702598513393,65272,0.111312600272794,63900,0.774984801213813,444887,814,2.61663544621659,1.5918276724498,80.1867321867322,574059,4418.07561083147,4.62235214558932,1935.41723343213,418.708305311381,573898,191.815015053567,0.98058227476663,573898,0.217009296724568,1.88839082425524,9458.07461825284,8.70690251065743e-05,0.000758293643701219,1.88839084451849,0.000307875142217608,0.00268507180078807,7.26737256483598,0.374333118987066,1.88377343553943,17617.4574862393,8.63821806288594e-05,0.000566120685101411,1.88377343524586,0.000314459494362672,0.00198247224247418,7.448908849196,6.47312532849055,9.47550247769694,344479.333096591,0.000377038812687688,0.000546492695068,9.47550249099731,0.00152050356410269,0.00220832596102201,39.874420339411,612.680405531181,0.909356417345714,0.777844941378846,0.897754343694789,1200.06770108366,0.854594539535624,0.810234954329753,0.83533574668897,1601.02322570557,0.605932281152998,0.925921598676223,0.452622843883701,0.114966335777907,4681.81818181818,0.189055076433138,8132.09090909091,0.695978587788954,27829.5454545455,49.0909090909091,2.607757908468,1.31740306190165,92.9101512011272,40643.4545454545,721.818453580436,1.54715156482465,260.489546421084,166.254011201536,40612.8636363636,83.0031868013027,0.654866910416345,40612.8636363636,0,0,0,0,0,0,0,0,0,0,0,0,0,0,0,0,0,0,0,0,0,0,0,0,0,0,0,0,0,0,0,0,0,0,0,0,0,0,0,0,0,0,0,0,0,0,0,0,0,0,0,0,0,0,0,0,0,0,0,0,0,0,0,0,0,0,0,0,0,0,0,0,0,0,0,0,0,0,0,0,0,0,0,0,0,0,0,0,0,0,0,0,0,0,0,0,0,0,0,0,0,0,0,0,0,0,0,0,0,0,0,0,0,0,0,0,0,0,0,0,0,0,0,0,0,0,0,0,0,0,0,0,0,0,0,0,0,0,0,0,0,0,0,0,0,0,0,0,0,0,0,0,0,0,0,0,0,0,0,0,0,0,0,0,0,0,0,0,0,0,0,0,0,0,0,0,0,0,0,0,0,0,0,0,0,0,0,0,0,0,0,0,0,0,0,0,0,0,0,0,0,0,0,0,0,0,0,0,0,0,0,0,0,0,0,0,0,0,0,0,0,0,0,0,0,0,0,0,0,0,0,0
"H21-14920 - 1",0,0,0,0,0,0,0,0,0,0,0,0,0,0,0,0,0,0,0,0,0,0,0,0,0,0,0,0,0,0,0,0,0,0,0,0,0,0,0,0,0,0,0,0,0,0,0,0,0,0,0,0,0,0,0,0,0,0,0.192819094167206,1.66005910013384,2660.81101989746,0.000148294285256235,0.00127497177742462,1.66005910933018,0.000483265020729587,0.00415146908506081,5.52034974098206,3.22622188890995,4.50655844619233,47696.033203125,0.000380303843123592,0.000538902484310397,4.50655844807625,0.00137257793589625,0.0019412940828858,16.9930236339569,1.43715243494661,7.41455415410775,21981.7249450684,0.000599599367569339,0.00388123027388013,7.41455420851708,0.00161738927716038,0.0104303364936022,20.1156978011131,71.2118197541249,0.916543633694431,0.740105580656964,0.893887326130955,496.598045221046,0.518451543092255,0.87085962240551,0.436858610613105,326.573017359699,0.920348082498755,0.963794010394683,0.86439490687005,0.11635523839778,1615.375,0.709992558047997,9871.375,0.173652203554223,2400.75,28.125,2.6162926300727,1.31524114028575,60.2420460590861,13887.5,453.675558904013,1.56782391220448,165.04475471542,103.054359157732,13869.875,52.5894442513273,0.373381289864768,13869.875,0,0,0,0,0,0,0,0,0,0,0,0,0,0,0,0,0,0,0,0,0,0,0,0,0,0,0,0,0,0,0,0,0,0,0,0,0,0,0,0,0,0,0,0,0,0,0,0,0,0,0,0,0,0,0,0,0,0,0,0,0,0,0,0,0,0,0,0,0,0,0,0,0,0,0,0,0,0,0,0,0,0,0,0,0,0,0,0,0,0,0,0,0,0,0,0,0,0,0,0,0,0,0,0,0,0,0,0,0,0,0,0,0,0,0,0,0,0,0,0,0,0,0,0,0,0,0,0,0,0,0,0,0,0,0,0,0,0,0,0,0,0,0,0,0,0,0,0,0,0,0,0,0,0,0,0,0,0,0,0,0,0,0,0,0,0,0,0,0,0,0,0,0,0,0,0,0,0,0,0,0,0,0,0,0,0,0,0,0,0,0,0,0,0,0,0,0,0,0,0,0,0,0,0,0,0,0,0,0,0,0,0,0,0,0,0,0,0,0,0,0,0,0,0,0,0,0,0,0,0,0,0
"H21-14920 - 2",0,0,0,0,0,0,0,0,0,0,0,0,0,0,0,0,0,0,0,0,0,0,0,0,0,0,0,0,0,0,0,0,0,0,0,0,0,0,0,0,0,0,0,0,0,0,0,0,0,0,0,0,0,0,0,0,0,0,0.210200599819664,1.82320927874259,4289.3005065918,0.00124522901416977,0.0136028427332432,1.82320924848318,0.00155065391606718,0.0162119493792737,6.35823249816895,3.63728396788595,4.92481999824932,75335.3303470612,0.00181778877580277,0.00243656450719179,4.92481996119022,0.00373720006462582,0.00503325739434191,18.5264205932617,1.30528401923044,6.84778508244178,42494.9134063721,0.00149450532563359,0.00996471691994066,6.84778509289026,0.00215704119347106,0.015072810685534,19.0485305786133,100.267422222247,0.918524817373628,0.745608338783205,0.898445789504135,553.95309927936,0.509620766786039,0.883329566821858,0.430536429803136,383.090218886935,0.939213879193763,0.923926890692663,0.886306839986634,0.114570021815132,2261,0.739622734882597,14006.4375,0.145807243302271,3252.625,35,2.41123970230282,1.07543194073998,61.8037352797838,19520.0625,518.868393476622,2.37240870984299,181.649626668662,121.573706281466,19500.28125,62.9155105715915,0.276693229294837,19500.28125,0,0,0,0,0,0,0,0,0,0,0,0,0,0,0,0,0,0,0,0,0,0,0,0,0,0,0,0,0,0,0,0,0,0,0,0,0,0,0,0,0,0,0,0,0,0,0,0,0,0,0,0,0,0,0,0,0,0,0.261869412469822,2.2460393454039,498310.78125,1.18032568774783e-06,1.01235875930261e-05,2.24603939056396,6.40637271578666e-06,5.49471014780584e-05,12.190673828125,2.20391305787278,6.400514245336,4193821.75,3.36356132899608e-06,9.76831736823594e-06,6.40051412582397,2.74024853257949e-05,7.95811781498528e-05,52.1441345214844,43.6908168488274,81.0478103029429,83139168,4.25917802296956e-05,7.90090635399427e-05,81.0478134155273,0.000104539036786752,0.00019392313153725,198.927124023438,44.4368514956782,0.967775969815548,0.801156558351988,0.96080723027533,107.475724661388,0.910381566555591,0.939966809790169,0.893464588500364,57.2890584800872,0.934529805227667,0.996234955090174,0.842462527158244,0.116591640750056,221862,0.344333747788899,655232,0.539074611461045,1025804,1472,2.82747552820164,2.08188053798546,150.721467391304,1902898,8188.15158060044,5.82516624519129,3859.50502473141,662.557060567578,1902532,312.553995335206,0.643749127291308,1902532,0,0,0,0,0,0,0,0,0,0,0,0,0,0,0,0,0,0,0,0,0,0,0,0,0,0,0,0,0,0,0,0,0,0,0,0,0,0,0,0,0,0,0,0,0,0,0,0,0,0,0,0,0,0,0,0,0,0,0,0,0,0,0,0,0,0,0,0,0,0,0,0,0,0,0,0,0,0,0,0,0,0,0,0,0,0,0,0,0,0,0,0,0,0,0,0,0,0,0,0,0,0,0,0,0,0,0,0,0,0,0,0,0,0,0,0
"H21-15818",0,0,0,0,0,0,0,0,0,0,0,0,0,0,0,0,0,0,0,0,0,0,0,0,0,0,0,0,0,0,0,0,0,0,0,0,0,0,0,0,0,0,0,0,0,0,0,0,0,0,0,0,0,0,0,0,0,0,0.230980778349108,2.00811328310433,6671.09959193638,0.000100484952178521,0.00087322046024014,2.00811328206744,0.000376952293368508,0.00327779452098423,8.16699974877494,3.62535263113664,5.32911497344002,97251.2544642857,0.000277433897318342,0.000388168629952654,5.32911494800023,0.00104560454948057,0.00149258475270355,21.9537116459438,3.48928229951556,11.4239950221666,122229.324227469,0.000403335062673403,0.00292481994188698,11.4239951542446,0.00109724332936158,0.00761547400874305,31.4582529749189,52.6387345788858,0.926484455026492,0.794645769700129,0.896985523859647,366.305542514272,0.556396317838577,0.901331630828421,0.46643639565886,250.459685900081,0.932591697848513,0.971509762041225,0.828818016691302,0.115128147175409,3302.28571428571,0.660635792846194,17837.7142857143,0.224236059978397,7622.14285714286,37.8571428571429,2.37827645120068,1.02673496406233,92.3812304695749,28762.1428571429,631.733796767938,1.34962168073566,218.986208459849,157.656151839314,28732.2857142857,78.7143160871553,0.366347761654549,28732.2857142857,0,0,0,0,0,0,0,0,0,0,0,0,0,0,0,0,0,0,0,0,0,0,0,0,0,0,0,0,0,0,0,0,0,0,0,0,0,0,0,0,0,0,0,0,0,0,0,0,0,0,0,0,0,0,0,0,0,0,0.254948841573398,2.12877362355254,292301.90625,1.85673912638509e-06,1.55034133658876e-05,2.12877368927002,1.11588875185391e-05,9.31745571819625e-05,12.7937984466553,1.79178270702793,4.8045942769605,2054300.375,4.19061818796227e-06,1.12369764948827e-05,4.80459403991699,3.00013367043759e-05,8.04473946900096e-05,34.3968925476074,49.7235859720614,98.0150473151408,57008688,8.54897682414276e-05,0.000168517284410101,98.0150451660156,0.000217998580286338,0.00042971842725512,249.93798828125,61.2951835608929,0.936266932603808,0.796357246806952,0.915485555402891,145.387476872869,0.79892643249959,0.948679503299211,0.75914202431699,52.6313535367379,0.861958915335778,0.997743281155568,0.690915802492621,0.11976324713566,137310,0.372931116290104,427570,0.507305636574236,581632,1243,2.60557729147557,1.46221020750925,110.466613032985,1146512,5169.90612999727,3.25267713296754,2202.61134250991,677.16876052201,1146320,336.933227806341,0.763149181897671,1146320,0,0,0,0,0,0,0,0,0,0,0,0,0,0,0,0,0,0,0,0,0,0,0,0,0,0,0,0,0,0,0,0,0,0,0,0,0,0,0,0,0,0,0,0,0,0,0,0,0,0,0,0,0,0,0,0,0,0,0,0,0,0,0,0,0,0,0,0,0,0,0,0,0,0,0,0,0,0,0,0,0,0,0,0,0,0,0,0,0,0,0,0,0,0,0,0,0,0,0,0,0,0,0,0,0,0,0,0,0,0,0,0,0,0,0,0
"H21-16428 - 2",0,0,0,0,0,0,0,0,0,0,0,0,0,0,0,0,0,0,0,0,0,0,0,0,0,0,0,0,0,0,0,0,0,0,0,0,0,0,0,0,0,0,0,0,0,0,0,0,0,0,0,0,0,0,0,0,0,0,0.191367110403296,1.68050083283863,8587.25245264957,0.00015378337750682,0.00134920587317238,1.68050081478922,0.000489719524650619,0.00430003830794021,6.35414183767218,2.79155365451754,4.23949689491346,98796.2746453536,0.000363036948255166,0.000535085214563738,4.23949689614145,0.00125909450485276,0.00186523831718371,17.5283558745133,3.75803925739785,11.0441814121894,445181.218811035,0.000495463672283518,0.00260032360143403,11.0441813970867,0.00137644523037446,0.00713107779066726,31.8477368605764,160.497195888663,0.916490068512637,0.734186161597181,0.902120932970948,741.317117121797,0.56139332871769,0.884363071453853,0.508314220757452,521.379335841912,0.913429309329507,0.948852850834251,0.827996567196176,0.113861845945045,4701.63157894737,0.647955785797178,21269.8421052632,0.238182368257776,15156.2105263158,66.2631578947368,2.42684574944963,1.19088014983518,56.3542948832208,41127.6842105263,680.573045832948,1.68226867862181,256.198189354764,141.933685024664,41103.3947368421,70.1840201855708,0.402545073881664,41103.3947368421,0,0,0,0,0,0,0,0,0,0,0,0,0,0,0,0,0,0,0,0,0,0,0,0,0,0,0,0,0,0,0,0,0,0,0,0,0,0,0,0,0,0,0,0,0,0,0,0,0,0,0,0,0,0,0,0,0,0,0.222351110641582,1.90709602668835,302553.15625,1.40155510276177e-06,1.20210785543155e-05,1.90709602832794,8.81671099516649e-06,7.56205555206122e-05,11.9968986511231,1.96339586242375,4.61662159359934,2671592.75,3.39282831946293e-06,7.9777108543317e-06,4.61662149429321,2.33475368396307e-05,5.48981205441351e-05,31.7689933776856,61.3276637025061,133.868096328951,83448552,9.8381791010027e-05,0.000214751097316085,133.868103027344,0.000277605514431049,0.000605966696001579,377.737823486328,234.033408881054,0.905440590044615,0.763091480964239,0.888279316527514,442.684368217194,0.684306030353414,0.934762582206429,0.634583552594485,144.712423403005,0.832675388997119,0.994573875685118,0.629756275359691,0.116591460277798,158646,0.425288454471963,578690,0.458120085250239,623364,1907,2.97610098343624,1.87024139578916,83.1914001048768,1360700,4497.05627484771,1.32565193405364,1522.66785450929,1148.61813677833,1360611,558.910547404502,0.683268745687156,1360611,0,0,0,0,0,0,0,0,0,0,0,0,0,0,0,0,0,0,0,0,0,0,0,0,0,0,0,0,0,0,0,0,0,0,0,0,0,0,0,0,0,0,0,0,0,0,0,0,0,0,0,0,0,0,0,0,0,0,0,0,0,0,0,0,0,0,0,0,0,0,0,0,0,0,0,0,0,0,0,0,0,0,0,0,0,0,0,0,0,0,0,0,0,0,0,0,0,0,0,0,0,0,0,0,0,0,0,0,0,0,0,0,0,0,0,0
"H21-16984 - 1",0.208683227662617,1.8367702685758,76903.734375,4.98419429146612e-06,4.38694570230195e-05,1.8367702960968,2.27771153774956e-05,0.000200477675172546,8.39379978179932,2.49050591692694,5.24723287843532,917798.75,1.42387038767905e-05,2.99994449404037e-05,5.24723291397095,9.38220154523919e-05,0.000197673075521265,34.5751953125,14.3202209384048,34.7786231621403,5277273.5,9.43740259622543e-05,0.000229200282548218,34.778621673584,0.000285164072697066,0.000692560112471085,105.08837890625,163.190711336256,0.923813731563504,0.752844102443622,0.911566345513835,394.706462049295,0.711796605020351,0.927466774447863,0.672543012395709,187.443192783052,0.882818905516523,0.991334628042171,0.73083051967178,0.113614223418603,41869,0.474632244199078,174911,0.411753532382319,151739,520,2.73186697637513,1.77104336949285,80.5173076923077,368519,2504.50793488832,2.0257801743352,977.50224404442,482.531252121277,368427.5,239.301065605651,0.625542635301073,368427.5,0.207589989399397,1.81829318379172,8245.71209716797,9.40568570221819e-05,0.000824819048269793,1.81829319000244,0.000332045873438028,0.0029187909318028,6.89379987716675,3.34928165857018,4.97289739663187,122938.521484375,0.000252320827838897,0.000350236959452497,4.9728973865509,0.000897911435768862,0.00126098201333843,19.9260473251343,2.09867584086408,8.35422430262495,119842.291333008,0.000293493327965189,0.00187256048600605,8.35422412157059,0.00089803354561042,0.00567015445025059,25.7358161449432,155.836937950994,0.911616548135279,0.744610576868203,0.895859621255168,676.082168664571,0.520810959499395,0.895841299540895,0.459154602081634,462.227251699338,0.881828078081318,0.952069263297545,0.829448868329009,0.114231008618034,4305.2,0.675134563750173,23019.5,0.210634427631793,10230.2,59.6,2.47830482934914,1.21677704121772,66.0128302397546,37554.9,692.868405078318,1.39082086297425,233.586490303546,177.814430868894,37525.15,87.8015620609244,0.323700471185384,37525.15,0,0,0,0,0,0,0,0,0,0,0,0,0,0,0,0,0,0,0,0,0,0,0,0,0,0,0,0,0,0,0,0,0,0,0,0,0,0,0,0,0,0,0,0,0,0,0,0,0,0,0,0,0,0,0,0,0,0,0,0,0,0,0,0,0,0,0,0,0,0,0,0,0,0,0,0,0,0,0,0,0,0,0,0,0,0,0,0,0,0,0,0,0,0,0,0,0,0,0,0,0,0,0,0,0,0,0,0,0,0,0,0,0,0,0,0,0,0,0,0,0,0,0,0,0,0,0,0,0,0,0,0,0,0,0,0,0,0,0,0,0,0,0,0,0,0,0,0,0,0,0,0,0,0,0,0,0,0,0,0,0,0,0,0,0,0,0,0,0,0,0,0,0,0,0,0,0,0,0,0,0,0,0,0,0,0,0,0,0,0,0,0,0,0,0,0,0,0,0,0,0,0,0,0,0,0,0,0,0,0,0,0,0,0,0,0,0,0,0,0,0,0,0,0,0,0,0,0,0,0,0,0
"H21-16984 - 2",0.205562869510721,1.78618436905135,74128.4375,4.95320264137934e-06,4.30395487075754e-05,1.78618431091309,2.43685722150085e-05,0.000211744284802743,8.78759956359863,2.10760405227779,4.58024366321955,760027.3125,1.27013066328738e-05,2.7602470756761e-05,4.5802435874939,7.70567747502856e-05,0.000167459729391151,27.78759765625,12.0735624438455,28.4241651705565,4353871.5,7.88220184733398e-05,0.000185566611560033,28.424165725708,0.000287048638408456,0.000675783800187694,103.51318359375,136.234698290316,0.902447070600332,0.722478399969086,0.883990355131481,491.190144281357,0.645015032490553,0.88106352288086,0.590975109477659,339.498611300614,0.882731981054533,0.98658979340569,0.650215345999048,0.115084911206505,41501,0.460151076503278,165936,0.424764012290218,153175,577,2.8850395565544,1.6541241561269,71.9254766031196,360612,2423.90072042589,1.92938341249493,945.643563847818,490.127342094739,360553,240,0.632592768778707,360553,0.216251078202056,1.87575474155374,8010.237890625,9.86090129096608e-05,0.000863601751567314,1.875754737854,0.000315812831095398,0.00276083619073164,6.9956597328186,3.26118825400469,4.95772123174402,99539.6451171875,0.000273054932030079,0.000386473522873548,4.95772120952606,0.00100896304743433,0.00145500289349762,20.0254272460937,3.75404946846304,11.1678933201616,211363.711767578,0.00037666894872272,0.00229855883101878,11.1678931951523,0.00105409123495923,0.00625898002048217,31.7392269611359,98.1999916113813,0.912318641240324,0.764604678091282,0.891949991050084,539.574311371778,0.531290878112306,0.886791767217338,0.460169511370822,330.779595546796,0.914932147484078,0.9713736610214,0.804367587177393,0.115094089755732,4061.7,0.64061229551853,19598.5,0.244293614725738,11462.8,47.8,2.47856703579788,1.11865231161509,77.4016639600492,35123,679.287077556009,1.40039140610549,238.343287870848,165.999066085681,35101.8,81.0477663445589,0.394670721430249,35101.8,0,0,0,0,0,0,0,0,0,0,0,0,0,0,0,0,0,0,0,0,0,0,0,0,0,0,0,0,0,0,0,0,0,0,0,0,0,0,0,0,0,0,0,0,0,0,0,0,0,0,0,0,0,0,0,0,0,0,0,0,0,0,0,0,0,0,0,0,0,0,0,0,0,0,0,0,0,0,0,0,0,0,0,0,0,0,0,0,0,0,0,0,0,0,0,0,0,0,0,0,0,0,0,0,0,0,0,0,0,0,0,0,0,0,0,0,0,0,0,0,0,0,0,0,0,0,0,0,0,0,0,0,0,0,0,0,0,0,0,0,0,0,0,0,0,0,0,0,0,0,0,0,0,0,0,0,0,0,0,0,0,0,0,0,0,0,0,0,0,0,0,0,0,0,0,0,0,0,0,0,0,0,0,0,0,0,0,0,0,0,0,0,0,0,0,0,0,0,0,0,0,0,0,0,0,0,0,0,0,0,0,0,0,0,0,0,0,0,0,0,0,0,0,0,0,0,0,0,0,0,0,0
"H21-17233 - 2",0.207245851601784,1.81926122370215,85646.208984375,5.38440482805998e-06,4.74126492117965e-05,1.8192612528801,2.61660039213521e-05,0.000230350737311414,8.99379968643188,1.99122954753071,4.2335315287521,923805.71875,1.19699113054183e-05,2.8299695409145e-05,4.23353147506714,6.53646513150744e-05,0.000150719109007457,24.8860473632812,17.0103304897627,40.8521614053477,6690328.75,0.000115944301179364,0.000265288003503251,40.8521614074707,0.000359123947396056,0.000829373516787251,129.303886413574,209.482626299556,0.915532195765748,0.723117182595032,0.903897705006732,656.891661475749,0.686859648815444,0.902477641003649,0.650928207713015,409.035520156372,0.90798616149748,0.981376024691516,0.715658225348412,0.113991025061432,48889.5,0.468427896923127,215432,0.417581078015441,163204.5,701.5,2.91793389001341,1.82378798844219,80.2135190499566,427526,2777.93582105593,2.37946766109679,1097.00120194034,496.590273757635,427439,243.933449601151,0.644193698264391,427439,0.18784763733783,1.62967594196995,4691.75390625,6.96427717384173e-05,0.000598957178443944,1.6296759446462,0.000270494996192457,0.00234567689384872,6.66253312428792,2.86914177506304,4.2580578176674,71509.8424479167,0.000184825720108512,0.000276285432865975,4.25805775324504,0.000827699840257859,0.00122287740608946,19.2625306447347,1.85188710953126,7.67824065748274,45937.9313151042,0.000322354691782783,0.00149815029755477,7.67824061711629,0.000934334177573094,0.00440191730428624,22.5865624745687,224.952028742923,0.904455732914824,0.714075892101376,0.891625490129642,967.033407733991,0.504943607351098,0.874348338999899,0.450617617018896,574.635942957253,0.90279159323959,0.952170310357737,0.834647585239296,0.115706846504281,2831.33333333333,0.674312015075451,16686.3333333333,0.209981138420267,5208.33333333333,50.6666666666667,2.68695783149065,1.48065795996229,60.8626501501501,24726,595.051851473942,1.3876160293624,206.018284396632,151.754635951462,24683.5,75.5462416247695,0.349830649399596,24683.5,0,0,0,0,0,0,0,0,0,0,0,0,0,0,0,0,0,0,0,0,0,0,0,0,0,0,0,0,0,0,0,0,0,0,0,0,0,0,0,0,0,0,0,0,0,0,0,0,0,0,0,0,0,0,0,0,0,0,0,0,0,0,0,0,0,0,0,0,0,0,0,0,0,0,0,0,0,0,0,0,0,0,0,0,0,0,0,0,0,0,0,0,0,0,0,0,0,0,0,0,0,0,0,0,0,0,0,0,0,0,0,0,0,0,0,0,0,0,0,0,0,0,0,0,0,0,0,0,0,0,0,0,0,0,0,0,0,0,0,0,0,0,0,0,0,0,0,0,0,0,0,0,0,0,0,0,0,0,0,0,0,0,0,0,0,0,0,0,0,0,0,0,0,0,0,0,0,0,0,0,0,0,0,0,0,0,0,0,0,0,0,0,0,0,0,0,0,0,0,0,0,0,0,0,0,0,0,0,0,0,0,0,0,0,0,0,0,0,0,0,0,0,0,0,0,0,0,0,0,0,0,0
"H21-17666 - 1",0.2188868610093,1.92002847563832,32786.40625,1.28183917703463e-05,0.000112440176159807,1.92002844810486,5.73734675977518e-05,0.000503267720254419,8.59379959106445,0.603122997155962,2.62174195760056,90339.984375,1.75031345184601e-05,7.60851474292349e-05,2.62174201011658,9.87862624138516e-05,0.000429418361140623,14.7968978881836,32.9977801811906,50.3052171434969,4942638.5,0.000335845018211994,0.000511996760841093,50.3052177429199,0.00102802310661347,0.00156722438063278,153.984497070312,340.562446102104,0.903829804682424,0.75745600624688,0.891777270628722,826.553283459814,0.810453600244882,0.86294881481066,0.792808566187887,542.289738918593,0.802423466902295,0.980723448408121,0.494620461603663,0.114001882673396,17076,0.230046666266098,34458,0.655951451060506,98253,131,2.96259579320739,1.70893052641538,130.351145038168,149787,1452.53823869162,1.1228627824976,463.036915007582,412.371771711624,149744,206.305598566786,0.742631361593881,149744,0.217435318330027,1.90561488512684,13869.3894615173,0.000133997084120141,0.00116095727852653,1.90561490505934,0.000395535740079267,0.00344451621516097,7.79341208934784,2.5538899183542,4.27709370258313,118619.033630371,0.000317422004980964,0.000460615776942726,4.27709364891052,0.00109999941010011,0.0016386228851647,18.0530042052269,5.33247445148841,13.4925244940183,589923.036125183,0.000425071355360242,0.00251871544110834,13.4925243556499,0.00118334348720369,0.00691548426996108,39.6865332424641,210.58007680989,0.912827011856408,0.75472454393591,0.898712894713748,817.532984953328,0.582324206455701,0.883376509838438,0.527641262580709,534.514455748174,0.896990470833252,0.956059880296778,0.778719859316508,0.114201347735645,6877.4375,0.586650402035656,28398.8125,0.2991482502287,24901.5,91.875,2.45695180572305,1.15217710895386,70.947382403262,60177.75,857.118634472658,1.44533223148981,301.966615010193,190.939070979715,60142.3125,90.5254604078234,0.419290395824742,60142.3125,0,0,0,0,0,0,0,0,0,0,0,0,0,0,0,0,0,0,0,0,0,0,0,0,0,0,0,0,0,0,0,0,0,0,0,0,0,0,0,0,0,0,0,0,0,0,0,0,0,0,0,0,0,0,0,0,0,0,0,0,0,0,0,0,0,0,0,0,0,0,0,0,0,0,0,0,0,0,0,0,0,0,0,0,0,0,0,0,0,0,0,0,0,0,0,0,0,0,0,0,0,0,0,0,0,0,0,0,0,0,0,0,0,0,0,0,0,0,0,0,0,0,0,0,0,0,0,0,0,0,0,0,0,0,0,0,0,0,0,0,0,0,0,0,0,0,0,0,0,0,0,0,0,0,0,0,0,0,0,0,0,0,0,0,0,0,0,0,0,0,0,0,0,0,0,0,0,0,0,0,0,0,0,0,0,0,0,0,0,0,0,0,0,0,0,0,0,0,0,0,0,0,0,0,0,0,0,0,0,0,0,0,0,0,0,0,0,0,0,0,0,0,0,0,0,0,0,0,0,0,0,0
"H21-17666 - 2",0.239532367217419,2.08837054419696,61945.0286458333,8.5404500628444e-06,7.42448807494742e-05,2.08837056159973,4.20004913714192e-05,0.000365409856809698,10.3917325337728,1.73409860440775,4.48795100128662,474492.072916667,1.74997972451572e-05,4.67388016507461e-05,4.48795096079508,9.81430855614461e-05,0.000260075381351187,25.6594308217367,26.8368596528666,52.8908556337023,7096720.83333333,0.000208671739745432,0.000408750316378322,52.8908538818359,0.000580296199053749,0.00113940591275641,148.513697306315,128.08894834154,0.919134317900771,0.782366954969576,0.901991399665958,346.949958337769,0.741268608748778,0.92664838825425,0.702969724594273,171.036786691584,0.874557676850624,0.993447694991131,0.637104327166715,0.114682733753163,29775.3333333333,0.378540774988452,100223,0.506776491258384,130304,298,2.55812761071613,1.31319672963267,99.2291666666667,260302.333333333,1984.02224501766,1.5221885105365,694.044223077848,481.705423751701,260219.166666667,236.822281292187,0.673681909592552,260219.166666667,0.227998884386153,1.99650597214043,14744.1903618707,6.81326557320113e-05,0.00060424883288215,1.99650596247779,0.000266406489637074,0.00235714828089945,8.39552185270521,2.38901920860569,4.32629679291634,122436.989583333,0.00015544144290093,0.000255060501021259,4.32629670037164,0.000556151283132658,0.000937067926204332,17.525064892239,8.34210906022837,19.1838975071371,845460.680555556,0.000396217979128004,0.00145556275265734,19.1838976012336,0.00109443967307254,0.00404180786226532,54.5576299031576,112.525802499907,0.92036211568709,0.772374481114889,0.902003601035173,507.157467498928,0.639760669387603,0.900816836175983,0.587031108713332,314.886704579578,0.912392714607525,0.979799615448528,0.743925274555998,0.114055088462878,7141.77777777778,0.541661205437188,28096.4444444444,0.344283706099934,27143.2222222222,79.3333333333333,2.56113083997736,1.22293913493863,82.0071303445558,62381.4444444444,928.048949282698,1.69544130165116,343.260937291834,204.113021278941,62348.5,101.565490951591,0.493912631271864,62348.5,0,0,0,0,0,0,0,0,0,0,0,0,0,0,0,0,0,0,0,0,0,0,0,0,0,0,0,0,0,0,0,0,0,0,0,0,0,0,0,0,0,0,0,0,0,0,0,0,0,0,0,0,0,0,0,0,0,0,0,0,0,0,0,0,0,0,0,0,0,0,0,0,0,0,0,0,0,0,0,0,0,0,0,0,0,0,0,0,0,0,0,0,0,0,0,0,0,0,0,0,0,0,0,0,0,0,0,0,0,0,0,0,0,0,0,0,0.236815361991468,2.04071736621973,186139.953125,2.59628958217936e-06,2.23730977312175e-05,2.04071736335754,1.39749584010203e-05,0.00012042690162215,10.9844989776611,2.50639509142979,5.68507129211732,1970059.125,7.23279572774658e-06,1.64056175716911e-05,5.68507146835327,4.52682006475168e-05,0.000102678523759874,35.5813941955566,37.6078258247637,84.8778526881597,29560240,0.000107985304815003,0.000243714189628547,84.8778533935547,0.000286763289490014,0.000647201791327122,225.399673461914,178.680393158937,0.916729076805745,0.778735863249182,0.901286575250951,385.404957262077,0.71069880945636,0.939233950365671,0.660147603519537,159.941570913502,0.860028234148527,0.993547551629626,0.675981730460912,0.116045154469455,91213,0.440873115330154,346532,0.443081730200391,348268,934,2.94225434383963,1.68216825555086,97.6584582441113,786013,3415.24004103179,1.44586472271027,1204.70106023178,833.204546254901,785904,414.656484333719,0.546553276350741,785904,0,0,0,0,0,0,0,0,0,0,0,0,0,0,0,0,0,0,0,0,0,0,0,0,0,0,0,0,0,0,0,0,0,0,0,0,0,0,0,0,0,0,0,0,0,0,0,0,0,0,0,0,0,0,0,0,0,0
"H21-18700 -1",0.232524690708836,2.00958664995731,72962.0625,6.40440360711288e-06,5.5349838120668e-05,2.0095865726471,3.11923550860108e-05,0.000269578857068847,9.78759956359863,1.21081365804922,3.68286317878676,379931.53125,1.17370124337076e-05,3.56998045353292e-05,3.68286323547363,7.13179720265583e-05,0.000216923827557022,22.3782958984375,40.0775156000025,72.1438045355194,12575603,0.00022991696928925,0.00041387507792029,72.1438064575195,0.000677841877730797,0.00122018770876598,212.694580078125,204.541217488675,0.908786802258036,0.762509849817556,0.891897553244934,463.669051254645,0.750688158283471,0.916745496185292,0.719270152226441,197.478017000051,0.829043995569288,0.992945371553939,0.57005370168746,0.115707720646819,36307,0.328769655365827,103162,0.555522623987354,174313,410,3.11875515389266,1.89169606077777,88.5536585365854,313782,2146.22662223369,1.2915931352856,721.733766226453,558.793436190617,313705.5,313705.5,287.085353161738,0.737576782647846,0.198848410253381,1.74113379343393,7261.73237609863,0.000164132226619788,0.00143913040894474,1.74113378673792,0.00054928441446396,0.00481424613669369,6.65804347395897,2.27619849396443,3.60810310316707,55963.7537689209,0.000355745270798471,0.000568232885970168,3.60810311883688,0.00120387920785766,0.00191611784218243,13.7655047774315,2.91536058659153,8.62501339221424,235077.266876221,0.000608707897562967,0.00276483057064195,8.62501354515553,0.00179371666857156,0.00805323653656914,27.1675406694412,220.11571373436,0.910816314159519,0.729635427580478,0.896493997224411,995.111829253133,0.553700572796425,0.847888949597507,0.503464303315358,769.521539272778,0.885159272310406,0.952645524848555,0.791240475399918,0.114151481685772,3958.125,0.600818571235478,13648.5625,0.285029947078749,16468.1875,53.5625,2.68000887367478,1.38206173090856,65.1658271895414,34074.875,705.012064480752,1.71548451185638,281.577234548213,130.317653510217,34046.09375,34046.09375,61.8901140410403,0.42941599505231,0,0,0,0,0,0,0,0,0,0,0,0,0,0,0,0,0,0,0,0,0,0,0,0,0,0,0,0,0,0,0,0,0,0,0,0,0,0,0,0,0,0,0,0,0,0,0,0,0,0,0,0,0,0,0,0,0,0,0,0,0,0,0,0,0,0,0,0,0,0,0,0,0,0,0,0,0,0,0,0,0,0,0,0,0,0,0,0,0,0,0,0,0,0,0,0,0,0,0,0,0,0,0,0,0,0,0,0,0,0,0,0,0,0,0,0,0,0,0,0,0,0,0,0,0,0,0,0,0,0,0,0,0,0,0,0,0,0,0,0,0,0,0,0,0,0,0,0,0,0,0,0,0,0,0,0,0,0,0,0,0,0,0,0,0,0,0,0,0,0,0,0,0,0,0.243979696087868,2.12039105840808,1750932,2.95461150743698e-07,2.56780868322039e-06,2.12039113044739,2.28219720759704e-06,1.98342346929142e-05,16.3782978057861,2.5543514792906,5.98161929057575,18331426,8.33495345960585e-07,1.95182686502782e-06,5.98161935806274,9.0486384653527e-06,2.11895312123731e-05,64.93798828125,74.4108036342821,162.50341325126,534012704,2.26436746425649e-05,4.94508087300447e-05,162.50341796875,8.25179247259616e-05,0.000180208299970589,592.19384765625,185.583195888206,0.921824959038399,0.749135317247171,0.908029005469237,371.171600406368,0.73673178801519,0.935792734432754,0.696078674808685,140.170954108834,0.847828626630105,0.994198932970965,0.691378257590584,0.115063537511349,825759,0.427033442819584,3064626,0.457903019669066,3286163,10053,2.85943880507054,1.73706417164187,82.1405550581916,7176548,14963.916262057,3.47749007901781,5980.24535559635,1719.70162954007,7176114,7176114,75.136892812846,0.447543100204989
"H21-20678",0.215974972350777,1.91525823670814,42327.20703125,9.77262344696699e-06,8.66632709675785e-05,1.91525828838348,4.07726207920442e-05,0.000361570125251874,7.99069976806641,1.77915526043208,4.7980295884247,348682.40625,2.4481990298905e-05,6.60230821053502e-05,4.79802942276001,0.000147814565320412,0.000398626625669102,28.968994140625,22.6377575491627,43.8355202055133,4436593,0.000223671162137329,0.000433114531153029,43.835521697998,0.000667795902493596,0.00129311309714949,130.8759765625,136.514408282481,0.929118499535447,0.780804058835461,0.916274517618619,371.080047462578,0.77821193284446,0.924405002964366,0.748066608890246,195.551146143014,0.893351752892795,0.992116658106349,0.677099669640704,0.11276545805227,22100,0.370809564143646,72672,0.516424977804084,101210,186,2.6871878245649,1.50024248875145,118.817204301075,195982,1824.1088732276,2.00182641913021,708.601577168488,353.977532915354,195887.5,174.656806337457,0.757089640541837,195887.5,0.21675271535843,1.89531651202302,6025.18765694754,0.000196917688803567,0.00172572091417505,1.89531652416502,0.000656731795058725,0.00575275176096774,6.53864979743958,2.3281402407941,3.73983180760924,49638.4347237178,0.000344353554082733,0.00251859130025585,3.73983177968434,0.00122218727457968,0.00457952605722995,14.0746409807886,3.31838068140631,9.46673133295175,238899.999581473,0.000649761663713461,0.002532152302504,9.46673134395055,0.00189686022014094,0.00725355062050116,28.2414176123483,203.88919696836,0.909600937514119,0.748751209948559,0.895263298725758,957.121132551338,0.565231303951204,0.85311814063298,0.515628682964794,860.415933319765,0.874647604884319,0.950776885214121,0.764646425006324,0.114249779322168,3193.71428571429,0.58123162357621,13658.1428571429,0.304518597101622,10845.8571428571,39.8571428571429,2.49072669355027,1.13846660917411,103.311772046886,27697.7142857143,572.404125113803,1.49591479313874,206.183017144443,124.805860393647,27672.6785714286,62.1131278587886,0.452193908842135,27672.6785714286,0,0,0,0,0,0,0,0,0,0,0,0,0,0,0,0,0,0,0,0,0,0,0,0,0,0,0,0,0,0,0,0,0,0,0,0,0,0,0,0,0,0,0,0,0,0,0,0,0,0,0,0,0,0,0,0,0,0,0,0,0,0,0,0,0,0,0,0,0,0,0,0,0,0,0,0,0,0,0,0,0,0,0,0,0,0,0,0,0,0,0,0,0,0,0,0,0,0,0,0,0,0,0,0,0,0,0,0,0,0,0,0,0,0,0,0,0,0,0,0,0,0,0,0,0,0,0,0,0,0,0,0,0,0,0,0,0,0,0,0,0,0,0,0,0,0,0,0,0,0,0,0,0,0,0,0,0,0,0,0,0,0,0,0,0,0,0,0,0,0,0,0,0,0,0,0,0,0,0,0,0,0,0,0,0,0,0,0,0,0,0,0,0,0,0,0,0,0,0,0,0,0,0,0,0,0,0,0,0,0,0,0,0,0,0,0,0,0,0,0,0,0,0,0,0,0,0,0,0,0,0,0
"H21-20818 - 1",0.263823724488659,2.30194788629738,118435.21875,5.12776906274095e-06,4.47414544627317e-05,2.30194783210754,3.51681101142079e-05,0.000306853210034014,15.78759765625,2.00418896101292,4.60043615650502,899716.5,1.02478319217147e-05,2.35229798265208e-05,4.60043621063232,6.01100803939974e-05,0.000137977302836359,26.9844970703125,16.2955651143416,36.2333701509688,7315372.5,8.07126729928832e-05,0.000179465525491437,36.2333717346191,0.000269630244537282,0.000599525845569935,121.041870117188,85.9768089362329,0.942439923318159,0.776558109851016,0.928956043511192,312.478530092318,0.785656160813826,0.930968023029927,0.754870458427274,190.853641153804,0.93265488107453,0.990639641236179,0.762735270477503,0.114608904076023,51450,0.435651945344139,195572,0.449739150579839,201896,524,2.58988761631347,1.30974210871229,98.1870229007634,448918,3204.5567081236,2.69250923871881,1302.95443024245,483.918276493063,448839,201.308221391974,0.60776387505538,448839,0.25953382435171,1.86319276737715,5920.20324472281,0.000185569952377322,0.0012209974768612,1.86319277836726,0.000630845199762823,0.00411577121522446,6.98032291118915,3.00800392686049,4.56430608831859,79626.6721754808,0.00033274874750254,0.000473090427875469,4.56430604824653,0.00117246927195311,0.00168324374105406,17.5323208295382,3.30887605745362,11.0276110012987,173139.719881498,0.000539627477245273,0.00308846165095014,11.0276109667925,0.00144538112564518,0.00825100746977062,30.2970804984753,419.616852472716,0.906899124284032,0.75504312999736,0.881886130960692,536.147047911335,0.558713001305492,0.896695651542902,0.492278510987336,596.451075099277,0.917164567403368,0.951386435074659,0.821523091415406,0.13877552698832,3133.38461538462,0.628738162762685,15735.1538461538,0.232486310248995,8196.53846153846,42,2.61382723512036,1.01556227020392,109.833275360691,27065.0769230769,583.007994440314,1.68180418456436,206.851639046677,137.463545310494,27041.6923076923,68.0869476173615,0.449733549398603,27041.6923076923,0,0,0,0,0,0,0,0,0,0,0,0,0,0,0,0,0,0,0,0,0,0,0,0,0,0,0,0,0,0,0,0,0,0,0,0,0,0,0,0,0,0,0,0,0,0,0,0,0,0,0,0,0,0,0,0,0,0,0,0,0,0,0,0,0,0,0,0,0,0,0,0,0,0,0,0,0,0,0,0,0,0,0,0,0,0,0,0,0,0,0,0,0,0,0,0,0,0,0,0,0,0,0,0,0,0,0,0,0,0,0,0,0,0,0,0,0,0,0,0,0,0,0,0,0,0,0,0,0,0,0,0,0,0,0,0,0,0,0,0,0,0,0,0,0,0,0,0,0,0,0,0,0,0,0,0,0,0,0,0,0,0,0,0,0,0,0,0,0,0,0,0,0,0,0,0,0,0,0,0,0,0,0,0,0,0,0,0,0,0,0,0,0,0,0,0,0,0,0,0,0,0,0,0,0,0,0,0,0,0,0,0,0,0,0,0,0,0,0,0,0,0,0,0,0,0,0,0,0,0,0,0
"H21-20818 - 2",0,0,0,0,0,0,0,0,0,0,0,0,0,0,0,0,0,0,0,0,0,0,0,0,0,0,0,0,0,0,0,0,0,0,0,0,0,0,0,0,0,0,0,0,0,0,0,0,0,0,0,0,0,0,0,0,0,0,0.209448394431449,1.77447396947172,7643.19380326705,7.38531957196285e-05,0.000621165895106196,1.7744739597494,0.000264850340732465,0.00223201435700408,7.03156904740767,2.15372031387321,4.02434445315826,59950.4151278409,0.000186112522994525,0.00032882139089652,4.02434446594932,0.000731009729993604,0.0013081040116171,16.3375410600142,7.96046931381301,17.5578243988004,428029.037109375,0.000551680280968725,0.00184952481516644,17.5578246116638,0.00152857885459513,0.00513106140624733,48.7723111239347,135.560294075416,0.906122728751443,0.741392976916436,0.88841410433968,578.881720866998,0.61985490612456,0.876397751571194,0.567549920978339,361.500100670359,0.904903973886628,0.980587857446508,0.714333280515602,0.118109672806619,4125.54545454545,0.508742998893139,15025.9090909091,0.373147328300241,16022,50.1818181818182,2.54281959841981,1.26976203735978,75.6057130381611,35173.4545454545,688.21345888251,1.46034151889012,244.282904429621,167.56898477259,35149.0909090909,83.4095994335899,0.550883970938482,35149.0909090909,0,0,0,0,0,0,0,0,0,0,0,0,0,0,0,0,0,0,0,0,0,0,0,0,0,0,0,0,0,0,0,0,0,0,0,0,0,0,0,0,0,0,0,0,0,0,0,0,0,0,0,0,0,0,0,0,0,0,0.227015771333917,2.00932047588541,520649.09375,8.76113006006594e-07,7.75449120479481e-06,2.00932049751282,5.74741207865315e-06,5.08704426354697e-05,13.181396484375,3.5459951365825,7.7501510470371,8132559,3.37925594045438e-06,7.38572472785722e-06,7.75015115737915,2.50839179434282e-05,5.48235813714094e-05,57.5286865234375,40.7385836789918,94.8556472654545,93431864,4.13593867690427e-05,9.63011240987972e-05,94.8556442260742,0.000106937555122186,0.000248993217045271,245.255828857422,153.362167443705,0.94744209712516,0.760880400825342,0.939505182097957,292.624270698163,0.810967549980025,0.946820286554225,0.781800591627063,104.256650730163,0.911996170306853,0.994072092975634,0.805170910620814,0.112981365620077,259117,0.457538842154327,1049342,0.429479792225596,984990,2743,2.85724735981381,1.8579814164985,94.4648195406489,2293449,8141.16933215742,3.64998998582928,3368.53783194455,922.889609292783,2293172,421.531730715494,0.57792671758268,2293172,0,0,0,0,0,0,0,0,0,0,0,0,0,0,0,0,0,0,0,0,0,0,0,0,0,0,0,0,0,0,0,0,0,0,0,0,0,0,0,0,0,0,0,0,0,0,0,0,0,0,0,0,0,0,0,0,0,0,0,0,0,0,0,0,0,0,0,0,0,0,0,0,0,0,0,0,0,0,0,0,0,0,0,0,0,0,0,0,0,0,0,0,0,0,0,0,0,0,0,0,0,0,0,0,0,0,0,0,0,0,0,0,0,0,0,0
"H21-21740 - 1",0,0,0,0,0,0,0,0,0,0,0,0,0,0,0,0,0,0,0,0,0,0,0,0,0,0,0,0,0,0,0,0,0,0,0,0,0,0,0,0,0,0,0,0,0,0,0,0,0,0,0,0,0,0,0,0,0,0,0.202093999421769,1.78455521152643,8012.37768554688,0.000132221289805602,0.001178024075546,1.78455521000756,0.000429771975122085,0.00382881195576387,6.26218864652846,2.82882220884126,4.45405385664631,71365.4047309028,0.000334486991757211,0.000490939181541063,4.45405390527513,0.00126983449525735,0.00187114737199592,18.1445318857829,4.80098489556973,12.8904510958872,455230.152018229,0.000572645628446434,0.00278107962579072,12.8904509544373,0.00162012501061919,0.00788565789639964,36.4241193135579,115.182689772642,0.912402600568697,0.737490320718488,0.894002404716724,654.474540202839,0.542439267587657,0.871947205400666,0.475698392890082,498.030011735945,0.90593306460634,0.963519198194779,0.801161036789621,0.113079940757979,3878.77777777778,0.628619048169306,15908.5555555556,0.258301011072714,14101.8888888889,41,2.45231746530885,1.03177296972784,73.242202508107,33889.2222222222,627.500127905654,1.47217345504251,228.620916920167,142.246162183887,33861.6111111111,71.8895312673367,0.449031196445255,33861.6111111111,0,0,0,0,0,0,0,0,0,0,0,0,0,0,0,0,0,0,0,0,0,0,0,0,0,0,0,0,0,0,0,0,0,0,0,0,0,0,0,0,0,0,0,0,0,0,0,0,0,0,0,0,0,0,0,0,0,0,0,0,0,0,0,0,0,0,0,0,0,0,0,0,0,0,0,0,0,0,0,0,0,0,0,0,0,0,0,0,0,0,0,0,0,0,0,0,0,0,0,0,0,0,0,0,0,0,0,0,0,0,0,0,0,0,0,0,0,0,0,0,0,0,0,0,0,0,0,0,0,0,0,0,0,0,0,0,0,0,0,0,0,0,0,0,0,0,0,0,0,0,0,0,0,0,0,0,0,0,0,0,0,0,0,0,0,0,0,0,0,0,0,0,0,0,0,0,0,0,0,0,0,0,0,0,0,0,0,0,0,0,0,0,0,0,0,0,0,0,0,0,0,0,0,0,0,0,0,0,0,0,0,0,0,0,0,0,0,0,0,0,0,0,0,0,0,0,0,0,0,0,0,0
"H22-01782 - 1",0.226490353720619,2.00142404326535,106824.818359375,5.1328554293451e-06,4.55367179994227e-05,2.00142401456833,3.07142631661892e-05,0.000272267896936529,12.4844989776611,1.66666650156594,4.33816348115924,802903.25,1.08341732189542e-05,2.81955233734946e-05,4.33816349506378,6.6886654633081e-05,0.000174080121147149,28.6736450195312,22.4339562264457,44.6237769644978,10070418.25,0.000119639352470418,0.000237808660134266,44.6237773895264,0.000350987583763105,0.000697646490539971,130.049621582031,149.241985450134,0.941719278644365,0.77309436436425,0.932691154942635,370.37382197891,0.815640584613832,0.922518354687925,0.791502134378454,189.402987069856,0.934793938743532,0.990203318100564,0.75280518150373,0.113124010573436,52516,0.38420243532479,177654,0.502673554101774,232302,520,2.67570703572553,1.55944564221348,97.5357763975155,462472,3833.53650558807,3.82357337981859,1574.95709396758,406.872907671036,462308,200.619090064213,0.644452551381227,462308,0.20447400801263,1.80322886010145,7255.67815607244,9.85862246270282e-05,0.000877568228075735,1.80322885513306,0.000356641253921812,0.00316962671309207,6.94179075414484,2.47133376291653,4.28729172026778,76319.1399147727,0.000232889917353659,0.000379797186624157,4.2872917435386,0.000876394538346313,0.00144346302109996,17.1196615045721,3.85165145563308,10.6922657287673,195327.525834517,0.000446741494952406,0.00175549398872688,10.6922657706521,0.00129588335641567,0.00505438105377363,32.0613131089644,172.868858924,0.918709553851306,0.756983874050428,0.904304930789797,705.038821448343,0.616297753163068,0.892913303730928,0.56634278036716,483.475291021106,0.895695374711717,0.970984890775901,0.774533168930097,0.113253291539867,3824.09090909091,0.571744525844121,16994,0.315002182616011,12769.6363636364,49.1818181818182,2.60981887340755,1.42406854026482,72.5764253933775,33587.7272727273,724.393899618724,1.83613969101344,273.486238128899,142.928044851347,33557.5,70.1249553403,0.48840645320603,33557.5,0,0,0,0,0,0,0,0,0,0,0,0,0,0,0,0,0,0,0,0,0,0,0,0,0,0,0,0,0,0,0,0,0,0,0,0,0,0,0,0,0,0,0,0,0,0,0,0,0,0,0,0,0,0,0,0,0,0,0.228162745600896,1.99855474644059,413253.15625,1.10342951333575e-06,9.6653127373268e-06,1.99855470657349,6.6236525808408e-06,5.80188157770875e-05,11.9968986511231,2.00380240732633,4.9189963934244,3629329,2.71584546230191e-06,6.66694180290278e-06,4.91899633407593,2.5721652351265e-05,6.31423111810763e-05,46.5875968933105,42.6900792338428,89.2209188277296,77321168,4.92600940183704e-05,0.000102952042458969,89.2209167480469,0.000158963399099109,0.000332228489197979,287.917846679688,249.055015625099,0.903618296279719,0.7587168646152,0.889763867433188,632.188452246841,0.685073554972229,0.924478941915283,0.644234947606112,336.999677678339,0.805732125161761,0.987247988735074,0.606342739947885,0.114163870670669,206776,0.407360007420409,737819,0.478476121908922,866626,2124,2.74443825518014,1.59902443913177,97.3521657250471,1811221,5518.69797719556,1.72083263266871,1998.31394919829,1161.24828833543,1811085,578,0.642542013211862,1811085,0,0,0,0,0,0,0,0,0,0,0,0,0,0,0,0,0,0,0,0,0,0,0,0,0,0,0,0,0,0,0,0,0,0,0,0,0,0,0,0,0,0,0,0,0,0,0,0,0,0,0,0,0,0,0,0,0,0,0,0,0,0,0,0,0,0,0,0,0,0,0,0,0,0,0,0,0,0,0,0,0,0,0,0,0,0,0,0,0,0,0,0,0,0,0,0,0,0,0,0,0,0,0,0,0,0,0,0,0,0,0,0,0,0,0,0
"H22-01981 -1",0,0,0,0,0,0,0,0,0,0,0,0,0,0,0,0,0,0,0,0,0,0,0,0,0,0,0,0,0,0,0,0,0,0,0,0,0,0,0,0,0,0,0,0,0,0,0,0,0,0,0,0,0,0,0,0,0,0,0,0,0,0,0,0,0,0,0,0,0,0,0,0,0,0,0,0,0,0,0,0,0,0,0,0,0,0,0,0,0,0,0,0,0,0,0,0,0,0,0,0,0,0,0,0,0,0,0,0,0,0,0,0,0,0,0,0,0,0,0,0,0,0,0,0,0,0,0,0,0,0,0,0,0,0,0,0,0,0,0,0,0,0,0,0,0,0,0,0,0,0,0,0,0,0,0,0,0,0,0,0,0,0,0,0,0,0,0,0,0,0,0,0,0,0,0,0,0,0,0,0,0,0,0,0,0,0,0,0,0,0,0,0,0,0,0,0,0,0,0,0,0,0,0,0,0,0,0,0,0,0,0,0,0,0,0,0,0,0,0,0,0,0,0,0,0,0,0,0,0,0,0,0,0,0,0,0,0,0,0,0,0,0,0,0,0,0,0,0,0,0,0,0,0,0,0,0,0,0,0,0,0,0,0,0,0,0,0,0,0,0,0,0,0,0,0,0,0,0,0,0,0,0,0,0,0,0,0,0,0,0,0,0,0,0,0,0,0,0,0,0,0,0,0,0,0,0,0,0,0,0,0,0,0,0,0,0,0,0,0,0,0,0,0,0,0,0,0,0,0,0,0,0,0,0,0,0,0,0,0,0,0,0,0,0,0,0,0,0
"H22-03995",0,0,0,0,0,0,0,0,0,0,0,0,0,0,0,0,0,0,0,0,0,0,0,0,0,0,0,0,0,0,0,0,0,0,0,0,0,0,0,0,0,0,0,0,0,0,0,0,0,0,0,0,0,0,0,0,0,0,0.244514782570928,2.1063154053778,16960.144921875,7.37150183508911e-05,0.000637513939751619,2.10631539821625,0.000263874764985238,0.00228245846461306,8.75565948486328,3.30856295875983,5.16003364895785,235569.4390625,0.000172749890912618,0.000256618630611891,5.16003370285034,0.000623218038420124,0.000935598973011041,21.474418258667,3.61422143522205,12.4304726867914,329588.750195312,0.000319384038159431,0.00157263600159702,12.4304726600647,0.000882884496631283,0.00454121682484041,34.7634136199951,71.4592754084265,0.923486693447279,0.795055272029879,0.897336468830354,466.528984847551,0.58277917489331,0.897011375466209,0.496468492875441,336.459580619157,0.913991265817364,0.975230727059712,0.802122246292719,0.115735057646787,7855.2,0.63001386042147,40477,0.254251081931744,19396.2,76.8,2.9268537531186,1.53173050013057,111.133405648768,67728.4,939.333707988807,1.5686984608021,350.472350171777,203.104224833948,67693.1,99.2435926009037,0.373631366566671,67693.1,0,0,0,0,0,0,0,0,0,0,0,0,0,0,0,0,0,0,0,0,0,0,0,0,0,0,0,0,0,0,0,0,0,0,0,0,0,0,0,0,0,0,0,0,0,0,0,0,0,0,0,0,0,0,0,0,0,0,0,0,0,0,0,0,0,0,0,0,0,0,0,0,0,0,0,0,0,0,0,0,0,0,0,0,0,0,0,0,0,0,0,0,0,0,0,0,0,0,0,0,0,0,0,0,0,0,0,0,0,0,0,0,0,0,0,0,0,0,0,0,0,0,0,0,0,0,0,0,0,0,0,0,0,0,0,0,0,0,0,0,0,0,0,0,0,0,0,0,0,0,0,0,0,0,0,0,0,0,0,0,0,0,0,0,0,0,0,0,0,0,0,0,0,0,0,0,0,0,0,0,0,0,0,0,0,0,0,0,0,0,0,0,0,0,0,0,0,0,0,0,0,0,0,0,0,0,0,0,0,0,0,0,0,0,0,0,0,0,0,0,0,0,0,0,0,0,0,0,0,0,0,0
"H22-05628",0,0,0,0,0,0,0,0,0,0,0,0,0,0,0,0,0,0,0,0,0,0,0,0,0,0,0,0,0,0,0,0,0,0,0,0,0,0,0,0,0,0,0,0,0,0,0,0,0,0,0,0,0,0,0,0,0,0,0,0,0,0,0,0,0,0,0,0,0,0,0,0,0,0,0,0,0,0,0,0,0,0,0,0,0,0,0,0,0,0,0,0,0,0,0,0,0,0,0,0,0,0,0,0,0,0,0,0,0,0,0,0,0,0,0,0,0,0,0,0,0,0,0,0,0,0,0,0,0,0,0,0,0,0,0,0,0,0,0,0,0,0,0,0,0,0,0,0,0,0,0,0,0,0,0,0,0,0,0,0,0,0,0,0,0,0,0,0,0,0,0,0,0,0,0,0,0,0,0,0,0,0,0,0,0,0,0,0,0,0,0,0,0,0,0,0,0,0,0,0,0,0,0,0,0,0,0,0,0,0,0,0,0,0,0,0,0,0,0,0,0,0,0,0,0,0,0,0,0,0,0,0,0,0,0,0,0,0,0,0,0,0,0,0,0,0,0,0,0,0,0,0,0,0,0,0,0,0,0,0,0,0,0,0,0,0,0,0,0,0,0,0,0,0,0,0,0,0,0,0,0,0,0,0,0,0,0,0,0,0,0,0,0,0,0,0,0,0,0,0,0,0,0,0,0,0,0,0,0,0,0,0,0,0,0,0,0,0,0,0,0,0,0,0,0,0,0,0,0,0,0,0,0,0,0,0,0,0,0,0,0,0,0,0,0,0,0,0
"H22-08315 - 1",0,0,0,0,0,0,0,0,0,0,0,0,0,0,0,0,0,0,0,0,0,0,0,0,0,0,0,0,0,0,0,0,0,0,0,0,0,0,0,0,0,0,0,0,0,0,0,0,0,0,0,0,0,0,0,0,0,0,0,0,0,0,0,0,0,0,0,0,0,0,0,0,0,0,0,0,0,0,0,0,0,0,0,0,0,0,0,0,0,0,0,0,0,0,0,0,0,0,0,0,0,0,0,0,0,0,0,0,0,0,0,0,0,0,0,0,0,0,0,0,0,0,0,0,0,0,0,0,0,0,0,0,0,0,0,0,0,0,0,0,0,0,0,0,0,0,0,0,0,0,0,0,0,0,0,0,0,0,0,0,0,0,0,0,0,0,0,0,0,0,0,0,0,0,0,0,0,0,0,0,0,0,0,0,0,0,0,0,0,0,0,0,0,0,0,0,0,0,0,0,0,0,0,0,0,0,0,0,0,0,0,0,0,0,0,0,0,0,0,0,0,0,0,0,0,0,0,0,0,0,0,0,0,0,0,0,0,0,0,0,0,0,0,0,0,0,0,0,0,0,0,0,0,0,0,0,0,0,0,0,0,0,0,0,0,0,0,0,0,0,0,0,0,0,0,0,0,0,0,0,0,0,0,0,0,0,0,0,0,0,0,0,0,0,0,0,0,0,0,0,0,0,0,0,0,0,0,0,0,0,0,0,0,0,0,0,0,0,0,0,0,0,0,0,0,0,0,0,0,0,0,0,0,0,0,0,0,0,0,0,0,0,0,0,0,0,0,0
"H22-08315 - 2",0,0,0,0,0,0,0,0,0,0,0,0,0,0,0,0,0,0,0,0,0,0,0,0,0,0,0,0,0,0,0,0,0,0,0,0,0,0,0,0,0,0,0,0,0,0,0,0,0,0,0,0,0,0,0,0,0,0,0,0,0,0,0,0,0,0,0,0,0,0,0,0,0,0,0,0,0,0,0,0,0,0,0,0,0,0,0,0,0,0,0,0,0,0,0,0,0,0,0,0,0,0,0,0,0,0,0,0,0,0,0,0,0,0,0,0,0,0,0,0,0,0,0,0,0,0,0,0,0,0,0,0,0,0,0,0,0,0,0,0,0,0,0,0,0,0,0,0,0,0,0,0,0,0,0,0,0,0,0,0,0,0,0,0,0,0,0,0,0,0,0,0,0,0,0,0,0,0,0,0,0,0,0,0,0,0,0,0,0,0,0,0,0,0,0,0,0,0,0,0,0,0,0,0,0,0,0,0,0,0,0,0,0,0,0,0,0,0,0,0,0,0,0,0,0,0,0,0,0,0,0,0,0,0,0,0,0,0,0,0,0,0,0,0,0,0,0,0,0,0,0,0,0,0,0,0,0,0,0,0,0,0,0,0,0,0,0,0,0,0,0,0,0,0,0,0,0,0,0,0,0,0,0,0,0,0,0,0,0,0,0,0,0,0,0,0,0,0,0,0,0,0,0,0,0,0,0,0,0,0,0,0,0,0,0,0,0,0,0,0,0,0,0,0,0,0,0,0,0,0,0,0,0,0,0,0,0,0,0,0,0,0,0,0,0,0,0,0
"H22-11514 - 2",0,0,0,0,0,0,0,0,0,0,0,0,0,0,0,0,0,0,0,0,0,0,0,0,0,0,0,0,0,0,0,0,0,0,0,0,0,0,0,0,0,0,0,0,0,0,0,0,0,0,0,0,0,0,0,0,0,0,0,0,0,0,0,0,0,0,0,0,0,0,0,0,0,0,0,0,0,0,0,0,0,0,0,0,0,0,0,0,0,0,0,0,0,0,0,0,0,0,0,0,0,0,0,0,0,0,0,0,0,0,0,0,0,0,0,0,0,0,0,0,0,0,0,0,0,0,0,0,0,0,0,0,0,0,0,0,0,0,0,0,0,0,0,0,0,0,0,0,0,0,0,0,0,0,0,0,0,0,0,0,0,0,0,0,0,0,0,0,0,0,0,0,0,0,0,0,0,0,0,0,0,0,0,0,0,0,0,0,0,0,0,0,0,0,0,0,0,0,0,0,0,0,0,0,0,0,0,0,0,0,0,0,0,0,0,0,0,0,0,0,0,0,0,0,0,0,0,0,0,0,0,0,0,0,0,0,0,0,0,0,0,0,0,0,0,0,0,0,0,0,0,0,0,0,0,0,0,0,0,0,0,0,0,0,0,0,0,0,0,0,0,0,0,0,0,0,0,0,0,0,0,0,0,0,0,0,0,0,0,0,0,0,0,0,0,0,0,0,0,0,0,0,0,0,0,0,0,0,0,0,0,0,0,0,0,0,0,0,0,0,0,0,0,0,0,0,0,0,0,0,0,0,0,0,0,0,0,0,0,0,0,0,0,0,0,0,0,0
"H22-12296 - 1",0,0,0,0,0,0,0,0,0,0,0,0,0,0,0,0,0,0,0,0,0,0,0,0,0,0,0,0,0,0,0,0,0,0,0,0,0,0,0,0,0,0,0,0,0,0,0,0,0,0,0,0,0,0,0,0,0,0,0,0,0,0,0,0,0,0,0,0,0,0,0,0,0,0,0,0,0,0,0,0,0,0,0,0,0,0,0,0,0,0,0,0,0,0,0,0,0,0,0,0,0,0,0,0,0,0,0,0,0,0,0,0,0,0,0,0,0,0,0,0,0,0,0,0,0,0,0,0,0,0,0,0,0,0,0,0,0,0,0,0,0,0,0,0,0,0,0,0,0,0,0,0,0,0,0,0,0,0,0,0,0,0,0,0,0,0,0,0,0,0,0,0,0,0,0,0,0,0,0,0,0,0,0,0,0,0,0,0,0,0,0,0,0,0,0,0,0,0,0,0,0,0,0,0,0,0,0,0,0,0,0,0,0,0,0,0,0,0,0,0,0,0,0,0,0,0,0,0,0,0,0,0,0,0,0,0,0,0,0,0,0,0,0,0,0,0,0,0,0,0,0,0,0,0,0,0,0,0,0,0,0,0,0,0,0,0,0,0,0,0,0,0,0,0,0,0,0,0,0,0,0,0,0,0,0,0,0,0,0,0,0,0,0,0,0,0,0,0,0,0,0,0,0,0,0,0,0,0,0,0,0,0,0,0,0,0,0,0,0,0,0,0,0,0,0,0,0,0,0,0,0,0,0,0,0,0,0,0,0,0,0,0,0,0,0,0,0,0
"H22-15750 - 1",0,0,0,0,0,0,0,0,0,0,0,0,0,0,0,0,0,0,0,0,0,0,0,0,0,0,0,0,0,0,0,0,0,0,0,0,0,0,0,0,0,0,0,0,0,0,0,0,0,0,0,0,0,0,0,0,0,0,0,0,0,0,0,0,0,0,0,0,0,0,0,0,0,0,0,0,0,0,0,0,0,0,0,0,0,0,0,0,0,0,0,0,0,0,0,0,0,0,0,0,0,0,0,0,0,0,0,0,0,0,0,0,0,0,0,0,0,0,0,0,0,0,0,0,0,0,0,0,0,0,0,0,0,0,0,0,0,0,0,0,0,0,0,0,0,0,0,0,0,0,0,0,0,0,0,0,0,0,0,0,0,0,0,0,0,0,0,0,0,0,0,0,0,0,0,0,0,0,0,0,0,0,0,0,0,0,0,0,0,0,0,0,0,0,0,0,0,0,0,0,0,0,0,0,0,0,0,0,0,0,0,0,0,0,0,0,0,0,0,0,0,0,0,0,0,0,0,0,0,0,0,0,0,0,0,0,0,0,0,0,0,0,0,0,0,0,0,0,0,0,0,0,0,0,0,0,0,0,0,0,0,0,0,0,0,0,0,0,0,0,0,0,0,0,0,0,0,0,0,0,0,0,0,0,0,0,0,0,0,0,0,0,0,0,0,0,0,0,0,0,0,0,0,0,0,0,0,0,0,0,0,0,0,0,0,0,0,0,0,0,0,0,0,0,0,0,0,0,0,0,0,0,0,0,0,0,0,0,0,0,0,0,0,0,0,0,0,0
"H22-15750 - 2",0,0,0,0,0,0,0,0,0,0,0,0,0,0,0,0,0,0,0,0,0,0,0,0,0,0,0,0,0,0,0,0,0,0,0,0,0,0,0,0,0,0,0,0,0,0,0,0,0,0,0,0,0,0,0,0,0,0,0,0,0,0,0,0,0,0,0,0,0,0,0,0,0,0,0,0,0,0,0,0,0,0,0,0,0,0,0,0,0,0,0,0,0,0,0,0,0,0,0,0,0,0,0,0,0,0,0,0,0,0,0,0,0,0,0,0,0,0,0,0,0,0,0,0,0,0,0,0,0,0,0,0,0,0,0,0,0,0,0,0,0,0,0,0,0,0,0,0,0,0,0,0,0,0,0,0,0,0,0,0,0,0,0,0,0,0,0,0,0,0,0,0,0,0,0,0,0,0,0,0,0,0,0,0,0,0,0,0,0,0,0,0,0,0,0,0,0,0,0,0,0,0,0,0,0,0,0,0,0,0,0,0,0,0,0,0,0,0,0,0,0,0,0,0,0,0,0,0,0,0,0,0,0,0,0,0,0,0,0,0,0,0,0,0,0,0,0,0,0,0,0,0,0,0,0,0,0,0,0,0,0,0,0,0,0,0,0,0,0,0,0,0,0,0,0,0,0,0,0,0,0,0,0,0,0,0,0,0,0,0,0,0,0,0,0,0,0,0,0,0,0,0,0,0,0,0,0,0,0,0,0,0,0,0,0,0,0,0,0,0,0,0,0,0,0,0,0,0,0,0,0,0,0,0,0,0,0,0,0,0,0,0,0,0,0,0,0,0
"H22-15991 - 1",0,0,0,0,0,0,0,0,0,0,0,0,0,0,0,0,0,0,0,0,0,0,0,0,0,0,0,0,0,0,0,0,0,0,0,0,0,0,0,0,0,0,0,0,0,0,0,0,0,0,0,0,0,0,0,0,0,0,0,0,0,0,0,0,0,0,0,0,0,0,0,0,0,0,0,0,0,0,0,0,0,0,0,0,0,0,0,0,0,0,0,0,0,0,0,0,0,0,0,0,0,0,0,0,0,0,0,0,0,0,0,0,0,0,0,0,0,0,0,0,0,0,0,0,0,0,0,0,0,0,0,0,0,0,0,0,0,0,0,0,0,0,0,0,0,0,0,0,0,0,0,0,0,0,0,0,0,0,0,0,0,0,0,0,0,0,0,0,0,0,0,0,0,0,0,0,0,0,0,0,0,0,0,0,0,0,0,0,0,0,0,0,0,0,0,0,0,0,0,0,0,0,0,0,0,0,0,0,0,0,0,0,0,0,0,0,0,0,0,0,0,0,0,0,0,0,0,0,0,0,0,0,0,0,0,0,0,0,0,0,0,0,0,0,0,0,0,0,0,0,0,0,0,0,0,0,0,0,0,0,0,0,0,0,0,0,0,0,0,0,0,0,0,0,0,0,0,0,0,0,0,0,0,0,0,0,0,0,0,0,0,0,0,0,0,0,0,0,0,0,0,0,0,0,0,0,0,0,0,0,0,0,0,0,0,0,0,0,0,0,0,0,0,0,0,0,0,0,0,0,0,0,0,0,0,0,0,0,0,0,0,0,0,0,0,0,0,0
"H22-15991 - 2",0,0,0,0,0,0,0,0,0,0,0,0,0,0,0,0,0,0,0,0,0,0,0,0,0,0,0,0,0,0,0,0,0,0,0,0,0,0,0,0,0,0,0,0,0,0,0,0,0,0,0,0,0,0,0,0,0,0,0,0,0,0,0,0,0,0,0,0,0,0,0,0,0,0,0,0,0,0,0,0,0,0,0,0,0,0,0,0,0,0,0,0,0,0,0,0,0,0,0,0,0,0,0,0,0,0,0,0,0,0,0,0,0,0,0,0,0,0,0,0,0,0,0,0,0,0,0,0,0,0,0,0,0,0,0,0,0,0,0,0,0,0,0,0,0,0,0,0,0,0,0,0,0,0,0,0,0,0,0,0,0,0,0,0,0,0,0,0,0,0,0,0,0,0,0,0,0,0,0,0,0,0,0,0,0,0,0,0,0,0,0,0,0,0,0,0,0,0,0,0,0,0,0,0,0,0,0,0,0,0,0,0,0,0,0,0,0,0,0,0,0,0,0,0,0,0,0,0,0,0,0,0,0,0,0,0,0,0,0,0,0,0,0,0,0,0,0,0,0,0,0,0,0,0,0,0,0,0,0,0,0,0,0,0,0,0,0,0,0,0,0,0,0,0,0,0,0,0,0,0,0,0,0,0,0,0,0,0,0,0,0,0,0,0,0,0,0,0,0,0,0,0,0,0,0,0,0,0,0,0,0,0,0,0,0,0,0,0,0,0,0,0,0,0,0,0,0,0,0,0,0,0,0,0,0,0,0,0,0,0,0,0,0,0,0,0,0,0
"H22-17837 - 1",0,0,0,0,0,0,0,0,0,0,0,0,0,0,0,0,0,0,0,0,0,0,0,0,0,0,0,0,0,0,0,0,0,0,0,0,0,0,0,0,0,0,0,0,0,0,0,0,0,0,0,0,0,0,0,0,0,0,0,0,0,0,0,0,0,0,0,0,0,0,0,0,0,0,0,0,0,0,0,0,0,0,0,0,0,0,0,0,0,0,0,0,0,0,0,0,0,0,0,0,0,0,0,0,0,0,0,0,0,0,0,0,0,0,0,0,0,0,0,0,0,0,0,0,0,0,0,0,0,0,0,0,0,0,0,0,0,0,0,0,0,0,0,0,0,0,0,0,0,0,0,0,0,0,0,0,0,0,0,0,0,0,0,0,0,0,0,0,0,0,0,0,0,0,0,0,0,0,0,0,0,0,0,0,0,0,0,0,0,0,0,0,0,0,0,0,0,0,0,0,0,0,0,0,0,0,0,0,0,0,0,0,0,0,0,0,0,0,0,0,0,0,0,0,0,0,0,0,0,0,0,0,0,0,0,0,0,0,0,0,0,0,0,0,0,0,0,0,0,0,0,0,0,0,0,0,0,0,0,0,0,0,0,0,0,0,0,0,0,0,0,0,0,0,0,0,0,0,0,0,0,0,0,0,0,0,0,0,0,0,0,0,0,0,0,0,0,0,0,0,0,0,0,0,0,0,0,0,0,0,0,0,0,0,0,0,0,0,0,0,0,0,0,0,0,0,0,0,0,0,0,0,0,0,0,0,0,0,0,0,0,0,0,0,0,0,0,0
"H22-17837 - 2",0,0,0,0,0,0,0,0,0,0,0,0,0,0,0,0,0,0,0,0,0,0,0,0,0,0,0,0,0,0,0,0,0,0,0,0,0,0,0,0,0,0,0,0,0,0,0,0,0,0,0,0,0,0,0,0,0,0,0,0,0,0,0,0,0,0,0,0,0,0,0,0,0,0,0,0,0,0,0,0,0,0,0,0,0,0,0,0,0,0,0,0,0,0,0,0,0,0,0,0,0,0,0,0,0,0,0,0,0,0,0,0,0,0,0,0,0,0,0,0,0,0,0,0,0,0,0,0,0,0,0,0,0,0,0,0,0,0,0,0,0,0,0,0,0,0,0,0,0,0,0,0,0,0,0,0,0,0,0,0,0,0,0,0,0,0,0,0,0,0,0,0,0,0,0,0,0,0,0,0,0,0,0,0,0,0,0,0,0,0,0,0,0,0,0,0,0,0,0,0,0,0,0,0,0,0,0,0,0,0,0,0,0,0,0,0,0,0,0,0,0,0,0,0,0,0,0,0,0,0,0,0,0,0,0,0,0,0,0,0,0,0,0,0,0,0,0,0,0,0,0,0,0,0,0,0,0,0,0,0,0,0,0,0,0,0,0,0,0,0,0,0,0,0,0,0,0,0,0,0,0,0,0,0,0,0,0,0,0,0,0,0,0,0,0,0,0,0,0,0,0,0,0,0,0,0,0,0,0,0,0,0,0,0,0,0,0,0,0,0,0,0,0,0,0,0,0,0,0,0,0,0,0,0,0,0,0,0,0,0,0,0,0,0,0,0,0,0
"H22-19768 - 1",0,0,0,0,0,0,0,0,0,0,0,0,0,0,0,0,0,0,0,0,0,0,0,0,0,0,0,0,0,0,0,0,0,0,0,0,0,0,0,0,0,0,0,0,0,0,0,0,0,0,0,0,0,0,0,0,0,0,0,0,0,0,0,0,0,0,0,0,0,0,0,0,0,0,0,0,0,0,0,0,0,0,0,0,0,0,0,0,0,0,0,0,0,0,0,0,0,0,0,0,0,0,0,0,0,0,0,0,0,0,0,0,0,0,0,0,0,0,0,0,0,0,0,0,0,0,0,0,0,0,0,0,0,0,0,0,0,0,0,0,0,0,0,0,0,0,0,0,0,0,0,0,0,0,0,0,0,0,0,0,0,0,0,0,0,0,0,0,0,0,0,0,0,0,0,0,0,0,0,0,0,0,0,0,0,0,0,0,0,0,0,0,0,0,0,0,0,0,0,0,0,0,0,0,0,0,0,0,0,0,0,0,0,0,0,0,0,0,0,0,0,0,0,0,0,0,0,0,0,0,0,0,0,0,0,0,0,0,0,0,0,0,0,0,0,0,0,0,0,0,0,0,0,0,0,0,0,0,0,0,0,0,0,0,0,0,0,0,0,0,0,0,0,0,0,0,0,0,0,0,0,0,0,0,0,0,0,0,0,0,0,0,0,0,0,0,0,0,0,0,0,0,0,0,0,0,0,0,0,0,0,0,0,0,0,0,0,0,0,0,0,0,0,0,0,0,0,0,0,0,0,0,0,0,0,0,0,0,0,0,0,0,0,0,0,0,0,0
"H22-19768 - 2",0,0,0,0,0,0,0,0,0,0,0,0,0,0,0,0,0,0,0,0,0,0,0,0,0,0,0,0,0,0,0,0,0,0,0,0,0,0,0,0,0,0,0,0,0,0,0,0,0,0,0,0,0,0,0,0,0,0,0,0,0,0,0,0,0,0,0,0,0,0,0,0,0,0,0,0,0,0,0,0,0,0,0,0,0,0,0,0,0,0,0,0,0,0,0,0,0,0,0,0,0,0,0,0,0,0,0,0,0,0,0,0,0,0,0,0,0,0,0,0,0,0,0,0,0,0,0,0,0,0,0,0,0,0,0,0,0,0,0,0,0,0,0,0,0,0,0,0,0,0,0,0,0,0,0,0,0,0,0,0,0,0,0,0,0,0,0,0,0,0,0,0,0,0,0,0,0,0,0,0,0,0,0,0,0,0,0,0,0,0,0,0,0,0,0,0,0,0,0,0,0,0,0,0,0,0,0,0,0,0,0,0,0,0,0,0,0,0,0,0,0,0,0,0,0,0,0,0,0,0,0,0,0,0,0,0,0,0,0,0,0,0,0,0,0,0,0,0,0,0,0,0,0,0,0,0,0,0,0,0,0,0,0,0,0,0,0,0,0,0,0,0,0,0,0,0,0,0,0,0,0,0,0,0,0,0,0,0,0,0,0,0,0,0,0,0,0,0,0,0,0,0,0,0,0,0,0,0,0,0,0,0,0,0,0,0,0,0,0,0,0,0,0,0,0,0,0,0,0,0,0,0,0,0,0,0,0,0,0,0,0,0,0,0,0,0,0,0
"H22-20281 - 2",0,0,0,0,0,0,0,0,0,0,0,0,0,0,0,0,0,0,0,0,0,0,0,0,0,0,0,0,0,0,0,0,0,0,0,0,0,0,0,0,0,0,0,0,0,0,0,0,0,0,0,0,0,0,0,0,0,0,0,0,0,0,0,0,0,0,0,0,0,0,0,0,0,0,0,0,0,0,0,0,0,0,0,0,0,0,0,0,0,0,0,0,0,0,0,0,0,0,0,0,0,0,0,0,0,0,0,0,0,0,0,0,0,0,0,0,0,0,0,0,0,0,0,0,0,0,0,0,0,0,0,0,0,0,0,0,0,0,0,0,0,0,0,0,0,0,0,0,0,0,0,0,0,0,0,0,0,0,0,0,0,0,0,0,0,0,0,0,0,0,0,0,0,0,0,0,0,0,0,0,0,0,0,0,0,0,0,0,0,0,0,0,0,0,0,0,0,0,0,0,0,0,0,0,0,0,0,0,0,0,0,0,0,0,0,0,0,0,0,0,0,0,0,0,0,0,0,0,0,0,0,0,0,0,0,0,0,0,0,0,0,0,0,0,0,0,0,0,0,0,0,0,0,0,0,0,0,0,0,0,0,0,0,0,0,0,0,0,0,0,0,0,0,0,0,0,0,0,0,0,0,0,0,0,0,0,0,0,0,0,0,0,0,0,0,0,0,0,0,0,0,0,0,0,0,0,0,0,0,0,0,0,0,0,0,0,0,0,0,0,0,0,0,0,0,0,0,0,0,0,0,0,0,0,0,0,0,0,0,0,0,0,0,0,0,0,0,0
"H22-20323 - 1",0,0,0,0,0,0,0,0,0,0,0,0,0,0,0,0,0,0,0,0,0,0,0,0,0,0,0,0,0,0,0,0,0,0,0,0,0,0,0,0,0,0,0,0,0,0,0,0,0,0,0,0,0,0,0,0,0,0,0,0,0,0,0,0,0,0,0,0,0,0,0,0,0,0,0,0,0,0,0,0,0,0,0,0,0,0,0,0,0,0,0,0,0,0,0,0,0,0,0,0,0,0,0,0,0,0,0,0,0,0,0,0,0,0,0,0,0,0,0,0,0,0,0,0,0,0,0,0,0,0,0,0,0,0,0,0,0,0,0,0,0,0,0,0,0,0,0,0,0,0,0,0,0,0,0,0,0,0,0,0,0,0,0,0,0,0,0,0,0,0,0,0,0,0,0,0,0,0,0,0,0,0,0,0,0,0,0,0,0,0,0,0,0,0,0,0,0,0,0,0,0,0,0,0,0,0,0,0,0,0,0,0,0,0,0,0,0,0,0,0,0,0,0,0,0,0,0,0,0,0,0,0,0,0,0,0,0,0,0,0,0,0,0,0,0,0,0,0,0,0,0,0,0,0,0,0,0,0,0,0,0,0,0,0,0,0,0,0,0,0,0,0,0,0,0,0,0,0,0,0,0,0,0,0,0,0,0,0,0,0,0,0,0,0,0,0,0,0,0,0,0,0,0,0,0,0,0,0,0,0,0,0,0,0,0,0,0,0,0,0,0,0,0,0,0,0,0,0,0,0,0,0,0,0,0,0,0,0,0,0,0,0,0,0,0,0,0,0
"H22-20323 - 2",0,0,0,0,0,0,0,0,0,0,0,0,0,0,0,0,0,0,0,0,0,0,0,0,0,0,0,0,0,0,0,0,0,0,0,0,0,0,0,0,0,0,0,0,0,0,0,0,0,0,0,0,0,0,0,0,0,0,0,0,0,0,0,0,0,0,0,0,0,0,0,0,0,0,0,0,0,0,0,0,0,0,0,0,0,0,0,0,0,0,0,0,0,0,0,0,0,0,0,0,0,0,0,0,0,0,0,0,0,0,0,0,0,0,0,0,0,0,0,0,0,0,0,0,0,0,0,0,0,0,0,0,0,0,0,0,0,0,0,0,0,0,0,0,0,0,0,0,0,0,0,0,0,0,0,0,0,0,0,0,0,0,0,0,0,0,0,0,0,0,0,0,0,0,0,0,0,0,0,0,0,0,0,0,0,0,0,0,0,0,0,0,0,0,0,0,0,0,0,0,0,0,0,0,0,0,0,0,0,0,0,0,0,0,0,0,0,0,0,0,0,0,0,0,0,0,0,0,0,0,0,0,0,0,0,0,0,0,0,0,0,0,0,0,0,0,0,0,0,0,0,0,0,0,0,0,0,0,0,0,0,0,0,0,0,0,0,0,0,0,0,0,0,0,0,0,0,0,0,0,0,0,0,0,0,0,0,0,0,0,0,0,0,0,0,0,0,0,0,0,0,0,0,0,0,0,0,0,0,0,0,0,0,0,0,0,0,0,0,0,0,0,0,0,0,0,0,0,0,0,0,0,0,0,0,0,0,0,0,0,0,0,0,0,0,0,0,0
"H22-21560 - 2",0,0,0,0,0,0,0,0,0,0,0,0,0,0,0,0,0,0,0,0,0,0,0,0,0,0,0,0,0,0,0,0,0,0,0,0,0,0,0,0,0,0,0,0,0,0,0,0,0,0,0,0,0,0,0,0,0,0,0,0,0,0,0,0,0,0,0,0,0,0,0,0,0,0,0,0,0,0,0,0,0,0,0,0,0,0,0,0,0,0,0,0,0,0,0,0,0,0,0,0,0,0,0,0,0,0,0,0,0,0,0,0,0,0,0,0,0,0,0,0,0,0,0,0,0,0,0,0,0,0,0,0,0,0,0,0,0,0,0,0,0,0,0,0,0,0,0,0,0,0,0,0,0,0,0,0,0,0,0,0,0,0,0,0,0,0,0,0,0,0,0,0,0,0,0,0,0,0,0,0,0,0,0,0,0,0,0,0,0,0,0,0,0,0,0,0,0,0,0,0,0,0,0,0,0,0,0,0,0,0,0,0,0,0,0,0,0,0,0,0,0,0,0,0,0,0,0,0,0,0,0,0,0,0,0,0,0,0,0,0,0,0,0,0,0,0,0,0,0,0,0,0,0,0,0,0,0,0,0,0,0,0,0,0,0,0,0,0,0,0,0,0,0,0,0,0,0,0,0,0,0,0,0,0,0,0,0,0,0,0,0,0,0,0,0,0,0,0,0,0,0,0,0,0,0,0,0,0,0,0,0,0,0,0,0,0,0,0,0,0,0,0,0,0,0,0,0,0,0,0,0,0,0,0,0,0,0,0,0,0,0,0,0,0,0,0,0,0
"H22-21587",0,0,0,0,0,0,0,0,0,0,0,0,0,0,0,0,0,0,0,0,0,0,0,0,0,0,0,0,0,0,0,0,0,0,0,0,0,0,0,0,0,0,0,0,0,0,0,0,0,0,0,0,0,0,0,0,0,0,0,0,0,0,0,0,0,0,0,0,0,0,0,0,0,0,0,0,0,0,0,0,0,0,0,0,0,0,0,0,0,0,0,0,0,0,0,0,0,0,0,0,0,0,0,0,0,0,0,0,0,0,0,0,0,0,0,0,0,0,0,0,0,0,0,0,0,0,0,0,0,0,0,0,0,0,0,0,0,0,0,0,0,0,0,0,0,0,0,0,0,0,0,0,0,0,0,0,0,0,0,0,0,0,0,0,0,0,0,0,0,0,0,0,0,0,0,0,0,0,0,0,0,0,0,0,0,0,0,0,0,0,0,0,0,0,0,0,0,0,0,0,0,0,0,0,0,0,0,0,0,0,0,0,0,0,0,0,0,0,0,0,0,0,0,0,0,0,0,0,0,0,0,0,0,0,0,0,0,0,0,0,0,0,0,0,0,0,0,0,0,0,0,0,0,0,0,0,0,0,0,0,0,0,0,0,0,0,0,0,0,0,0,0,0,0,0,0,0,0,0,0,0,0,0,0,0,0,0,0,0,0,0,0,0,0,0,0,0,0,0,0,0,0,0,0,0,0,0,0,0,0,0,0,0,0,0,0,0,0,0,0,0,0,0,0,0,0,0,0,0,0,0,0,0,0,0,0,0,0,0,0,0,0,0,0,0,0,0,0
"H22-21589",0,0,0,0,0,0,0,0,0,0,0,0,0,0,0,0,0,0,0,0,0,0,0,0,0,0,0,0,0,0,0,0,0,0,0,0,0,0,0,0,0,0,0,0,0,0,0,0,0,0,0,0,0,0,0,0,0,0,0,0,0,0,0,0,0,0,0,0,0,0,0,0,0,0,0,0,0,0,0,0,0,0,0,0,0,0,0,0,0,0,0,0,0,0,0,0,0,0,0,0,0,0,0,0,0,0,0,0,0,0,0,0,0,0,0,0,0,0,0,0,0,0,0,0,0,0,0,0,0,0,0,0,0,0,0,0,0,0,0,0,0,0,0,0,0,0,0,0,0,0,0,0,0,0,0,0,0,0,0,0,0,0,0,0,0,0,0,0,0,0,0,0,0,0,0,0,0,0,0,0,0,0,0,0,0,0,0,0,0,0,0,0,0,0,0,0,0,0,0,0,0,0,0,0,0,0,0,0,0,0,0,0,0,0,0,0,0,0,0,0,0,0,0,0,0,0,0,0,0,0,0,0,0,0,0,0,0,0,0,0,0,0,0,0,0,0,0,0,0,0,0,0,0,0,0,0,0,0,0,0,0,0,0,0,0,0,0,0,0,0,0,0,0,0,0,0,0,0,0,0,0,0,0,0,0,0,0,0,0,0,0,0,0,0,0,0,0,0,0,0,0,0,0,0,0,0,0,0,0,0,0,0,0,0,0,0,0,0,0,0,0,0,0,0,0,0,0,0,0,0,0,0,0,0,0,0,0,0,0,0,0,0,0,0,0,0,0,0
"H22-21858 - 1",0,0,0,0,0,0,0,0,0,0,0,0,0,0,0,0,0,0,0,0,0,0,0,0,0,0,0,0,0,0,0,0,0,0,0,0,0,0,0,0,0,0,0,0,0,0,0,0,0,0,0,0,0,0,0,0,0,0,0,0,0,0,0,0,0,0,0,0,0,0,0,0,0,0,0,0,0,0,0,0,0,0,0,0,0,0,0,0,0,0,0,0,0,0,0,0,0,0,0,0,0,0,0,0,0,0,0,0,0,0,0,0,0,0,0,0,0,0,0,0,0,0,0,0,0,0,0,0,0,0,0,0,0,0,0,0,0,0,0,0,0,0,0,0,0,0,0,0,0,0,0,0,0,0,0,0,0,0,0,0,0,0,0,0,0,0,0,0,0,0,0,0,0,0,0,0,0,0,0,0,0,0,0,0,0,0,0,0,0,0,0,0,0,0,0,0,0,0,0,0,0,0,0,0,0,0,0,0,0,0,0,0,0,0,0,0,0,0,0,0,0,0,0,0,0,0,0,0,0,0,0,0,0,0,0,0,0,0,0,0,0,0,0,0,0,0,0,0,0,0,0,0,0,0,0,0,0,0,0,0,0,0,0,0,0,0,0,0,0,0,0,0,0,0,0,0,0,0,0,0,0,0,0,0,0,0,0,0,0,0,0,0,0,0,0,0,0,0,0,0,0,0,0,0,0,0,0,0,0,0,0,0,0,0,0,0,0,0,0,0,0,0,0,0,0,0,0,0,0,0,0,0,0,0,0,0,0,0,0,0,0,0,0,0,0,0,0,0
"H22-21858 - 2",0,0,0,0,0,0,0,0,0,0,0,0,0,0,0,0,0,0,0,0,0,0,0,0,0,0,0,0,0,0,0,0,0,0,0,0,0,0,0,0,0,0,0,0,0,0,0,0,0,0,0,0,0,0,0,0,0,0,0,0,0,0,0,0,0,0,0,0,0,0,0,0,0,0,0,0,0,0,0,0,0,0,0,0,0,0,0,0,0,0,0,0,0,0,0,0,0,0,0,0,0,0,0,0,0,0,0,0,0,0,0,0,0,0,0,0,0,0,0,0,0,0,0,0,0,0,0,0,0,0,0,0,0,0,0,0,0,0,0,0,0,0,0,0,0,0,0,0,0,0,0,0,0,0,0,0,0,0,0,0,0,0,0,0,0,0,0,0,0,0,0,0,0,0,0,0,0,0,0,0,0,0,0,0,0,0,0,0,0,0,0,0,0,0,0,0,0,0,0,0,0,0,0,0,0,0,0,0,0,0,0,0,0,0,0,0,0,0,0,0,0,0,0,0,0,0,0,0,0,0,0,0,0,0,0,0,0,0,0,0,0,0,0,0,0,0,0,0,0,0,0,0,0,0,0,0,0,0,0,0,0,0,0,0,0,0,0,0,0,0,0,0,0,0,0,0,0,0,0,0,0,0,0,0,0,0,0,0,0,0,0,0,0,0,0,0,0,0,0,0,0,0,0,0,0,0,0,0,0,0,0,0,0,0,0,0,0,0,0,0,0,0,0,0,0,0,0,0,0,0,0,0,0,0,0,0,0,0,0,0,0,0,0,0,0,0,0,0
"H22-22159 - 1",0,0,0,0,0,0,0,0,0,0,0,0,0,0,0,0,0,0,0,0,0,0,0,0,0,0,0,0,0,0,0,0,0,0,0,0,0,0,0,0,0,0,0,0,0,0,0,0,0,0,0,0,0,0,0,0,0,0,0,0,0,0,0,0,0,0,0,0,0,0,0,0,0,0,0,0,0,0,0,0,0,0,0,0,0,0,0,0,0,0,0,0,0,0,0,0,0,0,0,0,0,0,0,0,0,0,0,0,0,0,0,0,0,0,0,0,0,0,0,0,0,0,0,0,0,0,0,0,0,0,0,0,0,0,0,0,0,0,0,0,0,0,0,0,0,0,0,0,0,0,0,0,0,0,0,0,0,0,0,0,0,0,0,0,0,0,0,0,0,0,0,0,0,0,0,0,0,0,0,0,0,0,0,0,0,0,0,0,0,0,0,0,0,0,0,0,0,0,0,0,0,0,0,0,0,0,0,0,0,0,0,0,0,0,0,0,0,0,0,0,0,0,0,0,0,0,0,0,0,0,0,0,0,0,0,0,0,0,0,0,0,0,0,0,0,0,0,0,0,0,0,0,0,0,0,0,0,0,0,0,0,0,0,0,0,0,0,0,0,0,0,0,0,0,0,0,0,0,0,0,0,0,0,0,0,0,0,0,0,0,0,0,0,0,0,0,0,0,0,0,0,0,0,0,0,0,0,0,0,0,0,0,0,0,0,0,0,0,0,0,0,0,0,0,0,0,0,0,0,0,0,0,0,0,0,0,0,0,0,0,0,0,0,0,0,0,0,0
"H22-22159 - 2",0,0,0,0,0,0,0,0,0,0,0,0,0,0,0,0,0,0,0,0,0,0,0,0,0,0,0,0,0,0,0,0,0,0,0,0,0,0,0,0,0,0,0,0,0,0,0,0,0,0,0,0,0,0,0,0,0,0,0,0,0,0,0,0,0,0,0,0,0,0,0,0,0,0,0,0,0,0,0,0,0,0,0,0,0,0,0,0,0,0,0,0,0,0,0,0,0,0,0,0,0,0,0,0,0,0,0,0,0,0,0,0,0,0,0,0,0,0,0,0,0,0,0,0,0,0,0,0,0,0,0,0,0,0,0,0,0,0,0,0,0,0,0,0,0,0,0,0,0,0,0,0,0,0,0,0,0,0,0,0,0,0,0,0,0,0,0,0,0,0,0,0,0,0,0,0,0,0,0,0,0,0,0,0,0,0,0,0,0,0,0,0,0,0,0,0,0,0,0,0,0,0,0,0,0,0,0,0,0,0,0,0,0,0,0,0,0,0,0,0,0,0,0,0,0,0,0,0,0,0,0,0,0,0,0,0,0,0,0,0,0,0,0,0,0,0,0,0,0,0,0,0,0,0,0,0,0,0,0,0,0,0,0,0,0,0,0,0,0,0,0,0,0,0,0,0,0,0,0,0,0,0,0,0,0,0,0,0,0,0,0,0,0,0,0,0,0,0,0,0,0,0,0,0,0,0,0,0,0,0,0,0,0,0,0,0,0,0,0,0,0,0,0,0,0,0,0,0,0,0,0,0,0,0,0,0,0,0,0,0,0,0,0,0,0,0,0,0
"H22-22273",0,0,0,0,0,0,0,0,0,0,0,0,0,0,0,0,0,0,0,0,0,0,0,0,0,0,0,0,0,0,0,0,0,0,0,0,0,0,0,0,0,0,0,0,0,0,0,0,0,0,0,0,0,0,0,0,0,0,0,0,0,0,0,0,0,0,0,0,0,0,0,0,0,0,0,0,0,0,0,0,0,0,0,0,0,0,0,0,0,0,0,0,0,0,0,0,0,0,0,0,0,0,0,0,0,0,0,0,0,0,0,0,0,0,0,0,0,0,0,0,0,0,0,0,0,0,0,0,0,0,0,0,0,0,0,0,0,0,0,0,0,0,0,0,0,0,0,0,0,0,0,0,0,0,0,0,0,0,0,0,0,0,0,0,0,0,0,0,0,0,0,0,0,0,0,0,0,0,0,0,0,0,0,0,0,0,0,0,0,0,0,0,0,0,0,0,0,0,0,0,0,0,0,0,0,0,0,0,0,0,0,0,0,0,0,0,0,0,0,0,0,0,0,0,0,0,0,0,0,0,0,0,0,0,0,0,0,0,0,0,0,0,0,0,0,0,0,0,0,0,0,0,0,0,0,0,0,0,0,0,0,0,0,0,0,0,0,0,0,0,0,0,0,0,0,0,0,0,0,0,0,0,0,0,0,0,0,0,0,0,0,0,0,0,0,0,0,0,0,0,0,0,0,0,0,0,0,0,0,0,0,0,0,0,0,0,0,0,0,0,0,0,0,0,0,0,0,0,0,0,0,0,0,0,0,0,0,0,0,0,0,0,0,0,0,0,0,0
"H22-22506 - 2",0,0,0,0,0,0,0,0,0,0,0,0,0,0,0,0,0,0,0,0,0,0,0,0,0,0,0,0,0,0,0,0,0,0,0,0,0,0,0,0,0,0,0,0,0,0,0,0,0,0,0,0,0,0,0,0,0,0,0,0,0,0,0,0,0,0,0,0,0,0,0,0,0,0,0,0,0,0,0,0,0,0,0,0,0,0,0,0,0,0,0,0,0,0,0,0,0,0,0,0,0,0,0,0,0,0,0,0,0,0,0,0,0,0,0,0,0,0,0,0,0,0,0,0,0,0,0,0,0,0,0,0,0,0,0,0,0,0,0,0,0,0,0,0,0,0,0,0,0,0,0,0,0,0,0,0,0,0,0,0,0,0,0,0,0,0,0,0,0,0,0,0,0,0,0,0,0,0,0,0,0,0,0,0,0,0,0,0,0,0,0,0,0,0,0,0,0,0,0,0,0,0,0,0,0,0,0,0,0,0,0,0,0,0,0,0,0,0,0,0,0,0,0,0,0,0,0,0,0,0,0,0,0,0,0,0,0,0,0,0,0,0,0,0,0,0,0,0,0,0,0,0,0,0,0,0,0,0,0,0,0,0,0,0,0,0,0,0,0,0,0,0,0,0,0,0,0,0,0,0,0,0,0,0,0,0,0,0,0,0,0,0,0,0,0,0,0,0,0,0,0,0,0,0,0,0,0,0,0,0,0,0,0,0,0,0,0,0,0,0,0,0,0,0,0,0,0,0,0,0,0,0,0,0,0,0,0,0,0,0,0,0,0,0,0,0,0,0
"H22-23447",0,0,0,0,0,0,0,0,0,0,0,0,0,0,0,0,0,0,0,0,0,0,0,0,0,0,0,0,0,0,0,0,0,0,0,0,0,0,0,0,0,0,0,0,0,0,0,0,0,0,0,0,0,0,0,0,0,0,0,0,0,0,0,0,0,0,0,0,0,0,0,0,0,0,0,0,0,0,0,0,0,0,0,0,0,0,0,0,0,0,0,0,0,0,0,0,0,0,0,0,0,0,0,0,0,0,0,0,0,0,0,0,0,0,0,0,0,0,0,0,0,0,0,0,0,0,0,0,0,0,0,0,0,0,0,0,0,0,0,0,0,0,0,0,0,0,0,0,0,0,0,0,0,0,0,0,0,0,0,0,0,0,0,0,0,0,0,0,0,0,0,0,0,0,0,0,0,0,0,0,0,0,0,0,0,0,0,0,0,0,0,0,0,0,0,0,0,0,0,0,0,0,0,0,0,0,0,0,0,0,0,0,0,0,0,0,0,0,0,0,0,0,0,0,0,0,0,0,0,0,0,0,0,0,0,0,0,0,0,0,0,0,0,0,0,0,0,0,0,0,0,0,0,0,0,0,0,0,0,0,0,0,0,0,0,0,0,0,0,0,0,0,0,0,0,0,0,0,0,0,0,0,0,0,0,0,0,0,0,0,0,0,0,0,0,0,0,0,0,0,0,0,0,0,0,0,0,0,0,0,0,0,0,0,0,0,0,0,0,0,0,0,0,0,0,0,0,0,0,0,0,0,0,0,0,0,0,0,0,0,0,0,0,0,0,0,0,0
"H22-23525",0,0,0,0,0,0,0,0,0,0,0,0,0,0,0,0,0,0,0,0,0,0,0,0,0,0,0,0,0,0,0,0,0,0,0,0,0,0,0,0,0,0,0,0,0,0,0,0,0,0,0,0,0,0,0,0,0,0,0,0,0,0,0,0,0,0,0,0,0,0,0,0,0,0,0,0,0,0,0,0,0,0,0,0,0,0,0,0,0,0,0,0,0,0,0,0,0,0,0,0,0,0,0,0,0,0,0,0,0,0,0,0,0,0,0,0,0,0,0,0,0,0,0,0,0,0,0,0,0,0,0,0,0,0,0,0,0,0,0,0,0,0,0,0,0,0,0,0,0,0,0,0,0,0,0,0,0,0,0,0,0,0,0,0,0,0,0,0,0,0,0,0,0,0,0,0,0,0,0,0,0,0,0,0,0,0,0,0,0,0,0,0,0,0,0,0,0,0,0,0,0,0,0,0,0,0,0,0,0,0,0,0,0,0,0,0,0,0,0,0,0,0,0,0,0,0,0,0,0,0,0,0,0,0,0,0,0,0,0,0,0,0,0,0,0,0,0,0,0,0,0,0,0,0,0,0,0,0,0,0,0,0,0,0,0,0,0,0,0,0,0,0,0,0,0,0,0,0,0,0,0,0,0,0,0,0,0,0,0,0,0,0,0,0,0,0,0,0,0,0,0,0,0,0,0,0,0,0,0,0,0,0,0,0,0,0,0,0,0,0,0,0,0,0,0,0,0,0,0,0,0,0,0,0,0,0,0,0,0,0,0,0,0,0,0,0,0,0
"XH13-06026 2",0,0,0,0,0,0,0,0,0,0,0,0,0,0,0,0,0,0,0,0,0,0,0,0,0,0,0,0,0,0,0,0,0,0,0,0,0,0,0,0,0,0,0,0,0,0,0,0,0,0,0,0,0,0,0,0,0,0,0,0,0,0,0,0,0,0,0,0,0,0,0,0,0,0,0,0,0,0,0,0,0,0,0,0,0,0,0,0,0,0,0,0,0,0,0,0,0,0,0,0,0,0,0,0,0,0,0,0,0,0,0,0,0,0,0,0,0,0,0,0,0,0,0,0,0,0,0,0,0,0,0,0,0,0,0,0,0,0,0,0,0,0,0,0,0,0,0,0,0,0,0,0,0,0,0,0,0,0,0,0,0,0,0,0,0,0,0,0,0,0,0,0,0,0,0,0,0,0,0,0,0,0,0,0,0,0,0,0,0,0,0,0,0,0,0,0,0,0,0,0,0,0,0,0,0,0,0,0,0,0,0,0,0,0,0,0,0,0,0,0,0,0,0,0,0,0,0,0,0,0,0,0,0,0,0,0,0,0,0,0,0,0,0,0,0,0,0,0,0,0,0,0,0,0,0,0,0,0,0,0,0,0,0,0,0,0,0,0,0,0,0,0,0,0,0,0,0,0,0,0,0,0,0,0,0,0,0,0,0,0,0,0,0,0,0,0,0,0,0,0,0,0,0,0,0,0,0,0,0,0,0,0,0,0,0,0,0,0,0,0,0,0,0,0,0,0,0,0,0,0,0,0,0,0,0,0,0,0,0,0,0,0,0,0,0,0,0,0
"XH14-13191 2",0,0,0,0,0,0,0,0,0,0,0,0,0,0,0,0,0,0,0,0,0,0,0,0,0,0,0,0,0,0,0,0,0,0,0,0,0,0,0,0,0,0,0,0,0,0,0,0,0,0,0,0,0,0,0,0,0,0,0,0,0,0,0,0,0,0,0,0,0,0,0,0,0,0,0,0,0,0,0,0,0,0,0,0,0,0,0,0,0,0,0,0,0,0,0,0,0,0,0,0,0,0,0,0,0,0,0,0,0,0,0,0,0,0,0,0,0,0,0,0,0,0,0,0,0,0,0,0,0,0,0,0,0,0,0,0,0,0,0,0,0,0,0,0,0,0,0,0,0,0,0,0,0,0,0,0,0,0,0,0,0,0,0,0,0,0,0,0,0,0,0,0,0,0,0,0,0,0,0,0,0,0,0,0,0,0,0,0,0,0,0,0,0,0,0,0,0,0,0,0,0,0,0,0,0,0,0,0,0,0,0,0,0,0,0,0,0,0,0,0,0,0,0,0,0,0,0,0,0,0,0,0,0,0,0,0,0,0,0,0,0,0,0,0,0,0,0,0,0,0,0,0,0,0,0,0,0,0,0,0,0,0,0,0,0,0,0,0,0,0,0,0,0,0,0,0,0,0,0,0,0,0,0,0,0,0,0,0,0,0,0,0,0,0,0,0,0,0,0,0,0,0,0,0,0,0,0,0,0,0,0,0,0,0,0,0,0,0,0,0,0,0,0,0,0,0,0,0,0,0,0,0,0,0,0,0,0,0,0,0,0,0,0,0,0,0,0,0
"XH16-00908 1",0,0,0,0,0,0,0,0,0,0,0,0,0,0,0,0,0,0,0,0,0,0,0,0,0,0,0,0,0,0,0,0,0,0,0,0,0,0,0,0,0,0,0,0,0,0,0,0,0,0,0,0,0,0,0,0,0,0,0,0,0,0,0,0,0,0,0,0,0,0,0,0,0,0,0,0,0,0,0,0,0,0,0,0,0,0,0,0,0,0,0,0,0,0,0,0,0,0,0,0,0,0,0,0,0,0,0,0,0,0,0,0,0,0,0,0,0,0,0,0,0,0,0,0,0,0,0,0,0,0,0,0,0,0,0,0,0,0,0,0,0,0,0,0,0,0,0,0,0,0,0,0,0,0,0,0,0,0,0,0,0,0,0,0,0,0,0,0,0,0,0,0,0,0,0,0,0,0,0,0,0,0,0,0,0,0,0,0,0,0,0,0,0,0,0,0,0,0,0,0,0,0,0,0,0,0,0,0,0,0,0,0,0,0,0,0,0,0,0,0,0,0,0,0,0,0,0,0,0,0,0,0,0,0,0,0,0,0,0,0,0,0,0,0,0,0,0,0,0,0,0,0,0,0,0,0,0,0,0,0,0,0,0,0,0,0,0,0,0,0,0,0,0,0,0,0,0,0,0,0,0,0,0,0,0,0,0,0,0,0,0,0,0,0,0,0,0,0,0,0,0,0,0,0,0,0,0,0,0,0,0,0,0,0,0,0,0,0,0,0,0,0,0,0,0,0,0,0,0,0,0,0,0,0,0,0,0,0,0,0,0,0,0,0,0,0,0,0
"XH17-04464 1",0,0,0,0,0,0,0,0,0,0,0,0,0,0,0,0,0,0,0,0,0,0,0,0,0,0,0,0,0,0,0,0,0,0,0,0,0,0,0,0,0,0,0,0,0,0,0,0,0,0,0,0,0,0,0,0,0,0,0,0,0,0,0,0,0,0,0,0,0,0,0,0,0,0,0,0,0,0,0,0,0,0,0,0,0,0,0,0,0,0,0,0,0,0,0,0,0,0,0,0,0,0,0,0,0,0,0,0,0,0,0,0,0,0,0,0,0,0,0,0,0,0,0,0,0,0,0,0,0,0,0,0,0,0,0,0,0,0,0,0,0,0,0,0,0,0,0,0,0,0,0,0,0,0,0,0,0,0,0,0,0,0,0,0,0,0,0,0,0,0,0,0,0,0,0,0,0,0,0,0,0,0,0,0,0,0,0,0,0,0,0,0,0,0,0,0,0,0,0,0,0,0,0,0,0,0,0,0,0,0,0,0,0,0,0,0,0,0,0,0,0,0,0,0,0,0,0,0,0,0,0,0,0,0,0,0,0,0,0,0,0,0,0,0,0,0,0,0,0,0,0,0,0,0,0,0,0,0,0,0,0,0,0,0,0,0,0,0,0,0,0,0,0,0,0,0,0,0,0,0,0,0,0,0,0,0,0,0,0,0,0,0,0,0,0,0,0,0,0,0,0,0,0,0,0,0,0,0,0,0,0,0,0,0,0,0,0,0,0,0,0,0,0,0,0,0,0,0,0,0,0,0,0,0,0,0,0,0,0,0,0,0,0,0,0,0,0,0
"XH17-04464 2",0,0,0,0,0,0,0,0,0,0,0,0,0,0,0,0,0,0,0,0,0,0,0,0,0,0,0,0,0,0,0,0,0,0,0,0,0,0,0,0,0,0,0,0,0,0,0,0,0,0,0,0,0,0,0,0,0,0,0,0,0,0,0,0,0,0,0,0,0,0,0,0,0,0,0,0,0,0,0,0,0,0,0,0,0,0,0,0,0,0,0,0,0,0,0,0,0,0,0,0,0,0,0,0,0,0,0,0,0,0,0,0,0,0,0,0,0,0,0,0,0,0,0,0,0,0,0,0,0,0,0,0,0,0,0,0,0,0,0,0,0,0,0,0,0,0,0,0,0,0,0,0,0,0,0,0,0,0,0,0,0,0,0,0,0,0,0,0,0,0,0,0,0,0,0,0,0,0,0,0,0,0,0,0,0,0,0,0,0,0,0,0,0,0,0,0,0,0,0,0,0,0,0,0,0,0,0,0,0,0,0,0,0,0,0,0,0,0,0,0,0,0,0,0,0,0,0,0,0,0,0,0,0,0,0,0,0,0,0,0,0,0,0,0,0,0,0,0,0,0,0,0,0,0,0,0,0,0,0,0,0,0,0,0,0,0,0,0,0,0,0,0,0,0,0,0,0,0,0,0,0,0,0,0,0,0,0,0,0,0,0,0,0,0,0,0,0,0,0,0,0,0,0,0,0,0,0,0,0,0,0,0,0,0,0,0,0,0,0,0,0,0,0,0,0,0,0,0,0,0,0,0,0,0,0,0,0,0,0,0,0,0,0,0,0,0,0,0
"XH17-13729 1",0,0,0,0,0,0,0,0,0,0,0,0,0,0,0,0,0,0,0,0,0,0,0,0,0,0,0,0,0,0,0,0,0,0,0,0,0,0,0,0,0,0,0,0,0,0,0,0,0,0,0,0,0,0,0,0,0,0,0,0,0,0,0,0,0,0,0,0,0,0,0,0,0,0,0,0,0,0,0,0,0,0,0,0,0,0,0,0,0,0,0,0,0,0,0,0,0,0,0,0,0,0,0,0,0,0,0,0,0,0,0,0,0,0,0,0,0,0,0,0,0,0,0,0,0,0,0,0,0,0,0,0,0,0,0,0,0,0,0,0,0,0,0,0,0,0,0,0,0,0,0,0,0,0,0,0,0,0,0,0,0,0,0,0,0,0,0,0,0,0,0,0,0,0,0,0,0,0,0,0,0,0,0,0,0,0,0,0,0,0,0,0,0,0,0,0,0,0,0,0,0,0,0,0,0,0,0,0,0,0,0,0,0,0,0,0,0,0,0,0,0,0,0,0,0,0,0,0,0,0,0,0,0,0,0,0,0,0,0,0,0,0,0,0,0,0,0,0,0,0,0,0,0,0,0,0,0,0,0,0,0,0,0,0,0,0,0,0,0,0,0,0,0,0,0,0,0,0,0,0,0,0,0,0,0,0,0,0,0,0,0,0,0,0,0,0,0,0,0,0,0,0,0,0,0,0,0,0,0,0,0,0,0,0,0,0,0,0,0,0,0,0,0,0,0,0,0,0,0,0,0,0,0,0,0,0,0,0,0,0,0,0,0,0,0,0,0,0
"XH17-13729 2",0,0,0,0,0,0,0,0,0,0,0,0,0,0,0,0,0,0,0,0,0,0,0,0,0,0,0,0,0,0,0,0,0,0,0,0,0,0,0,0,0,0,0,0,0,0,0,0,0,0,0,0,0,0,0,0,0,0,0,0,0,0,0,0,0,0,0,0,0,0,0,0,0,0,0,0,0,0,0,0,0,0,0,0,0,0,0,0,0,0,0,0,0,0,0,0,0,0,0,0,0,0,0,0,0,0,0,0,0,0,0,0,0,0,0,0,0,0,0,0,0,0,0,0,0,0,0,0,0,0,0,0,0,0,0,0,0,0,0,0,0,0,0,0,0,0,0,0,0,0,0,0,0,0,0,0,0,0,0,0,0,0,0,0,0,0,0,0,0,0,0,0,0,0,0,0,0,0,0,0,0,0,0,0,0,0,0,0,0,0,0,0,0,0,0,0,0,0,0,0,0,0,0,0,0,0,0,0,0,0,0,0,0,0,0,0,0,0,0,0,0,0,0,0,0,0,0,0,0,0,0,0,0,0,0,0,0,0,0,0,0,0,0,0,0,0,0,0,0,0,0,0,0,0,0,0,0,0,0,0,0,0,0,0,0,0,0,0,0,0,0,0,0,0,0,0,0,0,0,0,0,0,0,0,0,0,0,0,0,0,0,0,0,0,0,0,0,0,0,0,0,0,0,0,0,0,0,0,0,0,0,0,0,0,0,0,0,0,0,0,0,0,0,0,0,0,0,0,0,0,0,0,0,0,0,0,0,0,0,0,0,0,0,0,0,0,0,0
"XH18-04021 1",0,0,0,0,0,0,0,0,0,0,0,0,0,0,0,0,0,0,0,0,0,0,0,0,0,0,0,0,0,0,0,0,0,0,0,0,0,0,0,0,0,0,0,0,0,0,0,0,0,0,0,0,0,0,0,0,0,0,0,0,0,0,0,0,0,0,0,0,0,0,0,0,0,0,0,0,0,0,0,0,0,0,0,0,0,0,0,0,0,0,0,0,0,0,0,0,0,0,0,0,0,0,0,0,0,0,0,0,0,0,0,0,0,0,0,0,0,0,0,0,0,0,0,0,0,0,0,0,0,0,0,0,0,0,0,0,0,0,0,0,0,0,0,0,0,0,0,0,0,0,0,0,0,0,0,0,0,0,0,0,0,0,0,0,0,0,0,0,0,0,0,0,0,0,0,0,0,0,0,0,0,0,0,0,0,0,0,0,0,0,0,0,0,0,0,0,0,0,0,0,0,0,0,0,0,0,0,0,0,0,0,0,0,0,0,0,0,0,0,0,0,0,0,0,0,0,0,0,0,0,0,0,0,0,0,0,0,0,0,0,0,0,0,0,0,0,0,0,0,0,0,0,0,0,0,0,0,0,0,0,0,0,0,0,0,0,0,0,0,0,0,0,0,0,0,0,0,0,0,0,0,0,0,0,0,0,0,0,0,0,0,0,0,0,0,0,0,0,0,0,0,0,0,0,0,0,0,0,0,0,0,0,0,0,0,0,0,0,0,0,0,0,0,0,0,0,0,0,0,0,0,0,0,0,0,0,0,0,0,0,0,0,0,0,0,0,0,0
"XH18-05254 1",0,0,0,0,0,0,0,0,0,0,0,0,0,0,0,0,0,0,0,0,0,0,0,0,0,0,0,0,0,0,0,0,0,0,0,0,0,0,0,0,0,0,0,0,0,0,0,0,0,0,0,0,0,0,0,0,0,0,0,0,0,0,0,0,0,0,0,0,0,0,0,0,0,0,0,0,0,0,0,0,0,0,0,0,0,0,0,0,0,0,0,0,0,0,0,0,0,0,0,0,0,0,0,0,0,0,0,0,0,0,0,0,0,0,0,0,0,0,0,0,0,0,0,0,0,0,0,0,0,0,0,0,0,0,0,0,0,0,0,0,0,0,0,0,0,0,0,0,0,0,0,0,0,0,0,0,0,0,0,0,0,0,0,0,0,0,0,0,0,0,0,0,0,0,0,0,0,0,0,0,0,0,0,0,0,0,0,0,0,0,0,0,0,0,0,0,0,0,0,0,0,0,0,0,0,0,0,0,0,0,0,0,0,0,0,0,0,0,0,0,0,0,0,0,0,0,0,0,0,0,0,0,0,0,0,0,0,0,0,0,0,0,0,0,0,0,0,0,0,0,0,0,0,0,0,0,0,0,0,0,0,0,0,0,0,0,0,0,0,0,0,0,0,0,0,0,0,0,0,0,0,0,0,0,0,0,0,0,0,0,0,0,0,0,0,0,0,0,0,0,0,0,0,0,0,0,0,0,0,0,0,0,0,0,0,0,0,0,0,0,0,0,0,0,0,0,0,0,0,0,0,0,0,0,0,0,0,0,0,0,0,0,0,0,0,0,0,0
"XH18-05254 2",0,0,0,0,0,0,0,0,0,0,0,0,0,0,0,0,0,0,0,0,0,0,0,0,0,0,0,0,0,0,0,0,0,0,0,0,0,0,0,0,0,0,0,0,0,0,0,0,0,0,0,0,0,0,0,0,0,0,0,0,0,0,0,0,0,0,0,0,0,0,0,0,0,0,0,0,0,0,0,0,0,0,0,0,0,0,0,0,0,0,0,0,0,0,0,0,0,0,0,0,0,0,0,0,0,0,0,0,0,0,0,0,0,0,0,0,0,0,0,0,0,0,0,0,0,0,0,0,0,0,0,0,0,0,0,0,0,0,0,0,0,0,0,0,0,0,0,0,0,0,0,0,0,0,0,0,0,0,0,0,0,0,0,0,0,0,0,0,0,0,0,0,0,0,0,0,0,0,0,0,0,0,0,0,0,0,0,0,0,0,0,0,0,0,0,0,0,0,0,0,0,0,0,0,0,0,0,0,0,0,0,0,0,0,0,0,0,0,0,0,0,0,0,0,0,0,0,0,0,0,0,0,0,0,0,0,0,0,0,0,0,0,0,0,0,0,0,0,0,0,0,0,0,0,0,0,0,0,0,0,0,0,0,0,0,0,0,0,0,0,0,0,0,0,0,0,0,0,0,0,0,0,0,0,0,0,0,0,0,0,0,0,0,0,0,0,0,0,0,0,0,0,0,0,0,0,0,0,0,0,0,0,0,0,0,0,0,0,0,0,0,0,0,0,0,0,0,0,0,0,0,0,0,0,0,0,0,0,0,0,0,0,0,0,0,0,0,0
"XH18-09538 1",0,0,0,0,0,0,0,0,0,0,0,0,0,0,0,0,0,0,0,0,0,0,0,0,0,0,0,0,0,0,0,0,0,0,0,0,0,0,0,0,0,0,0,0,0,0,0,0,0,0,0,0,0,0,0,0,0,0,0,0,0,0,0,0,0,0,0,0,0,0,0,0,0,0,0,0,0,0,0,0,0,0,0,0,0,0,0,0,0,0,0,0,0,0,0,0,0,0,0,0,0,0,0,0,0,0,0,0,0,0,0,0,0,0,0,0,0,0,0,0,0,0,0,0,0,0,0,0,0,0,0,0,0,0,0,0,0,0,0,0,0,0,0,0,0,0,0,0,0,0,0,0,0,0,0,0,0,0,0,0,0,0,0,0,0,0,0,0,0,0,0,0,0,0,0,0,0,0,0,0,0,0,0,0,0,0,0,0,0,0,0,0,0,0,0,0,0,0,0,0,0,0,0,0,0,0,0,0,0,0,0,0,0,0,0,0,0,0,0,0,0,0,0,0,0,0,0,0,0,0,0,0,0,0,0,0,0,0,0,0,0,0,0,0,0,0,0,0,0,0,0,0,0,0,0,0,0,0,0,0,0,0,0,0,0,0,0,0,0,0,0,0,0,0,0,0,0,0,0,0,0,0,0,0,0,0,0,0,0,0,0,0,0,0,0,0,0,0,0,0,0,0,0,0,0,0,0,0,0,0,0,0,0,0,0,0,0,0,0,0,0,0,0,0,0,0,0,0,0,0,0,0,0,0,0,0,0,0,0,0,0,0,0,0,0,0,0,0
"XH18-09538 2",0,0,0,0,0,0,0,0,0,0,0,0,0,0,0,0,0,0,0,0,0,0,0,0,0,0,0,0,0,0,0,0,0,0,0,0,0,0,0,0,0,0,0,0,0,0,0,0,0,0,0,0,0,0,0,0,0,0,0,0,0,0,0,0,0,0,0,0,0,0,0,0,0,0,0,0,0,0,0,0,0,0,0,0,0,0,0,0,0,0,0,0,0,0,0,0,0,0,0,0,0,0,0,0,0,0,0,0,0,0,0,0,0,0,0,0,0,0,0,0,0,0,0,0,0,0,0,0,0,0,0,0,0,0,0,0,0,0,0,0,0,0,0,0,0,0,0,0,0,0,0,0,0,0,0,0,0,0,0,0,0,0,0,0,0,0,0,0,0,0,0,0,0,0,0,0,0,0,0,0,0,0,0,0,0,0,0,0,0,0,0,0,0,0,0,0,0,0,0,0,0,0,0,0,0,0,0,0,0,0,0,0,0,0,0,0,0,0,0,0,0,0,0,0,0,0,0,0,0,0,0,0,0,0,0,0,0,0,0,0,0,0,0,0,0,0,0,0,0,0,0,0,0,0,0,0,0,0,0,0,0,0,0,0,0,0,0,0,0,0,0,0,0,0,0,0,0,0,0,0,0,0,0,0,0,0,0,0,0,0,0,0,0,0,0,0,0,0,0,0,0,0,0,0,0,0,0,0,0,0,0,0,0,0,0,0,0,0,0,0,0,0,0,0,0,0,0,0,0,0,0,0,0,0,0,0,0,0,0,0,0,0,0,0,0,0,0,0
"XH18-09539 1",0,0,0,0,0,0,0,0,0,0,0,0,0,0,0,0,0,0,0,0,0,0,0,0,0,0,0,0,0,0,0,0,0,0,0,0,0,0,0,0,0,0,0,0,0,0,0,0,0,0,0,0,0,0,0,0,0,0,0,0,0,0,0,0,0,0,0,0,0,0,0,0,0,0,0,0,0,0,0,0,0,0,0,0,0,0,0,0,0,0,0,0,0,0,0,0,0,0,0,0,0,0,0,0,0,0,0,0,0,0,0,0,0,0,0,0,0,0,0,0,0,0,0,0,0,0,0,0,0,0,0,0,0,0,0,0,0,0,0,0,0,0,0,0,0,0,0,0,0,0,0,0,0,0,0,0,0,0,0,0,0,0,0,0,0,0,0,0,0,0,0,0,0,0,0,0,0,0,0,0,0,0,0,0,0,0,0,0,0,0,0,0,0,0,0,0,0,0,0,0,0,0,0,0,0,0,0,0,0,0,0,0,0,0,0,0,0,0,0,0,0,0,0,0,0,0,0,0,0,0,0,0,0,0,0,0,0,0,0,0,0,0,0,0,0,0,0,0,0,0,0,0,0,0,0,0,0,0,0,0,0,0,0,0,0,0,0,0,0,0,0,0,0,0,0,0,0,0,0,0,0,0,0,0,0,0,0,0,0,0,0,0,0,0,0,0,0,0,0,0,0,0,0,0,0,0,0,0,0,0,0,0,0,0,0,0,0,0,0,0,0,0,0,0,0,0,0,0,0,0,0,0,0,0,0,0,0,0,0,0,0,0,0,0,0,0,0,0
"XH18-09539 2",0,0,0,0,0,0,0,0,0,0,0,0,0,0,0,0,0,0,0,0,0,0,0,0,0,0,0,0,0,0,0,0,0,0,0,0,0,0,0,0,0,0,0,0,0,0,0,0,0,0,0,0,0,0,0,0,0,0,0,0,0,0,0,0,0,0,0,0,0,0,0,0,0,0,0,0,0,0,0,0,0,0,0,0,0,0,0,0,0,0,0,0,0,0,0,0,0,0,0,0,0,0,0,0,0,0,0,0,0,0,0,0,0,0,0,0,0,0,0,0,0,0,0,0,0,0,0,0,0,0,0,0,0,0,0,0,0,0,0,0,0,0,0,0,0,0,0,0,0,0,0,0,0,0,0,0,0,0,0,0,0,0,0,0,0,0,0,0,0,0,0,0,0,0,0,0,0,0,0,0,0,0,0,0,0,0,0,0,0,0,0,0,0,0,0,0,0,0,0,0,0,0,0,0,0,0,0,0,0,0,0,0,0,0,0,0,0,0,0,0,0,0,0,0,0,0,0,0,0,0,0,0,0,0,0,0,0,0,0,0,0,0,0,0,0,0,0,0,0,0,0,0,0,0,0,0,0,0,0,0,0,0,0,0,0,0,0,0,0,0,0,0,0,0,0,0,0,0,0,0,0,0,0,0,0,0,0,0,0,0,0,0,0,0,0,0,0,0,0,0,0,0,0,0,0,0,0,0,0,0,0,0,0,0,0,0,0,0,0,0,0,0,0,0,0,0,0,0,0,0,0,0,0,0,0,0,0,0,0,0,0,0,0,0,0,0,0,0
"XH18-14173 1",0,0,0,0,0,0,0,0,0,0,0,0,0,0,0,0,0,0,0,0,0,0,0,0,0,0,0,0,0,0,0,0,0,0,0,0,0,0,0,0,0,0,0,0,0,0,0,0,0,0,0,0,0,0,0,0,0,0,0,0,0,0,0,0,0,0,0,0,0,0,0,0,0,0,0,0,0,0,0,0,0,0,0,0,0,0,0,0,0,0,0,0,0,0,0,0,0,0,0,0,0,0,0,0,0,0,0,0,0,0,0,0,0,0,0,0,0,0,0,0,0,0,0,0,0,0,0,0,0,0,0,0,0,0,0,0,0,0,0,0,0,0,0,0,0,0,0,0,0,0,0,0,0,0,0,0,0,0,0,0,0,0,0,0,0,0,0,0,0,0,0,0,0,0,0,0,0,0,0,0,0,0,0,0,0,0,0,0,0,0,0,0,0,0,0,0,0,0,0,0,0,0,0,0,0,0,0,0,0,0,0,0,0,0,0,0,0,0,0,0,0,0,0,0,0,0,0,0,0,0,0,0,0,0,0,0,0,0,0,0,0,0,0,0,0,0,0,0,0,0,0,0,0,0,0,0,0,0,0,0,0,0,0,0,0,0,0,0,0,0,0,0,0,0,0,0,0,0,0,0,0,0,0,0,0,0,0,0,0,0,0,0,0,0,0,0,0,0,0,0,0,0,0,0,0,0,0,0,0,0,0,0,0,0,0,0,0,0,0,0,0,0,0,0,0,0,0,0,0,0,0,0,0,0,0,0,0,0,0,0,0,0,0,0,0,0,0,0
"XH18-14173 2",0,0,0,0,0,0,0,0,0,0,0,0,0,0,0,0,0,0,0,0,0,0,0,0,0,0,0,0,0,0,0,0,0,0,0,0,0,0,0,0,0,0,0,0,0,0,0,0,0,0,0,0,0,0,0,0,0,0,0,0,0,0,0,0,0,0,0,0,0,0,0,0,0,0,0,0,0,0,0,0,0,0,0,0,0,0,0,0,0,0,0,0,0,0,0,0,0,0,0,0,0,0,0,0,0,0,0,0,0,0,0,0,0,0,0,0,0,0,0,0,0,0,0,0,0,0,0,0,0,0,0,0,0,0,0,0,0,0,0,0,0,0,0,0,0,0,0,0,0,0,0,0,0,0,0,0,0,0,0,0,0,0,0,0,0,0,0,0,0,0,0,0,0,0,0,0,0,0,0,0,0,0,0,0,0,0,0,0,0,0,0,0,0,0,0,0,0,0,0,0,0,0,0,0,0,0,0,0,0,0,0,0,0,0,0,0,0,0,0,0,0,0,0,0,0,0,0,0,0,0,0,0,0,0,0,0,0,0,0,0,0,0,0,0,0,0,0,0,0,0,0,0,0,0,0,0,0,0,0,0,0,0,0,0,0,0,0,0,0,0,0,0,0,0,0,0,0,0,0,0,0,0,0,0,0,0,0,0,0,0,0,0,0,0,0,0,0,0,0,0,0,0,0,0,0,0,0,0,0,0,0,0,0,0,0,0,0,0,0,0,0,0,0,0,0,0,0,0,0,0,0,0,0,0,0,0,0,0,0,0,0,0,0,0,0,0,0,0
"XH19-01267 1",0,0,0,0,0,0,0,0,0,0,0,0,0,0,0,0,0,0,0,0,0,0,0,0,0,0,0,0,0,0,0,0,0,0,0,0,0,0,0,0,0,0,0,0,0,0,0,0,0,0,0,0,0,0,0,0,0,0,0,0,0,0,0,0,0,0,0,0,0,0,0,0,0,0,0,0,0,0,0,0,0,0,0,0,0,0,0,0,0,0,0,0,0,0,0,0,0,0,0,0,0,0,0,0,0,0,0,0,0,0,0,0,0,0,0,0,0,0,0,0,0,0,0,0,0,0,0,0,0,0,0,0,0,0,0,0,0,0,0,0,0,0,0,0,0,0,0,0,0,0,0,0,0,0,0,0,0,0,0,0,0,0,0,0,0,0,0,0,0,0,0,0,0,0,0,0,0,0,0,0,0,0,0,0,0,0,0,0,0,0,0,0,0,0,0,0,0,0,0,0,0,0,0,0,0,0,0,0,0,0,0,0,0,0,0,0,0,0,0,0,0,0,0,0,0,0,0,0,0,0,0,0,0,0,0,0,0,0,0,0,0,0,0,0,0,0,0,0,0,0,0,0,0,0,0,0,0,0,0,0,0,0,0,0,0,0,0,0,0,0,0,0,0,0,0,0,0,0,0,0,0,0,0,0,0,0,0,0,0,0,0,0,0,0,0,0,0,0,0,0,0,0,0,0,0,0,0,0,0,0,0,0,0,0,0,0,0,0,0,0,0,0,0,0,0,0,0,0,0,0,0,0,0,0,0,0,0,0,0,0,0,0,0,0,0,0,0,0
"XH19-01267 2",0,0,0,0,0,0,0,0,0,0,0,0,0,0,0,0,0,0,0,0,0,0,0,0,0,0,0,0,0,0,0,0,0,0,0,0,0,0,0,0,0,0,0,0,0,0,0,0,0,0,0,0,0,0,0,0,0,0,0,0,0,0,0,0,0,0,0,0,0,0,0,0,0,0,0,0,0,0,0,0,0,0,0,0,0,0,0,0,0,0,0,0,0,0,0,0,0,0,0,0,0,0,0,0,0,0,0,0,0,0,0,0,0,0,0,0,0,0,0,0,0,0,0,0,0,0,0,0,0,0,0,0,0,0,0,0,0,0,0,0,0,0,0,0,0,0,0,0,0,0,0,0,0,0,0,0,0,0,0,0,0,0,0,0,0,0,0,0,0,0,0,0,0,0,0,0,0,0,0,0,0,0,0,0,0,0,0,0,0,0,0,0,0,0,0,0,0,0,0,0,0,0,0,0,0,0,0,0,0,0,0,0,0,0,0,0,0,0,0,0,0,0,0,0,0,0,0,0,0,0,0,0,0,0,0,0,0,0,0,0,0,0,0,0,0,0,0,0,0,0,0,0,0,0,0,0,0,0,0,0,0,0,0,0,0,0,0,0,0,0,0,0,0,0,0,0,0,0,0,0,0,0,0,0,0,0,0,0,0,0,0,0,0,0,0,0,0,0,0,0,0,0,0,0,0,0,0,0,0,0,0,0,0,0,0,0,0,0,0,0,0,0,0,0,0,0,0,0,0,0,0,0,0,0,0,0,0,0,0,0,0,0,0,0,0,0,0,0
"XH19-08240 1",0,0,0,0,0,0,0,0,0,0,0,0,0,0,0,0,0,0,0,0,0,0,0,0,0,0,0,0,0,0,0,0,0,0,0,0,0,0,0,0,0,0,0,0,0,0,0,0,0,0,0,0,0,0,0,0,0,0,0,0,0,0,0,0,0,0,0,0,0,0,0,0,0,0,0,0,0,0,0,0,0,0,0,0,0,0,0,0,0,0,0,0,0,0,0,0,0,0,0,0,0,0,0,0,0,0,0,0,0,0,0,0,0,0,0,0,0,0,0,0,0,0,0,0,0,0,0,0,0,0,0,0,0,0,0,0,0,0,0,0,0,0,0,0,0,0,0,0,0,0,0,0,0,0,0,0,0,0,0,0,0,0,0,0,0,0,0,0,0,0,0,0,0,0,0,0,0,0,0,0,0,0,0,0,0,0,0,0,0,0,0,0,0,0,0,0,0,0,0,0,0,0,0,0,0,0,0,0,0,0,0,0,0,0,0,0,0,0,0,0,0,0,0,0,0,0,0,0,0,0,0,0,0,0,0,0,0,0,0,0,0,0,0,0,0,0,0,0,0,0,0,0,0,0,0,0,0,0,0,0,0,0,0,0,0,0,0,0,0,0,0,0,0,0,0,0,0,0,0,0,0,0,0,0,0,0,0,0,0,0,0,0,0,0,0,0,0,0,0,0,0,0,0,0,0,0,0,0,0,0,0,0,0,0,0,0,0,0,0,0,0,0,0,0,0,0,0,0,0,0,0,0,0,0,0,0,0,0,0,0,0,0,0,0,0,0,0,0
"XH19-08240 2",0,0,0,0,0,0,0,0,0,0,0,0,0,0,0,0,0,0,0,0,0,0,0,0,0,0,0,0,0,0,0,0,0,0,0,0,0,0,0,0,0,0,0,0,0,0,0,0,0,0,0,0,0,0,0,0,0,0,0,0,0,0,0,0,0,0,0,0,0,0,0,0,0,0,0,0,0,0,0,0,0,0,0,0,0,0,0,0,0,0,0,0,0,0,0,0,0,0,0,0,0,0,0,0,0,0,0,0,0,0,0,0,0,0,0,0,0,0,0,0,0,0,0,0,0,0,0,0,0,0,0,0,0,0,0,0,0,0,0,0,0,0,0,0,0,0,0,0,0,0,0,0,0,0,0,0,0,0,0,0,0,0,0,0,0,0,0,0,0,0,0,0,0,0,0,0,0,0,0,0,0,0,0,0,0,0,0,0,0,0,0,0,0,0,0,0,0,0,0,0,0,0,0,0,0,0,0,0,0,0,0,0,0,0,0,0,0,0,0,0,0,0,0,0,0,0,0,0,0,0,0,0,0,0,0,0,0,0,0,0,0,0,0,0,0,0,0,0,0,0,0,0,0,0,0,0,0,0,0,0,0,0,0,0,0,0,0,0,0,0,0,0,0,0,0,0,0,0,0,0,0,0,0,0,0,0,0,0,0,0,0,0,0,0,0,0,0,0,0,0,0,0,0,0,0,0,0,0,0,0,0,0,0,0,0,0,0,0,0,0,0,0,0,0,0,0,0,0,0,0,0,0,0,0,0,0,0,0,0,0,0,0,0,0,0,0,0,0
"XH19-16710 1",0,0,0,0,0,0,0,0,0,0,0,0,0,0,0,0,0,0,0,0,0,0,0,0,0,0,0,0,0,0,0,0,0,0,0,0,0,0,0,0,0,0,0,0,0,0,0,0,0,0,0,0,0,0,0,0,0,0,0,0,0,0,0,0,0,0,0,0,0,0,0,0,0,0,0,0,0,0,0,0,0,0,0,0,0,0,0,0,0,0,0,0,0,0,0,0,0,0,0,0,0,0,0,0,0,0,0,0,0,0,0,0,0,0,0,0,0,0,0,0,0,0,0,0,0,0,0,0,0,0,0,0,0,0,0,0,0,0,0,0,0,0,0,0,0,0,0,0,0,0,0,0,0,0,0,0,0,0,0,0,0,0,0,0,0,0,0,0,0,0,0,0,0,0,0,0,0,0,0,0,0,0,0,0,0,0,0,0,0,0,0,0,0,0,0,0,0,0,0,0,0,0,0,0,0,0,0,0,0,0,0,0,0,0,0,0,0,0,0,0,0,0,0,0,0,0,0,0,0,0,0,0,0,0,0,0,0,0,0,0,0,0,0,0,0,0,0,0,0,0,0,0,0,0,0,0,0,0,0,0,0,0,0,0,0,0,0,0,0,0,0,0,0,0,0,0,0,0,0,0,0,0,0,0,0,0,0,0,0,0,0,0,0,0,0,0,0,0,0,0,0,0,0,0,0,0,0,0,0,0,0,0,0,0,0,0,0,0,0,0,0,0,0,0,0,0,0,0,0,0,0,0,0,0,0,0,0,0,0,0,0,0,0,0,0,0,0,0
"XH19-16710 2",0,0,0,0,0,0,0,0,0,0,0,0,0,0,0,0,0,0,0,0,0,0,0,0,0,0,0,0,0,0,0,0,0,0,0,0,0,0,0,0,0,0,0,0,0,0,0,0,0,0,0,0,0,0,0,0,0,0,0,0,0,0,0,0,0,0,0,0,0,0,0,0,0,0,0,0,0,0,0,0,0,0,0,0,0,0,0,0,0,0,0,0,0,0,0,0,0,0,0,0,0,0,0,0,0,0,0,0,0,0,0,0,0,0,0,0,0,0,0,0,0,0,0,0,0,0,0,0,0,0,0,0,0,0,0,0,0,0,0,0,0,0,0,0,0,0,0,0,0,0,0,0,0,0,0,0,0,0,0,0,0,0,0,0,0,0,0,0,0,0,0,0,0,0,0,0,0,0,0,0,0,0,0,0,0,0,0,0,0,0,0,0,0,0,0,0,0,0,0,0,0,0,0,0,0,0,0,0,0,0,0,0,0,0,0,0,0,0,0,0,0,0,0,0,0,0,0,0,0,0,0,0,0,0,0,0,0,0,0,0,0,0,0,0,0,0,0,0,0,0,0,0,0,0,0,0,0,0,0,0,0,0,0,0,0,0,0,0,0,0,0,0,0,0,0,0,0,0,0,0,0,0,0,0,0,0,0,0,0,0,0,0,0,0,0,0,0,0,0,0,0,0,0,0,0,0,0,0,0,0,0,0,0,0,0,0,0,0,0,0,0,0,0,0,0,0,0,0,0,0,0,0,0,0,0,0,0,0,0,0,0,0,0,0,0,0,0,0
"XH19-17342 1",0,0,0,0,0,0,0,0,0,0,0,0,0,0,0,0,0,0,0,0,0,0,0,0,0,0,0,0,0,0,0,0,0,0,0,0,0,0,0,0,0,0,0,0,0,0,0,0,0,0,0,0,0,0,0,0,0,0,0,0,0,0,0,0,0,0,0,0,0,0,0,0,0,0,0,0,0,0,0,0,0,0,0,0,0,0,0,0,0,0,0,0,0,0,0,0,0,0,0,0,0,0,0,0,0,0,0,0,0,0,0,0,0,0,0,0,0,0,0,0,0,0,0,0,0,0,0,0,0,0,0,0,0,0,0,0,0,0,0,0,0,0,0,0,0,0,0,0,0,0,0,0,0,0,0,0,0,0,0,0,0,0,0,0,0,0,0,0,0,0,0,0,0,0,0,0,0,0,0,0,0,0,0,0,0,0,0,0,0,0,0,0,0,0,0,0,0,0,0,0,0,0,0,0,0,0,0,0,0,0,0,0,0,0,0,0,0,0,0,0,0,0,0,0,0,0,0,0,0,0,0,0,0,0,0,0,0,0,0,0,0,0,0,0,0,0,0,0,0,0,0,0,0,0,0,0,0,0,0,0,0,0,0,0,0,0,0,0,0,0,0,0,0,0,0,0,0,0,0,0,0,0,0,0,0,0,0,0,0,0,0,0,0,0,0,0,0,0,0,0,0,0,0,0,0,0,0,0,0,0,0,0,0,0,0,0,0,0,0,0,0,0,0,0,0,0,0,0,0,0,0,0,0,0,0,0,0,0,0,0,0,0,0,0,0,0,0,0
"XH19-17591 1",0,0,0,0,0,0,0,0,0,0,0,0,0,0,0,0,0,0,0,0,0,0,0,0,0,0,0,0,0,0,0,0,0,0,0,0,0,0,0,0,0,0,0,0,0,0,0,0,0,0,0,0,0,0,0,0,0,0,0,0,0,0,0,0,0,0,0,0,0,0,0,0,0,0,0,0,0,0,0,0,0,0,0,0,0,0,0,0,0,0,0,0,0,0,0,0,0,0,0,0,0,0,0,0,0,0,0,0,0,0,0,0,0,0,0,0,0,0,0,0,0,0,0,0,0,0,0,0,0,0,0,0,0,0,0,0,0,0,0,0,0,0,0,0,0,0,0,0,0,0,0,0,0,0,0,0,0,0,0,0,0,0,0,0,0,0,0,0,0,0,0,0,0,0,0,0,0,0,0,0,0,0,0,0,0,0,0,0,0,0,0,0,0,0,0,0,0,0,0,0,0,0,0,0,0,0,0,0,0,0,0,0,0,0,0,0,0,0,0,0,0,0,0,0,0,0,0,0,0,0,0,0,0,0,0,0,0,0,0,0,0,0,0,0,0,0,0,0,0,0,0,0,0,0,0,0,0,0,0,0,0,0,0,0,0,0,0,0,0,0,0,0,0,0,0,0,0,0,0,0,0,0,0,0,0,0,0,0,0,0,0,0,0,0,0,0,0,0,0,0,0,0,0,0,0,0,0,0,0,0,0,0,0,0,0,0,0,0,0,0,0,0,0,0,0,0,0,0,0,0,0,0,0,0,0,0,0,0,0,0,0,0,0,0,0,0,0,0
"XH19-17591 2",0,0,0,0,0,0,0,0,0,0,0,0,0,0,0,0,0,0,0,0,0,0,0,0,0,0,0,0,0,0,0,0,0,0,0,0,0,0,0,0,0,0,0,0,0,0,0,0,0,0,0,0,0,0,0,0,0,0,0,0,0,0,0,0,0,0,0,0,0,0,0,0,0,0,0,0,0,0,0,0,0,0,0,0,0,0,0,0,0,0,0,0,0,0,0,0,0,0,0,0,0,0,0,0,0,0,0,0,0,0,0,0,0,0,0,0,0,0,0,0,0,0,0,0,0,0,0,0,0,0,0,0,0,0,0,0,0,0,0,0,0,0,0,0,0,0,0,0,0,0,0,0,0,0,0,0,0,0,0,0,0,0,0,0,0,0,0,0,0,0,0,0,0,0,0,0,0,0,0,0,0,0,0,0,0,0,0,0,0,0,0,0,0,0,0,0,0,0,0,0,0,0,0,0,0,0,0,0,0,0,0,0,0,0,0,0,0,0,0,0,0,0,0,0,0,0,0,0,0,0,0,0,0,0,0,0,0,0,0,0,0,0,0,0,0,0,0,0,0,0,0,0,0,0,0,0,0,0,0,0,0,0,0,0,0,0,0,0,0,0,0,0,0,0,0,0,0,0,0,0,0,0,0,0,0,0,0,0,0,0,0,0,0,0,0,0,0,0,0,0,0,0,0,0,0,0,0,0,0,0,0,0,0,0,0,0,0,0,0,0,0,0,0,0,0,0,0,0,0,0,0,0,0,0,0,0,0,0,0,0,0,0,0,0,0,0,0,0
"XH21-20855 1",0,0,0,0,0,0,0,0,0,0,0,0,0,0,0,0,0,0,0,0,0,0,0,0,0,0,0,0,0,0,0,0,0,0,0,0,0,0,0,0,0,0,0,0,0,0,0,0,0,0,0,0,0,0,0,0,0,0,0,0,0,0,0,0,0,0,0,0,0,0,0,0,0,0,0,0,0,0,0,0,0,0,0,0,0,0,0,0,0,0,0,0,0,0,0,0,0,0,0,0,0,0,0,0,0,0,0,0,0,0,0,0,0,0,0,0,0,0,0,0,0,0,0,0,0,0,0,0,0,0,0,0,0,0,0,0,0,0,0,0,0,0,0,0,0,0,0,0,0,0,0,0,0,0,0,0,0,0,0,0,0,0,0,0,0,0,0,0,0,0,0,0,0,0,0,0,0,0,0,0,0,0,0,0,0,0,0,0,0,0,0,0,0,0,0,0,0,0,0,0,0,0,0,0,0,0,0,0,0,0,0,0,0,0,0,0,0,0,0,0,0,0,0,0,0,0,0,0,0,0,0,0,0,0,0,0,0,0,0,0,0,0,0,0,0,0,0,0,0,0,0,0,0,0,0,0,0,0,0,0,0,0,0,0,0,0,0,0,0,0,0,0,0,0,0,0,0,0,0,0,0,0,0,0,0,0,0,0,0,0,0,0,0,0,0,0,0,0,0,0,0,0,0,0,0,0,0,0,0,0,0,0,0,0,0,0,0,0,0,0,0,0,0,0,0,0,0,0,0,0,0,0,0,0,0,0,0,0,0,0,0,0,0,0,0,0,0,0
"XH21-20855 2",0,0,0,0,0,0,0,0,0,0,0,0,0,0,0,0,0,0,0,0,0,0,0,0,0,0,0,0,0,0,0,0,0,0,0,0,0,0,0,0,0,0,0,0,0,0,0,0,0,0,0,0,0,0,0,0,0,0,0,0,0,0,0,0,0,0,0,0,0,0,0,0,0,0,0,0,0,0,0,0,0,0,0,0,0,0,0,0,0,0,0,0,0,0,0,0,0,0,0,0,0,0,0,0,0,0,0,0,0,0,0,0,0,0,0,0,0,0,0,0,0,0,0,0,0,0,0,0,0,0,0,0,0,0,0,0,0,0,0,0,0,0,0,0,0,0,0,0,0,0,0,0,0,0,0,0,0,0,0,0,0,0,0,0,0,0,0,0,0,0,0,0,0,0,0,0,0,0,0,0,0,0,0,0,0,0,0,0,0,0,0,0,0,0,0,0,0,0,0,0,0,0,0,0,0,0,0,0,0,0,0,0,0,0,0,0,0,0,0,0,0,0,0,0,0,0,0,0,0,0,0,0,0,0,0,0,0,0,0,0,0,0,0,0,0,0,0,0,0,0,0,0,0,0,0,0,0,0,0,0,0,0,0,0,0,0,0,0,0,0,0,0,0,0,0,0,0,0,0,0,0,0,0,0,0,0,0,0,0,0,0,0,0,0,0,0,0,0,0,0,0,0,0,0,0,0,0,0,0,0,0,0,0,0,0,0,0,0,0,0,0,0,0,0,0,0,0,0,0,0,0,0,0,0,0,0,0,0,0,0,0,0,0,0,0,0,0,0
"XH22-04453 1",0,0,0,0,0,0,0,0,0,0,0,0,0,0,0,0,0,0,0,0,0,0,0,0,0,0,0,0,0,0,0,0,0,0,0,0,0,0,0,0,0,0,0,0,0,0,0,0,0,0,0,0,0,0,0,0,0,0,0,0,0,0,0,0,0,0,0,0,0,0,0,0,0,0,0,0,0,0,0,0,0,0,0,0,0,0,0,0,0,0,0,0,0,0,0,0,0,0,0,0,0,0,0,0,0,0,0,0,0,0,0,0,0,0,0,0,0,0,0,0,0,0,0,0,0,0,0,0,0,0,0,0,0,0,0,0,0,0,0,0,0,0,0,0,0,0,0,0,0,0,0,0,0,0,0,0,0,0,0,0,0,0,0,0,0,0,0,0,0,0,0,0,0,0,0,0,0,0,0,0,0,0,0,0,0,0,0,0,0,0,0,0,0,0,0,0,0,0,0,0,0,0,0,0,0,0,0,0,0,0,0,0,0,0,0,0,0,0,0,0,0,0,0,0,0,0,0,0,0,0,0,0,0,0,0,0,0,0,0,0,0,0,0,0,0,0,0,0,0,0,0,0,0,0,0,0,0,0,0,0,0,0,0,0,0,0,0,0,0,0,0,0,0,0,0,0,0,0,0,0,0,0,0,0,0,0,0,0,0,0,0,0,0,0,0,0,0,0,0,0,0,0,0,0,0,0,0,0,0,0,0,0,0,0,0,0,0,0,0,0,0,0,0,0,0,0,0,0,0,0,0,0,0,0,0,0,0,0,0,0,0,0,0,0,0,0,0,0
"XH22-04453 2",0,0,0,0,0,0,0,0,0,0,0,0,0,0,0,0,0,0,0,0,0,0,0,0,0,0,0,0,0,0,0,0,0,0,0,0,0,0,0,0,0,0,0,0,0,0,0,0,0,0,0,0,0,0,0,0,0,0,0,0,0,0,0,0,0,0,0,0,0,0,0,0,0,0,0,0,0,0,0,0,0,0,0,0,0,0,0,0,0,0,0,0,0,0,0,0,0,0,0,0,0,0,0,0,0,0,0,0,0,0,0,0,0,0,0,0,0,0,0,0,0,0,0,0,0,0,0,0,0,0,0,0,0,0,0,0,0,0,0,0,0,0,0,0,0,0,0,0,0,0,0,0,0,0,0,0,0,0,0,0,0,0,0,0,0,0,0,0,0,0,0,0,0,0,0,0,0,0,0,0,0,0,0,0,0,0,0,0,0,0,0,0,0,0,0,0,0,0,0,0,0,0,0,0,0,0,0,0,0,0,0,0,0,0,0,0,0,0,0,0,0,0,0,0,0,0,0,0,0,0,0,0,0,0,0,0,0,0,0,0,0,0,0,0,0,0,0,0,0,0,0,0,0,0,0,0,0,0,0,0,0,0,0,0,0,0,0,0,0,0,0,0,0,0,0,0,0,0,0,0,0,0,0,0,0,0,0,0,0,0,0,0,0,0,0,0,0,0,0,0,0,0,0,0,0,0,0,0,0,0,0,0,0,0,0,0,0,0,0,0,0,0,0,0,0,0,0,0,0,0,0,0,0,0,0,0,0,0,0,0,0,0,0,0,0,0,0,0
"XH22-08601 1",0,0,0,0,0,0,0,0,0,0,0,0,0,0,0,0,0,0,0,0,0,0,0,0,0,0,0,0,0,0,0,0,0,0,0,0,0,0,0,0,0,0,0,0,0,0,0,0,0,0,0,0,0,0,0,0,0,0,0,0,0,0,0,0,0,0,0,0,0,0,0,0,0,0,0,0,0,0,0,0,0,0,0,0,0,0,0,0,0,0,0,0,0,0,0,0,0,0,0,0,0,0,0,0,0,0,0,0,0,0,0,0,0,0,0,0,0,0,0,0,0,0,0,0,0,0,0,0,0,0,0,0,0,0,0,0,0,0,0,0,0,0,0,0,0,0,0,0,0,0,0,0,0,0,0,0,0,0,0,0,0,0,0,0,0,0,0,0,0,0,0,0,0,0,0,0,0,0,0,0,0,0,0,0,0,0,0,0,0,0,0,0,0,0,0,0,0,0,0,0,0,0,0,0,0,0,0,0,0,0,0,0,0,0,0,0,0,0,0,0,0,0,0,0,0,0,0,0,0,0,0,0,0,0,0,0,0,0,0,0,0,0,0,0,0,0,0,0,0,0,0,0,0,0,0,0,0,0,0,0,0,0,0,0,0,0,0,0,0,0,0,0,0,0,0,0,0,0,0,0,0,0,0,0,0,0,0,0,0,0,0,0,0,0,0,0,0,0,0,0,0,0,0,0,0,0,0,0,0,0,0,0,0,0,0,0,0,0,0,0,0,0,0,0,0,0,0,0,0,0,0,0,0,0,0,0,0,0,0,0,0,0,0,0,0,0,0,0
"XH22-08601 2",0,0,0,0,0,0,0,0,0,0,0,0,0,0,0,0,0,0,0,0,0,0,0,0,0,0,0,0,0,0,0,0,0,0,0,0,0,0,0,0,0,0,0,0,0,0,0,0,0,0,0,0,0,0,0,0,0,0,0,0,0,0,0,0,0,0,0,0,0,0,0,0,0,0,0,0,0,0,0,0,0,0,0,0,0,0,0,0,0,0,0,0,0,0,0,0,0,0,0,0,0,0,0,0,0,0,0,0,0,0,0,0,0,0,0,0,0,0,0,0,0,0,0,0,0,0,0,0,0,0,0,0,0,0,0,0,0,0,0,0,0,0,0,0,0,0,0,0,0,0,0,0,0,0,0,0,0,0,0,0,0,0,0,0,0,0,0,0,0,0,0,0,0,0,0,0,0,0,0,0,0,0,0,0,0,0,0,0,0,0,0,0,0,0,0,0,0,0,0,0,0,0,0,0,0,0,0,0,0,0,0,0,0,0,0,0,0,0,0,0,0,0,0,0,0,0,0,0,0,0,0,0,0,0,0,0,0,0,0,0,0,0,0,0,0,0,0,0,0,0,0,0,0,0,0,0,0,0,0,0,0,0,0,0,0,0,0,0,0,0,0,0,0,0,0,0,0,0,0,0,0,0,0,0,0,0,0,0,0,0,0,0,0,0,0,0,0,0,0,0,0,0,0,0,0,0,0,0,0,0,0,0,0,0,0,0,0,0,0,0,0,0,0,0,0,0,0,0,0,0,0,0,0,0,0,0,0,0,0,0,0,0,0,0,0,0,0,0
"XH22-13097 1",0,0,0,0,0,0,0,0,0,0,0,0,0,0,0,0,0,0,0,0,0,0,0,0,0,0,0,0,0,0,0,0,0,0,0,0,0,0,0,0,0,0,0,0,0,0,0,0,0,0,0,0,0,0,0,0,0,0,0,0,0,0,0,0,0,0,0,0,0,0,0,0,0,0,0,0,0,0,0,0,0,0,0,0,0,0,0,0,0,0,0,0,0,0,0,0,0,0,0,0,0,0,0,0,0,0,0,0,0,0,0,0,0,0,0,0,0,0,0,0,0,0,0,0,0,0,0,0,0,0,0,0,0,0,0,0,0,0,0,0,0,0,0,0,0,0,0,0,0,0,0,0,0,0,0,0,0,0,0,0,0,0,0,0,0,0,0,0,0,0,0,0,0,0,0,0,0,0,0,0,0,0,0,0,0,0,0,0,0,0,0,0,0,0,0,0,0,0,0,0,0,0,0,0,0,0,0,0,0,0,0,0,0,0,0,0,0,0,0,0,0,0,0,0,0,0,0,0,0,0,0,0,0,0,0,0,0,0,0,0,0,0,0,0,0,0,0,0,0,0,0,0,0,0,0,0,0,0,0,0,0,0,0,0,0,0,0,0,0,0,0,0,0,0,0,0,0,0,0,0,0,0,0,0,0,0,0,0,0,0,0,0,0,0,0,0,0,0,0,0,0,0,0,0,0,0,0,0,0,0,0,0,0,0,0,0,0,0,0,0,0,0,0,0,0,0,0,0,0,0,0,0,0,0,0,0,0,0,0,0,0,0,0,0,0,0,0,0
"XH22-13097 2",0,0,0,0,0,0,0,0,0,0,0,0,0,0,0,0,0,0,0,0,0,0,0,0,0,0,0,0,0,0,0,0,0,0,0,0,0,0,0,0,0,0,0,0,0,0,0,0,0,0,0,0,0,0,0,0,0,0,0,0,0,0,0,0,0,0,0,0,0,0,0,0,0,0,0,0,0,0,0,0,0,0,0,0,0,0,0,0,0,0,0,0,0,0,0,0,0,0,0,0,0,0,0,0,0,0,0,0,0,0,0,0,0,0,0,0,0,0,0,0,0,0,0,0,0,0,0,0,0,0,0,0,0,0,0,0,0,0,0,0,0,0,0,0,0,0,0,0,0,0,0,0,0,0,0,0,0,0,0,0,0,0,0,0,0,0,0,0,0,0,0,0,0,0,0,0,0,0,0,0,0,0,0,0,0,0,0,0,0,0,0,0,0,0,0,0,0,0,0,0,0,0,0,0,0,0,0,0,0,0,0,0,0,0,0,0,0,0,0,0,0,0,0,0,0,0,0,0,0,0,0,0,0,0,0,0,0,0,0,0,0,0,0,0,0,0,0,0,0,0,0,0,0,0,0,0,0,0,0,0,0,0,0,0,0,0,0,0,0,0,0,0,0,0,0,0,0,0,0,0,0,0,0,0,0,0,0,0,0,0,0,0,0,0,0,0,0,0,0,0,0,0,0,0,0,0,0,0,0,0,0,0,0,0,0,0,0,0,0,0,0,0,0,0,0,0,0,0,0,0,0,0,0,0,0,0,0,0,0,0,0,0,0,0,0,0,0,0
"XH22-17417 1",0,0,0,0,0,0,0,0,0,0,0,0,0,0,0,0,0,0,0,0,0,0,0,0,0,0,0,0,0,0,0,0,0,0,0,0,0,0,0,0,0,0,0,0,0,0,0,0,0,0,0,0,0,0,0,0,0,0,0,0,0,0,0,0,0,0,0,0,0,0,0,0,0,0,0,0,0,0,0,0,0,0,0,0,0,0,0,0,0,0,0,0,0,0,0,0,0,0,0,0,0,0,0,0,0,0,0,0,0,0,0,0,0,0,0,0,0,0,0,0,0,0,0,0,0,0,0,0,0,0,0,0,0,0,0,0,0,0,0,0,0,0,0,0,0,0,0,0,0,0,0,0,0,0,0,0,0,0,0,0,0,0,0,0,0,0,0,0,0,0,0,0,0,0,0,0,0,0,0,0,0,0,0,0,0,0,0,0,0,0,0,0,0,0,0,0,0,0,0,0,0,0,0,0,0,0,0,0,0,0,0,0,0,0,0,0,0,0,0,0,0,0,0,0,0,0,0,0,0,0,0,0,0,0,0,0,0,0,0,0,0,0,0,0,0,0,0,0,0,0,0,0,0,0,0,0,0,0,0,0,0,0,0,0,0,0,0,0,0,0,0,0,0,0,0,0,0,0,0,0,0,0,0,0,0,0,0,0,0,0,0,0,0,0,0,0,0,0,0,0,0,0,0,0,0,0,0,0,0,0,0,0,0,0,0,0,0,0,0,0,0,0,0,0,0,0,0,0,0,0,0,0,0,0,0,0,0,0,0,0,0,0,0,0,0,0,0,0
"XH22-17417 2",0,0,0,0,0,0,0,0,0,0,0,0,0,0,0,0,0,0,0,0,0,0,0,0,0,0,0,0,0,0,0,0,0,0,0,0,0,0,0,0,0,0,0,0,0,0,0,0,0,0,0,0,0,0,0,0,0,0,0,0,0,0,0,0,0,0,0,0,0,0,0,0,0,0,0,0,0,0,0,0,0,0,0,0,0,0,0,0,0,0,0,0,0,0,0,0,0,0,0,0,0,0,0,0,0,0,0,0,0,0,0,0,0,0,0,0,0,0,0,0,0,0,0,0,0,0,0,0,0,0,0,0,0,0,0,0,0,0,0,0,0,0,0,0,0,0,0,0,0,0,0,0,0,0,0,0,0,0,0,0,0,0,0,0,0,0,0,0,0,0,0,0,0,0,0,0,0,0,0,0,0,0,0,0,0,0,0,0,0,0,0,0,0,0,0,0,0,0,0,0,0,0,0,0,0,0,0,0,0,0,0,0,0,0,0,0,0,0,0,0,0,0,0,0,0,0,0,0,0,0,0,0,0,0,0,0,0,0,0,0,0,0,0,0,0,0,0,0,0,0,0,0,0,0,0,0,0,0,0,0,0,0,0,0,0,0,0,0,0,0,0,0,0,0,0,0,0,0,0,0,0,0,0,0,0,0,0,0,0,0,0,0,0,0,0,0,0,0,0,0,0,0,0,0,0,0,0,0,0,0,0,0,0,0,0,0,0,0,0,0,0,0,0,0,0,0,0,0,0,0,0,0,0,0,0,0,0,0,0,0,0,0,0,0,0,0,0,0
"XH22-17953 2",0,0,0,0,0,0,0,0,0,0,0,0,0,0,0,0,0,0,0,0,0,0,0,0,0,0,0,0,0,0,0,0,0,0,0,0,0,0,0,0,0,0,0,0,0,0,0,0,0,0,0,0,0,0,0,0,0,0,0,0,0,0,0,0,0,0,0,0,0,0,0,0,0,0,0,0,0,0,0,0,0,0,0,0,0,0,0,0,0,0,0,0,0,0,0,0,0,0,0,0,0,0,0,0,0,0,0,0,0,0,0,0,0,0,0,0,0,0,0,0,0,0,0,0,0,0,0,0,0,0,0,0,0,0,0,0,0,0,0,0,0,0,0,0,0,0,0,0,0,0,0,0,0,0,0,0,0,0,0,0,0,0,0,0,0,0,0,0,0,0,0,0,0,0,0,0,0,0,0,0,0,0,0,0,0,0,0,0,0,0,0,0,0,0,0,0,0,0,0,0,0,0,0,0,0,0,0,0,0,0,0,0,0,0,0,0,0,0,0,0,0,0,0,0,0,0,0,0,0,0,0,0,0,0,0,0,0,0,0,0,0,0,0,0,0,0,0,0,0,0,0,0,0,0,0,0,0,0,0,0,0,0,0,0,0,0,0,0,0,0,0,0,0,0,0,0,0,0,0,0,0,0,0,0,0,0,0,0,0,0,0,0,0,0,0,0,0,0,0,0,0,0,0,0,0,0,0,0,0,0,0,0,0,0,0,0,0,0,0,0,0,0,0,0,0,0,0,0,0,0,0,0,0,0,0,0,0,0,0,0,0,0,0,0,0,0,0,0
"XH22-20454 1",0,0,0,0,0,0,0,0,0,0,0,0,0,0,0,0,0,0,0,0,0,0,0,0,0,0,0,0,0,0,0,0,0,0,0,0,0,0,0,0,0,0,0,0,0,0,0,0,0,0,0,0,0,0,0,0,0,0,0,0,0,0,0,0,0,0,0,0,0,0,0,0,0,0,0,0,0,0,0,0,0,0,0,0,0,0,0,0,0,0,0,0,0,0,0,0,0,0,0,0,0,0,0,0,0,0,0,0,0,0,0,0,0,0,0,0,0,0,0,0,0,0,0,0,0,0,0,0,0,0,0,0,0,0,0,0,0,0,0,0,0,0,0,0,0,0,0,0,0,0,0,0,0,0,0,0,0,0,0,0,0,0,0,0,0,0,0,0,0,0,0,0,0,0,0,0,0,0,0,0,0,0,0,0,0,0,0,0,0,0,0,0,0,0,0,0,0,0,0,0,0,0,0,0,0,0,0,0,0,0,0,0,0,0,0,0,0,0,0,0,0,0,0,0,0,0,0,0,0,0,0,0,0,0,0,0,0,0,0,0,0,0,0,0,0,0,0,0,0,0,0,0,0,0,0,0,0,0,0,0,0,0,0,0,0,0,0,0,0,0,0,0,0,0,0,0,0,0,0,0,0,0,0,0,0,0,0,0,0,0,0,0,0,0,0,0,0,0,0,0,0,0,0,0,0,0,0,0,0,0,0,0,0,0,0,0,0,0,0,0,0,0,0,0,0,0,0,0,0,0,0,0,0,0,0,0,0,0,0,0,0,0,0,0,0,0,0,0
"XH22-20454 2",0,0,0,0,0,0,0,0,0,0,0,0,0,0,0,0,0,0,0,0,0,0,0,0,0,0,0,0,0,0,0,0,0,0,0,0,0,0,0,0,0,0,0,0,0,0,0,0,0,0,0,0,0,0,0,0,0,0,0,0,0,0,0,0,0,0,0,0,0,0,0,0,0,0,0,0,0,0,0,0,0,0,0,0,0,0,0,0,0,0,0,0,0,0,0,0,0,0,0,0,0,0,0,0,0,0,0,0,0,0,0,0,0,0,0,0,0,0,0,0,0,0,0,0,0,0,0,0,0,0,0,0,0,0,0,0,0,0,0,0,0,0,0,0,0,0,0,0,0,0,0,0,0,0,0,0,0,0,0,0,0,0,0,0,0,0,0,0,0,0,0,0,0,0,0,0,0,0,0,0,0,0,0,0,0,0,0,0,0,0,0,0,0,0,0,0,0,0,0,0,0,0,0,0,0,0,0,0,0,0,0,0,0,0,0,0,0,0,0,0,0,0,0,0,0,0,0,0,0,0,0,0,0,0,0,0,0,0,0,0,0,0,0,0,0,0,0,0,0,0,0,0,0,0,0,0,0,0,0,0,0,0,0,0,0,0,0,0,0,0,0,0,0,0,0,0,0,0,0,0,0,0,0,0,0,0,0,0,0,0,0,0,0,0,0,0,0,0,0,0,0,0,0,0,0,0,0,0,0,0,0,0,0,0,0,0,0,0,0,0,0,0,0,0,0,0,0,0,0,0,0,0,0,0,0,0,0,0,0,0,0,0,0,0,0,0,0,0
"XH22-20769 1",0,0,0,0,0,0,0,0,0,0,0,0,0,0,0,0,0,0,0,0,0,0,0,0,0,0,0,0,0,0,0,0,0,0,0,0,0,0,0,0,0,0,0,0,0,0,0,0,0,0,0,0,0,0,0,0,0,0,0,0,0,0,0,0,0,0,0,0,0,0,0,0,0,0,0,0,0,0,0,0,0,0,0,0,0,0,0,0,0,0,0,0,0,0,0,0,0,0,0,0,0,0,0,0,0,0,0,0,0,0,0,0,0,0,0,0,0,0,0,0,0,0,0,0,0,0,0,0,0,0,0,0,0,0,0,0,0,0,0,0,0,0,0,0,0,0,0,0,0,0,0,0,0,0,0,0,0,0,0,0,0,0,0,0,0,0,0,0,0,0,0,0,0,0,0,0,0,0,0,0,0,0,0,0,0,0,0,0,0,0,0,0,0,0,0,0,0,0,0,0,0,0,0,0,0,0,0,0,0,0,0,0,0,0,0,0,0,0,0,0,0,0,0,0,0,0,0,0,0,0,0,0,0,0,0,0,0,0,0,0,0,0,0,0,0,0,0,0,0,0,0,0,0,0,0,0,0,0,0,0,0,0,0,0,0,0,0,0,0,0,0,0,0,0,0,0,0,0,0,0,0,0,0,0,0,0,0,0,0,0,0,0,0,0,0,0,0,0,0,0,0,0,0,0,0,0,0,0,0,0,0,0,0,0,0,0,0,0,0,0,0,0,0,0,0,0,0,0,0,0,0,0,0,0,0,0,0,0,0,0,0,0,0,0,0,0,0,0
"XH22-20769 2",0,0,0,0,0,0,0,0,0,0,0,0,0,0,0,0,0,0,0,0,0,0,0,0,0,0,0,0,0,0,0,0,0,0,0,0,0,0,0,0,0,0,0,0,0,0,0,0,0,0,0,0,0,0,0,0,0,0,0,0,0,0,0,0,0,0,0,0,0,0,0,0,0,0,0,0,0,0,0,0,0,0,0,0,0,0,0,0,0,0,0,0,0,0,0,0,0,0,0,0,0,0,0,0,0,0,0,0,0,0,0,0,0,0,0,0,0,0,0,0,0,0,0,0,0,0,0,0,0,0,0,0,0,0,0,0,0,0,0,0,0,0,0,0,0,0,0,0,0,0,0,0,0,0,0,0,0,0,0,0,0,0,0,0,0,0,0,0,0,0,0,0,0,0,0,0,0,0,0,0,0,0,0,0,0,0,0,0,0,0,0,0,0,0,0,0,0,0,0,0,0,0,0,0,0,0,0,0,0,0,0,0,0,0,0,0,0,0,0,0,0,0,0,0,0,0,0,0,0,0,0,0,0,0,0,0,0,0,0,0,0,0,0,0,0,0,0,0,0,0,0,0,0,0,0,0,0,0,0,0,0,0,0,0,0,0,0,0,0,0,0,0,0,0,0,0,0,0,0,0,0,0,0,0,0,0,0,0,0,0,0,0,0,0,0,0,0,0,0,0,0,0,0,0,0,0,0,0,0,0,0,0,0,0,0,0,0,0,0,0,0,0,0,0,0,0,0,0,0,0,0,0,0,0,0,0,0,0,0,0,0,0,0,0,0,0,0,0
"XH22-22084 1",0,0,0,0,0,0,0,0,0,0,0,0,0,0,0,0,0,0,0,0,0,0,0,0,0,0,0,0,0,0,0,0,0,0,0,0,0,0,0,0,0,0,0,0,0,0,0,0,0,0,0,0,0,0,0,0,0,0,0,0,0,0,0,0,0,0,0,0,0,0,0,0,0,0,0,0,0,0,0,0,0,0,0,0,0,0,0,0,0,0,0,0,0,0,0,0,0,0,0,0,0,0,0,0,0,0,0,0,0,0,0,0,0,0,0,0,0,0,0,0,0,0,0,0,0,0,0,0,0,0,0,0,0,0,0,0,0,0,0,0,0,0,0,0,0,0,0,0,0,0,0,0,0,0,0,0,0,0,0,0,0,0,0,0,0,0,0,0,0,0,0,0,0,0,0,0,0,0,0,0,0,0,0,0,0,0,0,0,0,0,0,0,0,0,0,0,0,0,0,0,0,0,0,0,0,0,0,0,0,0,0,0,0,0,0,0,0,0,0,0,0,0,0,0,0,0,0,0,0,0,0,0,0,0,0,0,0,0,0,0,0,0,0,0,0,0,0,0,0,0,0,0,0,0,0,0,0,0,0,0,0,0,0,0,0,0,0,0,0,0,0,0,0,0,0,0,0,0,0,0,0,0,0,0,0,0,0,0,0,0,0,0,0,0,0,0,0,0,0,0,0,0,0,0,0,0,0,0,0,0,0,0,0,0,0,0,0,0,0,0,0,0,0,0,0,0,0,0,0,0,0,0,0,0,0,0,0,0,0,0,0,0,0,0,0,0,0,0
"XH22-22084 2",0,0,0,0,0,0,0,0,0,0,0,0,0,0,0,0,0,0,0,0,0,0,0,0,0,0,0,0,0,0,0,0,0,0,0,0,0,0,0,0,0,0,0,0,0,0,0,0,0,0,0,0,0,0,0,0,0,0,0,0,0,0,0,0,0,0,0,0,0,0,0,0,0,0,0,0,0,0,0,0,0,0,0,0,0,0,0,0,0,0,0,0,0,0,0,0,0,0,0,0,0,0,0,0,0,0,0,0,0,0,0,0,0,0,0,0,0,0,0,0,0,0,0,0,0,0,0,0,0,0,0,0,0,0,0,0,0,0,0,0,0,0,0,0,0,0,0,0,0,0,0,0,0,0,0,0,0,0,0,0,0,0,0,0,0,0,0,0,0,0,0,0,0,0,0,0,0,0,0,0,0,0,0,0,0,0,0,0,0,0,0,0,0,0,0,0,0,0,0,0,0,0,0,0,0,0,0,0,0,0,0,0,0,0,0,0,0,0,0,0,0,0,0,0,0,0,0,0,0,0,0,0,0,0,0,0,0,0,0,0,0,0,0,0,0,0,0,0,0,0,0,0,0,0,0,0,0,0,0,0,0,0,0,0,0,0,0,0,0,0,0,0,0,0,0,0,0,0,0,0,0,0,0,0,0,0,0,0,0,0,0,0,0,0,0,0,0,0,0,0,0,0,0,0,0,0,0,0,0,0,0,0,0,0,0,0,0,0,0,0,0,0,0,0,0,0,0,0,0,0,0,0,0,0,0,0,0,0,0,0,0,0,0,0,0,0,0,0
"XH23-01369 1",0,0,0,0,0,0,0,0,0,0,0,0,0,0,0,0,0,0,0,0,0,0,0,0,0,0,0,0,0,0,0,0,0,0,0,0,0,0,0,0,0,0,0,0,0,0,0,0,0,0,0,0,0,0,0,0,0,0,0,0,0,0,0,0,0,0,0,0,0,0,0,0,0,0,0,0,0,0,0,0,0,0,0,0,0,0,0,0,0,0,0,0,0,0,0,0,0,0,0,0,0,0,0,0,0,0,0,0,0,0,0,0,0,0,0,0,0,0,0,0,0,0,0,0,0,0,0,0,0,0,0,0,0,0,0,0,0,0,0,0,0,0,0,0,0,0,0,0,0,0,0,0,0,0,0,0,0,0,0,0,0,0,0,0,0,0,0,0,0,0,0,0,0,0,0,0,0,0,0,0,0,0,0,0,0,0,0,0,0,0,0,0,0,0,0,0,0,0,0,0,0,0,0,0,0,0,0,0,0,0,0,0,0,0,0,0,0,0,0,0,0,0,0,0,0,0,0,0,0,0,0,0,0,0,0,0,0,0,0,0,0,0,0,0,0,0,0,0,0,0,0,0,0,0,0,0,0,0,0,0,0,0,0,0,0,0,0,0,0,0,0,0,0,0,0,0,0,0,0,0,0,0,0,0,0,0,0,0,0,0,0,0,0,0,0,0,0,0,0,0,0,0,0,0,0,0,0,0,0,0,0,0,0,0,0,0,0,0,0,0,0,0,0,0,0,0,0,0,0,0,0,0,0,0,0,0,0,0,0,0,0,0,0,0,0,0,0,0
"XH23-01369 2",0,0,0,0,0,0,0,0,0,0,0,0,0,0,0,0,0,0,0,0,0,0,0,0,0,0,0,0,0,0,0,0,0,0,0,0,0,0,0,0,0,0,0,0,0,0,0,0,0,0,0,0,0,0,0,0,0,0,0,0,0,0,0,0,0,0,0,0,0,0,0,0,0,0,0,0,0,0,0,0,0,0,0,0,0,0,0,0,0,0,0,0,0,0,0,0,0,0,0,0,0,0,0,0,0,0,0,0,0,0,0,0,0,0,0,0,0,0,0,0,0,0,0,0,0,0,0,0,0,0,0,0,0,0,0,0,0,0,0,0,0,0,0,0,0,0,0,0,0,0,0,0,0,0,0,0,0,0,0,0,0,0,0,0,0,0,0,0,0,0,0,0,0,0,0,0,0,0,0,0,0,0,0,0,0,0,0,0,0,0,0,0,0,0,0,0,0,0,0,0,0,0,0,0,0,0,0,0,0,0,0,0,0,0,0,0,0,0,0,0,0,0,0,0,0,0,0,0,0,0,0,0,0,0,0,0,0,0,0,0,0,0,0,0,0,0,0,0,0,0,0,0,0,0,0,0,0,0,0,0,0,0,0,0,0,0,0,0,0,0,0,0,0,0,0,0,0,0,0,0,0,0,0,0,0,0,0,0,0,0,0,0,0,0,0,0,0,0,0,0,0,0,0,0,0,0,0,0,0,0,0,0,0,0,0,0,0,0,0,0,0,0,0,0,0,0,0,0,0,0,0,0,0,0,0,0,0,0,0,0,0,0,0,0,0,0,0,0
"XH23-03908 1",0,0,0,0,0,0,0,0,0,0,0,0,0,0,0,0,0,0,0,0,0,0,0,0,0,0,0,0,0,0,0,0,0,0,0,0,0,0,0,0,0,0,0,0,0,0,0,0,0,0,0,0,0,0,0,0,0,0,0,0,0,0,0,0,0,0,0,0,0,0,0,0,0,0,0,0,0,0,0,0,0,0,0,0,0,0,0,0,0,0,0,0,0,0,0,0,0,0,0,0,0,0,0,0,0,0,0,0,0,0,0,0,0,0,0,0,0,0,0,0,0,0,0,0,0,0,0,0,0,0,0,0,0,0,0,0,0,0,0,0,0,0,0,0,0,0,0,0,0,0,0,0,0,0,0,0,0,0,0,0,0,0,0,0,0,0,0,0,0,0,0,0,0,0,0,0,0,0,0,0,0,0,0,0,0,0,0,0,0,0,0,0,0,0,0,0,0,0,0,0,0,0,0,0,0,0,0,0,0,0,0,0,0,0,0,0,0,0,0,0,0,0,0,0,0,0,0,0,0,0,0,0,0,0,0,0,0,0,0,0,0,0,0,0,0,0,0,0,0,0,0,0,0,0,0,0,0,0,0,0,0,0,0,0,0,0,0,0,0,0,0,0,0,0,0,0,0,0,0,0,0,0,0,0,0,0,0,0,0,0,0,0,0,0,0,0,0,0,0,0,0,0,0,0,0,0,0,0,0,0,0,0,0,0,0,0,0,0,0,0,0,0,0,0,0,0,0,0,0,0,0,0,0,0,0,0,0,0,0,0,0,0,0,0,0,0,0,0
"XH23-03908 2",0,0,0,0,0,0,0,0,0,0,0,0,0,0,0,0,0,0,0,0,0,0,0,0,0,0,0,0,0,0,0,0,0,0,0,0,0,0,0,0,0,0,0,0,0,0,0,0,0,0,0,0,0,0,0,0,0,0,0,0,0,0,0,0,0,0,0,0,0,0,0,0,0,0,0,0,0,0,0,0,0,0,0,0,0,0,0,0,0,0,0,0,0,0,0,0,0,0,0,0,0,0,0,0,0,0,0,0,0,0,0,0,0,0,0,0,0,0,0,0,0,0,0,0,0,0,0,0,0,0,0,0,0,0,0,0,0,0,0,0,0,0,0,0,0,0,0,0,0,0,0,0,0,0,0,0,0,0,0,0,0,0,0,0,0,0,0,0,0,0,0,0,0,0,0,0,0,0,0,0,0,0,0,0,0,0,0,0,0,0,0,0,0,0,0,0,0,0,0,0,0,0,0,0,0,0,0,0,0,0,0,0,0,0,0,0,0,0,0,0,0,0,0,0,0,0,0,0,0,0,0,0,0,0,0,0,0,0,0,0,0,0,0,0,0,0,0,0,0,0,0,0,0,0,0,0,0,0,0,0,0,0,0,0,0,0,0,0,0,0,0,0,0,0,0,0,0,0,0,0,0,0,0,0,0,0,0,0,0,0,0,0,0,0,0,0,0,0,0,0,0,0,0,0,0,0,0,0,0,0,0,0,0,0,0,0,0,0,0,0,0,0,0,0,0,0,0,0,0,0,0,0,0,0,0,0,0,0,0,0,0,0,0,0,0,0,0,0
"XH23-06547 1",0,0,0,0,0,0,0,0,0,0,0,0,0,0,0,0,0,0,0,0,0,0,0,0,0,0,0,0,0,0,0,0,0,0,0,0,0,0,0,0,0,0,0,0,0,0,0,0,0,0,0,0,0,0,0,0,0,0,0,0,0,0,0,0,0,0,0,0,0,0,0,0,0,0,0,0,0,0,0,0,0,0,0,0,0,0,0,0,0,0,0,0,0,0,0,0,0,0,0,0,0,0,0,0,0,0,0,0,0,0,0,0,0,0,0,0,0,0,0,0,0,0,0,0,0,0,0,0,0,0,0,0,0,0,0,0,0,0,0,0,0,0,0,0,0,0,0,0,0,0,0,0,0,0,0,0,0,0,0,0,0,0,0,0,0,0,0,0,0,0,0,0,0,0,0,0,0,0,0,0,0,0,0,0,0,0,0,0,0,0,0,0,0,0,0,0,0,0,0,0,0,0,0,0,0,0,0,0,0,0,0,0,0,0,0,0,0,0,0,0,0,0,0,0,0,0,0,0,0,0,0,0,0,0,0,0,0,0,0,0,0,0,0,0,0,0,0,0,0,0,0,0,0,0,0,0,0,0,0,0,0,0,0,0,0,0,0,0,0,0,0,0,0,0,0,0,0,0,0,0,0,0,0,0,0,0,0,0,0,0,0,0,0,0,0,0,0,0,0,0,0,0,0,0,0,0,0,0,0,0,0,0,0,0,0,0,0,0,0,0,0,0,0,0,0,0,0,0,0,0,0,0,0,0,0,0,0,0,0,0,0,0,0,0,0,0,0,0
"XH23-06547 2",0,0,0,0,0,0,0,0,0,0,0,0,0,0,0,0,0,0,0,0,0,0,0,0,0,0,0,0,0,0,0,0,0,0,0,0,0,0,0,0,0,0,0,0,0,0,0,0,0,0,0,0,0,0,0,0,0,0,0,0,0,0,0,0,0,0,0,0,0,0,0,0,0,0,0,0,0,0,0,0,0,0,0,0,0,0,0,0,0,0,0,0,0,0,0,0,0,0,0,0,0,0,0,0,0,0,0,0,0,0,0,0,0,0,0,0,0,0,0,0,0,0,0,0,0,0,0,0,0,0,0,0,0,0,0,0,0,0,0,0,0,0,0,0,0,0,0,0,0,0,0,0,0,0,0,0,0,0,0,0,0,0,0,0,0,0,0,0,0,0,0,0,0,0,0,0,0,0,0,0,0,0,0,0,0,0,0,0,0,0,0,0,0,0,0,0,0,0,0,0,0,0,0,0,0,0,0,0,0,0,0,0,0,0,0,0,0,0,0,0,0,0,0,0,0,0,0,0,0,0,0,0,0,0,0,0,0,0,0,0,0,0,0,0,0,0,0,0,0,0,0,0,0,0,0,0,0,0,0,0,0,0,0,0,0,0,0,0,0,0,0,0,0,0,0,0,0,0,0,0,0,0,0,0,0,0,0,0,0,0,0,0,0,0,0,0,0,0,0,0,0,0,0,0,0,0,0,0,0,0,0,0,0,0,0,0,0,0,0,0,0,0,0,0,0,0,0,0,0,0,0,0,0,0,0,0,0,0,0,0,0,0,0,0,0,0,0,0
"XH23-08067 1",0,0,0,0,0,0,0,0,0,0,0,0,0,0,0,0,0,0,0,0,0,0,0,0,0,0,0,0,0,0,0,0,0,0,0,0,0,0,0,0,0,0,0,0,0,0,0,0,0,0,0,0,0,0,0,0,0,0,0,0,0,0,0,0,0,0,0,0,0,0,0,0,0,0,0,0,0,0,0,0,0,0,0,0,0,0,0,0,0,0,0,0,0,0,0,0,0,0,0,0,0,0,0,0,0,0,0,0,0,0,0,0,0,0,0,0,0,0,0,0,0,0,0,0,0,0,0,0,0,0,0,0,0,0,0,0,0,0,0,0,0,0,0,0,0,0,0,0,0,0,0,0,0,0,0,0,0,0,0,0,0,0,0,0,0,0,0,0,0,0,0,0,0,0,0,0,0,0,0,0,0,0,0,0,0,0,0,0,0,0,0,0,0,0,0,0,0,0,0,0,0,0,0,0,0,0,0,0,0,0,0,0,0,0,0,0,0,0,0,0,0,0,0,0,0,0,0,0,0,0,0,0,0,0,0,0,0,0,0,0,0,0,0,0,0,0,0,0,0,0,0,0,0,0,0,0,0,0,0,0,0,0,0,0,0,0,0,0,0,0,0,0,0,0,0,0,0,0,0,0,0,0,0,0,0,0,0,0,0,0,0,0,0,0,0,0,0,0,0,0,0,0,0,0,0,0,0,0,0,0,0,0,0,0,0,0,0,0,0,0,0,0,0,0,0,0,0,0,0,0,0,0,0,0,0,0,0,0,0,0,0,0,0,0,0,0,0,0
"XH23-08067 2",0,0,0,0,0,0,0,0,0,0,0,0,0,0,0,0,0,0,0,0,0,0,0,0,0,0,0,0,0,0,0,0,0,0,0,0,0,0,0,0,0,0,0,0,0,0,0,0,0,0,0,0,0,0,0,0,0,0,0,0,0,0,0,0,0,0,0,0,0,0,0,0,0,0,0,0,0,0,0,0,0,0,0,0,0,0,0,0,0,0,0,0,0,0,0,0,0,0,0,0,0,0,0,0,0,0,0,0,0,0,0,0,0,0,0,0,0,0,0,0,0,0,0,0,0,0,0,0,0,0,0,0,0,0,0,0,0,0,0,0,0,0,0,0,0,0,0,0,0,0,0,0,0,0,0,0,0,0,0,0,0,0,0,0,0,0,0,0,0,0,0,0,0,0,0,0,0,0,0,0,0,0,0,0,0,0,0,0,0,0,0,0,0,0,0,0,0,0,0,0,0,0,0,0,0,0,0,0,0,0,0,0,0,0,0,0,0,0,0,0,0,0,0,0,0,0,0,0,0,0,0,0,0,0,0,0,0,0,0,0,0,0,0,0,0,0,0,0,0,0,0,0,0,0,0,0,0,0,0,0,0,0,0,0,0,0,0,0,0,0,0,0,0,0,0,0,0,0,0,0,0,0,0,0,0,0,0,0,0,0,0,0,0,0,0,0,0,0,0,0,0,0,0,0,0,0,0,0,0,0,0,0,0,0,0,0,0,0,0,0,0,0,0,0,0,0,0,0,0,0,0,0,0,0,0,0,0,0,0,0,0,0,0,0,0,0,0,0
"XH23-11571 1",0,0,0,0,0,0,0,0,0,0,0,0,0,0,0,0,0,0,0,0,0,0,0,0,0,0,0,0,0,0,0,0,0,0,0,0,0,0,0,0,0,0,0,0,0,0,0,0,0,0,0,0,0,0,0,0,0,0,0,0,0,0,0,0,0,0,0,0,0,0,0,0,0,0,0,0,0,0,0,0,0,0,0,0,0,0,0,0,0,0,0,0,0,0,0,0,0,0,0,0,0,0,0,0,0,0,0,0,0,0,0,0,0,0,0,0,0,0,0,0,0,0,0,0,0,0,0,0,0,0,0,0,0,0,0,0,0,0,0,0,0,0,0,0,0,0,0,0,0,0,0,0,0,0,0,0,0,0,0,0,0,0,0,0,0,0,0,0,0,0,0,0,0,0,0,0,0,0,0,0,0,0,0,0,0,0,0,0,0,0,0,0,0,0,0,0,0,0,0,0,0,0,0,0,0,0,0,0,0,0,0,0,0,0,0,0,0,0,0,0,0,0,0,0,0,0,0,0,0,0,0,0,0,0,0,0,0,0,0,0,0,0,0,0,0,0,0,0,0,0,0,0,0,0,0,0,0,0,0,0,0,0,0,0,0,0,0,0,0,0,0,0,0,0,0,0,0,0,0,0,0,0,0,0,0,0,0,0,0,0,0,0,0,0,0,0,0,0,0,0,0,0,0,0,0,0,0,0,0,0,0,0,0,0,0,0,0,0,0,0,0,0,0,0,0,0,0,0,0,0,0,0,0,0,0,0,0,0,0,0,0,0,0,0,0,0,0,0
"XH23-12347 1",0,0,0,0,0,0,0,0,0,0,0,0,0,0,0,0,0,0,0,0,0,0,0,0,0,0,0,0,0,0,0,0,0,0,0,0,0,0,0,0,0,0,0,0,0,0,0,0,0,0,0,0,0,0,0,0,0,0,0,0,0,0,0,0,0,0,0,0,0,0,0,0,0,0,0,0,0,0,0,0,0,0,0,0,0,0,0,0,0,0,0,0,0,0,0,0,0,0,0,0,0,0,0,0,0,0,0,0,0,0,0,0,0,0,0,0,0,0,0,0,0,0,0,0,0,0,0,0,0,0,0,0,0,0,0,0,0,0,0,0,0,0,0,0,0,0,0,0,0,0,0,0,0,0,0,0,0,0,0,0,0,0,0,0,0,0,0,0,0,0,0,0,0,0,0,0,0,0,0,0,0,0,0,0,0,0,0,0,0,0,0,0,0,0,0,0,0,0,0,0,0,0,0,0,0,0,0,0,0,0,0,0,0,0,0,0,0,0,0,0,0,0,0,0,0,0,0,0,0,0,0,0,0,0,0,0,0,0,0,0,0,0,0,0,0,0,0,0,0,0,0,0,0,0,0,0,0,0,0,0,0,0,0,0,0,0,0,0,0,0,0,0,0,0,0,0,0,0,0,0,0,0,0,0,0,0,0,0,0,0,0,0,0,0,0,0,0,0,0,0,0,0,0,0,0,0,0,0,0,0,0,0,0,0,0,0,0,0,0,0,0,0,0,0,0,0,0,0,0,0,0,0,0,0,0,0,0,0,0,0,0,0,0,0,0,0,0,0
"XH23-12347 2",0,0,0,0,0,0,0,0,0,0,0,0,0,0,0,0,0,0,0,0,0,0,0,0,0,0,0,0,0,0,0,0,0,0,0,0,0,0,0,0,0,0,0,0,0,0,0,0,0,0,0,0,0,0,0,0,0,0,0,0,0,0,0,0,0,0,0,0,0,0,0,0,0,0,0,0,0,0,0,0,0,0,0,0,0,0,0,0,0,0,0,0,0,0,0,0,0,0,0,0,0,0,0,0,0,0,0,0,0,0,0,0,0,0,0,0,0,0,0,0,0,0,0,0,0,0,0,0,0,0,0,0,0,0,0,0,0,0,0,0,0,0,0,0,0,0,0,0,0,0,0,0,0,0,0,0,0,0,0,0,0,0,0,0,0,0,0,0,0,0,0,0,0,0,0,0,0,0,0,0,0,0,0,0,0,0,0,0,0,0,0,0,0,0,0,0,0,0,0,0,0,0,0,0,0,0,0,0,0,0,0,0,0,0,0,0,0,0,0,0,0,0,0,0,0,0,0,0,0,0,0,0,0,0,0,0,0,0,0,0,0,0,0,0,0,0,0,0,0,0,0,0,0,0,0,0,0,0,0,0,0,0,0,0,0,0,0,0,0,0,0,0,0,0,0,0,0,0,0,0,0,0,0,0,0,0,0,0,0,0,0,0,0,0,0,0,0,0,0,0,0,0,0,0,0,0,0,0,0,0,0,0,0,0,0,0,0,0,0,0,0,0,0,0,0,0,0,0,0,0,0,0,0,0,0,0,0,0,0,0,0,0,0,0,0,0,0,0
"XH23-12632 1",0,0,0,0,0,0,0,0,0,0,0,0,0,0,0,0,0,0,0,0,0,0,0,0,0,0,0,0,0,0,0,0,0,0,0,0,0,0,0,0,0,0,0,0,0,0,0,0,0,0,0,0,0,0,0,0,0,0,0,0,0,0,0,0,0,0,0,0,0,0,0,0,0,0,0,0,0,0,0,0,0,0,0,0,0,0,0,0,0,0,0,0,0,0,0,0,0,0,0,0,0,0,0,0,0,0,0,0,0,0,0,0,0,0,0,0,0,0,0,0,0,0,0,0,0,0,0,0,0,0,0,0,0,0,0,0,0,0,0,0,0,0,0,0,0,0,0,0,0,0,0,0,0,0,0,0,0,0,0,0,0,0,0,0,0,0,0,0,0,0,0,0,0,0,0,0,0,0,0,0,0,0,0,0,0,0,0,0,0,0,0,0,0,0,0,0,0,0,0,0,0,0,0,0,0,0,0,0,0,0,0,0,0,0,0,0,0,0,0,0,0,0,0,0,0,0,0,0,0,0,0,0,0,0,0,0,0,0,0,0,0,0,0,0,0,0,0,0,0,0,0,0,0,0,0,0,0,0,0,0,0,0,0,0,0,0,0,0,0,0,0,0,0,0,0,0,0,0,0,0,0,0,0,0,0,0,0,0,0,0,0,0,0,0,0,0,0,0,0,0,0,0,0,0,0,0,0,0,0,0,0,0,0,0,0,0,0,0,0,0,0,0,0,0,0,0,0,0,0,0,0,0,0,0,0,0,0,0,0,0,0,0,0,0,0,0,0,0
"XH23-12632 2",0,0,0,0,0,0,0,0,0,0,0,0,0,0,0,0,0,0,0,0,0,0,0,0,0,0,0,0,0,0,0,0,0,0,0,0,0,0,0,0,0,0,0,0,0,0,0,0,0,0,0,0,0,0,0,0,0,0,0,0,0,0,0,0,0,0,0,0,0,0,0,0,0,0,0,0,0,0,0,0,0,0,0,0,0,0,0,0,0,0,0,0,0,0,0,0,0,0,0,0,0,0,0,0,0,0,0,0,0,0,0,0,0,0,0,0,0,0,0,0,0,0,0,0,0,0,0,0,0,0,0,0,0,0,0,0,0,0,0,0,0,0,0,0,0,0,0,0,0,0,0,0,0,0,0,0,0,0,0,0,0,0,0,0,0,0,0,0,0,0,0,0,0,0,0,0,0,0,0,0,0,0,0,0,0,0,0,0,0,0,0,0,0,0,0,0,0,0,0,0,0,0,0,0,0,0,0,0,0,0,0,0,0,0,0,0,0,0,0,0,0,0,0,0,0,0,0,0,0,0,0,0,0,0,0,0,0,0,0,0,0,0,0,0,0,0,0,0,0,0,0,0,0,0,0,0,0,0,0,0,0,0,0,0,0,0,0,0,0,0,0,0,0,0,0,0,0,0,0,0,0,0,0,0,0,0,0,0,0,0,0,0,0,0,0,0,0,0,0,0,0,0,0,0,0,0,0,0,0,0,0,0,0,0,0,0,0,0,0,0,0,0,0,0,0,0,0,0,0,0,0,0,0,0,0,0,0,0,0,0,0,0,0,0,0,0,0,0
"XH23-16567 1",0,0,0,0,0,0,0,0,0,0,0,0,0,0,0,0,0,0,0,0,0,0,0,0,0,0,0,0,0,0,0,0,0,0,0,0,0,0,0,0,0,0,0,0,0,0,0,0,0,0,0,0,0,0,0,0,0,0,0,0,0,0,0,0,0,0,0,0,0,0,0,0,0,0,0,0,0,0,0,0,0,0,0,0,0,0,0,0,0,0,0,0,0,0,0,0,0,0,0,0,0,0,0,0,0,0,0,0,0,0,0,0,0,0,0,0,0,0,0,0,0,0,0,0,0,0,0,0,0,0,0,0,0,0,0,0,0,0,0,0,0,0,0,0,0,0,0,0,0,0,0,0,0,0,0,0,0,0,0,0,0,0,0,0,0,0,0,0,0,0,0,0,0,0,0,0,0,0,0,0,0,0,0,0,0,0,0,0,0,0,0,0,0,0,0,0,0,0,0,0,0,0,0,0,0,0,0,0,0,0,0,0,0,0,0,0,0,0,0,0,0,0,0,0,0,0,0,0,0,0,0,0,0,0,0,0,0,0,0,0,0,0,0,0,0,0,0,0,0,0,0,0,0,0,0,0,0,0,0,0,0,0,0,0,0,0,0,0,0,0,0,0,0,0,0,0,0,0,0,0,0,0,0,0,0,0,0,0,0,0,0,0,0,0,0,0,0,0,0,0,0,0,0,0,0,0,0,0,0,0,0,0,0,0,0,0,0,0,0,0,0,0,0,0,0,0,0,0,0,0,0,0,0,0,0,0,0,0,0,0,0,0,0,0,0,0,0,0
"XH23-18901 1",0,0,0,0,0,0,0,0,0,0,0,0,0,0,0,0,0,0,0,0,0,0,0,0,0,0,0,0,0,0,0,0,0,0,0,0,0,0,0,0,0,0,0,0,0,0,0,0,0,0,0,0,0,0,0,0,0,0,0,0,0,0,0,0,0,0,0,0,0,0,0,0,0,0,0,0,0,0,0,0,0,0,0,0,0,0,0,0,0,0,0,0,0,0,0,0,0,0,0,0,0,0,0,0,0,0,0,0,0,0,0,0,0,0,0,0,0,0,0,0,0,0,0,0,0,0,0,0,0,0,0,0,0,0,0,0,0,0,0,0,0,0,0,0,0,0,0,0,0,0,0,0,0,0,0,0,0,0,0,0,0,0,0,0,0,0,0,0,0,0,0,0,0,0,0,0,0,0,0,0,0,0,0,0,0,0,0,0,0,0,0,0,0,0,0,0,0,0,0,0,0,0,0,0,0,0,0,0,0,0,0,0,0,0,0,0,0,0,0,0,0,0,0,0,0,0,0,0,0,0,0,0,0,0,0,0,0,0,0,0,0,0,0,0,0,0,0,0,0,0,0,0,0,0,0,0,0,0,0,0,0,0,0,0,0,0,0,0,0,0,0,0,0,0,0,0,0,0,0,0,0,0,0,0,0,0,0,0,0,0,0,0,0,0,0,0,0,0,0,0,0,0,0,0,0,0,0,0,0,0,0,0,0,0,0,0,0,0,0,0,0,0,0,0,0,0,0,0,0,0,0,0,0,0,0,0,0,0,0,0,0,0,0,0,0,0,0,0
"XH23-18901 2",0,0,0,0,0,0,0,0,0,0,0,0,0,0,0,0,0,0,0,0,0,0,0,0,0,0,0,0,0,0,0,0,0,0,0,0,0,0,0,0,0,0,0,0,0,0,0,0,0,0,0,0,0,0,0,0,0,0,0,0,0,0,0,0,0,0,0,0,0,0,0,0,0,0,0,0,0,0,0,0,0,0,0,0,0,0,0,0,0,0,0,0,0,0,0,0,0,0,0,0,0,0,0,0,0,0,0,0,0,0,0,0,0,0,0,0,0,0,0,0,0,0,0,0,0,0,0,0,0,0,0,0,0,0,0,0,0,0,0,0,0,0,0,0,0,0,0,0,0,0,0,0,0,0,0,0,0,0,0,0,0,0,0,0,0,0,0,0,0,0,0,0,0,0,0,0,0,0,0,0,0,0,0,0,0,0,0,0,0,0,0,0,0,0,0,0,0,0,0,0,0,0,0,0,0,0,0,0,0,0,0,0,0,0,0,0,0,0,0,0,0,0,0,0,0,0,0,0,0,0,0,0,0,0,0,0,0,0,0,0,0,0,0,0,0,0,0,0,0,0,0,0,0,0,0,0,0,0,0,0,0,0,0,0,0,0,0,0,0,0,0,0,0,0,0,0,0,0,0,0,0,0,0,0,0,0,0,0,0,0,0,0,0,0,0,0,0,0,0,0,0,0,0,0,0,0,0,0,0,0,0,0,0,0,0,0,0,0,0,0,0,0,0,0,0,0,0,0,0,0,0,0,0,0,0,0,0,0,0,0,0,0,0,0,0,0,0,0
"XH23-19921 1",0,0,0,0,0,0,0,0,0,0,0,0,0,0,0,0,0,0,0,0,0,0,0,0,0,0,0,0,0,0,0,0,0,0,0,0,0,0,0,0,0,0,0,0,0,0,0,0,0,0,0,0,0,0,0,0,0,0,0,0,0,0,0,0,0,0,0,0,0,0,0,0,0,0,0,0,0,0,0,0,0,0,0,0,0,0,0,0,0,0,0,0,0,0,0,0,0,0,0,0,0,0,0,0,0,0,0,0,0,0,0,0,0,0,0,0,0,0,0,0,0,0,0,0,0,0,0,0,0,0,0,0,0,0,0,0,0,0,0,0,0,0,0,0,0,0,0,0,0,0,0,0,0,0,0,0,0,0,0,0,0,0,0,0,0,0,0,0,0,0,0,0,0,0,0,0,0,0,0,0,0,0,0,0,0,0,0,0,0,0,0,0,0,0,0,0,0,0,0,0,0,0,0,0,0,0,0,0,0,0,0,0,0,0,0,0,0,0,0,0,0,0,0,0,0,0,0,0,0,0,0,0,0,0,0,0,0,0,0,0,0,0,0,0,0,0,0,0,0,0,0,0,0,0,0,0,0,0,0,0,0,0,0,0,0,0,0,0,0,0,0,0,0,0,0,0,0,0,0,0,0,0,0,0,0,0,0,0,0,0,0,0,0,0,0,0,0,0,0,0,0,0,0,0,0,0,0,0,0,0,0,0,0,0,0,0,0,0,0,0,0,0,0,0,0,0,0,0,0,0,0,0,0,0,0,0,0,0,0,0,0,0,0,0,0,0,0,0
"XH23-19921 2",0,0,0,0,0,0,0,0,0,0,0,0,0,0,0,0,0,0,0,0,0,0,0,0,0,0,0,0,0,0,0,0,0,0,0,0,0,0,0,0,0,0,0,0,0,0,0,0,0,0,0,0,0,0,0,0,0,0,0,0,0,0,0,0,0,0,0,0,0,0,0,0,0,0,0,0,0,0,0,0,0,0,0,0,0,0,0,0,0,0,0,0,0,0,0,0,0,0,0,0,0,0,0,0,0,0,0,0,0,0,0,0,0,0,0,0,0,0,0,0,0,0,0,0,0,0,0,0,0,0,0,0,0,0,0,0,0,0,0,0,0,0,0,0,0,0,0,0,0,0,0,0,0,0,0,0,0,0,0,0,0,0,0,0,0,0,0,0,0,0,0,0,0,0,0,0,0,0,0,0,0,0,0,0,0,0,0,0,0,0,0,0,0,0,0,0,0,0,0,0,0,0,0,0,0,0,0,0,0,0,0,0,0,0,0,0,0,0,0,0,0,0,0,0,0,0,0,0,0,0,0,0,0,0,0,0,0,0,0,0,0,0,0,0,0,0,0,0,0,0,0,0,0,0,0,0,0,0,0,0,0,0,0,0,0,0,0,0,0,0,0,0,0,0,0,0,0,0,0,0,0,0,0,0,0,0,0,0,0,0,0,0,0,0,0,0,0,0,0,0,0,0,0,0,0,0,0,0,0,0,0,0,0,0,0,0,0,0,0,0,0,0,0,0,0,0,0,0,0,0,0,0,0,0,0,0,0,0,0,0,0,0,0,0,0,0,0,0
"XH23-24126 1",0,0,0,0,0,0,0,0,0,0,0,0,0,0,0,0,0,0,0,0,0,0,0,0,0,0,0,0,0,0,0,0,0,0,0,0,0,0,0,0,0,0,0,0,0,0,0,0,0,0,0,0,0,0,0,0,0,0,0,0,0,0,0,0,0,0,0,0,0,0,0,0,0,0,0,0,0,0,0,0,0,0,0,0,0,0,0,0,0,0,0,0,0,0,0,0,0,0,0,0,0,0,0,0,0,0,0,0,0,0,0,0,0,0,0,0,0,0,0,0,0,0,0,0,0,0,0,0,0,0,0,0,0,0,0,0,0,0,0,0,0,0,0,0,0,0,0,0,0,0,0,0,0,0,0,0,0,0,0,0,0,0,0,0,0,0,0,0,0,0,0,0,0,0,0,0,0,0,0,0,0,0,0,0,0,0,0,0,0,0,0,0,0,0,0,0,0,0,0,0,0,0,0,0,0,0,0,0,0,0,0,0,0,0,0,0,0,0,0,0,0,0,0,0,0,0,0,0,0,0,0,0,0,0,0,0,0,0,0,0,0,0,0,0,0,0,0,0,0,0,0,0,0,0,0,0,0,0,0,0,0,0,0,0,0,0,0,0,0,0,0,0,0,0,0,0,0,0,0,0,0,0,0,0,0,0,0,0,0,0,0,0,0,0,0,0,0,0,0,0,0,0,0,0,0,0,0,0,0,0,0,0,0,0,0,0,0,0,0,0,0,0,0,0,0,0,0,0,0,0,0,0,0,0,0,0,0,0,0,0,0,0,0,0,0,0,0,0
"XH23-24126 2",0,0,0,0,0,0,0,0,0,0,0,0,0,0,0,0,0,0,0,0,0,0,0,0,0,0,0,0,0,0,0,0,0,0,0,0,0,0,0,0,0,0,0,0,0,0,0,0,0,0,0,0,0,0,0,0,0,0,0,0,0,0,0,0,0,0,0,0,0,0,0,0,0,0,0,0,0,0,0,0,0,0,0,0,0,0,0,0,0,0,0,0,0,0,0,0,0,0,0,0,0,0,0,0,0,0,0,0,0,0,0,0,0,0,0,0,0,0,0,0,0,0,0,0,0,0,0,0,0,0,0,0,0,0,0,0,0,0,0,0,0,0,0,0,0,0,0,0,0,0,0,0,0,0,0,0,0,0,0,0,0,0,0,0,0,0,0,0,0,0,0,0,0,0,0,0,0,0,0,0,0,0,0,0,0,0,0,0,0,0,0,0,0,0,0,0,0,0,0,0,0,0,0,0,0,0,0,0,0,0,0,0,0,0,0,0,0,0,0,0,0,0,0,0,0,0,0,0,0,0,0,0,0,0,0,0,0,0,0,0,0,0,0,0,0,0,0,0,0,0,0,0,0,0,0,0,0,0,0,0,0,0,0,0,0,0,0,0,0,0,0,0,0,0,0,0,0,0,0,0,0,0,0,0,0,0,0,0,0,0,0,0,0,0,0,0,0,0,0,0,0,0,0,0,0,0,0,0,0,0,0,0,0,0,0,0,0,0,0,0,0,0,0,0,0,0,0,0,0,0,0,0,0,0,0,0,0,0,0,0,0,0,0,0,0,0,0,0
"XH23-24396 1",0,0,0,0,0,0,0,0,0,0,0,0,0,0,0,0,0,0,0,0,0,0,0,0,0,0,0,0,0,0,0,0,0,0,0,0,0,0,0,0,0,0,0,0,0,0,0,0,0,0,0,0,0,0,0,0,0,0,0,0,0,0,0,0,0,0,0,0,0,0,0,0,0,0,0,0,0,0,0,0,0,0,0,0,0,0,0,0,0,0,0,0,0,0,0,0,0,0,0,0,0,0,0,0,0,0,0,0,0,0,0,0,0,0,0,0,0,0,0,0,0,0,0,0,0,0,0,0,0,0,0,0,0,0,0,0,0,0,0,0,0,0,0,0,0,0,0,0,0,0,0,0,0,0,0,0,0,0,0,0,0,0,0,0,0,0,0,0,0,0,0,0,0,0,0,0,0,0,0,0,0,0,0,0,0,0,0,0,0,0,0,0,0,0,0,0,0,0,0,0,0,0,0,0,0,0,0,0,0,0,0,0,0,0,0,0,0,0,0,0,0,0,0,0,0,0,0,0,0,0,0,0,0,0,0,0,0,0,0,0,0,0,0,0,0,0,0,0,0,0,0,0,0,0,0,0,0,0,0,0,0,0,0,0,0,0,0,0,0,0,0,0,0,0,0,0,0,0,0,0,0,0,0,0,0,0,0,0,0,0,0,0,0,0,0,0,0,0,0,0,0,0,0,0,0,0,0,0,0,0,0,0,0,0,0,0,0,0,0,0,0,0,0,0,0,0,0,0,0,0,0,0,0,0,0,0,0,0,0,0,0,0,0,0,0,0,0,0
"XH23-24396 2",0,0,0,0,0,0,0,0,0,0,0,0,0,0,0,0,0,0,0,0,0,0,0,0,0,0,0,0,0,0,0,0,0,0,0,0,0,0,0,0,0,0,0,0,0,0,0,0,0,0,0,0,0,0,0,0,0,0,0,0,0,0,0,0,0,0,0,0,0,0,0,0,0,0,0,0,0,0,0,0,0,0,0,0,0,0,0,0,0,0,0,0,0,0,0,0,0,0,0,0,0,0,0,0,0,0,0,0,0,0,0,0,0,0,0,0,0,0,0,0,0,0,0,0,0,0,0,0,0,0,0,0,0,0,0,0,0,0,0,0,0,0,0,0,0,0,0,0,0,0,0,0,0,0,0,0,0,0,0,0,0,0,0,0,0,0,0,0,0,0,0,0,0,0,0,0,0,0,0,0,0,0,0,0,0,0,0,0,0,0,0,0,0,0,0,0,0,0,0,0,0,0,0,0,0,0,0,0,0,0,0,0,0,0,0,0,0,0,0,0,0,0,0,0,0,0,0,0,0,0,0,0,0,0,0,0,0,0,0,0,0,0,0,0,0,0,0,0,0,0,0,0,0,0,0,0,0,0,0,0,0,0,0,0,0,0,0,0,0,0,0,0,0,0,0,0,0,0,0,0,0,0,0,0,0,0,0,0,0,0,0,0,0,0,0,0,0,0,0,0,0,0,0,0,0,0,0,0,0,0,0,0,0,0,0,0,0,0,0,0,0,0,0,0,0,0,0,0,0,0,0,0,0,0,0,0,0,0,0,0,0,0,0,0,0,0,0,0
"XH24-11187 1",0,0,0,0,0,0,0,0,0,0,0,0,0,0,0,0,0,0,0,0,0,0,0,0,0,0,0,0,0,0,0,0,0,0,0,0,0,0,0,0,0,0,0,0,0,0,0,0,0,0,0,0,0,0,0,0,0,0,0,0,0,0,0,0,0,0,0,0,0,0,0,0,0,0,0,0,0,0,0,0,0,0,0,0,0,0,0,0,0,0,0,0,0,0,0,0,0,0,0,0,0,0,0,0,0,0,0,0,0,0,0,0,0,0,0,0,0,0,0,0,0,0,0,0,0,0,0,0,0,0,0,0,0,0,0,0,0,0,0,0,0,0,0,0,0,0,0,0,0,0,0,0,0,0,0,0,0,0,0,0,0,0,0,0,0,0,0,0,0,0,0,0,0,0,0,0,0,0,0,0,0,0,0,0,0,0,0,0,0,0,0,0,0,0,0,0,0,0,0,0,0,0,0,0,0,0,0,0,0,0,0,0,0,0,0,0,0,0,0,0,0,0,0,0,0,0,0,0,0,0,0,0,0,0,0,0,0,0,0,0,0,0,0,0,0,0,0,0,0,0,0,0,0,0,0,0,0,0,0,0,0,0,0,0,0,0,0,0,0,0,0,0,0,0,0,0,0,0,0,0,0,0,0,0,0,0,0,0,0,0,0,0,0,0,0,0,0,0,0,0,0,0,0,0,0,0,0,0,0,0,0,0,0,0,0,0,0,0,0,0,0,0,0,0,0,0,0,0,0,0,0,0,0,0,0,0,0,0,0,0,0,0,0,0,0,0,0,0
"XH24-11187 2",0,0,0,0,0,0,0,0,0,0,0,0,0,0,0,0,0,0,0,0,0,0,0,0,0,0,0,0,0,0,0,0,0,0,0,0,0,0,0,0,0,0,0,0,0,0,0,0,0,0,0,0,0,0,0,0,0,0,0,0,0,0,0,0,0,0,0,0,0,0,0,0,0,0,0,0,0,0,0,0,0,0,0,0,0,0,0,0,0,0,0,0,0,0,0,0,0,0,0,0,0,0,0,0,0,0,0,0,0,0,0,0,0,0,0,0,0,0,0,0,0,0,0,0,0,0,0,0,0,0,0,0,0,0,0,0,0,0,0,0,0,0,0,0,0,0,0,0,0,0,0,0,0,0,0,0,0,0,0,0,0,0,0,0,0,0,0,0,0,0,0,0,0,0,0,0,0,0,0,0,0,0,0,0,0,0,0,0,0,0,0,0,0,0,0,0,0,0,0,0,0,0,0,0,0,0,0,0,0,0,0,0,0,0,0,0,0,0,0,0,0,0,0,0,0,0,0,0,0,0,0,0,0,0,0,0,0,0,0,0,0,0,0,0,0,0,0,0,0,0,0,0,0,0,0,0,0,0,0,0,0,0,0,0,0,0,0,0,0,0,0,0,0,0,0,0,0,0,0,0,0,0,0,0,0,0,0,0,0,0,0,0,0,0,0,0,0,0,0,0,0,0,0,0,0,0,0,0,0,0,0,0,0,0,0,0,0,0,0,0,0,0,0,0,0,0,0,0,0,0,0,0,0,0,0,0,0,0,0,0,0,0,0,0,0,0,0,0
"XH24-15014 1",0,0,0,0,0,0,0,0,0,0,0,0,0,0,0,0,0,0,0,0,0,0,0,0,0,0,0,0,0,0,0,0,0,0,0,0,0,0,0,0,0,0,0,0,0,0,0,0,0,0,0,0,0,0,0,0,0,0,0,0,0,0,0,0,0,0,0,0,0,0,0,0,0,0,0,0,0,0,0,0,0,0,0,0,0,0,0,0,0,0,0,0,0,0,0,0,0,0,0,0,0,0,0,0,0,0,0,0,0,0,0,0,0,0,0,0,0,0,0,0,0,0,0,0,0,0,0,0,0,0,0,0,0,0,0,0,0,0,0,0,0,0,0,0,0,0,0,0,0,0,0,0,0,0,0,0,0,0,0,0,0,0,0,0,0,0,0,0,0,0,0,0,0,0,0,0,0,0,0,0,0,0,0,0,0,0,0,0,0,0,0,0,0,0,0,0,0,0,0,0,0,0,0,0,0,0,0,0,0,0,0,0,0,0,0,0,0,0,0,0,0,0,0,0,0,0,0,0,0,0,0,0,0,0,0,0,0,0,0,0,0,0,0,0,0,0,0,0,0,0,0,0,0,0,0,0,0,0,0,0,0,0,0,0,0,0,0,0,0,0,0,0,0,0,0,0,0,0,0,0,0,0,0,0,0,0,0,0,0,0,0,0,0,0,0,0,0,0,0,0,0,0,0,0,0,0,0,0,0,0,0,0,0,0,0,0,0,0,0,0,0,0,0,0,0,0,0,0,0,0,0,0,0,0,0,0,0,0,0,0,0,0,0,0,0,0,0,0
"XH24-15014 2",0,0,0,0,0,0,0,0,0,0,0,0,0,0,0,0,0,0,0,0,0,0,0,0,0,0,0,0,0,0,0,0,0,0,0,0,0,0,0,0,0,0,0,0,0,0,0,0,0,0,0,0,0,0,0,0,0,0,0,0,0,0,0,0,0,0,0,0,0,0,0,0,0,0,0,0,0,0,0,0,0,0,0,0,0,0,0,0,0,0,0,0,0,0,0,0,0,0,0,0,0,0,0,0,0,0,0,0,0,0,0,0,0,0,0,0,0,0,0,0,0,0,0,0,0,0,0,0,0,0,0,0,0,0,0,0,0,0,0,0,0,0,0,0,0,0,0,0,0,0,0,0,0,0,0,0,0,0,0,0,0,0,0,0,0,0,0,0,0,0,0,0,0,0,0,0,0,0,0,0,0,0,0,0,0,0,0,0,0,0,0,0,0,0,0,0,0,0,0,0,0,0,0,0,0,0,0,0,0,0,0,0,0,0,0,0,0,0,0,0,0,0,0,0,0,0,0,0,0,0,0,0,0,0,0,0,0,0,0,0,0,0,0,0,0,0,0,0,0,0,0,0,0,0,0,0,0,0,0,0,0,0,0,0,0,0,0,0,0,0,0,0,0,0,0,0,0,0,0,0,0,0,0,0,0,0,0,0,0,0,0,0,0,0,0,0,0,0,0,0,0,0,0,0,0,0,0,0,0,0,0,0,0,0,0,0,0,0,0,0,0,0,0,0,0,0,0,0,0,0,0,0,0,0,0,0,0,0,0,0,0,0,0,0,0,0,0,0
"XH24-16739 1",0,0,0,0,0,0,0,0,0,0,0,0,0,0,0,0,0,0,0,0,0,0,0,0,0,0,0,0,0,0,0,0,0,0,0,0,0,0,0,0,0,0,0,0,0,0,0,0,0,0,0,0,0,0,0,0,0,0,0,0,0,0,0,0,0,0,0,0,0,0,0,0,0,0,0,0,0,0,0,0,0,0,0,0,0,0,0,0,0,0,0,0,0,0,0,0,0,0,0,0,0,0,0,0,0,0,0,0,0,0,0,0,0,0,0,0,0,0,0,0,0,0,0,0,0,0,0,0,0,0,0,0,0,0,0,0,0,0,0,0,0,0,0,0,0,0,0,0,0,0,0,0,0,0,0,0,0,0,0,0,0,0,0,0,0,0,0,0,0,0,0,0,0,0,0,0,0,0,0,0,0,0,0,0,0,0,0,0,0,0,0,0,0,0,0,0,0,0,0,0,0,0,0,0,0,0,0,0,0,0,0,0,0,0,0,0,0,0,0,0,0,0,0,0,0,0,0,0,0,0,0,0,0,0,0,0,0,0,0,0,0,0,0,0,0,0,0,0,0,0,0,0,0,0,0,0,0,0,0,0,0,0,0,0,0,0,0,0,0,0,0,0,0,0,0,0,0,0,0,0,0,0,0,0,0,0,0,0,0,0,0,0,0,0,0,0,0,0,0,0,0,0,0,0,0,0,0,0,0,0,0,0,0,0,0,0,0,0,0,0,0,0,0,0,0,0,0,0,0,0,0,0,0,0,0,0,0,0,0,0,0,0,0,0,0,0,0,0
"XH24-17428 1",0,0,0,0,0,0,0,0,0,0,0,0,0,0,0,0,0,0,0,0,0,0,0,0,0,0,0,0,0,0,0,0,0,0,0,0,0,0,0,0,0,0,0,0,0,0,0,0,0,0,0,0,0,0,0,0,0,0,0,0,0,0,0,0,0,0,0,0,0,0,0,0,0,0,0,0,0,0,0,0,0,0,0,0,0,0,0,0,0,0,0,0,0,0,0,0,0,0,0,0,0,0,0,0,0,0,0,0,0,0,0,0,0,0,0,0,0,0,0,0,0,0,0,0,0,0,0,0,0,0,0,0,0,0,0,0,0,0,0,0,0,0,0,0,0,0,0,0,0,0,0,0,0,0,0,0,0,0,0,0,0,0,0,0,0,0,0,0,0,0,0,0,0,0,0,0,0,0,0,0,0,0,0,0,0,0,0,0,0,0,0,0,0,0,0,0,0,0,0,0,0,0,0,0,0,0,0,0,0,0,0,0,0,0,0,0,0,0,0,0,0,0,0,0,0,0,0,0,0,0,0,0,0,0,0,0,0,0,0,0,0,0,0,0,0,0,0,0,0,0,0,0,0,0,0,0,0,0,0,0,0,0,0,0,0,0,0,0,0,0,0,0,0,0,0,0,0,0,0,0,0,0,0,0,0,0,0,0,0,0,0,0,0,0,0,0,0,0,0,0,0,0,0,0,0,0,0,0,0,0,0,0,0,0,0,0,0,0,0,0,0,0,0,0,0,0,0,0,0,0,0,0,0,0,0,0,0,0,0,0,0,0,0,0,0,0,0,0
"XH24-17428 2",0,0,0,0,0,0,0,0,0,0,0,0,0,0,0,0,0,0,0,0,0,0,0,0,0,0,0,0,0,0,0,0,0,0,0,0,0,0,0,0,0,0,0,0,0,0,0,0,0,0,0,0,0,0,0,0,0,0,0,0,0,0,0,0,0,0,0,0,0,0,0,0,0,0,0,0,0,0,0,0,0,0,0,0,0,0,0,0,0,0,0,0,0,0,0,0,0,0,0,0,0,0,0,0,0,0,0,0,0,0,0,0,0,0,0,0,0,0,0,0,0,0,0,0,0,0,0,0,0,0,0,0,0,0,0,0,0,0,0,0,0,0,0,0,0,0,0,0,0,0,0,0,0,0,0,0,0,0,0,0,0,0,0,0,0,0,0,0,0,0,0,0,0,0,0,0,0,0,0,0,0,0,0,0,0,0,0,0,0,0,0,0,0,0,0,0,0,0,0,0,0,0,0,0,0,0,0,0,0,0,0,0,0,0,0,0,0,0,0,0,0,0,0,0,0,0,0,0,0,0,0,0,0,0,0,0,0,0,0,0,0,0,0,0,0,0,0,0,0,0,0,0,0,0,0,0,0,0,0,0,0,0,0,0,0,0,0,0,0,0,0,0,0,0,0,0,0,0,0,0,0,0,0,0,0,0,0,0,0,0,0,0,0,0,0,0,0,0,0,0,0,0,0,0,0,0,0,0,0,0,0,0,0,0,0,0,0,0,0,0,0,0,0,0,0,0,0,0,0,0,0,0,0,0,0,0,0,0,0,0,0,0,0,0,0,0,0,0
"XH24-18297 2",0,0,0,0,0,0,0,0,0,0,0,0,0,0,0,0,0,0,0,0,0,0,0,0,0,0,0,0,0,0,0,0,0,0,0,0,0,0,0,0,0,0,0,0,0,0,0,0,0,0,0,0,0,0,0,0,0,0,0,0,0,0,0,0,0,0,0,0,0,0,0,0,0,0,0,0,0,0,0,0,0,0,0,0,0,0,0,0,0,0,0,0,0,0,0,0,0,0,0,0,0,0,0,0,0,0,0,0,0,0,0,0,0,0,0,0,0,0,0,0,0,0,0,0,0,0,0,0,0,0,0,0,0,0,0,0,0,0,0,0,0,0,0,0,0,0,0,0,0,0,0,0,0,0,0,0,0,0,0,0,0,0,0,0,0,0,0,0,0,0,0,0,0,0,0,0,0,0,0,0,0,0,0,0,0,0,0,0,0,0,0,0,0,0,0,0,0,0,0,0,0,0,0,0,0,0,0,0,0,0,0,0,0,0,0,0,0,0,0,0,0,0,0,0,0,0,0,0,0,0,0,0,0,0,0,0,0,0,0,0,0,0,0,0,0,0,0,0,0,0,0,0,0,0,0,0,0,0,0,0,0,0,0,0,0,0,0,0,0,0,0,0,0,0,0,0,0,0,0,0,0,0,0,0,0,0,0,0,0,0,0,0,0,0,0,0,0,0,0,0,0,0,0,0,0,0,0,0,0,0,0,0,0,0,0,0,0,0,0,0,0,0,0,0,0,0,0,0,0,0,0,0,0,0,0,0,0,0,0,0,0,0,0,0,0,0,0,0
"XH24-18298 1",0,0,0,0,0,0,0,0,0,0,0,0,0,0,0,0,0,0,0,0,0,0,0,0,0,0,0,0,0,0,0,0,0,0,0,0,0,0,0,0,0,0,0,0,0,0,0,0,0,0,0,0,0,0,0,0,0,0,0,0,0,0,0,0,0,0,0,0,0,0,0,0,0,0,0,0,0,0,0,0,0,0,0,0,0,0,0,0,0,0,0,0,0,0,0,0,0,0,0,0,0,0,0,0,0,0,0,0,0,0,0,0,0,0,0,0,0,0,0,0,0,0,0,0,0,0,0,0,0,0,0,0,0,0,0,0,0,0,0,0,0,0,0,0,0,0,0,0,0,0,0,0,0,0,0,0,0,0,0,0,0,0,0,0,0,0,0,0,0,0,0,0,0,0,0,0,0,0,0,0,0,0,0,0,0,0,0,0,0,0,0,0,0,0,0,0,0,0,0,0,0,0,0,0,0,0,0,0,0,0,0,0,0,0,0,0,0,0,0,0,0,0,0,0,0,0,0,0,0,0,0,0,0,0,0,0,0,0,0,0,0,0,0,0,0,0,0,0,0,0,0,0,0,0,0,0,0,0,0,0,0,0,0,0,0,0,0,0,0,0,0,0,0,0,0,0,0,0,0,0,0,0,0,0,0,0,0,0,0,0,0,0,0,0,0,0,0,0,0,0,0,0,0,0,0,0,0,0,0,0,0,0,0,0,0,0,0,0,0,0,0,0,0,0,0,0,0,0,0,0,0,0,0,0,0,0,0,0,0,0,0,0,0,0,0,0,0,0
"XH24-18298 2",0,0,0,0,0,0,0,0,0,0,0,0,0,0,0,0,0,0,0,0,0,0,0,0,0,0,0,0,0,0,0,0,0,0,0,0,0,0,0,0,0,0,0,0,0,0,0,0,0,0,0,0,0,0,0,0,0,0,0,0,0,0,0,0,0,0,0,0,0,0,0,0,0,0,0,0,0,0,0,0,0,0,0,0,0,0,0,0,0,0,0,0,0,0,0,0,0,0,0,0,0,0,0,0,0,0,0,0,0,0,0,0,0,0,0,0,0,0,0,0,0,0,0,0,0,0,0,0,0,0,0,0,0,0,0,0,0,0,0,0,0,0,0,0,0,0,0,0,0,0,0,0,0,0,0,0,0,0,0,0,0,0,0,0,0,0,0,0,0,0,0,0,0,0,0,0,0,0,0,0,0,0,0,0,0,0,0,0,0,0,0,0,0,0,0,0,0,0,0,0,0,0,0,0,0,0,0,0,0,0,0,0,0,0,0,0,0,0,0,0,0,0,0,0,0,0,0,0,0,0,0,0,0,0,0,0,0,0,0,0,0,0,0,0,0,0,0,0,0,0,0,0,0,0,0,0,0,0,0,0,0,0,0,0,0,0,0,0,0,0,0,0,0,0,0,0,0,0,0,0,0,0,0,0,0,0,0,0,0,0,0,0,0,0,0,0,0,0,0,0,0,0,0,0,0,0,0,0,0,0,0,0,0,0,0,0,0,0,0,0,0,0,0,0,0,0,0,0,0,0,0,0,0,0,0,0,0,0,0,0,0,0,0,0,0,0,0,0
