"Slide_number","Allocated_Discarded","Number_of_Sections_Per_Slide","Transplant_date_OR_Harvest_date","Recipient_code","RECIPIENT_DATA","Recipient_birth_date","Recipient_Sex","Recipient_Race","Recipient_age_at_transplantation_date","Country_of_birth","Recipient_weight_Kg","Recipient_height_cm","Recipient_BMI_Kgm2","Recipient_CKD_ethiology","CKD_etiology_code","Pre_transplant_Renal_Replacement_Therapy","Pretransplant_time_on_Renal_Replacement_Therapy_months","Recipient_previous_kidney_transplant","Imunossupression_code","Antibody_induction_therapy","Cr1M","eGFR_CKD_EPI_1M","Cr3M","eGFR_CKD_EPI_3M","Cr6M","eGFR_CKD_EPI_6M","Cr12M","eGFR_CKD_EPI_12M","Cr3years","eGFR_CKD_EPI_3years","eGFR_Variation_1Y_3Y_total","eGFR_less30_OR_Dialysis__3Y","eGFR_less_30_dialysis_Decline_sup_5ml__3Y","Cr5years","eGFR_CKD_EPI_5years","eGFR_Variation_1Y_5Y_total","eGFR_less30_OR_Dialysis__5Y","eGFR_less_30_dialysis_Decline_sup_5ml__5Y","Cr10years","eGFRMDRD_10years","Cr_at_last_Followup","eGFR_CKD_EPI_last_follow_up","Last_follow_up_date","Follow_up_time_Months","eGFR_12M_ABOVE_50_CKD_EPI","eGFR_12M_ABOVE_55_CKD_EPI","eGFR_12M_ABOVE_60_CKD_EPI","Transplant_admission_discharge_date","Blood_units_needed_during_admission","HLA_A_mismatches","HLA_B_mismatches","HLA_DR_mismatches","Total_HLA_mismatches","PRA_Panel_Reactive_Antibodies","Cold_Ischemia_hours","Delayed_Graft_Function","Graft_loss_Returned_to_Dialysis","Return_to_dialysis_date","Graft_loss","Graft_loss_code","Graft_loss_date","Graft_loss_death_censored","Death_With_a_Functioning_Graft","Death","Death_date","Cause_of_death","FollowUp_Status","Biopsy_type_Allocation_0_Preimplantation_1","DONOR_VARIABLES","Kidney_used","Expanded_criteria_donor","Donor_age","Donor_Sex_0_Male_1_Female","Donor_race","Donor_height","Donor_weight_Kg","Donor_BMI","Donor_Hypertension_History","Donor_Diabetes_History","Donor_cause_of_death","Donor_cause_of_death_code","Donor_final_creatinine","Donor_eGFR_CKD_EPI_final_creatinine","Donation_after_Cardiac_Death_donor","KDRI_2024","KDPI_2024","KDPI_SUP_85_2024","Donor_HCV_Status","REMUZZI_CALCULATIONS","Glomerular_GT1","Vascular_GT1","IFTA_GT1","REMUZZI_GT1","REMUZZI_OnCall_RP","AI_FEATURES","COMPUTATIONAL_MORPHOMETRIC","Fibrointimal_thickening_AI_All_Estimations","Fibro15","Fibro20","Fibro25","Fibro25_human","Fibrointimal_thickening__AI_After_Human_Revision","IFTA_AI_PERCENTAGE","Glomerulosclerosis_PERCENTAGE_AI_PLUS_HUMAN_GT","Glomerulus_count","sGlomerulus_count","Glomerulosclerosis_ratio","Glomerular_density_count","Average_glomerular_area_","Std_glomerular_area","Average_glomerular_radius","Std_glomerular_radius","Glomerulosclerosis_density_count","Average_sclglomerular_area","Std_sclglomerular_area","Average_sclglomerular_radius","Std_sclglomerular_radius","Cortical_tubular_density","Averag_cortical_tubular_area","Std_cortical_tubular_area","Average_cortical_tubular_radius","Std_cortical_tubular_radius","Average_medullary_tubular_area","Std_medullary_tubular_area","Average_medullary_tubular_radius","Std_medullary_tubular_radius","Cortical_arterialolar_density","Average_lumen_to_wall_ratio","Cortical_glomerular_density_area","Cortical_tubular_density_area","Cortical_artery_density_area","Medullary_tubular_density_area","Medullary_arteriole_density_area","Gloms_cortex_tubules_ratio_","Cortical_interstitial_density","Total_nephron_density_count","Medullary_interstitial_density","Cortical_tubule_count","Cortical_artery_arteriole_count","Glom_Area","Glomerular_Mesangial_Area","Glomerular_Mesangial_Fraction","Glomerular_Mesangial_Area_Reviewed_MF01","Glomerular_Mesangial_Fraction_Reviewed_MF01","Average_TBM_Thickness_TF_Cortical","Average_Cell_Thickness_TF_Cortical","Luminal_Fraction_TF_Cortical","TUBULAR_Average_TBM_Thickness_TF_CT_Rev","TUBULAR_Average_Cell_Thickness_TF_CT_Rev","TUBULAR_Luminal_Fraction_TF_Rev","VASCULAR_Luminal_ratio_V_Mean","VASCULAR_Arterial_Area_V_Mean","VASCULAR_Luminal_ratio_Mean_Rev","VASCULAR_Arterial_Area_Mean_Rev","VASCULAR_Luminal_ratio_V_ARTERY_Max_AREA","VASCULAR_Arterial_Area_V_ARTERY_Max_AREA","VASCULAR_Luminal_ratio_V_MaxAr_Rev","VASCULAR_Arterial_Area_V_MaxAr_Rev","VASCULAR_Luminal_ratio_V_INF35000_ARTERIOLAR","VASCULAR_Arterial_Area_V_INF35000_ARTERIOLAR","VASCULAR_Luminal_ratio_V_INF35_Rev","VASCULAR_Arterial_Area_V_INF35_Rev","VASCULAR_Luminal_ratio_V_SUP35000_ARTERY_MEAN","VASCULAR_Arterial_Area_V_SUP35000_ARTERY_MEAN","VASCULAR_Luminal_ratio_V_SUP35_Rev","VASCULAR_Arterial_Area_V_SUP35_Rev","T_cluster8_feat77","G_cluster1_feat65","G_cluster2_feat7","G_cluster5_feat54","T_cluster6_feat77","G_cluster1_feat71","T_cluster8_feat75","G_cluster2_feat8","A_cluster2_feat23","T_cluster6_feat17","T_cluster8_feat25","T_cluster8_feat17","T_cluster6_feat53","T_cluster8_feat70","A_cluster2_feat26","T_cluster4_feat27","T_cluster6_feat51","T_cluster6_feat75","G_cluster1_feat69","G_cluster6_feat49","T_cluster6_feat66","T_cluster8_feat19","T_cluster6_feat67","G_cluster1_feat73","T_cluster6_feat58","A_cluster2_feat76","T_cluster8_feat55","T_cluster4_feat20","T_cluster8_feat71","T_cluster8_feat14","T_cluster8_feat66","A_cluster2_feat68","T_cluster4_feat24","T_cluster6_feat48","T_cluster8_feat76","T_cluster4_feat46","G_cluster6_feat70","T_cluster8_feat5","G_cluster6_feat58","T_cluster8_feat4","T_cluster4_feat17","T_cluster6_feat19","T_cluster4_feat54","G_cluster1_feat68","A_cluster2_feat58","G_cluster1_feat2","G_cluster1_feat75","T_cluster8_feat64","A_cluster2_feat59","G_cluster1_feat21","T_cluster4_feat75","T_cluster6_feat54","T_cluster4_feat62","T_cluster8_feat54","T_cluster6_feat56","T_cluster4_feat57","A_cluster2_feat13","T_cluster6_feat4","T_cluster8_feat48","G_cluster1_feat6","T_cluster6_feat14","A_cluster5_feat63","T_cluster4_feat19","T_cluster6_feat76","G_cluster5_feat55","T_cluster8_feat50","T_cluster5_feat66","A_cluster2_feat12","A_cluster5_feat21","A_cluster2_feat71","T_cluster6_feat22","T_cluster6_feat18","T_cluster8_feat46","T_cluster6_feat13","T_cluster4_feat64","A_cluster2_feat16","T_cluster6_feat55","A_cluster2_feat27","G_cluster6_feat69","T_cluster6_feat25","A_cluster2_feat14","T_cluster8_feat8","G_cluster1_feat64","T_cluster8_feat47","T_cluster8_feat67","T_cluster5_feat77","T_cluster4_feat65","T_cluster6_feat26","G_cluster1_feat7","G_cluster2_feat54","G_cluster8_feat77","G_cluster6_feat72","T_cluster5_feat21","T_cluster8_feat13","G_cluster1_feat3","G_cluster7_feat2","T_cluster8_feat7","T_cluster8_feat26","G_cluster8_feat25"
"H11-02415 - 1",1,3,"2/23/2011",19507187,0,"5/3/1946 0:00:00",0,0,64,"Portugal",69,172,23.3234180638183,"Undetermined",5,1,57,0,1,2,1.7,44.46068651,1.67,45.42083402,1.25,64.30175914,1.3,60.9651770751759,1.23,64.34661618,1.69071955241205,0,0,1.26,61.73979425,0.193654293706025,0,0,1.75,38.2928862265749,2.58,25.10768933,"9/23/2021 0:00:00",127,1,1,1,"3/4/2011 0:00:00",0,1,2,2,5,0,17,0,1,"9/23/2021",1,1,"9/23/2021 0:00:00",1,0,0," ",0,0,0,0,1,1,73,1,0,160,57,22.265625,1,0,"Stroke (hemorrhagic)",1,0.8,77.75081792,0,1.72,96,1,0,0,1,1,0,2,4,0,0,14.32538675,0,0,0,0,14.32538675,1.142312871,8.33333333333333,35,1,0.027777778,0,312955.3,126222.3563,276.0590913,71.78185892,0,55433.5,0,124.4869471,0,0,0,0,0,0,30299.66026,29608.45021,64.756991,24.93232118,0,0.812160342,0,0,0,0.236131273,0.015184189,0.120972941,8.012368386,1.91771e-05,0.763868727,2205,86,342797.5,44220,0.162880575,66199.13043,0.206535103,6.21702522,23.13592206,0.296422026,6.130906503,22.67927096,0.303273734,0.530753899,25054.97059,0.530753899,25054.97059,0.766721703,89698.5,0.766721703,89698.5,0.520590317,9381.75,0.520590317,9381.75,0.58727845,65333.625,0.555146495,62670.7,0.397185319295501,2.5597873441134,3.06279447291866e-05,979.365906826549,0.486568805539538,448.9319258985,5.01180596664092,0.000270450722477638,0.000747165663788492,0.00816519346669028,0.000925893869727291,0.00615694301745411,0.973340202375105,2.46652434742236,0.00292720437573258,31.6821491675778,0.977257599746213,4.63772231135705,1247.82756057297,0.896360304970823,1.44848515372541,10.3640243902728,101.006408272385,96157.5,0.114325502576215,25054.9705882353,0.639518784727043,8.68509394415817,446.22642272381,0.00299914504534368,1.37063727312919,25074.2941176471,8.68509394126,0.800726202834106,19.1238826860524,592.554575020419,1.16506785086545,0.000368148756526979,0.114941271164881,4.18845357254303e-05,0.00761671389996277,14.6581216146859,1343.98941499539,96195.2,0.114600857307272,2.47881919246962,96157.5,110.994266055046,2858.94117647059,498422.5875,4.86991023859882,808.420100228659,0.790137663530904,1046.44177966593,0.965264880185313,0.414801718401872,0.000187568759001107,2.09249751650202e-05,0.778660457158225,2.47881917953491,0.00458757196579682,0,7.03631053952729,19.7725629967658,0.570109284561102,290.135220777099,1.29221117131418,21824.3069036147,0,193.235964212326,0.000155740198038174,5.91883977149662,601.959820263576,1.17536557318732e-05,40.163694721826,0.000647033030733456,0.729722474911197,23.77939044728,2259.36405589705,0.000613912569249674,0.00125953295572322,0.00161497640921528,100.4,0.923687457234208,83.6122012469819,0.445650370254315,2.36155656089043,0.000720643688811744,0.000124922191070586,1274.71281689712,0.168324566433733,624.307962238648,4720297.38333333,2.38498204563475e-05,28667.03671875,2.49900193192517,0.000183512956433475,0.00110170956255704,0.000187230705135701
"H11-11431 - 1",1,2,"9/21/2011",19480101199,0,"1/19/1948 0:00:00",0,0,63,"Portugal",64,165,23.5078053259871,"Undetermined",5,1,31,0,2,2,1.84,40.68501589,1.85,40.42125594,2.01,36.59153334,2.1,34.5025914961238,2.27,31.03714935,-1.7327210730619,0,0,2.76,24.24487454,-2.56442923903095,1,1,0,0,2.12,32.69572448,"11/14/2018 0:00:00",86,0,0,0,"10/12/2011 0:00:00",0,1,1,1,3,0,13,0,0," ",1,6," ",0,1,1,"12/23/2018 0:00:00",1,1,0,0,1,1,72,1,0,160,80,31.25,0,0,"Head Thrauma",2,1,59.85686382,0,1.26,75,0,0,0,1,1,2,4,3,0,0,17.37183162,1,0,0,0,17.37183162,1.146927687,20,15,4,0.210526316,1.61077e-07,390234.5333,219671.5421,287.8569107,65.9737243,4.2954e-08,111636.875,27021.42211,166.2712459,27.87243762,2.34743e-05,31644.48262,29833.87892,69.86014019,24.35160951,18113.21884,16316.85969,54.06998065,16.51412213,5.79879e-07,0.659490065,0.062857953,0.742833419,0.039904707,0.231835883,0.016598525,0.084619178,-0.593507527,1.96315e-05,0.768164117,2186,54,314109.5,71867,0.211629664,89417.33333,0.210029125,4.577644178,19.71261298,0.292939524,4.531656058,19.36678384,0.294633852,0.582445203,91384.33333,0.582445203,91384.33333,0.864306517,1068357.5,0.864306517,1068357.5,0.534177865,15221.79167,0.534177865,15221.79167,0.678979877,243709.4167,0.678979877,243709.4167,0.334967909450784,2.77202849082917,0,0,0.424111877724937,576.041025539116,4.35452333082008,0,0.000772873558011231,0.00350404703482561,0.000770941247008673,0.00714385902609989,0.980123676308653,2.30068026245014,0.00287118580808973,27.862733831561,0.98149447245537,4.44201414518697,1666.31314831953,0.894714599899399,1.17610014777669,8.34484838238054,29.1423920574438,190232.25,0.10765555551689,33915.3235294118,0.557094465202551,6.95196877800769,474.42884220434,0.00355022137977413,1.25110215368753,33943.6470588235,6.95196877801361,0.657593257371623,20.0591111175029,1046.79674836109,2.12836631533064,0.000200038789571912,0.110676537578315,2.16272828472881e-05,0.0134026841103125,11.1139850139771,1926.97021191273,190287.75,0.111620836807863,1.60207448336459,190232.25,308.098591549296,3786.94117647059,1070063.1875,3.7341636428689,1556.1262757392,0.843448223477001,1616.75158322992,0.933811625110033,0.341699898178,0.000118838660313131,9.19483077127092e-06,0.658258331145664,1.6020744740963,0.00147085130522296,0,5.92609086607263,19.0036921872233,0,212.184546351007,0,18932.0797047335,0,243.237251197398,9.55090980136011e-05,4.31295703706287,1085.42132850145,8.93063297177393e-06,79.9964228934817,0.000434894327504246,0.588179330181189,33.1020566154929,4201.91422895836,0.000472919660059728,0.000357470152713891,0.000824624663446134,355.5,0.91521576291078,32.1351022206478,0,2.4963686843374,0.000543623850938415,4.490458862079e-05,0,0.20507685113195,729.405863600448,0,1.99207173511947e-05,33859.7734375,1.70090859969102,8.90834841347434e-05,0.000887141463414063,0.00014914202921762
"H11-15201 - 2",1,3,"12/17/2011",19790699,0,"2/4/1952 0:00:00",0,0,59,"Portugal",62,170,21.4532871972318,"Undetermined",5,1,32,0,2,2,1.74,44.60266515,1.53,52.04633957,1.9,40.13429021,2,37.5044590274056,2.19,33.21880057,-2.1428292287028,0,0,1.98,37.02683933,-0.1194049243514,0,0,1.7,0,1.9,37.22025762,"3/21/2023 0:00:00",135,0,0,0,"1/2/2012 0:00:00",0,1,1,1,3,0,25,0,0," ",0,0," ",0,0,0," ",0,0,0,0,2,1,73,0,0,170,78,26.9896193771626,1,0,"Stroke (hemorrhagic)",1,1.1,70.88177417,0,1.5,90,1,0,0,1,2,2,5,3,0,0,39.0721,1,1,1,1,39.0721,1.008737699,11.1111111111111,48,4,0.076923077,4.87107e-07,240648.1979,128990.4761,233.4378838,95.16293181,4.05922e-08,92864.5,5630.905833,153.3609585,7.205303471,2.71055e-05,35447.27668,30452.56765,73.07009347,24.07436382,35400.36136,44707.45465,55.22824186,19.54214531,7.10364e-07,0.513588335,0.11722133,0.960814515,0.027558204,0.304369019,0.00230864,0.122002039,-0.128532407,1.64031e-05,0.695630981,2671,70,268955.5,59607,0.226112379,73088.85714,0.247114793,5.955322818,42.11099601,0,5.575215144,20.86946464,0.343435365,0.452868202,46665.75,0.452868202,46665.75,0.335861267,166547,0.335861267,166547,0.434483092,13165.625,0.434483092,13165.625,0.477381681,91332.58333,0.477381681,91332.58333,0.404418322034938,2.8415596301296,0,0,0.445208988011997,420.73809216497,5.6151300966089,0,0.000593042732393247,0.00165525344270512,0.000801724095984704,0.00302170439115294,0.970901544419383,2.7570573287774,0.00241781018017482,28.7769304182053,0.973015020382611,5.66219856148917,1252.49896338453,0.899027820213933,1.48154526539257,9.40122313555097,71.0593167169668,128593,0.11251517249114,46665.75,0.636867614399419,7.71712833571827,490.199225286173,0.00112211802220495,1.48661267490955,46695.1428571429,7.71712833669235,0.73858195699257,19.6430802169398,666.681798411868,1.13396276517793,0.000288940166574195,0.113169553613824,3.25000658432158e-05,0.00689274750981856,11.7484169843185,1550.1082276896,128640.619047619,0.112965471715661,1.88781086840599,128593,138.299145299145,5303.78571428571,518043.089724586,4.91470211396111,906.463839507751,0.792337952412466,1152.92333253881,0.96032363783512,0.406783434475291,0.000124135876067405,1.42993168627854e-05,0.72853612674771,1.887810866038,0.000652094916732047,0,6.26173277579001,20.1928170228351,0,382.468457804232,1.60869158314311,59263.4603097098,0,262.058479481472,0.000101123041187215,6.02962277631844,627.283571230767,1.00429073138988e-05,45.97999321804,0.000501843123472225,0.715343042764687,28.0523821966989,2194.92719908458,0.000430532947364141,0.000331315065951044,0.00138780347744304,188.142857142857,0.923045993552059,65.3583064966617,0.520798009477507,2.56193121066985,0.000511822292639342,0.00109124888957348,0,0.219298216796588,620.232193530926,5065965.94444444,2.34432044254675e-05,29660.9398806436,0,0.000155874001577452,0.000955857109577399,0.00017822344041522
"H12-05837 - 1",1,2,"5/5/2012",19758339,0,"7/24/1981 0:00:00",0,0,30,"Portugal",89,185,26.0043827611395,"Chronic glomerulonephritis (IgA)",2,1,61,0,1,2,1.57,60.43235868,1.4,69.34185974,1.6,59.07519295,1.8,50.9707605976482,1.48,63.66958905,6.3494142261759,0,0,1.74,51.78273588,0.202993820587949,0,0,1.89,0,2.16,38.06858897,"4/23/2024 0:00:00",144,1,0,0,"5/14/2012 0:00:00",0,1,0,2,3,0,15,0,0," ",0,0," ",0,0,0," ",0,0,0,0,1,1,49,0,0,170,90,31.1418685121107,1,0,"Stroke (hemorrhagic - aneurysm rupture)",1,0.8,108.4893318,0,0.96,46,0,0,0,0,1,2,3,3,0,0,11.1849656,0,0,0,0,11.1849656,0.589310431,0,77,0,0,4.76595e-07,328691.2338,178458.8639,270.1442735,95.1699441,0,0,0,0,0,1.61361e-05,37524.6705,32216.20248,75.44621351,22.78373614,0,0,0,0,3.58993e-07,0.483112343,0.156652475,0.605503046,0.018168799,0,0,0.258714594,0.035689104,1.66127e-05,0,2607,58,373174.5,59990,0.171555315,81948.03704,0.222183698,8.191637207,45.01114345,0.005192261,6.074105978,19.95809384,0.246609251,0.49996569,60472.86667,0.49996569,60472.86667,0.687211135,265421,0.687211135,265421,0.4834762,15646.38889,0.4834762,15646.38889,0.524699925,127712.5833,0.524699925,127712.5833,0.320537787208345,2.86612374920689,1.86030480858572e-05,0,0.461919090713344,462.285035704696,5.83760068883343,0.000165487803848533,0.00149042681382853,0.00132974364715216,0.000537765272159751,0.00251894074584553,0.967543602233869,2.18103052091626,0.0045566253872568,25.1009140122206,0.970304974835735,6.53383130495538,1362.4169356791,0.896863968728652,1.42745401992373,6.62585019354731,55.9352764917033,139825.98,0.112405455057069,60472.8666666667,0.594727291156833,6.04519523733475,518.86512479594,0.000895078557442858,1.44690400630133,60509.2,6.04519523824542,0.716287640977006,19.473182613964,1070.69945061646,1.19251870324795,0.000191305426673867,0.113985589084944,2.10683323721022e-05,0.00665911972983102,10.9326779212918,2027.91809040527,139875,0.113556754654497,1.82147192876503,139825.98,296.620795107034,6803.86666666667,627871.557874985,5.59670501353186,1134.12957606162,0.809086900696743,1560.86644629101,0.951969443486957,0.374481722315115,0.000101743467232137,1.36579620652066e-05,0.681350164173594,1.8214719247818,0.000351246725530773,0,4.94555684637117,17.7121583454589,0,457.460227420621,0,61314.48203125,0,350.159816850244,0.000105334230345499,6.97486819719013,943.289440958084,1.10290426151683e-05,97.6806722689076,0.000410482325839547,0.719262199564008,28.9970043182373,2634.09968136805,0.000445178835988687,0.000257144158013637,0.00097057173822965,217.88,0.921335121465735,40.5616987047332,0,2.57585610369014,0.000527606224891766,0.00262244011565922,1484.90708623951,0.179329997026571,714.502410845535,0,2.03599748595976e-05,28986.3442974854,2.12687509866906,0.000106730584699279,0.000642913223262539,0.000168009939804441
"H12-05837 - 2",1,2,"5/5/2012",1508,0,"11/28/1952 0:00:00",0,0,59,"Portugal",68,169,23.8086901719127,"ADPKD",4,1,62,1,1,2,1.61,48.95858492,1.7,45.86497934,1.3,63.28312035,1.4,57.5393905342541,1.22,67.03244929,4.74652937787295,0,0,1.25,64.30175914,1.69059215143647,0,0,1.6,0,1.81,39.37359625,"5/9/2024 0:00:00",144,1,1,0,"6/4/2012 0:00:00",0,0,2,1,3,6,17,1,0," ",0,0," ",0,0,0," ",0,0,0,0,2,1,49,0,0,170,90,31.1418685121107,1,0,"Stroke (hemorrhagic - aneurysm rupture)",1,0.8,108.4893318,0,0.96,46,0,0,0,1,2,2,5,4,0,0,35.3975,1,1,1,1,35.3975,4.643874818,14.2857142857143,25,4,0.137931034,-7.68001093142036e-07,432723.8,199473.3526,296.475927,100.4853456,-1.2288017e-07,140132.25,46397.62556,195.1178637,33.52639641,0,0,0,0,0,21175.93569,17923.43911,62.1030129,20.14788141,0,0.838058329,0,0,0,0.295031155,0.009143516,0.235201421,0.828145855,2.7237e-05,0.704968845,1000,27,449600.5,66870,0.134763967,81247.47059,0.185774919,6.193156185,18.4353325,0.279390318,6.084599279,17.63163298,0.296732814,0.533621604,76497.8,0.533621604,76497.8,0.539838021,215014.5,0.539838021,215014.5,0.571517827,9832.25,0.571517827,9832.25,0.508357455,120941.5,0.508357455,120941.5,0.500189155603658,2.71832720541905,0,1124.01031373653,0.474520135472709,502.029989719851,5.24591576922253,0,0.000642860246541663,0.00277494060735388,0.000894967629242005,0.00951626930626434,0.977284826930608,2.01354200888675,0.00254736779574533,28.9137117169155,0.979429899276001,6.5118372011717,1388.49324104203,0.898308048419275,1.59196595575342,9.46802504016856,50.9514990382216,142400.083333333,0.110965252857336,76497.8,0.589080297747175,7.57319675095507,427.951453948849,0.00499769902144287,1.64072312316619,76538.2,7.57319675550453,0.714753811013045,13.2302653547604,1101.34796496457,1.24649927579041,0.000271198014744339,0.114944617881918,3.02303165430232e-05,0.0115633688826117,10.9298348342574,1919.40796876412,142440.333333333,0.114784076371141,1.76886451658732,142400.083333333,196.173913043478,8840,479310.08984375,3.90267425103646,1185.97326805198,0.850689986994374,1554.69165415065,0.950261898111378,0.331729405296522,0.000126585011805293,1.21522888238092e-05,0.709393930565484,1.76886453231176,0.00112830231395389,0,6.54461766389199,16.3578562044342,0.673076760735131,192.709317967542,1.44896001658544,85507.3684570312,0,363.564433256865,9.81219708568956e-05,5.89890750860557,1038.76707131851,1.00899055042792e-05,58.1841257050766,0.000463076266659009,0.653400203051668,44.8945747375488,2679.76478913782,0.000450944989531736,0.000363277698800516,0.00127073201175682,262.5,0.911887417086363,51.310800393288,0.478734527874989,2.66521041971882,0.000522517947853771,0.000130907333916074,0,0.195600121424486,712.400739409262,4145365.625,1.9800155070511e-05,27708.5764567057,1.8208263878769,0.000141485495175327,0.0010252461572713,8.73478394493378e-05
"H12-06008 - 1",1,2,"5/8/2012",14030372,0,"9/6/1951 0:00:00",0,0,60,"Portugal",66,163,24.8409800895781,"Chronic pyelonephritis",4,1,26,0,6,0,1.35,60.10607627,1.2,69.23112757,1.1,76.85067353,1.2,68.8018945765631,1.1,75.43009511,3.31410026671845,0,0,1.06,77.88374461,2.27046250835922,0,0,0,0,1.13,70.79289901,"9/10/2019 0:00:00",88,1,1,1,"5/17/2012 0:00:00",0,1,1,0,2,2,15,0,0," ",1,6," ",0,1,1,"6/29/2020 0:00:00",2,1,0,0,1,1,68,0,0,170,60,20.7612456747405,1,0,"Stroke (hemorrhagic)",1,0.8,96.39797036,0,1.47,88,1,0,0,1,2,2,5,4,0,0,28.8814149,1,1,1,1,28.8814149,2.678810451,5.88235294117647,35,2,0.054054054,5.6798e-07,455265.4,333303.8177,293.0455786,136.5003516,3.2456e-08,294527,18570.5,282.5660636,14.29754143,2.40823e-05,42703.62163,40210.05925,80.0594324,27.46924437,12294.03427,8788.575699,50.74809131,16.07538678,6.16664e-07,0.669976045,0.258581441,1.028402848,0.02282197,0.246724486,0.021606117,0.251439833,-0.265651545,2.19155e-05,0.753275514,1484,38,507349,38886,0.131152489,148543.0667,0.288824012,5.659675434,22.71755391,0.334251903,5.659675434,22.71755391,0.334251903,0.558823962,20865.22727,0.558823962,20865.22727,0.24590043,46427,0.24590043,46427,0.601921997,16322.66667,0.601921997,16322.66667,0.364882804,41306.75,0.364882804,41306.75,0.389094201436898,3.18425888626906,1.85186051946052e-05,1184.96420684581,0.457576037662871,406.054345616128,5.39919854859773,0.000163429568828391,0.000594924796935811,0.00287661136939454,0.000865094403597251,0.00506045114175424,0.940968835457692,1.93728517234127,0.00269850790796593,26.6528145716867,0.945660104200662,5.2447633005748,1214.88402792522,0.89724420680023,1.40739798110132,9.28730438150911,52.4038637678021,86005.5454545455,0.112083388738511,20865.2272727273,0.618198940106989,7.29349806332351,421.795170010367,0.00228437581251762,1.4169331675639,20883.7272727273,7.29349806320292,0.712605461712868,22.1774363147044,685.927213099605,1.19678221460571,0.000265957428809508,0.113812611910587,2.97442229705441e-05,0.00938168789945283,12.3271103808649,1711.17348320779,86050.4545454545,0.113191536745467,1.90236087828537,86005.5454545455,196.967741935484,2354.27272727273,431064.959133495,3.87209501701652,1238.03752749235,0.724368099539282,1435.49587256035,0.947992287149124,0.419285346281172,0.000141339940845087,1.35685883963964e-05,0.709317261504166,1.90236087278886,0.00111775680199857,0,5.6396545441692,22.0361898982047,0.673847300005795,584.957373297647,1.30933699771666,15253.3136763139,0,207.931475678689,0.000122227519930018,6.47951998572419,834.128828503521,1.09813356884898e-05,39.9920442753373,0.000562683921021406,0.654605229467494,22.0779431082986,2913.0183873956,0.000527208296617948,0.000442079370893224,0.001294415506583,125.636363636364,0.914961907607934,51.7165043284803,0.491443476586943,2.54199867032894,0.000662862692872232,0.000428426953944105,1425.87862128395,0.199713459463205,786.709610030087,3404664.8,2.37676970248206e-05,19760.6976845481,2.0177992005392,0.000144491927479099,0.00110910362096524,0.000161132923007295
"H12-09036 - 1",1,1,"7/11/2012",3005054,0,"9/10/1948 0:00:00",0,0,63,"Portugal",67,162,25.5296448712087,"CAKUT",4,1,45,0,2,2,1.8,41.77234646,1.5,51.98838981,1.8,41.77234646,1.9,38.9054594803115,1.5,51.02738867,6.06096459484425,0,0,1.61,46.29347566,1.84700404492212,0,0,1.86,0,1.33,55.5619262,"3/20/2024 0:00:00",140,0,0,0,"7/20/2012 0:00:00",0,2,1,1,4,0,20,0,0," ",0,0," ",0,0,0," ",0,0,0,0,1,1,73,1,0,160,60,23.4375,1,0,"Stroke (hemorrhagic)",1,0.6,94.71733696,0,1.68,95,1,0,0,1,1,0,2,2,0,0,18.10524532,1,0,0,0,18.10524532,0.106929116,4.34782608695652,22,1,0.043478261,5.43394e-07,353676.1591,145732.8241,288.7811619,69.08680042,2.46997e-08,112088,0,166.7393175,0,1.87718e-05,35644.56908,28985.8927,75.19925718,22.82872459,19400.42159,19380.75819,53.51871438,14.35875854,5.43394e-07,0.488612584,0.192185595,0.669112785,0.024228678,0.252942842,0.002953989,0.287224515,-0.771268584,1.55854e-05,0.747057158,760,22,363619.5,144596.5,0.44221615,154003.619,0.430268334,7.915616377,20.39762201,0.321005788,7.915616377,20.39762201,0.321005788,0.366775169,55148.57692,0.366775169,55148.57692,0.554433006,338035,0.554433006,338035,0.347390979,20214.38889,0.347390979,20214.38889,0.410389596,133750.5,0.410389596,133750.5,0.441945277952372,2.91201033331971,2.18134096419941e-05,0,0.590475969219307,599.983073839563,7.67333196592391,0.000189753361794298,0.00163046595043438,0.00136251445045804,0.000897181573782062,0.00130650917705537,0.936771799560919,2.54935420612928,0.00513262156854026,30.2710808603124,0.942076959686764,8.16150907377246,1776.72231124802,0.894792375599674,1.70267250722835,9.65176962910121,89.4851385010485,223235,0.113362938052414,31574.7083333333,0.70250976488396,8.26794577723348,469.916465613307,0.000382835736879185,1.53861392336638,31599,8.26794577726181,0.760076502339208,17.5548981194481,788.996707726162,1.21257424027156,0.000260623784696745,0.116482268532548,2.93373361874459e-05,0.00757214973245206,15.9394346025556,1702.19761996138,223299.375,0.11213550939592,1.66802419163982,223235,155.527472527473,3545.08333333333,568342.7421875,6.10703325740616,816.737209607879,0.726894971756816,1108.14688223045,0.967783579927002,0.432656075439666,0.00017701010931892,1.76496809286698e-05,0.723291220304722,1.6680241972208,0.00042828439434881,0,6.22368423472191,15.4278919174179,0,927.717003068471,1.64350634926049,90516.9464518229,0,228.381539848189,0.000200757767373604,6.58472973108292,607.840111091851,1.53439192178323e-05,55.767616191904,0.000720499601843608,0.765465054941644,26.6332052548726,2544.34345982082,0.000689899504578214,0.000268112316237251,0.00104398373092041,410.875,0.922031923467954,63.5566406255531,0.633230734874436,2.58449883740652,0.000867693091711749,4.64749834346792e-05,1172.29572394181,0.394005756610848,678.172498855442,3592936.25,3.03154133596349e-05,40967.6916503906,1.99103639192453,0.000117517693959188,0.001225692748158,0.000200083746479583
"H12-12801 - 2",1,3,"10/12/2012",19250461,0,"7/30/1951 0:00:00",1,0,61,"Portugal",80,157,32.4556777151203,"Chronic pyelonephritis",4,1,33,0,2,2,1.7,33.90676343,1.4,42.80272305,1.5,39.4017518,1.4,42.5373461636107,2.09,25.97445691,-8.28144462680535,1,1,2.44,21.30356141,-5.30844618840267,1,1,0,0,4.54,9.972469655,"10/25/2019 0:00:00",84,0,0,0,"11/1/2012 0:00:00",1,1,1,1,3,0,16,1,0," ",1,6," ",0,1,1,"11/30/2019 0:00:00",1,1,0,0,2,1,67,0,0,170,85,29.4117647058824,1,0,"Stroke (hemorrhagic)",1,0.8,96.99936643,0,1.27,76,0,0,0,1,1,2,4,4,0,0,18.03480859,1,0,0,0,18.03480859,0.23649067,3.84615384615385,73,3,0.039473684,2.72045e-07,325336.5,132050.0116,273.1399673,66.81263428,1.11799e-08,77918.66667,8451.286927,145.0688007,8.26900251,1.46122e-05,43296.74892,40337.3243,79.30910688,29.38746027,0,0,0,0,4.58378e-07,0.524988418,0.088506265,0.632660171,0.033039967,0,0,0.139895428,-0.225761509,1.48954e-05,0,3921,123,339287.75,57948,0.178578261,69288.66667,0.196651048,5.624374241,26.49139538,0.252945479,5.624374241,26.49139538,0.252945479,0.560687158,50636.84,0.560687158,50636.84,0.77486962,206381.5,0.77486962,206381.5,0.573785901,19225.4,0.573785901,19225.4,0.541039044,97754,0.541039044,97754,0.268739117602728,2.88033450366246,0,1080.97237061538,0.280548445123144,355.399282086091,5.37302828580679,0,0.000478437486378102,0.00249137151862175,0.000702886056320071,0.00358385077977334,0.965961497407037,2.02209018710516,0.00206033626707842,29.1994489331144,0.968410092768116,5.51962264131076,1085.4018752209,0.899647229233162,1.41617281121412,8.47114487705463,53.6308107085838,94051.2857142857,0.11156938161031,50636.84,0.555367921886979,7.47870140489488,444.042329176527,0.00145696750487998,1.4166734258949,50668.08,7.47870140241742,0.714693254393003,26.7418308406714,700.532856756929,1.28609374690432,0.000241811415364203,0.114225103151001,2.69030063813751e-05,0.00592048220092991,10.792449985138,1611.40892463233,94091.2857142857,0.112139338267505,2.25778567553522,94051.2857142857,180.048879837067,5703.16,762952.416094099,5.16524092706059,1131.99683005958,0.785923767080719,1331.45743295991,0.950457015030134,0.395225580830254,9.12115499028196e-05,1.26353420366319e-05,0.712974780674616,2.25778569493975,0.00121062666820841,0,5.97595293293293,27.1931441167779,0.648693441246175,421.345529123373,1.48246091709196,41453.7837670898,0,295.304832473308,9.24764535935438e-05,5.65338379586184,758.500252865112,9.31162133005198e-06,58.4442439552508,0.000379845028059478,0.627887416293247,37.5034429931641,2255.585097815,0.000441357631267308,0.000353668955189041,0.00119705542381812,92.1428571428571,0.916054749280019,52.9392140595361,0.408064883538727,2.46534519667578,0.000522771116081633,0.00158055332582656,0,0.202722883523475,588.777149525916,3993098.66666667,2.07550729857962e-05,26719.3763950893,2.29904111382163,0.000133064940279982,0.000843156551750437,0.000249162812370854
"H12-15143 - 1",1,3,"12/2/2012",19690230,0,"2/20/1958 0:00:00",1,1,54,"Guinea Bissau",89,173,29.7370443382672,"Undetermined",5,1,53,0,1,2,2.8,19.45998304,4.4,11.31328905,2.2,25.99111304,1.9,30.7983015065515,1.6,37.3839419,3.29282019672425,0,0,1.63,36.10787512,1.32739340336213,0,0,0,0,2.5,21.09823607,"1/5/2021 0:00:00",97,0,0,0,"1/10/2013 0:00:00",0,2,2,1,5,0,18,1,0," ",1,6," ",0,1,1,"5/1/2021 0:00:00",1,0,0,0,1,1,65,0,0,170,70,24.2214532871972,1,0,"Stroke (hemorrhagic)",1,0.8,98.21343773,0,1.31,79,0,0,0,1,2,0,3,4,0,0,11.487668,0,0,0,1,0,0.10080244,5,57,2,0.033898305,2.41509e-07,370774.5789,156164.4164,289.2024628,85.09461447,8.47402e-09,113670.5,13889.5,167.6642951,2.276871171,1.21475e-05,47687.67213,38773.77655,81.23103056,25.02346933,22935.97744,26623.87877,53.28516922,15.6168738,4.91493e-07,0.534573755,0.089545568,0.579286094,0.069555156,0.2739235,0.015242982,0.154579177,-0.271533399,1.22501e-05,0.7260765,2867,116,377643,55452,0.156973617,72779.95455,0.179829106,5.091448245,29.27403448,0.227259565,5.091448245,29.27403448,0.227259565,0.534301352,166346.475,0.534301352,166346.475,0.530413003,1462090.5,0.530413003,1462090.5,0.43211815,15335.66667,0.43211815,15335.66667,0.617905789,289900.7727,0.617905789,289900.7727,0.23387481768574,2.90449004774095,0,0,0.25558441471648,584.144508054413,4.79481188568306,0,0.000500316505661096,0.00108432705447842,0.000688895511664698,0.00168388529750427,0.966415584703632,2.63863772550029,0.00215566928951524,27.5336964314255,0.969161403994904,4.68211493805509,1680.7342101491,0.903019057996898,1.34517273518791,8.25194982552524,73.0897032818665,186963.666666667,0.112508186734878,72315.4117647059,0.619679808291807,7.25751772186364,516.529713671833,0.000514623717959862,1.32531263248934,72353.7647058823,7.25751772758281,0.758354525029991,28.3414559629574,528.966247815277,1.22162811463694,0.00029434861867841,0.113605512271381,3.29919246107911e-05,0.00398250565860909,11.4814954222809,1517.50572514973,187040.333333333,0.113239556780926,2.17197833482059,186963.666666667,179.913907284768,8010.52941176471,692899.737760417,4.5489212031315,779.252275426843,0.746943167089129,1114.74584769288,0.963162053516956,0.440290944127114,9.17945297335061e-05,1.65515067075035e-05,0.740478119514213,2.17197830677032,0.000310856961004069,775583,5.57721327082769,26.971382980469,0,491.734244510135,1.3239153818516,39991.020206227,46124636,331.068927001172,0.000112266974022014,6.05019715234831,547.92105330114,1.02154475335517e-05,57.4168473211521,0.000358508766794361,0.736078904931674,41.6377587037928,2583.49299013798,0.000467001247823717,0.000352459481065885,0.00136785530103159,262.466666666667,0.926895116128038,64.192465694128,0.226919379130855,2.45356908830727,0.000560857572644734,0.000156498546128776,0,0.179446238594202,687.960556023436,4240078.64285714,2.22247414612823e-05,48001.8363708496,5.29341105163683,0.000152957159391745,0.00084815021349679,0.00013429135804622
"H13-03641 - 1",1,2,"3/16/2013",19084846,0,"1/16/1943 0:00:00",1,0,70,"Portugal",65,153,27.7670981246529,"Chronic glomerulonephritis (unspecified)",2,1,63,0,2,2,1.1,54.05610523,1.3,44.23682519,1.3,44.23682519,1.3,43.9625568783178,0,0,0,0,0,0,0,0,0,0,0,0,1.27,45.20604163,"1/24/2014 0:00:00",10,0,0,0,"5/3/2013 0:00:00",1,1,2,1,4,0,18,0,0," ",1,6," ",0,1,1,"6/4/2020 0:00:00",1,2,0,0,1,1,63,0,0,170,75,25.9515570934256,0,0,"Anoxia",5,1.3,61.72823435,0,1.13,65,0,0,0,0,0,2,2,2,0,0,5.738222322,0,0,0,0,5.738222322,0.06135675,0,27,0,0,1.72057e-07,353607.4259,137640.2829,292.2363838,68.86788,0,0,0,0,0,1.31401e-05,47768.60378,55589.1782,75.39293345,28.3424681,28894.39904,65206.30576,59.2787573,18.86790086,5.03427e-07,0.752597169,0.06084076,0.62768348,0.09845001,0.416537813,0.020226536,0.096929045,-0.168622916,1.34836e-05,0.583462187,2062,79,338145,52814,0.174637356,87488.9375,0.213805855,5.422339917,16.84074069,0.382547466,5.422339917,16.84074069,0.382547466,0.603910063,45802.86842,0.603910063,45802.86842,0.673158875,510340.5,0.673158875,510340.5,0.564118373,11895.23333,0.564118373,11895.23333,0.753128903,172956.5,0.753128903,172956.5,0.458248215140909,2.86877133533032,0,0,0.552525708999309,479.109474739954,5.4229028599381,0,0.00123654544515242,0.00184353905650337,0.000805272712004754,0.00246073293099873,0.967430026794863,2.62803734857821,0.00442996218701135,28.4542511909203,0.969837360285448,5.63185160892555,1425.9074546044,0.893635945052523,1.49973530888052,9.31761011869303,63.5393206631376,137588,0.112722668854406,19995.2222222222,0.638054183601063,7.22163716621989,488.057989152609,0.000910852709013468,1.46555069327753,20017.6111111111,7.2216371715825,0.724504502274339,15.983538556345,771.244713374183,1.18973547198049,0.000253315277747261,0.115337251766261,2.8438417846919e-05,0.00721393480534718,12.858262343037,1792.27617684812,137640,0.113772679671462,1.79603704691824,137588,181.950511945392,2279.16666666667,981292.145833333,4.55434763966775,976.92549608273,0.77873476448159,1287.23955424295,0.958865298390888,0.417806670835977,0.000188206172600768,1.32046247847479e-05,0.711059002104686,1.79603703816732,0.000798562336918086,0,5.81924014066445,15.7470368197497,0,486.789485051287,1.38435067925821,11372.5539822049,0,191.471276146837,0.000118264490427974,6.22260050406823,704.849884601647,1.07285294749107e-05,62.8137254901961,0.000676730494860196,0.718308654017284,30.5186059739855,2319.40942216113,0.000490885780860519,0.0012621808917761,0.00118189737064457,200.333333333333,0.923375563415717,53.2558919515171,0.584277329189572,2.4643280527348,0.000587202319740465,6.87623579344535e-05,0,0.149649811238548,640.916677744603,4944367.29807692,2.33739038454397e-05,28086.544921875,1.95815396896876,0.000132474414125426,0.00097518950153626,0.000252330652618982
"H13-04616 - 1",1,2,"4/7/2013",9003708,0,"9/11/1987 0:00:00",0,0,25,"Moldavia",87,183,25.9786795664248,"Undetermined",5,1,49,0,2,2,2,46.62492768,1.7,56.665074,2.1,43.9734978,1.9,49.2775193573988,1.52,63.61,7.1662403213006,0,0,0,0,0,0,0,0,0,1.52,63.67133983,"7/20/2015 0:00:00",27,0,0,0,"4/26/2013 0:00:00",1,2,1,2,5,0,22,1,0," ",0,0," ",0,0,0," ",0,2,0,0,1,1,51,0,0,170,90,31.1418685121107,1,0,"Stroke (hemorrhagic)",1,1.8,45.00916566,0,1.14,65,0,0,0,1,2,2,5,5,0,0,43.5912,1,1,1,1,43.5912,1.653952273,13.3333333333333,26,4,0.133333333,1.31796e-07,435693.1346,124427.5026,322.9869243,53.07093024,2.02762e-08,137403.125,79095.82649,186.4857054,42.54799249,1.25814e-05,55022.69259,55024.48426,86.1081272,31.42270518,24443,7951,59.11969962,1.69148356,2.88936e-07,0.534938295,0.057422434,0.692263045,0.02450686,1.635037961,0,0.082948865,-0.362494315,1.27417e-05,-0.635037961,2482,57,412580.75,107181.5,0.245931151,126260.1579,0.263047972,5.858607718,15.65606008,0.40179707,5.858607718,15.65606008,0.40179707,0.527113649,47634.38462,0.527113649,47634.38462,0.415058987,345789.5,0.415058987,345789.5,0.552440514,14885.5625,0.552440514,14885.5625,0.486590666,100032.5,0.486590666,100032.5,0.412141010188004,3.02417450697204,0,0,0.45821396252974,724.191996140876,5.49111632275295,0,0.000785788608832777,0.00177846477717753,0.000752553327555463,0.00270267521501675,0.970393705649691,2.1139055212213,0.00289269232588891,30.4730439870232,0.972547430801895,5.29874789660585,2217.20028715,0.895300682889267,1.30715173011562,8.96754240643145,46.9619369198829,345473.4,0.111753424879745,47634.3846153846,0.618018449044392,7.79968340134782,453.900566260202,0.000984650116988413,1.35852748320329,47660.8461538462,7.79968340554949,0.697066101906826,15.1778477669949,851.162022173122,1.19616463553494,0.00022733547524999,0.11350192473537,2.53739926253291e-05,0.0060195171965119,11.5898703970337,1825.3264878087,345565.8,0.111833423543339,1.85460623392686,345473.4,227.456161137441,5349.88461538462,987122.2875,5.72173852998168,1200.27943797683,0.801971628991197,1472.66592500338,0.951181041072485,0.390179720683311,0.000127688821863607,1.1354519067946e-05,0.68933026272152,1.85460622310638,0.000593690426293342,0,6.36365526675435,14.4947701045512,0,449.758287599946,1.23389373762606,79054.5144688533,0,270.362733834781,9.99374104610291e-05,6.05721866554684,841.112602782156,9.80810944629213e-06,80.6574585635359,0.000489239317789451,0.695621548316807,30.4495536364042,2787.20356262818,0.000446717310631116,0.000524501511386907,0.00111959813881276,581.6,0.916004381870525,44.935851042484,0.403195778773651,2.52992418523994,0.000526275175158483,3.33768738013585e-05,0,0.205311114214524,748.097991844408,4734449.725,2.15265679577115e-05,72357.04921875,1.82914592392612,0.00012481638944261,0.00089947147467064,0.000111015014956656
"H13-04616 - 2",1,2,"4/7/2013",16000972,0,"12/10/1965 0:00:00",0,0,47,"Portugal",78,184,23.038752362949,"Chronic glomerulonephritis (unspecified)",2,1,47,0,1,2,1.4,62.38473809,1.8,46.14291138,1.3,68.18674766,1.2,74.5956488865486,1.26,69.48392167,-2.5558636082743,0,0,1.18,74.24522919,-0.0876049241371497,0,0,1.5,0,1.45,55.70111123,"5/24/2024 0:00:00",134,1,1,1,"5/14/2013 0:00:00",0,2,2,2,6,0,20,1,0," ",0,0," ",0,0,0," ",0,0,0,0,2,1,51,0,0,170,90,31.1418685121107,1,0,"Stroke (hemorrhagic)",1,1.8,45.00916566,0,1.14,65,0,0,0,1,2,2,5,4,0,0,28.06469037,1,1,1,1,28.06469037,1.006474504,6.25,29,2,0.064516129,-4.25963566307986e-06,517793.2069,273647.0643,342.5051815,100.0907895,-2.93767976764128e-07,208646,9100,239.4019135,2.494758673,0,0,0,0,0,24393.01238,24481.18217,63.25717749,16.94359367,0,0.863892272,0,0,0,0.326002485,0.030369838,0.208916607,4.95405131,2.72239e-05,0.673997515,1250,37,529163,69089,0.090389465,98393.38462,0.156922551,4.954120706,13.13099127,0.457154304,4.954120706,13.13099127,0.457154304,0.493549293,187716.5,0.493549293,187716.5,0.680190065,787117.5,0.680190065,787117.5,0.403817713,7471.25,0.403817713,7471.25,0.553370347,307880,0.553370347,307880,0.519151644154604,3.00684192247145,0,1208.61306398514,0.582853084287028,513.914116176377,4.75529277989181,0,0.000775894505514649,0.00629094128989537,0.000864494914697387,0.0111975034110588,0.991651016167224,2.0607327727455,0.00289206705496175,32.0169056286508,0.992373799837647,5.17955378451862,1588.73489553153,0.894841414100274,1.44271902685788,9.8661764502715,63.9215772388682,179460.333333333,0.112252975384606,37866.25,0.603701195950568,8.51623917880753,422.539982661301,0.00575542966954169,1.45466707373953,37892.75,8.51623918469548,0.716654485394817,12.738308387092,1028.35487138504,1.40355937441578,0.000257138563399403,0.113226487563332,2.88020941991664e-05,0.0153838368805747,12.4529341988734,1807.64661976402,179520.666666667,0.109856334331274,1.72525846391017,179460.333333333,196.020066889632,4153.75,1163190.33333333,4.1238701925249,1272.97295923332,0.860954322279819,1560.84436033238,0.949615132006677,0.334085215080958,0.000146793817688973,1.29744437440244e-05,0.706174993069379,1.72525850931803,0.00291874439836274,0,7.39284323792189,13.3980329879142,0.662207823848103,104.388212732545,1.43295281840036,59393.0963745117,0,284.482844874607,0.00011625377418554,4.08584873528444,1047.79329654175,9.7528379586282e-06,51.7471264367816,0.000548579702601518,0.69054593555306,28.6906976699829,2742.55387643434,0.000485665014942778,0.000459482175753315,0.00120283678477424,336.666666666667,0.911976049465374,51.6100694630029,0.646635685898773,2.64471087253166,0.000555473059492802,5.38795075515992e-05,0,0.0446614644518966,681.532209022575,4434229.86904762,2.05339364087531e-05,34249.2389322917,1.83099732667539,0.000134522859838657,0.000988133528181124,0.000253182464653058
"H13-05503 - 1",1,2,"4/24/2013",19725235,0,"9/30/1951 0:00:00",1,0,61,"Portugal",63,160,24.609375,"Undetermined",5,1,74,0,1,2,1,64.09513135,0.9,72.73342361,1,64.09513135,1,63.6977415373697,0.85,76.45736178,6.37981012131515,0,0,0.77,85.02196416,5.33105565565757,0,0,0.92,0,0.91,66.80865885,"4/9/2024 0:00:00",132,1,1,1,"5/2/2013 0:00:00",0,2,2,1,5,0,19,0,0," ",0,0," ",0,0,0," ",0,0,0,0,1,1,62,0,0,170,80,27.681660899654,1,0,"Stroke (ischemic)",1,1.8,42.03295075,0,1.35,82,0,0,0,1,0,2,3,2,0,0,9.302603962,0,0,0,0,9.302603962,0.47636067,2.77777777777778,70,1,0.014084507,3.28282e-07,416328.2714,220749.2575,309.7838583,104.8315847,4.68974e-09,68923,0,115.2605744,0,1.83322e-05,58645.46457,73454.72782,85.28136539,30.21337437,31893.63372,29321.85706,63.99485598,17.53290032,7.40979e-07,0.69980367,0.136672954,1.075099694,0.049372072,0.372768054,0.022956911,0.127125842,-0.840696075,1.84324e-05,0.627231946,3909,158,391443.25,25189,0.051513851,69977.1875,0.153364843,4.850588129,16.18154059,0.398588925,4.850588129,16.18154059,0.398588925,0.738635457,37392.54688,0.738635457,37392.54688,0.971268671,346235.5,0.971268671,346235.5,0.723240328,18634.90741,0.723240328,18634.90741,0.821769154,138683.8,0.821769154,138683.8,0.467808677343875,3.10537036490031,0,1294.98950754565,0.541366533905966,380.256314807855,4.9360942957903,0,0.000601981692992995,0.00736770750384133,0.000797073726869437,0.0104351379475567,0.991909144639925,2.18851368397181,0.00232041647896448,30.0324462705027,0.992684068169819,4.92874606619965,1062.78128445384,0.895128336929904,1.26536809975164,9.49631715698092,55.4564210088035,100681.777777778,0.112260724112807,27429.8709677419,0.590691415272124,7.48031515849193,455.167503867561,0.00530842811677523,1.27327529195378,27454.1612903226,7.48031515789281,0.714352573410314,14.7453755926037,972.85598929925,1.1682656064324,0.00025098040803099,0.113938759838859,2.80709022910827e-05,0.012825744156291,12.2851412483161,1773.2980022909,100730.444444444,0.112924821037595,1.60597882093655,209515.555555556,212.686381322957,3083.35483870968,513659.721181234,4.1591380272651,1221.51027979057,0.845709918277709,1446.25186481413,0.950264625146089,0.350504336691567,0.000106094771283741,1.31766521156677e-05,0.704519806808397,1.60597882005903,0.00351839686809447,0,6.41772560796748,14.8946971670421,0.605112380399835,123.516846713759,1.25979834370171,10355.395158337,0,239.424975620182,0.000112228744100492,4.22883224487305,946.323442456822,9.72941521880099e-06,77.1650738488271,0.000367459703729671,0.678517618120482,29.0589885096396,2620.03076529437,0.000487543154300037,0.00241955803990728,0.00120993730621433,174.888888888889,0.91399907986863,47.3775444723404,0.585607142388706,2.43471884602636,0.000556223014257178,0.00249535992918066,0,0.0797646812423524,709.123535802545,4513272.03070175,1.94246819185312e-05,20036.6666429308,1.85458373540921,0.000135167956143889,0.00091205466434495,0.000214375977588933
"H13-05628 - 2",1,2,"4/29/2013",19768006,0,"2/6/1952 0:00:00",1,0,61,"Portugal",57,162,21.7192501143118,"ADPKD",4,1,70,0,1,2,0.9,72.73342361,0.9,72.73342361,1.1,57.16810805,0.8,83.2560974527622,0.77,86.08612293,1.4150127386189,0,0,0.78,83.71561667,0.114879804309449,0,0,0.84,0,0.82,75.86197484,"4/15/2024 0:00:00",132,1,1,1,"5/6/2013 0:00:00",0,2,1,2,5,0,21,0,0," ",0,0," ",0,0,0," ",0,0,0,0,2,1,65,1,0,160,65,25.390625,1,0,"Stroke (hemorrhagic)",1,0.6,99.54914625,0,1.37,83,0,0,0,1,2,0,3,5,0,0,5.09529932,0,0,0,1,0,0.163800126,3.7037037037037,52,1,0.018867925,5.727e-07,298724.0192,149880.863,267.6501875,79.54710869,1.10135e-08,156211,0,188.6080592,0,3.52541e-05,37012.59778,38054.60584,73.35271325,23.03849276,21103.61733,21926.63645,55.85001564,13.8517603,1.99344e-06,0.681849314,0.17107912,1.304844505,0.241590167,0.358570735,0.008829939,0.131110733,-0.967322693,2.10668e-05,0.641429265,3201,181,273673,48774,0.162657747,58400.64286,0.178591358,5.510553595,17.41689281,0.412005349,5.510553595,17.41689281,0.412005349,0.633258049,79498.07609,0.633258049,79498.07609,0.902937806,1801233.5,0.902937806,1801233.5,0.551417119,16283.25758,0.551417119,16283.25758,0.841008101,239966.4615,0.841008101,239966.4615,0.432876835714699,2.58414120818587,0,807.306682127337,0.441320551135505,555.48461214469,5.04066480530444,0,0.00157556342855398,0.00311394110825324,0.00109045456609361,0.0047125383474697,0.972535089355723,2.6174133829274,0.0048494435773626,35.1195236708532,0.975352304655328,5.12836468709917,1502.35111249814,0.899993013736545,1.67216536928846,11.8346169231924,105.953543484645,122056.5,0.114266121926813,30175.2159090909,0.648289006328582,10.3053066087192,427.870632726469,0.00201462901429837,1.55475359652911,30201.5454545455,10.3053066026855,0.76312291701583,16.3478317265892,659.605421933375,1.13498221039698,0.000381107124448369,0.11447050248348,4.34557833063984e-05,0.0111433258384458,14.6166903154334,1409.15597663797,122192.285714286,0.11245520549913,1.88766180035746,122056.5,96.0692810457516,3425.93181818182,720040.500976562,5.02627018062565,847.164352565556,0.827200398748136,1036.56776549579,0.962932869739313,0.362371346356859,0.000130409928272155,2.02986994614389e-05,0.753364895877632,1.88766176359994,0.0012236227865049,0,8.67411323844526,16.4774460322315,0.693849602531038,345.731889007441,1.57356680740605,11268.5500023582,0,223.420943715536,0.000169729267291681,5.64664657394607,588.71641941793,1.40799148548875e-05,32.3127677806341,0.000456645589661302,0.708392023271399,34.7683245377107,2374.32693211036,0.000610960949724884,0.00051376999275674,0.00162967402215348,179.714285714286,0.923447695619986,86.8469989756362,0.416779045962953,2.61100327825269,0.000723388247236491,0.000237067728617126,0,0.172147943669684,662.705816836174,4722440.71428571,2.96572234175389e-05,29251.883972168,2.29970309966788,0.000185601618832536,0.00130018857520548,0.000271074578391081
"H13-09897 - 1",1,2,"7/26/2013",19530801150,0,"8/8/1953 0:00:00",0,1,59,"Portugal",75,179,23.4075091289286,"Undetermined",5,2,33,0,2,1,1.1,77.33012028,1.4,57.89836037,1.7,45.86497934,2.1,35.371684822315,1.62,47.69785705,6.1630861138425,0,0,1.3,61.34551929,6.49345861692125,0,0,1.77,0,1.76,40.88714977,"5/21/2024 0:00:00",130,0,0,0,"8/2/2013 0:00:00",0,1,1,1,3,0,16,0,0," ",0,0," ",0,0,0," ",0,0,0,0,1,0,71,1,0,160,75,29.296875,1,0,"Stroke (ischemic)",1,0.9,68.34770789,0,1.51,90,1,0,0,0,2,2,4,3,0,0,41.9768,1,1,1,1,41.9768,0.048195867,0,50,0,0,1.29042e-07,352523.77,161431.6827,284.5908654,97.37884428,0,0,0,0,0,1.16344e-05,36486.01985,30253.3112,73.71508283,21.34448943,20755.90022,21214.88838,54.23632247,14.85689443,3.27766e-07,0.333237136,0.045490263,0.424492908,0.031791965,0.310674933,0.014403758,0.107163777,-0.03902883,1.19947e-05,0.689325067,4508,127,424849.5,157826.5,0.468815788,178561.0667,0.468598636,6.449465075,27.10142902,0.207793877,6.449465075,27.10142902,0.207793877,0.345450901,51456.29825,0.345450901,51456.29825,0.494818997,505121.5,0.494818997,505121.5,0.305657303,15079.05405,0.305657303,15079.05405,0.419069057,118754.2,0.419069057,118754.2,0.271741382746413,2.69007207941922,2.24196325479662e-05,815.373687318314,0.22321876023219,502.599480865148,6.41065617122643,0.000195688228707327,0.00209537473013629,0.000309974515934685,0.000670296112840824,0.000568834067570681,0.817212313749185,2.37654601647011,0.00619812852626494,22.2444444827372,0.836075285190119,6.99527189499825,1486.44192556933,0.896964455531028,1.66210794738864,7.0670460565229,88.5937259446817,152568.1,0.114666251089201,43355.1339285714,0.788959503326278,5.91472160393676,531.933426302833,0.000120529009315579,1.53481973761698,43387.9464285714,5.91472160430576,0.773219382140963,23.9699623368792,229.266921386659,1.12946391168725,0.00027715274062765,0.114236643025712,3.16178590133394e-05,0.00139645284003823,9.86062848555943,1330.96725716534,152640.733333333,0.114396374170983,2.11597687390183,152568.1,143.434306569343,4959.48214285714,417195.673250326,6.16925670195519,507.196900933511,0.388280096826794,799.960275484404,0.974348100619046,0.696605996994755,0.00027418701943899,1.43519410828021e-05,0.767989695205628,2.11597686608632,5.70410312385585e-05,0,2.66167833791433,28.9187062992648,0.827481322254013,894.011808063279,0,149713.293613979,0,263.329218931729,0.000115103751202618,15.2238045860739,199.217596402604,1.8118946269294e-05,61.1270351328192,0.00102473405567844,0.821922676185225,28.4818120173046,2567.14649917459,0.000403671157378147,0.000387480557584469,0.0011759604374148,181.866666666667,0.929796117729934,89.7811286929579,0,2.38950317765535,0.00072855450698255,0.000297948607414949,998.879665246327,0.424286762496455,724.919837544866,0,3.45480131172365e-05,38293.8572672526,2.39995370349083,0.000134111764426373,0.00120889330866776,0.000165213994364129
"H14-10806 - 1",1,2,"8/5/2014",19671190,0,"11/7/1945 0:00:00",1,0,68,"Portugal",45,153,19.2233756247597,"Undetermined",5,1,61,0,1,2,0.9,69.63490339,0.8,80.20658109,0.82,77.86483469,0.8,79.7093002861342,1.17,49.88752195,-14.9108891680671,0,1,1.01,58.77969148,-5.23240220153355,0,1,0,0,1.01,56.89145125,"2/6/2024 0:00:00",114,1,1,1,"8/12/2014 0:00:00",1,1,2,1,4,0,20,0,0," ",0,0," ",0,0,0," ",0,0,0,0,1,1,73,1,0,160,70,27.34375,0,0,"Head Thrauma",2,0.6,94.71733696,0,1.25,75,0,0,0,0,2,2,4,1,0,0,45.48193238,1,1,1,1,45.48193238,0.082976329,0,27,0,0,2.07957e-07,390468.3333,147871.1171,299.0357708,77.19921544,0,0,0,0,0,1.09601e-05,47252.75123,48999.52345,81.56923789,30.79963551,25468.73772,27021.42101,58.32687397,17.45676296,2.61871e-07,0.423788526,0.081200536,0.517894519,0.064988888,0.271512021,0.014640384,0.156789719,-0.596503625,1.09606e-05,0.728487979,1423,34,429566.5,188070,0.453182453,208660.2083,0.495233927,7.991993907,30.64878191,0.225814438,7.991993907,30.64878191,0.225814438,0.333846453,29804.54545,0.333846453,29804.54545,0.473702943,101878.5,0.473702943,101878.5,0.284022641,13185.3125,0.284022641,13185.3125,0.466709953,74122.5,0.466709953,74122.5,0.324339257998374,2.76226541254307,2.7568679864827e-05,0,0.401984443755191,650.209132315289,8.06536619089322,0.000238419143823028,0.0250988266288022,0.000544493446785669,0.000706808453323015,0.000857527973604145,0.867755331908333,2.41206533589544,0.0294915913509509,26.7658967831418,0.881824028040898,8.61122901259977,1870.77257788011,0.902111240715718,1.53362849709122,7.64618437519216,100.526715869879,231562.944444444,0.11411445062737,29804.5454545455,0.74041730366108,7.09825550403957,526.300694281974,0.000221043455002448,1.47398155527343,29828.7272727273,7.09825550573965,0.773019198990337,27.7601032888192,502.690533233861,1.13072975609258,0.00023070112157314,0.115162769756778,2.62257354535781e-05,0.0029567144030986,11.3066479112637,1412.6432697067,231620.888888889,0.11437932788868,2.23490939562366,231562.944444444,176.83660130719,3356.72727272727,605206.926215278,6.97707279761801,706.796479071331,0.561732728192951,1018.54690510193,0.965025818321626,0.570089772663085,0.000887544096693692,1.50737779615672e-05,0.744927428265541,2.2349093887541,0.000110599739704215,0,4.33408239109859,26.7732518103666,0,1061.99741461773,1.57393636581104,85395.1149458452,0,218.849275976288,0.00012992907733999,13.0487804412842,481.887830371705,1.51696265019008e-05,61.1418056918548,0.00305139992457606,0.790592410000925,19.0753922895952,2962.84245866748,0.000447061659662367,0.00110610840557157,0.00105374192213451,339,0.92463245218615,70.1891765091569,0.576059228393989,2.4372274453579,0.000664548900138209,7.28863157362665e-05,1067.21578546854,0.251538735918061,798.884889599954,5785057.91666667,2.95170756797982e-05,58210.4418402778,0,0.000119751642302748,0.00112388024571788,0.000241955439237021
"H14-11086 - 2",1,2,"8/11/2014",99002504,0,"12/30/1963 0:00:00",0,0,50,"Portugal",77,163,28.9811434378411,"Undetermined",5,1,17,0,5,2,2,39.91103418,1.7,48.50542012,1.63,51.01570009,1.5,56.0168208846447,1.47,56.68199817,0.332588642677649,0,0,1.38,60.3905569,1.09343400383882,0,0,0,0,1.75,43.95122457,"4/2/2024 0:00:00",116,1,1,0,"9/8/2014 0:00:00",4,2,1,0,3,0,18,0,0," ",0,0," ",0,0,0," ",0,0,0,0,2,1,53,0,0,170,55,19.0311418685121,1,0,"Stroke (hemorrhagic)",1,0.5,121.9627585,0,1.12,63,0,0,0,0,1,2,3,3,0,0,7.974794542,0,0,0,0,0,0.28792698,0,28,0,0,2.16665e-07,529924.2679,272088.864,341.737474,107.181583,0,0,0,0,0,9.72671e-06,45118.40613,82117.24697,71.96377603,29.32757654,21812.79964,25992.9593,51.10867277,16.51172989,2.78569e-07,0.549450837,0.11481602,0.43885361,0.072687461,0.283279671,0.013854498,0.261627152,0.072926593,1.09472e-05,0.716720329,1257,36,569757,231360,0.385411522,226795.2083,0.388859832,6.704538948,27.5157468,0.296563492,6.704538948,27.5157468,0.296563492,0.518133923,279995.7222,0.518133923,279995.7222,0.711725394,2343183.5,0.711725394,2343183.5,0.494882249,19526.07143,0.494882249,19526.07143,0.599514783,1191639.5,0.599514783,1191639.5,0.332505317796432,3.05039206591888,0,839.614625752434,0.371664228342847,398.165650465656,6.47826062405736,0,0.00146321330680841,0.000519133574932425,0.000853995272041955,0.000926099725410912,0.895042511059759,2.75885265048529,0.00452189688029117,27.9998784075343,0.907255511897768,6.67093994353226,1177.02125471445,0.891170040654091,1.71459496384232,9.47882488918804,83.1994609726072,93836.3,0.114152131113988,22097.25,0.709186725295661,8.02993434594297,505.205532353884,0.000252656928725963,1.703257606972,22114.625,8.02993434548594,0.758229788806072,25.9014497651859,608.999118310845,1.23149721876104,0.000242187719495579,0.116042661834413,2.75281369744774e-05,0.00366946152729673,13.8438226314406,1318.08433962891,93877.8,0.114407824593828,2.22845472322267,319135.5,133.283987915408,2526.375,409153.85,6.05556674557773,881.318774009004,0.610132080069296,1031.78164927358,0.962424174322477,0.548977584666284,0.000204894420476783,1.52469655139228e-05,0.749620827725466,2.2284547328949,0.000110736470545817,0,5.21153079074022,25.0486461957421,0.77625725997609,970.109799439768,1.5406515286925,45507.3088722229,0,206.847837166027,0.000167829032486353,9.13218993800027,551.643798171039,1.50231782759036e-05,42.6218995765275,0.000841779270178059,0.731806589694196,27.2556200027466,2867.83599218897,0.000611920795097549,0.0011038247133712,0.00106537576935012,88,0.927100657260041,69.9275262699392,0.435931226777137,2.72732136963409,0.000838244605814071,0.000134199787678997,0,0.355027261141651,773.196835378953,4664196.80769231,2.91728998994047e-05,25846.6580078125,1.96096024194337,0.000121079242227525,0.00123310778662106,0.00015010048967803
"H14-12052 - 2",1,1,"9/4/2014",19078464,0,"9/25/1958 0:00:00",1,0,55,"Portugal",71,163,26.7228725206067,"ADPKD",4,1,20,0,1,2,1,66.53207791,1,66.53207791,1.05,62.74858381,0.9,75.0307121425563,1.17,54.08851158,-10.4711002812781,0,1,1.03,62.24742346,-3.19582217063907,0,0,0,0,1.72,32.49932276,"4/17/2024 0:00:00",115,1,1,1,"9/15/2014 0:00:00",0,1,1,1,3,2,20,0,0," ",0,0," ",0,0,0," ",0,0,0,0,2,1,68,0,0,170,80,27.681660899654,1,0,"Stroke (hemorrhagic)",1,0.9,93.02931609,0,1.31,79,0,0,0,0,1,2,3,3,0,0,13.21940546,0,0,0,0,13.21940546,0.18839923,0,11,0,0,2.08942e-07,447209.8636,150333.4309,334.8052699,62.38352331,0,0,0,0,0,1.00102e-05,59814.81499,59070.88753,90.08343971,33.15624104,30134.40136,40125.63853,63.14054189,27.82280906,4.55874e-07,0.608113496,0.093441101,0.59876067,0.099543558,0.174263826,0.033297605,0.156057512,-0.521889347,8.77464e-06,0.825736174,527,24,431113,144750,0.391165997,155683.0909,0.367724853,6.569129663,20.0338347,0.355522799,6.569129663,20.0338347,0.355522799,0.474389665,55800.2,0.474389665,55800.2,0.803483987,318899.5,0.803483987,318899.5,0.370595332,14850.21429,0.370595332,14850.21429,0.716576442,151350.1667,0.716576442,151350.1667,0.417055553490773,2.78876488804465,1.8305556478626e-05,0,0.470737761142982,601.794014193061,6.46039030269704,0.000160926321838261,0.00159290319265988,0.000929429985865805,0.000896818267324555,0.00289701019103026,0.938525598655534,1.934303096705,0.00537167015346435,30.3553257261343,0.943525814706197,6.69516846729064,1876.87941204691,0.893080626190432,1.35497216125103,9.75893326191189,56.8194010858371,244343.833333333,0.113297759482448,26566.9444444444,0.623497885723534,7.97343091338794,422.307030891993,0.00134254667885323,1.40287557311441,26597.8888888889,7.97343090725182,0.704971340400472,19.2807936497044,859.424226010171,1.14602828140423,0.000216373765606705,0.11493688454636,2.4415644534773e-05,0.00607361280749963,12.9365004703766,1792.37507958951,244419.333333333,0.111985127870929,1.62056293142918,244343.833333333,204.771573604061,2957.22222222222,712681.166666667,5.33025556001361,1116.27146136134,0.726443100710263,1450.19552032231,0.952671314320472,0.448436122583073,0.000191099495644873,1.21336328363634e-05,0.684569509108014,1.62056291103363,0.000248967441924872,0,6.0631932758372,19.027339156235,0,732.968901704981,1.41634158083511,53143.0440809462,0,192.525852519575,0.000132588949972584,6.89837783947587,893.009815497717,1.21144345609392e-05,76.5124378109453,0.000733768573682855,0.683478046506955,26.975194507175,2980.60646755649,0.000544038373103126,0.000381857329615689,0.00090752104684338,418.666666666667,0.911044859855129,47.867216631353,0.523895416527353,2.61577180540786,0.000681159053820309,3.78286943969455e-05,1262.362417673,0.361218731206713,832.974996832038,4270070.35,2.41461169081192e-05,45683.3020833333,0,0.000102387943067817,0.00113084011486158,9.06138836987178e-05
"H14-15235 - 1",1,2,"11/9/2014",13005588,0,"9/8/1947 0:00:00",0,0,67,"Portugal",68,170,23.5294117647059,"Diabetic nephropathy",1,1,51,0,2,1,1.7,43.63883435,1.9,38.18629524,2.13,33.29326005,2.04,34.8461369115083,1.85,38.69926799,1.92656553924585,0,0,0,0,0,1,1,0,0,2.28,29.88950955,"11/25/2018 0:00:00",49,0,0,0,"11/25/2014 0:00:00",0,2,2,2,6,57,22,0,0," ",1,6," ",0,1,1,"12/15/2018 0:00:00",2,0,0,0,1,1,57,0,0,170,82,28.3737024221453,1,0,"Stroke (ischemic)",1,0.9,99.61641579,0,1.1,62,0,0,0,2,1,2,5,5,0,0,40.98462533,1,1,1,0,0,1.169200159,46.6666666666667,16,14,0.466666667,7.26961e-08,400010.2813,191715.7392,295.7102446,84.32793867,6.36091e-08,76763.78571,27895.71042,126.328928,32.03795431,1.17904e-05,45276.37534,39575.42423,81.88652324,29.40836015,0,0,0,0,2.63523e-07,0.255057732,0.029079173,0.533826248,0.01120367,0,0,0.054473104,-0.288281719,1.19249e-05,0,2595,58,328230.25,150030,0.445421273,179675.4375,0.463502715,7.982520205,32.46153403,0.173165409,7.982520205,32.46153403,0.173165409,0.282007045,39288.83333,0.282007045,39288.83333,0.366358332,158392,0.366358332,158392,0.255941918,14430.14286,0.255941918,14430.14286,0.37323499,126294.25,0.37323499,126294.25,0.338502011291005,2.93671529945535,2.93417020070528e-05,736.269202998356,0.393908327487165,676.514043230753,8.10921380485412,0.000255264313267054,0.00246128654351244,0.000452980124771272,0.000640824960414026,0.000552476349821365,0.770376599393379,2.26501109319075,0.00725860138444783,21.4219651654698,0.792726773234659,7.8952068882917,1840.91030176259,0.893600568361954,1.58705623321094,6.78797657510877,102.866883598726,211338.8,0.112842165103232,39288.8333333333,0.807118016839318,5.39048832401577,560.699666459983,0.000123978306258316,1.59776408741868,39324.2222222222,5.39048832652515,0.760953790287104,27.4128717561254,234.192329758007,1.05116144392426,0.000261003062679086,0.114487835560698,2.96596116862959e-05,0.00136201892541678,10.793497145187,1220.77771802366,211405,0.114765951573331,2.37600229080289,211338.8,199.836879432624,4467.77777777778,774420.4125,7.55475721972306,771.255486676076,0.333960502419581,864.009607368542,0.962635696088803,0.738850046092125,0.000300419147674795,1.61987771616764e-05,0.759768972401447,2.37600231170654,8.67599705537563e-05,0,2.17512406988984,27.9745562332541,0.821108571494659,982.690215580941,1.53100191761929,123432.571180556,0,243.55837494151,0.00016207190323214,14.3410863876343,232.725522770015,1.69834653352992e-05,82.1366053169734,0.00112076332102496,0.829901402981434,19.2566749784682,3025.04198949784,0.000530708328226592,0.000417802722590879,0.00114598094206833,201.2,0.927635464916321,82.4097554025522,0.568898804975702,2.4276222214264,0.000853206720646077,5.36433660546711e-05,959.803383163044,0.459331868431228,885.326262438264,3226537.75,3.16884405966684e-05,56369.634375,2.21015118608916,0.000130106365628001,0.00116176825068301,0.000174079614027549
"H14-15379 - 2",1,2,"11/12/2014",6007619,0,"9/25/1948 0:00:00",0,0,69,"Portugal",85,171,29.0687732977668,"Diabetic nephropathy",1,1,31,0,1,2,2.4,28.49419171,2.3,29.98723539,1.92,37.24331734,1.9,37.4804246905571,2.06,33.59434243,-1.94304113027855,0,0,0,0,0,0,0,0,0,2.06,34.17385053,"12/25/2017 0:00:00",37,0,0,0,"11/21/2014 0:00:00",0,1,1,1,3,3,21,0,0," ",1,6," ",0,1,1,"12/25/2017 0:00:00",1,1,0,0,2,1,69,0,0,170,80,27.681660899654,1,0,"Stroke (ischemic)",1,0.7,99.74254616,0,1.28,77,0,0,0,1,1,2,4,4,0,0,19.15668873,1,0,0,0,19.15668873,0.508853106,8.33333333333333,45,5,0.1,2.57676e-07,299637.6111,165816.7406,251.38577,99.10508001,2.86306e-08,117951.4,59563.70322,144.767743,72.27378912,1.60503e-05,35726.67677,28807.39316,75.39009174,22.83895122,30114.53243,36656.25091,59.802128,17.30856596,4.52364e-07,0.444402471,0.077209324,0.573425004,0.021233569,0.352997437,0.012318244,0.134645896,-0.166900391,1.446e-05,0.647002563,2803,79,312449.5,118546,0.384344435,156557.3939,0.43118717,6.641476043,26.39041787,0.253188727,6.641476043,26.39041787,0.253188727,0.482265998,54462.13333,0.482265998,54462.13333,0.403497088,449465,0.403497088,449465,0.467313898,16467.36364,0.467313898,16467.36364,0.523384273,158947.75,0.523384273,158947.75,0.248521251467178,2.68309158511888,2.87635012747484e-05,921.735847681637,0.271232366664126,483.416287399044,6.17225202120838,0.000249651148620929,0.00142080982440788,0.00108528372886997,0.000852381748449903,0.0014516567366527,0.873517512188336,2.49950099819124,0.00445016839996672,27.9936741678373,0.884737648970745,6.29371278835771,1379.18027569559,0.89803671751736,1.46552100623267,9.02554667453887,118.745225082904,152675.566666667,0.115009991810311,54462.1333333333,0.72563710026215,7.63309935851909,484.880805571137,0.000582733090822807,1.33598508041396,54493,7.63309936248212,0.774220420535508,25.4573688348246,353.096505069931,1.1568660297055,0.000293059581352458,0.113753497839374,3.34464427900123e-05,0.00259321735021849,14.5930117864957,1288.02446329899,152726.066666667,0.114554329905538,2.01179830013582,152432.066666667,113.231067961165,6089.33333333333,558520.78204422,6.19972494031973,615.766666744289,0.551127961264062,887.760013499588,0.972036309393342,0.573584304641915,0.00017588478805883,1.92773181820038e-05,0.756386284543982,2.01179829438527,0.000416815940291792,0,4.54416196135183,24.9092825683808,0.768343042852819,866.451140369236,1.4969462843717,158131.246535238,0,300.492619722273,0.000194574203788848,10.4983666488923,322.075765438579,1.69466426067257e-05,47.1769123783032,0.000671395947596996,0.789538084796011,31.1520431518555,2561.49931291697,0.00063933669872659,0.000777200516023258,0.00130336978060615,190.933333333333,0.924076698830619,86.0664577189523,0.311179172804925,2.36276475951382,0.000930299006095331,0.000383789517466436,620.13067655045,0.229085635997501,714.294023029665,4197298.86538462,3.17246651318335e-05,37655.7231221517,2.46036176650835,0.000148669739909108,0.00133639159297163,0.000200155852177013
"H14-17337 - 2",1,2,"12/20/2014",19716291,0,"5/4/1958 0:00:00",0,0,56,"Portugal",72,170,24.9134948096886,"Chronic glomerulonephritis (unspecified)",2,1,43,0,2,2,2.1,36.26266993,2,38.44916705,1.72,46.07748796,1.5,53.9650286776293,1.28,64.47152518,5.25324825118535,0,0,1.11,75.54927798,5.39606232559268,0,0,0,0,1.04,79.2939512,"2/16/2024 0:00:00",110,1,0,0,"12/31/2014 0:00:00",2,2,1,1,4,0,23,0,0," ",0,0," ",0,0,0," ",0,0,0,0,2,1,64,0,0,170,90,31.1418685121107,1,0,"Stroke (hemorrhagic)",1,0.7,102.8929191,0,1.18,69,0,0,0,1,2,2,5,3,0,0,37.9442,1,1,1,1,37.9442,0.328092896,8.33333333333333,45,3,0.0625,1.38794e-07,338252.3,211209.7158,259.6682031,124.9117105,9.2529e-09,94296,25837.71699,159.3210405,24.97610965,8.88587e-06,53447.37956,49742.69269,84.89090583,29.22154282,27713.53612,29868.60889,61.09259248,15.15707656,2.18985e-07,0.292167626,0.046947232,0.474926489,0.01213466,0.560332648,0.002952473,0.098851576,-0.271974441,9.46534e-06,0.439667352,2881,71,348375.5,161482,0.507309248,200317.4063,0.480842677,8.401057941,33.46782895,0.19104803,8.401057941,33.46782895,0.19104803,0.415574184,92386.88462,0.415574184,92386.88462,0.597642716,345646,0.597642716,345646,0.314501732,21215.64286,0.314501732,21215.64286,0.533492044,175420,0.533492044,175420,0.22155823406975,2.46852740361067,3.42317031812819e-05,0,0.256519180073908,371.051636782138,8.64689422373588,0.000296136874294579,0.00112646238661248,0.000271672278246397,0.000593905061093293,0.000479344035743676,0.78197337645218,2.51469740744113,0.00370085777574578,23.0659796428939,0.804035066229726,8.48112992255658,1016.05115617972,0.898447116974859,1.62794654732838,6.3864499918846,94.5285484218332,92641.1333333333,0.114031737602714,92386.8846153846,0.829204163118753,6.51404150143459,598.923307511169,0.000100830031377657,1.48547802491868,92438.7692307692,6.51404150114353,0.774947950560779,31.5992349470444,160.095762914739,1.20378903228279,0.000247619565343231,0.114917186837327,2.81962586946635e-05,0.00144881462966835,7.99827465738636,796.416323514694,92684.7333333333,0.114427943259712,2.0290390413576,219253.4,167.376811594203,10629.3076923077,185845.187719727,8.03800582531056,482.013256603749,0.286690744691902,632.626331519384,0.972317069823743,0.785628433339426,0.00016174032348305,1.26222773599985e-05,0.776192927411412,2.02903904914856,5.07186878039201e-05,0,2.33790468289223,31.8260520348223,0,768.616426930981,0,267517.270282452,0,429.380644162444,9.29253116854003e-05,19.9583680769976,161.645662975819,1.75648087927638e-05,72.071609403255,0.00060190097270514,0.851518912991916,46.834709754357,2772.36432568652,0.00033494381930114,0.000243136636130247,0.00107844407589336,103.666666666667,0.932133363514918,95.0402223104449,0,2.36365737547062,0.000663333884577815,0.00156666224494457,630.101021091072,0.643686366058998,750.697585172486,0,3.74532545959599e-05,24941.5184122721,3.16642095536637,0.000122697680048323,0.00124578432562058,0.000181488339709486
"H15-00504 - 1",1,2,"1/14/2015",8013082,0,"2/28/1947 0:00:00",0,0,67,"Portugal",62,168,21.9671201814059,"Diabetic nephropathy",1,1,67,0,1,2,0.9,93.60969621,1.3,60.21155238,1.41,54.61964989,1.4,54.7466055408156,1.32,58.0256624,1.6395284295922,0,0,1.27,60.02640637,1.3199502072961,0,0,0,0,1.47,49.369164,"5/16/2022 0:00:00",88,1,0,0,"1/23/2015 0:00:00",0,1,2,2,5,0,25,0,0," ",1,6," ",0,1,1,"11/19/2022 0:00:00",4,1,0,0,1,1,70,0,0,170,80,27.681660899654,1,0,"Stroke (ischemic)",1,0.5,109.726142,0,1.25,74,0,0,0,0,1,2,3,3,0,0,22.3038,1,1,0,0,22.3038,1.130601971,0,33,0,0,2.56232e-07,461496.6364,182442.9617,337.1075759,85.1563472,0,0,0,0,0,1.80294e-05,41984.57709,33716.41146,83.0625363,24.08298509,0,0,0,0,2.32938e-07,0.46446192,0.118250234,0.756957555,0.006986396,0,0,0.156217787,-0.031398106,1.82857e-05,0,2322,30,475916,80382,0.223813712,110038.16,0.225599034,5.431608221,22.42939024,0.426728271,5.431608221,22.42939024,0.426728271,0.537021173,26519.33333,0.537021173,26519.33333,0.72922399,157216.5,0.72922399,157216.5,0.512995821,10182.1875,0.512995821,10182.1875,0.72922399,157216.5,0.72922399,157216.5,0.473127357174319,2.8345853282257,0,1108.12875355554,0.528335485703168,382.966812048858,5.45501612533684,0,0.00210449188717432,0.00292194666802053,0.00119872694536869,0.00443072350705631,0.927724163896145,1.83571350708519,0.00701331397106476,36.6731396292417,0.934037836700618,5.54729340567845,1198.89862838483,0.89276028130946,1.59046318351881,11.6950018738835,74.7683891703599,101616.5,0.114174930013248,10182.1875,0.688143717739907,9.72147367776027,365.244085423755,0.00217015580183432,1.56133588425684,10198,9.72147367889339,0.733908339325029,21.9413025917227,848.225210321485,1.12486219295815,0.000307574111428878,0.115991064810323,3.49677330805569e-05,0.00559781382581138,14.8034988655963,1661.20205003093,101659.5,0.114032118072696,1.92930873011114,101616.5,124.286085825748,1156.625,445756.5,4.7549978517012,1080.70870654219,0.723762197584599,1292.96120062365,0.956795362903714,0.432744484119657,0.000312138560677015,1.54585235158482e-05,0.725909707806311,1.9293087720871,0.0013288036552066,0,7.41317290250248,22.1704911237153,0.690702473688791,774.412473286447,1.51151994163103,17592.2775878906,0,129.324607822676,0.000177838589087065,6.03172835622515,758.288470126825,1.26468286545865e-05,65.2979330007128,0.00110838912930484,0.728153517643251,24.3813970088959,2591.77269684167,0.000662742879113899,0.000621869710933766,0.00131288759020124,118.5,0.911325980020416,67.2949482601305,0.573634386691808,2.59276928850866,0.000846717260533037,9.25619247035573e-05,0,0.24828580241343,726.279254316291,4744867.625,2.7606543902775e-05,22815.7294921875,2.0261868053459,0.00014927471146167,0.00156638072295563,0.000254411201744759
"H15-06802 - 1",1,1,"5/25/2015",19617487,0,"1/21/1945 0:00:00",1,0,70,"Portugal",46,156,18.9020381328074,"ADPKD",4,1,69,0,1,2,1.5,37.25687826,1.8,29.93566895,2.49,20.28041123,1.7,31.8622367523197,3.43,13.55376673,-9.15423501115985,1,1,2.17,23.18778447,-2.16861307057992,1,1,0,0,2.4,20.04381683,"1/17/2024 0:00:00",104,0,0,0,"6/2/2015 0:00:00",0,2,2,1,5,0,18,0,0," ",0,0," ",0,0,0," ",0,0,0,0,1,1,72,1,0,160,60,23.4375,1,0,"Stroke (ischemic)",1,0.8,78.23588038,0,1.65,94,1,0,0,1,1,2,4,2,0,0,10.98961376,0,0,0,0,10.98961376,2.197233949,7.69230769230769,36,3,0.076923077,4.32715e-07,327811.4167,174610.8804,269.7406101,93.23493589,3.60596e-08,94342.5,61061.23431,145.6964933,56.87001414,1.64792e-05,39268.03538,37018.49449,73.82196599,25.80706157,0,0,0,0,5.40894e-07,0.79228871,0.141848898,0.647106884,0.019680735,0,0,0.219204743,-0.501036136,1.6948e-05,0,1371,45,358789,31563.5,0.098163244,51190.875,0.173772999,5.05621441,19.54541319,0.259902673,5.05621441,19.54541319,0.259902673,0.797323628,42522.8,0.797323628,42522.8,0.980070859,273880.5,0.980070859,273880.5,0.754997219,15598.95,0.754997219,15598.95,0.881976445,96370.5,0.881976445,96370.5,0.313437800955739,2.7047871740941,0,0,0.386501133137326,461.613382997612,4.9364919558613,0,0.000666826337324253,0.00274858580423328,0.000568544758703541,0.0059599997956381,0.987690426713465,2.57323867165341,0.00264861000514105,26.8294392666489,0.988871713419236,4.75878593182277,1385.17728575659,0.895272496726358,1.17145093020292,7.05098545448737,39.3362367370423,136555.5,0.111037256094388,25997.25,0.579720912627828,6.34301437283496,546.630362046856,0.002609320392441,1.21237934624334,26026.7142857143,6.34301437440162,0.69951441586661,20.3614323532605,1175.5148043238,1.23892393403066,0.000175393429999809,0.113286683460218,1.92545499429026e-05,0.0136737285191904,8.69143777848528,1927.09520875122,136604.846153846,0.112654634524312,1.6985876573228,136555.5,324.854460093897,2922.35714285714,472664.221874971,4.60345251385292,1153.21289943176,0.859650220318298,1559.89857167417,0.948557950090698,0.352373574289607,0.000115873000128345,9.0812333583493e-06,0.682333873608536,1.69858765602112,0.000991932816858886,0,5.48035237397256,19.5545936484674,0,159.434653459445,0,6945.98454066685,0,235.89292092668,6.58139705176044e-05,5.88804982105891,1055.51320542845,8.85886276830018e-06,98.5776014109347,0.000383690422073545,0.699297476187416,29.8178311756679,2721.72031511963,0.000321469159585221,0.000584382417444967,0.000832442369796796,257,0.920676856658303,34.5481664043186,0,2.39748589447894,0.000369929457551548,0.000457567517532413,0,0.0855151446927088,727.053362186694,0,1.82671261251298e-05,27294.1117788462,1.91096356395661,9.13101571379427e-05,0.000652868822752499,0.000188000447063461
"H15-09412 - 1",1,2,"7/18/2015",19103036,0,"2/27/1945 0:00:00",0,0,70,"Portugal",84,172,28.3937263385614,"Hypertensive Nephrosclerosis",3,1,48,0,2,2,1.9,37.48042469,1.9,37.48042469,1.89,37.71852137,1.9,37.2480460574757,1.36,54.94891375,8.85043384626215,0,0,0,0,0,0,0,0,0,1.68,42.27730286,"7/17/2019 0:00:00",48,0,0,0,"7/24/2015 0:00:00",0,2,2,1,5,0,19,0,0," ",1,6," ",0,1,1,"11/3/2019 0:00:00",1,0,0,0,1,1,71,1,0,160,85,33.203125,0,0,"Head Thrauma",2,0.6,95.90284574,0,1.14,65,0,0,0,1,2,2,5,3,0,0,36.08192335,1,1,1,1,36.08192335,2.760476269,16.6666666666667,32,6,0.157894737,1.57095e-07,309233.1406,188891.1203,247.4929084,111.0470523,2.94554e-08,70539.83333,46666.29975,111.0573938,55.80551307,1.04027e-05,45685.49504,74463.36173,78.6648436,28.37853418,14170.63804,9754.009128,51.91819444,16.21532203,2.70008e-07,0.221347182,0.04857909,0.475250581,0.014541365,0.131230033,0.001104239,0.102217844,-0.465586963,1.04835e-05,0.868769967,2119,55,346721,172865.5,0.559039553,203895.8889,0.548457214,9.685192814,35.12253295,0.208840203,9.685192814,35.12253295,0.208840203,0.221681779,32229.3,0.221681779,32229.3,0.356550729,106204.5,0.356550729,106204.5,0.206638393,20968.45455,0.206638393,20968.45455,0.263051091,63196.625,0.263051091,63196.625,0.341810627734724,2.72634773289705,2.74527378452279e-05,0,0.258664084540907,423.372843723687,10.2034944779728,0.000236706345545507,0.00290936919505639,0.000298778340631082,0.000781917571612494,0.00070203766328474,0.75304553888206,2.16094035446568,0.00830075508361723,23.0359203760772,0.797032529137421,9.23814838915222,1205.67260174077,0.896375899527197,1.62515395248805,7.99481938546607,164.36219841058,115423.192307692,0.114948843915161,32229.3,0.844334249567218,7.114324589471,512.654499463478,0.000157240312792795,1.5936040661998,32257.4,7.11432458634141,0.811347074231665,30.6269556275488,157.263229439775,1.146313368875,0.000311863277208616,0.115151279735657,3.57497671969601e-05,0.00189620799164878,8.24939177719146,582.22655986547,115471.846153846,0.114163284351586,2.0360127176922,115423.192307692,110.937799043062,3695.66666666667,334790.212028357,9.02531383126251,345.992199166606,0.280697983703658,446.286573561715,0.980902975149948,0.786320333558791,0.000237717605474453,1.34243492379606e-05,0.795303392405773,2.0360127228957,5.96829185021554e-05,0,2.69434341885092,32.5064232382903,0,559.656491557609,1.60524252055368,153023.399739583,0,209.936687069592,9.77356175031421e-05,28.2943289907355,123.429895572957,1.94410683663903e-05,52.5905319668131,0.000925590524703473,0.872687097253047,18.3886319478353,2626.25257788212,0.000329012191825978,0.000306458407912427,0.00129672265546209,129.692307692308,0.93133251753197,128.19113737979,0.267007171922592,2.56472787246726,0.000651621269344585,0.00114928967569117,616.874331073265,0.446770568853931,722.916040291305,3530782.45,4.99656963649065e-05,29251.0068432735,0,0.000148551580124815,0.00150257904945417,0.000285218021331743
"H15-09412 - 2",1,2,"7/18/2015",98007670,0,"3/21/1955 0:00:00",1,0,60,"Portugal",71,154,29.9375948726598,"Chronic glomerulonephritis (unspecified)",2,1,20,0,2,1,1.1,57.52476157,1.3,47.07540085,1.14,55.11124573,1.26,48.5713738499248,0.98,64.85623533,8.1424307400376,0,0,0.84,77.07009037,7.1246791300188,0,0,0,0,0.88,71.01966237,"5/21/2024 0:00:00",106,0,0,0,"7/26/2015 0:00:00",0,2,2,2,6,0,17,0,0," ",0,0," ",0,0,0," ",0,0,0,0,2,1,71,1,0,160,85,33.203125,0,0,"Head Thrauma",2,0.6,95.90284574,0,1.14,65,0,0,0,1,3,2,6,3,0,0,69.2043,1,1,1,1,69.2043,1.225554083,16.6666666666667,30,5,0.142857143,1.01305e-07,387781.8833,219318.2917,292.4099429,96.86360827,1.68841e-08,71918.4,18677.98784,135.2604936,19.97495603,1.2761e-05,36793.3837,42679.80206,75.08511564,25.32171836,15781.68421,16917.21787,49.68012625,17.19671948,3.57943e-07,0.202128465,0.039284125,0.469520905,0.050536415,0.196090927,0.002346242,0.083668532,-0.506986889,1.28746e-05,0.803909073,3779,106,383046.75,172780.5,0.498723831,213428.7778,0.471418741,9.644552831,30.11378139,0.279305041,9.644552831,30.11378139,0.279305041,0.21530659,186775.0938,0.21530659,186775.0938,0.278194666,1371306,0.278194666,1371306,0.171552786,14896,0.171552786,14896,0.346568002,702412.375,0.346568002,702412.375,0.271578225309093,2.56714203317987,2.5471659248821e-05,0,0.30472669553564,471.860551312488,9.36468788105383,0.0002218432724429,0.0745599613275795,0.000385593845367628,0.000933050337092535,0.00079035788873335,0.780644864296442,2.01838583596448,0.0801787199866096,25.3675993316596,0.802851237453908,9.40657802713176,1385.94200084644,0.899422178883866,1.64690672164486,9.07757890788013,120.823204039849,141160.785714286,0.114836071916055,20099.5,0.849170812921298,8.28498281664165,450.809876368638,0.00018580234187201,1.55824372652546,20123.1428571429,8.28498280777792,0.782948935652765,29.6334825309119,145.643007638208,1.28843217261254,0.000334937260700971,0.114773358203895,3.83814653134236e-05,0.00171445384671345,11.1263154443412,569.668709709858,141220.142857143,0.107305943976152,2.28799808869259,141160.785714286,100.97375328084,2314.5,602622.967633929,9.31314708962126,393.048791332843,0.317023282992498,440.34647918757,0.981127467796124,0.757253524157716,0.00224872828067507,1.63122627574082e-05,0.78383475275672,2.2879980972835,8.00244824226317e-05,0,3.4470256208492,28.9262756229618,0,578.175744166374,1.40122576143153,85992.6696831839,0,173.398251703991,0.000155282332411783,17.2135427533364,140.728944164464,2.22927060276965e-05,47.6198640260124,0.0050087988628681,0.849328931076322,12.9306772095816,2302.81042431152,0.000486657561327266,0.00235696073912659,0.00142455074224035,114.714285714286,0.926081674428763,115.647843628461,0.281336337560786,2.56498962379338,0.000874882810158113,0.000171909754546541,674.623898594809,0.427475528054043,600.165095098214,5500971.4375,5.50372370343166e-05,39309.9463065011,2.7683381702841,0.000163176668796092,0.00175883754649717,0.000178402094861819
"H15-10995 - 2",1,2,"8/29/2015",9004620,0,"6/12/1956 0:00:00",0,0,59,"Portugal",68,169,23.8086901719127,"Hypertensive Nephrosclerosis",3,1,62,0,2,2,1.9,40.13429021,2.2,33.65988988,2.06,36.42329602,2,37.5044590274056,1.81,41.75443345,2.1249872112972,0,0,2.3,30.9343836,-1.6425188568514,0,0,0,0,2.44,28.14208299,"4/2/2024 0:00:00",103,0,0,0,"9/14/2015 0:00:00",0,1,2,1,4,0,15,1,0," ",0,0," ",0,0,0," ",0,0,0,0,2,1,68,1,0,160,75,29.296875,1,0,"Stroke (ischemic)",1,0.8,80.20658109,0,1.41,85,0,0,0,0,2,2,4,2,0,0,50.20325443,1,1,1,1,50.20325443,0.365160215,0,22,0,0,1.80625e-07,345188.2955,170807.4637,278.4383635,79.61575608,0,0,0,0,0,1.1289e-05,43138.71564,41505.21741,80.82116507,29.05397491,21234.05427,17236.65931,54.74890542,17.62554381,2.05255e-07,0.354735677,0.062349524,0.486994781,0.009169798,0.212249035,0.003838882,0.128029141,-0.185867885,1.08765e-05,0.787750965,1375,25,382203,210268.5,0.552992055,179327.9524,0.511134155,7.594862434,27.49885625,0.207647892,7.594862434,27.49885625,0.207647892,0.315823806,26170.91667,0.315823806,26170.91667,0.525633915,64485.5,0.525633915,64485.5,0.247897133,13146.625,0.247897133,13146.625,0.451677152,52219.5,0.451677152,52219.5,0.216338019227311,2.3879073093114,2.54520628115516e-05,0,0.19602475471349,498.149910223232,7.25026354406063,0.000219558365976805,0.00229449759163342,0.000257996956183623,0.000470528493739569,0.000399551529088471,0.750927897231929,2.33342273367392,0.00718277775401079,21.9250611103782,0.773269987693916,7.41437891860525,1487.74303148393,0.901275890179926,1.29282087005074,5.42942737717851,80.3696245608364,153716.142857143,0.114445808935606,26170.9166666667,0.812080103983569,6.14913099692153,600.133875727334,8.06942530265605e-05,1.45516068163173,26199.1666666667,6.14913099877132,0.753442984237538,27.7197085442652,117.758415291433,1.27513426162125,0.000207935967798877,0.113822313442105,2.372553453843e-05,0.00158282591573865,8.1569562069611,1139.33969635114,153777.142857143,0.116705664568583,2.46697677913619,153716.142857143,199.465517241379,3069.83333333333,311478.556361607,6.81592356038819,588.961964158975,0.348525861997703,714.692706456181,0.970475226314514,0.726696470073656,0.00034333464096556,1.24388810925106e-05,0.753162605092902,2.46697674478803,4.54110666700789e-05,0,2.47326852122368,29.2330582445282,0,806.394938375123,0,92087.2412109375,0,200.116819157623,9.42552085090258e-05,18.6921979268392,139.264032271315,1.7398584939358e-05,45.3192829457364,0.00126834630839341,0.814513960771942,25.2746787071228,2858.47344700292,0.000358025701147527,0.000463406972373541,0.000940138304929207,160,0.930846369990344,81.4530906116449,0,2.30765963657833,0.000718588431211728,7.82370707400499e-05,884.72352180389,0.386013031005248,745.857274733865,0,3.18948969049603e-05,43297.0505022321,0,0.000107261557792168,0.00100445040606952,0.000216698311362124
"H15-14813 - 1",1,1,"11/18/2015",19168800,0,"1/28/1953 0:00:00",0,0,62,"Portugal",96,168,34.0136054421769,"Obstructive uropathy (lithiasis)",4,1,27,0,1,2,3.1,21.8918696,1.6,48.41421627,1.53,51.08426723,1.38,57.4593850652804,2.68,25.58892901,-15.9352280276402,1,1,3.33,19.47505832,-9.4960816863201,1,1,0,0,3.33,19.37358179,"12/2/2020 0:00:00",60,1,1,0,"1/4/2016 0:00:00",0,2,2,1,5,0,29,0,1,"6/6/2021",1,1,"6/6/2021 0:00:00",1,0,0," ",0,0,0,0,1,1,78,0,0,170,66,22.8373702422145,1,0,"Stroke (ischemic)",1,0.8,90.58531818,0,1.65,94,1,0,0,1,0,2,3,3,0,0,21.5564,1,1,0,0,21.5564,0.841095284,10,9,0,0,2.40843e-07,336244.1667,150333.7018,286.5131375,69.15200501,0,0,0,0,0,1.50928e-05,55062.84397,65248.36687,79.1880874,29.41522871,36040.30048,36222.0865,60.6367664,19.30517476,4.01405e-07,0.681104847,0.080982056,0.831054051,0.010876376,0.374727144,0.026284673,0.097444992,-0.617733688,1.27813e-05,0.625272856,564,15,379710.5,65514.5,0.163756979,64881.5,0.181049608,5.462834937,21.8604524,0.378976016,5.462834937,21.8604524,0.378976016,0.601466009,32601.35714,0.601466009,32601.35714,0.616962913,61779,0.616962913,61779,0.493233578,14436.625,0.493233578,14436.625,0.745775917,56821,0.745775917,56821,0.464285452128949,3.03551774767668,0,0,0.514546677947632,473.633787278787,5.33904485907923,0,0.00102877709583577,0.00179354356325296,0.0009173674738048,0.0043716207374762,0.972007930455065,2.72018982522425,0.00358615758459697,29.1634964697792,0.974841595775773,5.16208117204334,1440.21947955876,0.896443210347742,1.45599524396317,10.9028310483952,64.4461834641185,144034,0.113643514890955,32601.3571428571,0.665115436477119,7.90051093514133,482.361050353761,0.00190967127390561,1.47491196477339,32628.4285714286,7.90051094256033,0.745639063312917,18.3442671762821,729.644157789394,1.14341627836427,0.000287540241489836,0.114642766118881,3.2726734725786e-05,0.00631118270916347,13.388656600671,1508.04891201089,144093,0.115169322061336,2.03470506559879,144034,147.531690140845,3762.57142857143,975193.9375,4.551446324887,912.940169278197,0.73615403129376,1068.36329807918,0.961986069048384,0.448254048196327,0.000155562520506564,1.43497845882933e-05,0.747271779935295,2.03470516204834,0.000595387497391573,0,6.26133929074955,18.9087343069482,0,361.532550926473,1.41252267322724,25160.4647739955,0,237.051653547015,0.000131643462489354,5.38950711052592,684.93235538922,1.09178784537029e-05,49.7131011608624,0.000592032291892672,0.725771143774513,44.1315648215158,2236.34646328084,0.000525236811665794,0.000377694556282408,0.00131010903440079,203,0.923193349874177,67.362462076326,0.561394203955805,2.44980128369642,0.000622988232547783,6.51711005156162e-05,0,0.141782615019819,621.843849345958,4231130.675,2.4244707801242e-05,32994.77734375,2.12382254956248,0.00014910555746676,0.00109149496286799,0.00029638266334064
"H16-00638 - 2",1,2,"1/18/2016",17008699,0,"6/5/1972 0:00:00",1,0,43,"Portugal",65,161,25.0761930481077,"Undetermined",5,1,21,0,1,2,1.4,47.87287786,1.4,47.87287786,1.36,49.56743988,1.61,40.2301007026701,1.23,54.88504467,7.32747198366495,0,0,1.27,52.16433501,2.98355857683248,0,0,0,0,1.4,45.27531678,"5/24/2024 0:00:00",100,0,0,0,"1/27/2016 0:00:00",0,0,0,0,0,0,17,0,0," ",0,0," ",0,0,0," ",0,0,0,0,2,1,46,0,0,170,92,31.8339100346021,1,0,"Stroke (ischemic)",1,0.8,110.5325163,0,0.93,43,0,0,0,1,1,2,4,4,0,0,47.27664609,1,1,1,0,0,7.858209301,13.3333333333333,25,4,0.137931034,1.51957e-07,434229.5,169297.7885,321.3209466,80.06977762,2.43132e-08,164755.25,27995.91929,188.751738,36.18744808,1.0485e-05,45093.72174,45311.3043,76.31282668,31.82994701,41472.65654,40939.71336,68.5036688,20.98129286,3.40384e-07,0.351339405,0.065984313,0.472809885,0.011006955,0.471627781,0.010929448,0.139557812,0.141048934,1.08429e-05,0.528372219,1725,56,396934.5,187527,0.396113057,169875.4,0.373053771,6.785123903,30.00868935,0.248235805,6.785123903,30.00868935,0.248235805,0.249509709,31604.75,0.249509709,31604.75,0.293178919,103739,0.293178919,103739,0.21417699,12165.78571,0.21417699,12165.78571,0.331952719,76962.33333,0.331952719,76962.33333,0.316175178604829,3.09501837026695,2.4018483053278e-05,0,0.341257403877206,588.706618196397,7.04449677220114,0.000209768370545267,0.00166490107394577,0.000312158066518439,0.000669285295762899,0.000503588224080902,0.814702560237678,2.59792615867478,0.00524845583057913,24.0163801468135,0.831934453270739,6.73795282196324,1735.20223561605,0.891569293777972,1.41379530522259,7.6336904302271,79.5541561800434,208161.875,0.113661260318075,31604.75,0.762297651378635,6.78455258306827,543.49138688306,0.000102884940310859,1.40556739968864,31616.8,6.78455257995533,0.746253318512414,26.3543721474428,235.944045390385,1.12796548261797,0.00025034838911272,0.114971789403575,2.84001428502689e-05,0.00156531583587895,11.1595567537705,1162.68042018534,208252.5,0.113857564844176,2.3079521528705,208161.875,161.622171945701,3637.7,1062887.53125,6.50192993227417,731.604746338242,0.39555658827688,893.822173361637,0.965280799719984,0.697831617115129,0.00071497269599667,1.46866647691957e-05,0.746396917828644,2.30795210599899,6.19704014841176e-05,0,3.32471422011882,24.7961016639075,0,1044.72811865526,1.25830552678156,113033.210913086,0,227.879304346754,0.000135038845215863,12.0711252364245,279.972084620392,1.49727264542772e-05,44.8092896174863,0.00210940196793013,0.759388761804675,19.8848076343536,3014.12315857747,0.000478724579816413,0.000864601173439084,0.00117260049941549,210,0.926434237694201,76.6370855920338,0.298010770594541,2.36954620339609,0.000788677634437978,5.95641142965562e-05,1010.81873705319,0.272485914007226,843.719051060968,3368567.07142857,2.99964907417906e-05,55375.978515625,0,0.000132897477083819,0.00121136809353564,0.000148467070701517
"H16-03611 - 1",1,2,"3/23/2016",19488578,0,"2/14/1948 0:00:00",0,0,68,"Portugal",81,167,29.0437089892072,"Undetermined",5,1,52,0,1,2,1.7,43.36827358,1.2,65.87086163,1.16,68.60586628,1,81.4722728271009,1.22,63.38347124,-9.04440079355045,0,1,1.72,41.45449847,-10.0044435892752,0,1,0,0,1.09,71.29830049,"12/9/2021 0:00:00",69,1,1,1,"4/7/2016 0:00:00",0,1,0,0,1,8,19,0,0," ",1,6," ",0,1,1,"2/28/2022 0:00:00",4,1,0,0,1,1,47,1,0,160,75,29.296875,1,0,"Stroke (hemorrhagic)",1,0.7,107.2806757,0,1.01,51,0,0,0,1,0,2,3,3,0,0,10.97906548,0,0,0,0,10.97906548,0.243157598,7.40740740740741,50,4,0.074074074,3.01502e-07,361558.63,168032.8588,288.5062137,86.02351234,2.41202e-08,159030.5,40943.89581,205.0293247,22.56049683,1.94288e-05,41892.15394,43627.09253,76.93324007,28.6373606,29862.96429,16173.68173,63.97824329,13.70605026,4.34163e-07,0.638906788,0.109010628,0.813913649,0.021066721,0.864622332,0,0.133933898,0.018497126,1.98342e-05,0.135377668,3222,72,421593.75,62656.5,0.153659688,64158.52632,0.172294987,4.850077127,20.17452976,0.407180857,4.850077127,20.17452976,0.407180857,0.588658325,30473.21429,0.588658325,30473.21429,0.696434012,255923,0.696434012,255923,0.578902998,12818.36842,0.578902998,12818.36842,0.681333928,198194.25,0.681333928,198194.25,0.413590241909261,2.986521821438,0,795.63065698591,0.40573944640194,356.961896022635,4.55419676477746,0,0.00113454294712465,0.00353688862173747,0.00103740469389124,0.00606841414745446,0.973499615815627,2.04184024800035,0.00417939724458945,32.6807672277015,0.976012656911023,4.52167616491848,1063.4755886029,0.898096833481792,1.50580780616766,10.9865635924539,70.3793357114124,107111.25,0.114099740292214,19200.725,0.620718959501695,8.41496302337734,393.429433404114,0.00288559008909543,1.55061611871897,19220.95,8.41496302660574,0.743257782520223,20.0297539472991,846.281450574981,1.22073031275987,0.000291175207360993,0.114083948864768,3.30303387110698e-05,0.00940428802647015,15.1381344097136,1677.87591787396,107164.666666667,0.113481658215032,1.76783340624987,107111.25,127.617647058824,2172,568102.052785238,4.38238967981973,1149.88868774785,0.834038972292605,1368.63932006542,0.952987087665549,0.367026475723903,0.000168288282063006,1.66640860432448e-05,0.731575014956065,1.76783341169357,0.00148753866114887,0,7.1000325464823,21.1936271880753,0.706646351817255,332.84935040293,1.44624129386378,11393.3990921021,0,178.98278496307,0.000160876446569993,5.12683526575565,873.456571849626,1.23166002001957e-05,49.1998101566208,0.000594045057055009,0.677486121500128,26.8013961791992,2570.65790856016,0.000649283565541624,0.000704780734429426,0.00137389682823064,143.666666666667,0.913585007957443,60.7807190878503,0.4256558613945,2.50527917970735,0.000762291245421171,0.00201471800032758,0,0.137274205535836,688.117429789135,4266524.34677419,2.36474105580586e-05,25014.6838156382,2.16973363643241,0.000155779900725407,0.00122154341648643,0.000328063529061384
"H16-03611 - 2",1,2,"3/22/2016",10004850,0,"9/4/1970 0:00:00",0,0,45,"Portugal",74,169,25.9094569517874,"ADPKD",4,1,44,0,1,2,1.3,69.04019214,1.4,63.16556299,1.53,56.78116478,1.32,67.3665472736572,1.1,82.80561159,7.7195321581714,0,0,1.47,57.74949283,-2.4042636109143,0,0,0,0,1.47,56.45683229,"4/24/2024 0:00:00",97,1,1,1,"3/30/2016 0:00:00",0,2,0,2,4,11,16,0,0," ",0,0," ",0,0,0," ",0,0,0,0,2,1,47,1,0,160,75,29.296875,1,0,"Stroke (hemorrhagic)",1,0.7,107.2806757,0,1.01,51,0,0,0,0,0,2,2,2,0,0,11.66133595,0,0,0,0,11.66133595,0.097557038,0,30,0,0,1.45192e-07,317376.9833,168344.1792,263.2457574,96.7431543,0,0,0,0,0,1.44514e-05,50816.36537,50653.05788,83.54638262,31.97465206,51716.70513,28929.13411,74.35169731,15.11255141,2.90384e-07,0.586231651,0.046080534,0.734368807,0.011517734,0.958954614,0,0.06274849,-0.13940406,1.46364e-05,0.041045386,2986,60,371994,68903,0.211530108,83944.47826,0.228617845,5.614707716,21.20942738,0.420590771,5.614707716,21.20942738,0.420590771,0.582253581,49700.94444,0.582253581,49700.94444,0.998740044,288415,0.998740044,288415,0.533003482,11779.71429,0.533003482,11779.71429,0.754628927,182425.25,0.754628927,182425.25,0.421557877011434,3.02106967021589,0,0,0.424495264556069,449.736939256444,5.45284772850242,0,0.00149669705541931,0.00191451063189419,0.00103947361926114,0.00333121837820722,0.95063904874745,2.11667061753961,0.00507138886288242,32.6346196332563,0.955264463477147,5.39601953295643,1251.03882807396,0.89798972070486,1.57507161999996,11.4745489775899,75.8342261868373,101138.444444444,0.114186514238958,24088.90625,0.651733911551033,8.66664172585629,403.893842587729,0.00130866013644392,1.54884608146058,24111.75,8.66664173140387,0.757285307829421,21.0104820673223,727.448184871865,1.23139068733062,0.000303225288565998,0.114664197773195,3.45965466116141e-05,0.00700412703842287,15.1192804625429,1529.26140019923,101183.666666667,0.11501513146071,1.96376464546891,101138.444444444,114.538755980861,2782,559905.34375,5.27122048224314,1020.10443641508,0.788882610001116,1145.99081343021,0.958152103705566,0.407001830550379,0.000233093711943377,1.69483881944011e-05,0.754058331347138,1.96376466751099,0.000665331293500637,0,7.03256581670546,21.8348932510887,0,490.881857893646,1.47963847806961,22249.0391778946,0,174.95696177314,0.000169965852544243,6.39029091426304,696.734082195911,1.33486617641378e-05,47.0543615676359,0.000815816693206028,0.678289261782007,33.9141508340836,2492.84787828804,0.000665308714942925,0.000990821343263377,0.00140608048868766,123.444444444444,0.918908561390452,70.7290945733711,0.462349436337068,2.47857631456736,0.000808133842362677,0.0001026288198364,0,0.189269633073673,671.110035283304,4491702.00543478,2.67870627172514e-05,22875.8400607639,2.10155182369144,0.000160370229270723,0.00126372559116886,0.00024681228702836
"H16-04365 - 1",1,2,"4/8/2016",19059320,0,"12/27/1955 0:00:00",0,0,60,"Portugal",59,167,21.1552942020151,"Undetermined",5,2,60,0,1,2,1.3,62.890765,1.4,57.53939053,1.51,52.5468351,1.5,52.6390910948694,1.27,63.48211864,5.4215137725653,0,0,1.26,63.29497143,2.66397008378265,0,0,0,0,1.25,62.6477723,"3/6/2024 0:00:00",95,1,0,0,"4/28/2016 0:00:00",0,1,2,1,4,0,20,0,0," ",0,0," ",0,0,0," ",0,0,0,0,1,1,70,0,0,170,70,24.2214532871972,1,0,"Stroke (hemorrhagic)",1,1.6,46.06433916,0,1.65,94,1,0,0,1,2,2,5,3,0,0,35.1988,1,1,1,1,35.1988,0.236431779,14.2857142857143,37,5,0.119047619,2.10664e-07,318349.2973,201303.6383,262.8291464,111.8523488,2.84681e-08,73460.5,45115.69842,125.061992,55.57425803,1.76559e-05,28350.94099,33795.86179,66.58909943,22.94345916,10933.66667,10339.7112,45.90783583,15.53480797,4.61183e-07,0.59337264,0.067064663,0.50056142,0.01876364,0.29628751,0.03803841,0.13397889,-0.147447855,1.8004e-05,0.70371249,3101,81,326482.5,74061,0.283767017,124081.1429,0.324321984,5.711279619,19.65553261,0.300047095,5.711279619,19.65553261,0.300047095,0.597558973,51391.70588,0.597558973,51391.70588,0.89052772,247117,0.89052772,247117,0.579031108,15771.15,0.579031108,15771.15,0.624027353,102278.2143,0.624027353,102278.2143,0.423281879552632,2.84184042157361,1.67685069424172e-05,997.293704708144,0.473818860091764,466.325376184717,5.40941082872536,0.000146451060406906,0.0112244825888184,0.00128119559568624,0.000804020404329041,0.00306325150844146,0.928566960994009,1.9099349812311,0.0152906405227055,25.0894909668391,0.934291121550608,5.83269104645593,1394.75735447439,0.897778755864867,1.27961493871994,8.38626003601491,70.0556819423977,152659.916666667,0.113130665250265,51391.7058823529,0.626895618085198,6.41489681987598,419.025511316923,0.00122909937318654,1.32956357573372,51422.9411764706,6.41489682208928,0.738829849129109,15.3985634566305,620.322575429136,1.23348577023565,0.000277454993777153,0.113936917708007,3.14884470732295e-05,0.00480677423313363,10.1843261457478,1622.1973230454,152719.611111111,0.108091178779129,1.65190606303655,152659.916666667,158.08,5903.35294117647,522707.490599314,5.19273164420363,916.957794820387,0.66269233569016,1171.96157632437,0.960249674218904,0.490876285771545,0.00245317591558026,1.17515301157624e-05,0.730376895023613,1.65190605984794,0.000421217040815659,0,4.59644777095629,16.0939900398699,0.701238400487254,555.887743258917,1.50838865989344,36514.4695140614,0,272.720481057974,8.73564771702033e-05,8.64849372704824,587.388895681243,9.49282785377989e-06,66.1357604627424,0.00413111298254877,0.697572990056113,44.8915682680467,2667.86401359586,0.00039349837860483,0.00452346590066256,0.00124548687261835,234.222222222222,0.9164980863441,59.7717199910551,0.217039121318457,2.45934157904787,0.000490827754180191,0.000737340506346376,1167.80983415398,0.245008194409335,715.428279466872,4005894.25,2.56718943340174e-05,30062.015185886,1.96331423827516,0.000141348415588874,0.00100951155974233,0.000197307331216355
"H16-04650 - 2",1,2,"4/14/2016",19021820,0,"5/16/1959 0:00:00",0,0,56,"Portugal",77,168,27.281746031746,"Chronic glomerulonephritis (IgA)",2,2,22,0,2,2,1.5,54.30169921,1.3,64.47493424,1.41,58.48708753,1.3,64.0751896499452,1.09,78.1822402,7.0535252750274,0,0,1.18,70.2036163,1.5321066625137,0,0,0,0,1.85,39.92406908,"5/10/2024 0:00:00",97,1,1,1,"4/21/2016 0:00:00",0,1,1,0,2,0,19,0,0," ",0,0," ",0,0,0," ",0,0,0,0,2,1,61,0,0,170,85,29.4117647058824,1,0,"Stroke (hemorrhagic)",1,0.8,100.6873575,0,1.15,66,0,0,0,0,1,2,3,3,0,0,40.21828685,1,1,1,0,0,0.873499068,0,41,0,0,2.32859e-07,354245.2683,164172.0349,276.732593,95.51311378,0,0,0,0,0,1.23074e-05,40517.75265,43439.82721,74.52510894,27.44644182,26644.25299,25000.84247,54.97733714,17.77499607,1.81744e-07,0.387626822,0.082489153,0.49866994,0.009092784,0.224377015,0.001649525,0.165418339,-0.292057789,1.0588e-05,0.775622985,2167,32,385416,170149.5,0.453252322,174366.6216,0.43906619,7.597448979,24.24806485,0.275461852,7.597448979,24.24806485,0.275461852,0.409680399,24105.58333,0.409680399,24105.58333,0.518194933,62732.5,0.518194933,62732.5,0.387977492,16380.2,0.387977492,16380.2,0.518194933,62732.5,0.518194933,62732.5,0.370354443503436,2.19907374106685,2.67897782077088e-05,621.409806386941,0.393172013842829,477.82230859566,7.65402360470288,0.000231491765490899,0.00245321705689414,0.000288713741052142,0.000717414016299462,0.00056103260182755,0.817532027115171,2.42168166580355,0.00660983099020494,24.7124283627149,0.834385266085072,8.01476795806724,1417.22712752898,0.897191252769338,1.55976082578931,7.49696673420102,103.991021833116,180797.772727273,0.114799816742014,24105.5833333333,0.796993123504959,7.02543951106333,513.781131566183,0.000118605444230675,1.58888919941696,24127.1666666667,7.02543951630119,0.773468609537494,23.2988536177536,173.859319613105,1.34779413918042,0.000282131180003724,0.11478596802284,3.22882787498183e-05,0.00191374137507102,10.3950246023245,1175.13580761125,180852.636363636,0.113536815578565,1.73728362003308,180797.772727273,106.545667447307,2746.33333333333,528433.795454545,7.01819629850002,586.124587689755,0.451274416258001,783.606199495837,0.971048038735837,0.659768016780327,0.000380170939717861,1.46267186558784e-05,0.770483090290173,1.73728363080458,5.72119518710386e-05,0,3.53548332566757,23.0974012459537,0.630755587999688,893.458299136635,1.3794409973134,69126.2483723958,0,221.137565951472,0.000121607444706274,14.0898226758708,180.782976865762,1.65104931963767e-05,35.4497354497354,0.00139514889945098,0.801240189777974,25.5865643819173,2557.01984967685,0.000435045793685889,0.000563532005541576,0.00126698731061392,230.909090909091,0.927653937873636,99.0431169958362,0.435472013491881,2.40215837424808,0.000752227045674488,0.00152609755863137,901.128906007854,0.417421196879259,650.607988446973,4320170.83333333,3.79309466364504e-05,42789.0818916668,2.44755524078492,0.000144957364929656,0.0013269969583031,0.000180011959101462
"H16-08527 - 2",1,2,"7/6/2016",13009438,0,"12/4/1958 0:00:00",0,0,57,"Portugal",66,157,26.7759341149742,"Chronic glomerulonephritis (Crescentic GN)",2,1,25,0,2,2,2.1,36.03784138,1.8,43.36056344,2,38.21078222,1.7,46.1511162611432,1.29,63.47624795,8.6625658444284,0,0,1.92,38.90052035,-1.8126489777858,0,0,0,0,1.7,44.66300089,"3/14/2022 0:00:00",68,0,0,0,"7/15/2016 0:00:00",0,2,1,2,5,2,15,0,0," ",1,6," ",0,1,1,"3/17/2022 0:00:00",1,1,0,0,2,1,66,1,0,160,83,32.421875,0,0,"Head Thrauma",2,0.8,81.21046918,0,1.09,61,0,0,0,0,2,2,4,3,0,0,44.58805472,1,1,1,1,44.58805472,1.012554591,0,32,0,0,1.9476e-07,279425.25,133609.5281,254.58345,75.64091652,0,0,0,0,0,1.37975e-05,31884.5805,35299.76546,66.55262875,22.07961517,14175.04704,25693.22646,47.48620685,14.04986352,3.65174e-07,0.288162311,0.05442074,0.439927431,0.017152956,0.394089393,0.004583507,0.123703902,-0.286133755,1.65351e-05,0.605910607,2267,60,261414.5,146207.5,0.560246684,159831.1034,0.522266421,8.644154806,31.81790759,0.171218635,8.644154806,31.81790759,0.171218635,0.33641489,24279.03846,0.33641489,24279.03846,0.262169617,70778,0.262169617,70778,0.328381294,17805.09091,0.328381294,17805.09091,0.380599671,59885.75,0.380599671,59885.75,0.307723843445745,2.61845637817564,2.35676252569788e-05,0,0.0510632101471145,550.755005498206,9.0775361641803,0.000206108129180439,0.00236882086373691,0.000132697476423591,0.000492798724870024,0.000470129875276624,0.875521529814046,3.60929450673007,0.00661788756099963,18.9731549467998,0.887831188946079,7.85686803656829,1611.01281919475,0.899553722844529,1.47995816804151,5.28522843380431,94.5029548702838,186302.3125,0.114838436300829,24279.0384615385,0.876199588155878,5.69852387342133,856.704967377198,0.00010102513667767,1.40605456339846,24299.8461538462,5.69852387014624,0.789508319652538,26.8038442067536,135.144905583111,1.21493841706601,0.000232249799236378,0.116020908655142,2.64688880311688e-05,0.00205041532414176,3.86687077666989,887.655792597661,186370,0.114659820172213,2.36488589204901,186302.3125,223.833333333333,2766,368765.75390625,7.85939244752263,288.310604695369,0.299702862787273,491.225414941707,0.968180608395994,0.771771741153191,0.000297156447498018,6.16607838491044e-06,0.782925703217503,2.36488591134548,2.30742864052535e-05,0,2.19095773307573,38.6162204405572,0,546.530151492985,0,91445.4625901442,0,208.264429011669,2.65875279329419e-05,22.3731295267741,92.6930529200247,1.08926351522317e-05,39.7270212111897,0.00106542585220558,0.934759177393019,22.2895660400391,2052.49364953845,0.000110425408279693,0.000420766243861938,0.000943270819565758,195,0.950197042717796,105.360829724069,0,2.41652892850364,0.000268379825034908,9.35411726811476e-05,814.669772413304,0.431655408251159,559.264230685466,0,3.58647601018351e-05,50236.9401855469,0,0.000107395879786897,0.00101767832423796,0.000254499533547755
"H16-09934 - 1",1,2,"8/6/2016",15047412,0,"5/3/1953 0:00:00",0,0,63,"Portugal",72,165,26.4462809917355,"Diabetic nephropathy",1,2,23,0,1,2,1.4,56.4757796,1.3,61.72823435,1.29,62.30289469,1.2,67.5300971745037,1.2,66.69531983,-0.417388672251846,0,0,0.93,89.43989924,5.47745051637408,0,0,0,0,1.04,76.97137467,"11/28/2023 0:00:00",88,1,1,1,"8/13/2016 0:00:00",0,1,1,1,3,2,17,0,0," ",0,0," ",0,0,0," ",0,0,0,0,1,1,65,0,0,170,89,30.7958477508651,1,0,"Stroke (hemorrhagic)",1,0.7,102.254983,0,1.2,71,0,0,0,1,1,2,4,4,0,0,9.697128725,0,0,0,0,0,0.224598857,12.5,28,3,0.096774194,1.82656e-07,414664.8929,220248.8958,297.3776317,103.6865532,1.95703e-08,144675.6667,105211.2341,157.8712723,105.579329,8.96973e-06,48800.15891,64396.71628,80.4825555,30.95422553,124340.7857,243213.7659,78.22260808,60.27030197,4.43594e-07,0.575159808,0.075741183,0.437724365,0.032688999,2.928480825,0,0.173033967,-0.269010209,9.19979e-06,-1.928480825,1375,68,408369.25,61352,0.193902563,122581.5789,0.298272423,5.664411246,20.78331857,0.270312579,5.664411246,20.78331857,0.270312579,0.687743406,50813.30769,0.687743406,50813.30769,0.957946474,355487.5,0.957946474,355487.5,0.634398541,16734.075,0.634398541,16734.075,0.865559624,164410.75,0.865559624,164410.75,0.328032809939293,2.70424528131821,1.83629800498327e-05,0,0.346290443507424,506.864810688694,5.50398921100911,0.000158054699190359,0.0424413699512905,0.000262864763268587,0.000488429477574785,0.000578212593623796,0.809570908259943,2.32240627530809,0.0446878365754387,24.6736729350311,0.825346415062169,6.26762515649734,1460.88674144833,0.893768670693329,1.32683928147769,5.91997896805539,49.4632387337182,154141.75,0.112992355319792,27024.4375,0.718802052065737,6.05243128880586,622.576985224807,0.000142097293625306,1.41553398565784,27047.375,6.0524312860721,0.716187715805425,18.9378448541382,655.876269740617,1.27512902541098,0.000155252228634765,0.114605698208356,1.75093256214089e-05,0.00181277949987745,6.4181443733308,1833.75217236193,154186.25,0.113824531276162,1.71541913432717,154141.75,381.196202531646,3053.375,581203.86328125,5.24411001771487,1028.51465056382,0.495144180464265,1325.69900278701,0.948396527930999,0.622002813338512,0.000699389361261049,7.85365484266551e-06,0.699156183674538,1.71541912853718,5.10310072453399e-05,0,3.31503718630207,19.493910427537,0,1204.19286871742,1.42698776676506,14783.1885426839,0,203.536919595298,5.80296782926725e-05,13.602577718099,617.467494501055,1.03337850230439e-05,113.94701986755,0.0018472598449324,0.780048076530342,34.5055961608887,2862.83046960687,0.000272951806806137,0.00118062739403151,0.000694271412405266,275.25,0.923011628744788,45.1466399503415,0.21235273514615,2.47204674286467,0.000459062179272025,9.18667072361431e-05,1283.27101518572,0.234555097665323,748.118221825627,3635187.5,2.14079758321796e-05,29766.4110107422,1.69715509972251,7.82547774307604e-05,0.000764670668784641,0.0001388313354829
"H16-09934 - 2",1,2,"8/6/2016",17016122,0,"10/22/1957 0:00:00",0,0,58,"Portugal",77,162,29.3400396281055,"Diabetic nephropathy",1,1,18,0,1,2,1.4,58.2595697,1.2,70.0976438,1.41,57.76409589,1.3,63.283120348576,1.44,55.28189251,-4.000613919288,0,0,1.64,46.70928935,-4.143457749644,0,0,0,0,1.4,55.31129915,"2/26/2024 0:00:00",91,1,1,1,"8/17/2016 0:00:00",0,1,1,0,2,0,19,1,0," ",0,0," ",0,0,0," ",0,0,0,0,2,1,65,0,0,170,89,30.7958477508651,1,0,"Stroke (hemorrhagic)",1,0.7,102.254983,0,1.2,71,0,0,0,0,1,2,3,3,0,0,18.17581335,1,0,0,0,18.17581335,0.535186515,0,29,0,0,1.85648e-07,302483.0862,240531.627,239.1355388,153.1339991,0,0,0,0,0,7.86765e-06,61027.36493,97822.99774,82.59382869,32.99848208,30130.42473,115232.0795,61.73959643,33.98175785,3.32887e-07,0.537735256,0.056155484,0.480141872,0.026983491,0.583420444,0.016648437,0.116956023,-0.179249605,9.00842e-06,0.416579556,1229,52,0,0,0,103808.9474,0.246800553,6.06206866,21.37003963,0.275421712,6.06206866,21.37003963,0.275421712,0.637726305,51598.97619,0.637726305,51598.97619,0.983793661,212679,0.983793661,212679,0.619693606,17816.125,0.619693606,17816.125,0.661769902,96642.77778,0.661769902,96642.77778,0.291366810337011,2.83876404294725,0,0,0.268750641582347,285.40101343461,5.66655419744729,0,0.000809453867349733,0.000336909577075126,0.000476410896516022,0.000596179558749225,0.848331662706329,2.69987919285038,0.00293163378615437,24.2566238487226,0.862372923904304,5.83368122780419,774.218953982495,0.896940586562329,1.46415123927326,5.81760379625267,49.2203310683045,75138.0833333333,0.113294219971445,43544.975,0.745471506015288,6.16612769576038,668.879590938161,0.000145930481307084,1.4353735055155,43575.55,6.16612769474875,0.72806588308443,20.7973482055829,650.309587104376,1.12860607962197,0.000149862717257395,0.115249502243932,1.69422690419317e-05,0.00187906588048944,7.27324657913199,1644.90241266974,75172.8333333333,0.11303469627246,1.29076219074972,199214.166666667,364.643564356436,4968.95,297853.057459513,5.46413532389756,915.099255873596,0.478804552152215,1136.36941177008,0.957043803817629,0.633076060410416,0.000113653418468579,7.39910906977687e-06,0.714205658266496,1.29076219598452,8.34115979366439e-05,0,3.25925461144462,21.0011288965228,0,1140.11083887606,1.44452776707614,48681.3984008789,0,289.188992370536,6.06179003913995e-05,14.3455527976707,609.369994562254,9.90621392493087e-06,106.099764336214,0.000475071061286062,0.792365752559088,36.862532043457,2881.42795625451,0.000274389456302173,0.000328182236955382,0.000694934795773452,128.166666666667,0.924592387172954,44.9380033924327,0.299446936097437,2.431781231321,0.000417209397904638,0.00213304052114153,0,0.352942159296998,797.105457669537,4611433.95833333,2.32170728184824e-05,14206.6210378011,1.6011722529843,7.8512807009363e-05,0.000772434548598171,0.000195009925767601
"H17-01673 - 2",1,2,"2/5/2017",19634416,0,"1/16/1959 0:00:00",0,0,58,"Portugal",96,173,32.075912994086,"Undetermined",5,1,80,0,1,2,3.2,21.60433692,3,23.34400727,2.67,26.8477195,2.53,28.4626467277991,2.55,27.84643968,-0.30810352389955,1,1,3.01,22.53907469,-1.48089300944978,1,1,0,0,2.15,33.26154036,"5/22/2024 0:00:00",87,0,0,0,"3/10/2017 0:00:00",0,1,2,2,5,20,19,0,0," ",0,0," ",0,0,0," ",0,0,0,0,2,1,64,1,0,160,90,35.15625,0,0,"Head Thrauma",2,0.8,82.22692221,0,1.09,61,0,0,0,0,3,0,3,4,0,0,9.027472037,0,0,0,1,0,0.010478177,0,20,0,0,1.5363e-07,249885.1,108221.1902,231.2894989,77.95651146,0,0,0,0,0,1.92191e-05,30407.42626,29103.54348,66.55259755,21.28637762,20363.3929,19118.22275,55.34800038,16.10270805,4.68571e-07,0.4084906,0.038389845,0.584403714,0.041407944,0.311459368,0.012751401,0.065690624,-0.495758147,1.82155e-05,0.688540632,2502,61,300310.5,44892,0.214355825,70552.41667,0.246684289,5.362101656,23.32368708,0.222246712,5.362101656,23.32368708,0.222246712,0.412058933,245800.5833,0.412058933,245800.5833,0.738546412,2796205.5,0.738546412,2796205.5,0.373745655,9782.9,0.373745655,9782.9,0.603625321,1425889,0.603625321,1425889,0.281191867023102,2.79667002694035,0,0,0.405398204889096,519.43250203515,5.47334763675135,0,0.00250580740679994,0.00137096467490094,0.000634282548964513,0.00169022710898579,0.935538164035856,2.90576038764472,0.00778493130458782,26.5092700098512,0.940813407760238,5.34633207051704,1544.16492757807,0.895628509095449,1.44385527151691,7.39257893434721,79.9662408360663,186811.363636364,0.113098807400379,13945.5909090909,0.65182380527645,6.93308790168683,567.654180176066,0.000622870108915919,1.37701466129583,13963.4545454545,6.93308790227607,0.772851736481609,22.4126310875068,351.613669604083,1.23216837238443,0.000290585021171403,0.114546541249036,3.27978635282397e-05,0.00390786584633428,10.9184095546346,1562.59903615555,186881,0.115315964858688,2.2152805401424,186811.363636364,155.701067615658,1634.45454545455,680757.435014205,4.66709061360878,704.67135592711,0.662994839512768,1044.05297352703,0.967080762121726,0.479942289905059,0.000412546008182014,1.71752906742498e-05,0.768945096381318,2.21528054367412,0.000497668972427835,0,4.75504095878958,18.3783453068924,0,765.59347856982,1.3232228933799,41557.035489169,0,154.481545323605,0.000105781516245276,8.38150681768145,363.125869948488,1.21990571229486e-05,39.0964941569282,0.00141354645951796,0.733823054995908,20.8023974678733,2134.12106653642,0.000410983383903496,0.00067684545204651,0.00126172615939541,222.636363636364,0.930659436333921,75.7622817781591,0.511329641652346,2.26644207092074,0.000535217530102033,0.000212684782055037,0,0.145061331672919,572.62858623171,3196261.25,2.35780674295926e-05,50530.7292591442,0,0.000142306291078919,0.000881064184968802,0.00013636432454426
"H17-02019 - 1",1,3,"2/11/2017",8003577,0,"6/18/1958 0:00:00",1,0,58,"Portugal",60,150,26.6666666666667,"Obstructive uropathy (lithiasis)",4,1,68,0,2,2,1.5,40.14380679,1.5,40.14380679,1.24,50.44545487,1.6,36.9218180590117,1.27,48.11279387,5.59548790549415,0,0,1.83,30.65361645,-1.56705040225292,0,0,0,0,1.44,40.12795926,"5/27/2024 0:00:00",87,0,0,0,"2/22/2017 0:00:00",1,2,2,2,6,6,15,0,0," ",0,0," ",0,0,0," ",0,0,0,0,1,1,67,0,0,170,80,27.681660899654,1,0,"Stroke (ischemic)",1,1.5,50.71101886,0,1.47,88,1,0,0,1,2,2,5,3,0,0,28.46750202,1,1,1,1,28.46750202,0.411942566,18.75,44,9,0.169811321,1.65447e-07,349215.3523,208396.4073,257.7979564,122.8310372,3.38414e-08,89590.88889,26693.37047,130.8193227,32.75624324,7.10669e-06,54845.02143,55281.20703,87.34288827,31.5592292,30593.87421,42462.86819,64.49567111,24.3338981,2.63211e-07,0.292618295,0.057776584,0.389766823,0.02387408,0.398145707,0.003652548,0.148233714,-0.416503722,7.7863e-06,0.601854293,1890,70,413910.0405,216300.8649,0.554404434,230724.6765,0.53204585,9.59312079,33.30868587,0.245507129,9.59312079,33.30868587,0.245507129,0.367595445,68810.22222,0.367595445,68810.22222,0.694558028,266303,0.694558028,266303,0.306965104,13165.83333,0.306965104,13165.83333,0.488856128,180099,0.488856128,180099,0.304760661475305,3.24780647803461,3.05950728009451e-05,463.602756034825,0.353770083621484,400.079606150248,9.69038326189776,0.000265048582592032,0.00347923701634764,0.000294813840016812,0.000590618782398632,0.000510353579177108,0.749326231025188,2.16880236657721,0.00911027234007726,24.9197717753445,0.776948183471992,10.0713003190032,994.011411359422,0.896639109987073,1.42218297920591,6.61276715257548,106.194859216381,51403.4166666667,0.114972577500758,44123.625,0.848243797915609,7.56305522872879,548.798476026907,0.000107295297259583,1.50803415223367,44156.125,7.56305522497963,0.775817681957705,30.9031210660131,127.696288167402,1.38203586594481,0.000228626617247701,0.115066436489887,2.61919787099345e-05,0.00147122854663785,8.85909458983545,651.711136325822,51459,0.113871762396509,2.06764438146178,51403.4166666667,149.296,5058,112585.659805298,9.10520624558962,423.615648527031,0.293384612282909,509.459342569277,0.979284388779575,0.777091863011502,0.000367208525934043,1.28969103341162e-05,0.771050656447843,2.0676443874836,5.81034046836161e-05,0,2.80087300192586,30.8297141289764,0.832985349770935,631.159304930273,1.30055637371347,169052.538574219,0,231.37588258809,0.000106416067697333,19.9557975345188,139.241581849874,2.05836480686469e-05,54.352380952381,0.00120615522095153,0.852781579647187,26.0532954931259,2897.51197539543,0.000359084491519598,0.000482373924307688,0.00105562168016067,53.75,0.928233220774229,95.9799128455637,0.322624105740586,2.4271911190294,0.00070694959953786,0.000745388958326641,607.91981735317,0.483949520698751,722.565561022711,4766290.25,4.32787239524979e-05,15978.8707249959,2.80260368923064,0.000120903351053079,0.00128016665466094,0.000131734079136128
"H17-03700 - 2",1,2,"3/17/2017",19757484,0,"11/2/1961 0:00:00",1,0,55,"Portugal",64,167,22.9481157445588,"ADPKD",4,1,45,0,2,2,1.1,59.34168382,1.2,53.458109,1.18,54.54722716,0.97,68.581029263742,1.28,48.55971186,-10.010658701871,0,1,1.27,48.41295418,-5.0420187709355,0,1,0,0,1.4,42.39209086,"5/22/2024 0:00:00",86,1,1,1,"3/24/2017 0:00:00",0,1,2,0,3,0,21,0,0," ",0,0," ",0,0,0," ",0,0,0,0,2,1,69,0,0,170,90,31.1418685121107,1,0,"Stroke (hemorrhagic)",1,0.7,99.74254616,0,1.28,77,0,0,0,0,1,2,3,3,0,0,22.56777209,1,1,0,0,22.56777209,0.164593578,0,34,0,0,3.36459e-07,206256.1618,99347.08616,215.1048972,65.58941555,0,0,0,0,0,1.34386e-05,35187.83984,47716.83413,73.26464999,24.67291573,10474.56259,7966.732255,45.60677028,13.66471124,2.96876e-07,0.339736806,0.069396766,0.472874352,0.021309569,0.256976862,0.003220641,0.146755191,-0.455617705,1.76965e-05,0.743023138,1358,30,212502.5606,122855.1212,0.584584779,134520.8214,0.593077515,9.490267753,35.81657141,0.163646701,9.490267753,35.81657141,0.163646701,0.360674319,68199,0.360674319,68199,0.695735393,286675.5,0.695735393,286675.5,0.243847891,16295.33333,0.243847891,16295.33333,0.711153605,223910,0.711153605,223910,0.353448060271098,2.45192496518759,3.35227328456048e-05,0,0.252786175016822,466.67582854198,9.99231959319079,0.000290100464044283,0.00466021048670733,0.000142329364517621,0.000743053307713859,0.000615162208988166,0.689504207126292,2.18044713732821,0.0119248081111266,19.2911170329523,0.722779676285793,9.86237362525313,1391.03193070915,0.890258064326817,1.41445691199089,7.26952219147147,110.938606002255,135606.714285714,0.116323247827124,36988.0714285714,0.840404690028878,5.93266765008939,491.448591732208,0.000135632687705471,1.38175580451635,37014.8571428571,5.93266765598857,0.789214141805767,28.2494660029437,126.74348291787,1.10876835065706,0.000295617239774855,0.115205611217656,3.3967363369054e-05,0.0023224414757045,4.78815678221873,929.871617859917,135658.095238095,0.115419326503266,2.2728119798823,141795,100.666666666667,4278.42857142857,362016.921502976,7.11270007862484,617.186854437756,0.302637758782992,574.074340993694,0.964630337380993,0.755025491419368,0.00036067545480247,7.18017760097377e-06,0.791073343700734,2.27281199182783,2.6336993390021e-05,0,2.3042660158659,33.4868236990201,0,663.416748484673,0,90440.83984375,0,227.881323307986,4.08960804943558e-05,24.9197616577148,118.173544046623,1.03583174585354e-05,30.7177981651376,0.00125853717399308,0.832493763967865,30.7694135393415,2180.06009999232,0.000190956274879427,0.000461774642966003,0.0012687997451187,138.333333333333,0.931678122817333,116.672028416633,0,2.33308993782933,0.000409482116831229,0.000821970924764449,513.98567835883,0.541875018523758,621.714790899771,0,4.56555605416755e-05,36642.6860860189,3.04761803787285,0.000145736875263284,0.0014900428908671,0.000225684283101549
"H17-05601 - 2",1,2,"4/27/2017",11015447,0,"6/19/1953 0:00:00",0,0,63,"Portugal",86,180,26.5432098765432,"Undetermined",5,2,35,0,2,2,1.1,75.43009511,1.1,75.43009511,1.09,76.26127818,1.09,71,0,0,0,0,0,0,0,0,0,0,0,0,1.16,70.14615161,"11/24/2017 0:00:00",7,1,1,1,"5/8/2017 0:00:00",0,2,0,0,2,16,19,0,0," ",1,6," ",0,1,1,"12/15/2017 0:00:00",1,1,0,0,2,1,52,0,0,170,75,25.9515570934256,1,0,"Stroke (ischemic)",1,2.5,30.15775097,0,1.19,70,0,0,0,1,1,2,4,4,0,0,25.17714945,1,1,1,1,25.17714945,0.375859016,6.25,63,5,0.073529412,1.44596e-07,375569.6984,211860.6651,290.1315391,110.3573899,1.14759e-08,166616.2,221793.7487,149.8091618,114.165735,1.03467e-05,43165.2398,46544.39442,77.26040594,26.77334361,33924.79025,38426.75744,53.43017275,16.15538567,3.02964e-07,0.31621485,0.05430605,0.446616931,0.027293631,0.250307807,0.0255735,0.121594248,-0.287701439,9.81166e-06,0.749692193,4508,132,398485.5593,211306.0847,0.49771999,222902.3393,0.520361797,6.92186362,24.73234753,0.237589168,6.92186362,24.73234753,0.237589168,0.28221586,31586.175,0.28221586,31586.175,0.526422804,282133.5,0.526422804,282133.5,0.255125764,15187.77778,0.255125764,15187.77778,0.526026728,179171.75,0.526026728,179171.75,0.252451593147488,2.88133757654965,2.17768293322786e-05,0,0.259030101916975,481.169175199521,6.93806683570994,0.000188770621190603,0.00290456813118015,0.000277289213205117,0.000452540501973087,0.000443382292073739,0.869945922443705,3.15535643259219,0.00816163520799248,22.6826599233455,0.881480129934698,7.60005623550795,1392.94343980835,0.906231823642896,1.7205727745894,5.4669837904099,123.098374373003,134310.456521739,0.114308135587904,31586.175,0.829539535310786,6.31676527265751,718.278471101772,9.14254063863398e-05,1.54565362170494,31609.05,6.316765274516,0.781181135465848,24.6387895018821,132.510969917091,1.09466287939747,0.000217351421837109,0.113541397669945,2.48319993762212e-05,0.00153640458766629,6.95287154602158,1005.97816633858,134363.695652174,0.115345627250656,2.47124867187353,134310.456521739,172.294460641399,3618.05,593295.483600119,6.58563608255688,397.347676748538,0.371297463341567,686.865276053021,0.969114762666972,0.723413914557307,0.000329616519705709,1.03523289866461e-05,0.771182831352705,2.47124866817308,5.40418156336973e-05,0,2.66348633381853,24.8108509012162,0,730.058096528684,1.56679360037132,103144.915820312,0,198.905383797542,6.16872617224799e-05,19.2886940035327,106.909421318067,1.21359643006591e-05,52.3541996830428,0.00116405843554216,0.900993026817793,21.2903881072998,2548.39985387411,0.000230572137383274,0.000444633140457374,0.00093546027880516,130.086956521739,0.938721098477316,102.576336850172,0.307647589455748,2.39034798132061,0.000405020487900455,0.000219370303992046,832.384133309068,0.44741730074786,723.206326511184,3150741,3.06778066782275e-05,37878.7988971213,2.99282692762607,0.000106829342733629,0.000882699051590624,0.000123229635814964
"H17-07256 - 1",1,2,"6/2/2017",19464534,0,"8/1/1964 0:00:00",1,0,52,"Portugal",72,150,32,"Undetermined",5,2,13,0,2,2,1.8,33.48166942,2,29.5051696,1.65,37.16664651,1.71,35.3865130757431,0,0,0,0,0,0,0,0,0,0,0,0,1.71,35.18899498,"6/25/2018 0:00:00",13,0,0,0,"6/12/2017 0:00:00",0,2,1,1,4,3,22,0,0," ",1,6," ",0,1,1,"8/9/2018 0:00:00",4,1,0,0,1,1,63,1,0,160,100,39.0625,1,0,"Stroke (hemorrhagic)",1,0.8,82.73990965,0,1.26,75,0,0,0,1,2,2,5,3,0,0,43.58120282,1,1,1,1,43.58120282,0.096386421,12.1212121212121,58,8,0.121212121,2.34016e-07,297569.6121,171446.0628,250.4420275,90.392141,3.2278e-08,132634.875,28087.64488,162.7364892,25.76257134,9.22344e-06,53350.29221,72442.76514,83.65269677,31.80509442,0,0,0,0,3.42954e-07,0.237741746,0.069635951,0.492073486,0.02039319,0,0,0.141515348,-0.465881638,9.48974e-06,0,2286,85,313267.1545,170655.4182,0.549147543,183282.14,0.543545324,8.174428695,34.5749384,0.164625463,8.174428695,34.5749384,0.164625463,0.30504739,81974.91176,0.30504739,81974.91176,0.584643599,897706,0.584643599,897706,0.245978962,12030.80769,0.245978962,12030.80769,0.49701978,309293.25,0.49701978,309293.25,0.347431126076471,2.5186010925482,2.85492040776846e-05,0,0.396769472312514,452.998286183372,9.07349910127008,0.000248324192360412,0.00340393739395678,0.000342395747742097,0.000661316272110105,0.000566651384123262,0.750288660566907,2.46138926779058,0.00922331034316303,19.913753125181,0.7788368699268,9.13012415137397,1334.67037693431,0.898161834054813,1.35123187603369,6.65489680300573,124.819129534812,129591.913043478,0.114649198765047,30991.71875,0.868643523986757,5.47190145320532,642.405421304696,0.000121511221623497,1.27741874527601,31019.1875,5.47190144897782,0.790148558790379,29.8434133530991,125.069275251466,1.37581732653884,0.000273754564939289,0.114061358164685,3.13976311284505e-05,0.00135555648751984,8.78649106550104,823.502141670313,129639.130434783,0.116230523189769,2.40516833242218,129591.913043478,209.786885245902,3566.5625,360189.034667969,7.88204133591126,441.113122417316,0.24155652541325,543.272881755002,0.971937138965066,0.81466423897168,0.000383124400270888,1.51301718532572e-05,0.78170172413387,2.40516836228578,7.1706135260437e-05,0,1.73697371616251,35.1567902555602,0,606.585670823668,0,87650.6945800781,0,227.506857132136,0.000119419828317069,23.461658844581,84.3575405294249,2.001944971265e-05,85.8847047884705,0.00136004249653376,0.873640840303505,21.9782965183258,2823.58643422572,0.000399198902983042,0.000509455596841576,0.00110295978459936,126.304347826087,0.936748148679093,111.845998432367,0,2.34074263611306,0.000722196699458882,0.000302205295790307,764.815927368271,0.508600696888225,709.011892318289,0,4.20442186738517e-05,36850.7823274032,2.99150774547915,0.00012650541231862,0.00132120887090381,0.000322217277235555
"H17-14151 - 1",1,2,"11/8/2017",19705057,0,"8/10/1957 0:00:00",0,0,60,"Portugal",72,175,23.5102040816327,"ADPKD",4,2,27,0,2,2,3.8,17.3611538,3.5,19.16184166,2.95,23.52515433,2.69,26.1165109515339,0,0,0,1,1,0,0,0,1,1,0,0,6.81,8.555534299,"10/30/2018 0:00:00",12,0,0,0,"11/30/2017 0:00:00",2,1,2,1,4,0,28,0,0," ",1,6," ",0,1,1,"11/1/2018 0:00:00",4,1,0,0,1,1,81,0,0,170,60,20.7612456747405,1,0,"Stroke (ischemic)",1,0.3,119.56315,0,1.62,94,1,0,0,1,1,2,4,2,0,0,14.15367739,0,0,0,0,14.15367739,0.561592119,5.88235294117647,31,2,0.060606061,1.80309e-07,417365.3226,209861.1204,306.9791314,68.74243655,1.16328e-08,145277.25,14463.25,185.5263782,16.03006553,1.22843e-05,37235.91832,32480.47724,74.62048158,24.2535361,17539.35421,14330.24687,52.65340564,12.35398039,2.44289e-07,0.316797333,0.075254674,0.457416059,0.019231481,0.383482584,0.007281031,0.164521278,-0.202766233,1.35997e-05,0.616517416,2112,42,417365.3226,218397.3548,0.531390763,223165.1,0.522932933,8.12156356,25.80223551,0.273780671,8.12156356,25.80223551,0.273780671,0.283991403,54681.5,0.283991403,54681.5,0.574236765,390398,0.574236765,390398,0.232276515,14459.1875,0.232276515,14459.1875,0.42189777,161941,0.42189777,161941,0.367791243642299,2.6303322289338,2.45835886748959e-05,460.799284433717,0.447493255909095,567.916335117293,8.47756936550001,0.000212065496345919,0.00232239321594115,0.000482866391708644,0.000828368916813017,0.00068118479551373,0.815955385019162,2.02479085955662,0.00658604691565401,25.5217048309378,0.835501328308246,9.44910340495258,1679.47749263447,0.902894407627462,1.65403618388793,8.6474307566833,126.298901068417,192161.75,0.114820463826576,21109.85,0.80152538354087,7.99292726093622,448.217512876199,0.000149655765066323,1.60684586332505,21130.7,7.99292726276302,0.788317134986195,23.8608981457954,117.015808077338,1.20440793510415,0.00030634866658821,0.114413708800525,3.50391213890253e-05,0.00176819234522715,14.5181605620552,754.626885691537,192233.375,0.114470329589442,2.54311209550016,192161.75,97.1295681063123,2446.4,567093.620117188,7.44254862393196,368.882227768263,0.372911633255451,486.856419577786,0.984657954494334,0.716707973508775,0.00162438248414116,2.04795202166793e-05,0.776459882388688,2.54311206936836,0.000101789945111034,0,3.48862279979188,22.042318178545,0.776741035642552,620.165884289155,1.73136709624325,83119.8835845947,0,171.08894993666,0.000210372619758078,14.3947034835815,153.782715461635,2.52328458774665e-05,37.0026536930562,0.00391383920522036,0.777399960201514,16.4679074764252,2657.06071273696,0.000653613881288035,0.00188936988044704,0.00140743594589383,172.875,0.925387868016169,99.1123787229197,0.563950171721288,2.4504925431167,0.00103705094175428,6.92758435909959e-05,752.593700658025,0.474280051241509,710.710908744066,3230811.25,5.06299703152808e-05,56112.216796875,2.54325055518492,0.000160957584585036,0.00156153453403638,0.000138234570485746
"H17-15066 - 2",1,2,"11/28/2017",99017373,0,"12/28/1959 0:00:00",1,0,57,"Portugal",71,159,28.084332107116,"CAKUT",4,1,11,0,1,2,1.4,43.8808902,1.2,52.79728338,1.23,51.25579081,1.3,47.6646097790312,1.2,51.82132991,2.0783600654844,0,0,1.07,58.73047334,2.7664658902422,0,0,0,0,1.07,57.98643851,"1/16/2024 0:00:00",74,0,0,0,"12/5/2017 0:00:00",0,1,0,0,1,0,23,0,0," ",0,0," ",0,0,0," ",0,0,0,0,2,1,75,0,0,170,75,25.9515570934256,1,0,"Stroke (hemorrhagic - aneurysm rupture)",1,0.6,100.6682074,0,1.42,86,1,0,0,0,2,2,4,3,0,0,32.92765069,1,1,1,1,32.92765069,0.082230309,0,17,0,0,1.63323e-07,298236.1765,100676.5356,265.7503287,71.00040089,0,0,0,0,0,1.12501e-05,44429.68702,39047.61119,77.83416532,23.59409477,26333.66924,18085.19957,64.36466511,15.25854153,3.26646e-07,0.456086404,0.048708885,0.499837791,0.014223096,0.339239416,0.006877556,0.097449383,-0.339169595,1.19523e-05,0.660760584,1171,34,316722.75,104625.5,0.335121911,104625.5,0.335121911,6.768943268,23.42513094,0.283810248,6.768943268,23.42513094,0.283810248,0.462675183,56161.09091,0.462675183,56161.09091,0.592138114,190693.5,0.592138114,190693.5,0.371714967,16565.78571,0.371714967,16565.78571,0.621855561,125452.875,0.621855561,125452.875,0.40024692205568,2.68243805190443,2.79400126764253e-05,0,0.416362944404185,446.322299261008,7.0755069729063,0.000245295174374673,0.00158549668617742,0.000292591802155669,0.00076983064282283,0.000663637716387854,0.867078448313642,2.64363673307725,0.00496511294503258,30.8320467237383,0.877329878386824,7.00396436999167,1408.60373285934,0.896119939881827,1.46335862387482,8.45783996321028,60.6813814722933,172194.5,0.113031587213237,56161.0909090909,0.737898413331721,8.4970195658775,512.908546305757,0.000154388491439164,1.45986556854188,56198.8181818182,8.4970195709914,0.731460921436617,19.7637563239487,631.360850713357,1.17789646724846,0.000239523993808989,0.116098326430422,2.69199846226692e-05,0.00224144086187285,9.87563187259847,1603.11330747118,172254.75,0.11275014583651,1.67460523743917,172194.5,177.092592592593,6348.18181818182,360075.400695801,6.40448603881514,834.077721427524,0.5999131965276,1122.7930521934,0.960219270599082,0.537725434591896,0.000163999621798144,1.08931311737189e-05,0.725011729388978,1.67460525035858,5.66851517237058e-05,0,5.53657574205144,20.97197507997,0,1240.09941569906,0,93338.3394886364,0,283.187595653062,0.000105197748944605,10.2675076524417,530.088756450267,1.22434592719735e-05,73.705625,0.000679192532611206,0.79377340711557,45.5506723577326,2088.44949366117,0.000402370953356481,0.000249065242567751,0.00100141834232324,300.25,0.922765487198665,57.1890192836745,0,2.49610889860943,0.000617296325478443,0.000534612536126953,1139.59630877557,0.323244402425721,569.116358969087,0,2.75819154281599e-05,31866.4721984863,0,0.000112593773199984,0.00117495795776385,0.000146904118148355
"H17-16126 - 1",1,2,"12/20/2017",19651038,0,"5/9/1961 0:00:00",0,0,56,"Portugal",81,164,30.116002379536,"Diabetic nephropathy",1,1,103,0,1,2,1.3,64.47493424,1.1,78.78648196,1.03,85.25468635,1.26,66.5238336539292,1.44,55.9738162,-5.2750087269646,0,1,1.9,39.63816777,-6.7214164709823,0,1,0,0,1.9,39.16278937,"4/17/2024 0:00:00",76,1,1,1,"1/8/2018 0:00:00",0,1,1,1,3,4,19,1,0," ",0,0," ",0,0,0," ",0,0,0,0,1,1,54,0,0,170,81,28.0276816608997,1,0,"Stroke (ischemic)",1,0.6,114.7132264,0,0.99,49,0,0,0,1,2,2,5,4,0,0,33.4538,1,1,1,1,33.4538,0.195292697,16.6666666666667,30,5,0.142857143,1.3371e-07,229229.9,146629.4442,215.8617307,98.38350081,2.22851e-08,135106.5,85368.21406,150.8226957,21.18288141,1.17398e-05,36610.77126,38624.7633,70.28688765,23.97031765,30098.71101,26910.80182,65.50755019,22.64888246,2.62964e-07,0.353828151,0.030650418,0.429802096,0.021207722,0.372605661,0.031165053,0.071312863,-0.065321761,1.1914e-05,0.627394339,2634,59,254034.1481,130829.1481,0.493436368,137986.44,0.485039188,7.883728768,34.13471882,0.162842474,7.883728768,34.13471882,0.162842474,0.47812586,87251.65789,0.47812586,87251.65789,0.675685469,1221420.5,0.675685469,1221420.5,0.448830737,12895,0.448830737,12895,0.58798257,366089.125,0.58798257,366089.125,0.320995580320975,2.54752136215666,2.38618599201804e-05,0,0.385984814627421,470.840823051096,7.97323349697378,0.000206869745782413,0.00303024676621451,0.000257797649985406,0.000685267140972249,0.00053109914799613,0.773052576431911,2.73185615955609,0.00810944363568212,18.3696899414062,0.793022957310516,7.59928770491817,1402.71488912107,0.9007862207256,1.27000193942114,7.37388673524511,69.3903183043081,145862.375,0.113444070304381,24242.2777777778,0.818825724347437,5.09547265835225,595.995814508624,0.000112687467704055,1.38568388972561,24262,5.09547266162048,0.733426444806883,26.4203760368394,342.277804259886,1.45210580024117,0.000219962725501752,0.115073398839825,2.50571506199383e-05,0.00146924140913634,9.3107547564372,979.404283592466,145916.9,0.112388887628333,1.83806676648993,145862.375,180.607407407407,2716.72222222222,473540.626501465,7.43852642804065,726.160724645637,0.258624519972905,774.8813729995,0.964387292083395,0.80285905486303,0.00036193985280667,1.08928732355883e-05,0.742242664540104,1.83806678652763,5.27131964739255e-05,0,1.80295649377009,25.2842859198885,0,998.164260513126,1.89264662612496,52983.8321397569,0,192.819701941341,0.000119588691317893,15.2261990633878,283.547133823194,1.40414216658259e-05,85.2203389830509,0.00124540978921639,0.840100054778672,29.8150312635634,2277.94949366117,0.000443009297570251,0.000543998356613123,0.000952378770053772,199.9,0.926633215956626,78.4080687433588,0.635990242954991,2.44078138673388,0.000769017772559416,0.000750296999179213,868.576064514181,0.380836175491062,551.11192779413,4537538.5,3.33663491271538e-05,30811.779574585,0,0.000108439982151341,0.00126583883615672,0.000173526914159232
"H17-16126 - 2",1,2,"12/20/2017",19661009,0,"1/26/1983 0:00:00",1,0,34,"Portugal",69,164,25.6543723973825,"CAKUT",4,1,37,0,1,2,1,75.81449506,1.1,67.62091213,1.37,51.96220432,1.64,41.6139193911487,1.89,34.66530767,-3.47430586057435,0,0,3.05,19.27912866,-5.58369768278717,1,1,0,0,6.52,7.679654346,"6/26/2023 0:00:00",66,0,0,0,"12/28/2017 0:00:00",0,2,0,0,2,6,22,0,1,"6/26/2023",1,1,"6/26/2023 0:00:00",1,0,0," ",0,0,0,0,2,1,54,0,0,170,81,28.0276816608997,1,0,"Stroke (ischemic)",1,0.6,114.7132264,0,0.99,49,0,0,0,1,2,2,5,5,0,0,51.93620719,1,1,1,1,0,2.282531716,6.25,30,3,0.090909091,1.67286e-07,300601.9333,124711.406,271.1860039,67.02649681,1.67286e-08,114688.8333,81047.23181,128.6946954,88.17600977,1.00037e-05,36924.18395,32988.61264,73.54701838,23.83706468,0,0,0,0,2.67658e-07,0.224103831,0.050286557,0.369379016,0.0100603,0,0,0.136138098,0.011850187,1.01877e-05,0,1794,48,300601.9333,178554.7,0.578915848,184115.3448,0.580314787,7.697961628,36.86307427,0.150014985,7.697961628,36.86307427,0.150014985,0.325151668,26229.66667,0.325151668,26229.66667,0.517237312,61785,0.517237312,61785,0.292076835,19772.92857,0.292076835,19772.92857,0.440913585,48828.25,0.440913585,48828.25,0.323098244670752,2.60799918962582,2.1694989732172e-05,0,0.50413482497921,576.189101018806,8.8772285742868,0.000188721975118384,0.00266995582363259,0.000486098014857419,0.00072159663670791,0.00048978841395315,0.815949530312875,2.1036105430851,0.00732855604876797,18.5876273118065,0.833770947717171,8.77527088217838,1724.11841975921,0,1.44542020592781,6.84854696449719,105.704661304737,211308.15625,0.113888994945904,26229.6666666667,0.832033958386367,5.30362867647682,504.106843205355,0.000103266572612207,1.45900637200668,26250.5555555556,5.30362868238399,0.774580477594609,29.1064383299268,337.849177420914,0,0.000211905996961327,0,2.39941220325298e-05,0.00130778945548997,13.807418666866,818.81985125214,211366.375,0.113298164652043,1.78173965698819,211308.15625,173.773195876289,2982.44444444444,508073.936523438,7.27330065539955,473.10778590517,0.219194541204347,641.367288479529,0.980026130081303,0.830517701299388,0.000256907566283517,1.82810568949166e-05,0.734163979532691,1.78173965960741,9.7490214237312e-05,0,1.61672714384931,23.9778462995186,0,929.269782910321,0,86316.5340711806,0,217.512738715569,0.000221943775794949,13.6563320159912,295.569604638055,2.40391990184185e-05,91.4295023696682,0.00102417316968534,0.852051692365456,22.340053346422,0,0.000685782867973417,0.000362341544035005,0.000941373833179074,306.1875,0.921436668032392,69.2536117992735,0,2.47643404499935,0.00110024304204577,5.79535006018593e-05,839.066106449896,0.28302916754675,0,0,4.24210728509621e-05,42359.0713806152,0,0.000106482255398601,0.00157514356326607,0.000449591069173399
"H18-01953 - 1",1,2,"2/2/2018",8004474,0,"9/10/1950 0:00:00",1,0,67,"Portugal",48,158,19.2276878705336,"Chronic glomerulonephritis (unspecified)",2,1,71,0,1,2,1.2,49.61368684,1.51,37.65708161,1.38,41.95310342,1.36,42.4298306826558,1.29,44.64864888,1.1094090986721,0,0,1.51,36.504098,-1.48143317066395,0,0,0,0,1.47,37.39106426,"1/4/2024 0:00:00",71,0,0,0,"2/9/2018 0:00:00",0,2,2,1,5,0,26,1,0," ",0,0," ",0,0,0," ",0,0,0,0,1,1,78,1,0,160,50,19.53125,1,0,"Stroke (hemorrhagic)",1,0.9,65.43602377,0,1.99,99,1,0,0,1,3,0,4,3,0,0,73.1096,1,1,1,1,73.1096,0.048945085,11.1111111111111,15,2,0.117647059,2.20943e-07,250863.1,105317.0702,231.0628773,76.99359337,2.9459e-08,117874.25,174.75,173.7612648,3.467401097,1.34039e-05,40104.51813,70929.3277,70.40180422,30.63916595,13363.16886,14477.38217,46.77413226,14.03404609,2.20943e-07,0.438890152,0.055426398,0.537555498,0.022021259,0.325066941,0.002447771,0.103108234,-0.58340636,2.09005e-05,0.674933059,910,15,268709.1786,161617.1429,0.593400984,161617.1429,0.593400984,9.380934829,37.40944703,0.129033429,9.380934829,37.40944703,0.129033429,0.367881137,68883.75,0.367881137,68883.75,0.292791029,382769.5,0.292791029,382769.5,0.382899158,6106.6,0.382899158,6106.6,0.292791029,382769.5,0.292791029,382769.5,0.286284222657778,2.65197740879138,3.78463200672025e-05,0,0.214633428413978,558.114077670399,8.7830529167901,0.000329835640758488,0.0020372498869617,0.000246826231841227,0.000562394709813558,0.000502203131171365,0.792688124938975,3.26726824635246,0.00594054006100163,18.9738032327819,0.814670337396245,9.44025798850039,1654.50599553239,0.900086467404213,1.87341856259702,6.59085799453093,94.5895896320944,210034.611111111,0.113878147433392,68883.75,0.821497196519372,5.44909768308455,679.522277162843,0.000107106414835856,1.4250042856346,68907,5.44909768848925,0.759120653981446,25.4813487790137,480.438634765905,1.37040807147988,0.00020149279898574,0.116332503431514,2.27624216604144e-05,0.00306103709245321,9.70761250061405,1648.71805748849,210094,0.111313227990953,1.55446061962111,210034.611111111,244,7734.16666666667,299561.295881483,6.6193617967648,650.904101187466,0.472051270277017,750.859191936576,0.959131354379618,0.622015384249388,0.00189602443765228,1.11376537071149e-05,0.733645251631027,1.55446061823103,5.09143237116137e-05,0,2.98662396982942,27.5129474072942,0,951.339384231372,1.33249657930426,320623.50390625,0,215.496285288984,0.000115293659294659,17.1558024088542,287.51487838131,1.38961865523709e-05,46.8423963133641,0.00594521453363168,0.858429641351428,26.6007639567057,2212.71904628287,0.000406894863497376,0.00227312879139086,0.000907958456432732,452.888888888889,0.937987028838707,64.2547865497162,0.0599339046658825,2.40814417848688,0.000707962799837528,0.000339084106402173,515.009613871175,0.398172715212532,541.380497368467,4208276,2.83311876670958e-05,37404.5151062012,0,0.000102576065276631,0.0010155363473545,0.000346539277204853
"H18-05054 - 1",1,2,"3/28/2018",19058063,0,"10/9/1947 0:00:00",0,0,70,"Portugal",83,175,27.1020408163265,"ADPKD",4,1,81,0,1,2,2.2,31.43414176,2,35.24299673,1.96,36.10784244,1.69,42.869041295702,1.53,47.70633842,2.418648562149,0,0,2.11,32.03795891,-2.7077705964255,0,0,0,0,2,33.88250035,"2/8/2024 0:00:00",70,0,0,0,"4/13/2018 0:00:00",0,1,2,2,5,6,20,0,0," ",0,0," ",0,0,0," ",0,0,0,0,1,1,72,0,0,170,80,27.681660899654,0,0,"Head Thrauma",2,0.7,97.89881334,0,1.1,63,0,0,0,0,1,0,1,3,0,0,19.73650748,1,0,0,0,19.73650748,0.012332456,0,21,0,0,2.06329e-07,405499.2857,222243.5112,299.8541968,123.8779495,0,0,0,0,0,1.35686e-05,69100.08943,78533.37304,92.97396526,36.91365645,40018.43951,40174.66574,73.12351245,23.0431407,3.73356e-07,0.652170887,0.083666063,0.937588412,0.015073103,0.393166843,0.012028055,0.089235385,-0.668565326,1.19026e-05,0.606833157,1381,38,456378.9444,87074.5,0.236008237,103297.3846,0.227414763,6.545166562,22.62731977,0.365091773,6.545166562,22.62731977,0.365091773,0.472589463,51428.78571,0.472589463,51428.78571,0.551001853,219905,0.551001853,219905,0.427406179,10208.5,0.427406179,10208.5,0.585547674,154479.5,0.585547674,154479.5,0.412661310938592,3.15688793321159,0,719.540281793698,0.410556157680549,464.929926206284,6.19642684955718,0,0.00140657889073141,0.00167475066159368,0.000975239456154675,0.00507739745338735,0.954324018477814,2.16232264789307,0.00480652762545295,31.4873005657196,0.958696476574515,5.95785716458955,1320.44093731892,0.896844926763292,1.60021236729383,10.6698025384582,74.7953095369225,126105.2,0.113959490960871,51428.7857142857,0.609744251005046,8.41470250456533,425.160115429762,0.00242293248669129,1.7009269148761,51460.7142857143,8.41470251045227,0.758216648371234,19.5118718661078,778.60423181442,1.08090507098696,0.000311162513010825,0.115783289280555,3.53198564997837e-05,0.0103059390252625,13.8142371491082,1458.56771625501,126074.6,0.111447649541171,1.62587771378713,125659,123.727941176471,5862,326102.152740479,5.37953176055219,989.783332191311,0.798325518976782,1108.24764430135,0.958489908880753,0.378360706193437,0.000244721342920288,1.53073478176914e-05,0.764771494624888,1.6258777141571,0.000584562757136617,0,6.94342242783075,21.3029954173744,0.686398290012121,388.762584251316,1.53236001335593,65548.2138671875,0,280.070450775846,0.000141307383270615,6.20858753227687,724.740880201494,1.19264929817096e-05,44.3064,0.000798490337783748,0.660022367531082,28.5058691842215,2597.55005854747,0.000599383081135083,0.000469752263714723,0.00145079380031774,161.4,0.91852569857661,70.9292027143847,0.464691563929495,2.6277958330496,0.000728390216580824,0.00178736230764848,0,0.24694072920161,742.106909298332,4503807.31666667,2.4877777682292e-05,28228.0828125,2.06242917872584,0.000164609166549874,0.00117906622977137,0.000258191092408862
"H18-09647 - 2",1,2,"6/19/2018",19546514,0,"8/5/1956 0:00:00",0,0,61,"Portugal",62,155,25.8064516129032,"Undetermined",5,2,55,0,5,2,1.4,57.18264631,1.18,70.2036163,1.08,78.07453137,1.09,76.7370478721273,1.04,80.18162669,1.72228940893635,0,0,1.02,81.05739616,1.08008707196817,0,0,0,0,1,82.10301041,"5/8/2024 0:00:00",71,1,1,1,"7/6/2018 0:00:00",0,2,1,1,4,4,23,0,0," ",0,0," ",0,0,0," ",0,0,0,0,2,1,75,1,0,160,80,31.25,1,0,"Stroke (hemorrhagic)",1,0.5,97.74850958,0,1.43,86,1,0,0,0,0,0,0,2,0,0,10.27922101,0,0,0,0,10.27922101,0.02731676,0,24,0,0,1.98755e-07,403370.9792,174449.9204,311.9041219,73.45396778,0,0,0,0,0,1.17845e-05,45972.69642,54611.93951,77.2690013,31.5142724,18638.49712,16874.55372,55.81233161,14.79820697,2.56725e-07,0.506777934,0.080171943,0.541765564,0.064616506,0.349936805,0.004192827,0.147982723,-0.30541516,1.54983e-05,0.650063195,1423,31,403370.9792,136650.4583,0.334044023,136650.4583,0.334044023,6.180331662,21.147141,0.331710068,6.180331662,21.147141,0.331710068,0.459488721,158907.6364,0.459488721,158907.6364,0.996560609,1235935.5,0.996560609,1235935.5,0.41149303,17885.5625,0.41149303,17885.5625,0.587477229,534966.5,0.587477229,534966.5,0.437365189912377,2.75881181313143,2.05048645694251e-05,0,0.490050542298396,541.993645296393,6.49591682115822,0.000178521106585793,0.00178755011606337,0.000371989471933566,0.000742798469830566,0.000867077567925406,0.903087948385508,2.38547838697985,0.0055263543057633,26.9895865259427,0.910081158092338,6.58298004825423,1654.92730060744,0.895845127244749,1.47565749986599,8.6770715591726,52.1745692495005,196615.1,0.11238812441794,20324.1111111111,0.695935043310825,7.13220781588409,484.502067609902,0.000230874140193312,1.54263920800792,20344.2222222222,7.1322078115295,0.69170430577045,20.4594540504494,824.031392919281,1.15610009836629,0.000198560110098261,0.114209084387635,2.22915667340068e-05,0.00476352114417862,10.9908439347037,1923.09778048257,196684.8,0.112330888360884,1.76093311663922,196615.1,199.744565217391,2277,858558.8375,4.88402810800349,1082.03449196887,0.717830696252916,1353.11960621985,0.954975131179492,0.430614394406414,0.000249429509316612,9.50937108478953e-06,0.682956521355894,1.76093313694,8.58513109249726e-05,0,5.26734984397585,21.8104819973498,0,1057.7033840063,1.37238000024881,48076.2471788194,0,192.639704064165,0.000100052114784331,7.32693646225748,756.37772404585,1.00297946881408e-05,53.6833874299203,0.000960563652605028,0.735898527431023,23.8757962120904,2777.57006196679,0.000399112809065118,0.000438103890321039,0.000815851934317449,287.6,0.916717962178058,49.3354651349194,0.557459207003524,2.60566919314017,0.000537768073409409,5.31281025123762e-05,1095.88051695037,0.34185726144209,766.583553682182,4077939.25,2.44463948172907e-05,37436.8765625,1.62755140733681,9.16296655400563e-05,0.00101948679664886,0.00019484956670891
"H18-11055 - 1",1,1,"7/16/2018",9351987,0,"3/16/1954 0:00:00",1,0,64,"Portugal",74,167,26.5337588296461,"ADPKD",4,2,49,0,1,2,1.4,42.01151821,1.26,47.67353597,1.3,45.91874357,1.32,44.8055996553748,0.92,68.24543456,11.7199174523126,0,0,1.3,44.51280458,-0.0731987688436995,0,0,0,0,1.15,51.30240637,"1/12/2024 0:00:00",66,0,0,0,"7/24/2018 0:00:00",0,0,1,1,2,12,20,0,0," ",0,0," ",0,0,0," ",0,0,0,0,1,1,82,0,0,170,90,31.1418685121107,1,0,"Stroke (hemorrhagic)",1,0.6,96.3796361,0,1.54,91,1,0,0,0,3,2,5,4,0,0,71.1736,1,1,1,1,71.1736,3.314607568,0,27,1,0.035714286,1.78868e-07,281360.3148,149874.4312,241.2682693,100.7137124,6.62473e-09,97015.5,0,99.45853407,0,1.39252e-05,33713.59848,35192.98356,69.01924396,23.13777881,20616.51835,30065.05152,53.98340372,16.31932867,2.98113e-07,0.44511689,0.05032627,0.469467964,0.042594178,0.317815008,0.007021852,0.107198519,-0.191921917,1.46794e-05,0.682184992,2102,45,303863.34,125118.56,0.414134507,128434.7391,0.428666656,7.115961645,28.33151503,0.192101937,7.115961645,28.33151503,0.192101937,0.385820862,123227.25,0.385820862,123227.25,0.201025475,2030155.5,0.201025475,2030155.5,0.384518024,13380.10714,0.384518024,13380.10714,0.388860819,379537.25,0.388860819,379537.25,0.285621354625559,2.57793705048426,1.88976973155821e-05,0,0.287503639058078,526.725366344757,6.74033503772645,0.000170984012994785,0.00224314557280217,0.000406008622766108,0.000739696806837075,0.000993677989929701,0.896676922841737,3.06157754320483,0.00651172945462439,23.5959145054099,0.907094749437233,6.47278945731985,1590.62184848582,0.895243662146199,1.60416980331938,7.80473226631704,72.1423822320792,193076.466666667,0.114176376985574,123227.25,0.744359605434968,6.12012000285854,595.205918896863,0.000257790647087393,1.66616815027763,123254.6,6.12012000342113,0.735108799838,23.435571112473,835.607322743729,1.22396678981278,0.000223118867486755,0.113560291140904,2.52249118441323e-05,0.00443136727375216,10.2532906081496,1821.21985345154,193138.333333333,0.111988906313991,1.37064616036927,173955.566666667,205.787037037037,13678.95,416502.366666667,6.30131966176939,758.848114658986,0.674191588474342,1047.61250824342,0.958296963459825,0.481267364052563,0.000393533151021854,1.07737613359843e-05,0.718263932968115,1.37064615885417,8.68836068182152e-05,0,4.37930031405226,20.2120140952957,0,831.418648712593,1.68800228628444,352485.463720703,0,287.73503921772,0.000107576781347352,12.1616844790322,544.77389843803,1.345561302703e-05,70.3434260774686,0.00135955029206256,0.824385178013259,21.9129467010498,2517.04634278471,0.000409317133420941,0.000708435662231059,0.000968038780478019,424.4,0.930085721898749,61.26581782981,0.291891942696665,2.63283148356024,0.000575108038509071,0.00100115537717449,1219.9599785055,0.368096333775678,681.1145744841,4779327.5,2.70741976499922e-05,31979.2445963542,1.85856013146604,0.000109437917903157,0.00101132838966075,0.000167862575053835
"H18-11055 - 2",1,1,"7/16/2018",1005330,0,"6/3/1960 0:00:00",1,0,58,"Portugal",73,162,27.8158817253467,"ADPKD",4,1,61,0,1,2,1.4,43.60882868,0.99,66.09457756,1.22,51.43944425,1.57,37.7700425578374,1.83,31.03728572,-3.3663784189187,0,0,1.98,27.88847703,-2.47039138195935,1,1,0,0,1.6,35.85372822,"2/20/2024 0:00:00",67,0,0,0,"8/13/2017 0:00:00",0,0,1,1,2,0,22,1,0," ",0,0," ",0,0,0," ",0,0,0,0,2,1,82,0,0,170,90,31.1418685121107,1,0,"Stroke (hemorrhagic)",1,0.6,96.3796361,0,1.54,91,1,0,0,1,2,2,5,4,0,0,50.4542,1,1,1,1,50.4542,0.684284159,11.7647058823529,32,6,0.157894737,1.1783e-07,398051.1719,199195.3398,299.82492,108.2017149,2.20931e-08,81884.33333,71604.55069,121.150539,77.66518036,1.1864e-05,47154.29252,45687.76734,83.88491051,28.17109761,0,0,0,0,3.16668e-07,0.467740033,0.046902386,0.559439109,0.025931655,0,0,0.083838233,-0.111206589,1.20039e-05,0,3222,86,437215.5172,103693.1034,0.238410433,106625.1786,0.236033422,6.097109489,27.56760417,0.190815666,6.097109489,27.56760417,0.190815666,0.455263507,163940.4643,0.455263507,163940.4643,0.587797936,1308869,0.587797936,1308869,0.35542121,13146.85714,0.35542121,13146.85714,0.555105804,314734.0714,0.555105804,314734.0714,0.188400784460074,3.0133236254079,1.88245883321137e-05,0,0.18848299945674,541.837949797041,5.68994003169597,0.000163158228959138,0.000945286123356413,0.00058298445557859,0.000405747668431075,0.0011495833608668,0.947602895963284,2.36748433280113,0.00328578531158799,24.169213917988,0.954114336915125,5.61800720862241,1587.75614502068,0.895164546968227,1.53294951530725,5.63898035658253,46.4711308086428,186228.318181818,0.113579301248964,75869.0384615385,0.598520574556829,5.73547031319988,573.377628424515,0.000304945137651682,1.43710585319484,75902.6923076923,5.73547030977519,0.720559132487439,27.2700612393354,1186.9977410857,1.20132345812042,0.000140408487224414,0.114836301702893,1.57873334497962e-05,0.00440669923734093,7.91118352310331,1932.30791227887,186303.545454545,0.112780704571539,1.59938048633663,186228.318181818,351.069444444444,8622.92307692308,581020.147372159,5.72025307597844,1125.64515739449,0.775275556988219,1497.56275547037,0.948938415986912,0.399595213519602,0.000148393895292599,8.00957464801315e-06,0.699581836915648,1.59938048232685,0.000126603036836607,598956,4.5119096261423,26.7128889453013,0,642.900473923409,1.71892890051645,97433.8097956731,42139292,287.931155957766,5.92016769282318e-05,8.85847694468948,1050.17338861546,8.83809937952557e-06,108.196844477836,0.000558025189431356,0.693848816199408,37.7761526841384,2949.71082785205,0.000293104229214876,0.000284159005264888,0.000669620441427718,313.272727272727,0.920830707206532,38.8180839170876,0.183648113187589,2.53017759626469,0.000363757222963832,0.000122555018158647,1498.30262806195,0.233519435348228,802.066511931371,4002339.875,1.83480953036216e-05,33714.8517400568,1.79495875829714,7.52785454884767e-05,0.000511142199958088,0.000100936207448987
"H18-17466 - 1",1,2,"11/16/2018",19713864,0,"8/12/1951 0:00:00",0,0,67,"Portugal",82,170,28.3737024221453,"Chronic glomerulonephritis (unspecified)",2,1,49,0,1,2,2.7,25.04813124,2.72,24.82728115,3.53,18.15859325,2.93,22.5667852002142,4.18,14.55114895,-4.0078181251071,1,1,4.01,15.10544633,-1.86533471755355,1,1,0,0,4.01,15.06323004,"1/22/2024 0:00:00",62,0,0,0,"12/17/2018 0:00:00",0,2,1,2,5,0,11,1,1,"1/22/2024",1,1,"1/22/2024 0:00:00",1,0,0," ",0,0,0,0,1,1,66,0,0,170,80,27.681660899654,1,0,"Stroke (hemorrhagic)",1,1,83.00664386,0,1.3,78,0,0,0,0,1,2,3,4,0,0,20.65092874,1,1,0,0,20.65092874,0.27831469,0,35,0,0,3.11347e-07,441122.6429,164264.6016,314.0775208,73.36910257,0,0,0,0,0,2.30841e-05,57043.4183,65044.74463,82.15092397,33.16555464,29408.71574,32727.37718,62.62600601,20.96882987,6.04902e-07,0.809509497,0.137342124,1.316798332,0.019582918,0.316923966,0.012419395,0.104300044,-0.244100544,1.88332e-05,0.683076034,2595,68,441122.6429,38393.2,0.088013988,61574.21429,0.138821351,4.710925337,17.25333869,0.408383241,4.710925337,17.25333869,0.408383241,0.662670923,16958.19048,0.662670923,16958.19048,1,41147.5,1,41147.5,0.645804469,15748.725,0.645804469,15748.725,1,41147.5,1,41147.5,0.494269237759103,2.97197852468879,0,1253.74428399229,0.566726608940736,327.32689717501,4.63276403888574,0,0.000846994434050023,0.00666440145546854,0.000809927899006205,0.00886180851905952,0.989993483664535,2.42389129406278,0.00324200222258537,28.2139261310912,0.99094033456656,4.6896593655288,1000.65241636025,0.895855396676653,1.4534931477859,9.86787025792805,59.7625797714768,69814.75,0.11359438445245,16958.1904761905,0.615666758529928,7.11048030264392,464.021292573072,0.00424704021074136,1.51069863709537,16974.7142857143,7.11048030422252,0.715445532448099,16.0273533267898,1057.94779734244,1.4130148937878,0.00021940415636576,0.115076157723707,2.47385299869413e-05,0.0134961140385428,13.2955710757333,1888.40501994212,69848,0.1118079804045,1.55992934133282,69814.75,183.006557377049,1890.80952380952,434949.59375,3.91814501196783,1278.99293668699,0.846927032080922,1476.28284897927,0.947247436993509,0.364441634842311,0.000148376910812958,1.21688871189437e-05,0.705349410540103,1.55992931127548,0.003141990220269,0,6.09760911296737,16.6264546954125,0.634045564768816,141.502008243138,1.46540441342037,10568.7124815441,0,180.565899318302,0.000126697551404643,4.2556787115814,1002.12151026966,1.04295948486756e-05,63.4234769687964,0.000531706314532975,0.671313240617922,25.836324328468,2446.24378157402,0.000540540490498045,0.00143045135933456,0.00095910720227455,107.5,0.917530779174942,50.863224922652,0.597297461847331,2.55410367462946,0.00062016588002716,0.000111260783408239,0,0.0701183108140339,596.556835229569,4824616.80208333,2.03550990679853e-05,12374.1206054688,1.61313983086561,0.000108183063114053,0.000930479398521156,0.00021854015468712
"H18-17995 - 1",1,2,"11/27/2018",17016765,0,"2/13/1953 0:00:00",0,0,65,"Portugal",61,160,23.828125,"Hypertensive Nephrosclerosis",3,1,15,0,1,2,1.4,55.77765086,1.54,49.74953173,1.68,44.81699404,1.85,39.6740723209737,2.25,30.9807422,-4.34666506048685,0,0,4.18,14.55114895,-6.28073084274343,1,1,0,0,4.18,14.47983091,"11/29/2023 0:00:00",60,0,0,0,"12/5/2018 0:00:00",0,0,2,2,4,27,19,0,1,"11/29/2023",1,1,"11/29/2023 0:00:00",1,0,0," ",0,0,0,0,1,1,72,0,0,170,60,20.7612456747405,1,0,"Stroke (hemorrhagic)",1,0.8,94.02944217,0,1.57,92,1,0,0,1,2,2,5,4,0,0,36.32047687,1,1,1,1,36.32047687,1.26478137,6.25,29,2,0.064516129,1.81111e-07,347432.6724,113666.8457,297.5914653,70.15334778,1.24904e-08,101077.5,5195,163.5177496,5.517749615,1.05544e-05,42952.26036,45415.088,74.78757455,28.57555739,22233.19798,34415.59018,49.8069832,15.64536449,4.37165e-07,0.451731165,0.062923999,0.45333619,0.082980107,0.349351461,0.012628164,0.138802065,-0.272857553,1.1819e-05,0.650648539,1690,70,347432.6724,113134.4828,0.318387276,117155.0357,0.327796832,6.248083408,26.80488568,0.252180425,6.248083408,26.80488568,0.252180425,0.449066501,251718.05,0.449066501,251718.05,0.477170016,1213053,0.477170016,1213053,0.413337929,9365.785714,0.413337929,9365.785714,0.532433166,817206.6667,0.532433166,817206.6667,0.35060731329954,2.80178515621888,2.36339940273962e-05,0,0.404474014951258,560.564099474399,6.27852045396963,0.000209316550044755,0.127026027819229,0.000539870358541721,0.000723757982761013,0.000952501646879575,0.909013305287001,2.50176220229001,0.131234447610561,25.7290037221319,0.916981784287808,5.66790966107666,1713.54402655447,0.890687803389004,1.43763798560231,8.23369929667898,63.005198399597,200961,0.112525460386416,37991.125,0.713382519160634,6.87506797202274,528.586180432539,0.000247032701471602,1.4796627431038,38018.75,6.87506797356843,0.733361247389456,23.7778280578071,635.234722240387,1.06960446650021,0.000215438397506523,0.115432041376543,2.43385077254488e-05,0.00331356957300678,9.86456455050943,1598.55422875107,201024.666666667,0.115522630290874,1.80854500053558,200961,210.293948126801,4333.25,562912.812934028,5.3561421631057,818.642766065414,0.602789514845134,1106.10216449848,0.960659036960741,0.543970063227232,0.00086538685137148,1.06083462650034e-05,0.720176267823634,1.8085449801551,0.000113332860545063,361873.5,4.37701492590654,23.3287292145775,0,900.556486577142,1.52873509815218,45380.3973388672,20436623,205.177301032003,9.32222077105351e-05,10.3199388457508,609.11178813391,1.14152552890001e-05,68.1633986928105,0.0025350665425848,0.786618577960829,27.0160255432129,2386.84393796389,0.000375685640317811,0.00113234216473514,0.000944314864656749,299.666666666667,0.92434481435717,59.2292671159532,0.512563027739787,2.5644941845736,0.000531078762326226,0.0001293002791017,1015.00700995443,0.249133577860364,698.002843969566,5029663.95,2.69789394489935e-05,40123.2481282552,0,0.000106619104168203,0.00106450743148142,0.000109948577622495
"H18-19213 - 2",1,2,"12/21/2018",19806256,0,"12/30/1955 0:00:00",0,0,62,"Portugal",72,173,24.0569347455645,"ADPKD",4,2,27,0,1,2,2.2,33.03768957,1.66,46.3219869,1.47,53.59645723,1.28,62.8874397034838,0.93,91.12432495,14.1184426232581,0,0,0.85,95.23959899,8.08803982162905,0,0,0,0,0.85,94.55497612,"2/27/2024 0:00:00",62,1,1,1,"1/11/2019 0:00:00",0,1,2,0,3,0,18,0,0," ",0,0," ",0,0,0," ",0,0,0,0,2,1,65,0,0,170,85,29.4117647058824,1,0,"Stroke (hemorrhagic)",1,0.8,98.21343773,0,1.23,73,0,0,0,1,2,2,5,4,0,0,51.2108,1,1,1,1,51.2108,0.984539215,3.03030303030303,67,2,0.028985507,1.88047e-07,353510.194,178562.3372,283.4474542,89.25129923,5.61336e-09,82545,5448.5,140.6267165,3.623066888,1.37527e-05,39740.47776,43324.19606,74.42078946,30.97016956,23120.69183,28531.52213,61.62735164,19.34506808,3.33995e-07,0.315347514,0.066476676,0.546539701,0.023603721,0.668389,0.003967539,0.121631925,-0.305300121,1.50347e-05,0.331611,4900,119,353510.194,125698,0.332066829,138730,0.353499581,6.973452907,22.8199964,0.305358905,6.973452907,22.8199964,0.305358905,0.362453792,59732.625,0.362453792,59732.625,0.487115734,444371.5,0.487115734,444371.5,0.348499488,18062.1875,0.348499488,18062.1875,0.418271007,226414.375,0.418271007,226414.375,0.358011833295442,2.90153088681776,4.09291541126517e-05,642.082852429223,0.430027013627573,548.121955735567,6.97886641018587,0.000358961544118675,0.00234831590180163,0.000499631752289552,0.000793889780297282,0.000774567732863253,0.891962591077509,2.01763388925229,0.00690741468539191,28.3671402381908,0.900804662481566,6.76863948267051,1640.56621157656,0.899562829278972,1.44849408603595,8.69191042984029,66.5447740042386,183424.029411765,0.112973018799448,20959.5277777778,0.660569147698897,7.63166684338508,440.397808024424,0.000176172735294088,1.45972873382771,20981.6111111111,7.63166684540318,0.736272838829185,23.1621674966463,439.548814256913,1.32502753110074,0.000235905271349031,0.114799479887592,2.66048269922065e-05,0.00225629461430548,12.351990500519,1398.18318662347,183482.882352941,0.11381055767188,2.00450723446835,183424.029411765,159.932297447281,2397.72222222222,707735.979779412,6.59044931994467,982.989891672592,0.602852456251681,1209.8171209941,0.958573292867698,0.533885654478657,0.000285826752044393,1.3595728248601e-05,0.727656064093101,2.00450724713943,0.000105116669319358,0,4.92420585456849,22.0873710813162,0.627219302668224,1085.92289558558,1.40719526528532,80551.2623697917,0,186.871570875239,0.000129339815685835,8.57243387822611,544.334952328926,1.23121957195478e-05,47.1568367572344,0.00106800969759396,0.673805794848183,23.0511636734009,2541.00945007849,0.00052541877503623,0.000422680710584406,0.00116494899381051,256.882352941176,0.915736512712144,58.4966199802772,0.501043109181205,2.45755834468079,0.000711423887085169,7.26455261702957e-05,1043.17623829826,0.321751898955063,669.695157330961,4468798.69827586,2.61958671420341e-05,43388.1337890625,2.21710978284054,0.000131288954902631,0.00114022720968487,0.00019758675376335
"H19-00319 - 1",1,2,"1/8/2019",17025944,0,"12/24/1952 0:00:00",0,0,65,"Portugal",84,164,31.2314098750744,"Diabetic nephropathy",1,1,14,0,2,2,2.9,23.27749622,3.86,16.51616058,4.42,14.03806145,3.69,17.32531802676,0,0,0,1,1,0,0,0,1,1,0,0,3.69,17.21468886,"1/6/2020 0:00:00",12,0,0,0,"1/31/2019 0:00:00",0,2,2,0,4,2,21,1,3,"1/6/2020",1,3,"1/6/2020 0:00:00",1,0,1,"7/20/2020 0:00:00",1,1,0,0,1,1,65,0,0,170,100,34.6020761245675,1,0,"Stroke (hemorrhagic)",1,1.2,67.11141057,0,1.33,80,0,0,0,0,1,2,3,3,0,0,27.38412264,1,1,1,1,27.38412264,0.457948493,0,50,0,0,1.06801e-07,467753.49,220164.0057,324.4377765,100.7013863,0,0,0,0,0,7.31376e-06,75530.91866,172417.5659,95.46411862,41.44393113,55937,32614,63.22438272,10.75534423,2.17875e-07,0.33492429,0.049956703,0.552414728,0.018909749,0.182898977,0,0.090433329,-0.50900915,7.41514e-06,0.817101023,3424,102,487045.1458,222501.7083,0.456347048,225907.1064,0.447840105,8.372843644,27.08498818,0.345398557,8.372843644,27.08498818,0.345398557,0.379514175,124533.4667,0.379514175,124533.4667,0.376668162,959497,0.376668162,959497,0.359182372,17016.15,0.359182372,17016.15,0.420177782,339568.1,0.420177782,339568.1,0.345708683868379,4.33448089105239,2.33213568157204e-05,245.041912758155,0.366146768747594,430.150106680054,8.10685217692634,0.000201810294869963,0.00214885499047675,0.000372470149762956,0.000920475231070714,0.000678058613347043,0.81240330865786,1.8912965917205,0.00641886459329143,26.5709056238428,0.827733639405406,8.1954122779858,1122.35994154964,0.900783252627604,1.48029676118499,9.78299439361785,88.4438101180143,92257.3,0.113746364426005,22376.3461538462,0.802155380978554,7.72870786329653,421.679171954934,0.000151701340983232,1.53452834833845,22398.4615384615,7.72870785384005,0.755183482486846,26.7684714138956,244.774691717484,1.25507941616058,0.000292621890811478,0.114940985537347,3.32847980933883e-05,0.00185528395321889,13.5137200148766,1058.8407296421,92303,0.114738580225036,1.80314465794699,92257.3,132.306796116505,2571.92307692308,183185.873828125,7.83025318523476,719.214545729728,0.407393049574311,833.851234636992,0.970317139594493,0.686818499801723,0.00028042912278521,1.66822436548255e-05,0.753008941043849,1.80314464569092,7.55198098136965e-05,843171,3.88336713704854,27.3257118910065,0.849845307353402,985.667332662924,1.40289836231988,75290.3753004808,31755306,194.014973384852,0.000171076663085346,11.8400339317839,275.046157425841,1.68912906948615e-05,62.8372827804107,0.00109309149618583,0.819097543875116,23.5070968041053,2865.77744456733,0.000586685124720291,0.000414880819738236,0.00135284778852234,111.4,0.91791462893026,81.0737023575431,0.352680088844373,2.52405536761641,0.000928484670160782,0.000358953455113267,787.999147797976,0.375731520038172,758.371664333717,4700930.07524272,3.69585761688268e-05,22319.7668212891,2.32544785314646,0.000153752471004948,0.00157325011572513,0.000211356165332117
"H19-00319 - 2",1,2,"1/8/2019",19272907,0,"5/6/1962 0:00:00",0,0,56,"Portugal",79,160,30.859375,"Undetermined",5,1,16,0,2,2,1.8,43.63107611,1.94,39.88052389,2.15,35.25305664,1.84,42.231891715273,1.83,41.98349604,-0.124197837636501,0,0,2.19,33.42604203,-2.20146242131825,0,0,0,0,2.19,33.27255942,"2/1/2024 0:00:00",61,0,0,0,"1/15/2019 0:00:00",0,2,1,1,4,4,22,0,0," ",0,0," ",0,0,0," ",0,0,0,0,2,1,65,0,0,170,100,34.6020761245675,1,0,"Stroke (hemorrhagic)",1,1.2,67.11141057,0,1.33,80,0,0,0,1,2,2,5,5,0,0,46.26961844,1,1,1,1,46.26961844,1.230716236,4.34782608695652,47,3,0.06,9.75772e-08,427343.7021,188782.9481,314.5674704,89.98196129,6.22833e-09,64952.33333,35519.10638,118.2477751,47.58988354,9.46706e-06,54705.25461,55000.48382,90.17974799,35.69971473,22206.31962,16171.59477,61.48236171,19.58343614,1.99307e-07,0.342829618,0.041698982,0.517897923,0.022121097,0.259428105,0.006494578,0.080515831,-0.370885489,9.68315e-06,0.740571895,4560,96,427343.7021,188811.1702,0.440761417,199783.0682,0.432422321,7.960067612,24.64060632,0.333216608,7.960067612,24.64060632,0.333216608,0.388621542,54708.86538,0.388621542,54708.86538,0.384562199,363895,0.384562199,363895,0.4080738,13900.27778,0.4080738,13900.27778,0.344853963,146528.1875,0.344853963,146528.1875,0.320690445519412,2.7400199671508,2.69100546029635e-05,446.752077544819,0.330056015253342,546.954932773005,7.58182384295277,0.000231703618076439,0.00612447929406649,0.000415658182017012,0.000886339616598185,0.000766291061942876,0.843308746578483,1.79204906025101,0.0123374547229664,29.1396044525454,0.856437693555963,7.79155047938392,1580.55226099677,0.899183090931216,1.52295352385389,9.26934987350155,83.8743014443244,174676.45,0.113598131527863,54708.8653846154,0.732191562056365,8.19792981139709,424.466031689411,0.000179057579626592,1.61042974770755,54738.6923076923,8.19792980847895,0.75346169446648,24.7201024791545,309.509272700454,1.20140178398915,0.000295029242465586,0.114950096650981,3.35489293272631e-05,0.00224610857631624,12.8716276022158,1180.71784231029,174726.2,0.113693531915307,2.10888182571651,174676.45,162.035436473639,6199.19230769231,774237.412695313,7.49771770409299,799.001090700562,0.501689605982266,980.324543820073,0.966636580976095,0.607313153232618,0.000415702531558763,1.59043046894059e-05,0.749100647213728,2.1088818192482,8.52856614619941e-05,0,4.83036956287076,25.3914046659694,0.829928710296103,1062.06610970955,1.5148945301611,181944.612877479,0,262.854560161418,0.000153864500276438,11.071334268226,342.064704043042,1.53155376276776e-05,70.5559492175967,0.00129203040427058,0.76285117463164,33.5054894227248,2799.4620940088,0.00055718742076436,0.000594212708112725,0.00136214479640106,190.1,0.916219266086792,77.108136434252,0.311135527249767,2.64613845847339,0.000820360698365921,0.000143063419463699,652.581771336591,0.418508469600432,754.092168904858,4268407.74074074,3.2333567122542e-05,41186.8386962891,2.18664262184184,0.00015472374390205,0.00135543799995533,0.000166849261475921
"H19-04533 - 1",1,2,"3/23/2019",19508593,0,"12/24/1956 0:00:00",0,0,62,"Portugal",71,168,25.15589569161,"Undetermined",5,1,16,0,1,2,1.67,45.98933394,1.73,44.08202752,1.75,43.47816703,1.53,50.7675447759982,1.63,46.47171896,-2.1479129079991,0,0,0,0,0,1,1,0,0,2.72,24.99615797,"11/21/2022 0:00:00",44,1,0,0,"4/1/2019 0:00:00",0,1,1,1,3,4,11,0,0," ",1,6," ",0,1,1,"1/10/2023 0:00:00",4,1,0,0,1,1,64,0,0,170,70,24.2214532871972,1,0,"Stroke (hemorrhagic)",1,1,84.04557832,0,1.35,81,0,0,0,1,2,2,5,4,0,0,47.7917,1,1,1,1,47.7917,0.680401302,10,55,5,0.083333333,2.62178e-07,325848.6364,139919.1514,280.4987812,67.59637658,2.38344e-08,112073.6,53333.5148,160.5893317,45.62090021,1.67508e-05,26952.33281,22989.66338,66.07124683,22.16545676,11335.10276,8594.866784,46.76615664,13.1906112,3.0508e-07,0.49821092,0.085430306,0.451472687,0.037278435,0.306569971,0.011328803,0.189225856,0.217922567,2.0838e-05,0.693430029,3514,64,325848.6364,107415.7818,0.316638826,110646.4151,0.317444003,6.353169848,22.54081522,0.315468288,6.353169848,22.54081522,0.315468288,0.406422265,218940.5417,0.406422265,218940.5417,0.602057184,1482162,0.602057184,1482162,0.355149567,16630.91667,0.355149567,16630.91667,0.457694964,421250.1667,0.457694964,421250.1667,0.355615425212087,3.07268439019625,0,0,0.423230631524273,520.783104410918,6.2518958690672,0,0.0567568703925752,0.000437607048453062,0.000850990558201185,0.000676748408502697,0.86906744281396,2.04194061545618,0.0593475116301183,28.1119552013633,0.879086295754221,6.1406297613848,1549.64131393914,0.897094664172531,1.74673501290268,8.79325195036602,77.7629343041606,169748.708333333,0.113350994030604,37913.5,0.721105918014197,7.87140930379485,429.372452426649,0.000139179866279218,1.73659972563762,37940.5555555556,7.87140930468389,0.742103828086107,24.7330780560814,449.627350803993,1.21278762916184,0.000240195872262333,0.115476587290169,2.72253873091478e-05,0.00321815519170146,13.1462076680193,1539.22089991982,169815.333333333,0.112545956041385,2.00461449815306,169748.708333333,120.364285714286,4244.77777777778,814340.2421875,5.48195782900833,960.84060037299,0.628985623637562,1139.91762411753,0.958797024781054,0.499437842334259,0.000766101023916474,1.51000755221752e-05,0.731302092123607,2.00461452205976,8.5818578193883e-05,283844,5.14587037746723,23.5568667731457,0,1229.43579749531,0,64318.377081977,19522924,245.502004587298,0.000162982492058726,8.98764956792196,466.297696396724,1.42727622379597e-05,30.2101560110125,0.00254899667153099,0.732385251333295,27.3276511298286,2450.09804384831,0.000590471277508917,0.000934488473115248,0.0010843146912484,182.333333333333,0.91894215956939,68.9166293967869,0,2.55623077405895,0.000835332547054509,6.20986356809653e-05,0,0.318093862595731,661.427522888843,0,2.94241446945928e-05,38774.8877766927,0,0.000122906832304538,0.00130271795253381,0.000189315917381793
"H19-05840 - 2",1,2,"4/14/2019",11007466,0,"11/6/1960 0:00:00",0,0,58,"Portugal",86,175,28.0816326530612,"Diabetic nephropathy",1,1,32,0,2,2,1.29,64.27073449,1.38,59.27424239,1.61,49.26402185,1.58,50.0762044079805,1.67,46.27624666,-1.89997887399025,0,0,1.63,47.05337204,-0.755708091995125,0,0,0,0,1.63,46.94813984,"3/18/2024 0:00:00",59,1,0,0,"4/22/2019 0:00:00",0,2,1,0,3,4,18,1,0," ",0,0," ",0,0,0," ",0,0,0,0,2,0,62,0,0,160,65,25.390625,0,0,"Head Thrauma",2,0.6,109.1453993,0,1.09,60,0,0,0,1,1,2,4,2,0,0,15.97998931,1,0,0,0,15.97998931,1.658802267,15,37,6,0.139534884,1.42529e-07,544023.8378,271478.3393,353.4628861,116.8668175,2.31128e-08,203913,37864.39908,210.6894055,21.81301822,8.1203e-06,43967.91675,42638.40636,76.76346695,28.07890971,37732.96181,50117.31491,57.86998757,23.80742962,1.73346e-07,0.528452359,0.077539158,0.357032642,0.06167105,0.159786862,0.006358682,0.217176664,-0.146685138,7.44491e-06,0.840213138,2108,45,574599.2714,215998.9714,0.384165517,215998.9714,0.384165517,7.979603857,30.19367153,0.294217163,7.979603857,30.19367153,0.294217163,0.52103799,65148.3,0.52103799,65148.3,0.6776702,491652.5,0.6776702,491652.5,0.491720927,15432.9375,0.491720927,15432.9375,0.638306244,264009.75,0.638306244,264009.75,0.320267972696312,2.85034798705865,0,584.057487595913,0.297792745509472,457.035896903613,7.35121852327553,0,0.00286930463362374,0.000468243712408386,0.00101049415187755,0.000950170787696135,0.840813200220704,2.30496627992765,0.0076806992300325,24.7840973732534,0.857267437165136,7.43398077261872,1234.66002820482,0.894160078433349,1.96417519281657,10.2927437377902,130.729949101305,109320.1,0.114328245578474,17758.9444444444,0.776928122616974,7.2932181576621,444.794566985512,0.000211192546756894,1.98000692913348,17778.1111111111,7.29321815852132,0.786272474481118,27.5310146345074,243.018252562325,1.15577993334257,0.000337698976127653,0.115080712886131,3.8682200605135e-05,0.00211703836556708,12.8928077900385,943.704918905814,109357.2,0.113231130881197,2.19327176159928,109320.1,88.1749460043197,2015.55555555556,425726.296929932,7.38862703682179,536.550630076273,0.38469226009923,674.400271896114,0.97483316170625,0.711947802540449,0.000340034085127913,1.63596835162778e-05,0.780184727439161,2.19327178001404,9.22659322147879e-05,0,3.62505425454457,27.7597978307341,0.731870791943158,817.178018228124,2.08851036274684,48524.3553602431,0,170.133113323156,0.000162085565687028,13.9082621590036,237.862202279816,1.82079848302647e-05,43.70061213133,0.00121450918167595,0.803603127684487,31.9908718532986,2700.65494680918,0.000528980114209192,0.000555114608207649,0.00144981364197338,133.8,0.925126982682194,113.892747933374,0.327046669463224,2.71106278976653,0.000829099178659114,0.000480053305849262,0,0.465095557719949,743.956845132483,4281020.92857143,4.42427758498756e-05,29547.6375183105,2.36523117054643,0.000165969743441442,0.0016477317329263,0.000153784091289031
"H19-07811 - 1",1,2,"5/22/2019",19029209,0,"2/22/1960 0:00:00",0,0,59,"Portugal",64,164,23.7953599048186,"Diabetic nephropathy",1,2,42,0,1,2,1.19,70.36611183,1.27,65.08118361,1.32,62.13426859,0.93,94.0024909492175,1.02,83.09916865,-5.45166114960875,0,1,0.87,96.3541184,0.587906862695625,0,0,0,0,0.87,96.33015118,"3/7/2024 0:00:00",58,1,1,1,"6/3/2019 0:00:00",0,1,1,1,3,0,10,0,0," ",0,0," ",0,0,0," ",0,0,0,0,1,1,54,1,0,160,60,23.4375,1,0,"Stroke (ischemic)",1,0.5,111.3861784,0,1.17,68,0,0,0,1,1,2,4,4,0,0,19.39499997,1,0,0,0,19.39499997,1.717603557,9.52380952380952,39,3,0.071428571,1.36167e-07,235736.4231,129893.1769,228.3530465,85.65367944,1.04744e-08,110628.6667,34307.45082,157.6244487,19.48161092,1.06525e-05,43426.03605,39817.1225,76.42041552,26.37650768,19786.27059,19857.49837,54.44312365,14.80382994,3.45656e-07,0.441084066,0.032099618,0.462595034,0.045812867,0.364475165,0.012230378,0.069390322,-0.01788392,1.26958e-05,0.635524835,3051,99,264666.0294,86657.14706,0.311543829,92893.09677,0.314565402,6.753846272,30.27689642,0.242480476,6.753846272,30.27689642,0.242480476,0.462852085,53174.35484,0.462852085,53174.35484,0.529814588,423650,0.529814588,423650,0.431919937,13327.77273,0.431919937,13327.77273,0.538464003,150577.1111,0.538464003,150577.1111,0.341313886837076,2.62110301771428,2.98745403485725e-05,0,0.420566379903076,487.789030246685,6.88476709649985,0.000259800259102833,0.00285347905725464,0.000466174517846626,0.000822652733901197,0.000819844366696229,0.882662131561304,2.41001647469795,0.0074288145375879,28.4447999553167,0.893230822921078,6.74613523880826,1442.05146446863,0.896035869232969,1.33651812192629,8.89772777461185,75.475425899772,158244.19047619,0.11336187803091,31572.9827586207,0.715871509277088,7.76595749603264,482.245411002593,0.000196642408869678,1.36879334393653,31598.1379310345,7.7659574971946,0.748196183317341,26.2545486011139,393.851447314205,1.1759356054541,0.00028102334273411,0.112862411236219,3.18312968014246e-05,0.00251826940537014,12.603806085244,1300.80514001942,158290.238095238,0.114694406242863,2.06276157567124,158244.19047619,133.246844319776,3577.65517241379,590974.489211309,5.71209163450524,828.732636559172,0.597672230487789,966.809166098767,0.962122731353747,0.546712118110882,0.000207809957158491,1.54856775173464e-05,0.748545184179453,2.06276159059434,9.37196109979407e-05,0,5.02631818975742,26.4240865586201,0,926.431622825604,1.37291659809481,48517.6460897511,0,234.396191735803,0.000142969733227819,9.61803890697992,396.325907584328,1.33434553568097e-05,42.8870271642549,0.000800666652104017,0.76242653966977,25.3677108041171,2424.0743853422,0.000531751046097944,0.000449380209864758,0.00131666155158891,192.47619047619,0.924944824890665,75.8641468407362,0.497557477007218,2.40845519259539,0.000758763915555285,8.98009329725528e-05,931.973102008883,0.272915021336817,666.621276270727,4453758.86538462,2.8675996744263e-05,39710.9850609189,0,0.000148990299619576,0.00123410216042455,0.000215470664181142
"H19-07811 - 2",1,2,"5/23/2019",19801515,0,"10/10/1957 0:00:00",0,0,61,"Portugal",68,174,22.4600343506408,"Diabetic nephropathy",1,2,51,0,1,2,0.92,94.63951367,1.2,68.80189458,1.14,73.16983422,1.24,65.7371486927197,1.07,77.49154802,5.87719966364015,0,0,1.34,58.42343621,-1.82842812067993,0,0,0,0,1.34,58.37258895,"11/30/2023 0:00:00",54,1,1,1,"6/6/2019 0:00:00",1,2,2,1,5,0,21,0,0," ",0,0," ",0,0,0," ",0,0,0,0,2,1,54,1,0,160,60,23.4375,1,0,"Stroke (ischemic)",1,0.5,111.3861784,0,1.17,68,0,0,0,1,1,2,4,4,0,0,19.9860271,1,0,0,0,19.9860271,0.659936676,16.6666666666667,80,16,0.166666667,1.81342e-07,284342.2813,133003.4144,252.1215009,85.54581385,3.62683e-08,158831.9063,59375.1684,193.8881212,47.90246809,1.50242e-05,41112.56329,40539.79013,76.7583925,27.88935908,24155.40443,22064.84514,56.31229884,16.02594873,3.78551e-07,0.52222336,0.051563102,0.617681589,0.015247387,0.249831233,0.006957766,0.08347845,0.049787155,1.3816e-05,0.750168767,6628,167,306659.7432,72668.78378,0.24472928,75962.55714,0.245489638,5.509793858,30.84326814,0.20231184,5.509793858,30.84326814,0.20231184,0.4849895,49043.43939,0.4849895,49043.43939,0.606928422,527703.5,0.606928422,527703.5,0.466472517,15382.65217,0.466472517,15382.65217,0.527578559,126463.25,0.527578559,126463.25,0.227391936532599,2.87062955929646,2.63813514981361e-05,0,0.271151078487137,507.386877556054,4.94340931951021,0.00022517947641916,0.00128940285764457,0.000883815039479188,0.000641691734781,0.00118329083766069,0.948543556116107,2.2435317603606,0.00441716295544795,25.9225516759435,0.953398977977019,4.89200186008212,1526.57694128382,0.897339158142237,1.42683762868661,7.81547733817205,65.4000213266917,185312.432432432,0.112815419951502,34085.3125,0.609520765450816,6.65151676868699,489.347176739481,0.000332147568472639,1.4561170680215,34112.5625,6.65151677036577,0.743199357034906,30.1782810645016,498.048727940181,1.20352782041434,0.000249747074523701,0.114688346658694,2.81426437735882e-05,0.00259861435202211,11.5796595632652,1501.49636646145,185372.567567568,0.114882256114303,1.98839897912427,185312.432432432,162.481962481962,3913.34375,600853.443365355,4.83674656852178,940.264444449398,0.686419730731505,1102.11610399615,0.957876247208436,0.471524211122781,0.000204889985825043,1.42387249495779e-05,0.742187624367563,1.98839899978122,0.000222088659332643,0,4.73896526451228,29.90664580307,0,696.339574328692,1.469967695402,47652.3181823492,0,230.460524778649,0.000106432949365163,7.11287048327184,555.578026180744,1.04607298812217e-05,46.2363556978606,0.000740218010180286,0.64920529164402,35.273354113102,2498.7329349463,0.000467051364638353,0.0017485409252378,0.00125672044919734,255.837837837838,0.920881562035574,63.5573828931428,0.297680659979568,2.39379352269761,0.000568888894994056,0.00109953242002017,1285.11073934504,0.220584148388904,676.595121858762,4244846.63888889,2.10575957377885e-05,43911.0990921742,2.19017562261779,0.000141447963684797,0.000817213100637663,0.000163248442654963
"H19-09323 - 1",1,2,"6/19/2019",18025908,0,"5/25/1954 0:00:00",0,0,65,"Portugal",72,165,26.4462809917355,"Chronic glomerulonephritis (unspecified)",2,1,61,0,1,2,3.24,20.37791987,2.65,25.93694455,3.07,21.73941293,3.39,19.1810870758568,0,0,0,1,1,0,0,0,1,1,0,0,4.16,14.90427242,"6/21/2021 0:00:00",24,0,0,0,"8/14/2019 0:00:00",0,2,2,0,4,8,28,1,1,"8/5/2021",1,1,"8/5/2021 0:00:00",1,0,0," ",0,0,0,0,1,1,71,1,0,160,55,21.484375,1,0,"Stroke (hemorrhagic)",1,0.6,95.90284574,0,1.61,93,1,0,0,1,1,2,4,4,0,0,89.2917,1,1,1,0,0,1.091639339,20,24,5,0.172413793,3.04305e-07,244522.8958,143361.3682,229.798486,90.19763958,6.33969e-08,130601.1,46114.47256,172.7685929,21.65209745,1.37444e-05,36009.69419,31841.60125,73.73922687,27.23724928,30317.27248,42634.80304,58.60960504,18.78736591,1.90191e-07,0.484502173,0.074409579,0.49493343,0.003281976,0.244509215,0.019760802,0.1503426,-0.236074478,9.61469e-06,0.755490785,1084,15,266532.25,64701.18182,0.253810027,68955.9,0.247558052,5.16475029,24.79745954,0.308329562,5.16475029,24.79745954,0.308329562,0.493277166,18249.41667,0.493277166,18249.41667,0.253531433,38338,0.253531433,38338,0.541226313,14231.7,0.541226313,14231.7,0.253531433,38338,0.253531433,38338,0.359580044281201,2.20226720181336,0,0,0.402270903025715,377.0400391391,4.64824670578084,0,0.00146971689960062,0.000926608597455065,0.000899629643716051,0.000826653464016756,0.89161622630497,2.95027176797725,0.00509009602158402,30.0180978295699,0.900524816277368,4.48721921979036,1102.16358608213,0.900350297615566,1.57687424276259,9.54484507961167,111.364796551853,97582.8125,0.114182197500798,18249.4166666667,0.737471679535621,8.47253937767883,543.695490279577,0.000200870115893594,1.39931674318359,18268.6666666667,8.47253937457449,0.762172444958078,21.6588375366944,300.667344843266,1.31249275648301,0.000343538056540298,0.116830049014635,3.89675875315149e-05,0.002921634096118,13.5194480530573,1415.61678039158,97633.5,0.113703850536687,2.21774312360056,97582.8125,111.832271762208,2083.16666666667,332930.078063965,4.43065612852572,782.445170981911,0.616374682949105,976.867285197386,0.964539788238966,0.528605637119135,0.000181425006473965,1.88451795419686e-05,0.752457901531576,2.21774309873581,0.000330538805460478,0,5.67523448412402,21.8877511443584,0,914.097769411942,1.238898477385,33752.7706705729,0,169.793837002585,0.000159183975201049,8.67673233688855,281.486395683887,1.30002182812081e-05,32.0951983298539,0.000750635989115856,0.772941102755376,30.6152458190918,2682.72113832392,0.000547303620692594,0.000423614508951791,0.00149152163975999,100.625,0.928394249050494,89.1971459568298,0.392364028837733,2.47221326968508,0.000756673271907979,0.000281286245801347,0,0.228164757705028,687.90333734204,3356169.66666667,2.82568586697706e-05,27706.1290893555,0,0.000169158037677973,0.00131241395013163,0.00024324790239448
"H19-10049 - 1",1,2,"7/4/2019",19038428,0,"8/22/1955 0:00:00",0,0,63,"Portugal",62,165,22.77318640955,"Undetermined",5,2,27,1,2,1,1.93,38.4190929,1.84,40.68501589,1.86,40.16061405,1.59,48.1768411363712,1.6,47.22466388,-0.4760886281856,0,0,1.5,50.39661055,0.554942353407199,0,0,0,0,1.5,0,"3/16/2025 0:00:00",57,0,0,0,"7/12/2019 0:00:00",0,1,1,1,3,0,25,0,0," ",0,0," ",0,0,0," ",0,0,0,0,1,0,77,0,0,170,84,29.0657439446367,0,0,"Head Thrauma",2,0.8,91.15045097,0,1.23,74,0,0,0,2,1,2,5,2,0,0,13.41581955,0,0,0,0,13.41581955,1.919014027,25,17,6,0.260869565,9.84174e-08,360666.1765,183133.4647,285.7637729,100.289617,3.47356e-08,107170.8333,34326.01622,157.9018573,35.62775319,9.78964e-06,45176.26523,45839.57897,77.56796575,28.45164881,32900.27643,38386.37881,60.23826387,18.96777996,2.66306e-07,0.396770304,0.035495828,0.442259229,0.052197822,0.399489975,0.016630717,0.080260231,-0.130344825,1.07967e-05,0.600510025,1691,46,383196.4688,128655.8125,0.326738038,128655.8125,0.326738038,6.930287833,22.8333045,0.392686102,6.930287833,22.8333045,0.392686102,0.453776749,26133.84615,0.453776749,26133.84615,0.592415896,128011,0.592415896,128011,0.428613904,15311.31818,0.428613904,15311.31818,0.592172399,85657.75,0.592172399,85657.75,0.449525670845961,5.2926836293132,0,648.042196207089,0.455303795295388,125.118538746389,6.27590976062055,0,0.0278267654006872,0.000470630803561434,0.00112969548171844,0.000933493085269232,0.862918129397553,2.49502277612279,0.0317859691894891,29.1506052918825,0.873768739390709,6.40630562487764,178.414213562373,0.902355227845676,1.86181394974975,11.8717186054046,116.016530121945,181.5,0.114558844174352,26133.8461538462,0.803370123940638,8.88309892904724,439.529976446908,0.000231745649497662,1.80704822976098,26150.0769230769,8.88309893483855,0.772187032830107,19.6690347906386,241.723076244923,1.33026232331964,0.000349513583302899,0.114241036644658,3.98994278102714e-05,0.00248618991077247,15.2968925991912,1084.0932185463,183,0.114290743371567,1.37777773539225,181.5,75.8921933085502,2986.15384615385,12,5.95103258853569,618.400905878805,0.506423578241917,762.00901093134,0.974764200956578,0.616061546672125,0.000638081138702035,1.87243105828403e-05,0.765133741515109,1.37777769565582,9.55621129257184e-05,0,5.39915404918839,21.1304165173321,0.852408523324688,873.635980453001,1.9896235136034,51157.8689903846,0,194.327579471501,0.000212432456736621,10.2561483407021,258.143614181991,1.771182623674e-05,32.3071960297767,0.0019594763722446,0.835759903272054,32.659156359159,2286.68165449555,0.000661102227913963,0.000858648447462152,0.00151781732293582,1,0.923895779555594,103.502701130447,0.54210503132293,2.60339984453798,0.000976475709253083,0.0109289617486339,0,0.385474186160587,579.370055647275,4617907.50892857,3.77015880212855e-05,24.7999992370606,2.20443981584081,0.000173247038229178,0.00171424765349102,0.000302453646172492
"H19-10049 - 2",1,2,"7/3/2019",16024033,0,"11/10/1949 0:00:00",0,0,69,"Portugal",77,175,25.1428571428571,"Chronic glomerulonephritis (anti-GMB)",2,2,32,0,2,2,2.53,26.74639207,2.41,28.35237085,2.94,22.33536405,2.54,26.4550364614982,2.19,31.21575701,2.3803602742509,0,0,2.01,34.17193134,1.92922371962545,0,0,0,0,2.1,0,"3/6/2025 0:00:00",55,0,0,0,"7/24/2019 0:00:00",0,2,2,2,6,0,22,0,0," ",0,0," ",0,0,0," ",0,0,0,0,2,0,77,0,0,170,84,29.0657439446367,0,0,"Head Thrauma",2,0.8,91.15045097,0,1.23,74,0,0,0,0,2,2,4,1,0,0,35.46019642,1,1,1,1,35.46019642,0.344559491,0,34,0,0,1.64494e-07,346603.7941,144457.6902,289.1434191,84.77545235,0,0,0,0,0,1.05711e-05,45008.12517,45282.53325,79.39874707,27.81440727,23488.51148,28608.72726,61.4784662,16.9599443,2.75769e-07,0.345900324,0.057014187,0.475787544,0.049643632,0.518630462,0.00517119,0.119831188,-0.404058049,1.2778e-05,0.481369538,2185,57,356745.5455,169518.4545,0.482806979,177829.6452,0.475392098,7.231612435,22.98935269,0.339762621,7.231612435,22.98935269,0.339762621,0.384354792,82888.21429,0.384354792,82888.21429,0.549784085,261485.5,0.549784085,261485.5,0.308283231,13757.125,0.308283231,13757.125,0.48578354,175063,0.48578354,175063,0.436241505148178,3.00472798326299,2.80177972539142e-05,0,0.483949874715284,546.154698287658,7.65013973110949,0.000244123796789934,0.00213711694933468,0.000390846037955236,0.00100031331848142,0.00067284460000951,0.834223739152318,2.15038714818436,0.00588842101649523,30.0323226657135,0.848244156752411,7.66181966143578,1589.21818089059,0.894463438389985,1.33773777056544,10.3379707919153,86.375055941164,170962.227272727,0.11392060122253,53122,0.767401169926785,8.6629910650666,433.319241321824,0.000146097180491609,1.34439078278107,53147.8333333333,8.66299106358298,0.769296336325227,21.7674822409347,247.819383796684,1.1584791262767,0.000327417041651551,0.115288375530127,3.72964493851909e-05,0.00201197461044955,14.0175845062188,1245.8961537638,171024.909090909,0.112080059450572,1.97459773187943,170962.227272727,105.199667221298,6041.33333333333,491498.805752841,6.50624434208701,745.956807286326,0.511228972386772,919.923905749258,0.96958579481931,0.598479151344283,0.000240993526987007,1.79361148369473e-05,0.767617048388153,1.97459772500125,7.66809470859418e-05,0,4.9417432433896,22.7924099324166,0,1070.51630735479,1.26332743393338,153985.026041667,0,279.573401387122,0.000182389750074838,10.9723742546574,288.621167064058,1.6372773469437e-05,38.5695364238411,0.00084016860305441,0.78817932610864,36.1746791203817,2626.07171559996,0.000610878050844296,0.000336844454390938,0.00146163728924688,217.909090909091,0.918702750589492,83.8446957660178,0.4999922894551,2.36444556272939,0.000923344871496152,9.51934064555297e-05,798.851146162519,0.485137776459432,733.480822139744,4767689.58333333,3.48782528962563e-05,39761.4401411577,2.4253055995437,0.000166413119001961,0.00159401040967977,0.000146969613027341
"H19-11364 - 2",1,2,"7/30/2019",19355139,0,"3/27/1957 0:00:00",1,0,62,"Portugal",77,162,29.3400396281055,"Undetermined",5,1,16,0,2,2,1.7,33.6965415,1.64,35.1812622,1.5,39.15746094,1.49,39.2283015069539,1.3,45.63404736,3.20287292652305,0,0,1.24,47.69940637,2.11777621576153,0,0,0,0,1.24,0,"3/16/2025 0:00:00",54,0,0,0,"8/14/2019 0:00:00",0,1,1,1,3,2,23,0,0," ",0,0," ",0,0,0," ",0,0,0,0,2,1,76,1,0,160,69,26.953125,1,0,"Stroke (ischemic)",1,0.7,89.57612681,0,1.63,94,1,0,0,1,2,0,3,4,0,0,45.4993,1,1,1,1,45.4993,0,8.33333333333333,22,2,0.083333333,1.32925e-07,353225.7273,123290.6226,289.8409286,61.75692604,1.20841e-08,19418.25,18102.25,49.44157002,40.49729811,9.83043e-06,58327.35495,55270.82549,91.48210099,30.49053977,26843.85413,27074.15526,60.76103653,17.87972962,3.20229e-07,0.388065995,0.046952636,0.573382985,0.017848968,0.344919102,0.003231898,0.08188704,-0.587394801,1.09204e-05,0.655080898,1627,53,353225.7273,146684.0909,0.405812717,146684.0909,0.405812717,7.566159923,22.94827653,0.27747295,7.566159923,22.94827653,0.27747295,0.341079741,87660.15,0.341079741,87660.15,0.444245148,340086,0.444245148,340086,0.318464744,20587.42857,0.318464744,20587.42857,0.393848068,244163.1667,0.393848068,244163.1667,0.322113649924803,2.63768258467576,2.20195281359669e-05,0,0.337190225882648,617.925278188865,7.22539530924668,0.000192246489116881,0.00154107608872734,0.000383148608407444,0.000644006526072179,0.000726334461389854,0.864421715393463,2.15340566516405,0.0047972781745507,27.7710544506709,0.875844954768155,6.79002593020061,1784.53869299358,0.903468869675495,1.56125655146684,7.40599997094473,68.7270648359116,221144.1,0.113403264570034,87660.15,0.683652805417664,7.13838211022367,494.087663153416,0.000161174480297712,1.581772248419,87692.8,7.13838210725317,0.744913140053018,20.8980535602441,287.470119932654,1.20128216376407,0.000266633546979396,0.114930804546954,3.01448836852417e-05,0.00225462871220202,8.86420201993856,1360.08297375254,221228,0.113977553174527,2.35311190288158,221144.1,161.32915921288,10101.7,1013025.8,7.0163534357271,885.930052164254,0.608226472631679,1047.04410919906,0.959739013874655,0.532638460162642,0.00021808364356827,1.29196443403457e-05,0.74857667220656,2.35311193466187,6.97411191712313e-05,0,4.6004349450209,20.6813585421249,0,953.796431376799,1.69415086928429,334493.3640625,0,324.044652401871,8.82853018846525e-05,12.0270751127556,353.712246629713,1.16787924617074e-05,49.046568627451,0.000788656840667713,0.739589502478604,29.7776754379272,2354.2649455277,0.000379209784634483,0.000310965844229676,0.00119345262726932,222,0.922315559652361,73.1496221971328,0.41615341700756,2.44584519757792,0.000543547325863699,5.60715672506605e-05,961.613674326658,0.382203704760209,629.115192647459,5397766.16666667,2.51347688419647e-05,58030.51796875,0,0.000134862897966077,0.000930309946044261,0.000166079328440599
"H19-16473 - 2",1,2,"11/5/2019",2002674,0,"5/20/1955 0:00:00",1,0,64,"Portugal",53,159,20.9643605870021,"ADPKD",4,1,55,0,1,2,1.2,50.54806367,0.98,64.45412668,1.11,55.50529876,1.06,58.2980425946335,0.9,70.06933326,5.88564533268325,0,0,1.02,59.55205808,0.313503871341625,0,0,0,0,1.05,0,"3/16/2025 0:00:00",50,1,1,0,"11/20/2019 0:00:00",0,1,1,2,4,2,24,0,0," ",0,0," ",0,0,0," ",0,0,0,0,2,1,76,0,0,170,75,25.9515570934256,1,0,"Stroke (hemorrhagic)",1,1,78.00146846,0,1.58,92,1,0,0,1,1,2,4,4,0,0,21.68220359,1,1,0,0,21.68220359,0.254373544,6.12244897959184,93,7,0.07,2.31043e-07,355643.543,211644.2704,270.1473297,116.3642817,1.73903e-08,68862.78571,19921.39504,120.2460834,36.38515379,9.27899e-06,45765.68072,49104.9664,77.41791907,25.89176208,26277.63216,29060.83403,55.77875862,12.80482591,1.34154e-07,0.376110122,0.082169014,0.424659387,0.007703579,0.431427435,0.001598735,0.193493929,-0.331618385,9.75625e-06,0.568572565,3735,54,393704.756,122334.3452,0.311114933,127063.4625,0.310934478,6.470773207,20.424479,0.330855492,6.470773207,20.424479,0.330855492,0.357921451,23419.03333,0.357921451,23419.03333,0.64341411,105326,0.64341411,105326,0.324463066,11675.95833,0.324463066,11675.95833,0.491754988,70391.33333,0.491754988,70391.33333,0.361153432458281,2.7748884086384,1.73873902525034e-05,0,0.38453911906693,443.687559085831,6.28155178774323,0.000152705664638673,0.00214570958323006,0.000636644501387706,0.000807913361105694,0.00101003606350608,0.910199378185039,2.49490000557725,0.00669750896898827,30.2883427837919,0.917329223762662,6.39876966884267,1274.97450378553,0.894374039724639,1.56420180549321,8.9009263837655,71.3929934004152,151134.283333333,0.112491571777537,23419.0333333333,0.707665893636293,7.6184362294031,493.708526283061,0.00029658444640763,1.51193560392386,23442.7333333333,7.61843623071759,0.725823683190062,19.0595662574889,852.117416677864,1.28935770412986,0.000224989460679611,0.113988352201477,2.52324092512473e-05,0.00304898910672019,11.8081942770869,1827.55729860315,151180.7,0.115486892488445,1.56299902848871,259539.633333333,191.224970553592,2686.46666666667,441520.719189962,6.18052453609212,906.329982899753,0.646983768576329,1251.63865271744,0.959159604002333,0.512080718733647,0.000296162553435919,1.24201431329598e-05,0.708330632728212,1.56299903392792,0.000182947321768114,0,5.15785160103394,19.6978052571956,0,1042.14393643236,1.5032185073227,38970.2482421875,0,183.545025021479,0.00012819357422685,8.57817094879491,710.034525749056,1.18713987948685e-05,85.8369601606963,0.00104265448968462,0.789627464251997,24.3049104054769,2855.3671790029,0.000469329979976167,0.000458812520416544,0.000938770798082568,270.066666666667,0.922501716904065,54.547293946877,0.424178173432972,2.55071134245286,0.000632015791203921,0.0028261262832562,1293.94153997246,0.303975624320077,722.057921324524,4269506.85714286,2.63192583994326e-05,29082.3473410606,1.62139622008691,0.000105308557658814,0.00111977269467164,0.000150664615474269
"H19-18272 - 1",1,2,"12/3/2019",93000490,0,"6/22/1959 0:00:00",0,0,60,"Portugal",65,171,22.2290619335864,"Chronic glomerulonephritis (IgA)",2,1,15,1,3,1,1.71,45.26093984,1.74,44.32612862,2.03,36.84034213,1.45,54.8247032955789,1.34,59.52372745,2.34951207721055,0,0,1.47,52.60573109,-0.554743051394725,0,0,0,0,1.47,0,"3/16/2025 0:00:00",52,1,0,0,"12/10/2019 0:00:00",0,2,2,2,6,2,25,0,0," ",0,0," ",0,0,0," ",0,0,0,0,1,1,75,1,0,160,70,27.34375,1,0,"Stroke (ischemic)",1,1.1,52.40101671,0,1.73,96,1,0,0,0,1,2,3,3,0,0,9.884021453,0,0,0,0,0,0.230577995,0,119,0,0,2.76292e-07,301833.2017,138459.2036,262.3963853,81.4110487,0,0,0,0,0,1.60575e-05,37718.73417,37574.61963,71.36955747,23.71050464,0,0,0,0,3.57555e-07,0.583212734,0.083394224,0.605667252,0.019870816,0,0,0.137689834,-0.288347758,1.63338e-05,0,6916,154,309454.7457,18846.2069,0.06132638,31182.5,0.120930846,4.465156556,25.74032735,0.210434719,4.465156556,25.74032735,0.210434719,0.641026037,108182.6563,0.641026037,108182.6563,0.989359174,605466,0.989359174,605466,0.51554952,12510.625,0.51554952,12510.625,0.766502553,203854.6875,0.766502553,203854.6875,0.205045122276288,2.95597810554788,0,0,0.238270223480191,461.308596407215,4.1403404504877,0,0.000545256081136765,0.0018928709694313,0.000577446254843998,0.00357908185700211,0.97867107272394,2.64314962015138,0.00202892967276332,26.1085550062559,0.980680693976121,4.26353387771833,1410.53668640196,0.899051990588776,1.39112700319512,7.29505671003221,58.6199945908399,137891.441176471,0.111604588325916,60897.7142857143,0.581066736985622,6.54474623991872,543.466142195458,0.00137111741353541,1.31741020382362,60924.1428571429,6.54474623827866,0.728886152599157,26.0835753715847,790.704665916204,1.39321144854006,0.000245591182242321,0.113684113703846,2.71733811704561e-05,0.00803939766485929,10.8898239825895,1656.41560535508,137949.323529412,0.114047775647397,1.96315352768781,137891.441176471,244.027726432532,6992.57142857143,637492.467566098,4.0921053459854,1039.11569480661,0.83443758338499,1310.6132883183,0.953029528476188,0.370926544385851,0.000111226830161577,1.29135370573096e-05,0.711876316264537,1.96315352706348,0.000583235285739096,0,5.48490450190382,26.9311495405931,0,261.928050907527,1.42930844559131,15846.774117606,0,299.040944073648,8.443802228473e-05,5.85519457616304,766.757908424161,8.67251146246576e-06,72.7165326808808,0.000411855795621777,0.688572207614242,35.2549303599766,2506.59624664289,0.00039006689933915,0.000539421801474682,0.0012475103958148,231.117647058824,0.924939244080488,47.5937591255234,0.270873358005611,2.41280915286863,0.000455148416473836,0.000525302975521054,0,0.0579151229105957,624.824332381119,4796677.0625,1.85040924765224e-05,31991.6576925166,0,0.000137737243596644,0.000674797430402945,0.000143466406894769
"H19-18272 - 2",1,2,"12/3/2019",15053370,0,"1/17/1961 0:00:00",1,0,58,"Portugal",65,162,24.7675659198293,"ADPKD",4,1,33,0,1,2,1.24,50.44545487,1.33,46.37736773,1.51,39.82499481,1.29,47.8100727684365,1.5,39.4017518,-4.20416048421825,0,0,1.3,46.20521591,-0.401214214609125,0,0,0,0,1.3,0,"3/16/2025 0:00:00",54,0,0,0,"12/10/2019 0:00:00",0,1,2,1,4,10,25,0,0," ",0,0," ",0,0,0," ",0,0,0,0,2,1,75,1,0,160,70,27.34375,1,0,"Stroke (ischemic)",1,1.1,52.40101671,0,1.73,96,1,0,0,1,1,2,4,3,0,0,10.68498865,0,0,0,0,10.68498865,0.321635414,2.27272727272727,88,2,0.022222222,2.39462e-07,334344.0682,134332.4282,276.1435488,72.32472242,5.44232e-09,48348.25,5190.75,106.1324673,4.289450831,1.65283e-05,36850.24695,34432.65187,77.43128519,27.10930373,17583.1926,16039.83386,54.79477751,16.5739767,4.40828e-07,0.536869206,0.080062718,0.609072828,0.017850757,0.322325085,0.022186847,0.131450156,-0.193423314,1.73221e-05,0.677674915,6074,162,345605.5588,58209.71765,0.168515076,63921.81081,0.180923443,4.955176624,23.26901617,0.2549932,4.955176624,23.26901617,0.2549932,0.513603121,85636.75,0.513603121,85636.75,0.761265394,481150,0.761265394,481150,0.430991802,14910.21429,0.430991802,14910.21429,0.629258967,184653.9,0.629258967,184653.9,0.295136094665021,2.76848597775489,2.66432074507163e-05,0,0.313508011382914,573.245952184137,4.9487737991611,0.000232121758769902,0.000867126768717779,0.0011902137879413,0.000710656361938308,0.00191854986794538,0.965545605637177,1.96588184079984,0.00345129410622279,27.6416087909711,0.968867738542447,5.03140711574946,1734.62979691785,0.899073208290376,1.37002076960004,8.17892785093676,59.214927026452,226807.857142857,0.11349676636564,35153.25,0.570599270578152,7.16945338000045,438.98165629662,0.000622952846666853,1.39954082909826,35174,7.16945338050524,0.72375366311762,23.1425866444317,667.966500192698,1.15611596944164,0.000254016845125486,0.113160115821184,2.86310392524263e-05,0.00564094234243383,10.8703334858983,1608.63589661963,226879.885714286,0.116388737639604,2.05385532036599,226807.857142857,198.240093240093,4090.5,677422.856587001,4.21061679964544,1100.41347550603,0.779305570297624,1332.21641624407,0.95128949774361,0.379049054719702,0.000160730369964641,1.3322556642972e-05,0.714110029160592,2.05385531697954,0.000335199969695552,322203,5.68071124661158,23.3771255465318,0,505.202802021772,1.37775265420684,29642.4983886719,18842608,217.505367849005,0.000101051912248677,5.89550759491411,802.487598063263,9.90605213248444e-06,47.9794964028777,0.000588453146303481,0.632620291424124,35.4955055236816,2696.81230714846,0.000441391951405014,0.000378645257872824,0.00128724649902899,350.828571428571,0.915258382813943,52.413376231058,0.337937366161656,2.44555511567357,0.000526607509963235,0.000601023565858067,1534.22514818338,0.152408068486625,743.788065866591,3691958,2.11549546218578e-05,54143.4333757673,2.29175862590738,0.000145003564929819,0.00086354016853185,0.000130040254890986
"H20-02897 - 1",1,2,"2/14/2020",19292924,0,"12/1/1951 0:00:00",0,0,68,"Portugal",61,162,23.2434080170706,"Other",6,1,24.9666666666667,0,1,2,1.95,36.78487681,2.12,33.27421408,1.99,35.89939651,2.01,35.2512533680444,1.33,57.14600142,10.9473740259778,0,0,1.51,48.46558563,3.3035830654889,0,0,0,0,1.51,0,"12/30/2025 0:00:00",51,0,0,0,"2/21/2020 0:00:00",0,1,2,2,5,4.17,18,0,0," ",0,0," ",0,0,0," ",0,0,0,0,1,1,69,1,0,160,75,29.296875,0,0,"Anoxia",5,0.8,79.70930029,0,1.19,70,0,0,0,1,2,2,5,4,0,0,52.9647,1,1,1,1,52.9647,0.246024434,12.962962962963,94,14,0.12962963,2.94474e-07,260279.1436,117847.791,240.0304912,71.11626295,4.38578e-08,89059,33763.29126,151.2441666,33.04956139,1.32513e-05,43624.34669,46886.72128,77.34001751,28.19623381,19470.7731,20576.56247,53.76371509,17.41715615,3.85322e-07,0.500539112,0.076645362,0.578080022,0.033687468,0.320960046,0.02526588,0.132586077,-0.580149754,1.50412e-05,0.679039954,4230,123,268315.7143,76120.16484,0.28627369,81997.90244,0.285055297,6.556762509,20.53784897,0.38657784,6.556762509,20.53784897,0.38657784,0.399690372,154183.5606,0.399690372,154183.5606,0.487761444,1889383,0.487761444,1889383,0.309618726,13565.2381,0.309618726,13565.2381,0.557315752,400265.625,0.557315752,400265.625,0,0,0,0,0,0,0,0,0,0,0,0,0,0,0,0,0,0,0,0,0,0,0,0,0,0,0,0,0,0,0,0,0,0,0,0,0,0,0,0,0,0,0,0,0,0,0,0,0,0,0,0,0,0,0,0,0,0,0,0,0,0,0,0,0,0,0,0,0,0,0,0,0,0,0,0,0,0,0,0,0,0,0,0,0,0,0,0,0,0,0,0,0,0,0,0,0,0,0
"H20-04374 - 1",1,2,"3/6/2020",19709165,0,"5/25/1961 0:00:00",1,0,58,"Portugal",73,176,23.566632231405,"ADPKD",4,1,42.5666666666667,0,3,1,1.3,47.66460978,1.54,38.895844,1.19,52.9994925,1.37,44.4797539804034,0.97,66.48121696,11.0007314897983,0,0,1.29,46.63536437,0.538902597399149,0,0,0,0,1.29,0,"3/16/2025 0:00:00",49,0,0,0,"3/13/2020 0:00:00",0,1,2,2,5,0,24,0,0," ",0,0," ",0,0,0," ",0,0,0,0,1,1,64,1,0,160,70,27.34375,1,0,"Stroke (hemorrhagic)",1,1.2,50.54806367,0,1.48,89,1,0,0,1,2,2,5,3,0,0,25.50621462,1,1,1,1,25.50621462,4.602240522,5.88235294117647,64,4,0.058823529,1.77092e-07,445600.0234,249451.2327,318.3117759,109.1072618,1.10683e-08,91206.75,4913.655875,143.4766837,6.55295651,1.21557e-05,47907.13487,44787.0008,81.97079389,29.94769647,0,0,0,0,3.12678e-07,0.493065901,0.07891229,0.582345692,0.020595306,0,0,0.135507639,-0.094053214,1.23439e-05,0,4393,113,471215.9667,112953.1333,0.236462456,121665.1481,0.24534384,6.204401949,22.17072084,0.331462147,6.204401949,22.17072084,0.331462147,0.534313541,54075.59091,0.534313541,54075.59091,0.583350961,161271.5,0.583350961,161271.5,0.590556561,19165,0.590556561,19165,0.435888255,115169.125,0.435888255,115169.125,0.407902835063677,2.86673385186593,1.57736000955249e-05,1059.82631943463,0.50553800724609,485.241891697995,6.49589177150907,0.000135780259993642,0.0022778666786191,0.00154685815273722,0.000719164244914474,0.00188967381443895,0.958963069191168,2.08899884553648,0.00527896861140816,27.8309071188091,0.963056122373093,6.33207757821069,1407.98595394179,0.891863510104092,1.43582938032369,8.41399649475202,49.669785879302,145678.333333333,0.112476796271344,54075.5909090909,0.62521912058459,6.75270820729848,466.276332801944,0.000632283829498668,1.47667250294219,54113.4545454545,6.7527082074596,0.701213548552121,21.1322283132288,1170.85783514906,1.13471180465045,0.00018497314070007,0.114136703014287,2.05870933545476e-05,0.00482872312089288,11.8589588963912,1930.01467590015,145727.533333333,0.108835409634255,1.53684639142801,145678.333333333,246.017641597029,6162.45454545455,655063.877864583,5.58136535014808,1324.6667914038,0.773996424964337,1532.95662337201,0.946641284991814,0.408080724799722,0.00131568463459471,1.05971583717489e-05,0.683103532208415,1.53684639930725,0.000605227664468736,0,5.3425074024987,20.5232566119325,0.752376249257731,574.332783900383,1.50252745446885,53004.2071467313,0,250.877935773392,0.000110830484241655,5.82571773197619,1084.1620065496,1.01802486399816e-05,95.7182823682498,0.00232636837058698,0.688708231152177,35.337703184648,3074.44333547947,0.000484908108019617,0.004571107868309,0.000781689156671071,258.6,0.914733719643634,40.9500510118219,0.564869644639775,2.57760572402461,0.000579176904399387,0.000101403117793677,1592.65560877786,0.221494440084128,861.569587001769,3923022.40789474,2.12276692426183e-05,25754.4937255859,1.62942868474378,8.70348025989155e-05,0.000871150493732558,0.000167942630469929
"H20-04374 - 2",1,2,"3/6/2020",19209543,0,"10/27/1960 0:00:00",0,0,59,"Portugal",65,173,21.7180660897457,"ANCA vasculitis",2,2,36.1666666666667,0,1,2,1.48,54.16339138,1.4,57.89836037,1.39,58.39856124,1.33,61.1923217041336,1.39,57.3190686,-1.9366265520668,0,0,1.48,52.50501797,-2.1718259335334,0,0,0,0,1.48,0,"3/16/2025 0:00:00",46,1,1,1,"3/17/2020 0:00:00",0,2,1,2,5,0,24,0,0," ",0,0," ",0,0,0," ",0,0,0,0,2,1,64,1,0,160,70,27.34375,1,0,"Stroke (hemorrhagic)",1,1.2,50.54806367,0,1.48,89,1,0,0,1,2,2,5,3,0,0,38.15709359,1,1,1,1,38.15709359,3.169488305,2.5,82,1,0.012048193,2.34756e-07,445785.811,235668.1925,314.7554627,94.0986051,2.86288e-09,99650.5,0,165.1302516,0,1.89494e-05,42460.10568,38832.15006,81.33334891,29.93182509,22607.44286,24491.41271,60.49089154,18.55610907,4.49472e-07,0.670770434,0.104651006,0.804593954,0.030992038,0.333069035,0.009024599,0.130066856,-0.081344468,1.86537e-05,0.666930965,6619,157,468580.5694,89068.05556,0.19898934,149411,0.307662244,6.158984548,18.12036361,0.385747516,6.158984548,18.12036361,0.385747516,0.390864197,137842.881,0.390864197,137842.881,0.536561264,1046878,0.536561264,1046878,0.314296348,13285.95455,0.314296348,13285.95455,0.475088831,274855.5,0.475088831,274855.5,0.458774536298621,2.92983564640421,1.56194075161897e-05,1117.04213443278,0.526286353664857,549.318324856022,6.37773626159819,0.000139742131188202,0.00193598165176787,0.0064681977791232,0.000834786950603464,0.00819815187139112,0.954716537598879,1.86530231841259,0.00584645471204729,28.9341041297799,0.958815733978223,6.52907366709448,1610.68038812064,0.896001179267241,1.46108023540724,9.14168320833616,47.5035359253524,179324.576923077,0.112806879552396,71008.3157894737,0.614526175308318,7.13933940526541,420.287934750414,0.0043609213939144,1.54286173626006,71045.7894736842,7.13933940838413,0.692293293668123,17.881621760788,1330.93462008254,1.28273625797577,0.000205634285631839,0.115583380298343,2.30476052006071e-05,0.00882273713881561,12.4176741307842,2130.71733679142,179406.153846154,0.111834791845182,1.56207333140709,238685.923076923,225.667079207921,7983.68421052632,638377.829552284,5.17571310861801,1465.2603152203,0.794574170799354,1690.47530165436,0.940874613113758,0.376907826250339,0.000293724328907091,1.13258377671414e-05,0.6809816473069,1.56207334078275,0.00349595756821383,310891,5.77673404820313,18.961372658339,0.676975712231857,502.312771749554,1.47045494338133,125758.787314967,21073052,316.831966624454,0.00012399061218573,4.93147771536898,1245.57450748059,1.05485204683728e-05,84.9428253202153,0.00110631297419928,0.663566307051813,32.4273391773826,2789.19865725984,0.000543728220696224,0.000417272606857901,0.000879416546056175,360.846153846154,0.91098991130678,42.7243245433195,0.603197568172116,2.64165025414709,0.00066522206523172,7.32726614080691e-05,1276.3236565435,0.160896354879428,715.977495008083,3901759.68181818,2.04617832280328e-05,30150.8596754808,1.94546285307874,9.85674733990286e-05,0.00102506922817288,0.000136935953769062
"H20-08233 - 1",1,2,"6/23/2020",19779957,0,"5/19/1971 0:00:00",1,0,49,"Portugal",71,165,26.078971533517,"Diabetic nephropathy",1,1,52.2333333333333,0,1,2,1.02,67.43990143,1.2,55.49062773,0.97,71.6326556,0.92,75.8561387871226,1.02,66.19328036,-4.8314292135613,0,0,0.95,71.19734006,-1.16469968178065,0,0,0,0,0.95,0,"2/15/2025 0:00:00",44,1,1,1,"7/2/2020 0:00:00",0,2,1,2,5,0,18,0,0," ",0,0," ",0,0,0," ",0,0,1,0,1,0,35,0,0,174,65,21.4691504822301,0,0,"Head Thrauma",2,0.6,129.1019015,0,0.72,15,0,0,0,0,0,0,0,2,0,0,6.086860933,0,0,0,0,6.086860933,0.006963796,0,64,0,0,2.69236e-07,268083.0391,105313.7594,258.3400923,66.45150835,0,0,0,0,0,2.00286e-05,29548.61783,29989.54232,67.84988453,25.25783396,25688.16667,33743.39513,55.70496635,30.63424103,1.76686e-07,0.508807285,0.072177474,0.591817386,0.008526459,0.35500752,0,0.121959029,-0.414249436,2.0286e-05,0.64499248,4761,42,272049.4841,55251.36508,0.207106383,56433.78689,0.204233851,5.337144425,21.43886894,0.266795588,5.337144425,21.43886894,0.266795588,0.510061496,50211.6,0.510061496,50211.6,0.850404414,459597,0.850404414,459597,0.463846754,11442.95455,0.463846754,11442.95455,0.637152037,156825.375,0.637152037,156825.375,0.356340511431665,2.94969112654001,0,0,0.421569888637082,526.516601576301,5.48029264556278,0,0.00131922513240724,0.000509825498221851,0.000708656883472081,0.000896995556510377,0.938059135385369,2.02985484808186,0.00428779252700668,27.5574920510856,0.941737141443749,5.44160999911019,1593.40920595978,0.897556207060139,1.06223608261989,8.293193293969,44.0437887380128,182137.195652174,0.112187429348579,20969.7857142857,0.623483442993554,6.94985758568599,456.009120727369,0.000241768633229957,1.10253458658145,20993.2857142857,6.94985758367494,0.700091005861512,20.7608371741297,423.276713436242,1.07157871246205,0.000236451350525369,0.114739034123096,2.64641061593469e-05,0.00287843953276537,10.609247726519,1523.10669186109,182202.913043478,0.114508862714231,2.10364197227193,182137.195652174,225.581439393939,2425,636679.473165761,4.97682180523705,1015.75210652987,0.705527151920938,1213.33386419218,0.954659858367028,0.441862070282268,0.000204503906804596,1.21314278351324e-05,0.697377288795973,2.10364196093186,0.000128912060753625,371069,5.06971538219425,20.2080493564283,0,745.854911129759,1.46143671115777,19343.2971540179,27352756,205.072162443942,9.1749950926279e-05,5.61578066055089,517.419303918536,8.88816924907434e-06,56.7827967323402,0.000732225256965353,0.679821079817406,27.1794022151402,2181.83784130948,0.000414257552639541,0.000432853224498195,0.00121095094493613,225.260869565217,0.915740889186498,43.0683037136132,0.629345014496748,2.24926251573638,0.000512069859029369,7.67351620311381e-05,0,0.188530690291206,633.305431113299,4065888.625,1.97253045379727e-05,44066.7756029212,0,0.0001354354490989,0.00090593582060497,0.000193922794987133
"H20-08288 - 1",1,1,"6/24/2020",19533043,0,"2/23/1978 0:00:00",0,0,42,"Portugal",85,170,29.4117647058824,"Chronic glomerulonephritis (unspecified)",2,2,28.4,0,1,2,1.17,79.82041893,1.39,64.911146,1.16,80.64685761,1.24,73.9826710864133,1.1,84.36509346,5.19121118679335,0,0,1.06,87.10938762,3.28167913339668,0,0,0,0,1.06,0,"3/16/2025 0:00:00",47,1,1,1,"7/15/2020 0:00:00",0,1,2,1,4,0,14,1,0," ",0,0," ",0,0,0," ",0,0,1,0,1,0,25,0,0,174,59,19.4873827454089,0,0,"Anoxia",5,0.9,121.5522926,0,0.73,16,0,0,0,0,1,0,1,3,0,0,17.8086,1,0,0,0,17.8086,0,0,14,0,0,1.45448e-07,331916.3571,167864.9512,276.1278711,111.1574119,0,0,0,0,0,1.02749e-05,58613.64813,156567.0548,81.16829129,41.75927324,21510.81886,22392.99444,60.73577268,20.35881492,1.35059e-07,0.52315146,0.048276686,0.602248601,0.011987588,0.50922971,0.000681598,0.080160727,-0.59368948,1.40974e-05,0.49077029,989,13,386543.5,148107.75,0.393661201,148107.75,0.393661201,8.071088685,19.21818112,0.431725097,8.071088685,19.21818112,0.431725097,0.488580497,119609.25,0.488580497,119609.25,0.658977737,211941,0.658977737,211941,0.318183257,27277.5,0.318183257,27277.5,0.658977737,211941,0.658977737,211941,0,0,0,0,0,0,0,0,0,0,0,0,0,0,0,0,0,0,0,0,0,0,0,0,0,0,0,0,0,0,0,0,0,0,0,0,0,0,0,0,0,0,0,0,0,0,0,0,0,0,0,0,0,0,0,0,0,0,0,0,0,0,0,0,0,0,0,0,0,0,0,0,0,0,0,0,0,0,0,0,0,0,0,0,0,0,0,0,0,0,0,0,0,0,0,0,0,0,0
"H20-08454 - 1",1,2,"6/28/2020",9168386,0,"5/15/1991 0:00:00",0,0,29,"Portugal",76,172,25.6895619253651,"Undetermined",5,2,19.1,0,1,2,1.64,57.70819863,1.7,55.27279547,1.51,63.72029809,1.59,59.5213234056624,1.46,65.1213936,2.8000350971688,0,0,1.45,64.84903158,1.3319270435844,0,0,0,0,1.45,0,"3/16/2025 0:00:00",46,1,1,0,"7/8/2020 0:00:00",0,2,2,2,6,2.04,10,0,0," ",0,0," ",0,0,0," ",0,0,1,0,1,0,43,0,0,174,70,23.1206235962479,0,0,"Head Thrauma",2,0.7,117.2483252,0,0.77,21,0,0,0,1,2,0,3,4,0,0,35.2158,1,1,1,1,35.2158,0.050527331,7.14285714285714,26,2,0.071428571,1.22342e-07,500979.6731,187606.3536,353.6607509,86.22620167,9.41091e-09,142650.5,4013,191.5488975,0.140956175,1.31517e-05,31358.98801,28755.03215,70.54291826,23.56917447,21243.88761,26591.88174,58.48396536,17.52888267,3.29382e-07,0.43841494,0.061290738,0.412425252,0.011763083,0.442871166,0.00646854,0.148610536,0.052032567,1.60306e-05,0.557128834,2795,70,500979.6731,223469.1923,0.475494214,229622.88,0.463185396,7.616169585,16.95050773,0.405292875,7.616169585,16.95050773,0.405292875,0.387867968,35091.94231,0.387867968,35091.94231,0.552269927,302213.5,0.552269927,302213.5,0.352548794,15253.79545,0.352548794,15253.79545,0.582123427,144201.75,0.582123427,144201.75,0.441227586613112,2.75693997747884,2.28966934192664e-05,0,0.418327548485532,616.375786474757,7.1894042990406,0.00019634230614902,0.00200200339298586,0.000456223073199838,0.00111978716256789,0.000950358148335131,0.858234912850244,2.20063865722837,0.00598606235242048,33.6719289051812,0.868688639827348,7.47634419682365,1753.97887108977,0.897994638903738,1.67706879569354,10.8447667249685,109.369823058332,193914.75,0.114218424162918,24407.08,0.778960324969947,10.2094058193753,405.101170499473,0.000241194247020172,1.75621424156999,24430.96,10.2094058207344,0.762626980154573,16.4928605837732,337.92964132447,1.10945126115068,0.000346167756856765,0.114663744194368,3.95942984174183e-05,0.00325767470102346,14.3776324045173,1301.89665442136,193988,0.115009501723,2.23123721308613,193914.75,83.0282317979198,2804.76,355788.052083333,7.21193527216508,750.883774848079,0.640837840147167,915.919572512678,0.968702488641156,0.507201718245975,0.00030147676792946,1.77580872495276e-05,0.75830335597504,2.23123723268509,0.000100121682434622,0,6.87737124830506,16.6564546700588,0,1008.08041988527,1.76406249464535,62167.032421875,0,184.98936945582,0.000195646576123685,9.77889772289055,322.603548536407,1.67537993377749e-05,29.4431918656057,0.00111276346893403,0.801645260100106,29.1320333099365,3053.18445385411,0.000655254726446484,0.000457100616272246,0.00149720677024005,162,0.92141900362792,97.108693285634,0.515756546356283,2.66470964675703,0.000959173321204701,7.04158420331396e-05,1002.15875348466,0.397349253582215,865.489675654092,4721591,3.81540829788846e-05,50905.0286458333,2.18858383650873,0.000171206982707233,0.00171650801048156,0.000100367936096703
"H20-10380_1",1,1,"8/4/2020",14003757,0,"10/2/1949 0:00:00",0,0,70,"Portugal",51.3,160,20.0390625,"Undetermined",5,2,41.8666666666667,0,1,2,1.74,41.65332994,1.69,43.13648752,1.52,48.98876813,1.6,45.7787402618091,1.2,63.85402917,9.03764445409545,0,0,1.38,53.32721247,1.88711805204773,0,0,0,0,1.38,0,"3/16/2025 0:00:00",45,0,0,0,"8/12/2020 0:00:00",0,1,2,1,4,8,12,0,0," ",0,0," ",0,0,0," ",0,0,0,0,1,1,63,1,0,160,68,26.5625,1,0,"Stroke (hemorrhagic)",1,0.6,100.7951313,0,1.3,78,0,0,0,2,3,2,7,4,0,0,62.4181,1,1,1,1,62.4181,0.273072577,25,6,2,0.25,1.19154e-07,229654.75,168206.2744,197.0971011,123.536362,3.97178e-08,276760.25,8412.25,255.26092,15.58405415,8.47976e-06,65108.91335,88017.3166,90.56150985,33.48741324,0,0,0,0,1.7873e-07,0.338348997,0.027364175,0.552107945,0.028824243,0,0,0.049563088,-0.575064273,8.63863e-06,0,427,9,275552.7,144187.2,0.474082799,141909.6667,0.476268069,7.581061576,24.28326578,0.338512498,7.581061576,24.28326578,0.338512498,0.340957763,173726.6429,0.340957763,173726.6429,0.419914892,1041597.5,0.419914892,1041597.5,0.336657167,12684.3,0.336657167,12684.3,0.351709254,576332.5,0.351709254,576332.5,0.412480994726803,2.70415201346821,2.95751816491994e-05,0,0.497886048518909,386.376814491323,7.61655527031902,0.000257671660051019,0.00276165320258152,0.000355773595488132,0.000933207086826385,0.000578505207704022,0.841276139056968,2.02236530598282,0.0081396863750027,29.9527989690502,0.852523246813308,7.64935513453094,1054.82651455244,0.909526862096167,1.29036851830263,9.6424047278972,104.685538704121,112176.333333333,0.113887847640071,29081.5,0.781392864665759,8.44577244926561,429.148041772887,0.000129779986864406,1.20728023965359,29113.1666666667,8.44577242483695,0.768813436494221,22.0778108754033,149.550164583594,1.15860079301864,0.000328980414553368,0.11582368965738,3.73200052965226e-05,0.0014145334841586,14.1324674943297,1108.64896399679,112284.333333333,0.115033909552884,2.12789294201009,6200,104.612403100775,3316.66666666667,227912.619791667,7.23369131835833,669.988522707474,0.44281955102265,926.393684474825,0.971666982907887,0.665931584467191,0.000364935735712488,1.84004952155102e-05,0.761543160323144,2.12789289156596,7.42147709900318e-05,0,4.40181853863562,22.1040324801161,0,1052.51901396713,1.35299009424829,92587.9586588542,0,228.291846938359,0.000173384749714241,10.1397259186725,211.145086574593,1.51774562920986e-05,43.2166666666667,0.00128347623133267,0.827738263403418,18.2573642730713,2123.26424818068,0.00058402976217222,0.000489587911924709,0.00135468260327859,101.666666666667,0.922101762804047,89.1221022545241,0.48818030464626,2.26142852998745,0.000878170536377608,0.00410040068268194,648.792789579723,0,563.611168584325,5023449.34375,3.3329846296213e-05,32064.6104164124,0,0.000153604558587598,0.00153492803752205,0
"H20-10380_2",1,1,"8/4/2020",79006376,0,"4/4/1963 0:00:00",1,0,57,"Portugal",64,160,25,"Undetermined",5,1,14.93,0,1,2,1.51,40.0734502,1.8,32.45652847,1.73,34.03876139,1.57,38.0056777599491,2.5,21.47820776,-8.26373499997455,1,1,2.55,20.714565,-4.32277818998728,1,1,0,0,2.55,0,"3/16/2025 0:00:00",42,0,0,0,"8/20/2020 0:00:00",0,0,2,0,2,0,13,0,0," ",0,0," ",0,0,0," ",0,0,0,0,1,1,63,1,0,160,68,26.5625,1,0,"Stroke (hemorrhagic)",1,0.6,100.7951313,0,1.3,78,0,0,0,0,2,2,4,5,0,0,43.4352361,1,1,1,1,43.4352361,0.555090326,0,10,0,0,1.18268e-07,382437.5,161746.5066,290.3898818,103.9914252,0,0,0,0,0,1.07269e-05,53920.45424,48391.99855,89.14391393,29.18688379,31674.23762,28423.27519,69.81296234,22.28231978,2.83843e-07,0.367954525,0.045230151,0.578400144,0.00674063,0.399167962,0.002515623,0.078198719,-0.546545445,1.13282e-05,0.600832038,907,24,424926.6667,149593.3333,0.34369995,149593.3333,0.34369995,7.29274277,21.99837731,0.411491215,7.29274277,21.99837731,0.411491215,0.423916327,19065.125,0.423916327,19065.125,0.361623495,41569,0.361623495,41569,0.444680604,11563.83333,0.444680604,11563.83333,0.361623495,41569,0.361623495,41569,0.443126884385778,0,0,852.048094600756,0.448471190240697,22.9179863002353,7.11051976039626,0,0.00214192032003512,0.000464986885362962,0.00116575920298787,0.000791708061770012,0.862794898604482,1.95886218532322,0.00595874670772517,35.4304636839722,0.871497584407651,6.98383626547402,30.4142135623731,0.896830959654409,1.34162392291864,11.5034230918286,78.9091884489943,35,0.113584955854647,19065.125,0.777189590755539,10.287571838608,384.382066877887,0.000203889101993772,1.36530810815865,19088,10.2875718393798,0.735731141125209,20.264391460534,315.21751924622,1.20965346806952,0.000330836835433593,0.113630238347042,3.74897924416377e-05,0.00276064490374702,16.3136329762665,1266.27444756046,36,0.113326381969534,0,35,110.091358024691,2170.75,1,6.90193637636049,831.718794506405,0.5841730249688,1014.9854630993,0.966844609021924,0.549752184505628,0.000258505703928749,1.90713734352233e-05,0.733510567411893,0,0.000110676460199604,0,6.71612278762724,21.5779346000627,0.718798265338664,1123.60847202467,1.30433272868389,49120.6665039062,0,185.784839604966,0.000236451391978506,7.59367111751011,337.61526994977,1.62098316452303e-05,45.7670682730924,0.000907510250168235,0.815437640492987,24.4352722167969,2389.17895484186,0.000778698555199477,0.000425799058981436,0.00143274581061943,0,0.916214247666113,73.0549850839346,0.417089494348901,2.49660344214244,0.00110624443272665,0,0,0.412885718756803,650.756977582458,4548299.875,3.31251237412794e-05,0,2.75835093540057,0.000162314622660799,0.00174958965930634,0.000150110006301846
"H20-10632",1,1,"8/6/2020",19754798,0,"8/31/1969 0:00:00",1,0,50,"Portugal",95,178,29.9835879308168,"Diabetic nephropathy",1,2,24.1666666666667,0,1,2,0.86,82.25039341,0.79,91.07173615,0.74,98.50495154,0.71,102.878612721639,0.78,90.76524398,-6.0566843708195,0,1,0.61,105.5158196,0.65930171959025,0,0,0,0,0.61,0,"3/16/2025 0:00:00",46,1,1,1,"8/17/2020 0:00:00",0,1,2,1,4,0,14,0,0," ",0,0," ",0,0,0," ",0,0,1,0,1,0,18,0,0,174,72,23.7812128418549,0,0,"Anoxia",5,1.5,68.77834293,0,0.72,14,0,0,0,0,1,2,3,3,0,0,9.68203326,0,0,0,0,0,1.348855998,0,40,0,0,1.5557e-07,500598.6,233617.1152,341.4850756,107.8372298,0,0,0,0,0,7.71626e-06,81574.77243,265251.5542,92.5165965,49.31402867,48056.60821,89379.01801,67.87104734,21.10325877,1.47791e-07,0.587270616,0.077878042,0.629452469,0.011608748,0.33781573,0.019015747,0.123723468,-0.707610182,7.62089e-06,0.66218427,1984,38,526844.5789,139719.8421,0.271527296,139719.8421,0.271527296,7.322060117,18.14400369,0.470530687,7.322060117,18.14400369,0.470530687,0.490902663,138869.4,0.490902663,138869.4,0.633040779,823281,0.633040779,823281,0.442870131,17196.07143,0.442870131,17196.07143,0.602978572,422773.8333,0.602978572,422773.8333,0.48298164598993,2.38888854565548,0,972.88178552665,0.494075504528788,322.596556021916,7.0353540099816,0,0.00159513527627558,0.000757835691978898,0.00122323069712661,0.00179682345993111,0.907347041508255,2.20829187437622,0.00519513841223545,36.4390912429993,0.916232761167303,7.07205175449152,973.884126397017,0.89977769218832,1.45673035512908,12.5668342327393,108.122548130342,103958.125,0.114919389352674,34832.1875,0.7150515739058,10.5684796697149,396.738805398713,0.000535418729584543,1.56129397962565,34867.375,10.568479677753,0.791392744292556,17.3124866822066,450.715565485772,1.18695688187132,0.000390169969879688,0.114756735366124,4.4777778015758e-05,0.00567158005812129,16.6055468531281,1283.95180934655,104003.5,0.115064189689749,1.82724343880301,103958.125,69.448275862069,4012.5,473047.500785828,6.61805755296486,891.069010515479,0.709073245799366,1007.24431818291,0.963459553809655,0.469623404054334,0.00021777265402029,2.0591408793309e-05,0.792084123081233,1.82724347710609,0.000175343506662314,0,8.05390641822274,18.1228176273245,0.7553180781791,755.151859217645,1.50422308928909,65781.6000976562,0,255.717451362837,0.000213488908511837,8.41154018742698,450.92334361887,1.63531297384032e-05,28.6289398280802,0.000771229051802533,0.755332502252834,33.6662817001343,2889.8937572197,0.000764937696243557,0.000372270775575842,0.00164230891958491,93.5,0.920063877906908,108.170231599895,0.530783631834085,2.47727304719248,0.00100291630686133,0.00328346486303357,0,0.300370716468412,785.627411147025,4610990.32142857,3.37713842533619e-05,27813.5906920433,2.37294747253109,0.000188448250920629,0.00159214064526446,0.000212246149802192
"H20-11613 - 1",1,2,"8/27/2020",4008508,0,"6/30/1958 0:00:00",1,0,62,"Portugal",56,154,23.6127508854782,"ADPKD",4,1,25.2666666666667,0,1,2,0.6,101.4239599,0.71,96.07580142,0.81,82.02420157,0.85,76.9343547758865,0.8,81.71711529,2.39138025705675,0,0,0.8,80.70696427,0.943152373528374,0,0,0,0,0.8,0,"3/16/2025 0:00:00",41,1,1,1,"9/3/2020 0:00:00",0,1,0,1,2,0,17,0,0," ",0,0," ",0,0,0," ",0,0,0,0,1,1,68,0,0,174,69,22.7903289734443,0,0,"Head Thrauma",2,0.6,105.1476058,0,1.08,59,0,0,0,1,2,2,5,3,0,0,50.3458,1,1,1,1,50.3458,1.083654264,2.77777777777778,71,2,0.02739726,1.34e-07,458066.2958,218737.8369,325.5308755,109.3968796,3.77464e-09,166786.25,5061.25,199.9522539,0.310074024,9.54607e-06,52328.62732,49027.7186,79.87574027,28.73340743,28965.10797,34677.08145,58.42771883,17.70082076,2.35915e-07,0.490451726,0.061380808,0.499532881,0.033130761,0.327599053,0.007724376,0.122876411,0.218347754,9.93916e-06,0.672400947,5058,125,485172.2239,184853.209,0.383757145,184853.209,0.383757145,6.530442109,26.79337874,0.24532677,6.530442109,26.79337874,0.24532677,0.428665549,113412.5357,0.428665549,113412.5357,0.522631991,637979,0.522631991,637979,0.388335224,21151.92857,0.388335224,21151.92857,0.468995875,205673.1429,0.468995875,205673.1429,0.27512885381909,2.93038938662011,2.16502707156125e-05,777.504630895752,0.324813499012812,551.44703116939,6.36854781135247,0.00018732813411894,0.00138844008034515,0.000479271658004964,0.000637639627233976,0.000703164342058823,0.876037534964659,2.86063953957631,0.00432713328327842,26.0300879356595,0.887749953075539,6.0927353579849,1648.04928291746,0.893796113172198,1.4277043395994,7.43382892441615,83.5941342688903,206697.275,0.114154918749806,73061.2692307692,0.706774943015682,6.70156173967474,583.285044313529,0.000151737477631068,1.44165972061618,73094.5384615385,6.70156174025069,0.749040555557758,25.9904257131986,503.84032471276,1.12804267672213,0.000213635736615031,0.115775274460916,2.4359972092413e-05,0.00211692960991678,11.3355539486852,1477.54986106725,206764,0.115100008382141,2.14425926907312,206697.275,193.575022461815,8435,651635.209220886,6.17556374117417,981.842146934557,0.558978746188669,1155.51633126341,0.956681700908633,0.571133800252061,0.000159311514984723,1.3295930364662e-05,0.739674682075795,2.14425926804543,0.000100278772608733,0,4.07646583355125,27.0128179444707,0.7848876616057,1115.34278463195,1.5526687031764,156187.183894231,0,329.876728733559,0.000119852473545547,9.86018005870442,500.51604356053,1.26354668214456e-05,70.3719094120091,0.000615049775037007,0.745324673743193,45.2397166032057,2982.55802494156,0.000479744331040688,0.000252332686413168,0.00098127503666741,210.8,0.922552687627522,70.7947530394305,0.325766796599605,2.42632074004638,0.000677570182406959,0.000389643708756727,922.115130113785,0.371310730482434,839.741378400128,4420780.08333333,2.45821283991076e-05,51542.3234954834,2.25118657049644,0.000111805279054629,0.000954984672526018,0.000170821019140931
"H20-11613 - 2",1,2,"8/27/2020",19707332,0,"10/2/1957 0:00:00",1,0,62,"Portugal",75,172,25.3515413737155,"Chronic glomerulonephritis (IgA)",2,2,37.3,0,1,2,1.14,54.42998476,1.21,50.67358028,1.58,36.79048643,1.58,36,0,0,0,0,0,0,0,0,0,0,0,0,1.66,34.376918,"2/17/2021 0:00:00",6,0,0,0,"9/23/2020 0:00:00",0,1,0,1,2,0,20,0,0," ",1,6," ",0,1,1,"2/17/2021 0:00:00",2,1,0,0,2,1,68,0,0,174,69,22.7903289734443,0,0,"Head Thrauma",2,0.6,105.1476058,0,1.08,59,0,0,0,1,3,2,6,4,0,0,14.40773584,0,0,0,1,0,0.405829563,15.5555555555556,78,14,0.152173913,1.4529e-07,435245.0769,215714.7529,312.067157,98.30486226,2.60776e-08,145802.0714,82538.42066,175.6912364,70.18508814,8.10269e-06,55082.12621,72951.65223,84.3631878,35.23479723,20843.78876,27128.52028,55.09403067,17.6617481,4.32143e-07,0.444819736,0.063236552,0.446313129,0.074848907,0.287645198,0.010821647,0.141686515,-0.21977718,1.10542e-05,0.712354802,4350,232,440860.2273,216618.5844,0.508919063,232227.7465,0.511479457,7.553512041,23.35737248,0.259431525,7.508250199,24.08187759,0.252659563,0.348629523,253797.0455,0.348629523,253797.0455,0.306097023,2598177.5,0.306097023,2598177.5,0.357144298,17169.88889,0.357144298,17169.88889,0.310313033,1318619.25,0.310313033,1318619.25,0.332197268096616,2.5929803258707,2.54804040355688e-05,1008.88562258876,0.346300943384035,434.44450916331,6.91480973996241,0.000221370830059514,0.00218066871321761,0.000353325007610682,0.000513529932831227,0.000750163321451925,0.882539277447851,2.72773627065009,0.00675288823386572,22.8641405499,0.892852847425396,6.90980060713928,1275.57337028197,0.897688204014476,1.3458342394831,6.53164235512893,53.6707550532501,110242.807692308,0.112914554257545,19359,0.69484136620151,6.35481223235552,596.984446440578,0.000174775672546978,1.46297743694268,19386.8,6.3548122330704,0.726738551120805,21.1016246069871,486.363829169871,1.305976405418,0.000186789630893292,0.115433098129035,2.10754387067425e-05,0.00305437507550706,8.35887501431542,1411.43364105194,110296.538461538,0.114353238528956,2.05318245129083,110242.807692308,245.983201581028,2203.2,329047.796274038,6.42186994950074,1016.32854485986,0.564429012104531,1118.86895816026,0.954472747479005,0.558453375577628,0.000286522048242483,8.70817776975295e-06,0.72686794608483,2.05318246437953,7.15013239522644e-05,514614,3.9095255522613,22.1426328662619,0.740117798251049,999.208300797729,1.36318724797753,65277.1454101562,22743092,182.764427844735,6.41655788764082e-05,10.6917860702899,514.072867076081,8.90542666538422e-06,52.5573185616374,0.00112653316015897,0.731755914444548,20.8210865020752,2777.53094036427,0.000302622730345084,0.000424321336697485,0.000885609693710998,177.846153846154,0.923714293118286,55.8553378289133,0.368374463090967,2.49790384178779,0.000419721737681749,0.000242224900355517,745.906597233137,0.424310252458237,717.692977925514,5266000.75862069,2.20650156474145e-05,24987.1932795598,1.87885474863376,9.9878391955982e-05,0.000737902671150024,0.00016318414338399
"H20-11850 - 2",1,2,"9/1/2020",19461038,0,"4/27/1960 0:00:00",0,0,60,"Portugal",68.5,164,25.4684711481261,"Alport Syndrome",2,1,51.3333333333333,0,1,2,3.86,17.03782427,3.35,20.1959893,4,16.32476397,3.11,21.9434760954105,2.25,31.95927037,5.00789713729475,0,0,2.27,31.23078019,2.32182602364738,0,0,0,0,2.27,0,"3/16/2025 0:00:00",43,0,0,0,"9/18/2020 0:00:00",0,0,2,2,4,0,21,0,0," ",0,0," ",0,0,0," ",0,0,0,0,2,1,66,1,0,160,50,19.53125,1,0,"Stroke (hemorrhagic)",1,0.8,81.21046918,0,1.61,93,1,0,0,1,2,2,5,4,0,0,8.270300543,0,0,0,1,0,3.874253676,5,79,4,0.048192771,1.79464e-07,399197.8544,306938.4546,270.7991098,153.6737267,9.08681e-09,265179.5,139795.8229,252.5868616,70.38556218,8.87327e-06,50406.23425,54462.2803,83.57056565,35.35080553,21438.62356,25676.39364,57.63308938,20.59721709,4.2708e-07,0.519937362,0.071641836,0.447268087,0.066944124,0.261709126,0.031456505,0.160176499,0.163882772,1.06722e-05,0.738290874,3906,188,463220.0735,118311.8824,0.26975525,132305.65,0.274555363,6.57831091,24.19216804,0.296573049,6.57831091,24.19216804,0.296573049,0.431376007,43457.87931,0.431376007,43457.87931,0.42021025,200617,0.42021025,200617,0.404214293,14519.375,0.404214293,14519.375,0.49173537,107765.6667,0.49173537,107765.6667,0.390048487610743,2.79343732962444,2.61136634338985e-05,957.472008342444,0.469084719257927,279.224017912781,6.51059018098083,0.000228237984866569,0.00172167820802759,0.000563021590775612,0.000847153456075652,0.000860225374471485,0.890492554573361,2.13209819330071,0.0052444488158871,26.6896257054023,0.8992563218746,6.4556704715277,784.543317859901,0.899408451805696,1.33874880677975,9.11512154390488,74.5317471159926,49995.8913043478,0.113271708783376,43457.8793103448,0.684804661924442,7.50437896192695,451.381559012084,0.000215704674479682,1.39496136887706,43492.5862068966,7.50437896164379,0.747905372220615,22.2773811108929,451.991645275295,1.28470880117989,0.000266242166972186,0.114744021197673,3.01792475059179e-05,0.00337950069877743,13.6036802347066,1378.36007755403,50037.0869565217,0.113920077266852,1.52638589768572,85772.152173913,162.048202614379,4934.34482758621,233696.415740635,5.13691697552519,943.708988515378,0.60153592349216,1127.07386756226,0.9600886803153,0.523309282239594,0.000244059383771782,1.54808759989682e-05,0.741695700153105,1.52638590335846,0.00012908868493719,0,4.97964714001002,22.1254002678425,0.674621595985883,1076.37301347533,1.2599837294451,94291.7271349677,0,267.826045997534,0.000152455043764604,8.46280552669914,477.96294980174,1.26154039726901e-05,39.6170454545455,0.000873852273501465,0.712416862575482,34.9511371152154,2597.15144310762,0.000582191730358462,0.000397416052644725,0.00123191886933709,60.8695652173913,0.917518414173141,67.9670264883099,0.520524050440709,2.59007514584304,0.000777849734605855,0.00200667622555424,1036.29693093947,0.251357632679459,680.760996455481,4669404.44915254,2.66077775178852e-05,13373.5835762853,2.26000460951761,0.000139460959763772,0.00120400366517181,0.000269983118645543
"H20-12526 - 1",1,1,"9/13/2020",19782090,0,"4/10/1958 0:00:00",1,0,62,"Portugal",79,170,27.3356401384083,"Chronic glomerulonephritis (unspecified)",2,1,26.3333333333333,0,1,2,1.42,41.81942152,1.32,45.64942556,1.17,52.75953998,1.57,36.842020834194,2.15,24.95139662,-5.945312107097,1,1,1.52,37.3599848,0.129490991451499,0,0,0,0,1.52,0,"3/16/2025 0:00:00",43,0,0,0,"10/12/2020 0:00:00",0,1,0,1,2,39,16,1,0," ",0,0," ",0,0,0," ",0,2,0,0,0,1,66,0,0,174,72,23.7812128418549,1,0,"Stroke (ischemic)",1,0.9,94.19369713,0,1.31,79,0,0,0,0,2,2,4,4,0,0,46.4931,1,1,1,1,46.4931,2.142782574,0,19,0,0,2.84334e-07,253178.3158,166325.3274,223.5657654,99.41264939,0,0,0,0,0,1.16727e-05,45849.42115,45307.70269,80.53380598,26.99726371,28348.91438,33659.18857,62.57115867,20.73008327,2.84334e-07,0.312942172,0.071987318,0.535185509,0.03544327,0.399540203,0.024759202,0.134509094,-0.521328575,1.29384e-05,0.600459797,780,19,253178.3158,106799.1053,0.442285389,130336.4,0.421295666,7.382425251,26.14198907,0.275411796,7.382425251,26.14198907,0.275411796,0.400483478,262005.125,0.400483478,262005.125,0.135936538,1018336,0.135936538,1018336,0.320099885,7868.666667,0.320099885,7868.666667,0.448713634,414487,0.448713634,414487,0.322255946244986,2.8617768484336,3.63919141584127e-05,0,0.400645296235673,444.529095852961,6.81127000999528,0.000321701536906169,0.00149499934355349,0.00290558467505146,0.000789095250017752,0.00228556729974896,0.878505606173344,2.4053483819307,0.00476507066747637,26.8065871095227,0.88925215899382,5.86059551696655,1299.74240546458,0.908256083762198,1.21424114803021,8.41208791360031,77.5370238989712,122587.9375,0.114763455758753,182681.785714286,0.721976955319335,7.52515011656865,499.738611030293,0.001153988326064,1.19251387313985,182727.857142857,7.52515010857027,0.753599574475821,24.2066018149229,234.718312515122,1.46064071567702,0.00028065191123444,0.114656633187625,3.16779346370988e-05,0.00282609153343466,11.7543655574219,1106.18796929932,122641.375,0.11281497118914,2.45348262600473,122587.9375,160.2,20354.1428571429,435214.75567627,7.28302374663836,862.284355362496,0.477813976406212,1031.7626512312,0.958051463166486,0.628584925227963,0.000191884340254408,1.61992006131179e-05,0.739813710976361,2.45348261296749,0.00171389992322772,0,4.10948467704919,22.3252886122664,0,694.020001871446,1.20129388274696,1427849.35128348,0,481.556870040355,0.000147708911647025,9.21840332383695,421.847664573557,1.17516340523603e-05,49.8895567242675,0.000707296992215429,0.781396890556348,36.6104123251779,2412.79627057206,0.000531705837884739,0.000332710552083639,0.00128622697968162,105.625,0.920456474690499,64.8338841011768,0.287956633923317,2.24310878817263,0.000743254808926835,0.000156769345128879,773.320225694445,0.383661208869544,586.981715169418,3254335.25,2.67151117838284e-05,36599.0475769043,3.01032139446963,0.000145022786355296,0.00118816753019194,0.000259680588159139
"H20-14058",1,2,"10/7/2020",19690413,0,"8/19/1985 0:00:00",1,1,35," ",57.5,160,22.4609375,"ADPKD",4,1,29.1,0,1,2,2.01,32.59987767,1.25,57.6446788,1.46,47.84403642,1.26,56.7421225640754,1.69,39.39890674,-8.6716079120377,0,1,1.49,45.26084723,-2.87031883351885,0,0,0,0,1.49,0,"3/16/2025 0:00:00",41,1,1,0,"10/15/2020 0:00:00",0,1,2,0,3,4,17,0,0," ",0,0," ",0,0,0," ",0,0,1,0,0,1,57,1,0,160,70,27.34375,1,0,"Stroke (ischemic)",1,0.6,104.6274403,0,1.17,68,0,0,0,1,1,0,2,4,0,0,10.99564233,0,0,0,0,10.99564233,0.097286323,7.69230769230769,47,4,0.078431373,1.29699e-07,346916.6915,167471.258,278.8511347,94.2890642,1.10382e-08,92792.625,43304.80193,145.4989352,34.07799654,7.83712e-06,70323.80687,544405.5985,82.83528187,44.11141726,24741.66085,91057.05672,60.3178005,19.35158599,2.40081e-07,0.499931592,0.044994696,0.551136258,0.013526201,0.351605537,0.010116258,0.081639877,-0.561800332,1.12905e-05,0.648394463,2840,87,362286.3111,105547.6667,0.315679485,111203.4286,0.298369002,7.620518911,14.97525946,0.457291745,7.620518911,14.97525946,0.457291745,0.45659673,65731.125,0.45659673,65731.125,0.699581511,388551,0.699581511,388551,0.400470769,21014.54545,0.400470769,21014.54545,0.580073846,164107.6,0.580073846,164107.6,0.44696858166795,2.93446509146109,3.21744531596622e-05,712.459550759675,0.460385733160074,333.261561846561,7.37191913859767,0.000281589381712803,0.00149559188247061,0.000541870600021282,0.00108500091617912,0.00135430002738042,0.873890708861042,2.21195329644566,0.00480359657126624,32.9596854197334,0.883243725548045,7.34517401171081,921.141640451287,0.902803744362303,1.53532863948135,10.8665044196718,108.872534319329,80971.5,0.114158463684825,44209.8,0.736115147462088,9.73561594110627,407.40204621311,0.000392016425934383,1.60097261113361,44236.4666666667,9.73561594072533,0.771310489622958,15.059144948249,366.800256969432,1.23099447387612,0.000366539360492856,0.115030764802956,4.17592825251607e-05,0.00472588975439732,14.5081875403636,1356.43667142011,80997.1428571429,0.114252253759034,1.87173602742609,80971.5,78.9308426073132,5037.26666666667,225035.354561942,6.96190383924231,771.010050548542,0.685262406118946,928.75360772546,0.969262514711624,0.467544019825501,0.000164909658557468,1.82393250755629e-05,0.767908011467361,1.8717360155923,0.000121741982022285,0,7.00704585614229,14.9191118377381,0.719853711323525,869.115308174683,1.52011326635635,82569.4528645833,0,254.643455320739,0.00017969727753601,9.12540198586204,342.061400233152,1.5582893920566e-05,25.9146531015967,0.00070701396645802,0.792003047422798,40.9546265920003,2439.34799641788,0.000632942147544509,0.000262072055793244,0.00158459246405127,66.7142857142857,0.91917272023441,96.7983755473132,0.4896909303886,2.60906757419599,0.000887620909936737,0.00241187124728432,766.999724070389,0.343572955463699,600.717482725709,5305361.88636364,3.50960948886172e-05,21446.8619044168,2.98767206947725,0.000180516725078106,0.00152240913801696,0.000231521686953025
"H20-14222",1,2,"10/10/2020",19752002,0,"11/19/1959 0:00:00",0,0,60,"Portugal",62,170,21.4532871972318,"ADPKD",4,2,22.8666666666667,0,1,2,1.95,38.66138131,1.32,61.74903612,2.07,35.98773267,1.39,57.6766639207598,1.1,75.43009511,8.8767155946201,0,0,1,83.52449573,6.46195795231005,0,0,0,0,1,0,"3/16/2025 0:00:00",41,1,1,0,"10/26/2020 0:00:00",0,2,1,2,5,0,24,0,0," ",0,0," ",0,0,0," ",0,0,1,0,2,1,61,0,0,174,95,31.3779891663364,1,0,"Stroke (hemorrhagic)",1,0.8,100.6873575,0,1.12,64,0,0,0,1,2,2,5,5,0,0,55.9996,1,1,1,1,55.9996,0.330828903,12.8205128205128,69,9,0.115384615,1.50597e-07,487974.8696,188060.2141,338.3334649,83.4293235,1.96431e-08,94935.16667,41779.33103,144.9294582,42.26118426,8.71938e-06,46697.71289,42242.92039,81.719169,27.30133054,23781.08907,23935.95929,56.62619318,18.54670745,3.95046e-07,0.508198589,0.073487779,0.407174875,0.110647739,0.370026456,0.013887674,0.180482107,-0.001857693,1.14416e-05,0.629973544,3995,181,495121.1029,151932.1912,0.300383787,153879.9552,0.303740642,6.558647848,15.72605472,0.409356042,6.558647848,15.72605472,0.409356042,0.441144243,100082.9643,0.441144243,100082.9643,0.49938698,849573.5,0.49938698,849573.5,0.38487664,19182.5,0.38487664,19182.5,0.516167714,207950.25,0.516167714,207950.25,0.470346239677885,3.25056824956669,2.51393442840566e-05,1035.5107139882,0.529420045067009,472.693686897362,6.72222349331876,0.000218274772772573,0.000945226305547609,0.000632796599225971,0.000872169442649508,0.00124608807046546,0.913221591740794,2.32084546783755,0.00337673251210762,30.0393872869714,0.918652227855082,6.65902861045801,1421.91387002086,0.898295852894432,1.56144618831502,9.40632058873672,71.9672803461388,164725.75,0.113405899399694,42429.8461538462,0.696105415056282,8.04501703920833,453.516763789929,0.000356863879957634,1.67471909077756,42459.2307692308,8.04501704012562,0.739474884323835,15.5855118534574,560.385099710257,1.24092325503684,0.000266712937043701,0.114578750803538,3.02126119801417e-05,0.00638212536565274,12.4852042792955,1545.93873766566,164790.5,0.114904424330565,1.84421216027236,164725.75,125.758549931601,4866.46153846154,724051.917297363,6.01759735849072,1021.44958538882,0.758885148223631,1219.35687915285,0.958825514690957,0.429648118367474,0.0001302880746347,1.37986114344199e-05,0.740890753841119,1.84421214461327,0.000182388918448495,361888,6.31123271272629,16.0903825514936,0.761754765927798,893.941081170375,1.45675049749371,71431.6813777043,20879016,265.160769288521,0.000129420939033485,7.2316830233208,533.280416021707,1.15159259706338e-05,38.9314882032668,0.000566874170510461,0.765481609456081,39.4662592961238,2690.41448468999,0.000532200806415029,0.000270184078741596,0.00122364197559422,138.5,0.919885810408494,68.2720813589645,0.557484518883513,2.56268763415835,0.000698968630121677,0.000759420965712549,981.547250081234,0.294407462144237,713.684430588248,3927543.75,2.53078564110692e-05,34459.7633285522,2.06460746514224,0.000138580800932774,0.00114566041068978,0.000250901185722758
"H20-14245 - 1",1,1,"10/10/2020",97014437,0,"5/16/1967 0:00:00",0,0,53,"Portugal",80,177,25.5354463915222,"ADPKD",4,2,22.2333333333333,1,3,1,1.7,47.60880139,2.16,35.71753278,2.06,37.80813796,2.57,28.8141092062041,0,0,0,0,0,0,0,0,0,0,0,0,1.6,50.59365322,"4/18/2022 0:00:00",18,0,0,0,"10/21/2020 0:00:00",0,1,1,1,3,0,24,1,0," ",1,6," ",0,1,1,"4/18/2022 0:00:00",2,1,0,0,1,1,74,0,0,174,70,23.1206235962479,1,0,"Stroke (hemorrhagic)",1,0.8,92.86709158,0,1.48,88,1,0,0,1,2,2,5,2,0,0,46.8135,1,1,1,1,46.8135,0.62113232,8.33333333333333,11,1,0.083333333,9.60803e-08,481940.0455,192327.4169,337.526253,87.87921135,8.73457e-09,77817.5,0,143.4224529,0,9.8526e-06,52144.58378,55956.41579,85.71412916,30.94638085,21433.29712,22527.37041,57.36891357,20.25775027,2.62037e-07,0.290612641,0.046304955,0.513759748,0.027528366,0.303709129,0.021007543,0.09012959,-0.533083624,1.06387e-05,0.696290871,1128,30,481940.0455,261123.3636,0.522057154,261123.3636,0.522057154,8.862089089,25.72410681,0.244785702,8.862089089,25.72410681,0.244785702,0.311593186,64676.45,0.311593186,64676.45,0.362290131,256827.5,0.362290131,256827.5,0.259868554,14475.92857,0.259868554,14475.92857,0.432283994,181811,0.432283994,181811,0.2346830018123,2.55605344446486,2.29660932085102e-05,368.26837056791,0.306254794209823,522.317951302967,8.4919157733613,0.000198355082259684,0.00304981065830828,0.000303822578891246,0.000664167887183218,0.000503399733707431,0.804186765475973,2.15663976107177,0.00859877702159783,25.731656023742,0.820000868049219,8.53655816838159,1490.20728624994,0.897243642542512,1.37134369145205,7.47989863254501,104.921598494392,145155.5,0.113867009268644,64676.45,0.757337509362156,7.04184291953683,511.137935176502,0.000109027614819413,1.2164295868057,64710.5,7.0418429252613,0.771404773325259,25.7490118050003,183.029255703055,1.27637730924114,0.000252529435399903,0.116872246008399,2.87821040203874e-05,0.0016779000349264,9.63136275124398,1144.70468782133,145228.5,0.113515633497305,2.71568433200875,145155.5,141.856557377049,7300,790199.28125,7.97079835811181,722.41389740747,0.425370106327902,895.827961683933,0.965436399678551,0.670432326368658,0.000291472818658039,1.50080418877983e-05,0.763021585677036,2.71568429470062,6.04046758995638e-05,0,3.48314501636056,25.4632402767213,0.887786260837341,995.425428600208,1.40333108603039,244555.030273438,0,353.394615714395,0.000115032909696598,13.4045551270247,195.223906962985,1.434015845744e-05,48.512908777969,0.00102200011499017,0.805012675233561,27.5376758575439,2932.58376448348,0.000399408282958107,0.000381970655773896,0.00112705338023822,121.5,0.924486076996576,87.5197548351484,0.365883783204462,2.32399210390617,0.000654198193742465,9.29377660328943e-05,496.937398684111,0,756.014651388538,3726198.41666667,2.88236337620985e-05,45407.15625,2.53206699482591,0.000128375255615748,0.00113046370008487,0
"H20-14245 - 2",1,1,"10/10/2020",84006874,0,"9/26/1958 0:00:00",0,0,62,"Portugal",74,167,26.5337588296461,"Diabetic nephropathy",1,2,26,0,1,2,1.94,38.4197743,1.98,37.49027765,1.96,37.94980944,1.79,42.0525407500744,1.9,38.66424563,-1.6941475600372,0,0,1.53,49.52017037,1.8669074049814,0,0,0,0,1.53,0,"3/16/2025 0:00:00",40,0,0,0,"10/23/2020 0:00:00",0,1,1,1,3,2.7,24,0,0," ",0,0," ",0,0,0," ",0,0,0,0,2,1,74,0,0,174,70,23.1206235962479,1,0,"Stroke (hemorrhagic)",1,0.8,92.86709158,0,1.48,88,1,0,0,0,3,2,5,2,0,0,41.2467,1,1,1,1,41.2467,5.863783474,0,7,0,0,1.0521e-07,261248.7857,220360.9142,236.1510856,105.2504859,0,0,0,0,0,8.37171e-06,46803.69569,57299.9511,74.16253957,32.49071604,33739.36387,40278.78148,64.39979991,20.69406451,5.7114e-07,0.301592524,0.027485982,0.391826932,0.048749154,0.473625167,0.008244907,0.070148272,-0.112061025,1.00911e-05,0.526374833,557,38,261248.7857,138495.7143,0.581421846,176770.8,0.573414294,7.369764932,29.80857146,0.251754297,7.369764932,29.80857146,0.251754297,0.383006283,207907.5,0.383006283,207907.5,0.500967742,904031.5,0.500967742,904031.5,0.213780977,10256.5,0.213780977,10256.5,0.495823154,339674.8333,0.495823154,339674.8333,0.329336044693147,2.27880923195814,0,0,0.341538586579345,444.512596949627,7.03952701760624,0,0.00103092090302293,0.000882959066660881,0.000746368585807315,0.00101558359413649,0.838808518046697,2.41182906276,0.00295244656333277,22.6397680891678,0.855829515040838,7.10462802456515,1329.31956621393,0,1.33450105188968,8.38540557375954,126.749079838561,126575.3,0.114874865551914,33876.5,0.783565804901998,6.54006982956833,517.729348137502,0.000332196930350864,1.40937831848099,33903.25,6.54006982858603,0.797884838158805,25.7456677258224,162.768397458174,0,0.000316741823854953,0,3.64456447247837e-05,0.00184006937113339,10.6862670222893,941.790692858749,126620,0.0867561182269967,2.59874307325396,126575.3,87.8153846153846,3935.5,80421.081640625,6.96887600997682,600.315308401517,0.370288736023326,778.321204378779,0.971107633562107,0.716744466060709,0.00688446108344828,1.60304221603505e-05,0.800079193843067,2.59874310493469,0.000463426760160565,370440,3.09644479922679,28.3052217204937,0,777.09925805504,1.26935678409129,85186.3898639679,26232702,195.45843953935,0.000118771650032932,14.067873408397,237.986179569106,1.56422261296395e-05,33.7643229166667,0.0157765445101181,0.831118819896113,37.4081425666809,0,0.000417084570977715,0.00695353616637728,0.0013402326694504,88.2,0.931530291403984,131.009277114468,0.311525702273558,2.40097351087631,0.000692526719444513,0.000121737787592323,0,0,0,3818562.8125,3.37845527167342e-05,38999.812890625,2.37071961993119,0.000154142802979374,0.00122552264558701,0
"H20-16090",1,1,"11/7/2020",19718337,0,"2/22/1962 0:00:00",0,0,58,"Portugal",69,172,23.3234180638183,"ADPKD",4,1,62.1,0,1,2,1.68,46.81120033,1.54,51.96321944,1.31,63.09506044,1.31,62.703871060507,1.46,54.3743985,-4.1647362802535,0,0,2.24,32.13055709,-7.64332849262675,0,1,0,0,2.24,0,"3/16/2025 0:00:00",39,1,1,1,"11/16/2020 0:00:00",0,1,1,1,3,0,7,0,0," ",0,0," ",0,0,0," ",0,0,1,0,1,1,55,1,0,160,82,32.03125,1,0,"Stroke (hemorrhagic/aneurysm)",1,0.7,102.0736017,0,1.08,59,0,0,0,1,1,0,2,2,0,0,7.996106682,0,0,0,0,0,0.251523536,9.375,30,3,0.090909091,3.12512e-07,260607.9667,126821.0461,242.8890998,77.43137963,3.12512e-08,76880.5,12928.10613,142.2372443,10.38747587,1.40526e-05,39474.07821,45460.74784,73.36625069,26.95704664,20123.98972,28072.47824,44.76710281,14.07514814,5.41687e-07,0.527209962,0.081442991,0.554713477,0.05285887,0.263278827,0.023005092,0.146819924,-0.557310495,1.35617e-05,0.736721173,1349,52,278239.6071,93473.82143,0.320201235,99324.07692,0.325358857,6.540493527,19.84125941,0.366290651,6.540493527,19.84125941,0.366290651,0.473711594,120642.5909,0.473711594,120642.5909,0.712699014,627046,0.712699014,627046,0.345980297,11736.66667,0.345980297,11736.66667,0.62698915,251329.7,0.62698915,251329.7,0.391137750573706,2.82950677348654,0,0,0.375178377281623,395.802085214572,6.07428484842582,0,0.00270503525730664,0.000414767877859654,0.000910360520614839,0.000848347311999936,0.890767468980265,3.59274492380085,0.00785716886584808,27.2499334667402,0.897250505135814,6.39777761656551,1163.42842639592,0.896613427168122,1.33922165626778,9.86573424711967,79.194786370637,108360.571428571,0.113039796914363,27714.7777777778,0.77839153601615,7.98394131706792,552.346456665337,0.000226248292118037,1.50010260181255,27740.4444444444,7.9839413186041,0.748506422690174,18.0271385917283,277.340781689363,1.1652159069491,0.000343479720622661,0.115957071833895,3.87268185819586e-05,0.00420518462489036,14.141900236235,1288.51992305243,108419.714285714,0.113776670685093,1.95159622275635,108360.571428571,111.159482758621,3194.44444444444,591830.599051339,5.19033886854572,816.414782422584,0.675194222311737,928.045805540368,0.965341919402152,0.505846503761628,0.000334781327517033,1.75838139373315e-05,0.757479714921484,1.9515962430409,0.000103440153402216,402050,5.68002053105169,20.9716570715167,0,888.388001439934,1.34571421739481,63661.1927083333,27124424,209.074038107851,0.000169514864108409,7.20948347102764,265.69647364686,1.25595874739757e-05,28.5390808453539,0.00120829947955873,0.827594252679568,29.1612414783902,2206.15721010779,0.000591561283346015,0.000479550821049802,0.00150646182963092,109.857142857143,0.931538276008492,73.9100231677721,0.401184170186641,2.46986998279376,0.000814450481193455,0.000228035550824778,0,0.327139298977888,608.141217529333,4997247.17857143,2.75161473893811e-05,25389.7800816127,2.50063163876612,0.000169796173011732,0.00129813791036794,0.000320699029508424
"H20-16106",1,1,"11/7/2020",6011676,0,"5/1/1966 0:00:00",0,0,54,"Portugal",114,192,30.9244791666667,"Chronic glomerulonephritis (FSGS)",2,1,35.2333333333333,0,3,1,1.13,77.23796336,1.32,64.09678233,1.36,61.84124948,1.3,64.8771727130682,1.32,62.91195854,-0.982607086534102,0,0,1.12,75.67601954,2.69971170673295,0,0,0,0,1.12,0,"3/16/2025 0:00:00",42,1,1,1,"11/16/2020 0:00:00",0,1,2,2,5,0,13,0,0," ",0,0," ",0,0,0," ",0,0,1,0,2,1,55,1,0,160,82,32.03125,1,0,"Stroke (hemorrhagic/aneurysm)",1,0.7,102.0736017,0,1.08,59,0,0,0,0,1,2,3,3,0,0,23.36462498,1,1,0,0,23.36462498,0.072195259,0,6,0,0,9.95969e-08,276591.4167,96639.61235,262.9963479,54.0254968,0,0,0,0,0,1.11548e-05,48570.62574,68268.20338,75.58083585,29.99794223,22710.61344,37243.89455,50.68270988,15.85135387,1.65995e-07,0.440115823,0.027547635,0.541797937,0.006455163,0.352406485,0.011134395,0.050844851,-0.520077796,1.39452e-05,0.647593515,672,10,276591.4167,89301.83333,0.303805482,104174.4,0.3512954,7.324281696,21.0030066,0.351431861,7.324281696,21.0030066,0.351431861,0.412353593,49626.2,0.412353593,49626.2,0.543732589,171816.5,0.543732589,171816.5,0.308953062,10617.83333,0.308953062,10617.83333,0.567454389,108138.75,0.567454389,108138.75,0.361874718224178,2.76544630231387,0,0,0.410658999626614,429.725530476637,7.22552521437979,0,0.00299239152359401,0.000358715269448696,0.000868211256871335,0.000702756353300768,0.869672535717556,3.02083647202089,0.00823785442233621,27.017765369804,0.879317203699676,7.55537484208267,1249.26616075298,0.893705373162117,1.25786578053979,9.6908774961536,89.4548147059366,100725.5,0.113622871540957,49626.2,0.783741041098386,7.90133349768158,531.375236249894,0.00015975042714626,1.35685847229743,49660.8,7.9013334920597,0.772615409981506,20.4890902304727,209.140425022616,1.05420298913682,0.000349074818531009,0.115231435231435,3.95160157396467e-05,0.0031635808594393,13.447928829203,1137.83014599311,100793,0.113787158389563,2.42451527562451,100725.5,96.7481481481481,5733.4,972899.5625,6.12658190953051,682.78954273526,0.612571112194302,826.207467596422,0.96974201544577,0.554906225820178,0.000319764606298932,1.76548398656757e-05,0.77216500517014,2.42451524734497,7.29777525276041e-05,0,5.1742190041188,20.5106411156526,0,869.558699789603,1.4113941507891,95883.684765625,0,275.652405930602,0.00016138658329321,9.74797939153818,209.776603569922,1.38993921492222e-05,24.2757009345794,0.00102928656997023,0.827828320094645,32.2545760154724,1775.87633380825,0.000549988169957732,0.000449128879179356,0.00143211555554563,72,0.933541442552564,88.6651160480808,0.365285171209681,2.31625842268032,0.000803222749486799,0.000101074471264164,0,0.440523743437162,522.461696466822,5072422.875,2.94508500884998e-05,27758.275390625,2.83423104984619,0.00016210492029481,0.00130105436720649,0.000186617473949595
"H21-00130 - 1",1,1,"1/6/2021",9118296,0,"12/24/1985 0:00:00",0,1,35," ",72,180,22.2222222222222,"Chronic tubulointerstitial nephritis (NSAIDs)",4,1,32.5,0,3,1,1.66,54.79165068,1.9,46.59504858,1.66,54.79165068,1.6,56.9113782517409,1.32,70.80311253,6.94586713912955,0,0,0,0,0,0,0,0,0,1.65,0,"3/16/2025 0:00:00",38,1,1,0,"1/13/2021 0:00:00",0,1,2,2,5,4,26,0,0," ",0,0," ",0,0,0," ",0,0,0,0,1,1,67,0,0,175,100,32.6530612244898,0,0,"Head Thrauma",2,0.67,102.3357751,0,0.99,50,0,0,0,1,2,0,3,2,0,0,40.1831,1,1,1,1,40.1831,0.11127092,7.14285714285714,26,2,0.071428571,1.42569e-07,381867.0385,129895.6291,305.885291,61.26139055,1.09669e-08,110176,45778,150.7259306,36.91468335,8.24709e-06,55497.84408,56341.51747,85.72118486,28.07160076,28756.46804,38685.80241,65.27551841,17.63042703,2.85139e-07,0.337589206,0.054442539,0.457695663,0.029890727,0.407301487,0.024522342,0.118949213,-0.478721085,1.06279e-05,0.592698513,1504,52,381867.0385,234821.5385,0.621239506,234821.5385,0.621239506,8.696119427,23.31020212,0.296139201,8.696119427,23.31020212,0.296139201,0.230443668,208620.0625,0.230443668,208620.0625,0.265679342,1578868.5,0.265679342,1578868.5,0.22541,12870.28571,0.22541,12870.28571,0.265679342,1578868.5,0.265679342,1578868.5,0.330195658023321,2.5377345936075,2.42463043704298e-05,537.251166976483,0.271751787627512,577.934486344027,8.28915658660252,0.00021119528484026,0.145658594171085,0.000361218773350758,0.000923720192925634,0.000953050763080275,0.843241051834947,2.40042757310422,0.150755856186136,29.1896328124523,0.856016909990478,8.98431691771435,1715.59091838554,0.900393399437531,1.49307191413357,9.36669343677867,113.848795547603,200719.642857143,0.11374146347525,12870.2857142857,0.766247184966158,8.35198790590999,477.772029247877,0.000255035409259157,1.47470820159455,12886.4285714286,8.35198790855572,0.774108974471963,21.9827716100579,245.682448948678,1.20188791369842,0.000353444108737181,0.116367789781881,4.02083948917337e-05,0.00217901404008971,11.0328056870901,1159.73652775094,200797.142857143,0.115655200100294,2.0682164718295,200719.642857143,115.255402750491,1474.57142857143,250681.800223214,8.12569536799822,533.082928560194,0.522791754546431,762.299755269994,0.97089762969373,0.600428997733501,0.000790044334923611,1.66413232763522e-05,0.764022624554072,2.06821642603193,7.51940708320294e-05,0,4.97911854734063,25.7762178212127,0.835181447847017,805.164725731265,1.87821190393075,44196.3761858259,0,147.132490978485,0.000150048895456516,13.0949191958816,197.379729744126,1.64425498129602e-05,55.7232212666145,0.00266805400817656,0.844132237424547,11.9594699314662,2514.37799257341,0.000481969004810603,0.000960544029869917,0.0014011224959746,246,0.927110602204117,101.328697870332,0.214856449531731,2.49429707405742,0.000755375984927032,5.20429090081572e-05,667.240877436024,0,681.900983145174,4732604.525,3.59285102555312e-05,47387.5597098214,0,0.000159396132302337,0.00141333970914741,0
"H21-00130 - 2",1,1,"1/7/2021",19607713,0,"7/1/1977 0:00:00",0,0,43,"Portugal",80,162,30.48315806,"Undetermined",5,1,18.3,0,1,2,1.88,44.90002783,1.77,48.26897868,1.69,51.02370415,1.8,47.011922940173,1.9,43.51396774,-1.7489776000865,0,0,0,0,0,0,0,0,0,2.48,0,"3/16/2025 0:00:00",35,0,0,0,"1/13/2021 0:00:00",0,2,1,2,5,6.25,26,0,0," ",0,0," ",0,0,0," ",0,0,0,0,2,1,67,0,0,175,100,32.6530612244898,0,0,"Head Thrauma",2,0.67,102.3357751,0,0.99,50,0,0,0,1,2,2,5,4,0,0,39.7419,1,1,1,1,39.7419,0.034695411,2.27272727272727,46,1,0.021276596,1.50497e-07,352855.1957,218226.2237,270.452627,124.3730644,3.27167e-09,208469,0,218.8332699,0,1.13232e-05,46619.76683,47866.43416,82.94534588,28.64345513,23162.45587,19037.31032,61.33378119,15.10043931,2.3556e-07,0.374355404,0.053103528,0.527886708,0.040645595,0.399641402,0.010749308,0.100596449,-0.521268495,1.29754e-05,0.600358598,3461,72,395008.878,218736.0976,0.52581256,229728.8158,0.526622965,8.32290143,24.3359484,0.274295305,8.32290143,24.3359484,0.274295305,0.358998799,191903.375,0.358998799,191903.375,0.374245773,1100810,0.374245773,1100810,0.327638141,12585,0.327638141,12585,0.390359456,371221.75,0.390359456,371221.75,0.286119600157478,2.46508449135651,2.02963644178336e-05,0,0.278888128655894,478.155020111858,8.0390754365223,0.000174510688703876,0.00201458415297745,0.000355076405159211,0.000821135044374975,0.000719638759275446,0.846052629579166,2.36732981685869,0.00610852303190076,28.9171456434693,0.858445541928168,7.64591273105093,1375.52471626862,0.900290042445087,1.46823281753525,8.44963942376854,94.0651871933465,148255.605263158,0.113599946762888,60339.3076923077,0.75949985141029,7.95553380078221,497.75495000575,0.00017349857099737,1.54523969227918,60375.5384615385,7.95553379888327,0.754673746424054,23.0567677073268,332.535403807215,1.43229261134563,0.000298728645447224,0.115436386647822,3.39622865348336e-05,0.002591861260756,11.2286978441505,1339.26360900246,148305.526315789,0.113357534789312,1.85893054049756,168315.157894737,152.614227086183,6900.15384615385,347023.224856527,7.72062847390012,699.391010424466,0.580055073910821,924.438449380468,0.966436391245627,0.551532979049589,0.000265466180060643,1.64699804557466e-05,0.74276102951154,1.85893052502682,7.18156994329493e-05,0,5.04553878180795,22.6630986905172,0,1012.74817138211,1.57703530957802,250515.045973558,0,251.899750692591,0.000142488676925015,11.2552310556605,289.232133274922,1.44077971396165e-05,58.5233126110124,0.000952115843148013,0.813265750631744,30.4391186420734,1949.3535162214,0.00047861426026463,0.000379175439744178,0.00128417563661791,204.789473684211,0.924921739486937,81.6493398914995,0.284500271459296,2.48176014123362,0.000718861105523905,0.000696923672709382,877.741074395185,0.686969862234209,511.749540649487,5218060.625,3.05212688577505e-05,34077.9040921864,2.82988603569666,0.000145951046327505,0.00126720201405214,0.000138165680943696
"H21-02014",1,1,"2/11/2021",19428857,0,"6/2/1962 0:00:00",1,0,58,"Portugal",74.5,163,28.04019722,"Chronic glomerulonephritis (FSGS)",2,1,47.67,0,1,2,0.83,81.66469677,0.83,81.66469677,0.82,82.86124261,0.89,74.6378376871603,1.6,36.46540679,-19.0862154485801,0,1,0,0,0,0,0,0,0,1.71,0,"3/16/2025 0:00:00",38,1,1,1,"2/23/2021 0:00:00",0,2,1,2,5,2.44,16,0,0," ",0,0," ",0,0,0," ",0,0,1,0,1,0,52,1,0,160,75,29.296875,0,0,"Stroke (unspecified)",1,0.63,106.670423,0,0.94,44,0,0,0,0,2,2,4,3,0,0,30.27093978,1,1,1,1,30.27093978,0.115595125,0,36,0,0,1.40893e-07,348230.0417,133183.4334,283.5492486,79.80334328,0,0,0,0,0,7.39686e-06,74623.14656,191378.1426,90.74863355,37.87050904,0,0,0,0,1.87857e-07,0.262342719,0.049063007,0.551976754,0.011282416,0,0,0.088886002,-0.60598695,7.53547e-06,0,1890,48,377426.8333,165665.6364,0.430343559,165665.6364,0.430343559,8.134812106,23.8209069,0.345790468,8.134812106,23.8209069,0.345790468,0.394424419,70586.96429,0.394424419,70586.96429,0.096573063,380131.5,0.096573063,380131.5,0.416423905,9173,0.416423905,9173,0.36509177,152472.25,0.36509177,152472.25,0.340437228585601,3.47835599113176,3.47741430295073e-05,265.961436475504,0.327557185909826,323.597025991887,7.86754587110566,0.000302708129818402,0.00237282132771576,0.000318407067400009,0.000843199265417221,0.0021879678443916,0.80339137796313,2.19838302781254,0.00670193280240831,33.1529347099078,0.818815049207022,8.28412629020743,878.338662994075,0.898538271243593,1.3633729029566,8.81488039026627,113.675685212777,70642.5,0.114437310285583,70586.9642857143,0.792545752908176,9.49873518141115,468.124946982388,0.00106078879555662,1.30800101531379,70626.2142857143,9.49873517978067,0.766013372579309,24.0281923210949,296.925420864858,1.23885700437148,0.000292101044596454,0.115324725843923,3.34425485878299e-05,0.00248994761437189,11.2092583272693,1156.96446420398,70711.75,0.118268695342345,2.08105851522159,70642.5,98.7647058823529,8271.71428571429,333336.564857483,7.68241485544356,601.232172895016,0.514411151250238,826.206446294435,0.971946300797924,0.605816274689441,0.000473319184644889,1.51763047016301e-05,0.763320682873116,2.08105853199959,6.15457463117079e-05,0,5.24392015648351,24.6839354184451,0.82487099461384,901.771490822535,1.30378922541035,283198.137736729,0,386.155762954595,0.000136300448376526,13.6049362460772,214.394832748578,1.65520244567808e-05,45.0801393728223,0.00157380630175236,0.839094605782728,20.4407541070666,2286.46320768227,0.000466526133858599,0.00136348896346462,0.0012180651855749,33.75,0.921337270849108,103.499401245677,0.339609540270573,2.30575523058444,0.00079005703856851,0.00158504276355386,532.301828347041,0.468939487873766,613.333880158165,4339778.18382353,3.56510754715132e-05,22357.896228075,2.97778882203685,0.00013943991139139,0.00149074010499171,0.000139190106298795
"H21-03829",1,1,"3/17/2021",20000652,0,"5/2/1981 0:00:00",0,0,39,"Portugal",64,160,25,"Undetermined",5,1,18.2,0,1,2,1.36,67.88805553,1.2,78.89011051,1.26,74.40384949,1.22,76.8612167514145,1.01,95.22508925,9.18193624929275,0,0,0,0,0,0,0,0,0,1,94.69945761,"3/16/2025 0:00:00",36,1,1,1,"3/25/2021 0:00:00",0,1,2,2,5,0,23,0,0," ",0,0," ",0,0,0," ",0,0,1,0,2,1,61,1,0,160,60,23.4375,0,0,"Head Thrauma",2,0.74,91.99134701,0,1.23,73,0,0,0,0,1,2,3,2,0,0,15.5212,1,0,0,0,15.5212,0.202750208,0,27,0,0,1.89964e-07,335241.3519,164143.5079,277.4244371,93.26950319,0,0,0,0,0,7.62672e-06,76541.67066,136422.9902,93.82273969,42.17046296,40570.0299,50720.70464,62.58737197,17.59071603,1.12571e-07,0.449273217,0.06368391,0.583761694,0.009081749,0.343586259,0.008909658,0.109092307,-0.641656785,8.20215e-06,0.656413741,1084,16,361512.9,133044.64,0.359607661,133044.64,0.359607661,7.98566795,24.07461466,0.313700861,7.98566795,24.07461466,0.313700861,0.483417694,156786.0833,0.483417694,156786.0833,0.707208982,666682.5,0.707208982,666682.5,0.358673582,8229.833333,0.358673582,8229.833333,0.608161806,305342.3333,0.608161806,305342.3333,0.297590377677156,2.83803264204176,0,333.865681854459,0.29919272136376,502.260072562324,7.67946099098915,0,0.00261203201114249,0.00137700379735713,0.000829351409616878,0.000952767190067254,0.84165571726325,2.96387325766006,0.00713606362877484,29.8817704329582,0.853494788806741,8.05875035992837,1481.23824766506,0.898833072951239,1.33113236278413,9.069781122989,91.2213524477465,158898.125,0.114297656135815,54806.8,0.796672401520067,8.74047715888551,539.719397293238,0.00031539943986777,1.36460413823877,54847.4,8.74047716651194,0.749950650725459,23.6609761616256,199.592542794731,1.18641160056452,0.000273687079117705,0.113908141465671,3.12275723419682e-05,0.00206959801918025,12.5858441221289,967.684083298797,158946.875,0.115556833265595,2.56292120024004,158898.125,121.422794117647,6243.2,438322.360961914,7.5823394326388,667.041263265062,0.47427077324286,790.736509238898,0.968956242750339,0.651041693611396,0.000316099510438981,1.47570210644743e-05,0.750910396353071,2.56292116641998,0.000754773222318241,348245,4.65016259597506,24.1980585547959,0.809223596003256,814.821092632372,1.29869422004185,86285.63359375,21725890,301.625759376849,0.000155891918637439,11.6310702690297,217.094732007349,1.57663865028366e-05,44.4992657856094,0.00116888622193431,0.835913069797081,38.5234146118164,2420.58363492586,0.000534842751446334,0.000460032639747298,0.00117348292849567,149.75,0.9270871946184,85.1676663056306,0.319779776702065,2.34146575382829,0.000868331777951599,0.00036548300410089,0,0.349184121628497,663.043603951706,4797764.75,3.45966951956879e-05,43799.7144012451,2.85489926717375,0.000133861462438692,0.00141761664042237,0.000191860857643962
"H21-05181 - 2",1,1,"4/10/2021",19806943,0,"3/2/1955 0:00:00",0,0,66,"Portugal",78,170,26.98961938,"Diabetic nephropathy",1,1,63.57,0,1,2,1.44,53.58927286,1.39,55.91072121,1.81,40.728514,1.49,51.1197033648593,1.5,50.08415156,-0.517775902429648,0,0,0,0,0,0,0,0,0,2.09,0,"3/16/2025 0:00:00",35,1,0,0,"4/19/2021 0:00:00",0,2,2,2,6,0,20,0,0," ",0,0," ",0,0,0," ",0,0,0,0,2,1,75,0,0,170,77,26.643598615917,1,0,"Stroke (unspecified)",1,0.71,95.67841928,0,1.44,87,1,0,0,1,1,2,4,4,0,0,29.07358187,1,1,1,1,29.07358187,0.1915073,4.34782608695652,22,1,0.043478261,1.58018e-07,385411.4318,224319.7567,280.6543842,116.8317682,7.18262e-09,211142,0,207.8893937,0,8.54731e-06,55778.11639,103984.7641,82.01221561,28.51167863,21260.90975,25695.49053,60.63743245,20.0300395,2.87305e-07,0.418261542,0.060901774,0.476753042,0.014909003,0.35186213,0.018063816,0.127742811,-0.349835149,1.18994e-05,0.64813787,1190,40,423750.975,223116,0.562298552,232324.4211,0.552767775,7.993075011,29.06006425,0.185599098,7.993075011,29.06006425,0.185599098,0.390175261,39760.4,0.390175261,39760.4,0.603731367,104310,0.603731367,104310,0.272017539,13512.33333,0.272017539,13512.33333,0.567411844,79132.5,0.567411844,79132.5,0.347191873888803,2.66876858020476,2.5033652808717e-05,968.096346144076,0.353661896340241,420.557857568618,7.71823153151049,0.000215427326556223,0.00990691265468511,0.000248808108860842,0.000590718704831757,0.000552499025805624,0.84801562750023,2.94263706557808,0.0127460915699639,26.1571501033396,0.860088900016867,7.59719083188821,1208.90007142309,0.89683169191579,1.36511875239386,6.69005258670637,77.0696245065262,116837.571428571,0.113902742400811,39760.4,0.764617805586628,7.44533965740428,629.812077593638,0.000116059212312401,1.28715095119635,39791.7,7.44533966455179,0.75619681023282,21.2703521767497,309.680500876027,1.05715574305549,0.000223318111464442,0.113258763917135,2.53435836479361e-05,0.0026620196830889,8.73259126388938,1260.73859499061,116883.142857143,0.111263520469255,1.88538316925957,116837.571428571,191.18125,4584.2,163256.163417271,7.33189556754637,698.172796149262,0.516024949131664,879.241802908339,0.961643773977985,0.595990071335855,0.0015545689608518,1.07885601993384e-05,0.745934750336092,1.88538318020957,4.84291642509967e-05,0,4.33948882909371,22.8735611411254,0.802214211530403,958.287355719692,1.24841987643722,87497.7993408203,0,229.733630852338,9.68858370424856e-05,12.927689401727,261.71958257194,1.08554984315178e-05,60.0328692962104,0.00323681563155753,0.795210204361883,36.8050109863281,3131.7526676165,0.000352719500623783,0.00193904777094282,0.00101263737647795,158.285714285714,0.929174386744082,70.869351519089,0.254293518706443,2.45039800715723,0.000551701426396298,0.0005921321774403,715.554214828584,0.406245871895084,916.036855706311,3366146.75,2.75019334573315e-05,26584.4309779576,0,0.000114857293488839,0.000980850286255837,7.88449198003047e-05
"H21-08255 - 1",1,2,"5/24/2021",20024518,0,"5/19/1958 0:00:00",1,0,63,"Portugal",61,150,27.11111111,"Diabetic nephropathy",1,1,23.6,0,1,2,1.37,43.38687255,1.46,40.19755145,1.69,33.72554536,1.92,28.7581235157659,1.7,32.86860697,2.05524172711705,0,0,0,0,0,0,0,0,0,1.61,0,"3/16/2025 0:00:00",33,0,0,0,"5/31/2021 0:00:00",0,1,2,2,5,18,23,0,0," ",0,0," ",0,0,0," ",0,0,0,0,1,1,77,1,0,162,77,29.3400396281055,1,0,"Stroke (unspecified)",1,0.8,75.84045608,0,1.58,92,1,0,0,1,2,2,5,5,0,0,34.74215497,1,1,1,1,34.74215497,0.147326188,7.69230769230769,101,8,0.073394495,1.16244e-07,478332.5347,270562.8725,314.9075287,126.5208505,9.20743e-09,114827.375,41897.55208,168.5142454,30.28323128,6.28522e-06,69581.35021,149693.6816,94.30683236,38.97327907,27568.35426,39080.62653,64.31041413,20.8242833,2.50902e-07,0.396861454,0.055603169,0.437334037,0.072479013,0.270984949,0.019493137,0.127141188,-0.518804995,6.98157e-06,0.729015051,5461,218,503226.4323,248870.0521,0.509649881,266676.4831,0.503028961,9.425739536,31.52674231,0.276543589,9.425739536,31.52674231,0.276543589,0.472318295,383772.4667,0.472318295,383772.4667,0.643474703,4744184.5,0.643474703,4744184.5,0.391688147,19650.5,0.391688147,19650.5,0.526071727,626520.4444,0.526071727,626520.4444,0.273322278784891,2.85843345093418,2.35352255482606e-05,722.48296448175,0.285379337145798,420.658231339045,8.93139713129192,0.000204460072187071,0.00156437387415463,0.000453683576176719,0.000807368301154861,0.000847255663064344,0.826771108370073,2.12126688952551,0.00454516866102089,30.2425473962701,0.845642511563927,8.99386747637252,1234.06342221439,0.896992347698942,1.44237122321326,8.50247711537538,83.6530316822802,125579.770833333,0.114119021344146,42079.2083333333,0.728544406421401,8.63204012076984,475.674992266023,0.000208439270441893,1.43110134904552,42115.75,8.63204011885605,0.765561620295632,29.9581782104231,522.049789166449,1.28498917976567,0.000249115647174337,0.115102475225511,2.83986320969857e-05,0.00269752872904175,11.0909995294701,1182.70474933365,125628.666666667,0.115693636265768,1.70069734207279,125579.770833333,190.389283408651,4862,284770.462157567,8.74162008257237,800.974589962637,0.50922651518108,1000.47410875301,0.962845082826172,0.597222723448347,0.000163760398734727,1.31315630609072e-05,0.751348433689633,1.70069733758767,9.54051633402254e-05,0,5.04094812764275,30.5611019306642,0.791656170253664,1089.45993273068,1.34182684560985,110432.211588542,0,260.035132321337,0.000123770491136056,13.2176774317942,518.152772143505,1.47604380561796e-05,78.451254548937,0.000679039380803959,0.764583210833674,41.9617611567179,3217.05031560991,0.000453391425809168,0.000263055985406333,0.00114633502773656,189.333333333333,0.91704547983292,71.1867870293796,0.279702744920704,2.51228891894109,0.000695769172902059,0.00130131402683119,645.553621813521,0.440057086352866,819.540313242658,5054621.42123288,3.27169438995185e-05,28047.3817401727,2.17071332388843,0.000130549663225031,0.00129684805731153,0.00017571997075689
"H21-08512 - 1",1,1,"5/27/2021",19057307,0,"5/22/1957 0:00:00",0,0,64,"Portugal",92,172,31.09789075,"Diabetic nephropathy",1,2,23.73,0,1,2,1.5,51.6660618,1.48,52.50501797,1.58,48.54297239,1.51,50.9379573654848,1.33,58.58546455,3.8237535922576,0,0,0,0,0,0,0,0,0,1.53,0,"3/16/2025 0:00:00",36,1,0,0,"6/4/2021 0:00:00",0,1,1,1,3,0,17,0,0," ",0,0," ",0,0,0," ",0,0,0,0,2,1,60,0,0,175,137,44.734693877551,1,1,"Stroke (unspecified)",1,0.73,104.156319,0,1.4,85,0,0,0,1,1,2,4,1,0,0,25.42524839,1,1,1,1,25.42524839,0.539931717,14.7058823529412,35,5,0.125,1.39641e-07,447596.2,200634.3075,320.7762374,97.19776511,1.99487e-08,70574.1,23298.89845,117.5562449,28.48033138,9.77489e-06,49209.69,45983.29562,84.83994422,28.96690912,35539.33867,43074.75269,62.24900848,17.81370777,3.75036e-07,0.348179125,0.062502878,0.48101907,0.029153641,0.425288693,0.008801561,0.129938462,-0.243887527,1.03674e-05,0.574711307,2450,94,460343.1618,190035.7353,0.40087079,200026.375,0.403841364,7.425307027,22.26850493,0.35050515,7.425307027,22.26850493,0.35050515,0.390034045,51542.53704,0.390034045,51542.53704,0.492827774,290078.5,0.492827774,290078.5,0.349661351,17988.39286,0.349661351,17988.39286,0.43351233,87677.76923,0.43351233,87677.76923,0.379265024280562,2.91477656730401,2.15143144340726e-05,476.465149565808,0.387985141314369,284.612162159,7.40020823504958,0.000188174512242799,0.00213457284711247,0.00037029352848701,0.000957360386610737,0.000640555570027242,0.816664344924788,2.10974999717098,0.00605176578332419,29.4407302373715,0.833148270554163,7.22809792377522,674.895490323255,0.897508984669499,1.51795023793229,10.1078310617294,103.108180357641,15353.5,0.114676970917262,42368.0769230769,0.780589595279573,9.25765809744884,433.201372226819,0.000138194686818959,1.53596319983904,42399.0769230769,9.25765810511085,0.771932764828257,21.8561917126258,215.12157223688,1.26772132151397,0.000292760972289948,0.115643890116068,3.35096443931577e-05,0.00182406269427092,13.6113168715113,960.680019314298,15289,0.114244920005404,2.68664392149944,15353.5,95.7830687830688,4838.38461538462,48575.2724609375,6.89890955731998,533.77283533566,0.467963279700258,677.09722019888,0.976714642498947,0.640970608303879,0.000203902977723656,1.70162290097106e-05,0.762185472392222,2.68664383888245,7.35818480103256e-05,0,4.92129669941176,21.6927982017611,0.81286570645068,893.725823143937,1.53354541168005,159965.670673077,0,244.899709834133,0.000185111872794847,12.5521030038353,238.355972256472,1.94287108674406e-05,39.2121348314607,0.000804004858237361,0.787424335472044,34.9184286410992,2586.46063032969,0.000590472388533806,0.000292412962582706,0.00134127883621956,10,0.921032883052651,91.3313321509803,0.417825585455619,2.57069418454626,0.000968660978987807,0.000599121400924845,511.732194497682,0.450192970420863,675.872709339708,4013502.98571429,4.16025085306606e-05,4672.48095703125,2.81723344267075,0.000153513003901551,0.00169343479323454,0.000327288752523114
"H21-08717 - 1",1,2,"5/28/2021",19582239,0,"12/11/1962 0:00:00",0,0,58,"Portugal",52,170,17.99307958,"Diabetic nephropathy",1,2,27.03,0,1,2,2,37.97387537,2.03,37.3014462,2.49,29.19319975,2.09,35.7968131260459,2.17,33.79607086,-1.00037113302295,0,0,0,0,0,0,0,0,0,2.17,33.79607086,"2/5/2025 0:00:00",44,0,0,0,"7/2/2021 0:00:00",0,1,1,1,3,2,27,0,0," ",0,0," ",0,0,0," ",0,0,0,0,1,1,69,1,0,172,87,29.40778799351,1,0,"Stroke (unspecified)",1,0.69,93.88697142,0,1.26,76,0,0,0,2,0,2,4,3,0,0,3.476940148,0,0,0,0,3.476940148,3.176280879,30.7692307692308,22,7,0.24137931,9.10891e-08,417904.9318,376709.8784,274.5579895,174.6367696,2.89829e-08,105833.5,34989.40703,151.6544514,16.22384307,7.95788e-06,63314.45291,74162.38271,92.34363017,43.41394975,36956.29457,33970.33702,73.41997184,30.6153019,7.61836e-07,0.636406134,0.038066603,0.503848753,0.161580845,0.308676788,0.025233471,0.075551647,-0.50794768,8.17823e-06,0.691323212,1922,184,509256.1944,89138.33333,0.156547576,105379.0667,0.173184108,7.242868314,26.64259867,0.320265716,7.242868314,26.64259867,0.320265716,0.477727607,31689.27273,0.477727607,31689.27273,0.558521485,66911.5,0.558521485,66911.5,0.462515015,18905.35714,0.462515015,18905.35714,0.504349643,54061.125,0.504349643,54061.125,0.310373268708061,2.80361873491,0,916.496881047474,0.293715042972133,383.363604979069,6.0267754060231,0,0.00113336307549852,0.00199620490438392,0.000924388339877109,0.00439059687544993,0.971311808516967,1.88841154137589,0.00386073761438109,26.7290232574413,0.974026378193533,6.32145868076369,1068.46823041636,0.894786558115242,1.50653754841803,10.3492175314158,66.4446651699649,89236.2727272727,0.113162127014267,31689.2727272727,0.578068085632451,7.28241611257308,400.693088344832,0.00184982037314559,1.56815798210835,31713.7272727273,7.28241611600327,0.738200009593095,23.8080362897386,823.124461105082,1.22288028776752,0.000273980654155273,0.114065999413421,3.10784401044665e-05,0.00775188489092395,14.2989089724868,1591.53649258176,89266.4545454545,0.113884274362398,1.69954156524283,89236.2727272727,143.281181619256,3610.54545454545,503877.547793302,5.94848858829988,1174.70854723414,0.713426648567765,1322.00987814333,0.949639648466402,0.440345833202198,0.000125982037483562,1.5355739806177e-05,0.734368335649065,1.6995415579189,0.000712373626471374,0,5.68388688314985,26.1020380331743,0.675311847100255,340.189370183544,1.4110931086215,50357.0788796165,0,228.851940409115,0.000147883702280775,5.47498975459885,894.665300739209,1.20774371813534e-05,45.8556058890147,0.000523371747961923,0.634213792168589,39.8139553070068,2611.95326924685,0.000632850192425468,0.000273501016899436,0.00131491090663048,130.727272727273,0.912819155468077,68.3505086323127,0.309764365082146,2.59642097090966,0.000743199728080167,0.00161490481065767,0,0,704.685499795842,5024380.19753086,2.45161603159848e-05,19299.1502876282,2.00810722537525,0.000149023375762924,0.0010899121681747,0
"H21-11172 - 1",1,1,"7/4/2021",19701286,0,"3/24/1955 0:00:00",0,0,66,"Portugal",63,170,21.79930796,"Hypertensive Nephrosclerosis",3,2,35.77,0,1,2,1.18,68.05412367,0.99,84.01379858,1.25,63.50688908,1,82.4920026675966,1.6,46.35171983,-18.0701414187983,0,1,0,0,0,0,0,0,0,0.93,46.35171983,"2/5/2025 0:00:00",43,1,1,1,"7/12/2021 0:00:00",0,1,1,2,4,0,18,0,0," ",0,0," ",0,0,0," ",0,0,0,0,1,0,59,1,0,160,70,27.34375,0,0,"Stroke (unspecified)",1,0.66,100.9875761,0,1.09,61,0,0,0,1,1,2,4,2,0,0,17.74892724,1,0,0,0,17.74892724,3.215806872,7.69230769230769,12,1,0.076923077,1.3245e-07,341957.25,108771.4224,286.2319344,46.44562862,1.10375e-08,83941,0,154.3923573,0,1.03201e-05,33534.45187,25866.31308,71.65987806,21.68626206,19508.19218,18018.97939,58.06198796,16.05415291,5.07726e-07,0.402654679,0.045292305,0.346078151,0.035079815,0.382943231,0.015898791,0.130873055,0.064682561,1.41121e-05,0.617056769,935,46,341957.25,172774.9167,0.490198807,172774.9167,0.490198807,7.466770645,28.81478584,0.209776315,7.466770645,28.81478584,0.209776315,0.428898219,52601.27273,0.428898219,52601.27273,0.795889114,278542.5,0.795889114,278542.5,0.368245708,15733,0.368245708,15733,0.501681232,96843.2,0.501681232,96843.2,0.396892443901121,2.62181313697928,2.83393287196779e-05,0,0.415289396019977,583.718160909913,7.15473449927423,0.000245371678343233,0.00185295569931508,0.000323418112477948,0.000773884721781689,0.000818035874622847,0.789598690659757,2.33122632647242,0.0055550569836588,24.0843235560826,0.811542784383136,9.00295609178582,1782.28902320702,0,1.22933462612175,7.83992951096438,84.5761427804754,218422.25,0.11416139864447,30007.15,0.827042992008249,7.07836987524229,490.527424986714,0.000238625467638607,1.50945773011203,30032.5,7.07836986885869,0.788120355602579,22.9018861625172,152.987545696475,0,0.000291942351059673,0,3.34688041011693e-05,0.00177781449213758,8.23337948691716,1001.50208083698,218496.25,0.115293471090345,2.30894579282083,218422.25,100.717948717949,3433.4,769860.390625,6.61702287049558,481.772235782302,0.383658481219091,638.621593646125,0.976248191061451,0.696236516977336,0.000211245702532454,1.28636289727705e-05,0.785434732464623,2.30894583463669,5.41521118629867e-05,0,3.13582477209438,25.8235426556948,0,708.526067974156,0,77316.0334960937,0,228.393559642846,0.000102909869857544,18.1209208170573,150.357755470196,1.89717664313243e-05,39.748275862069,0.00084045600421078,0.868317166487717,27.0561096191406,0,0.00038269294077612,0.000328494055137164,0.00129860839812979,176.25,0.929964689053234,104.898506844133,0,2.33302277178889,0.000721571258339444,5.36849532756372e-05,835.779509948705,0.380795586891325,0,0,4.30536050781429e-05,60579.4208984375,0,0.000148915573861771,0.00146228867216173,0.000284165377918543
"H21-11737 - 1",1,2,"7/13/2021",19348706,0,"8/15/1955 0:00:00",0,0,65,"Portugal",74,180,22.83950617,"Diabetic nephropathy",1,1,65.67,0,3,1,1.49,51.75953192,1.25,63.90308823,1.16,69.89792369,1.01,82.0214053513844,0.97,85.03246293,1.5055287893078,0,0,0,0,0,0,0,0,0,0.97,85.03246293,"2/5/2025 0:00:00",43,1,1,1,"7/26/2021 0:00:00",0,2,2,1,5,74,17,0,0," ",0,0," ",0,0,0," ",0,0,0,0,1,1,63,0,0,170,70,24.2214532871972,1,0,"Donor after Cardiac Death (DCD)",4,1.14,72.26534093,1,1.54,91,1,0,0,0,0,2,2,2,0,0,7.7616,0,0,0,0,7.7616,0.713053989,0,50,0,0,3.56942e-07,452562.08,173531.7001,318.2652245,90.48373814,0,0,0,0,0,1.49987e-05,55802.39029,51243.74043,87.93160335,27.90168204,32935.96573,35426.9912,63.07957918,20.48147661,8.20966e-07,0.793295,0.161538198,0.836962351,0.057862809,0.268790527,0.043579997,0.193005334,-0.402115489,1.31786e-05,0.731209473,2101,115,477733.5,46577.23404,0.095043778,72690.14286,0.135223073,5.388426966,21.46816531,0.332065489,5.388426966,21.46816531,0.332065489,0.676948251,57480.28947,0.676948251,57480.28947,0.790913658,434151.5,0.790913658,434151.5,0.649412668,10132.5,0.649412668,10132.5,0.736608681,160067.1667,0.736608681,160067.1667,0.394588380286914,2.79897628499009,0,855.550782785341,0.473737885116191,443.189462329074,5.2114428141283,0,0.000859760871801981,0.00400199198425351,0.00086625429056502,0.00837419386040166,0.984453068176468,2.09624117759299,0.00329697380517141,30.303464556248,0.985999008752546,5.23316251408625,1246.47030380934,0.898826088805555,1.39524425158752,9.95185863512143,66.082850576989,72549.25,0.114134832687094,36554.1111111111,0.569194839976654,7.92762365273319,427.836979179327,0.00390138741431761,1.43386699128168,36583.8888888889,7.92762364479834,0.753597637602794,20.5367555680551,912.674805555628,1.25030094972386,0.000282018062829163,0.115929098439091,3.21065636095859e-05,0.0140707346807969,13.0573753740732,1581.79249227425,72528.6666666667,0.113639048503618,2.12591126358844,228870.5,144.186131386861,4196.5,475054.519856771,4.62136886991959,1051.71476552931,0.855481805400567,1304.88830515589,0.955407352153558,0.344882944879943,0.000129389135044026,1.48193634851742e-05,0.746698340527529,2.12591125567754,0.00166838196448456,0,6.83653012293653,20.4867832913362,0.632186928515416,194.04072314467,1.30500977101295,9626.08618503147,0,243.556209696472,0.000126410851239442,4.44840853470416,911.437516987874,1.05280058488837e-05,49.4318030605456,0.000405191045988374,0.660607766107597,35.3726119995117,2733.57903261165,0.000541513392920881,0.000937479876650781,0.00138811168707034,113.166666666667,0.916500007902131,61.9802000460079,0.56302758556557,2.45846166180932,0.000626996878951047,0.000407679665349142,0,0.0997668672455199,717.325231145703,4255812.36666667,2.15789694995378e-05,18390.4044596354,2.22113851699543,0.000157900612589278,0.0010019419909597,0.000175673539553217
"H21-11737 - 2",1,2,"7/13/2021",19703646,0,"1/29/1952 0:00:00",0,0,69,"Portugal",75,176,24.21229339,"Chronic glomerulonephritis (IgA)",2,1,39.47,0,3,1,1.2,65.46246229,0.85,94.06228897,0.89,92.76502725,0.98,82.9540384346311,0.94,86.12978932,1.58787544268445,0,0,0,0,0,0,0,0,0,0.86,86.12978932,"2/5/2025 0:00:00",43,1,1,1,"7/26/2021 0:00:00",0,0,1,2,3,39.9,8,0,0," ",0,0," ",0,0,0," ",0,0,0,0,2,1,63,0,0,170,70,24.2214532871972,1,0,"Donor after Cardiac Death (DCD)",4,1.14,72.26534093,1,1.54,91,1,0,0,0,0,2,2,2,0,0,5.581513215,0,0,0,0,5.581513215,6.043142555,0,32,1,0.03030303,0,371360.9688,142874.5666,302.5105603,68.65005209,0,24963.5,0,56.85068161,0,0,0,0,0,0,33782.54333,39954.63756,60.9119225,20.24404323,0,0.895592773,0,0,0,0.265042521,0.027219541,0.190507264,0.901005456,1.92903e-05,0.734957479,1229,58,371360.9688,27002.5,0.071927449,52321,0.113774371,5.332323739,21.12792036,0.296631442,5.332323739,21.12792036,0.296631442,0.682009857,85053.29167,0.682009857,85053.29167,0.980582275,573898,0.980582275,573898,0.612153531,16963.28571,0.612153531,16963.28571,0.779808715,180379.3,0.779808715,180379.3,0.336452227476164,2.45380483051771,0,0,0.33772143318516,428.478515134129,4.82325674846603,0,0.000546492695068,0.00689847688997393,0.000721839990062843,0.0113164819754218,0.99324040250518,2.71551879225203,0.00220832596102201,28.5337616862412,0.994037158459644,4.85152070363436,1228.66313037265,0.901025422722898,1.30569828133112,9.16388666573618,67.2514130786253,94829.5,0.114952746110836,40612.8636363636,0.604317065843069,7.78162993397275,501.354236576932,0.00562634712653685,1.34067850647794,40643.4545454545,7.78162992867434,0.767153305035757,19.068362609719,853.250179022972,1.25745220192271,0.000281067867321393,0.115300442903847,3.2216580432785e-05,0.0152519294475826,10.9350180765573,1491.36431525846,94890,0.114966335777907,2.10320722730541,94829.5,132.389154704944,4681.81818181818,627167.6875,4.40152052777648,911.656455338408,0.859257464622154,1092.85856618823,0.959563560384406,0.378686463713384,8.63821806288594e-05,1.42182744101112e-05,0.769548062645944,2.10320711135864,0.00329214445975801,0,6.73514214247156,19.1856478587098,0,86.6741022367642,1.30652561892907,17617.4574862393,0,260.489546421084,9.00006913667044e-05,4.34487284500091,768.739263722211,9.51633432385663e-06,39.054678692221,0.000314459494362672,0.679060371561045,39.874420339411,2259.23473046604,0.00041661419733255,0.000566120685101411,0.00133212383920321,116,0.928002482457893,71.0293546633254,0.388975575893273,2.41505956311591,0.000476850831232609,9.4846664558963e-05,0,0.0747646652181427,597.458385832056,4430084.13888889,1.94216085808961e-05,22670.470703125,2.46007359042573,0.000152632423744795,0.000826579228276199,0.000202382444340902
"H21-14920 - 1",1,1,"9/4/2021",19695703,0,"9/23/1958 0:00:00",0,0,62,"Portugal",99,174,32.69916766,"ADPKD",4,2,35.2,0,1,2,2.14,34.15233148,1.76,43.18189367,1.81,41.75443345,1.9,39.1481781850588,1.87,39.4097731,0.130797457470599,0,0,0,0,0,0,0,0,0,1.69,39.4097731,"2/5/2025 0:00:00",41,0,0,0,"9/22/2021 0:00:00",0,2,1,2,5,0,19,0,0," ",0,0," ",0,0,0," ",0,0,0,0,1,1,64,0,0,166,83,30.1204819277108,1,0,"Head Thrauma",2,1.04,80.18162669,0,1.21,71,0,0,0,1,2,2,5,1,0,0,41.2777,1,1,1,1,41.2777,3.645957675,15,19,3,0.136363636,1.80474e-07,366454.9737,131110.9687,300.4202968,53.823425,2.84958e-08,26026.16667,18187.33573,67.26634189,41.23395746,8.72922e-06,43855.61045,42154.25726,75.71360036,25.52114513,25644.29971,23420.61453,61.3907409,16.48886243,3.60947e-07,0.440834971,0.066135434,0.382825325,0.04196546,0.321750379,0.015929486,0.172756163,-0.353033333,1.05157e-05,0.678249621,919,38,366454.9737,167100.7895,0.468361644,167100.7895,0.468361644,8.424641862,26.30416519,0.324531748,8.424641862,26.30416519,0.324531748,0.37338129,13869.875,0.37338129,13869.875,0.458037269,27148.5,0.458037269,27148.5,0.37338129,13869.875,0.37338129,13869.875,0,0,0,0,0.454342920489037,2.66600519656507,2.93925769851455e-05,468.778589437062,0.493092696033996,528.82313546539,8.89402021790802,0.000254089079238371,0.00388123027388013,0.000465772031949371,0.0010643206272576,0.00102038643679462,0.836827635092069,2.39581181105743,0.0104303364936022,32.251874445151,0.854480704872942,8.98358955811468,1652.70044994732,0.900188017283855,1.70271349657085,10.474219424559,167.395732659886,194999.125,0.115695352073951,13869.875,0.830306568713789,10.6290263189465,453.659541468807,0.000241109656262901,1.60822847106325,13887.5,10.6290263250508,0.807723419882833,21.9668041837658,150.584789967299,1.29040910841817,0.000380668345171381,0.113962951381735,4.36783518095392e-05,0.00230656477267613,13.9477301113751,641.818739700523,195072,0.11635523839778,2.40089839265909,194999.125,71.3434343434343,1615.375,765110.546875,8.2619645431573,313.534011533277,0.470645918857416,443.97542697937,0.985715900327329,0.65835679887281,0.000380303843123592,1.8120718024516e-05,0.799759649782736,2.40089845657349,9.62228768030985e-05,0,5.85131377529613,22.9321667414751,0.807294813041072,531.933322466379,1.44588710962657,47696.033203125,0,165.04475471542,0.000184913875255404,15.0651493851019,129.871637396061,2.288683736486e-05,33.6917293233083,0.00137257793589625,0.845263016715603,20.1156978011131,2264.78149212338,0.000549520306460582,0.000538902484310397,0.00156690627186648,134,0.930066438187694,140.424859150033,0.433502550838273,2.73623196492174,0.00088258783577133,5.67469079421037e-05,593.799052049503,0.48462861253654,594.3952559087,3397517.08333333,5.25855140138818e-05,55541.7197265625,2.55022392467708,0.000179827267570899,0.00177160283973992,0.000159989055845715
"H21-14920 - 2",1,1,"9/4/2021",19657497,0,"7/18/1952 0:00:00",0,0,69,"Portugal",75,170,25.95155709,"Undetermined",5,2,18.1,0,1,2,2.1,33.44619198,2.16,32.33443902,2.04,34.63009086,1.97,35.8880079944103,1.62,44.82174823,4.46687011779485,0,0,0,0,0,0,0,0,0,1.53,44.82174823,"2/5/2025 0:00:00",41,0,0,0,"9/15/2021 0:00:00",0,2,1,2,5,0,19,0,0," ",0,0," ",0,0,0," ",0,0,0,0,2,1,64,0,0,166,83,30.1204819277108,1,0,"Head Thrauma",2,1.04,80.18162669,0,1.21,71,0,0,0,1,1,2,4,1,0,0,81.71932842,1,1,1,0,0,5.095104415,8.33333333333333,35,3,0.078947368,2.62785e-07,276682.0143,153572.7245,240.5561379,90.92603874,2.25244e-08,112547.3333,49803.43695,160.7652781,33.15406488,9.97833e-06,45429.78668,46564.8105,79.83401285,30.09401984,25269.72849,25532.31274,58.04113804,17.53795952,2.70293e-07,0.313084326,0.072707913,0.453313222,0.03993638,0.325227725,0.004212029,0.160392219,-0.2910057,1.0873e-05,0.674772275,1329,36,293379.6818,131517.8788,0.465050474,143369.069,0.426453143,7.827371681,24.69159945,0.362363904,7.827371681,24.69159945,0.362363904,0.298284753,130266.8529,0.298284753,130266.8529,0.643749127,1902532,0.643749127,1902532,0.256324346,15291.39286,0.256324346,15291.39286,0.494099983,666819,0.494099983,666819,0.462487675922984,3.11704278127015,2.89388366315396e-05,432.205827776056,0.510115875597473,412.265637600845,8.21462298080425,0.000247282803537582,0.00996471691994066,0.000535511935667335,0.00104739032830866,0.000870642910927134,0.822906286525545,2.07148987806642,0.015072810685534,26.9311781750235,0.839826772211055,8.22235523709521,1195.75750288788,0.897348943619836,1.6707322080966,10.7686473604775,155.124601120896,100004.9,0.115099530570179,19500.28125,0.813874374954839,8.55707053024276,409.459076417643,0.000200259106852776,1.59113294300835,19520.0625,8.55707053650027,0.79958239090499,21.5798287345333,163.520165839261,1.18178500208929,0.000355051367896477,0.118657670444823,4.0785642576185e-05,0.00205175652463436,14.9359521236698,820.543264516836,100040,0.114570021815132,2.07752055654611,100004.9,68.625,2261,430769.973657227,7.32358003756294,417.188986780208,0.407399206871776,517.986816846623,0.98295165636139,0.690576771473261,0.00181778877580277,2.10193599948028e-05,0.789050493253522,2.07752056121826,0.000107775150666314,0,4.29112579774476,22.0655386434625,0.863543096298887,649.517483157024,1.63833199563886,75335.3303470612,0,181.649626668662,0.00021853312351577,14.2179352731416,158.864526838673,2.38978958629857e-05,34.6305637982196,0.00373720006462582,0.826789796574788,19.0485305786133,2461.24435637211,0.000668763913447366,0.00243656450719179,0.00150416693707111,87,0.923655557845492,129.365087659056,0.533271422917153,2.49189015204438,0.00106121476875473,0.000655016780747806,620.079062211979,0.440993040083719,663.736482409961,4533255.33333333,5.00193697278031e-05,27202.2477233887,2.97451338067957,0.000172760313747384,0.00180226512632607,0.000229032081078855
"H21-15818",1,1,"9/19/2021",19075102,0,"9/20/1986 0:00:00",1,0,34,"Portugal",85,175,27.75510204,"Alport Syndrome",2,1,55.57,1,1,2,0.71,114.3515955,0.81,97.62706298,0.98,77.67494528,1.15,63.7109133068769,0,0,0,1,1,0,0,0,1,1,0,0,3.08,0,"2/5/2025 0:00:00",41,1,1,1,"10/2/2021 0:00:00",0,1,2,0,3,29.17,6,0,1,"10/25/2023",1,1,"10/25/2023 0:00:00",1,0,0," ",0,0,1,0,1,0,33,0,0,177,85,27.1314117909924,0,0,"Head Thrauma",2,0.8,119.840374,0,0.66,7,0,0,0,0,1,0,1,1,0,0,10.35713808,0,0,0,0,10.35713808,0.023324546,0,20,0,0,1.37254e-07,371433.05,175057.0252,295.5691195,83.62861711,0,0,0,0,0,6.27939e-06,55947.91967,134749.5661,81.65154298,40.03788314,34335.44797,42899.50548,63.78238641,19.10949152,1.92156e-07,0.300254121,0.050980832,0.35131882,0.02237099,0.439298081,0.001968009,0.145112727,-0.420573889,8.31144e-06,0.560701919,915,28,389402.7895,210118.3684,0.548317294,210118.3684,0.548317294,10.07228756,23.09385405,0.379959404,10.07228756,23.09385405,0.379959404,0.415947939,168430.75,0.415947939,168430.75,0.763149182,1146320,0.763149182,1146320,0.273338732,18715.625,0.273338732,18715.625,0.558557147,318145.875,0.558557147,318145.875,0.389308840413577,2.56947007825363,3.56086110707363e-05,0,0.381305033407275,567.751271821287,9.726734211234,0.000305998080019037,0.00292481994188698,0.000428784881618647,0.000943272226223512,0.000803051581175515,0.823902284026805,2.39556006605922,0.00761547400874305,33.0650577338173,0.843853009767615,9.83397885640311,1637.8932589889,0.898511155929609,1.41683877986289,9.75199144861535,164.824086324771,173495,0.115462795043709,28732.2857142857,0.834450777450548,10.7235815715242,458.572494210018,0.000179123846359642,1.41494969494022,28762.1428571429,10.7235815728285,0.820508706566447,22.9793755619337,118.996183900476,1.17258735688888,0.000342085251629901,0.114413357090019,3.94478982419699e-05,0.00256408486829212,12.0396831370703,680.773206196826,173580.666666667,0.115128147175409,2.70562319577436,173495,68.0623145400593,3302.28571428571,529348.255208333,9.79817858110628,364.591942532022,0.470258767672231,454.170846515847,0.982948507989964,0.650008181126647,0.000277433897318342,1.81377169316123e-05,0.813266883169164,2.70562322934469,8.61840055284029e-05,0,5.56810781165759,24.3698681683999,0,525.4832576739,1.35199904292348,97251.2544642857,0,218.986208459849,0.000162803064626018,16.763577591883,98.7617948722141,2.32868022880995e-05,25.2486187845304,0.00104560454948057,0.853441330845836,31.4582529749189,2768.35970261018,0.000519407271143559,0.000388168629952654,0.00137878103996202,101,0.932851083789143,137.449131788172,0.369206660352166,2.38886721422675,0.000875845409334158,9.18026341727581e-05,538.27267444383,0.491089270268823,763.136621729616,5031096.97826087,5.41944700930411e-05,54910.2055664062,2.72098477006581,0.000158971123838401,0.00167718425088493,0.000147386358002136
"H21-16428 - 2",1,2,"9/29/2021",19781543,0,"5/5/1953 0:00:00",0,0,68,"Portugal",85,168,30.11621315,"Undetermined",5,1,46.03,0,3,1,1.33,58.22223467,1.37,56.18833447,1.94,37.01252925,1.24,62.9366771373741,1.55,47.55648845,-7.69009434368705,0,1,0,0,0,0,0,0,0,1.53,47.55648845,"2/5/2025 0:00:00",40,1,1,1,"11/15/2021 0:00:00",0,0,1,1,2,4,27,0,0," ",0,0," ",0,0,0," ",0,0,0,0,2,1,67,0,0,170,65,22.4913494809689,0,0,"Head Thrauma",2,0.6,105.8035881,0,1.11,63,0,0,0,1,1,2,4,4,0,0,23.8055569,1,1,0,0,23.8055569,1.081850823,2.94117647058824,67,2,0.028985507,1.58106e-07,351054.8582,139683.366,289.1471766,78.89233068,4.71957e-09,109554.75,15448.75,157.176647,11.83222848,1.14568e-05,49291.85778,50331.8167,83.97201713,29.38923119,18626.33147,17951.90609,54.26712272,15.3913091,2.71375e-07,0.518227558,0.055503708,0.564724501,0.02541169,0.287649673,0.010749306,0.098284576,-0.573950816,1.30347e-05,0.712350327,4855,115,356182.0379,102361.4091,0.306036464,106641.6667,0.292299188,6.541803301,18.23484756,0.432679168,6.541803301,18.23484756,0.432679168,0.416581257,107078.775,0.416581257,107078.775,0.683268746,1360611,0.683268746,1360611,0.353423735,13160.76667,0.353423735,13160.76667,0.606053826,388832.8,0.606053826,388832.8,0.438327481950431,2.92050973432024,3.01255537866537e-05,609.766238424865,0.446046840775767,520.688530950312,6.1947148447806,0.000263647470511195,0.00260032360143403,0.000509191533486818,0.000903986138236144,0.00106687216010797,0.894916699992055,2.14110939287206,0.00713107779066726,32.2374629821254,0.902465630952867,6.37555734381578,1555.33793892762,0.898159873298335,1.55623266438023,10.0280901879332,89.0110371964817,157485.653846154,0.11355783891852,41103.3947368421,0.731824952688909,9.84806999447739,423.865218267266,0.000356523622348572,1.63417382931881,41127.6842105263,9.84806999924378,0.750068003678336,17.6356486211583,364.046194498369,1.23461303964239,0.000310651047444101,0.11518815106314,3.530396980607e-05,0.0040547983738298,12.0548145827386,1161.51259325577,157541,0.113861845945045,1.91611536835844,157485.653846154,107.798184730379,4701.63157894737,630625.158052885,5.71991380156802,798.703135318414,0.681620289847868,943.422930340651,0.966904399010863,0.477559314230396,0.000363036948255166,1.56363522061876e-05,0.748453248888199,1.91611534815568,0.000129995591923601,0,7.08183848438384,17.5662549282769,0.674095945561856,912.486324551272,1.52982662480607,98796.2746453536,0,256.198189354764,0.000133880825772045,7.95131308150219,369.811717506256,1.2111664358172e-05,33.0295208655332,0.00125909450485276,0.766389495292668,31.8477368605764,2418.74419049559,0.000493016014642362,0.000535085214563738,0.00140968993164044,174.923076923077,0.919852880864388,83.2284902372689,0.428071351634889,2.74409179208459,0.000662111587976128,0.000122756665998631,1118.442402254,0.304010020406763,644.67055285631,4706989.22413793,2.87495275495829e-05,36612.1354323167,2.59372517204303,0.000160110610793918,0.00125787914276904,0.000184827315648029
"H21-16984 - 1",1,2,"10/7/2021",14026851,0,"9/18/1971 0:00:00",1,0,50,"Portugal",52,151,22.80601728,"Anti-GBM disease",2,1,69.93,0,1,2,0.92,75.85613879,0.94,73.92353066,0.84,84.60596476,0.86,81.7404409701523,0.82,85.47841877,1.86898889992385,0,0,0,0,0,0,0,0,0,0.83,85.47841877,"2/5/2025 0:00:00",40,1,1,1,"10/18/2021 0:00:00",0,1,2,2,5,6,15,0,0," ",0,0," ",0,0,0," ",0,0,0,0,1,0,37,0,0,170,60,20.7612456747405,0,0,"Anoxia",5,1.88,46.60716168,0,0.94,44,0,0,0,1,1,0,2,3,0,0,21.40964036,1,1,0,0,21.40964036,0.026959127,5,38,1,0.025641026,2.51579e-07,276848.5132,100999.672,260.2392306,66.40220924,6.6205e-09,92797,0,154.9870962,0,1.21817e-05,40880.78451,43326.45869,72.87967208,22.48792249,31368.85799,55841.20044,54.26597417,15.71414093,2.97922e-07,0.374213413,0.069649259,0.497998178,0.015769459,0.396266548,0.007572745,0.139858462,-0.418019054,1.25498e-05,0.603733452,1840,45,284325.1486,135730.9459,0.486104715,138436.6389,0.478872149,7.515998198,27.14813701,0.218803778,7.515998198,27.14813701,0.218803778,0.351140668,67607.18182,0.351140668,67607.18182,0.625542635,368427.5,0.625542635,368427.5,0.277274653,15882.5,0.277274653,15882.5,0.439779886,129676.8,0.439779886,129676.8,0.258917267833242,2.69372567929902,2.82338457601343e-05,0,0.221602176877459,537.362361085385,6.93737182860155,0.000243426905536529,0.00187256048600605,0.00031844379090128,0.000676618169821884,0.000637233807165945,0.899751084540404,4.31798365228395,0.00567015445025059,24.5006585657447,0.90869712515194,7.07571152836127,1630.92094588668,0.900545539570051,1.62117310964362,7.71710271595529,95.5987265011895,200338.088235294,0.113547175776439,37525.15,0.803039134661801,6.58601985945908,692.599987326069,0.000138378181559733,1.58702247605547,37554.9,6.58601985479656,0.790038735974,22.7238346350263,241.627659891021,1.05659422750946,0.000278743011323371,0.114338429516535,3.18195163447299e-05,0.00182389601138204,8.70726616426217,1176.30013458647,200396.176470588,0.114231008618034,1.90126099465955,200338.088235294,113.320916905444,4305.2,318027.547069325,6.95504561988001,404.158338940612,0.501353969471341,649.460073297027,0.971421596421978,0.65082587460151,0.000252320827838897,1.22557301405087e-05,0.780476809891471,1.90126099305994,6.3492493971402e-05,0,3.68006135486976,24.4508239814017,0,682.267238444592,1.58580124351746,122938.521484375,0,233.586490303546,8.58827735672694e-05,13.7750918706258,167.136676267121,1.06342192760102e-05,52.6957393483709,0.000897911435768862,0.8672617090194,25.7358161449432,2343.01603384941,0.000309534655079981,0.000350236959452497,0.00115641360449625,285.764705882353,0.942244632373658,93.1153332708164,0.140063076964239,2.42168781972564,0.000472161865702875,0.000592016950081986,875.406726361291,0.340235175553495,679.343334301123,4597847.20833333,2.99054138560092e-05,44579.695645725,0,0.000132001549625988,0.00106850457527933,0.000259658002328307
"H21-16984 - 2",1,2,"10/8/2021",19790856,0,"1/11/1970 0:00:00",0,0,51,"Portugal",67,168,23.73866213,"Undetermined",5,2,74.23,0,1,2,1.54,54.27540885,2.46,30.9389692,2.82,26.26207508,1.51,55.2274033443266,0,0,0,1,1,0,0,0,1,0,0,0,4.44,0,"2/5/2025 0:00:00",40,1,1,0,"11/4/2021 0:00:00",0,2,2,1,5,0,26,1,3,"5/14/2024",1,3,"5/14/2024 0:00:00",1,0,0," ",0,0,1,0,2,0,37,0,0,170,60,20.7612456747405,0,0,"Anoxia",5,1.88,46.60716168,0,0.94,44,0,0,0,1,1,2,4,4,0,0,20.44236526,1,1,0,0,20.44236526,0.693165626,2.77777777777778,72,2,0.027027027,2.44776e-07,247518.8194,105512.8719,244.2050163,72.07350805,6.79934e-09,187543.75,1173.75,212.6052287,2.452902985,1.2198e-05,36191.71433,43632.14934,67.56867999,21.9989096,28098.94394,29417.46911,58.6075922,17.5849314,5.03151e-07,0.360842381,0.060586728,0.441467123,0.027078993,0.380651291,0.013150522,0.137239501,-0.257533285,1.28278e-05,0.619348709,3588,148,261517.8309,110728.8235,0.430066736,116135.8889,0.419192573,8.124221252,25.64986441,0.254092062,8.124221252,25.64986441,0.254092062,0.416299998,64688.27273,0.416299998,64688.27273,0.632592769,360553,0.632592769,360553,0.315277982,16987.64286,0.315277982,16987.64286,0.593088527,148164.375,0.593088527,148164.375,0.262519225276817,2.64755928465713,3.54464757616245e-05,0,0.251599038178486,482.251696102026,7.47372978867764,0.000304660108858395,0.00229855883101878,0.000254530992097855,0.000687248516082739,0.000551395974095624,0.846218504088497,3.09643206148807,0.00625898002048217,25.6499289611338,0.861066038787421,8.20671070167782,1476.84626894441,0.898499486682941,1.50526182108462,7.44790292763605,105.472969094659,170435.633333333,0.114985132576466,35101.8,0.842213387539772,7.43732803726935,591.809806257695,0.000117232138572652,1.54334335777387,35123,7.43732803412383,0.767962042401808,23.6666036147412,208.074749563178,1.18869132429956,0.000250766855072847,0.115246500956194,2.87010820989259e-05,0.00167826856537582,8.00565043784425,1054.67018760529,170492.466666667,0.115094089755732,2.08213441528604,170435.633333333,114.059670781893,4061.7,528820.363913727,7.42623075603902,371.38853075874,0.430355763978979,618.766593227142,0.975353992060743,0.687468168418051,0.000273054932030079,1.0162997105291e-05,0.763233406038602,2.08213439782461,5.02671581076389e-05,0,3.55717012767181,26.5993244695176,0,735.217445960356,1.63604598616289,99539.6451171875,0,238.343287870848,8.40175815870986e-05,17.8818348594334,168.196114268466,1.38948899957272e-05,43.3539358600583,0.00100896304743433,0.892458834860582,31.7392269611359,2023.34792565678,0.000286903006606022,0.000386473522873548,0.00110828304831473,185.466666666667,0.935415892059855,94.7488314911968,0.233916468603367,2.42386700059399,0.000515976829721067,0.000161415794656503,618.062206726103,0.389812975149042,554.935467599333,3729679.71428571,3.67271492698413e-05,42829.4673258464,2.59395191274054,0.000126868469084131,0.00127348106837551,0.000195091262193214
"H21-17233 - 2",1,2,"10/9/2021",19710792,0,"8/19/1961 0:00:00",0,0,60,"Portugal",75,178,23.67125363,"Alport Syndrome",2,1,42.37,0,1,2,1.42,56.56826868,1.58,49.76573194,1.98,37.95951649,1.99,37.4967995379391,1.65,46.36979164,4.43649605103045,0,0,0,0,0,0,0,0,0,1.75,46.36979164,"2/5/2025 0:00:00",40,0,0,0,"10/18/2021 0:00:00",0,2,2,1,5,0,17,0,0," ",0,0," ",0,0,0," ",0,0,0,0,2,1,76,0,0,170,70,24.2214532871972,1,0,"Stroke (unspecified)",1,0.7,95.49340897,0,1.53,91,1,0,0,1,2,2,5,4,0,0,21.91,1,1,0,0,21.91,0.158852673,7.14285714285714,28,2,0.066666667,1.76464e-07,266093.6607,134713.7994,245.8374357,91.15836792,1.26046e-08,144412,2135,195.3484088,2.828280012,1.16592e-05,39145.72784,37835.15054,69.12376567,25.54906553,20818.40817,25235.68992,49.33149186,15.69440581,2.83603e-07,0.518519176,0.046955919,0.456408675,0.035507472,0.217409098,0.018775449,0.102881304,0.248597501,1.07514e-05,0.782590902,1850,45,286054.6538,106751,0.366743766,116479.0435,0.372222091,5.144485616,21.01749575,0.32759951,5.144485616,21.01749575,0.32759951,0.467575869,185785.7,0.467575869,185785.7,0.553323861,609221,0.553323861,609221,0.349830649,24683.5,0.349830649,24683.5,0.644193698,427439,0.644193698,427439,0.310905201502964,2.76100621338283,0,0,0.297599307140103,474.336422463609,4.49418424223693,0,0.00149815029755477,0.000340670723050019,0.00071551043388427,0.000636354126939101,0.871495982476203,3.72953992633684,0.00440191730428624,27.0358831146354,0.882325644868753,4.25357969413012,1387.74332521926,0.902665829740068,1.75049362392766,8.21029634606829,87.8829295174652,148465.9,0.113750657333622,24683.5,0.79981148600008,7.97543435031325,617.87881593139,0.000132818914580228,1.93193647817112,24726,7.97543434813185,0.763185627033067,20.9772499135742,266.04238762474,1.28603429564449,0.000279136359036616,0.115121183188829,3.17718842675949e-05,0.00345065611969338,10.8710203666837,1221.1824457358,148511.4,0.115706846504281,1.98224490327533,148465.9,121.185185185185,2831.33333333333,562943.114764404,4.28349185754795,612.490511311245,0.603248582898564,815.652528603045,0.967789805500794,0.554425097171032,0.000184825720108512,1.45671002273306e-05,0.764929749297405,1.98224489688873,6.75036037733282e-05,0,5.1368315067427,20.8318975318003,0,912.901141768625,1.46184964371742,71509.8424479167,0,206.018284396632,0.000129023324819695,11.1409628445452,235.982051163971,1.41484168502315e-05,28.3388063963449,0.000827699840257859,0.838063490701039,22.5865624745687,1901.17369495355,0.000436914217261074,0.000276285432865975,0.0012526195352059,199.4,0.935997482390559,84.2366544167445,0.222900699768989,2.58056090987775,0.000691117693665028,0.00116671520301973,0,0.378106173527632,498.589390011153,4578063.92857143,3.06986519715497e-05,33838.9342094421,0,0.000142526268142657,0.00118346506131725,0.000178412787614762
"H21-17666 - 1",1,2,"10/16/2021",20042085,0,"7/11/1956 0:00:00",1,0,65,"Portugal",73,163,27.47562949,"Chronic glomerulonephritis (IgA)",2,2,21.3,0,1,2,1.54,37.2388402,0.8,81.71711529,0.97,64.84775273,0.95,66.0772069944697,1.05,57.87497679,-4.10111510223485,0,0,0,0,0,0,0,0,0,1.05,57.87497679,"2/5/2025 0:00:00",40,1,1,1,"10/22/2021 0:00:00",0,1,1,1,3,11,16,0,0," ",0,0," ",0,0,0," ",0,0,0,0,1,1,65,0,0,178,85,26.8274207802045,0,0,"Stroke (unspecified)",1,1.26,63.29497143,0,1.28,77,0,0,0,1,1,2,4,4,0,0,25.84147307,1,1,1,1,25.84147307,0.278261873,9.09090909090909,63,6,0.086956522,2.54281e-07,273942.6111,127513.0844,252.7101417,73.05312366,2.42172e-08,78285.16667,8824.323787,135.7801739,12.32521982,1.13982e-05,32821.21052,30949.20215,69.48202473,24.91614143,13454.27615,10754.17729,50.34830693,13.76746695,6.29647e-07,0.412463044,0.069658275,0.374103581,0.053777983,0.282802974,0.006232585,0.186200504,-0.006771866,1.63275e-05,0.717197026,2824,156,278348.6129,104228.9032,0.385222306,108022.661,0.375152494,6.030820469,22.21668046,0.312844643,6.030820469,22.21668046,0.312844643,0.438310453,65413,0.438310453,65413,0.578354664,206421,0.578354664,206421,0.285607532,10172,0.285607532,10172,0.574046382,114516.1111,0.574046382,114516.1111,0.401152849631531,2.47758209846722,3.37555805780405e-05,0,0.471443940065629,491.315235771432,6.05103423177387,0.000289145559038163,0.00251871544110834,0.000457148447864527,0.000794611640863186,0.000967499173111456,0.844070928906806,2.23379090651194,0.00691548426996108,27.7602299245394,0.858902822563536,6.10050626743996,1425.41038636497,0.901037819677343,1.47130385536567,8.64668279975567,98.1462347664895,139433.133333333,0.114378395942319,60142.3125,0.743807572989469,8.65717639200678,461.943535663178,0.000342647524237975,1.48609205691856,60177.75,8.65717638808416,0.771701287167695,20.9068605473162,305.480973034101,1.24235985140522,0.000280721165537316,0.114937591898637,3.21043918706989e-05,0.00331316276602067,12.318225604077,1152.20305295288,139483.066666667,0.114201347735645,2.32729520957496,139433.133333333,109.581291759465,6877.4375,368033.822672526,5.16724940983352,675.532869168472,0.556802286964283,804.034860034708,0.971713860177318,0.568460446666844,0.000317422004980964,1.76103296505796e-05,0.762293268549515,2.32729517618815,9.51472155467631e-05,0,5.14082262594802,21.1288674183013,0,836.146755171392,1.41131268364724,118619.033630371,0,301.966615010193,0.000160686744620453,11.441576704687,319.094813486997,1.82282608158057e-05,27.4493586317477,0.00109999941010011,0.769885580417179,39.6865332424641,2324.16848930335,0.000562874591715547,0.000460615776942726,0.00128805666492064,149.333333333333,0.924605191401391,87.0512092671557,0.492617041013429,2.64127882934688,0.000862274427531845,0.000286210864019268,601.025015596348,0.349160642961013,608.448947551939,3298325.4375,3.5185169606699e-05,38026.130968221,2.93881862045753,0.000147232380122175,0.00128253314999059,0.000255838145800891
"H21-17666 - 2",1,2,"10/16/2021",19710194,0,"8/7/1962 0:00:00",1,0,59,"Portugal",69,145,32.81807372,"Chronic pyelonephritis",4,1,41.77,0,1,2,1.21,51.62791813,1.23,50.62218928,1.07,59.83654703,1.07,59.4655604339382,1.13,55.00851261,-2.2285239119691,0,0,0,0,0,0,0,0,0,0.9,55.00851261,"2/5/2025 0:00:00",40,1,1,0,"10/28/2021 0:00:00",0,1,2,1,4,2.6,18,0,0," ",0,0," ",0,0,0," ",0,0,0,0,2,1,65,0,0,178,85,26.8274207802045,0,0,"Stroke (unspecified)",1,1.26,63.29497143,0,1.28,77,0,0,0,1,1,2,4,4,0,0,23.6393,1,1,0,0,23.6393,0.277222225,6.66666666666667,120,7,0.05511811,2.25168e-07,252545.7125,117990.5271,239.5027401,69.37365605,1.31348e-08,92156.28571,49106.90733,137.9669417,56.55194965,1.22773e-05,33396.54218,30103.47721,68.66419713,23.34663609,26791.33447,38078.65916,56.19487666,17.41043467,3.52763e-07,0.345588387,0.056865178,0.410018619,0.02255526,0.533464423,0.002813498,0.138689257,0.148806279,1.41185e-05,0.466535577,6543,188,259628.9397,116127.0172,0.449848247,124492.1333,0.444472629,6.589939318,24.42172301,0.269086244,6.589939318,24.42172301,0.269086244,0.53944713,163669.0769,0.53944713,163669.0769,0.546553276,785904,0.546553276,785904,0.360784153,17960.875,0.360784153,17960.875,0.618852897,228428.2778,0.618852897,228428.2778,0.273980190717026,2.56993699226889,3.23443806583225e-05,544.475944830755,0.258652966384983,466.409558635747,6.45142098434294,0.000280782150743104,0.00145556275265734,0.000524773985090655,0.000730481487272515,0.000615048092494085,0.833586943875019,2.79025065254799,0.00404180786226532,25.4724512750567,0.850354062058966,6.05582746847914,1366.86850861522,0.900808998623774,1.53300682475371,7.98359505409639,111.814661717085,134908.094594595,0.115113791931235,62348.5,0.827903541056582,7.83193243654894,541.153358375125,0.000132863714507418,1.45230788598183,62381.4444444444,7.83193243287041,0.784808802570793,24.0061559253475,217.395185003862,1.28417123467547,0.000261398574164666,0.115147343374654,3.00005717051449e-05,0.00182379774748813,10.6469008166448,908.831771044004,134961.459459459,0.114055088462878,2.33212249831036,168510.162162162,112.504907306434,7141.77777777778,544175.486948374,6.48036389419183,408.331702003513,0.381488856012194,551.304300271113,0.979530649567532,0.717867499637302,0.00015544144290093,1.49674115500226e-05,0.773307549597408,2.33212249665647,0.000147931502454621,348268,3.48164911666592,24.1966176441956,0.845204951121999,721.712317745388,1.69179179116875,122436.989583333,29560240,343.260937291834,0.000135632225184486,14.7878252674894,198.005260396748,1.93773397369134e-05,43.3330186452679,0.000556151283132658,0.846688441207317,54.5576299031576,2198.92902207789,0.000438571488971176,0.000255060501021259,0.00117391233487537,148.837837837838,0.931910545590152,92.7678795573167,0.274924507557148,2.40132824587214,0.000748588354246666,0.000195091995139962,604.571959680979,0.416504939401179,570.920002968262,4693320.54166667,4.146254641561e-05,36407.4992960337,2.98179317091062,0.000134669640996096,0.00137899142013721,0.000249213600084494
"H21-18700 -1",1,2,"10/29/2021",1009184,0,"10/4/1995 0:00:00",1,0,26,"Portugal",61,150,27.11111111,"Undetermined",5,1,15.23,0,1,2,1.31,57.62815993,2.05,33.6709736,2.12,32.34128522,1.83,38.3458167312568,2.01,33.83935028,-2.2532332256284,0,0,0,0,0,0,0,0,0,2.02,33.83935028,"2/5/2025 0:00:00",39,0,0,0,"11/5/2021 0:00:00",0,1,2,1,4,0,20,0,0," ",0,0," ",0,0,0," ",0,0,1,0,2,1,76,0,0,165,100,36.7309458218549,1,0,"Stroke (unspecified)",1,0.67,96.7650254,0,1.46,88,1,0,0,0,2,2,4,4,0,0,5.726787401,0,0,0,1,0,0.064466642,0,76,0,0,1.88922e-07,297425.1974,138598.0645,264.1256468,84.55960574,0,0,0,0,0,1.21159e-05,40646.42347,40314.31336,74.08137028,25.6068293,17426.75679,22913.5243,50.54394769,17.81903076,2.9084e-07,0.533860383,0.056190167,0.492466663,0.043533328,0.258257938,0.00978736,0.114099434,0.091123174,1.32157e-05,0.741742062,4874,117,317188.7042,109500.7465,0.343584651,113031.7059,0.341296749,5.975918371,22.53520606,0.35661939,5.975918371,22.53520606,0.35661939,0.4475431,446364.2778,0.4475431,446364.2778,0.737576783,313705.5,0,7176114,0.386539283,9468.384615,0.386539283,9468.384615,0.645805507,1582293.6,0.645805507,1582293.6,0.361920415021034,2.6142901221486,0,631.595018477426,0.366574116967003,434.868828903414,5.77296146930232,0,0.00276483057064195,0.000477349645674577,0.000925054550477729,0.000673540559110388,0.842978436637273,2.37198537899408,0.00805323653656914,31.7895817899626,0.854940143903719,5.73110804890973,1289.20148282655,0.899262007761852,1.55873202629282,9.58606370279451,86.7492873452271,139753.6875,0.113831888066475,0.42941599505231,0.780926523925683,9.85936140206545,455.1095035116,0.000150867666081488,1.59890518507353,34074.875,9.85936140263843,0.748683524465665,22.6686300890104,303.885373136272,1.20934393637021,0.000303787207863181,0.1148828647679,3.45034776789658e-05,0.00341706279025835,12.84109320578,1168.99154918366,139811.125,0.114151481685772,1.98098045914742,139753.6875,115.567545963229,3958.125,403855.10802114,4.96423101461184,715.994860244484,0.585393362073575,920.225379459424,0.968107477579469,0.563694454095821,0.000355745270798471,1.61967233719237e-05,0.744165152165067,1.98098044842482,0.00012355561059373,0,6.17291350044818,23.1661165804747,0.777679773770747,1040.77875469422,1.35648839324374,55963.7537689209,0,281.577234548213,0.000166045992799756,11.055557659021,295.048261126,1.61222616504586e-05,34.820246400475,0.00120387920785766,0.812059024734692,27.1675406694412,2158.37590053236,0.000545309836163867,0.000568232885970168,0.00139872753930258,196.1875,0.924191373760386,75.1225870769125,0.381419135260328,2.67666966446943,0.000856319182978839,0.00102332620328829,0,0.355527677749819,584.160471410783,4511068.23529412,3.56632917234618e-05,33935.388433218,2.63375290627747,0.000158799830785463,0.00155250251717484,0.000248500916956461
"H21-20678",1,2,"11/29/2021",19766552,0,"11/24/1975 0:00:00",0,0,46,"Portugal",82,175,26.7755102,"ADPKD",4,2,35.97,0,1,2,1.54,55.98970014,1.52,56.8749072,1.47,59.20415744,1.35,65.1675624447039,1.11,81.40337463,8.11790609264805,0,0,0,0,0,0,0,0,0,1.12,81.40337463,"2/5/2025 0:00:00",38,1,1,1,"11/29/2021 0:00:00",0,1,2,1,4,0,15,0,0," ",0,0," ",0,0,0," ",0,0,1,0,1,0,44,0,0,175,85,27.7551020408163,0,0,"Head Thrauma",2,1.12,83.07558239,0,0.79,24,0,0,0,0,1,0,1,1,0,0,22.15565861,1,1,0,0,22.15565861,0.008411048,0,58,0,0,1.67055e-07,363063.8534,125831.8407,296.3050792,75.52704499,0,0,0,0,0,1.24744e-05,43498.03602,71177.07952,75.77062492,32.53153808,25999.90478,108177.5562,56.93256783,18.30380821,2.16019e-07,0.487115267,0.060651627,0.542611856,0.022973402,0.396729202,0.010792686,0.111777187,-0.538495917,1.32336e-05,0.603270798,4331,75,375573.7411,151750.4107,0.394261241,154034.4909,0.399678879,6.588629792,20.90847167,0.320475039,6.588629792,20.90847167,0.320475039,0.472520291,38887,0.472520291,38887,0.757089641,195887.5,0.757089641,195887.5,0.425670126,10961.54545,0.425670126,10961.54545,0.601358244,115682,0.601358244,115682,0.318363668883164,2.48010673488354,2.76114608707417e-05,434.115773798059,0.30577729544198,568.690043748673,6.28725801982801,0.00023677921997741,0.002532152302504,0.000437061595149359,0.000745224500148989,0.000720983276880094,0.87277498350138,2.43494435766686,0.00725355062050116,28.2108801349686,0.883096914489309,6.38494638387691,1745.09563389825,0.895048059531615,1.47201700870898,8.23677177213203,88.8875546771262,193984.833333333,0.113797315351511,27672.6785714286,0.740208835047616,7.87548011873313,512.951801541293,0.000179237752172979,1.45907589701041,27697.7142857143,7.87548011966508,0.75220199585738,20.6563204672856,418.40292787068,1.2172616871866,0.000244223210616229,0.116470190921033,2.78090674935682e-05,0.00271591502229751,11.4606092944474,1434.0349251062,194052,0.114249779322168,1.9596243892624,193984.833333333,181.538268506901,3193.71428571429,492911.933159722,5.7666530419501,695.249156844955,0.591541453875965,1024.45168731903,0.967230172925337,0.541332143996467,0.000344353554082733,1.4588496427965e-05,0.728360816686799,1.95962439643012,9.91286010443272e-05,0,5.00902238220457,22.1774653542878,0.767980247477792,989.742220215217,1.54681075094944,49638.4347237178,0,206.183017144443,0.000137350776097123,10.1114681879679,397.843200676511,1.3318687730464e-05,55.7894736842105,0.00122218727457968,0.813883914909824,28.2414176123483,2464.39813538962,0.000475359904259864,0.00251859130025585,0.00106856076465019,261.444444444444,0.921684271965828,72.7028063109281,0.288309254819748,2.53016252723791,0.000695967177076878,0.000265995541085564,890.51031186099,0.388612696515333,666.294362059137,4473351.33333333,2.65468822356239e-05,44833.4030897352,2.63127500165159,0.00012156517832961,0.00112629662152602,0.000153766669069824
"H21-20818 - 1",1,2,"12/2/2021",19092975,0,"4/1/1964 0:00:00",1,0,57,"Portugal",59,165,21.67125803,"Chronic glomerulonephritis (IgA)",2,1,32.07,0,1,2,1.8,32.45652847,1.56,38.53714652,1.49,40.71979193,1.34,45.9623585805042,1.18,52.87710147,3.4573714447479,0,0,0,0,0,0,0,0,0,1.25,52.87710147,"2/5/2025 0:00:00",38,0,0,0,"12/9/2021 0:00:00",0,1,1,0,2,0,20,0,0," ",0,0," ",0,0,0," ",0,0,0,0,1,1,73,1,0,150,55,24.4444444444444,0,0,"Stroke (unspecified)",1,0.71,89.72282357,0,1.61,93,1,0,0,1,2,2,5,4,0,0,36.94753565,1,1,1,1,36.94753565,0.221370951,16.6666666666667,29,5,0.147058824,1.13927e-07,397082.8966,221941.8738,296.7452379,100.7464638,1.96425e-08,95880.7,33832.73427,157.4912084,33.43829063,1.07013e-05,41696.3772,45363.88268,74.27904851,24.66992767,21512.91719,21283.66879,58.78341803,15.71572333,4.71421e-07,0.4916038,0.045238351,0.446203537,0.025454562,0.331108814,0.022617952,0.101385011,-0.437867311,1.3303e-05,0.668891186,2724,120,411260.2143,164717.7857,0.413483081,164717.7857,0.413483081,6.966717039,19.22375449,0.402545966,6.966717039,19.22375449,0.402545966,0.455586524,42663.81481,0.455586524,42663.81481,0.607763875,448839,0.607763875,448839,0.423079016,15043.69048,0.423079016,15043.69048,0.569362805,139334.25,0.569362805,139334.25,0.415431776535946,2.41070794835527,2.46863754155661e-05,0,0.393518173002391,453.571566675119,6.47126991740733,0.000218901932595878,0.00308846165095014,0.000466412906174308,0.00107303890993832,0.00101833225416474,0.834697930194115,2.5275291886133,0.00825100746977062,32.5843100430233,0.849551971682431,6.98879885100532,1394.57478272433,0.902814966244068,1.74827952833511,10.9821121929518,123.689230167965,132790.1,0.114501546095732,27041.6923076923,0.798292219093236,10.6091013443928,440.015164585057,0.000254921527115465,1.72239273834395,27065.0769230769,10.6091013385498,0.774056168954524,18.3706077813844,236.4529395293,1.40372813070913,0.000383435875147735,0.11484971769083,4.38343117718435e-05,0.00270406290211755,13.777319412654,977.746801921367,132855.2,0.13877552698832,1.92156411344708,132790.1,74.8540489642184,3133.38461538462,424497.423749924,6.15883124180254,509.379880403312,0.562321423643209,653.030593805833,0.978201684956382,0.572380833699751,0.00033274874750254,1.93302019813481e-05,0.774333559302796,1.92156405448914,9.61131471361221e-05,0,6.5959802564409,19.8621299216797,0,795.334899368594,1.67341253660928,79626.6721754808,0,206.851639046677,0.000199623060895771,12.6932737843974,224.902244454119,2.05309643754332e-05,29.5916870415648,0.00117246927195311,0.827617536108586,30.2970804984753,2527.51356664472,0.000609679713684683,0.000473090427875469,0.00158234960099592,137,0.925679053458437,115.23021473871,0.371312788281395,2.62169485107207,0.000951990100181732,0.00155030743941874,629.802261780566,0.435500187294447,630.137333157062,4778108.2,4.42344972332057e-05,33018.9984375,2.50832696231727,0.000180874756796229,0.00168677556012544,0.000174770742326341
"H21-20818 - 2",1,2,"12/2/2021",20035459,0,"4/5/1960 0:00:00",0,0,61,"Portugal",67,168,23.73866213,"Diabetic nephropathy",1,1,16.07,0,1,2,1.32,61.3661921,1.42,56.21754542,1.23,66.79312439,1.35,59.3630713984752,1.21,66.86093191,3.7489302557624,0,0,0,0,0,0,0,0,0,1.46,66.86093191,"2/5/2025 0:00:00",38,1,1,0,"12/13/2021 0:00:00",0,1,1,0,2,0,23,0,0," ",0,0," ",0,0,0," ",0,0,0,0,2,1,73,1,0,150,55,24.4444444444444,0,0,"Stroke (unspecified)",1,0.71,89.72282357,0,1.61,93,1,0,0,1,1,2,4,3,0,0,20.0742,1,1,0,0,20.0742,0.480886866,13.6363636363636,37,7,0.159090909,1.3354e-07,310865.6622,134030.8999,262.8874563,87.80381353,2.52643e-08,231951.5,268545.2258,202.9313772,121.192287,1.19211e-05,43891.7413,43699.69426,77.94421684,24.5299066,30083.9146,32562.3551,59.22388252,18.46723114,4.18666e-07,0.438111797,0.041512978,0.523239829,0.023747237,0.297356398,0.012664492,0.079338337,-0.457083503,1.13192e-05,0.702643602,3303,116,338231.8824,121419.5294,0.347700399,121419.5294,0.347700399,7.1149476,22.55242791,0.38389281,7.1149476,22.55242791,0.38389281,0.553137533,223317.6667,0.553137533,223317.6667,0.577926718,2293172,0.577926718,2293172,0.45997275,16510.41667,0.45997275,16510.41667,0.646302316,430124.9167,0.646302316,430124.9167,0.442518605810386,3.3549877513025,0,565.012845765216,0.464387445745697,300.864604369673,6.95290222795529,0,0.00184952481516644,0.000452762463007913,0.00102832206212459,0.000828897907118332,0.83706709450136,2.43401701504033,0.00513106140624733,31.2173315822173,0.852165549807682,7.09234180055726,857.290648893477,0.900010692286599,1.75260300074243,10.5836146174089,120.57592663626,91378.2,0.114382542746782,35149.0909090909,0.805107438343292,9.86627486850101,438.766966387179,0.000183950659633382,1.70299748507301,35173.4545454545,9.86627486434214,0.783278569167609,20.5964525834295,226.587969609834,1.27133266178498,0.000352346222252293,0.115097271694763,4.02583717700268e-05,0.0021061775480772,14.1282126552514,952.721779350351,91425.4,0.118109672806619,1.44355574657909,91378.2,79.110338835795,4125.54545454545,226717.321118164,6.1493785402277,523.706711604793,0.488774034763676,670.630026095777,0.976976361274791,0.638104823388148,0.000186112522994525,1.89065876380004e-05,0.777751659424624,1.44355573654175,9.16823958674759e-05,0,5.6155619284224,21.9017737460879,0.655603238536122,838.90833710662,1.73988476282419,59950.4151278409,0,244.282904429621,0.000201048374566722,12.5670000712077,224.787507663811,1.98208715336722e-05,36.1732658529324,0.000731009729993604,0.831137213952397,48.7723111239347,2284.80933690515,0.000612718593783118,0.00032882139089652,0.00148575506962308,132.4,0.926257632266015,110.308478845892,0.49613431736553,2.62751591680454,0.000965797175048933,0.0023001408125947,0,0.382183772920176,597.830490707389,4838397.71428571,4.28686921017395e-05,20661.7455993652,2.74350977572064,0.000169723393457942,0.00170266397133994,0.000237762895531263
"H21-21740 - 1",1,2,"12/17/2021",19715328,0,"2/5/1971 0:00:00",0,0,50,"Portugal",100,173,33.41240937,"Chronic glomerulonephritis (unspecified)",2,1,42.53,0,1,2,2.11,37.42743199,2.86,25.98302651,2,39.91103418,2.28,33.8926988062295,0,0,0,1,1,0,0,0,1,0,0,0,3,0,"2/5/2025 0:00:00",38,0,0,0,"12/27/2021 0:00:00",0,1,0,1,2,0,8,1,3,"2/13/2023",1,3,"2/13/2023 0:00:00",1,0,0," ",0,0,1,0,2,1,55,1,0,165,70,25.7116620752984,1,0,"Stroke (unspecified)",1,0.5,110.695584,0,1.08,59,0,0,0,0,1,2,3,2,0,0,18.82978575,1,0,0,0,18.82978575,0.714370439,0,47,0,0,2.2732e-07,315629.2979,147449.055,265.0919976,84.42445205,0,0,0,0,0,1.14531e-05,47407.26225,41149.62816,86.40044063,31.20176966,0,0,0,0,2.32157e-07,0.413133133,0.071748912,0.54295861,0.010520163,0,0,0.132144348,-0.331156475,1.16731e-05,0,2368,48,329651.2111,121265.0222,0.350140783,125551.3953,0.353453003,7.788744328,22.42669703,0.372074679,7.788744328,22.42669703,0.372074679,0.449031196,33861.61111,0.449031196,33861.61111,0.737283159,134806,0.737283159,134806,0.388404082,12838.42857,0.388404082,12838.42857,0.661226098,107442.75,0.661226098,107442.75,0.430031239577519,2.79790113123371,0,351.333530081942,0.457076112097095,369.841725325454,7.99061573798579,0,0.00278107962579072,0.000348743780975403,0.00108452582247311,0.000633187118717934,0.811621184552272,1.72339572285666,0.00788565789639964,33.7382355208908,0.824952204084042,7.78121634008487,1069.9305909533,0.900149217310394,1.31573365382649,10.5393103595851,84.1075272155293,99916.1875,0.11407147245847,33861.6111111111,0.775537126963096,10.1460565215944,369.761162433641,0.000145499315452413,1.38550569283254,33889.2222222222,10.1460565226419,0.740905648931636,21.4407393635652,230.176349729894,1.26941365094415,0.000307147261409856,0.115868631361835,3.49789384143821e-05,0.00160549949852993,13.4323715696024,1117.33488142216,99972,0.113079940757979,2.243613787835,99916.1875,103.539893617021,3878.77777777778,590436.96875,7.28234218654846,790.393468892614,0.470124682519176,965.49593094537,0.967254309896673,0.638519761459856,0.000334486991757211,1.60650035269976e-05,0.736253979897633,2.24361380934715,7.53296658348335e-05,0,5.46505843847361,21.7458196968753,0.845382971051326,1143.216078111,1.32238165788163,71365.4047309028,0,228.620916920167,0.000179078327229802,10.5652724545176,299.0286946817,1.70543234110958e-05,43.3678571428571,0.00126983449525735,0.782702998222425,36.4241193135579,2488.43208307389,0.000605873627126849,0.000490939181541063,0.00141580134933606,64.5,0.913301713120599,77.9389657071607,0.47501762625902,2.51063313148177,0.000963154925481085,0.00376536758919561,0,0.366233351914245,658.633467983508,3977548.86363636,3.84831081397197e-05,30269.3578124046,3.32146277682408,0.000161173087707349,0.00183065994303376,0.000211929242563437
"H22-01782 - 1",1,2,"1/27/2022",19753584,0,"11/11/1971 0:00:00",0,0,50,"Portugal",57,160,22.265625,"ADPKD",4,1,32.37,0,1,2,1.15,77.53388893,1.23,71.5225257,1.41,60.71081192,1.15,77.0531788161621,0.98,92.20504043,7.57593080691895,0,0,0,0,0,0,0,0,0,0.87,92.20504043,"2/5/2025 0:00:00",36,1,1,1,"2/4/2022 0:00:00",0,2,2,1,5,6,15,0,0," ",0,0," ",0,0,0," ",0,0,1,0,1,0,56,1,0,153,74,31.6117732496049,0,0,"Stroke (unspecified)",1,0.8,86.42155879,0,1.09,60,0,0,0,0,2,2,4,3,0,0,8.110896935,0,0,0,1,0,0.199354601,0,32,0,0,1.38656e-07,311558.4688,176734.6473,248.2534595,116.1030033,0,0,0,0,0,1.02042e-05,44720.58408,40884.80868,78.477585,26.72763208,31842.27252,30225.9356,67.39878202,17.11175884,3.11976e-07,0.407546218,0.043199401,0.456337923,0.0415653,0.496472262,0.009945592,0.094665375,-0.372236086,1.15803e-05,0.503527738,2355,72,368508.963,130410.5926,0.348304484,135071.1154,0.349233911,7.482915458,22.15188707,0.391515969,7.482915458,22.15188707,0.391515969,0.521708436,221773.8214,0.521708436,221773.8214,0.642542013,1811085,0.60682394,589351.5,0.456569302,16302.5,0.456569302,16302.5,0.58684757,427245.1429,0.58684757,427245.1429,0.435203533733942,4.20254643761723,2.98539810334624e-05,0,0.433767174953009,305.992320523456,7.69796461445342,0.000258895360641938,0.00175549398872688,0.000368971104981377,0.00102435064760436,0.000714605219430437,0.823757247745677,2.3437732269978,0.00505438105377363,33.5000105220415,0.837944907184589,7.74143382405272,831.563536728228,0.901473287764288,1.58445123870854,10.4217630073037,92.7206398555091,68022.625,0.114096844098064,33557.5,0.823171180206358,10.3681990759271,444.476158825961,0.000158955051420919,1.54333037506085,33587.7272727273,10.3681990826334,0.751332133446285,22.0515629516501,265.305860464132,1.30108417173439,0.000312886261717842,0.114592066918088,3.57564103620612e-05,0.0018265911397908,12.9061490492919,1034.63118280842,68050.875,0.113253291539867,1.8613059188881,68022.625,104.787631271879,3824.09090909091,219356.491149902,7.08814231693475,745.145862854921,0.518571061950582,797.486587546557,0.968412020426765,0.610064382008901,0.000232889917353659,1.64648041516075e-05,0.75529978608241,1.86130593717098,7.54202464229977e-05,0,6.01957312270113,23.5305312949499,0,977.881385160345,1.51324169932095,76319.1399147727,0,273.486238128899,0.000180244727750484,11.0251020579271,279.061879337698,1.7557799499345e-05,41.881825590872,0.000876394538346313,0.841472645895443,32.0613131089644,2398.77543136272,0.000602212544870345,0.000379797186624157,0.00136715118154316,68.625,0.922903004941608,89.9875544814213,0.485167030282579,2.51418981670248,0.000957567168918383,0.00242442816928493,1042.66936918677,0.379287484577572,622.73644631874,4036031.58333333,3.86225030687707e-05,18554.4968490601,2.61122184958735,0.000156109527897389,0.00167521688426967,0.000187430265207748
"H22-01981 -1",1,2,"2/1/2022",19747818,0,"1/8/1953 0:00:00",0,0,69,"Portugal",84,177,26.81221871,"Chronic glomerulonephritis (IgA)",2,1,60.97,0,1,2,1.39,54.8772161,1.93,37.01187282,1.39,54.8772161,1.41,53.6100101178243,1.11,70.55360911,8.47179949608785,0,0,0,0,0,0,0,0,0,1.27,70.55360911,"2/5/2025 0:00:00",36,1,0,0,"2/14/2022 0:00:00",0,2,2,1,5,0,24,0,0," ",0,0," ",0,0,0," ",0,0,0,0,1,1,73,1,0,158,53,21.2305720237141,0,0,"Stroke (unspecified)",1,0.91,66.61365754,0,1.63,94,1,0,0,0,1,0,1,3,0,0,20.74889303,1,1,0,0,20.74889303,0.002204885,0,54,0,0,2.17142e-07,338277.5185,149920.4123,285.3353687,73.12410547,0,0,0,0,0,1.3881e-05,45384.09111,43720.65764,79.98385954,25.16134955,22887.05385,20312.94824,61.5606253,18.38242745,4.10157e-07,0.566734736,0.073454262,0.629976766,0.01644204,0.339894738,0.010715604,0.116598367,-0.557126943,1.44297e-05,0.660105262,3452,102,341260.0472,80525.96226,0.228715434,87209.75,0.231963436,5.241896945,23.55720529,0.320914207,5.241896945,23.55720529,0.320914207,0.577526738,101327.3333,0.577526738,101327.3333,0.60682394,589351.5,0.642542013,1811085,0.591535282,10368.5,0.591535282,10368.5,0.566319902,174094.4,0.566319902,174094.4,0,0,0,0,0,0,0,0,0,0,0,0,0,0,0,0,0,0,0,0,0,0,0,0,0,0,0,0,0,0,0,0,0,0,0,0,0,0,0,0,0,0,0,0,0,0,0,0,0,0,0,0,0,0,0,0,0,0,0,0,0,0,0,0,0,0,0,0,0,0,0,0,0,0,0,0,0,0,0,0,0,0,0,0,0,0,0,0,0,0,0,0,0,0,0,0,0,0,0
"H22-03995",1,1,"3/1/2022",20028748,0,"5/23/1996 0:00:00",1,0,25,"Portugal",67,165,24.6097337,"Undetermined",5,2,24.4,0,1,2,0.81,103.2474401,0.77,109.7166263,1.2,64.42342648,0.84,98.2257071938078,1.05,74.22174035,-12.0019834219039,0,1,0,0,0,0,0,0,0,1.04,74.22174035,"2/5/2025 0:00:00",35,1,1,1,"3/8/2022 0:00:00",0,0,1,0,1,0,7,0,0," ",0,0," ",0,0,0," ",0,0,1,0,2,0,50,0,0,170,65,22.4913494809689,1,0,"Head Thrauma",2,0.5,124.2596887,0,0.93,42,0,0,0,0,2,2,4,3,0,0,28.03887646,1,1,1,1,28.03887646,0.277792077,0,10,0,0,1.11974e-07,348561.95,274872.4712,250.6427292,166.7108944,0,0,0,0,0,7.41268e-06,72940.26133,184957.8614,87.42568064,40.64383175,35880.9841,33429.4053,67.99812702,18.90003621,1.79158e-07,0.300865151,0.039029886,0.540682875,0.008552302,0.43587137,0,0.072186282,-0.536796536,8.64256e-06,0.56412863,662,16,435648.75,270284.25,0.613790866,305612.7143,0.58795705,9.939656612,30.35337703,0.29435732,9.939656612,30.35337703,0.29435732,0.373631367,67693.1,0.373631367,67693.1,0.370965033,209635,0.370965033,209635,0.312293574,16441.75,0.312293574,16441.75,0.414523228,101860.6667,0.414523228,101860.6667,0.359198731300632,4.26274755860283,2.94613649423279e-05,0,0.414941992626065,203.646877156793,10.0663022068204,0.000256863237690497,0.00157263600159702,0.000472399558153353,0.000902708700005347,0.000755436334549799,0.804128096093181,2.46520989102873,0.00454121682484041,31.5769412363893,0.8308671324333,10.1492837824525,453.231842072335,0,2.11710615773262,9.00446921473668,178.699896097535,9785,0.11503991971775,67693.1,0.819755512634843,9.78747471462247,482.878962734026,0.000167684694556322,2.05120648035939,67728.4,9.78747472023491,0.821567757211384,26.9970633430161,182.033111905708,0,0.000344852620976414,0,3.97164860344257e-05,0.00217577352432341,12.2804228454288,795.370418088171,9799.33333333333,0.115735057646787,1.46360774716413,9785,69.7532467532468,7855.2,4389.49108060201,9.06242489328361,423.770712996707,0.437186817456275,587.698076359752,0.979478929954156,0.673789577604579,0.000172749890912618,1.98407586649552e-05,0.815521555088687,1.46360770861308,0.000104276564752974,0,5.14357570116411,28.1339107860511,0,698.920820686014,1.94306352260915,235569.4390625,0,350.472350171777,0.000171985059944476,17.3365761150013,151.241673286831,2.46982174137952e-05,30.3881019830028,0.000623218038420124,0.852450362747386,34.7634136199951,0,0.000549786079775923,0.000256618630611891,0.00140313479603003,13,0.933324930209016,155.508640722113,0.378526820303263,2.85515006320322,0.000971105650178063,0.00552279835997908,582.284566986564,0.24908413512021,0,5713488.125,5.01145853873298e-05,2607.69394493103,0,0.0001616324414086,0.00167092823831234,0.000370866303389257
"H22-05628",1,2,"3/23/2022",17025316,0,"7/7/1965 0:00:00",1,0,56,"Portugal",73,150,32.44444444,"ADPKD",4,2,31.8,0,1,2,0.98,67.74212081,0.84,81.50700527,1.12,57.71230932,1.54,39.1385027149538,1.12,56.64550199,8.7534996375231,0,0,0,0,0,0,0,0,0,1.05,56.64550199,"2/5/2025 0:00:00",34,0,0,0,"4/1/2022 0:00:00",0,2,2,2,6,6.25,18,0,0," ",0,0," ",0,0,0," ",0,0,1,0,2,1,60,0,0,180,90,27.7777777777778,0,0,"Head Thrauma",2,1.2,69.23112757,0,0.97,47,0,0,0,1,2,2,5,5,0,0,5.525184921,0,0,0,1,0,1.936645421,11.4285714285714,69,7,0.092105263,1.22624e-07,439638.1377,218100.1985,312.6190802,113.9289404,1.24402e-08,143924.5,76544.00484,165.0860142,64.02594951,8.85029e-06,60656.79006,61552.2268,89.02586051,35.63263272,18549.59996,15924.7358,55.87280097,17.39039989,2.64798e-07,0.489190163,0.053910401,0.536830126,0.053960662,0.302171558,0.013953689,0.100423576,-0.031773462,1.05438e-05,0.697828442,4980,149,466298.2692,137263.6,0.307019615,141343.7619,0.294118958,7.047364134,22.24985842,0.360283589,7.047364134,22.24985842,0.360283589,0.488727091,144094.6944,0.488727091,144094.6944,0.48581398,972945,0.48581398,972945,0.412798779,16095.90909,0.412798779,16095.90909,0.608043009,345235.6429,0.608043009,345235.6429,0,0,0,0,0,0,0,0,0,0,0,0,0,0,0,0,0,0,0,0,0,0,0,0,0,0,0,0,0,0,0,0,0,0,0,0,0,0,0,0,0,0,0,0,0,0,0,0,0,0,0,0,0,0,0,0,0,0,0,0,0,0,0,0,0,0,0,0,0,0,0,0,0,0,0,0,0,0,0,0,0,0,0,0,0,0,0,0,0,0,0,0,0,0,0,0,0,0,0
"H22-08315 - 1",1,2,"5/4/2022",14028897,0,"3/28/1957 0:00:00",0,0,65,"Portugal",89,173,29.73704434,"Hypertensive Nephrosclerosis",3,1,87.73,0,1,2,1.78,41.81285858,2.41,29.06654493,1.37,57.24653194,1.3,60.5871929773098,0,0,0,0,0,0,0,0,0,0,0,0,1.3,0,"2/5/2025 0:00:00",33,1,1,1,"5/12/2022 0:00:00",0,1,2,2,5,0,17,0,0," ",1,6," ",0,1,1,"9/28/2023 0:00:00",1,0,0,0,1,1,65,1,0,165,70,25.7116620752984,0,1,"Head Thrauma",2,0.56,101.2182156,0,1.38,83,0,0,0,1,2,2,5,3,0,0,35.40493096,1,1,1,1,35.40493096,0.403629111,16.2162162162162,62,12,0.162162162,8.53158e-08,419818.1532,181191.2068,316.5428726,81.35414514,1.65127e-08,130202.5,49082.8477,168.4960261,34.4202827,7.04819e-06,69438.79529,80564.09433,92.76139818,37.22615866,60534.59909,96432.4279,75.34156239,30.08484209,2.76588e-07,0.40559924,0.035817138,0.489417766,0.057718794,0.712169015,0.026309238,0.073183159,-0.227429304,7.3754e-06,0.287830985,5122,201,419818.1532,161884.371,0.392340716,163069.05,0.393417766,7.636996229,33.16857648,0.282412667,7.636996229,33.16857648,0.282412667,0.466594572,488085.9286,0.466594572,488085.9286,0.589897743,6391430,0.589897743,6391430,0.46930828,14056.95,0.46930828,14056.95,0.459810302,1673158.375,0.459810302,1673158.375,0,0,0,0,0,0,0,0,0,0,0,0,0,0,0,0,0,0,0,0,0,0,0,0,0,0,0,0,0,0,0,0,0,0,0,0,0,0,0,0,0,0,0,0,0,0,0,0,0,0,0,0,0,0,0,0,0,0,0,0,0,0,0,0,0,0,0,0,0,0,0,0,0,0,0,0,0,0,0,0,0,0,0,0,0,0,0,0,0,0,0,0,0,0,0,0,0,0,0
"H22-08315 - 2",1,2,"5/4/2022",19302739,0,"11/29/1951 0:00:00",0,0,70,"Portugal",72,174,23.78121284,"Chronic glomerulonephritis (IgA)",2,1,64.1,0,1,2,1.48,50.58185659,1.36,55.98376915,1.28,60.20836874,1.32,57.6659032963116,1.35,55.43770963,-1.1140968331558,0,0,0,0,0,0,0,0,0,1.2,55.43770963,"2/5/2025 0:00:00",33,1,1,0,"5/27/2022 0:00:00",0,2,2,0,4,6,18,0,0," ",0,0," ",0,0,0," ",0,0,0,0,2,1,65,1,0,165,70,25.7116620752984,0,1,"Head Thrauma",2,0.56,101.2182156,0,1.38,83,0,0,0,1,1,2,4,3,0,0,21.9225,1,1,0,0,21.9225,0.076145337,12.8205128205128,110,9,0.075630252,1.60586e-07,283538.8409,276097.5121,202.3754727,153.1567375,1.31389e-08,155705.7778,59665.68794,193.6080498,42.84118924,6.60301e-06,75039.79836,81563.66199,90.83599727,37.40281265,85439.8235,119777.3659,77.56039541,37.42446409,2.64237e-07,0.506627688,0.045532409,0.495488553,0.026540375,0.239506121,0.018065522,0.091893967,0.003041994,5.52702e-06,0.760493879,4523,181,419875.1781,113677.5342,0.269303724,125404.8308,0.267891798,6.375502921,30.8868537,0.299397548,6.375502921,30.8868537,0.299397548,0.415069647,82750.58333,0.415069647,82750.58333,0.547504774,458273,0.547504774,458273,0.384718924,15708.75,0.384718924,15708.75,0.453008051,166552.875,0.453008051,166552.875,0,0,0,0,0,0,0,0,0,0,0,0,0,0,0,0,0,0,0,0,0,0,0,0,0,0,0,0,0,0,0,0,0,0,0,0,0,0,0,0,0,0,0,0,0,0,0,0,0,0,0,0,0,0,0,0,0,0,0,0,0,0,0,0,0,0,0,0,0,0,0,0,0,0,0,0,0,0,0,0,0,0,0,0,0,0,0,0,0,0,0,0,0,0,0,0,0,0,0
"H22-11514 - 2",1,2,"6/22/2022",6004348,0,"8/28/1978 0:00:00",1,0,43,"Portugal",53,161,20.44674202,"Lupus",2,1,70.7,0,1,2,0.79,95.12412369,0.79,95.12412369,0.85,87.12453389,0.91,79.7797186017522,0.95,74.8293253,-2.4751966508761,0,0,0,0,0,0,0,0,0,0.83,74.8293253,"2/5/2025 0:00:00",32,1,1,1,"7/8/2022 0:00:00",0,0,0,0,0,14,17,0,0," ",0,0," ",0,0,0," ",0,0,1,0,2,0,41,0,0,170,80,27.681660899654,1,1,"Anoxia",5,0.96,101.8386339,0,1.1,62,0,0,0,1,1,2,4,4,0,0,10.03127438,0,0,0,0,10.03127438,0.546324991,7.89473684210526,70,5,0.066666667,1.24103e-07,570139.3071,244606.914,355.1083922,111.2904876,8.8645e-09,193899.7,55849.31745,214.6648296,37.38196004,1.2233e-05,39168.1163,33609.54802,77.32157941,26.45954849,33958.71053,47752.71803,65.75914177,22.12124113,3.43942e-07,0.39009449,0.070755966,0.479143741,0.04599502,0.722029176,0,0.147671691,-0.265896932,1.24081e-05,0.277970824,6900,194,578401.1087,219482.7101,0.376975301,225412.4627,0.367399172,8.294711853,27.85096317,0.303214094,8.294711853,27.85096317,0.303214094,0.433103065,305776.9737,0.433103065,305776.9737,0.626170846,2628740.5,0.626170846,2628740.5,0.276057958,14944.4,0.276057958,14944.4,0.607597629,628924.2778,0.607597629,628924.2778,0,0,0,0,0,0,0,0,0,0,0,0,0,0,0,0,0,0,0,0,0,0,0,0,0,0,0,0,0,0,0,0,0,0,0,0,0,0,0,0,0,0,0,0,0,0,0,0,0,0,0,0,0,0,0,0,0,0,0,0,0,0,0,0,0,0,0,0,0,0,0,0,0,0,0,0,0,0,0,0,0,0,0,0,0,0,0,0,0,0,0,0,0,0,0,0,0,0,0
"H22-12296 - 1",1,2,"7/5/2022",21010063,0,"3/5/1960 0:00:00",0,0,62,"Portugal",78,172,26.36560303,"Chronic glomerulonephritis (FSGS)",2,1,22.03,0,1,2,1.07,78.46145399,1.37,58.32465849,1.18,69.76835388,1.03,81.6227472013853,0.92,92.3141913,5.34572204930735,0,0,0,0,0,0,0,0,0,1.08,92.3141913,"2/5/2025 0:00:00",31,1,1,1,"7/12/2022 0:00:00",0,1,1,0,2,0,19,0,0," ",0,0," ",0,0,0," ",0,0,0,0,1,1,75,0,0,170,90,31.1418685121107,1,0,"Stroke (unspecified)",1,0.61,100.1669391,0,1.38,83,0,0,0,1,2,2,5,5,0,0,6.142382157,0,0,0,1,0,0.775050864,1.92307692307692,103,2,0.019047619,1.697e-07,362605.7961,188395.5134,283.2199354,98.83433343,3.29514e-09,140200.5,5245,187.5976033,0.373139095,1.14325e-05,36779.22669,44122.96443,73.73761416,24.62173607,16358.24191,17124.15098,52.4484374,16.4267969,3.06448e-07,0.435191448,0.061534104,0.420478112,0.067779657,0.33602958,0.009469244,0.146343179,-0.372968404,1.38705e-05,0.66397042,6939,186,380558.1582,168167.6327,0.43993631,175782.8172,0.438797003,7.13292306,25.84422988,0.207853875,7.299003583,26.8934831,0.196894569,0.388748595,491166.7895,0.388748595,491166.7895,0.52354239,8073510.5,0.52354239,8073510.5,0.338302384,16619.89286,0.338302384,16619.89286,0.529997988,1819898.1,0.529997988,1819898.1,0,0,0,0,0,0,0,0,0,0,0,0,0,0,0,0,0,0,0,0,0,0,0,0,0,0,0,0,0,0,0,0,0,0,0,0,0,0,0,0,0,0,0,0,0,0,0,0,0,0,0,0,0,0,0,0,0,0,0,0,0,0,0,0,0,0,0,0,0,0,0,0,0,0,0,0,0,0,0,0,0,0,0,0,0,0,0,0,0,0,0,0,0,0,0,0,0,0,0
"H22-15750 - 1",1,2,"8/30/2022",14022977,0,"9/18/1962 0:00:00",0,0,59,"Portugal",77,172,26.02758248,"ADPKD",4,2,25.47,0,1,2,1.18,71.08230447,1.19,70.36611183,1,86.70016178,1,86.162620779669,1.01,84.08746048,-1.0375801498345,0,0,0,0,0,0,0,0,0,0.98,84.08746048,"2/5/2025 0:00:00",29,1,1,1,"9/16/2022 0:00:00",0,0,2,2,4,2,24,0,0," ",0,0," ",0,0,0," ",0,0,0,0,1,1,60,0,0,170,80,27.681660899654,0,0,"Stroke (unspecified)",1,0.7,105.4847113,0,0.99,50,0,0,0,1,1,2,4,1,0,0,9.859261374,0,0,0,0,0,0.267550494,10,17,2,0.105263158,1.10355e-07,275743.9412,133401.2659,239.4739984,79.75531315,1.29829e-08,107895.25,25355.25,149.5881895,20.58818954,8.93224e-06,42434.10429,38410.53176,76.14870675,27.79027897,21483.43762,21542.62249,56.00775713,15.63703915,3.31064e-07,0.443875104,0.030429652,0.379031722,0.058493603,0.365383641,0.011973906,0.0802826,-0.214968717,1.20174e-05,0.634616359,1376,51,292461.9375,103093.4375,0.363514064,107822.6667,0.352681566,7.191311625,27.19893605,0.328500526,7.191311625,27.19893605,0.328500526,0.477561904,29182.25,0.477561904,29182.25,0.55372705,72805,0.55372705,72805,0.482118816,16732.11111,0.482118816,16732.11111,0.463891168,66532.66667,0.463891168,66532.66667,0,0,0,0,0,0,0,0,0,0,0,0,0,0,0,0,0,0,0,0,0,0,0,0,0,0,0,0,0,0,0,0,0,0,0,0,0,0,0,0,0,0,0,0,0,0,0,0,0,0,0,0,0,0,0,0,0,0,0,0,0,0,0,0,0,0,0,0,0,0,0,0,0,0,0,0,0,0,0,0,0,0,0,0,0,0,0,0,0,0,0,0,0,0,0,0,0,0,0
"H22-15750 - 2",1,2,"8/30/2022",19692052,0,"1/4/1985 0:00:00",0,2,37,"Bangladesh",65,170,22.49134948,"atipical HUS",4,1,89.97,0,3,1,0.99,100.618964,1.12,86.77216785,1.04,94.84229788,0.96,103.756565528121,0.83,113.4665094,4.8549719359395,0,0,0,0,0,0,0,0,0,0.91,113.4665094,"2/5/2025 0:00:00",29,1,1,1,"9/6/2022 0:00:00",0,1,2,2,5,6.38,26,0,0," ",0,0," ",0,0,0," ",0,0,0,0,2,1,60,0,0,170,80,27.681660899654,0,0,"Stroke (unspecified)",1,0.7,105.4847113,0,0.99,50,0,0,0,1,1,2,4,2,0,0,14.2896,0,0,0,0,14.2896,0.10282866,3.7037037037037,110,4,0.035087719,2.23037e-07,360485.5318,188552.0058,287.7551484,105.0756094,8.11043e-09,136453.125,43696.17146,190.3605725,28.58500381,1.10119e-05,41706.75161,40170.09148,78.32705077,27.75092714,29328.50784,30943.08654,60.26392271,16.22503555,2.71699e-07,0.486374171,0.080401527,0.459271971,0.023426155,0.471475342,0.01355602,0.175062996,0.09015416,1.20789e-05,0.528524658,5431,134,367138.0417,128852.8796,0.345894287,139621.2323,0.345813354,6.414629567,25.30783108,0.340431692,6.414629567,25.30783108,0.340431692,0.473289175,140350.6765,0.473289175,140350.6765,0.791666291,800755.5,0.791666291,800755.5,0.365091921,12726.54167,0.365091921,12726.54167,0.732962582,446648.6,0.732962582,446648.6,0,0,0,0,0,0,0,0,0,0,0,0,0,0,0,0,0,0,0,0,0,0,0,0,0,0,0,0,0,0,0,0,0,0,0,0,0,0,0,0,0,0,0,0,0,0,0,0,0,0,0,0,0,0,0,0,0,0,0,0,0,0,0,0,0,0,0,0,0,0,0,0,0,0,0,0,0,0,0,0,0,0,0,0,0,0,0,0,0,0,0,0,0,0,0,0,0,0,0
"H22-15991 - 1",1,2,"9/3/2022",19072146,0,"6/21/1957 0:00:00",1,0,65,"Portugal",81,169,28.36035153,"Diabetic nephropathy",1,1,50.07,0,1,2,2.17,24.67569144,1.99,27.37772267,1.42,41.04639293,1.6,35.3489098434572,1.69,32.69293742,-1.3279862117286,0,0,0,0,0,0,0,0,0,1.29,32.69293742,"2/5/2025 0:00:00",29,0,0,0,"9/20/2022 0:00:00",0,1,0,1,2,36,18,0,0," ",0,0," ",0,0,0," ",0,0,0,0,1,1,74,0,0,175,85,27.7551020408163,1,0,"Stroke (unspecified)",1,0.85,91.18229207,0,1.39,84,0,0,0,1,2,2,5,4,0,0,33.3596,1,1,1,1,33.3596,0.973908728,10.7142857142857,53,8,0.131147541,1.19366e-07,360721.8962,156745.7168,293.2199728,83.56282463,1.80175e-08,74076.125,38059.12494,133.3156506,51.95250037,1.07835e-05,43687.80472,39129.28527,80.93376473,26.04068607,24016.6394,33850.55613,57.88105446,16.13571679,3.13054e-07,0.35939981,0.04305796,0.47110687,0.037328369,0.355850034,0.031673529,0.091397436,-0.448388419,1.22758e-05,0.644149966,4788,139,367249.9135,167106.3846,0.459515474,173171,0.439612181,6.994852046,23.62277427,0.26900458,6.994852046,23.62277427,0.26900458,0.408373927,363534.9474,0.408373927,363534.9474,0.57405512,5234570.5,0.57405512,5234570.5,0.346231544,15891.70833,0.346231544,15891.70833,0.514903727,959494.7857,0.514903727,959494.7857,0,0,0,0,0,0,0,0,0,0,0,0,0,0,0,0,0,0,0,0,0,0,0,0,0,0,0,0,0,0,0,0,0,0,0,0,0,0,0,0,0,0,0,0,0,0,0,0,0,0,0,0,0,0,0,0,0,0,0,0,0,0,0,0,0,0,0,0,0,0,0,0,0,0,0,0,0,0,0,0,0,0,0,0,0,0,0,0,0,0,0,0,0,0,0,0,0,0,0
"H22-15991 - 2",1,2,"9/2/2022",19042317,0,"4/22/1958 0:00:00",1,0,64,"Portugal",64,162,24.38652644,"ADPKD",4,1,60.73,0,1,2,1.4,42.01151821,1.06,58.66174542,0.95,66.90424787,0.83,78.1856949402795,0.74,88.62187467,5.21808986486025,0,0,0,0,0,0,0,0,0,0.7,88.62187467,"2/5/2025 0:00:00",29,1,1,1,"9/16/2022 0:00:00",0,1,1,2,4,8,15,0,0," ",0,0," ",0,0,0," ",0,0,0,0,2,1,74,0,0,175,85,27.7551020408163,1,0,"Stroke (unspecified)",1,0.85,91.18229207,0,1.39,84,0,0,0,1,2,2,5,4,0,0,44.839,1,1,1,1,44.839,2.101312737,13.1578947368421,67,10,0.12987013,2.21539e-07,309987.0672,154360.4484,255.1945091,88.03290517,3.30655e-08,110859.55,31128.04088,165.9399911,29.68197003,1.27137e-05,37164.06528,28221.72365,77.16917292,24.46804979,27899.65206,41737.84614,56.41207037,18.85640738,4.86062e-07,0.40972826,0.068674096,0.472491644,0.036576971,0.308450048,0.011381865,0.145344573,-0.377394158,1.20745e-05,0.691549952,3845,147,333923.0887,151709.1613,0.430177922,151709.1613,0.430177922,7.731958433,32.12288279,0.153120688,7.731958433,32.12288279,0.153120688,0.344861338,81231.78947,0.344861338,81231.78947,0.181646943,753366.5,0.181646943,753366.5,0.326793673,12684.5,0.326793673,12684.5,0.412615083,338284.125,0.412615083,338284.125,0,0,0,0,0,0,0,0,0,0,0,0,0,0,0,0,0,0,0,0,0,0,0,0,0,0,0,0,0,0,0,0,0,0,0,0,0,0,0,0,0,0,0,0,0,0,0,0,0,0,0,0,0,0,0,0,0,0,0,0,0,0,0,0,0,0,0,0,0,0,0,0,0,0,0,0,0,0,0,0,0,0,0,0,0,0,0,0,0,0,0,0,0,0,0,0,0,0,0
"H22-17837 - 1",1,2,"9/30/2022",15031765,0,"4/6/1956 0:00:00",1,0,66,"Portugal",65,156,26.70940171,"Chronic glomerulonephritis (unspecified)",2,2,36.83,0,1,2,0.91,69.57774242,0.95,66.07720699,0.99,62.88655011,1.14,52.7634487949557,1.18,49.99868387,-1.38238246247785,0,0,0,0,0,0,0,0,0,1.44,49.99868387,"2/5/2025 0:00:00",28,1,0,0,"10/14/2022 0:00:00",0,1,1,2,4,4.26,18,0,0," ",0,0," ",0,0,0," ",0,0,0,0,1,1,74,0,0,168,81,28.6989795918367,0,0,"Stroke (unspecified)",1,0.5,107.0301365,0,1.2,71,0,0,0,1,2,2,5,4,0,0,8.069799222,0,0,0,1,0,0.270756563,4.65116279069767,84,4,0.045454545,1.22555e-07,397094.2202,204639.0665,300.1590355,100.5225328,5.83593e-09,164181.125,31591.28558,199.5186022,15.37294244,9.7781e-06,48743.68815,49709.75015,79.75770287,25.34093283,34666.37585,41469.18779,61.13259637,16.92864837,3.67664e-07,0.414728897,0.048665704,0.476620771,0.062916944,0.400773964,0.013061842,0.102105713,0.037401779,1.04569e-05,0.599226036,6702,252,406769.2134,121510.9024,0.308512072,128332.9351,0.297574138,6.062120546,31.24331042,0.262681719,6.061644215,31.22439859,0.263153528,0.371697013,33494.80556,0.371697013,33494.80556,0.509592948,157941,0.509592948,157941,0.322491817,9075.227273,0.322491817,9075.227273,0.449019464,71868.42857,0.449019464,71868.42857,0,0,0,0,0,0,0,0,0,0,0,0,0,0,0,0,0,0,0,0,0,0,0,0,0,0,0,0,0,0,0,0,0,0,0,0,0,0,0,0,0,0,0,0,0,0,0,0,0,0,0,0,0,0,0,0,0,0,0,0,0,0,0,0,0,0,0,0,0,0,0,0,0,0,0,0,0,0,0,0,0,0,0,0,0,0,0,0,0,0,0,0,0,0,0,0,0,0,0
"H22-17837 - 2",1,2,"9/30/2022",97008060,0,"10/6/1954 0:00:00",0,0,67,"Portugal",61,162,23.24340802,"Other",6,1,24.97,0,1,2,0.99,83.49291303,0.88,94.24716747,0.75,98.9084901,0.88,93.6628350343408,0.67,100.4441066,3.3906357828296,0,0,0,0,0,0,0,0,0,0.6,100.4441066,"2/5/2025 0:00:00",28,1,1,1,"10/7/2022 0:00:00",0,1,1,1,3,2.04,22,0,0," ",0,0," ",0,0,0," ",0,0,0,0,2,1,74,0,0,168,81,28.6989795918367,0,0,"Stroke (unspecified)",1,0.5,107.0301365,0,1.2,71,0,0,0,1,2,2,5,4,0,0,43.13689842,1,1,1,1,43.13689842,0.376181439,5,122,10,0.075757576,1.48738e-07,400502.7254,197659.1943,304.620209,103.8576994,1.21917e-08,76385.3,51623.24105,131.9784957,68.50822336,1.06897e-05,46010.06723,43105.56005,83.87295796,25.23817763,26517.00161,24536.39561,64.06758275,15.67714889,2.96258e-07,0.419012635,0.059570111,0.491831697,0.045226887,0.432420049,0.01861559,0.121118894,0.108825785,1.18765e-05,0.567579951,8768,243,427632.4825,123533.0263,0.280785933,132068.8447,0.291851216,5.730889632,28.08813084,0.26624915,5.788016382,28.91459076,0.258631496,0.429717902,1251989.938,0.429717902,1251989.938,0.473295963,7657531.5,0.473295963,7657531.5,0.425799386,19239,0.425799386,19239,0.431024073,1662906.917,0.431024073,1662906.917,0,0,0,0,0,0,0,0,0,0,0,0,0,0,0,0,0,0,0,0,0,0,0,0,0,0,0,0,0,0,0,0,0,0,0,0,0,0,0,0,0,0,0,0,0,0,0,0,0,0,0,0,0,0,0,0,0,0,0,0,0,0,0,0,0,0,0,0,0,0,0,0,0,0,0,0,0,0,0,0,0,0,0,0,0,0,0,0,0,0,0,0,0,0,0,0,0,0,0
"H22-19768 - 1",1,2,"10/27/2022",18012841,0,"11/30/1969 0:00:00",0,0,52,"Portugal",71,165,26.07897153,"Diabetic nephropathy",1,1,52.23,0,3,1,2.06,38.04401082,1.34,63.73840669,1.67,48.94036405,1.5,55.3243655922698,1.43,57.865631,1.2706327038651,0,0,0,0,0,0,0,0,0,1.39,57.865631,"2/5/2025 0:00:00",27,1,1,0,"11/25/2022 0:00:00",0,2,1,1,4,2.13,14,1,0," ",0,0," ",0,0,0," ",0,0,0,0,1,1,76,0,0,165,100,36.7309458218549,1,1,"Stroke (unspecified)",1,0.7,95.49340897,0,1.9,99,1,0,0,1,3,2,6,5,0,0,59.7912,1,1,1,1,59.7912,0.102996562,4.76190476190476,125,6,0.045801527,1.96431e-07,527774.312,263945.0199,343.904048,124.5368612,9.42867e-09,180763.8333,109168.5237,169.2759288,79.20854295,1.06167e-05,52684.65534,48799.85665,88.67513135,31.34288118,16486.5,0,68.46897107,0,4.65148e-07,0.437934908,0.103671018,0.559336145,0.031815573,0.258587427,0,0.185346537,-0.226411715,1.0823e-05,0.741412573,6756,296,583602.6429,94593.94643,0.164200009,101976.5743,0.170607896,5.249203405,33.66226138,0.187173795,5.249203405,33.66226138,0.187173795,0.536605636,177236.5161,0.536605636,177236.5161,0.880649153,2537692,0.880649153,2537692,0.516335585,18869.04167,0.516335585,18869.04167,0.549407773,277258.0789,0.549407773,277258.0789,0,0,0,0,0,0,0,0,0,0,0,0,0,0,0,0,0,0,0,0,0,0,0,0,0,0,0,0,0,0,0,0,0,0,0,0,0,0,0,0,0,0,0,0,0,0,0,0,0,0,0,0,0,0,0,0,0,0,0,0,0,0,0,0,0,0,0,0,0,0,0,0,0,0,0,0,0,0,0,0,0,0,0,0,0,0,0,0,0,0,0,0,0,0,0,0,0,0,0
"H22-19768 - 2",1,2,"10/27/2022",20045515,0,"9/6/1954 0:00:00",0,0,68,"Portugal",85,170,29.41176471,"Chronic glomerulonephritis (unspecified)",2,2,28.4,0,1,2,8.36,6.413030518,3.47,18.42109617,2.68,25.11591975,2.98,21.9760844371814,2.99,21.61734685,-0.179368793590699,1,1,0,0,0,1,1,0,0,2.44,21.61734685,"2/5/2025 0:00:00",27,0,0,0,"12/9/2022 0:00:00",0,1,1,2,4,0,19,1,0," ",0,0," ",0,0,0," ",0,0,0,0,2,1,76,0,0,165,100,36.7309458218549,1,1,"Stroke (unspecified)",1,0.7,95.49340897,0,1.9,99,1,0,0,0,3,2,5,4,0,0,81.22915609,1,1,1,1,0,0.018305018,0,110,0,0,1.54155e-07,514088.85,261775.9949,338.3339363,109.0915474,0,0,0,0,0,1.00187e-05,54144.18604,55312.61126,90.25415984,32.24706871,16947.7879,10250.5065,61.21904716,16.84876066,3.32133e-07,0.444563891,0.07924925,0.542452126,0.035633045,0.496072771,0.009252293,0.146094459,-0.359931014,1.06949e-05,0.503927229,7149,237,523569.9444,132720.8148,0.260864572,137510.8558,0.264446926,5.786862126,36.90210536,0.175805866,5.786862126,36.90210536,0.175805866,0.466846052,202245.62,0.466846052,202245.62,0.503735067,2080857.5,0.503735067,2080857.5,0.392906512,25389.5,0.392906512,25389.5,0.49019538,258094.9211,0.49019538,258094.9211,0,0,0,0,0,0,0,0,0,0,0,0,0,0,0,0,0,0,0,0,0,0,0,0,0,0,0,0,0,0,0,0,0,0,0,0,0,0,0,0,0,0,0,0,0,0,0,0,0,0,0,0,0,0,0,0,0,0,0,0,0,0,0,0,0,0,0,0,0,0,0,0,0,0,0,0,0,0,0,0,0,0,0,0,0,0,0,0,0,0,0,0,0,0,0,0,0,0,0
"H22-20281 - 2",1,2,"11/4/2022",19007473,0,"3/14/1965 0:00:00",1,0,57,"Portugal",51.3,160,20.0390625,"Undetermined",5,2,41.87,0,1,2,0.88,76.60372097,1.05,61.97291343,0.86,78.74644029,0.84,80.499451529777,0.7,98.94831466,9.22443156511149,0,0,0,0,0,0,0,0,0,0.71,98.94831466,"2/5/2025 0:00:00",27,1,1,1,"11/15/2022 0:00:00",0,0,0,0,0,0,22,0,0," ",0,0," ",0,0,0," ",0,0,0,0,2,0,43,0,0,172,63,21.295294753921,0,0,"Head Thrauma",2,0.75,114.8306318,0,0.82,29,0,0,0,0,2,2,4,3,0,0,9.137863306,0,0,0,1,0,0.554741766,0,46,0,0,1.0824e-07,464736.2174,289720.387,319.5963238,123.3272188,0,0,0,0,0,6.66855e-06,79728.6265,82343.13231,103.9856491,39.28930149,0,0,0,0,2.30599e-07,0.413668241,0.050303262,0.531674621,0.039904239,0,0,0.094612871,-0.016096451,6.77679e-06,0,2834,98,504308.2857,120274.2857,0.251735181,125309.475,0.254929402,5.69426625,39.09451075,0.174384933,5.69426625,39.09451075,0.174384933,0.468303016,195807.1364,0.468303016,195807.1364,0.587847235,1025308.5,0.587847235,1025308.5,0.43789381,21467.25,0.43789381,21467.25,0.504794062,405015,0.504794062,405015,0,0,0,0,0,0,0,0,0,0,0,0,0,0,0,0,0,0,0,0,0,0,0,0,0,0,0,0,0,0,0,0,0,0,0,0,0,0,0,0,0,0,0,0,0,0,0,0,0,0,0,0,0,0,0,0,0,0,0,0,0,0,0,0,0,0,0,0,0,0,0,0,0,0,0,0,0,0,0,0,0,0,0,0,0,0,0,0,0,0,0,0,0,0,0,0,0,0,0
"H22-20323 - 1",1,2,"11/6/2022",5011847,0,"3/3/1958 0:00:00",0,0,64,"Portugal",95,178,29.98358793,"Diabetic nephropathy",1,2,24.17,0,1,2,0.88,96.02212868,2.39,29.5418296,1.17,69.61323812,1.35,58.2657498719751,1.35,57.54549431,-0.36012778098755,0,0,0,0,0,0,0,0,0,1.32,57.54549431,"2/5/2025 0:00:00",27,1,1,0,"11/14/2022 0:00:00",0,1,2,2,5,0,12,0,0," ",0,0," ",0,0,0," ",0,0,0,0,1,1,61,0,0,169,71,24.8590735618501,1,0,"Head Thrauma",2,0.6,109.8263225,0,1.09,60,0,0,0,0,1,2,3,3,0,0,5.288717648,0,0,0,0,0,0.065643059,0,100,1,0.00990099,1.48387e-07,424151.32,219973.758,308.9030604,102.2748712,1.48387e-09,241075.5,0,232.4069706,0,1.02372e-05,55181.94282,66385.44026,84.23357816,30.37701219,37212.7,87232.25176,52.89112356,22.57275013,1.67677e-07,0.460887067,0.062938406,0.564908423,0.023265339,0.528252661,0,0.111413468,-0.392429538,1.04226e-05,0.471747339,6899,113,440907.4635,113947.5104,0.251700907,118949.1758,0.256097638,6.467513194,19.01292242,0.291933086,6.467513194,19.01292242,0.291933086,0.448259142,68303.92857,0.448259142,68303.92857,0.498872852,338915.5,0.498872852,338915.5,0.436089827,17605.7,0.436089827,17605.7,0.478682431,195049.5,0.478682431,195049.5,0,0,0,0,0,0,0,0,0,0,0,0,0,0,0,0,0,0,0,0,0,0,0,0,0,0,0,0,0,0,0,0,0,0,0,0,0,0,0,0,0,0,0,0,0,0,0,0,0,0,0,0,0,0,0,0,0,0,0,0,0,0,0,0,0,0,0,0,0,0,0,0,0,0,0,0,0,0,0,0,0,0,0,0,0,0,0,0,0,0,0,0,0,0,0,0,0,0,0
"H22-20323 - 2",1,2,"11/6/2022",19061301,0,"4/29/1960 0:00:00",1,0,62,"Portugal",56,154,23.61275089,"ADPKD",4,1,25.27,0,1,2,0.61,101.0207349,0.65,99.48621196,0.72,94.47677033,0.69,97.4566268216216,0.56,101.2182156,1.8807943891892,0,0,0,0,0,0,0,0,0,0.66,101.2182156,"2/5/2025 0:00:00",27,1,1,1,"11/14/2022 0:00:00",0,1,2,1,4,0,13,0,0," ",0,0," ",0,0,0," ",0,0,0,0,2,1,61,0,0,169,71,24.8590735618501,1,0,"Head Thrauma",2,0.6,109.8263225,0,1.09,60,0,0,0,1,1,2,4,3,0,0,24.1074,1,1,0,0,24.1074,0.417285862,4.76190476190476,84,5,0.056179775,1.0017e-07,429046.0952,259578.5777,298.1610674,130.4040033,5.96253e-09,155151.8,85280.49887,182.1658892,43.01149632,9.54124e-06,57068.78465,72504.36675,85.24749177,31.95829453,24358.06579,26878.01414,61.35791283,23.11535155,1.87223e-07,0.502226182,0.042977742,0.544506721,0.017876403,0.448595741,0.015042543,0.078929681,-0.475576459,1.09888e-05,0.551404259,8001,157,473421.5789,152582.0658,0.315299737,157794.2329,0.316799306,7.021476032,21.60880667,0.268369744,7.020671381,21.60532317,0.268491865,0.432068772,104320.2917,0.432068772,104320.2917,0.490043485,538980.5,0.490043485,538980.5,0.409664954,24441,0.409664954,24441,0.454472591,184199.5833,0.454472591,184199.5833,0,0,0,0,0,0,0,0,0,0,0,0,0,0,0,0,0,0,0,0,0,0,0,0,0,0,0,0,0,0,0,0,0,0,0,0,0,0,0,0,0,0,0,0,0,0,0,0,0,0,0,0,0,0,0,0,0,0,0,0,0,0,0,0,0,0,0,0,0,0,0,0,0,0,0,0,0,0,0,0,0,0,0,0,0,0,0,0,0,0,0,0,0,0,0,0,0,0,0
"H22-21560 - 2",1,2,"11/23/2022",9020992,0,"1/2/1960 0:00:00",0,0,62,"Portugal",72,155,29.96878252,"Chronic glomerulonephritis (FSGS)",2,1,21.87,0,1,2,2.26,31.98797575,2.83,24.42154651,2.61,26.91214266,2.34,30.4899595791719,2.93,22.9917865,-3.74908653958595,1,1,0,0,0,1,1,0,0,2.95,22.9917865,"2/5/2025 0:00:00",26,0,0,0,"12/22/2022 0:00:00",0,2,2,2,6,0,17,1,0," ",0,0," ",0,0,0," ",0,0,0,0,2,1,74,0,0,155,72,29.9687825182102,1,0,"Meningitis",3,0.9,89.62182486,0,1.54,91,1,0,0,0,1,2,3,3,0,0,10.69233996,0,0,0,0,10.69233996,0.307185965,0,38,0,0,1.06682e-07,371917.1842,249589.6647,274.8201947,135.6147506,0,0,0,0,0,6.85575e-06,54147.4998,55909.62123,86.61057389,30.20711968,20531.94608,24843.24237,56.55418468,17.96903242,3.20047e-07,0.459427235,0.039677024,0.371221663,0.043061238,0.282225201,0.01938164,0.106882296,-0.23863378,1.12164e-05,0.717774799,2442,114,439826.8281,211666.8125,0.475268262,224007.5333,0.481529477,7.954324579,33.97534915,0.256491221,7.954324579,33.97534915,0.256491221,0.433419699,42929.75,0.433419699,42929.75,0.344837947,257473.5,0.344837947,257473.5,0.474984742,17299.88889,0.474984742,17299.88889,0.308724571,119819.3333,0.308724571,119819.3333,0,0,0,0,0,0,0,0,0,0,0,0,0,0,0,0,0,0,0,0,0,0,0,0,0,0,0,0,0,0,0,0,0,0,0,0,0,0,0,0,0,0,0,0,0,0,0,0,0,0,0,0,0,0,0,0,0,0,0,0,0,0,0,0,0,0,0,0,0,0,0,0,0,0,0,0,0,0,0,0,0,0,0,0,0,0,0,0,0,0,0,0,0,0,0,0,0,0,0
"H22-21587",1,2,"11/22/2022",19759661,0,"8/27/1989 0:00:00",0,0,33,"Portugal",75,172,25.35154137,"Alport Syndrome",2,1,51.33,0,3,1,1.13,88.01404339,0.98,104.4178663,1.03,98.36519009,0.91,113.421510528353,0.89,113.8983747,0.238432085823504,0,0,0,0,0,0,0,0,0,0.96,113.8983747,"2/5/2025 0:00:00",26,1,1,1,"11/30/2022 0:00:00",0,1,2,1,4,9,22,0,0," ",0,0," ",0,0,0," ",0,0,1,0,2,0,35,0,0,165,100,36.7309458218549,1,0,"Stroke (unspecified)",1,0.79,118.8094362,0,0.86,34,0,0,0,0,1,2,3,3,0,0,15.10004955,1,0,0,0,15.10004955,5.918214968,0,78,0,0,1.11355e-07,441075.4038,277103.4562,299.0393578,145.2990759,0,0,0,0,0,8.1603e-06,60012.94655,60521.47146,87.50706374,30.83817119,31339.53055,32634.06583,63.88074926,17.5722151,2.25565e-07,0.38535023,0.049115818,0.489723683,0.02428928,0.427565185,0.018506209,0.100292919,0.148169263,9.4156e-06,0.572434815,5716,158,505607.2941,202495.3088,0.407976742,204447.7612,0.403333644,7.04126195,36.41436076,0.193174501,7.04126195,36.41436076,0.193174501,0.482989902,277159.4444,0.482989902,277159.4444,0.45214895,3069990.5,0.45214895,3069990.5,0.383999365,20883.08333,0.383999365,20883.08333,0.532485171,405297.625,0.532485171,405297.625,0,0,0,0,0,0,0,0,0,0,0,0,0,0,0,0,0,0,0,0,0,0,0,0,0,0,0,0,0,0,0,0,0,0,0,0,0,0,0,0,0,0,0,0,0,0,0,0,0,0,0,0,0,0,0,0,0,0,0,0,0,0,0,0,0,0,0,0,0,0,0,0,0,0,0,0,0,0,0,0,0,0,0,0,0,0,0,0,0,0,0,0,0,0,0,0,0,0,0
"H22-21589",1,2,"11/22/2022",1008830,0,"5/27/1974 0:00:00",0,0,48,"Portugal",68.5,164,25.46847115,"Chronic glomerulonephritis (IgA)",2,2,42.4,1,3,1,1.03,89.60377807,1.29,68.39484017,1.23,72.41772171,1.04,88.021745521072,1.22,71.77879641,-8.121474555536,0,1,0,0,0,0,0,0,0,1.14,71.77879641,"2/5/2025 0:00:00",26,1,1,1,"11/29/2022 0:00:00",0,1,2,2,5,54.17,19,0,0," ",0,0," ",0,0,0," ",0,0,1,0,1,0,35,0,0,165,100,36.7309458218549,1,0,"Stroke (unspecified)",1,0.79,118.8094362,0,0.86,34,0,0,0,0,0,0,0,0,0,0,11.93295167,0,0,0,0,11.93295167,0.0044762,0,43,0,0,1.74306e-07,381874.1512,169555.1019,290.0099771,97.60446611,0,0,0,0,0,1.26878e-05,42251.1107,36728.90125,83.80382191,28.18365616,10616.5,2113.370679,46.67102403,8.6928428,3.85094e-07,0.480077391,0.066562853,0.536075155,0.030164592,0.213889253,0,0.124167018,-0.409100684,1.2868e-05,0.786110747,3130,95,410457.6125,148511.125,0.35863221,151225.1795,0.356191728,5.635348036,23.22390187,0.305938133,5.635348036,23.22390187,0.305938133,0.522671881,147734.6923,0.522671881,147734.6923,0.684122369,1302075,0.684122369,1302075,0.456805728,13783.11111,0.456805728,13783.11111,0.670870725,449125.75,0.670870725,449125.75,0,0,0,0,0,0,0,0,0,0,0,0,0,0,0,0,0,0,0,0,0,0,0,0,0,0,0,0,0,0,0,0,0,0,0,0,0,0,0,0,0,0,0,0,0,0,0,0,0,0,0,0,0,0,0,0,0,0,0,0,0,0,0,0,0,0,0,0,0,0,0,0,0,0,0,0,0,0,0,0,0,0,0,0,0,0,0,0,0,0,0,0,0,0,0,0,0,0,0
"H22-21858 - 1",1,2,"11/28/2022",20039027,0,"6/14/1956 0:00:00",0,0,66,"Portugal",79,170,27.33564014,"Undetermined",5,1,26.33,0,1,2,2.43,28.60127057,1.9,38.42452731,2.24,31.53662636,1.91,37.9465071276684,1.99,35.67682025,-1.1348434388342,0,0,0,0,0,0,0,0,0,2.1,35.67682025,"2/5/2025 0:00:00",26,0,0,0,"12/9/2022 0:00:00",0,2,2,0,4,7,17,1,0," ",0,0," ",0,0,0," ",0,0,0,0,1,1,69,0,0,170,70,24.2214532871972,0,0,"Head Thrauma",2,0.97,84.50526166,0,1.2,71,0,0,0,1,2,2,5,3,0,0,36.8358,1,1,1,1,36.8358,0.422746881,7.14285714285714,79,5,0.05952381,1.3509e-07,476853.2975,192379.8637,345.0099476,86.84467048,8.55001e-09,85297.9,54695.28976,131.6660297,57.80360392,1.36561e-05,40769.29045,38417.62686,80.7675571,25.41437044,30227.57221,30681.57422,67.24466701,18.74719331,3.4713e-07,0.532115991,0.064418157,0.556748267,0.024296305,0.328305571,0.018655143,0.11570428,0.154778516,1.29551e-05,0.671694429,7986,203,482964.2756,104431.7436,0.215003629,107516.8933,0.214123874,5.677750005,24.22791473,0.349868316,5.691037768,24.08221967,0.353012848,0.39861813,279007.5938,0.39861813,279007.5938,0.427772107,2105886,0.427772107,2105886,0.331912069,21960.07143,0.331912069,21960.07143,0.450500623,478933.4444,0.450500623,478933.4444,0,0,0,0,0,0,0,0,0,0,0,0,0,0,0,0,0,0,0,0,0,0,0,0,0,0,0,0,0,0,0,0,0,0,0,0,0,0,0,0,0,0,0,0,0,0,0,0,0,0,0,0,0,0,0,0,0,0,0,0,0,0,0,0,0,0,0,0,0,0,0,0,0,0,0,0,0,0,0,0,0,0,0,0,0,0,0,0,0,0,0,0,0,0,0,0,0,0,0
"H22-21858 - 2",1,2,"11/28/2022",20034874,0,"3/1/1967 0:00:00",1,0,55,"Portugal",57.5,160,22.4609375,"ADPKD",4,1,29.1,0,1,2,1.28,49.47423913,1.09,59.99558466,1.4,44.43011574,0.76,91.9080959784134,0.94,70.33550992,-10.7862930292067,0,1,0,0,0,0,0,0,0,0.85,70.33550992,"2/5/2025 0:00:00",26,1,1,1,"12/5/2022 0:00:00",0,2,1,1,4,2.27,21,0,0," ",0,0," ",0,0,0," ",0,0,0,0,2,1,69,0,0,170,70,24.2214532871972,0,0,"Head Thrauma",2,0.97,84.50526166,0,1.2,71,0,0,0,1,2,2,5,4,0,0,15.12620772,1,0,0,1,0,0.544742023,11.1111111111111,53,6,0.101694915,1.32186e-07,390016.9717,206836.0933,291.652849,113.7273825,1.49644e-08,133430.9167,7223.589709,184.1927555,6.784454784,1.13655e-05,53195.62245,55975.39744,86.40186948,28.11158814,29366.46701,33782.28423,64.67866149,22.94256571,4.33968e-07,0.53735541,0.051554627,0.604593118,0.021166188,0.315949689,0.016206232,0.085271608,-0.16234032,1.11125e-05,0.684050311,4557,174,412645.13,112931.06,0.312400465,119151.7447,0.285282848,6.338486192,25.84845211,0.32259333,6.338486192,25.84845211,0.32259333,0.411614278,165493.9286,0.411614278,165493.9286,0.487278084,1095174.5,0.487278084,1095174.5,0.366406186,12807.9,0.366406186,12807.9,0.436729884,250319.5,0.436729884,250319.5,0,0,0,0,0,0,0,0,0,0,0,0,0,0,0,0,0,0,0,0,0,0,0,0,0,0,0,0,0,0,0,0,0,0,0,0,0,0,0,0,0,0,0,0,0,0,0,0,0,0,0,0,0,0,0,0,0,0,0,0,0,0,0,0,0,0,0,0,0,0,0,0,0,0,0,0,0,0,0,0,0,0,0,0,0,0,0,0,0,0,0,0,0,0,0,0,0,0,0
"H22-22159 - 1",1,2,"12/1/2022",19340835,0,"11/24/1967 0:00:00",1,0,55,"Portugal",62,170,21.4532872,"ADPKD",4,2,22.87,0,1,2,1.59,38.13770352,1.43,43.31395515,1.63,37.01740429,1.32,47.3850520913361,1.43,42.51330022,-2.43587593566805,0,0,0,0,0,0,0,0,0,1.3,42.51330022,"2/5/2025 0:00:00",26,0,0,0,"12/7/2022 0:00:00",0,1,2,0,3,33,11,0,0," ",0,0," ",0,0,0," ",0,0,0,0,1,1,70,1,0,165,63,23.1404958677686,0,0,"Stroke (unspecified)",1,0.57,97.70147335,0,1.3,78,0,0,0,2,1,0,3,4,0,0,7.267948495,0,0,0,0,7.267948495,0.169177325,33.3333333333333,12,0,0,7.48897e-08,407021.9583,123078.1026,326.6404153,55.39138689,0,0,0,0,0,7.7698e-06,69796.70402,81848.30545,89.96740934,32.57394732,32446.36012,45351.90923,64.31982402,19.86011123,1.24816e-07,0.399113885,0.03048174,0.542306655,0.015541791,0.433275527,0.013322167,0.056207571,-0.202933383,1.07582e-05,0.566724473,1245,20,407021.9583,194930.8333,0.493739613,198524.7273,0.512235262,7.732590692,28.80350588,0.251942882,7.732590692,28.80350588,0.251942882,0.36872073,252786.4,0.36872073,252786.4,0.376610981,1181139.5,0.376610981,1181139.5,0.366748167,20698.125,0.366748167,20698.125,0.376610981,1181139.5,0.376610981,1181139.5,0,0,0,0,0,0,0,0,0,0,0,0,0,0,0,0,0,0,0,0,0,0,0,0,0,0,0,0,0,0,0,0,0,0,0,0,0,0,0,0,0,0,0,0,0,0,0,0,0,0,0,0,0,0,0,0,0,0,0,0,0,0,0,0,0,0,0,0,0,0,0,0,0,0,0,0,0,0,0,0,0,0,0,0,0,0,0,0,0,0,0,0,0,0,0,0,0,0,0
"H22-22159 - 2",1,2,"12/1/2022",21023646,0,"6/25/1956 0:00:00",0,0,66,"Portugal",74,167,26.53375883,"Diabetic nephropathy",1,2,26,0,1,2,1.41,54.96040439,1.8,41.00018805,1.43,54.03928694,1.79,41.0192967104176,1.42,53.48891872,6.2348110047912,0,0,0,0,0,0,0,0,0,1.63,53.48891872,"2/5/2025 0:00:00",26,0,0,0,"12/8/2022 0:00:00",0,2,2,0,4,18,15,0,0," ",0,0," ",0,0,0," ",0,0,0,0,2,1,70,1,0,165,63,23.1404958677686,0,0,"Stroke (unspecified)",1,0.57,97.70147335,0,1.3,78,0,0,0,0,2,2,4,3,0,0,27.81367176,1,1,1,1,27.81367176,1.026454531,0,53,0,0,2.51226e-07,325314.4717,148674.6714,281.4310551,77.12300205,0,0,0,0,0,1.21821e-05,39213.35681,34489.80128,77.31273013,24.70774168,38941.82228,42754.63899,63.34715502,18.28598812,2.32265e-07,0.292293725,0.081727399,0.477700361,0.012586703,0.375013492,0.008688519,0.171085069,-0.023322541,1.18421e-05,0.624986508,2570,49,325314.4717,157812.9245,0.480675018,167131.898,0.479264152,7.413850687,29.23390373,0.181571494,7.413850687,29.23390373,0.181571494,0.287986619,85640.1875,0.287986619,85640.1875,0.442664957,309779,0.442664957,309779,0.202039835,14773.625,0.202039835,14773.625,0.373933403,156506.75,0.373933403,156506.75,0,0,0,0,0,0,0,0,0,0,0,0,0,0,0,0,0,0,0,0,0,0,0,0,0,0,0,0,0,0,0,0,0,0,0,0,0,0,0,0,0,0,0,0,0,0,0,0,0,0,0,0,0,0,0,0,0,0,0,0,0,0,0,0,0,0,0,0,0,0,0,0,0,0,0,0,0,0,0,0,0,0,0,0,0,0,0,0,0,0,0,0,0,0,0,0,0,0,0
"H22-22273",1,2,"12/3/2022",20019160,0,"5/28/1977 0:00:00",0,0,45,"Portugal",80,177,25.53544639,"ADPKD",4,2,22.23,0,1,2,1.51,57.68483801,1.64,52.24219266,1.61,53.41250702,1.4,62.7739364989758,1.42,60.95158142,-0.911177539487902,0,0,0,0,0,0,0,0,0,1.39,60.95158142,"2/5/2025 0:00:00",26,1,1,1,"12/9/2022 0:00:00",0,1,1,2,4,2,13,0,0," ",0,0," ",0,0,0," ",0,0,1,0,1,0,45,1,0,165,75,27.5482093663912,0,0,"Head Thrauma",2,1.04,67.54623648,0,0.86,33,0,0,0,1,1,2,4,4,0,0,18.58578277,1,0,0,0,18.58578277,0.21682725,7.69230769230769,25,1,0.038461538,8.25111e-08,342004.34,123628.0159,288.7354618,59.51565405,3.30044e-09,83184,0,143.8923209,0,9.49538e-06,57706.25287,109503.3142,83.07513204,32.51717039,33755.74196,48574.56407,66.48955314,19.53878505,1.28717e-07,0.484014321,0.028219155,0.547942658,0.016836042,0.414619353,0.005167554,0.051500197,-0.567748354,1.1033e-05,0.585380647,2877,39,342004.34,136048.24,0.411660738,136048.24,0.411660738,8.14657216,21.17983609,0.404215701,8.14657216,21.17983609,0.404215701,0.511905436,145823.4444,0.511905436,145823.4444,0.589181239,646885,0.589181239,646885,0.467248588,19389.21429,0.467248588,19389.21429,0.668204406,588343.25,0.668204406,588343.25,0,0,0,0,0,0,0,0,0,0,0,0,0,0,0,0,0,0,0,0,0,0,0,0,0,0,0,0,0,0,0,0,0,0,0,0,0,0,0,0,0,0,0,0,0,0,0,0,0,0,0,0,0,0,0,0,0,0,0,0,0,0,0,0,0,0,0,0,0,0,0,0,0,0,0,0,0,0,0,0,0,0,0,0,0,0,0,0,0,0,0,0,0,0,0,0,0,0,0
"H22-22506 - 2",1,2,"12/4/2022",21020180,0,"10/4/1957 0:00:00",0,0,65,"Portugal",69,172,23.32341806,"ADPKD",4,1,62.1,0,1,2,2.09,34.48564228,1.27,62.69738062,1.38,56.74909743,1.2,66.6953198264752,1.24,63.32931891,-1.6830004582376,0,0,0,0,0,0,0,0,0,1.44,63.32931891,"2/5/2025 0:00:00",26,1,1,1,"12/14/2022 0:00:00",0,1,1,1,3,2.17,16,0,0," ",0,0," ",0,0,0," ",0,0,0,0,2,1,78,1,0,162,70,26.6727632982777,1,1,"Head Thrauma",2,0.64,90.40022653,0,1.96,99,1,0,0,1,1,2,4,1,0,0,24.41684343,1,1,0,0,24.41684343,0.662523462,6.81818181818182,83,6,0.06741573,1.7633e-07,347269.4639,143104.6926,289.6056547,68.17163616,1.27468e-08,47529.33333,13136.18691,112.2936313,17.21841166,1.15039e-05,39584.55078,35527.28431,77.29184848,25.88972069,20105.65611,21094.3239,58.64614285,17.21297996,3.08047e-07,0.428214247,0.061234082,0.455378693,0.056177748,0.344562311,0.004328207,0.134468484,-0.394097764,1.34775e-05,0.655437689,5415,145,347269.4639,135073.0482,0.398535344,144144.2368,0.39584089,6.688960231,23.01460459,0.317780105,6.688960231,23.01460459,0.317780105,0.518073193,193063.2,0.518073193,193063.2,0.588207414,771147,0.588207414,771147,0.30575838,16887,0.30575838,16887,0.659616401,310514,0.659616401,310514,0,0,0,0,0,0,0,0,0,0,0,0,0,0,0,0,0,0,0,0,0,0,0,0,0,0,0,0,0,0,0,0,0,0,0,0,0,0,0,0,0,0,0,0,0,0,0,0,0,0,0,0,0,0,0,0,0,0,0,0,0,0,0,0,0,0,0,0,0,0,0,0,0,0,0,0,0,0,0,0,0,0,0,0,0,0,0,0,0,0,0,0,0,0,0,0,0,0,0
"H22-23447",1,2,"12/20/2022",9106423,0,"5/8/1990 0:00:00",0,0,32,"Portugal",114,192,30.92447917,"Other",6,1,35.23,0,3,1,1.84,49.33620332,1.5,63.04310602,1.53,61.56266273,1.44,65.7977608848814,1.49,62.37643759,-1.7106616474407,0,0,0,0,0,0,0,0,0,1.43,62.37643759,"2/5/2025 0:00:00",26,1,1,1,"12/27/2022 0:00:00",0,2,2,2,6,0,10,0,0," ",0,0," ",0,0,0," ",0,0,1,0,1,0,27,0,0,183,90,26.8744961031981,0,0,"Head Thrauma",2,0.86,121.7093225,0,0.61,3,0,0,0,0,1,0,1,1,0,0,13.0134007,0,0,0,0,13.0134007,0.01458348,0,70,0,0,1.47849e-07,341952.9857,150139.5251,284.9257102,86.90888317,0,0,0,0,0,1.37436e-05,42427.78646,50338.03744,79.86562927,27.07519191,17586.43662,43471.32843,57.44567172,13.72446713,1.81643e-07,0.440682511,0.050557392,0.583111225,0.033060841,0.57306638,0.001115659,0.086702827,-0.610479851,1.42294e-05,0.42693362,6507,86,351976.3382,117459.9265,0.331470928,123025.2969,0.328728025,7.127791355,21.98925186,0.395779591,7.127791355,21.98925186,0.395779591,0.559267775,115531.381,0.559267775,115531.381,0.790336938,569219,0.790336938,569219,0.484800351,7327.769231,0.484800351,7327.769231,0.680277339,291362.25,0.680277339,291362.25,0,0,0,0,0,0,0,0,0,0,0,0,0,0,0,0,0,0,0,0,0,0,0,0,0,0,0,0,0,0,0,0,0,0,0,0,0,0,0,0,0,0,0,0,0,0,0,0,0,0,0,0,0,0,0,0,0,0,0,0,0,0,0,0,0,0,0,0,0,0,0,0,0,0,0,0,0,0,0,0,0,0,0,0,0,0,0,0,0,0,0,0,0,0,0,0,0,0,0
"H22-23525",1,2,"12/21/2022",20040341,0,"2/1/2000 0:00:00",0,1,22,"Angola",72,180,22.22222222,"Other",6,1,32.5,0,3,1,1.96,48.66871762,2.02,46.93918507,2.17,43.07303838,1.6,61.7038413817542,1.94,48.36064561,-6.6715978858771,0,1,0,0,0,0,0,0,0,1.8,48.36064561,"2/5/2025 0:00:00",26,1,1,1,"12/27/2022 0:00:00",0,2,0,0,2,0,11,0,0," ",0,0," ",0,0,0," ",0,0,1,0,1,0,17,0,0,173,65,21.7180660897457,0,0,"Anoxia",5,1.7,59.5557257,0,0.74,17,0,0,0,0,1,0,1,0,0,0,16.79121949,1,0,0,0,16.79121949,0.70748047,0,24,0,0,1.36997e-07,212781.75,136380.4851,212.7514229,101.4416846,0,0,0,0,0,7.27799e-06,55952.10745,160483.8564,71.48240733,37.08386299,39444.77575,67847.33051,56.44751992,23.75585371,1.5983e-07,0.233981186,0.029150565,0.407218965,0.009697721,0.450400025,0.003456288,0.071584498,-0.434915276,8.17142e-06,0.549599975,1275,28,212781.75,159944.1579,0.669633916,172481.7647,0.611088751,8.591811539,30.62874186,0.149309867,8.591811539,30.62874186,0.149309867,0.366450016,64210.5,0.366450016,64210.5,0.584375603,397416,0.584375603,397416,0.335317789,16609.71429,0.335317789,16609.71429,0.584375603,397416,0.584375603,397416,0,0,0,0,0,0,0,0,0,0,0,0,0,0,0,0,0,0,0,0,0,0,0,0,0,0,0,0,0,0,0,0,0,0,0,0,0,0,0,0,0,0,0,0,0,0,0,0,0,0,0,0,0,0,0,0,0,0,0,0,0,0,0,0,0,0,0,0,0,0,0,0,0,0,0,0,0,0,0,0,0,0,0,0,0,0,0,0,0,0,0,0,0,0,0,0,0,0,0
"XH13-06026 2",0,0,"5/8/2013",0,0," ",0,0,0," ",0,0,0," ",4,0,0,0,0,0,0,0,0,0,0,0,0,0,0,0,0,0,0,0,0,0,0,0,0,0,0,0," ",0,0,0,0," ",0,0,0,0,0,0,0,0,0," ",0,0," ",0,0,0," ",0,0,0,0,0,1,65,0,0,170,80,27.681660899654,1,0,"Stroke (unspecified)",1,0.9,94.78134145,0,1.43,86,1,0,0,2,3,4,9,9,0,0,89.5899,1,1,1,1,89.5899,10.75833736,24,45,13,0.224137931,1.79744e-07,468130.9556,245063.7919,314.5546058,115.5397959,5.1926e-08,202405.5,110626.9266,208.0232126,93.14977987,1.60052e-05,50781.95208,58304.23768,82.7328323,37.32876148,31230.57541,42275.24577,61.31471613,26.00747467,9.7461e-07,0.839412068,0.084143584,0.81277412,0.201181529,0.341595089,0.019540202,0.103526407,-0.538620998,1.51143e-05,0.658404911,4007,244,525425.9359,88658.05128,0.174123273,136008.7727,0.272386006,5.796473516,15.38723402,0.373010472,5.796473516,15.38723402,0.373010472,0.796834506,120161.8214,0.796834506,120161.8214,0.968513888,654829.5,0.968513888,654829.5,0.688710882,15635.5,0.688710882,15635.5,0.90495813,224688.1429,0.90495813,224688.1429,0,0,0,0,0,0,0,0,0,0,0,0,0,0,0,0,0,0,0,0,0,0,0,0,0,0,0,0,0,0,0,0,0,0,0,0,0,0,0,0,0,0,0,0,0,0,0,0,0,0,0,0,0,0,0,0,0,0,0,0,0,0,0,0,0,0,0,0,0,0,0,0,0,0,0,0,0,0,0,0,0,0,0,0,0,0,0,0,0,0,0,0,0,0,0,0,0,0,0
"XH14-13191 2",0,0,"10/1/2014",0,0," ",0,0,0," ",0,0,0," ",0,0,0,0,0,0,0,0,0,0,0,0,0,0,0,0,0,0,0,0,0,0,0,0,0,0,0,0," ",0,0,0,0," ",0,0,0,0,0,0,0,0,0," ",0,0," ",0,0,0," ",0,0,0,0,0,1,65,0,0,170,80,27.681660899654,1,0,"Stroke (unspecified)",1,0.9,94.78134145,0,1.43,86,1,0,0,1,3,2,6,5,0,0,8.416163962,0,0,0,1,0,0.581710019,5.88235294117647,16,1,0.058823529,2.52546e-07,492199.625,240486.1396,338.8349607,99.91243381,1.57841e-08,268487.5,0,232.5510697,0,2.66909e-05,50325.89917,48305.87821,80.7742288,29.97286394,35289.92257,42477.65664,61.50072488,18.97778739,1.70469e-06,0.790543332,0.124303011,1.343245942,0.131152214,0.370042973,0.017027264,0.092539279,-0.295243646,2.27777e-05,0.629957027,1691,108,492199.625,48531.5,0.103052072,75254.85714,0.174861419,4.886459666,22.33697564,0.278949581,4.886459666,22.33697564,0.278949581,0.694399958,64105.41667,0.694399958,64105.41667,0.980845428,1035544,0.980845428,1035544,0.637143804,13127.57895,0.637143804,13127.57895,0.911973342,257821.2,0.911973342,257821.2,0,0,0,0,0,0,0,0,0,0,0,0,0,0,0,0,0,0,0,0,0,0,0,0,0,0,0,0,0,0,0,0,0,0,0,0,0,0,0,0,0,0,0,0,0,0,0,0,0,0,0,0,0,0,0,0,0,0,0,0,0,0,0,0,0,0,0,0,0,0,0,0,0,0,0,0,0,0,0,0,0,0,0,0,0,0,0,0,0,0,0,0,0,0,0,0,0,0,0
"XH16-00908 1",0,0,"1/22/2016",0,0," ",0,0,0," ",0,0,0," ",0,0,0,0,0,0,0,0,0,0,0,0,0,0,0,0,0,0,0,0,0,0,0,0,0,0,0,0," ",0,0,0,0," ",0,0,0,0,0,0,0,0,0," ",0,0," ",0,0,0," ",0,0,0,0,0,1,65,0,0,170,80,27.681660899654,1,0,"Stroke (unspecified)",1,0.9,94.78134145,0,1.43,86,1,0,0,1,1,2,4,6,0,0,14.98746591,0,0,0,0,14.98746591,0.496400228,12.1212121212121,59,7,0.106060606,2.30326e-07,371488.7203,181523.2019,292.1540175,81.87783087,2.73268e-08,98034.85714,39413.26316,140.9483152,36.47309607,1.37883e-05,50516.11283,47283.31148,85.44121358,29.60113833,0,0,0,0,2.6546e-07,0.639853949,0.085563406,0.696531948,0.013211835,0,0,0.122842041,0.175240215,1.4046e-05,0,3532,68,388331.1509,71115.16981,0.187852604,98438.17647,0.233193016,5.411196553,26.756048,0.347815475,5.411196553,26.756048,0.347815475,0.671495355,37330.76087,0.671495355,37330.76087,0.992530156,281102,0.992530156,281102,0.626534118,16677.09375,0.626534118,16677.09375,0.774263895,84539.14286,0.774263895,84539.14286,0,0,0,0,0,0,0,0,0,0,0,0,0,0,0,0,0,0,0,0,0,0,0,0,0,0,0,0,0,0,0,0,0,0,0,0,0,0,0,0,0,0,0,0,0,0,0,0,0,0,0,0,0,0,0,0,0,0,0,0,0,0,0,0,0,0,0,0,0,0,0,0,0,0,0,0,0,0,0,0,0,0,0,0,0,0,0,0,0,0,0,0,0,0,0,0,0,0,0
"XH17-04464 1",0,0,"3/31/2017",0,0," ",0,0,0," ",0,0,0," ",0,0,0,0,0,0,0,0,0,0,0,0,0,0,0,0,0,0,0,0,0,0,0,0,0,0,0,0," ",0,0,0,0," ",0,0,0,0,0,0,0,0,0," ",0,0," ",0,0,0," ",0,0,0,0,0,1,65,0,0,170,80,27.681660899654,1,0,"Stroke (unspecified)",1,0.9,94.78134145,0,1.43,86,1,0,0,1,2,2,5,6,0,0,41.5741,1,1,1,1,41.5741,6.046343742,2.63157894736842,37,1,0.026315789,2.98644e-07,294465.2027,168530.2924,249.4437382,91.84599241,8.07145e-09,362163,0,278.8207309,0,1.64577e-05,44867.82418,42807.81345,79.86753839,32.08385821,29249.5625,23114.80648,57.88562958,12.26800262,7.50645e-07,0.657070476,0.087940144,0.738420425,0.03459911,0.478559107,0,0.119092242,0.079312544,1.67628e-05,0.521440893,2039,93,314672.4848,70922.42424,0.22439412,102800.3636,0.291496855,5.585358323,22.97775613,0.285296728,5.585358323,22.97775613,0.285296728,0.575880511,58612.97826,0.575880511,58612.97826,0.636077536,362893.5,0.636077536,362893.5,0.548797277,12231.95455,0.548797277,12231.95455,0.60070681,101128.9167,0.60070681,101128.9167,0,0,0,0,0,0,0,0,0,0,0,0,0,0,0,0,0,0,0,0,0,0,0,0,0,0,0,0,0,0,0,0,0,0,0,0,0,0,0,0,0,0,0,0,0,0,0,0,0,0,0,0,0,0,0,0,0,0,0,0,0,0,0,0,0,0,0,0,0,0,0,0,0,0,0,0,0,0,0,0,0,0,0,0,0,0,0,0,0,0,0,0,0,0,0,0,0,0,0
"XH17-04464 2",0,0,"3/31/2017",0,0," ",0,0,0," ",0,0,0," ",0,0,0,0,0,0,0,0,0,0,0,0,0,0,0,0,0,0,0,0,0,0,0,0,0,0,0,0," ",0,0,0,0," ",0,0,0,0,0,0,0,0,0," ",0,0," ",0,0,0," ",0,0,0,0,0,1,65,0,0,170,80,27.681660899654,1,0,"Stroke (unspecified)",1,0.9,94.78134145,0,1.43,86,1,0,0,1,1,2,4,6,0,0,22.2403,1,1,0,0,22.2403,6.131063013,8,45,4,0.081632653,3.43936e-07,301712.9778,181709.466,255.6823992,95.82657758,3.05721e-08,215050.375,35224.76933,226.5184274,36.06108765,2.02234e-05,41534.37113,42783.84647,76.66468767,30.56606237,19723.98739,17726.28663,54.36525778,16.0245739,1.06238e-06,0.667168682,0.103769916,0.839967418,0.056066175,0.382344322,0.038950159,0.123540406,-0.162171523,2.0309e-05,0.617655678,2646,139,336051.1622,76329.43243,0.215337151,110524.7917,0.282843224,5.592018078,23.59748669,0.265240469,5.592018078,23.59748669,0.265240469,0.485035322,96228.93333,0.485035322,96228.93333,0.536455834,530571.5,0.536455834,530571.5,0.365626787,9247.214286,0.365626787,9247.214286,0.58951779,172337.9375,0.58951779,172337.9375,0,0,0,0,0,0,0,0,0,0,0,0,0,0,0,0,0,0,0,0,0,0,0,0,0,0,0,0,0,0,0,0,0,0,0,0,0,0,0,0,0,0,0,0,0,0,0,0,0,0,0,0,0,0,0,0,0,0,0,0,0,0,0,0,0,0,0,0,0,0,0,0,0,0,0,0,0,0,0,0,0,0,0,0,0,0,0,0,0,0,0,0,0,0,0,0,0,0,0
"XH17-13729 1",0,0,"10/28/2017",0,0," ",0,0,0," ",0,0,0," ",0,0,0,0,0,0,0,0,0,0,0,0,0,0,0,0,0,0,0,0,0,0,0,0,0,0,0,0," ",0,0,0,0," ",0,0,0,0,0,0,0,0,0," ",0,0," ",0,0,0," ",0,0,0,0,0,1,73,0,0,170,70,24.2214532871972,1,0,"Stroke (unspecified)",1,1.36,54.94891375,0,1.68,95,1,0,0,1,1,2,4,6,0,0,10.5614595,0,0,0,0,10.5614595,4.746998834,13.6363636363636,37,6,0.139534884,4.86059e-07,409955.4595,195835.9336,297.7688467,117.290747,7.88203e-08,265348.8333,152271.0184,238.0642135,73.13865997,3.32228e-05,40703.90826,37419.35733,76.64685246,29.17272813,19656.71832,19977.22128,56.79021963,20.00387271,9.06434e-07,0.778402164,0.199262428,1.352296612,0.024859559,0.286808015,0.011956368,0.147351126,0.008541162,2.15232e-05,0.713191985,2529,69,470893.9828,22679.65517,0.046545511,69172,0.143292029,5.097031916,24.2794984,0.238374169,5.097031916,24.2794984,0.238374169,0.679213665,39390,0.679213665,39390,0.948203534,156232,0.948203534,156232,0.601710423,16273.75,0.601710423,16273.75,0.834220149,85622.5,0.834220149,85622.5,0,0,0,0,0,0,0,0,0,0,0,0,0,0,0,0,0,0,0,0,0,0,0,0,0,0,0,0,0,0,0,0,0,0,0,0,0,0,0,0,0,0,0,0,0,0,0,0,0,0,0,0,0,0,0,0,0,0,0,0,0,0,0,0,0,0,0,0,0,0,0,0,0,0,0,0,0,0,0,0,0,0,0,0,0,0,0,0,0,0,0,0,0,0,0,0,0,0,0
"XH17-13729 2",0,0,"10/28/2017",0,0," ",0,0,0," ",0,0,0," ",0,0,0,0,0,0,0,0,0,0,0,0,0,0,0,0,0,0,0,0,0,0,0,0,0,0,0,0," ",0,0,0,0," ",0,0,0,0,0,0,0,0,0," ",0,0," ",0,0,0," ",0,0,0,0,0,1,73,0,0,170,70,24.2214532871972,1,0,"Stroke (unspecified)",1,1.36,54.94891375,0,1.68,95,1,0,0,1,1,2,4,6,0,0,11.26347718,0,0,0,0,11.26347718,4.340034322,16.6666666666667,32,7,0.179487179,6.38328e-07,428186.75,309834.5711,293.2128663,155.6870741,1.39634e-07,148253.5,118023.8931,151.5277594,75.87712523,4.30872e-05,40929.43796,38722.38239,76.79255769,29.19055896,16919.83424,13947.78102,54.4346986,18.33760961,2.49347e-06,0.782460197,0.273323723,1.763533273,0.121272454,0.235039609,0.007625273,0.154986428,-0.248510187,2.43943e-05,0.764960391,2160,125,496442.2593,18422.85185,0.036493612,115088,0.255196201,4.894836071,23.44485225,0.249798076,4.894836071,23.44485225,0.249798076,0.690615626,36842.20833,0.690615626,36842.20833,0.82921827,154443.5,0.82921827,154443.5,0.654733572,15625,0.654733572,15625,0.762379734,79276.625,0.762379734,79276.625,0,0,0,0,0,0,0,0,0,0,0,0,0,0,0,0,0,0,0,0,0,0,0,0,0,0,0,0,0,0,0,0,0,0,0,0,0,0,0,0,0,0,0,0,0,0,0,0,0,0,0,0,0,0,0,0,0,0,0,0,0,0,0,0,0,0,0,0,0,0,0,0,0,0,0,0,0,0,0,0,0,0,0,0,0,0,0,0,0,0,0,0,0,0,0,0,0,0,0
"XH18-04021 1",0,0,"3/11/2018",0,0," ",0,0,0," ",0,0,0," ",0,0,0,0,0,0,0,0,0,0,0,0,0,0,0,0,0,0,0,0,0,0,0,0,0,0,0,0," ",0,0,0,0," ",0,0,0,0,0,0,0,0,0," ",0,0," ",0,0,0," ",0,0,0,0,0,1,76,0,0,170,70,24.2214532871972,1,0,"Stroke (unspecified)",1,0.9,88.5139593,0,1.59,93,1,0,0,0,1,2,3,5,0,0,26.59771566,1,1,1,1,26.59771566,3.084485806,0,14,0,0,1.73074e-07,309270.7143,254872.6656,213.0583607,73.27194411,0,0,0,0,0,1.60093e-05,31315.97722,35312.66253,64.70671177,23.48795272,16337.95805,15899.16679,51.56596658,20.07282395,8.77732e-07,0.578531506,0.053526701,0.501348113,0.100079289,0.228689101,0.020877848,0.106765539,-0.207582147,1.48082e-05,0.771310899,1295,71,309270.7143,116698.6429,0.279404226,158276.3,0.368256085,7.142825398,35.04212628,0.119673385,7.142825398,35.04212628,0.119673385,0.297586038,24219.77273,0.297586038,24219.77273,0.305443925,108154.5,0.305443925,108154.5,0.304155973,13045,0.304155973,13045,0.268021329,74506.25,0.268021329,74506.25,0,0,0,0,0,0,0,0,0,0,0,0,0,0,0,0,0,0,0,0,0,0,0,0,0,0,0,0,0,0,0,0,0,0,0,0,0,0,0,0,0,0,0,0,0,0,0,0,0,0,0,0,0,0,0,0,0,0,0,0,0,0,0,0,0,0,0,0,0,0,0,0,0,0,0,0,0,0,0,0,0,0,0,0,0,0,0,0,0,0,0,0,0,0,0,0,0,0,0
"XH18-05254 1",0,0,"4/2/2018",0,0," ",0,0,0," ",0,0,0," ",0,0,0,0,0,0,0,0,0,0,0,0,0,0,0,0,0,0,0,0,0,0,0,0,0,0,0,0," ",0,0,0,0," ",0,0,0,0,0,0,0,0,0," ",0,0," ",0,0,0," ",0,0,0,0,0,1,66,0,0,170,70,24.2214532871972,1,0,"Stroke (unspecified)",1,0.9,94.19369713,0,1.36,82,0,0,0,1,3,2,6,4,0,0,58.18872781,1,1,1,1,58.18872781,0.685551414,3.57142857142857,53,2,0.036363636,2.11352e-07,383683.2642,184611.4755,290.5652325,98.99655217,7.97554e-09,241328.25,6616.25,257.5954366,3.404563418,1.60986e-05,59412.09586,69155.06025,85.31016685,32.91286872,25734.43789,23730.43756,59.42445307,17.86563836,4.14728e-07,0.691740381,0.081092108,0.956452674,0.063685717,0.34252332,0.010874713,0.084784234,-0.797900691,1.51532e-05,0.65747668,4037,104,406078.67,60273.16,0.139172461,96586.80769,0.219210225,6.563761343,19.42760784,0.290328094,6.563761343,19.42760784,0.290328094,0.439037838,178898.0882,0.439037838,178898.0882,0.204472661,763510.5,0.204472661,763510.5,0.451045006,20200.78571,0.451045006,20200.78571,0.43063282,289986.2,0.43063282,289986.2,0,0,0,0,0,0,0,0,0,0,0,0,0,0,0,0,0,0,0,0,0,0,0,0,0,0,0,0,0,0,0,0,0,0,0,0,0,0,0,0,0,0,0,0,0,0,0,0,0,0,0,0,0,0,0,0,0,0,0,0,0,0,0,0,0,0,0,0,0,0,0,0,0,0,0,0,0,0,0,0,0,0,0,0,0,0,0,0,0,0,0,0,0,0,0,0,0,0,0
"XH18-05254 2",0,0,"4/2/2018",0,0," ",0,0,0," ",0,0,0," ",0,0,0,0,0,0,0,0,0,0,0,0,0,0,0,0,0,0,0,0,0,0,0,0,0,0,0,0," ",0,0,0,0," ",0,0,0,0,0,0,0,0,0," ",0,0," ",0,0,0," ",0,0,0,0,0,1,66,0,0,170,70,24.2214532871972,1,0,"Stroke (unspecified)",1,0.9,94.19369713,0,1.36,82,0,0,0,1,1,2,4,5,0,0,12.86866493,0,0,0,0,12.86866493,0.624023907,8.82352941176471,33,3,0.083333333,2.45518e-07,495257.6061,353170.3657,316.7498927,145.3697148,2.23199e-08,129367.1667,35789.22945,181.3438733,23.98053951,1.09293e-05,84684.8499,103010.6954,103.3058098,40.3353901,0,0,0,0,2.67838e-07,0.733334694,0.121594861,0.925545221,0.035204483,0,0,0.131376466,-0.754951117,1.11971e-05,0,1469,36,543169.8,61666.86667,0.103958919,110267.0714,0.177015316,6.747062422,17.81117377,0.314819525,6.747062422,17.81117377,0.314819525,0.674825042,19611,0.674825042,19611,0.5238712,38569.5,0.5238712,38569.5,0.794320622,12444.8,0.794320622,12444.8,0.376086091,37526.5,0.376086091,37526.5,0,0,0,0,0,0,0,0,0,0,0,0,0,0,0,0,0,0,0,0,0,0,0,0,0,0,0,0,0,0,0,0,0,0,0,0,0,0,0,0,0,0,0,0,0,0,0,0,0,0,0,0,0,0,0,0,0,0,0,0,0,0,0,0,0,0,0,0,0,0,0,0,0,0,0,0,0,0,0,0,0,0,0,0,0,0,0,0,0,0,0,0,0,0,0,0,0,0,0
"XH18-09538 1",0,0,"6/16/2018",0,0," ",0,0,0," ",0,0,0," ",0,0,0,0,0,0,0,0,0,0,0,0,0,0,0,0,0,0,0,0,0,0,0,0,0,0,0,0," ",0,0,0,0," ",0,0,0,0,0,0,0,0,0," ",0,0," ",0,0,0," ",0,0,0,0,0,1,66,0,0,167,99,35.4978665423644,1,0,"Stroke (unspecified)",1,0.9,94.19369713,0,1.29,78,0,0,0,1,3,2,6,5,0,0,63.9995,1,1,1,1,63.9995,2.344696273,17.8571428571429,51,10,0.163934426,1.46369e-07,360023.7941,182226.7671,281.4157175,98.25446069,2.86997e-08,100715.8,54492.87051,145.793329,56.46862143,1.09116e-05,48043.94503,50105.70548,81.19836964,31.31134386,27934.7563,32413.64153,60.93698629,20.53018703,3.67357e-07,0.448452842,0.052696186,0.524238098,0.028148284,0.322209993,0.008026494,0.100519566,-0.34578217,1.12567e-05,0.677790007,3802,128,379276.7188,165189.4167,0.429752106,174951.8667,0.427724747,7.94934844,22.95522895,0.349585862,7.94934844,22.95522895,0.349585862,0.427235573,142954.3333,0.427235573,142954.3333,0.610936819,1291099.5,0.610936819,1291099.5,0.40288428,12986.75,0.40288428,12986.75,0.455065622,291488.7143,0.455065622,291488.7143,0,0,0,0,0,0,0,0,0,0,0,0,0,0,0,0,0,0,0,0,0,0,0,0,0,0,0,0,0,0,0,0,0,0,0,0,0,0,0,0,0,0,0,0,0,0,0,0,0,0,0,0,0,0,0,0,0,0,0,0,0,0,0,0,0,0,0,0,0,0,0,0,0,0,0,0,0,0,0,0,0,0,0,0,0,0,0,0,0,0,0,0,0,0,0,0,0,0,0
"XH18-09538 2",0,0,"6/16/2018",0,0," ",0,0,0," ",0,0,0," ",0,0,0,0,0,0,0,0,0,0,0,0,0,0,0,0,0,0,0,0,0,0,0,0,0,0,0,0," ",0,0,0,0," ",0,0,0,0,0,0,0,0,0," ",0,0," ",0,0,0," ",0,0,0,0,0,1,66,0,0,167,99,35.4978665423644,1,0,"Stroke (unspecified)",1,0.9,94.19369713,0,1.29,78,0,0,0,1,2,2,5,5,0,0,30.994,1,1,1,1,30.994,0.139120626,5,40,3,0.069767442,1.51642e-07,347916.2875,226249.9789,261.6597765,129.957633,1.13731e-08,73495.83333,54134.12174,106.228807,70.26929554,7.87401e-06,63722.79754,76484.77683,87.76437608,35.38988756,43325.14222,62057.43136,66.4760923,22.89568725,1.93343e-07,0.544416076,0.052758686,0.50175366,0.008578395,0.323861452,0.011655967,0.105148582,-0.288053421,7.76833e-06,0.676138548,2077,51,386452.6111,158418.4444,0.405455316,175671.2188,0.386015785,7.530707141,21.68609475,0.369676822,7.530707141,21.68609475,0.369676822,0.424900995,53270.88889,0.424900995,53270.88889,0.656461184,173292,0.656461184,173292,0.378690194,21511,0.378690194,21511,0.517322598,116790.6667,0.517322598,116790.6667,0,0,0,0,0,0,0,0,0,0,0,0,0,0,0,0,0,0,0,0,0,0,0,0,0,0,0,0,0,0,0,0,0,0,0,0,0,0,0,0,0,0,0,0,0,0,0,0,0,0,0,0,0,0,0,0,0,0,0,0,0,0,0,0,0,0,0,0,0,0,0,0,0,0,0,0,0,0,0,0,0,0,0,0,0,0,0,0,0,0,0,0,0,0,0,0,0,0,0
"XH18-09539 1",0,0,"6/16/2018",0,0," ",0,0,0," ",0,0,0," ",0,0,0,0,0,0,0,0,0,0,0,0,0,0,0,0,0,0,0,0,0,0,0,0,0,0,0,0," ",0,0,0,0," ",0,0,0,0,0,0,0,0,0," ",0,0," ",0,0,0," ",0,0,0,0,0,1,68,0,0,170,70,24.2214532871972,1,0,"Stroke (unspecified)",1,0.9,93.02931609,0,1.4,85,0,0,0,1,2,2,5,5,0,0,30.95348501,1,1,1,1,30.95348501,5.612583896,9.09090909090909,20,1,0.047619048,8.38118e-08,298831.4,113783.6308,266.8032398,69.09979177,0,24715,0,64.93843238,0,9.19835e-06,44489.31959,44783.051,76.55098628,28.09617041,29906.94581,31974.08633,58.10342392,18.35117239,3.43629e-07,0.363161612,0.025045608,0.409228289,0.033055453,0.340076369,0.014667682,0.061202045,0.03773915,9.66849e-06,0.659923631,2195,82,298831.4,133578.1,0.436507099,140239.1053,0.445817368,7.022079688,24.3309525,0.319377701,7.022079688,24.3309525,0.319377701,0.565603109,372914.5,0.565603109,372914.5,0.511582901,1576987.5,0.511582901,1576987.5,0.522805243,7969.5,0.522805243,7969.5,0.587002042,555387,0.587002042,555387,0,0,0,0,0,0,0,0,0,0,0,0,0,0,0,0,0,0,0,0,0,0,0,0,0,0,0,0,0,0,0,0,0,0,0,0,0,0,0,0,0,0,0,0,0,0,0,0,0,0,0,0,0,0,0,0,0,0,0,0,0,0,0,0,0,0,0,0,0,0,0,0,0,0,0,0,0,0,0,0,0,0,0,0,0,0,0,0,0,0,0,0,0,0,0,0,0,0,0
"XH18-09539 2",0,0,"6/16/2018",0,0," ",0,0,0," ",0,0,0," ",0,0,0,0,0,0,0,0,0,0,0,0,0,0,0,0,0,0,0,0,0,0,0,0,0,0,0,0," ",0,0,0,0," ",0,0,0,0,0,0,0,0,0," ",0,0," ",0,0,0," ",0,0,0,0,0,1,68,0,0,170,70,24.2214532871972,1,0,"Stroke (unspecified)",1,0.9,93.02931609,0,1.4,85,0,0,0,3,3,2,8,7,0,0,74.2085,1,1,1,1,74.2085,1.507145458,57.5,17,23,0.575,1.18544e-07,247872.5,153716.8034,235.360831,85.70254532,1.60383e-07,89396.80435,50756.84711,128.8663329,58.73920602,7.98426e-06,47424.85852,57328.14024,77.05097787,31.06158267,16091.39153,14406.62996,52.4512703,15.45377852,5.22987e-07,0.392279896,0.029383712,0.378652582,0.068102646,0.24984601,0.053603678,0.077600718,-0.013912622,1.07142e-05,0.75015399,1145,75,263309.7813,121489.1875,0.424409444,127131.8667,0.426116683,7.616487881,31.18168732,0.196314455,7.616487881,31.18168732,0.196314455,0.412196974,103580.375,0.412196974,103580.375,0.569216277,299989.5,0.569216277,299989.5,0.38541418,9921.666667,0.38541418,9921.666667,0.446631996,223998.7143,0.446631996,223998.7143,0,0,0,0,0,0,0,0,0,0,0,0,0,0,0,0,0,0,0,0,0,0,0,0,0,0,0,0,0,0,0,0,0,0,0,0,0,0,0,0,0,0,0,0,0,0,0,0,0,0,0,0,0,0,0,0,0,0,0,0,0,0,0,0,0,0,0,0,0,0,0,0,0,0,0,0,0,0,0,0,0,0,0,0,0,0,0,0,0,0,0,0,0,0,0,0,0,0,0
"XH18-14173 1",0,0,"9/18/2018",0,0," ",0,0,0," ",0,0,0," ",0,0,0,0,0,0,0,0,0,0,0,0,0,0,0,0,0,0,0,0,0,0,0,0,0,0,0,0," ",0,0,0,0," ",0,0,0,0,0,0,0,0,0," ",0,0," ",0,0,0," ",0,0,0,0,0,1,69,0,0,170,70,24.2214532871972,1,0,"Stroke (unspecified)",1,0.9,92.45253433,0,1.43,86,1,0,0,1,2,2,5,6,0,0,48.2034,1,1,1,1,48.2034,2.161370624,2.5,80,2,0.024390244,2.97375e-07,253936.325,123701.3188,237.4845077,78.84182644,7.43437e-09,128739.75,9147.75,187.6031035,5.43834287,1.76083e-05,42519.86542,58556.30449,73.92361172,28.65089954,23151.03618,30133.1355,52.62756436,17.45847669,6.54224e-07,0.494121926,0.075514239,0.748702528,0.122517277,0.376702268,0.069786132,0.100860136,-0.645380546,1.71517e-05,0.623297732,4737,176,277447.1972,73792.26761,0.249949061,90348.33929,0.293004819,6.23095563,23.15487416,0.257185012,6.23095563,23.15487416,0.257185012,0.393038025,49762.92308,0.393038025,49762.92308,0.328487963,234396,0.328487963,234396,0.461822154,19194.25,0.461822154,19194.25,0.312789874,85426.375,0.312789874,85426.375,0,0,0,0,0,0,0,0,0,0,0,0,0,0,0,0,0,0,0,0,0,0,0,0,0,0,0,0,0,0,0,0,0,0,0,0,0,0,0,0,0,0,0,0,0,0,0,0,0,0,0,0,0,0,0,0,0,0,0,0,0,0,0,0,0,0,0,0,0,0,0,0,0,0,0,0,0,0,0,0,0,0,0,0,0,0,0,0,0,0,0,0,0,0,0,0,0,0,0
"XH18-14173 2",0,0,"9/18/2018",0,0," ",0,0,0," ",0,0,0," ",0,0,0,0,0,0,0,0,0,0,0,0,0,0,0,0,0,0,0,0,0,0,0,0,0,0,0,0," ",0,0,0,0," ",0,0,0,0,0,0,0,0,0," ",0,0," ",0,0,0," ",0,0,0,0,0,1,69,0,0,170,70,24.2214532871972,1,0,"Stroke (unspecified)",1,0.9,92.45253433,0,1.43,86,1,0,0,1,3,2,6,6,0,0,95.061,1,1,1,1,95.061,2.231938152,10.7142857142857,56,6,0.096774194,6.48175e-07,300840.4107,206864.0484,234.0380237,128.4848792,6.94474e-08,92416.83333,58631.90197,139.3552713,63.86659296,3.80224e-05,50255.84612,48725.66252,85.52576172,32.74197502,28261.18765,41063.5126,57.68696731,19.88924332,1.64359e-06,0.722311218,0.194997345,1.910849409,0.14356011,0.253401166,0.043490007,0.102047469,-1.492864729,1.69537e-05,0.746598834,3285,142,387638.3605,77269.5814,0.184190275,91794.05714,0.211601436,5.680862175,21.87327281,0.301707177,5.680862175,21.87327281,0.301707177,0.493285499,100034.2321,0.493285499,100034.2321,0.921883654,762901.5,0.921883654,762901.5,0.460744366,19393.46875,0.460744366,19393.46875,0.536673676,207555.25,0.536673676,207555.25,0,0,0,0,0,0,0,0,0,0,0,0,0,0,0,0,0,0,0,0,0,0,0,0,0,0,0,0,0,0,0,0,0,0,0,0,0,0,0,0,0,0,0,0,0,0,0,0,0,0,0,0,0,0,0,0,0,0,0,0,0,0,0,0,0,0,0,0,0,0,0,0,0,0,0,0,0,0,0,0,0,0,0,0,0,0,0,0,0,0,0,0,0,0,0,0,0,0,0
"XH19-01267 1",0,0,"1/22/2019",0,0," ",0,0,0," ",0,0,0," ",0,0,0,0,0,0,0,0,0,0,0,0,0,0,0,0,0,0,0,0,0,0,0,0,0,0,0,0," ",0,0,0,0," ",0,0,0,0,0,0,0,0,0," ",0,0," ",0,0,0," ",0,0,0,0,0,1,77,0,0,170,70,24.2214532871972,1,0,"Stroke (unspecified)",1,0.9,87.96517275,0,1.62,93,1,0,0,2,3,2,7,6,0,0,69.77234142,1,1,1,1,69.77234142,2.701826199,30.7692307692308,23,8,0.258064516,2.54473e-07,317276.2391,169681.5416,263.284059,97.50041201,8.85124e-08,92855.375,22083.26513,151.5273484,19.08763216,1.81893e-05,36091.37622,40424.61462,70.32718477,29.31278135,25381.53384,43581.43139,59.16954231,22.06391967,6.30651e-07,0.554406469,0.080738263,0.656476633,0.028399495,0.306120412,0.027709565,0.122987261,-0.212045207,1.36971e-05,0.693879588,1644,57,359421.225,112727.45,0.304997705,129132.5882,0.326703717,7.388864935,25.14903326,0.312037324,7.388864935,25.14903326,0.312037324,0.301047702,71822.9,0.301047702,71822.9,0.247647326,469109,0.247647326,469109,0.301992592,16993.5625,0.301992592,16993.5625,0.297268143,291140.25,0.297268143,291140.25,0,0,0,0,0,0,0,0,0,0,0,0,0,0,0,0,0,0,0,0,0,0,0,0,0,0,0,0,0,0,0,0,0,0,0,0,0,0,0,0,0,0,0,0,0,0,0,0,0,0,0,0,0,0,0,0,0,0,0,0,0,0,0,0,0,0,0,0,0,0,0,0,0,0,0,0,0,0,0,0,0,0,0,0,0,0,0,0,0,0,0,0,0,0,0,0,0,0,0
"XH19-01267 2",0,0,"1/22/2019",0,0," ",0,0,0," ",0,0,0," ",0,0,0,0,0,0,0,0,0,0,0,0,0,0,0,0,0,0,0,0,0,0,0,0,0,0,0,0," ",0,0,0,0," ",0,0,0,0,0,0,0,0,0," ",0,0," ",0,0,0," ",0,0,0,0,0,1,77,0,0,170,70,24.2214532871972,1,0,"Stroke (unspecified)",1,0.9,87.96517275,0,1.62,93,1,0,0,3,3,4,10,6,0,0,61.12284772,1,1,1,1,61.12284772,9.708505495,50,8,7,0.466666667,8.40127e-08,229033.125,99454.69301,231.0774853,53.50066168,7.35111e-08,106199.9286,50466.34415,156.3400005,55.00601226,1.298e-05,30927.42193,34627.40979,67.87696886,28.34361131,19889.86172,20338.69367,55.91777542,19.27327958,7.35111e-07,0.53535973,0.019241691,0.401436772,0.336743096,0.273128376,0.016140124,0.04793206,-0.260523602,1.34421e-05,0.726871624,1236,70,229033.125,111991.75,0.47496023,124212.2857,0.491883162,6.941616834,30.24982514,0.215232608,6.941616834,30.24982514,0.215232608,0.292058722,18667.4,0.292058722,18667.4,0.455698468,102426.5,0.455698468,102426.5,0.273876528,9360.833333,0.273876528,9360.833333,0.455698468,102426.5,0.455698468,102426.5,0,0,0,0,0,0,0,0,0,0,0,0,0,0,0,0,0,0,0,0,0,0,0,0,0,0,0,0,0,0,0,0,0,0,0,0,0,0,0,0,0,0,0,0,0,0,0,0,0,0,0,0,0,0,0,0,0,0,0,0,0,0,0,0,0,0,0,0,0,0,0,0,0,0,0,0,0,0,0,0,0,0,0,0,0,0,0,0,0,0,0,0,0,0,0,0,0,0,0
"XH19-08240 1",0,0,"5/29/2019",0,0," ",0,0,0," ",0,0,0," ",0,0,0,0,0,0,0,0,0,0,0,0,0,0,0,0,0,0,0,0,0,0,0,0,0,0,0,0," ",0,0,0,0," ",0,0,0,0,0,0,0,0,0," ",0,0," ",0,0,0," ",0,0,0,0,0,1,58,0,0,170,70,24.2214532871972,1,0,"Stroke (unspecified)",1,0.9,98.99879402,0,1.2,70,0,0,0,1,3,2,6,6,0,0,94.5505,1,1,1,1,94.5505,1.101363504,6.66666666666667,89,5,0.053191489,1.99642e-07,354630.0056,220737.104,274.905601,111.7037633,1.12158e-08,87954.4,64294.87034,130.9049915,67.78114188,9.38767e-06,55389.18065,75797.20901,81.12760733,30.25588565,28856.95066,26670.28244,63.84583118,22.73653386,4.91254e-07,0.509278214,0.070799086,0.519975127,0.077531417,0.196872624,0.026339999,0.136158602,-0.345157843,8.9581e-06,0.803127376,4185,219,378006.8675,56043.22892,0.141768807,71312.55357,0.1666415,4.57135494,35.93978523,0.140493066,4.57135494,35.93978523,0.140493066,0.339732805,121214.6897,0.339732805,121214.6897,0.883985765,2747090.5,0.883985765,2747090.5,0.320636429,15025.89474,0.320636429,15025.89474,0.376015921,322973.4,0.376015921,322973.4,0,0,0,0,0,0,0,0,0,0,0,0,0,0,0,0,0,0,0,0,0,0,0,0,0,0,0,0,0,0,0,0,0,0,0,0,0,0,0,0,0,0,0,0,0,0,0,0,0,0,0,0,0,0,0,0,0,0,0,0,0,0,0,0,0,0,0,0,0,0,0,0,0,0,0,0,0,0,0,0,0,0,0,0,0,0,0,0,0,0,0,0,0,0,0,0,0,0,0
"XH19-08240 2",0,0,"5/29/2019",0,0," ",0,0,0," ",0,0,0," ",0,0,0,0,0,0,0,0,0,0,0,0,0,0,0,0,0,0,0,0,0,0,0,0,0,0,0,0," ",0,0,0,0," ",0,0,0,0,0,0,0,0,0," ",0,0," ",0,0,0," ",0,0,0,0,0,1,58,0,0,170,70,24.2214532871972,1,0,"Stroke (unspecified)",1,0.9,98.99879402,0,1.2,70,0,0,0,1,3,2,6,6,0,0,90.6469,1,1,1,1,90.6469,0.499919681,10.5263157894737,36,4,0.1,2.31186e-07,346595.3194,195899.3397,267.2662281,110.8980362,2.56873e-08,110369.375,79010.57189,133.5132909,76.95583899,1.81417e-05,60035.60655,64187.34274,85.76568445,29.6334529,31201.13855,33115.36036,63.74196298,18.59949656,9.56853e-07,0.644274477,0.080127959,1.089146348,0.088095171,0.285583032,0.026076522,0.073569506,-0.875592517,1.17066e-05,0.714416968,2825,149,377146.6818,32830.90909,0.085258804,42253,0.112765845,4.006786738,30.72057133,0.229208541,4.006786738,30.72057133,0.229208541,0.400689545,114510.7308,0.400689545,114510.7308,0.825077433,633060.5,0.825077433,633060.5,0.33461287,16915.4,0.33461287,16915.4,0.620945129,439828.5,0.620945129,439828.5,0,0,0,0,0,0,0,0,0,0,0,0,0,0,0,0,0,0,0,0,0,0,0,0,0,0,0,0,0,0,0,0,0,0,0,0,0,0,0,0,0,0,0,0,0,0,0,0,0,0,0,0,0,0,0,0,0,0,0,0,0,0,0,0,0,0,0,0,0,0,0,0,0,0,0,0,0,0,0,0,0,0,0,0,0,0,0,0,0,0,0,0,0,0,0,0,0,0,0
"XH19-16710 1",0,0,"11/8/2019",0,0," ",0,0,0," ",0,0,0," ",0,0,0,0,0,0,0,0,0,0,0,0,0,0,0,0,0,0,0,0,0,0,0,0,0,0,0,0," ",0,0,0,0," ",0,0,0,0,0,0,0,0,0," ",0,0," ",0,0,0," ",0,0,0,0,0,1,80,0,0,170,70,24.2214532871972,1,0,"Stroke (unspecified)",1,0.9,86.33914372,0,1.87,95,1,0,0,1,2,2,5,4,0,0,8.310109906,0,0,0,1,0,0.474236244,9.52380952380952,80,7,0.08045977,2.27634e-07,363462.1,179410.9414,277.4836637,100.4918099,1.9918e-08,80480.85714,46811.22481,132.8850158,39.4008848,1.35613e-05,49992.08865,48661.72677,81.16550942,27.79312532,30978.18973,33817.44463,58.81973015,20.20780584,5.34941e-07,0.630838216,0.082736502,0.677958883,0.027089378,0.304095988,0.008318262,0.122037639,-0.101501817,1.35655e-05,0.695904012,4766,188,419598.6406,33621.65625,0.082062298,51166.5,0.135305982,4.723301685,26.14234909,0.235983205,4.723301685,26.14234909,0.235983205,0.637238916,156032.3611,0.637238916,156032.3611,0.996769023,1281354.5,0.996769023,1281354.5,0.559169526,22770.28571,0.559169526,22770.28571,0.910481782,622449.625,0.910481782,622449.625,0,0,0,0,0,0,0,0,0,0,0,0,0,0,0,0,0,0,0,0,0,0,0,0,0,0,0,0,0,0,0,0,0,0,0,0,0,0,0,0,0,0,0,0,0,0,0,0,0,0,0,0,0,0,0,0,0,0,0,0,0,0,0,0,0,0,0,0,0,0,0,0,0,0,0,0,0,0,0,0,0,0,0,0,0,0,0,0,0,0,0,0,0,0,0,0,0,0,0
"XH19-16710 2",0,0,"11/8/2019",0,0," ",0,0,0," ",0,0,0," ",0,0,0,0,0,0,0,0,0,0,0,0,0,0,0,0,0,0,0,0,0,0,0,0,0,0,0,0," ",0,0,0,0," ",0,0,0,0,0,0,0,0,0," ",0,0," ",0,0,0," ",0,0,0,0,0,1,80,0,0,170,70,24.2214532871972,1,0,"Stroke (unspecified)",1,0.9,86.33914372,0,1.7,95,1,0,0,1,3,2,6,5,0,0,11.21988665,0,0,0,1,0,1.788587716,4.25531914893617,91,4,0.042105263,2.99965e-07,412682.044,196127.6746,301.5553736,97.59697654,1.31853e-08,104025.875,31292.67223,158.3278338,23.15808798,2.04405e-05,60664.07458,58283.55721,92.38838359,32.14843507,0,0,0,0,7.02116e-07,0.73787406,0.123790178,1.240002418,0.06732089,0,0,0.099830594,-0.881529685,2.07536e-05,0,6201,213,549115.1176,25026.64706,0.04630355,74821.5,0.124213404,4.429186916,19.74664283,0.371093857,4.429186916,19.74664283,0.371093857,0.719731924,116004.1818,0.719731924,116004.1818,0.961069587,978823,0.961069587,978823,0.680525444,20160.55556,0.680525444,20160.55556,0.746874871,182357.4615,0.746874871,182357.4615,0,0,0,0,0,0,0,0,0,0,0,0,0,0,0,0,0,0,0,0,0,0,0,0,0,0,0,0,0,0,0,0,0,0,0,0,0,0,0,0,0,0,0,0,0,0,0,0,0,0,0,0,0,0,0,0,0,0,0,0,0,0,0,0,0,0,0,0,0,0,0,0,0,0,0,0,0,0,0,0,0,0,0,0,0,0,0,0,0,0,0,0,0,0,0,0,0,0,0
"XH19-17342 1",0,0,"11/19/2019",0,0," ",0,0,0," ",0,0,0," ",0,0,0,0,0,0,0,0,0,0,0,0,0,0,0,0,0,0,0,0,0,0,0,0,0,0,0,0," ",0,0,0,0," ",0,0,0,0,0,0,0,0,0," ",0,0," ",0,0,0," ",0,0,0,0,0,1,83,0,0,170,70,24.2214532871972,1,0,"Stroke (unspecified)",1,0.81,87.48296151,0,1.75,96,1,0,0,0,2,2,4,4,0,0,1.82927877,0,0,0,1,0,0.156208926,0,61,1,0.016129032,1.58651e-07,262131.5082,93073.9934,252.2414373,59.98561257,2.60084e-09,155285,0,194.5507646,0,1.02941e-05,48216.03727,58732.65265,78.55782115,26.67062709,26454.57753,32077.5586,59.31082329,16.98915254,5.25369e-07,0.421588828,0.041587474,0.49634172,0.06170499,0.644107702,0.049870029,0.083787987,-0.316649984,1.0909e-05,0.355892298,3958,202,270930.5763,49195.47458,0.179753252,37166.5,0.142212895,5.808769819,25.0439657,0.387269074,5.808769819,25.0439657,0.387269074,0.55223965,180639,0.55223965,180639,0.94116518,1101229.5,0.94116518,1101229.5,0.232493388,12949.5,0.232493388,12949.5,0.643595725,228550.2857,0.643595725,228550.2857,0,0,0,0,0,0,0,0,0,0,0,0,0,0,0,0,0,0,0,0,0,0,0,0,0,0,0,0,0,0,0,0,0,0,0,0,0,0,0,0,0,0,0,0,0,0,0,0,0,0,0,0,0,0,0,0,0,0,0,0,0,0,0,0,0,0,0,0,0,0,0,0,0,0,0,0,0,0,0,0,0,0,0,0,0,0,0,0,0,0,0,0,0,0,0,0,0,0,0
"XH19-17591 1",0,0,"11/22/2019",0,0," ",0,0,0," ",0,0,0," ",0,0,0,0,0,0,0,0,0,0,0,0,0,0,0,0,0,0,0,0,0,0,0,0,0,0,0,0," ",0,0,0,0," ",0,0,0,0,0,0,0,0,0," ",0,0," ",0,0,0," ",0,0,0,0,0,1,79,0,0,170,80,27.681660899654,0,0,"Stroke (unspecified)",1,1.25,58.57438541,0,1.69,95,1,0,0,1,2,2,5,6,0,0,44.14958693,1,1,1,1,44.14958693,2.18234295,6.89655172413793,54,6,0.1,2.74399e-07,285855.6574,126328.0423,259.4750774,76.06575467,3.04888e-08,121278.6667,39529.00444,169.927897,32.36268149,1.42078e-05,38477.29202,38009.71639,73.6961905,24.23693643,20331.332,21194.34135,56.20085566,16.30346551,6.85997e-07,0.507404319,0.078438443,0.54667609,0.025989393,0.315987115,0.020445081,0.143482483,-0.372860981,1.51384e-05,0.684012885,2796,135,296772.3654,100813.5769,0.337801426,107450.8125,0.341503458,4.938450159,21.82369165,0.329030465,4.938450159,21.82369165,0.329030465,0.392780156,66888.41176,0.392780156,66888.41176,0.474896323,528669,0.474896323,528669,0.41133638,15377.16667,0.41133638,15377.16667,0.371904405,124838.5625,0.371904405,124838.5625,0,0,0,0,0,0,0,0,0,0,0,0,0,0,0,0,0,0,0,0,0,0,0,0,0,0,0,0,0,0,0,0,0,0,0,0,0,0,0,0,0,0,0,0,0,0,0,0,0,0,0,0,0,0,0,0,0,0,0,0,0,0,0,0,0,0,0,0,0,0,0,0,0,0,0,0,0,0,0,0,0,0,0,0,0,0,0,0,0,0,0,0,0,0,0,0,0,0,0
"XH19-17591 2",0,0,"11/22/2019",0,0," ",0,0,0," ",0,0,0," ",0,0,0,0,0,0,0,0,0,0,0,0,0,0,0,0,0,0,0,0,0,0,0,0,0,0,0,0," ",0,0,0,0," ",0,0,0,0,0,0,0,0,0," ",0,0," ",0,0,0," ",0,0,0,0,0,1,79,0,0,170,80,27.681660899654,0,0,"Stroke (unspecified)",1,1.25,58.57438541,0,1.69,95,1,0,0,1,2,2,5,6,0,0,28.81451187,1,1,1,1,28.81451187,0.661761184,13.1578947368421,67,13,0.1625,2.19595e-07,269558.0224,126911.5736,250.8753504,72.10579122,4.26079e-08,118777.1538,108563.5585,148.5937432,82.85468899,1.37591e-05,33208.52454,31038.23902,69.94394389,23.92192968,17909.8056,16573.59666,54.2657558,16.49831514,5.24405e-07,0.379567132,0.059193506,0.456918787,0.023754973,0.314702211,0.023264431,0.129549294,-0.158818387,1.52447e-05,0.685297789,4198,160,273625.7045,139361.5758,0.500431735,148836.1833,0.497608965,7.28208204,24.83315853,0.269439957,7.28208204,24.83315853,0.269439957,0.337273846,28530.57576,0.337273846,28530.57576,0.645251487,114653.5,0.645251487,114653.5,0.304463466,18818.06,0.304463466,18818.06,0.439806285,58882.1875,0.439806285,58882.1875,0,0,0,0,0,0,0,0,0,0,0,0,0,0,0,0,0,0,0,0,0,0,0,0,0,0,0,0,0,0,0,0,0,0,0,0,0,0,0,0,0,0,0,0,0,0,0,0,0,0,0,0,0,0,0,0,0,0,0,0,0,0,0,0,0,0,0,0,0,0,0,0,0,0,0,0,0,0,0,0,0,0,0,0,0,0,0,0,0,0,0,0,0,0,0,0,0,0,0
"XH21-20855 1",0,0,"12/2/2021",0,0," ",0,0,0," ",0,0,0," ",0,0,0,0,0,0,0,0,0,0,0,0,0,0,0,0,0,0,0,0,0,0,0,0,0,0,0,0," ",0,0,0,0," ",0,0,0,0,0,0,0,0,0," ",0,0," ",0,0,0," ",0,0,0,0,0,0,57,0,0,170,80,27.681660899654,0,0,"Anoxia",5,1.6,49.94338153,0,1.04,55,0,0,0,0,1,2,3,5,0,0,21.04812354,1,1,0,0,21.04812354,0.243371724,0,60,0,0,2.40135e-07,449663.325,238725.3583,314.896479,123.0187959,0,0,0,0,0,1.20308e-05,47751.72372,40267.60342,82.2318419,25.18909245,24072.24417,24833.56805,54.45540944,15.78785098,3.08173e-07,0.456113192,0.107979901,0.574489687,0.014877292,0.239494445,0.009265228,0.187957945,-0.109698205,1.1462e-05,0.760505555,3006,77,489398.8455,111293.3091,0.232928955,121397.7755,0.233313,5.323302476,31.71115128,0.20308793,5.323302476,31.71115128,0.20308793,0.332602506,47664.13636,0.332602506,47664.13636,0.444376321,145324.5,0.444376321,145324.5,0.313596052,17466.14286,0.313596052,17466.14286,0.365863801,100510.625,0.365863801,100510.625,0,0,0,0,0,0,0,0,0,0,0,0,0,0,0,0,0,0,0,0,0,0,0,0,0,0,0,0,0,0,0,0,0,0,0,0,0,0,0,0,0,0,0,0,0,0,0,0,0,0,0,0,0,0,0,0,0,0,0,0,0,0,0,0,0,0,0,0,0,0,0,0,0,0,0,0,0,0,0,0,0,0,0,0,0,0,0,0,0,0,0,0,0,0,0,0,0,0,0
"XH21-20855 2",0,0,"12/2/2021",0,0," ",0,0,0," ",0,0,0," ",0,0,0,0,0,0,0,0,0,0,0,0,0,0,0,0,0,0,0,0,0,0,0,0,0,0,0,0," ",0,0,0,0," ",0,0,0,0,0,0,0,0,0," ",0,0," ",0,0,0," ",0,0,0,0,0,0,57,0,0,170,80,27.681660899654,0,0,"Anoxia",5,1.6,49.94338153,0,1.04,55,0,0,0,1,1,2,4,8,0,0,16.13369261,1,0,0,0,16.13369261,4.757289242,8.82352941176471,63,5,0.073529412,3.01974e-07,386500.9524,179792.7771,297.6768311,87.32685961,2.39662e-08,227704.2,50318.33065,245.4788312,26.67477159,1.58033e-05,34282.38232,38088.1027,68.1001152,23.8820089,21442.05868,22453.97684,52.80275869,17.44376765,3.73873e-07,0.525953876,0.116713404,0.541775746,0.007705853,0.304584357,0.009523164,0.215427518,0.202437059,1.54541e-05,0.695415643,3297,78,400719.8333,78772.83333,0.200145874,87253.09615,0.219630263,5.060630873,29.25364133,0.201713523,5.060630873,29.25364133,0.201713523,0.361883702,31465.41667,0.361883702,31465.41667,0.245610509,109409.5,0.245610509,109409.5,0.409120698,18148.33333,0.409120698,18148.33333,0.220172713,71416.66667,0.220172713,71416.66667,0,0,0,0,0,0,0,0,0,0,0,0,0,0,0,0,0,0,0,0,0,0,0,0,0,0,0,0,0,0,0,0,0,0,0,0,0,0,0,0,0,0,0,0,0,0,0,0,0,0,0,0,0,0,0,0,0,0,0,0,0,0,0,0,0,0,0,0,0,0,0,0,0,0,0,0,0,0,0,0,0,0,0,0,0,0,0,0,0,0,0,0,0,0,0,0,0,0,0
"XH22-04453 1",0,0,"3/8/2022",0,0," ",0,0,0," ",0,0,0," ",0,0,0,0,0,0,0,0,0,0,0,0,0,0,0,0,0,0,0,0,0,0,0,0,0,0,0,0," ",0,0,0,0," ",0,0,0,0,0,0,0,0,0," ",0,0," ",0,0,0," ",0,0,0,0,0,1,68,0,0,173,85,28.4005479635136,1,0,"Stroke (unspecified)",1,1.52,49.60192531,0,1.47,88,1,0,0,1,3,2,6,6,0,0,78.8102,1,1,1,1,78.8102,4.783193325,18.5185185185185,50,13,0.206349206,7.54064e-08,504404.74,271662.9886,321.1065863,115.2282093,1.96057e-08,123909.5769,109688.8218,153.2714596,81.07032823,7.607e-06,61569.68309,72654.06875,89.71191057,40.31392113,34403.34763,40076.35922,68.46675659,27.6698423,1.97565e-07,0.374022853,0.038035343,0.468360402,0.041230483,0.350101399,0.013670266,0.081209562,-0.232227508,8.31351e-06,0.649898601,5044,131,546724.0435,190678.9783,0.343734507,198259.4545,0.356584621,7.333395685,31.03790272,0.25807271,7.333395685,31.03790272,0.25807271,0.313544149,143444.9583,0.313544149,143444.9583,0.385405027,995001.5,0.385405027,995001.5,0.278941528,19444.83333,0.278941528,19444.83333,0.34814677,267445.0833,0.34814677,267445.0833,0,0,0,0,0,0,0,0,0,0,0,0,0,0,0,0,0,0,0,0,0,0,0,0,0,0,0,0,0,0,0,0,0,0,0,0,0,0,0,0,0,0,0,0,0,0,0,0,0,0,0,0,0,0,0,0,0,0,0,0,0,0,0,0,0,0,0,0,0,0,0,0,0,0,0,0,0,0,0,0,0,0,0,0,0,0,0,0,0,0,0,0,0,0,0,0,0,0,0
"XH22-04453 2",0,0,"3/8/2022",0,0," ",0,0,0," ",0,0,0," ",0,0,0,0,0,0,0,0,0,0,0,0,0,0,0,0,0,0,0,0,0,0,0,0,0,0,0,0," ",0,0,0,0," ",0,0,0,0,0,0,0,0,0," ",0,0," ",0,0,0," ",0,0,0,0,0,1,68,0,0,173,85,28.4005479635136,1,0,"Stroke (unspecified)",1,1.52,49.60192531,0,1.47,88,1,0,0,2,3,2,7,7,0,0,69.4805,1,1,1,1,69.4805,6.103210528,27.2727272727273,33,11,0.25,9.13228e-08,573831.1818,305887.8349,348.0038624,121.3849732,3.04409e-08,168271.1364,86588.46797,188.0852919,70.08381533,7.00971e-06,57512.87544,70683.64323,92.60004942,38.33669041,33265.89468,42540.94244,67.83222804,28.1627737,2.51829e-07,0.406437223,0.052403844,0.403148761,0.08354999,0.302355618,0.014848966,0.129986369,-0.269144485,8.02921e-06,0.697644382,2533,91,610739.5323,251944.5484,0.448338089,251944.5484,0.448338089,7.821851361,30.64575811,0.274253403,7.821851361,30.64575811,0.274253403,0.28017004,57042.8,0.28017004,57042.8,0.520151089,261406.5,0.520151089,261406.5,0.225812334,10001.14286,0.225812334,10001.14286,0.407004686,166806.6667,0.407004686,166806.6667,0,0,0,0,0,0,0,0,0,0,0,0,0,0,0,0,0,0,0,0,0,0,0,0,0,0,0,0,0,0,0,0,0,0,0,0,0,0,0,0,0,0,0,0,0,0,0,0,0,0,0,0,0,0,0,0,0,0,0,0,0,0,0,0,0,0,0,0,0,0,0,0,0,0,0,0,0,0,0,0,0,0,0,0,0,0,0,0,0,0,0,0,0,0,0,0,0,0,0
"XH22-08601 1",0,0,"5/8/2022",0,0," ",0,0,0," ",0,0,0," ",0,0,0,0,0,0,0,0,0,0,0,0,0,0,0,0,0,0,0,0,0,0,0,0,0,0,0,0," ",0,0,0,0," ",0,0,0,0,0,0,0,0,0," ",0,0," ",0,0,0," ",0,0,0,0,0,1,65,0,0,168,80,28.3446712018141,1,1,"Anoxia",5,1.64,46.13188967,0,1.73,96,1,0,0,1,2,2,5,6,0,0,12.11313569,0,0,0,1,0,0.088828412,2.4390243902439,82,2,0.023809524,1.6342e-07,464053.061,224375.9266,332.3932178,110.921,3.98586e-09,153128.75,8831.25,204.1015095,9.358088555,9.39865e-06,50165.70388,50518.02397,81.55590612,27.88259485,40826.13212,49766.42224,63.15682537,20.81433846,3.30826e-07,0.478601328,0.075835641,0.471490097,0.051121702,0.397546573,0.031820135,0.16084249,0.043275031,9.63013e-06,0.602453427,4716,166,480645.0316,142015.0886,0.302264339,151681.7397,0.299953355,6.130480186,24.69918606,0.263519168,6.130480186,24.69918606,0.263519168,0.351127204,490168.5625,0.351127204,490168.5625,0.590829985,2211390,0.590829985,2211390,0.11379581,31078,0.11379581,31078,0.385031689,555752.9286,0.385031689,555752.9286,0,0,0,0,0,0,0,0,0,0,0,0,0,0,0,0,0,0,0,0,0,0,0,0,0,0,0,0,0,0,0,0,0,0,0,0,0,0,0,0,0,0,0,0,0,0,0,0,0,0,0,0,0,0,0,0,0,0,0,0,0,0,0,0,0,0,0,0,0,0,0,0,0,0,0,0,0,0,0,0,0,0,0,0,0,0,0,0,0,0,0,0,0,0,0,0,0,0,0
"XH22-08601 2",0,0,"5/8/2022",0,0," ",0,0,0," ",0,0,0," ",0,0,0,0,0,0,0,0,0,0,0,0,0,0,0,0,0,0,0,0,0,0,0,0,0,0,0,0," ",0,0,0,0," ",0,0,0,0,0,0,0,0,0," ",0,0," ",0,0,0," ",0,0,0,0,0,1,65,0,0,168,80,28.3446712018141,1,1,"Anoxia",5,1.64,46.13188967,0,1.73,96,1,0,0,1,2,0,3,5,0,0,24.9518,1,1,0,1,0,0.020520834,3.125,64,3,0.044776119,1.14208e-07,425805.7188,236346.6675,312.4799886,118.3697485,5.35348e-09,44434.33333,39427.64438,55.28178127,38.75037195,1.0309e-05,47359.94911,41982.27983,82.84703866,28.55176387,33209.43333,31245.86479,66.94022677,18.35187253,1.9451e-07,0.52631899,0.048630258,0.488234766,0.027992771,0.611796082,0.006157434,0.09960425,-0.180955647,1.05318e-05,0.388203918,5777,109,446687.7459,125002.377,0.287288944,134423.8214,0.282041436,6.530723275,21.40809562,0.276993178,6.530723275,21.40809562,0.276993178,0.532976835,226804.0625,0.532976835,226804.0625,0.586298547,771361.5,0.586298547,771361.5,0.43331808,22960.5,0.43331808,22960.5,0.592772089,349110.2,0.592772089,349110.2,0,0,0,0,0,0,0,0,0,0,0,0,0,0,0,0,0,0,0,0,0,0,0,0,0,0,0,0,0,0,0,0,0,0,0,0,0,0,0,0,0,0,0,0,0,0,0,0,0,0,0,0,0,0,0,0,0,0,0,0,0,0,0,0,0,0,0,0,0,0,0,0,0,0,0,0,0,0,0,0,0,0,0,0,0,0,0,0,0,0,0,0,0,0,0,0,0,0,0
"XH22-13097 1",0,0,"7/14/2022",0,0," ",0,0,0," ",0,0,0," ",0,0,0,0,0,0,0,0,0,0,0,0,0,0,0,0,0,0,0,0,0,0,0,0,0,0,0,0," ",0,0,0,0," ",0,0,0,0,0,0,0,0,0," ",0,0," ",0,0,0," ",0,0,0,0,0,1,77,1,0,160,80,31.25,1,0,"Stroke (unspecified)",1,0.94,62.49647121,0,1.62,93,1,0,0,1,1,2,4,5,0,0,27.51584115,1,1,1,1,27.51584115,2.306839227,10,19,1,0.05,1.32911e-07,402905.6316,146481.8277,309.5450895,59.79698702,6.99532e-09,209446.5,0,215.9282288,0,1.22348e-05,39812.99371,39012.42391,73.53493561,26.57607788,38225.47553,72462.75738,63.13836353,28.99271825,2.2385e-07,0.515931184,0.05355059,0.487104305,0.025899593,0.259717597,0.015003128,0.109936598,-0.111070798,8.82641e-06,0.740282403,1749,32,402905.6316,163019.7895,0.398379874,171151.5,0.40668011,6.961241698,29.29235669,0.219871074,6.961241698,29.29235669,0.219871074,0.323896958,100690.1667,0.323896958,100690.1667,0.292161166,263538.5,0.292161166,263538.5,0.339764854,19266,0.339764854,19266,0.292161166,263538.5,0.292161166,263538.5,0,0,0,0,0,0,0,0,0,0,0,0,0,0,0,0,0,0,0,0,0,0,0,0,0,0,0,0,0,0,0,0,0,0,0,0,0,0,0,0,0,0,0,0,0,0,0,0,0,0,0,0,0,0,0,0,0,0,0,0,0,0,0,0,0,0,0,0,0,0,0,0,0,0,0,0,0,0,0,0,0,0,0,0,0,0,0,0,0,0,0,0,0,0,0,0,0,0,0
"XH22-13097 2",0,0,"7/14/2022",0,0," ",0,0,0," ",0,0,0," ",0,0,0,0,0,0,0,0,0,0,0,0,0,0,0,0,0,0,0,0,0,0,0,0,0,0,0,0," ",0,0,0,0," ",0,0,0,0,0,0,0,0,0," ",0,0," ",0,0,0," ",0,0,0,0,0,1,77,1,0,160,80,31.25,1,0,"Stroke (unspecified)",1,0.94,62.49647121,0,1.62,93,1,0,0,2,3,2,7,6,0,0,71.2888,1,1,1,1,71.2888,7.175241116,33.3333333333333,24,12,0.333333333,1.58284e-07,219209.75,185683.6474,192.5914978,124.0017404,7.91418e-08,195033.6667,167683.9197,182.4733703,54.08221332,9.40469e-06,37795.26648,32373.73844,72.36157087,24.17144767,22864.68619,22988.61229,59.42156776,22.48903009,3.29758e-07,0.45625601,0.034697315,0.3554526,0.139738321,0.217321066,0.008879528,0.097614463,-0.142245722,9.55232e-06,0.782678934,1426,50,290490.9167,136611.5,0.485780701,158904.5714,0.510226062,8.230010194,31.51553769,0.177197174,8.230010194,31.51553769,0.177197174,0.331084451,184956.8125,0.331084451,184956.8125,0.384626723,1008153.5,0.384626723,1008153.5,0.363429467,17015.25,0.363429467,17015.25,0.320302779,240937.3333,0.320302779,240937.3333,0,0,0,0,0,0,0,0,0,0,0,0,0,0,0,0,0,0,0,0,0,0,0,0,0,0,0,0,0,0,0,0,0,0,0,0,0,0,0,0,0,0,0,0,0,0,0,0,0,0,0,0,0,0,0,0,0,0,0,0,0,0,0,0,0,0,0,0,0,0,0,0,0,0,0,0,0,0,0,0,0,0,0,0,0,0,0,0,0,0,0,0,0,0,0,0,0,0,0
"XH22-17417 1",0,0,"9/25/2022",0,0," ",0,0,0," ",0,0,0," ",0,0,0,0,0,0,0,0,0,0,0,0,0,0,0,0,0,0,0,0,0,0,0,0,0,0,0,0," ",0,0,0,0," ",0,0,0,0,0,0,0,0,0," ",0,0," ",0,0,0," ",0,0,0,0,0,1,79,1,0,155,70,29.1363163371488,1,1,"Stroke (unspecified)",1,1,57.30689857,0,2.4,100,1,0,0,3,3,2,8,7,0,0,56.5655,1,1,1,1,56.5655,0.870653843,60,19,18,0.486486486,1.91079e-07,365440.9737,297201.363,241.7029245,162.0544466,1.81023e-07,151272.1667,34858.18385,192.5152961,22.01955393,8.06557e-06,61332.39214,66364.29301,88.56858721,39.74473566,40561.02099,54952.36688,65.5913191,24.11500316,1.01574e-06,0.511702526,0.069828278,0.494680467,0.072666246,0.290461382,0.020052966,0.141158348,-0.387133499,7.53562e-06,0.709538618,802,101,514119.0385,115758.1538,0.206906576,132351.9091,0.232590802,6.283692241,32.77290407,0.233110429,6.283692241,32.77290407,0.233110429,0.360510671,226370.625,0.360510671,226370.625,0.466203103,1252623.5,0.466203103,1252623.5,0.191162784,31580.5,0.191162784,31580.5,0.384703226,254197.7857,0.384703226,254197.7857,0,0,0,0,0,0,0,0,0,0,0,0,0,0,0,0,0,0,0,0,0,0,0,0,0,0,0,0,0,0,0,0,0,0,0,0,0,0,0,0,0,0,0,0,0,0,0,0,0,0,0,0,0,0,0,0,0,0,0,0,0,0,0,0,0,0,0,0,0,0,0,0,0,0,0,0,0,0,0,0,0,0,0,0,0,0,0,0,0,0,0,0,0,0,0,0,0,0,0
"XH22-17417 2",0,0,"9/25/2022",0,0," ",0,0,0," ",0,0,0," ",0,0,0,0,0,0,0,0,0,0,0,0,0,0,0,0,0,0,0,0,0,0,0,0,0,0,0,0," ",0,0,0,0," ",0,0,0,0,0,0,0,0,0," ",0,0," ",0,0,0," ",0,0,0,0,0,1,79,1,0,155,70,29.1363163371488,1,1,"Stroke (unspecified)",1,1,57.30689857,0,2.4,100,1,0,0,2,2,2,6,7,0,0,51.34871743,1,1,1,1,51.34871743,3.395585533,43.4782608695652,29,20,0.408163265,8.84778e-08,615039.6379,309824.488,364.5795564,131.4453688,6.10192e-08,127584.125,67076.66194,161.6237435,66.75938527,6.18124e-06,65538.10192,69988.96293,94.78834185,38.5421842,33069.17582,42212.56221,66.20240014,23.16475931,5.55275e-07,0.444417598,0.054417372,0.405107015,0.09370638,0.257475108,0.025608157,0.134328388,-0.305986689,6.6843e-06,0.742524892,2026,182,701467,205938.24,0.315851861,213544.75,0.327016401,7.42938305,40.37729557,0.191829203,7.42938305,40.37729557,0.191829203,0.370667115,165421.05,0.370667115,165421.05,0.39945618,1538756.5,0.39945618,1538756.5,0.348199331,15429.61111,0.348199331,15429.61111,0.389049848,288141.3182,0.389049848,288141.3182,0,0,0,0,0,0,0,0,0,0,0,0,0,0,0,0,0,0,0,0,0,0,0,0,0,0,0,0,0,0,0,0,0,0,0,0,0,0,0,0,0,0,0,0,0,0,0,0,0,0,0,0,0,0,0,0,0,0,0,0,0,0,0,0,0,0,0,0,0,0,0,0,0,0,0,0,0,0,0,0,0,0,0,0,0,0,0,0,0,0,0,0,0,0,0,0,0,0,0
"XH22-17953 2",0,0,"10/3/2022",0,0," ",0,0,0," ",0,0,0," ",0,0,0,0,0,0,0,0,0,0,0,0,0,0,0,0,0,0,0,0,0,0,0,0,0,0,0,0," ",0,0,0,0," ",0,0,0,0,0,0,0,0,0," ",0,0," ",0,0,0," ",0,0,0,0,0,0,58,1,0,160,52,20.3125,0,0,"Stroke (unspecified)",1,1.2,52.46994022,0,1.36,82,0,0,0,1,3,2,6,6,0,0,69.8621,1,1,1,1,69.8621,2.862054157,11.1111111111111,65,8,0.109589041,1.35715e-07,410354.6923,242114.9265,297.605679,103.4431756,1.67034e-08,113423.625,68376.93901,148.6706194,72.85291299,1.04667e-05,58549.28855,67079.67032,91.62074624,34.65596379,32257.30767,39452.55589,62.54986226,27.36955882,4.17584e-07,0.585156607,0.055691207,0.61282038,0.041388725,0.225576174,0.018882058,0.090876885,-0.57415034,9.51101e-06,0.774423826,5013,200,433252.4918,110395.0164,0.259994467,125116.0392,0.290749053,5.144822187,20.11397403,0.281707167,6.278479651,22.62987883,0.247175783,0.398317283,374975.3333,0.398317283,374975.3333,0.434474516,3614723.5,0.434474516,3614723.5,0.403343367,25700.5,0.403343367,25700.5,0.393919458,680590.8125,0.393919458,680590.8125,0,0,0,0,0,0,0,0,0,0,0,0,0,0,0,0,0,0,0,0,0,0,0,0,0,0,0,0,0,0,0,0,0,0,0,0,0,0,0,0,0,0,0,0,0,0,0,0,0,0,0,0,0,0,0,0,0,0,0,0,0,0,0,0,0,0,0,0,0,0,0,0,0,0,0,0,0,0,0,0,0,0,0,0,0,0,0,0,0,0,0,0,0,0,0,0,0,0,0
"XH22-20454 1",0,0,"11/7/2022",0,0," ",0,0,0," ",0,0,0," ",0,0,0,0,0,0,0,0,0,0,0,0,0,0,0,0,0,0,0,0,0,0,0,0,0,0,0,0," ",0,0,0,0," ",0,0,0,0,0,0,0,0,0," ",0,0," ",0,0,0," ",0,0,0,0,0,1,74,0,0,170,80,27.681660899654,1,0,"Stroke (unspecified)",1,0.9,89.62182486,0,1.44,87,1,0,0,0,1,2,3,5,0,0,17.03565644,1,0,0,0,17.03565644,0.166147528,0,47,0,0,1.44971e-07,396015.8617,233730.8381,276.5952038,105.1539279,0,0,0,0,0,1.18136e-05,50003.53538,72867.54916,85.58034136,31.84233275,22398.20905,18723.36063,65.28158951,20.68014508,3.17701e-07,0.55889334,0.057410622,0.590719491,0.016023745,0.297532166,0.027800417,0.097187622,-0.611828863,1.26788e-05,0.702467834,3830,103,431315.5349,148852.3488,0.336198163,158235.45,0.340979755,6.284662065,22.34220736,0.315319735,6.284662065,22.34220736,0.315319735,0.500454825,140074.4167,0.500454825,140074.4167,0.443122567,328087.5,0.443122567,328087.5,0.482177261,15837.25,0.482177261,15837.25,0.509593607,202193,0.509593607,202193,0,0,0,0,0,0,0,0,0,0,0,0,0,0,0,0,0,0,0,0,0,0,0,0,0,0,0,0,0,0,0,0,0,0,0,0,0,0,0,0,0,0,0,0,0,0,0,0,0,0,0,0,0,0,0,0,0,0,0,0,0,0,0,0,0,0,0,0,0,0,0,0,0,0,0,0,0,0,0,0,0,0,0,0,0,0,0,0,0,0,0,0,0,0,0,0,0,0,0
"XH22-20454 2",0,0,"11/7/2022",0,0," ",0,0,0," ",0,0,0," ",0,0,0,0,0,0,0,0,0,0,0,0,0,0,0,0,0,0,0,0,0,0,0,0,0,0,0,0," ",0,0,0,0," ",0,0,0,0,0,0,0,0,0," ",0,0," ",0,0,0," ",0,0,0,0,0,1,74,0,0,170,80,27.681660899654,1,0,"Stroke (unspecified)",1,0.9,89.62182486,0,1.44,87,1,0,0,1,2,2,5,6,0,0,7.263584759,0,0,0,1,0,1.050028075,2.7027027027027,75,1,0.013157895,2.27261e-07,429773.66,228075.441,292.0625693,104.6156885,3.03015e-09,388642,0,316.204048,0,8.03293e-06,64023.96492,72867.21779,91.1550733,36.08670859,33770.25654,36506.19879,68.01982932,23.0869456,2.18171e-07,0.564374585,0.097670923,0.514300004,0.050250197,0.319262148,0.0131883,0.189910407,-0.557572297,8.57548e-06,0.680737852,2651,72,446963.0139,112875.2361,0.255569888,117988.2353,0.263736003,6.641798818,29.97431784,0.226419939,6.641798818,29.97431784,0.226419939,0.521128193,515423.1923,0.521128193,515423.1923,0.605108201,3626780,0.605108201,3626780,0.504736967,20880.75,0.504736967,20880.75,0.528413182,735219.8333,0.528413182,735219.8333,0,0,0,0,0,0,0,0,0,0,0,0,0,0,0,0,0,0,0,0,0,0,0,0,0,0,0,0,0,0,0,0,0,0,0,0,0,0,0,0,0,0,0,0,0,0,0,0,0,0,0,0,0,0,0,0,0,0,0,0,0,0,0,0,0,0,0,0,0,0,0,0,0,0,0,0,0,0,0,0,0,0,0,0,0,0,0,0,0,0,0,0,0,0,0,0,0,0,0
"XH22-20769 1",0,0,"11/10/2022",0,0," ",0,0,0," ",0,0,0," ",0,0,0,0,0,0,0,0,0,0,0,0,0,0,0,0,0,0,0,0,0,0,0,0,0,0,0,0," ",0,0,0,0," ",0,0,0,0,0,0,0,0,0," ",0,0," ",0,0,0," ",0,0,0,0,0,1,63,0,0,168,82,29.0532879818594,1,0,"Stroke (unspecified)",1,1.5,51.98838981,0,1.39,84,0,0,0,2,3,2,7,7,0,0,17.6441,1,0,0,1,0,5.026763105,20,36,8,0.181818182,9.18056e-08,524364.6667,448341.9017,288.9688759,192.8621842,2.04013e-08,97590.6875,92856.55056,122.2825392,67.48596603,7.59947e-06,57064.19178,78101.53926,84.05561962,43.54914826,33566.9928,54872.22953,63.47250035,34.06250203,4.36077e-07,0.501489068,0.048139631,0.43365741,0.056937065,0.33203461,0.0192448,0.111008437,-0.017043921,7.95441e-06,0.66796539,2980,171,672521.2143,128481.5,0.209403641,144554.375,0.210578634,6.278399339,24.98638917,0.241463527,6.278399339,24.98638917,0.241463527,0.455310864,119614.1154,0.455310864,119614.1154,0.55795058,593515,0.55795058,593515,0.445579527,27790.5,0.445579527,27790.5,0.458230266,147161.2,0.458230266,147161.2,0,0,0,0,0,0,0,0,0,0,0,0,0,0,0,0,0,0,0,0,0,0,0,0,0,0,0,0,0,0,0,0,0,0,0,0,0,0,0,0,0,0,0,0,0,0,0,0,0,0,0,0,0,0,0,0,0,0,0,0,0,0,0,0,0,0,0,0,0,0,0,0,0,0,0,0,0,0,0,0,0,0,0,0,0,0,0,0,0,0,0,0,0,0,0,0,0,0,0
"XH22-20769 2",0,0,"11/10/2022",0,0," ",0,0,0," ",0,0,0," ",0,0,0,0,0,0,0,0,0,0,0,0,0,0,0,0,0,0,0,0,0,0,0,0,0,0,0,0," ",0,0,0,0," ",0,0,0,0,0,0,0,0,0," ",0,0," ",0,0,0," ",0,0,0,0,0,1,63,0,0,168,82,29.0532879818594,1,0,"Stroke (unspecified)",1,1.5,51.98838981,0,1.39,84,0,0,0,2,3,2,7,7,0,0,52.504,1,1,1,1,52.504,3.342178302,41.6666666666667,47,21,0.308823529,8.72355e-08,453670.2979,484821.7972,245.7895301,223.9762917,3.89776e-08,109661.1905,69673.38917,146.0111635,65.89802464,5.0578e-06,85278.13174,130754.5456,97.36411182,51.34894123,59529.56633,87898.50884,74.65632639,39.40260883,2.70987e-07,0.403275528,0.039576143,0.431319851,0.097838112,0.534578313,0.023169301,0.091755904,-0.206033565,5.25938e-06,0.465421687,2725,146,735262.8393,220789.0357,0.326834573,266004.3478,0.307097576,6.7301315,26.1680914,0.236138971,6.7301315,26.1680914,0.236138971,0.413995576,623226.4643,0.413995576,623226.4643,0.533768326,3769169.5,0.533768326,3769169.5,0.318635185,29725.75,0.318635185,29725.75,0.452139732,860626.75,0.452139732,860626.75,0,0,0,0,0,0,0,0,0,0,0,0,0,0,0,0,0,0,0,0,0,0,0,0,0,0,0,0,0,0,0,0,0,0,0,0,0,0,0,0,0,0,0,0,0,0,0,0,0,0,0,0,0,0,0,0,0,0,0,0,0,0,0,0,0,0,0,0,0,0,0,0,0,0,0,0,0,0,0,0,0,0,0,0,0,0,0,0,0,0,0,0,0,0,0,0,0,0,0
"XH22-22084 1",0,0,"11/29/2022",0,0," ",0,0,0," ",0,0,0," ",0,0,0,0,0,0,0,0,0,0,0,0,0,0,0,0,0,0,0,0,0,0,0,0,0,0,0,0," ",0,0,0,0," ",0,0,0,0,0,0,0,0,0," ",0,0," ",0,0,0," ",0,0,0,0,0,1,63,0,0,170,90,31.1418685121107,1,1,"Anoxia",5,1.27,63.48211864,0,1.58,92,1,0,0,0,2,2,4,4,0,0,48.2366,1,1,1,1,48.2366,0.254531679,0,37,0,0,1.40561e-07,453556.8514,231476.7795,318.1877416,124.0409436,0,0,0,0,0,7.24081e-06,65205.00236,67736.86694,92.3915952,32.2092509,40746.64441,49414.04557,67.51240358,22.45937662,3.41906e-07,0.470651597,0.063752552,0.472136887,0.02531935,0.380475219,0.019447257,0.135029806,0.063824816,8.18118e-06,0.619524781,1906,90,493555.0735,126740.2941,0.236021898,130108.8788,0.241049202,6.108146739,24.46305762,0.3115697,6.108146739,24.46305762,0.3115697,0.404090258,239689.125,0.404090258,239689.125,0.468640817,2770566,0.468640817,2770566,0.315186678,16475.125,0.315186678,16475.125,0.433724784,314093.7917,0.433724784,314093.7917,0,0,0,0,0,0,0,0,0,0,0,0,0,0,0,0,0,0,0,0,0,0,0,0,0,0,0,0,0,0,0,0,0,0,0,0,0,0,0,0,0,0,0,0,0,0,0,0,0,0,0,0,0,0,0,0,0,0,0,0,0,0,0,0,0,0,0,0,0,0,0,0,0,0,0,0,0,0,0,0,0,0,0,0,0,0,0,0,0,0,0,0,0,0,0,0,0,0,0
"XH22-22084 2",0,0,"11/29/2022",0,0," ",0,0,0," ",0,0,0," ",0,0,0,0,0,0,0,0,0,0,0,0,0,0,0,0,0,0,0,0,0,0,0,0,0,0,0,0," ",0,0,0,0," ",0,0,0,0,0,0,0,0,0," ",0,0," ",0,0,0," ",0,0,0,0,0,1,63,0,0,170,90,31.1418685121107,1,1,"Anoxia",5,1.27,63.48211864,0,1.58,92,1,0,0,1,2,2,5,5,0,0,47.4039,1,1,1,1,47.4039,1.146220397,5.55555555555556,35,2,0.054054054,1.58209e-07,571061.7286,359621.3497,350.6297872,149.9435447,9.04052e-09,241229,16688.5,262.3829242,8.497123077,9.13544e-06,47479.56927,40059.09847,85.31883828,30.69987905,23331.32985,18733.0707,64.18415123,19.58867138,4.15864e-07,0.440631045,0.090347114,0.433746785,0.039724541,0.442726565,0.038437217,0.208294602,-0.011046312,1.1949e-05,0.557273435,2021,92,644629.2097,172418.8065,0.272979925,172418.8065,0.272979925,6.434053473,21.46986993,0.300345403,6.434053473,21.46986993,0.300345403,0.450305957,77058.76471,0.450305957,77058.76471,0.662959161,509252,0.662959161,509252,0.389580161,22897.91667,0.389580161,22897.91667,0.483429118,106601.0455,0.483429118,106601.0455,0,0,0,0,0,0,0,0,0,0,0,0,0,0,0,0,0,0,0,0,0,0,0,0,0,0,0,0,0,0,0,0,0,0,0,0,0,0,0,0,0,0,0,0,0,0,0,0,0,0,0,0,0,0,0,0,0,0,0,0,0,0,0,0,0,0,0,0,0,0,0,0,0,0,0,0,0,0,0,0,0,0,0,0,0,0,0,0,0,0,0,0,0,0,0,0,0,0,0
"XH23-01369 1",0,0,"1/19/2023",0,0," ",0,0,0," ",0,0,0," ",0,0,0,0,0,0,0,0,0,0,0,0,0,0,0,0,0,0,0,0,0,0,0,0,0,0,0,0," ",0,0,0,0," ",0,0,0,0,0,0,0,0,0," ",0,0," ",0,0,0," ",0,0,0,0,0,1,71,0,0,170,85,29.4117647058824,1,1,"Stroke (unspecified)",1,1.21,64.01258601,0,1.9,99,1,0,0,1,1,2,4,5,0,0,19.79875754,1,0,0,0,19.79875754,2.136318923,5.26315789473684,114,5,0.042016807,1.66315e-07,328390.1535,166918.1898,270.8439604,95.51396502,7.29453e-09,243031.1,156895.7462,220.961676,73.07214067,1.41032e-05,37947.43069,47221.26398,76.9638599,28.59761175,17327.47805,17243.41861,51.38589169,16.93254769,3.45761e-07,0.431671366,0.054616318,0.535182042,0.014292218,0.283649835,0.031674306,0.10205185,-0.325189449,1.49908e-05,0.716350165,9667,237,349461.5748,190547.9346,0.551350959,195821,0.546457108,8.207976044,33.18514577,0.204404733,8.225749657,33.58479148,0.202286623,0.360553601,57314.57813,0.360553601,57314.57813,0.573400113,356510,0.573400113,356510,0.325940256,20838.85,0.343095006,20838.85,0.41824251,118107.4583,0.41824251,118107.4583,0,0,0,0,0,0,0,0,0,0,0,0,0,0,0,0,0,0,0,0,0,0,0,0,0,0,0,0,0,0,0,0,0,0,0,0,0,0,0,0,0,0,0,0,0,0,0,0,0,0,0,0,0,0,0,0,0,0,0,0,0,0,0,0,0,0,0,0,0,0,0,0,0,0,0,0,0,0,0,0,0,0,0,0,0,0,0,0,0,0,0,0,0,0,0,0,0,0,0
"XH23-01369 2",0,0,"1/19/2023",0,0," ",0,0,0," ",0,0,0," ",0,0,0,0,0,0,0,0,0,0,0,0,0,0,0,0,0,0,0,0,0,0,0,0,0,0,0,0," ",0,0,0,0," ",0,0,0,0,0,0,0,0,0," ",0,0," ",0,0,0," ",0,0,0,0,0,1,71,0,0,170,85,29.4117647058824,1,1,"Stroke (unspecified)",1,1.21,64.01258601,0,1.9,99,1,0,0,1,3,4,8,8,0,0,57.6766,1,1,1,1,57.6766,18.07315014,11.2903225806452,117,14,0.106870229,1.64385e-07,266735.9744,144830.6563,243.6088294,80.37914293,1.967e-08,144975.1071,65783.01752,190.122569,48.10904466,1.11374e-05,34106.22707,32820.25945,70.99324771,24.87188377,14355.81503,17903.45284,47.59520353,18.61964284,5.6762e-07,0.406406138,0.043847364,0.379855637,0.062292547,0.229612102,0.044744648,0.115431654,0.22888364,1.26546e-05,0.770387898,7927,404,273571.3991,132401.3158,0.469647063,144838.402,0.473919847,7.784831727,41.83285656,0.101050807,7.780452445,41.67791596,0.101765091,0.346429658,398524.4219,0.346429658,398524.4219,0.487505174,9642421.5,0.487505174,9642421.5,0.30733698,17789.18421,0.30733698,17789.18421,0.403565109,954983.6154,0.403565109,954983.6154,0,0,0,0,0,0,0,0,0,0,0,0,0,0,0,0,0,0,0,0,0,0,0,0,0,0,0,0,0,0,0,0,0,0,0,0,0,0,0,0,0,0,0,0,0,0,0,0,0,0,0,0,0,0,0,0,0,0,0,0,0,0,0,0,0,0,0,0,0,0,0,0,0,0,0,0,0,0,0,0,0,0,0,0,0,0,0,0,0,0,0,0,0,0,0,0,0,0,0
"XH23-03908 1",0,0,"2/20/2023",0,0," ",0,0,0," ",0,0,0," ",0,0,0,0,0,0,0,0,0,0,0,0,0,0,0,0,0,0,0,0,0,0,0,0,0,0,0,0," ",0,0,0,0," ",0,0,0,0,0,0,0,0,0," ",0,0," ",0,0,0," ",0,0,0,0,0,1,65,0,0,185,97,28.3418553688824,1,1,"Stroke (unspecified)",1,0.87,95.75672287,0,1.48,89,1,0,0,1,1,2,4,6,0,0,17.02907057,1,0,0,0,17.02907057,6.160294484,9.09090909090909,23,3,0.115384615,8.80215e-08,706367.4783,456155.1104,373.1603968,186.909804,1.14811e-08,218686,32948.30576,219.5695397,16.5997154,6.54421e-06,60539.85263,59944.70128,87.68625676,33.32963876,289438.5,0,144.4991349,0,2.75546e-07,0.534862951,0.062175537,0.396185412,0.018437637,4.418874665,0,0.156935452,0.20007836,6.64587e-06,-3.418874665,1710,72,850760.9737,212343.9474,0.25460639,212343.9474,0.25460639,6.380185934,37.5220404,0.198604157,6.380185934,37.5220404,0.198604157,0.400547007,220534,0.400547007,220534,0.586977546,628687,0.586977546,628687,0.307331738,16457.5,0.307331738,16457.5,0.586977546,628687,0.586977546,628687,0,0,0,0,0,0,0,0,0,0,0,0,0,0,0,0,0,0,0,0,0,0,0,0,0,0,0,0,0,0,0,0,0,0,0,0,0,0,0,0,0,0,0,0,0,0,0,0,0,0,0,0,0,0,0,0,0,0,0,0,0,0,0,0,0,0,0,0,0,0,0,0,0,0,0,0,0,0,0,0,0,0,0,0,0,0,0,0,0,0,0,0,0,0,0,0,0,0,0
"XH23-03908 2",0,0,"2/20/2023",0,0," ",0,0,0," ",0,0,0," ",0,0,0,0,0,0,0,0,0,0,0,0,0,0,0,0,0,0,0,0,0,0,0,0,0,0,0,0," ",0,0,0,0," ",0,0,0,0,0,0,0,0,0," ",0,0," ",0,0,0," ",0,0,0,0,0,1,65,0,0,185,97,28.3418553688824,1,1,"Stroke (unspecified)",1,0.87,95.75672287,0,1.48,89,1,0,0,1,1,4,6,6,0,0,6.04483779,0,0,0,0,0,7.652406704,13.3333333333333,28,4,0.125,1.54452e-07,730596.375,556511.2385,370.9523984,186.835289,2.20645e-08,331953,62579.06917,294.757972,28.51294327,5.11345e-06,65893.63916,64142.59233,91.73384207,36.69979906,33393.78571,22333.5847,71.89135684,24.04587784,2.31677e-07,0.439479901,0.112841749,0.336943817,0.075035207,0.113329094,0.040793946,0.334897817,0.219117985,5.26863e-06,0.886670906,927,42,786195.1346,155435.0385,0.210280396,173941.7391,0.199556013,5.793141015,39.22826548,0.200083436,5.793141015,39.22826548,0.200083436,0.378583217,729558.5,0.378583217,729558.5,0,5725178,0,5725178,0.273649795,33664.33333,0.273649795,33664.33333,0.441543271,1077505.583,0.441543271,1077505.583,0,0,0,0,0,0,0,0,0,0,0,0,0,0,0,0,0,0,0,0,0,0,0,0,0,0,0,0,0,0,0,0,0,0,0,0,0,0,0,0,0,0,0,0,0,0,0,0,0,0,0,0,0,0,0,0,0,0,0,0,0,0,0,0,0,0,0,0,0,0,0,0,0,0,0,0,0,0,0,0,0,0,0,0,0,0,0,0,0,0,0,0,0,0,0,0,0,0,0
"XH23-06547 1",0,0,"3/25/2023",0,0," ",0,0,0," ",0,0,0," ",0,0,0,0,0,0,0,0,0,0,0,0,0,0,0,0,0,0,0,0,0,0,0,0,0,0,0,0," ",0,0,0,0," ",0,0,0,0,0,0,0,0,0," ",0,0," ",0,0,0," ",0,0,0,0,0,1,75,0,0,178,71,22.4087867693473,0,0,"Stroke (unspecified)",1,0.77,93.36278839,0,1.3,78,0,0,0,1,2,2,5,4,0,0,9.239862765,0,0,0,1,0,6.691247928,4.08163265306122,99,4,0.038834951,2.12643e-07,340062.1263,172382.6628,281.8787575,87.77394287,8.59163e-09,102405.625,11840.69219,156.7940766,11.17441484,8.51645e-06,52529.92585,77151.04571,78.3703725,34.55972731,65147.725,104107.2117,69.80079367,24.04430014,3.50109e-07,0.39452363,0.072311741,0.447368433,0.010996871,0.662302754,0.000570386,0.161638005,0.107111144,8.80662e-06,0.337697246,3965,163,359931.9946,88363.68817,0.260774135,93107.70115,0.27096316,5.104672849,28.34219941,0.303363103,5.104672849,28.34219941,0.303363103,0.417827622,84182.88889,0.417827622,84182.88889,0.782378778,1050139,0.782378778,1050139,0.379558447,17283.26923,0.379558447,17283.26923,0.517327477,258121.9,0.517327477,258121.9,0,0,0,0,0,0,0,0,0,0,0,0,0,0,0,0,0,0,0,0,0,0,0,0,0,0,0,0,0,0,0,0,0,0,0,0,0,0,0,0,0,0,0,0,0,0,0,0,0,0,0,0,0,0,0,0,0,0,0,0,0,0,0,0,0,0,0,0,0,0,0,0,0,0,0,0,0,0,0,0,0,0,0,0,0,0,0,0,0,0,0,0,0,0,0,0,0,0,0
"XH23-06547 2",0,0,"3/25/2023",0,0," ",0,0,0," ",0,0,0," ",0,0,0,0,0,0,0,0,0,0,0,0,0,0,0,0,0,0,0,0,0,0,0,0,0,0,0,0," ",0,0,0,0," ",0,0,0,0,0,0,0,0,0," ",0,0," ",0,0,0," ",0,0,0,0,0,1,75,0,0,178,71,22.4087867693473,0,0,"Stroke (unspecified)",1,0.77,93.36278839,0,1.3,78,0,0,0,2,1,2,5,5,0,0,15.0296,1,0,0,0,0,0.407566939,20,8,2,0.2,8.63015e-08,356061.8125,200179.1414,276.4702683,140.7806477,2.15754e-08,109600,14351.5,154.5873099,13.10586232,8.59779e-06,45636.05772,54957.97874,72.85274373,27.08839916,48495.26908,76675.75733,62.25457507,23.27218556,5.50172e-07,0.560113815,0.030728669,0.392369103,0.059370551,0.288872441,0.008745239,0.07831572,-0.230978549,6.43327e-06,0.711127559,797,51,469906.5833,104387,0.220966403,104387,0.220966403,4.823903372,26.29480011,0.281064277,4.823903372,26.29480011,0.281064277,0.516619009,36256.5,0.516619009,36256.5,0.516619009,36256.5,0.516619009,36256.5,0,0,0,0,0.516619009,36256.5,0.516619009,36256.5,0,0,0,0,0,0,0,0,0,0,0,0,0,0,0,0,0,0,0,0,0,0,0,0,0,0,0,0,0,0,0,0,0,0,0,0,0,0,0,0,0,0,0,0,0,0,0,0,0,0,0,0,0,0,0,0,0,0,0,0,0,0,0,0,0,0,0,0,0,0,0,0,0,0,0,0,0,0,0,0,0,0,0,0,0,0,0,0,0,0,0,0,0,0,0,0,0,0,0
"XH23-08067 1",0,0,"4/14/2023",0,0," ",0,0,0," ",0,0,0," ",0,0,0,0,0,0,0,0,0,0,0,0,0,0,0,0,0,0,0,0,0,0,0,0,0,0,0,0," ",0,0,0,0," ",0,0,0,0,0,0,0,0,0," ",0,0," ",0,0,0," ",0,0,0,0,0,1,75,0,0,163,85,31.9921713274869,0,0,"Stroke (unspecified)",1,0.82,91.60564343,0,1.34,81,0,0,0,1,2,2,5,6,0,0,72.70575552,1,1,1,1,0,0.230228658,12.5,22,2,0.083333333,6.76082e-07,262881.5,242223.479,204.2278054,147.6753314,6.1462e-08,125060.25,14483.75,170.0983659,13.74939723,5.80201e-05,59751.83686,71406.5021,90.01236057,37.50437895,35748.38806,45632.968,64.03490782,21.26620054,5.83889e-06,0.615590254,0.177729325,3.466806771,0.295254235,0.262471667,0.019070656,0.051266002,-3.16374593,9.66393e-06,0.737528333,1888,190,435231.1667,45611,0.104820347,61554.66667,0.150083358,4.464380627,19.95635565,0.318769296,4.464380627,19.95635565,0.318769296,0.686509898,345966.9091,0.686509898,345966.9091,0.887077292,3052643,0.887077292,3052643,0.563820297,23968.41667,0.563820297,23968.41667,0.833737419,732365.1,0.833737419,732365.1,0,0,0,0,0,0,0,0,0,0,0,0,0,0,0,0,0,0,0,0,0,0,0,0,0,0,0,0,0,0,0,0,0,0,0,0,0,0,0,0,0,0,0,0,0,0,0,0,0,0,0,0,0,0,0,0,0,0,0,0,0,0,0,0,0,0,0,0,0,0,0,0,0,0,0,0,0,0,0,0,0,0,0,0,0,0,0,0,0,0,0,0,0,0,0,0,0,0,0
"XH23-08067 2",0,0,"4/14/2023",0,0," ",0,0,0," ",0,0,0," ",0,0,0,0,0,0,0,0,0,0,0,0,0,0,0,0,0,0,0,0,0,0,0,0,0,0,0,0," ",0,0,0,0," ",0,0,0,0,0,0,0,0,0," ",0,0," ",0,0,0," ",0,0,0,0,0,1,75,0,0,163,85,31.9921713274869,0,0,"Stroke (unspecified)",1,0.82,91.60564343,0,1.34,81,0,0,0,1,1,2,4,5,0,0,22.7832,1,1,0,0,22.7832,0.747777586,9.52380952380952,41,4,0.088888889,8.31596e-08,470457.6585,253882.9223,323.0468506,128.2503293,8.11313e-09,111087.375,27942.64513,164.6697773,13.35531549,8.2186e-06,65807.39956,82015.18704,93.28154591,40.15822769,34566.9783,38353.06879,67.32196222,21.24240524,3.79289e-07,0.469465016,0.03912308,0.540844984,0.014682861,0.421210568,0.020656681,0.072336957,-0.162975156,8.85863e-06,0.578789432,4052,187,530187.125,107599.3889,0.202710965,112904.8529,0.210564912,5.159734927,25.57409206,0.264382168,5.159734927,25.57409206,0.264382168,0.469150887,77606.65789,0.469150887,77606.65789,0.541699592,206636.5,0.541699592,206636.5,0.481687718,20507.3125,0.481687718,20507.3125,0.460033192,119133.4545,0.460033192,119133.4545,0,0,0,0,0,0,0,0,0,0,0,0,0,0,0,0,0,0,0,0,0,0,0,0,0,0,0,0,0,0,0,0,0,0,0,0,0,0,0,0,0,0,0,0,0,0,0,0,0,0,0,0,0,0,0,0,0,0,0,0,0,0,0,0,0,0,0,0,0,0,0,0,0,0,0,0,0,0,0,0,0,0,0,0,0,0,0,0,0,0,0,0,0,0,0,0,0,0,0
"XH23-11571 1",0,0,"6/1/2023",0,0," ",0,0,0," ",0,0,0," ",0,0,0,0,0,0,0,0,0,0,0,0,0,0,0,0,0,0,0,0,0,0,0,0,0,0,0,0," ",0,0,0,0," ",0,0,0,0,0,0,0,0,0," ",0,0," ",0,0,0," ",0,0,0,0,0,1,53,0,0,175,95,31.0204081632653,1,1,"Stroke (unspecified)",1,1.32,64.49666163,0,1.42,86,1,0,0,1,2,2,5,5,0,0,17.0366,1,0,0,1,0,0.451084057,9.67741935483871,68,9,0.116883117,1.18648e-07,466075.4779,281774.1159,307.9989407,131.8031269,1.57034e-08,126639.7222,178641.0749,128.1341286,117.1825764,6.78734e-06,65467.04794,154509.0755,91.51607543,36.36789622,21795.26925,18981.43461,60.08057792,17.2458275,3.26281e-07,0.451814492,0.055298738,0.444347166,0.01997021,0.292678126,0.027651758,0.1244494,-0.166785327,9.60525e-06,0.707321874,3890,187,472999.5597,236088.6418,0.50684941,277732.3519,0.498536997,8.044034928,38.61978092,0.204708191,8.044034928,38.61978092,0.204708191,0.417443065,132378.6,0.417443065,132378.6,0.550042715,960654.5,0.550042715,960654.5,0.451927363,24650.08333,0.451927363,24650.08333,0.406553287,166398.1316,0.406553287,166398.1316,0,0,0,0,0,0,0,0,0,0,0,0,0,0,0,0,0,0,0,0,0,0,0,0,0,0,0,0,0,0,0,0,0,0,0,0,0,0,0,0,0,0,0,0,0,0,0,0,0,0,0,0,0,0,0,0,0,0,0,0,0,0,0,0,0,0,0,0,0,0,0,0,0,0,0,0,0,0,0,0,0,0,0,0,0,0,0,0,0,0,0,0,0,0,0,0,0,0,0
"XH23-12347 1",0,0,"6/13/2023",0,0," ",0,0,0," ",0,0,0," ",0,0,0,0,0,0,0,0,0,0,0,0,0,0,0,0,0,0,0,0,0,0,0,0,0,0,0,0," ",0,0,0,0," ",0,0,0,0,0,0,0,0,0," ",0,0," ",0,0,0," ",0,0,0,0,0,1,61,1,0,155,70,29.1363163371488,0,1,"Anoxia",5,0.7,98.33483511,0,1.41,85,0,0,0,0,1,2,3,3,0,0,14.58939577,0,0,0,0,14.58939577,0.509804385,0,22,0,0,1.65632e-07,271534.0455,248661.8454,216.5571202,150.4425745,0,0,0,0,0,1.2174e-05,56291.01701,57709.74171,84.49087856,29.20648409,33642.2056,39852.50309,63.97062643,21.43418017,2.63506e-07,0.613651832,0.044974763,0.685284686,0.04455184,0.27949156,0.004755633,0.065629313,0.189301863,9.67021e-06,0.72050844,1617,35,386036.4,91573.93333,0.230135553,111121.25,0.261712194,5.871165851,25.66620445,0.413770909,5.871165851,25.66620445,0.413770909,0.492687509,62068.07143,0.492687509,62068.07143,0.656442028,305698,0.656442028,305698,0.465395089,21463.08333,0.465395089,21463.08333,0.656442028,305698,0.656442028,305698,0,0,0,0,0,0,0,0,0,0,0,0,0,0,0,0,0,0,0,0,0,0,0,0,0,0,0,0,0,0,0,0,0,0,0,0,0,0,0,0,0,0,0,0,0,0,0,0,0,0,0,0,0,0,0,0,0,0,0,0,0,0,0,0,0,0,0,0,0,0,0,0,0,0,0,0,0,0,0,0,0,0,0,0,0,0,0,0,0,0,0,0,0,0,0,0,0,0,0
"XH23-12347 2",0,0,"6/13/2023",0,0," ",0,0,0," ",0,0,0," ",0,0,0,0,0,0,0,0,0,0,0,0,0,0,0,0,0,0,0,0,0,0,0,0,0,0,0,0," ",0,0,0,0," ",0,0,0,0,0,0,0,0,0," ",0,0," ",0,0,0," ",0,0,0,0,0,1,61,1,0,155,70,29.1363163371488,0,1,"Anoxia",5,0.7,98.33483511,0,1.41,85,0,0,0,1,1,2,4,4,0,0,20.9259,1,1,0,0,20.9259,0.017477459,6.45161290322581,58,4,0.064516129,1.82242e-07,396750.2241,161442.1452,302.520465,90.13126053,1.25684e-08,164424.375,21949.88983,199.3679965,17.30323633,1.19054e-05,39051.21536,36520.54121,75.30823664,24.56938035,52651.48364,59237.10459,76.04290691,23.32309933,3.17353e-07,0.544539733,0.072304658,0.464922177,0.031058356,0.808015479,0,0.155519917,0.18595636,1.22365e-05,0.191984521,3789,101,424498.8704,121340.6111,0.28292203,125489.6346,0.283432532,6.37730642,22.46840561,0.391384206,6.37730642,22.46840561,0.391384206,0.560779711,62696.67742,0.560779711,62696.67742,0.714162867,266099,0.714162867,266099,0.506859087,16080.83333,0.506859087,16080.83333,0.635439036,127241.6923,0.635439036,127241.6923,0,0,0,0,0,0,0,0,0,0,0,0,0,0,0,0,0,0,0,0,0,0,0,0,0,0,0,0,0,0,0,0,0,0,0,0,0,0,0,0,0,0,0,0,0,0,0,0,0,0,0,0,0,0,0,0,0,0,0,0,0,0,0,0,0,0,0,0,0,0,0,0,0,0,0,0,0,0,0,0,0,0,0,0,0,0,0,0,0,0,0,0,0,0,0,0,0,0,0
"XH23-12632 1",0,0,"6/16/2023",0,0," ",0,0,0," ",0,0,0," ",0,0,0,0,0,0,0,0,0,0,0,0,0,0,0,0,0,0,0,0,0,0,0,0,0,0,0,0," ",0,0,0,0," ",0,0,0,0,0,0,0,0,0," ",0,0," ",0,0,0," ",0,0,0,0,0,1,61,1,0,147,68,31.4683696607895,0,0,"Stroke (unspecified)",1,1.3,46.78353336,0,1.41,85,0,0,0,2,3,2,7,6,0,0,60.2699,1,1,1,1,60.2699,2.08951954,22.2222222222222,64,19,0.228915663,1.46867e-07,455436.5156,233574.7835,321.2149089,104.6320837,4.36011e-08,113471.5526,53899.45731,158.4731357,56.83958958,1.3335e-05,38883.38358,39970.94012,79.26720195,30.87209959,26489.75,23060.79672,74.02125253,39.60245162,2.7308e-07,0.410871427,0.066888469,0.518511456,0.034673286,0.152764412,0,0.129000947,0.147765436,1.35132e-05,0.847235588,5811,119,462056.6694,114941.4355,0.262419429,130785.7736,0.265509819,6.057196543,26.0637269,0.273751482,6.057196543,26.0637269,0.273751482,0.406337061,226413.9286,0.406337061,226413.9286,0.587280787,1482578,0.587280787,1482578,0.353115512,17415.27273,0.353115512,17415.27273,0.464880765,456312.45,0.464880765,456312.45,0,0,0,0,0,0,0,0,0,0,0,0,0,0,0,0,0,0,0,0,0,0,0,0,0,0,0,0,0,0,0,0,0,0,0,0,0,0,0,0,0,0,0,0,0,0,0,0,0,0,0,0,0,0,0,0,0,0,0,0,0,0,0,0,0,0,0,0,0,0,0,0,0,0,0,0,0,0,0,0,0,0,0,0,0,0,0,0,0,0,0,0,0,0,0,0,0,0,0
"XH23-12632 2",0,0,"6/16/2023",0,0," ",0,0,0," ",0,0,0," ",0,0,0,0,0,0,0,0,0,0,0,0,0,0,0,0,0,0,0,0,0,0,0,0,0,0,0,0," ",0,0,0,0," ",0,0,0,0,0,0,0,0,0," ",0,0," ",0,0,0," ",0,0,0,0,0,1,61,1,0,147,68,31.4683696607895,0,0,"Stroke (unspecified)",1,1.3,46.78353336,0,1.41,85,0,0,0,2,2,2,6,6,0,0,87.3794,1,1,1,1,87.3794,4.366567885,27.5862068965517,88,32,0.266666667,1.40554e-07,499388.3409,251449.3502,330.8566562,123.2779024,5.11106e-08,147994.0625,61142.07968,191.8109185,47.16437004,9.19192e-06,45103.89096,49309.56604,80.95785873,36.66137697,18477.975,11058.0063,57.57674573,17.45475152,2.37984e-07,0.33830919,0.070191111,0.414591488,0.021572089,0.192822975,0.001436939,0.169301862,0.306212562,9.3868e-06,0.807177025,5755,149,535860.6159,166013.7805,0.325700893,177023.1842,0.328598493,6.851483625,28.42518912,0.265134185,6.851483625,28.42518912,0.265134185,0.379596349,101116.1897,0.379596349,101116.1897,0.225720112,542253,0.225720112,542253,0.348352446,18254.54167,0.348352446,18254.54167,0.40165087,159606.7647,0.40165087,159606.7647,0,0,0,0,0,0,0,0,0,0,0,0,0,0,0,0,0,0,0,0,0,0,0,0,0,0,0,0,0,0,0,0,0,0,0,0,0,0,0,0,0,0,0,0,0,0,0,0,0,0,0,0,0,0,0,0,0,0,0,0,0,0,0,0,0,0,0,0,0,0,0,0,0,0,0,0,0,0,0,0,0,0,0,0,0,0,0,0,0,0,0,0,0,0,0,0,0,0,0
"XH23-16567 1",0,0,"8/18/2023",0,0," ",0,0,0," ",0,0,0," ",0,0,0,0,0,0,0,0,0,0,0,0,0,0,0,0,0,0,0,0,0,0,0,0,0,0,0,0," ",0,0,0,0," ",0,0,0,0,0,0,0,0,0," ",0,0," ",0,0,0," ",0,0,0,0,0,1,70,1,0,165,70,25.7116620752984,1,1,"Stroke (unspecified)",1,0.7,92.98188056,0,1.85,98,1,0,0,0,3,0,3,3,0,0,60.365,1,1,1,1,60.365,0.06359926,0,7,0,0,8.1991e-08,272579.2857,108108.1704,255.5049008,51.96663702,0,0,0,0,0,7.01609e-06,44407.68447,42919.17187,79.93325896,28.42856475,24204.85166,23928.88179,60.67355644,17.46007264,5.73937e-07,0.340670408,0.022349052,0.311568231,0.11365202,0.363419797,0.00852496,0.071730844,-0.346700455,9.87078e-06,0.636580203,599,49,272579.2857,133322.5714,0.479604352,133322.5714,0.479604352,8.462024239,43.42140223,0.165689885,8.462024239,43.42140223,0.165689885,0.406634002,128707.8636,0.406634002,128707.8636,0.413086721,1123581,0.413086721,1123581,0.369167575,18079.8125,0.369167575,18079.8125,0.506544474,423716,0.506544474,423716,0,0,0,0,0,0,0,0,0,0,0,0,0,0,0,0,0,0,0,0,0,0,0,0,0,0,0,0,0,0,0,0,0,0,0,0,0,0,0,0,0,0,0,0,0,0,0,0,0,0,0,0,0,0,0,0,0,0,0,0,0,0,0,0,0,0,0,0,0,0,0,0,0,0,0,0,0,0,0,0,0,0,0,0,0,0,0,0,0,0,0,0,0,0,0,0,0,0,0
"XH23-18901 1",0,0,"9/22/2023",0,0," ",0,0,0," ",0,0,0," ",0,0,0,0,0,0,0,0,0,0,0,0,0,0,0,0,0,0,0,0,0,0,0,0,0,0,0,0," ",0,0,0,0," ",0,0,0,0,0,0,0,0,0," ",0,0," ",0,0,0," ",0,0,0,0,0,1,72,1,0,158,64,25.6369171607114,0,1,"Stroke (unspecified)",1,0.7,91.83247947,0,1.85,98,1,0,0,1,2,2,5,4,0,0,32.1325,1,1,1,1,32.1325,7.904796692,8.33333333333333,22,2,0.083333333,2.80644e-07,393604.6591,159006.0975,295.6680477,80.50294252,2.55131e-08,150643.25,14907.75,200.7967302,8.583307102,1.7604e-05,42184.50145,43494.53093,76.94961241,31.99298912,17641.0483,22046.7507,56.71345772,21.10000146,8.16418e-07,0.594682207,0.110462677,0.74261661,0.049000611,0.238997855,0.026433113,0.148747921,-0.219680469,1.43606e-05,0.761002145,1380,64,412168.5714,116899.0476,0.299802444,116899.0476,0.299802444,6.399449867,31.12420321,0.288048341,6.399449867,31.12420321,0.288048341,0.394510236,90130.04167,0.394510236,90130.04167,0.608651669,463913.5,0.608651669,463913.5,0.32829503,17871.5625,0.32829503,17871.5625,0.526940648,234647,0.526940648,234647,0,0,0,0,0,0,0,0,0,0,0,0,0,0,0,0,0,0,0,0,0,0,0,0,0,0,0,0,0,0,0,0,0,0,0,0,0,0,0,0,0,0,0,0,0,0,0,0,0,0,0,0,0,0,0,0,0,0,0,0,0,0,0,0,0,0,0,0,0,0,0,0,0,0,0,0,0,0,0,0,0,0,0,0,0,0,0,0,0,0,0,0,0,0,0,0,0,0,0
"XH23-18901 2",0,0,"9/22/2023",0,0," ",0,0,0," ",0,0,0," ",0,0,0,0,0,0,0,0,0,0,0,0,0,0,0,0,0,0,0,0,0,0,0,0,0,0,0,0," ",0,0,0,0," ",0,0,0,0,0,0,0,0,0," ",0,0," ",0,0,0," ",0,0,0,0,0,1,72,1,0,158,64,25.6369171607114,0,1,"Stroke (unspecified)",1,0.7,91.83247947,0,1.85,98,1,0,0,1,3,2,6,4,0,0,67.96611582,1,1,1,1,67.96611582,0.666485861,4.34782608695652,43,4,0.085106383,1.55193e-07,434719.1512,193538.5356,326.164067,84.25239749,1.44365e-08,69893.125,69361.9567,105.0440097,91.80961841,1.12749e-05,46280.62276,44201.28303,82.63123805,30.30086663,28074.6815,31112.53937,62.3172128,18.88858415,4.54751e-07,0.415729532,0.06746532,0.521811412,0.052852731,0.527476938,0.009487906,0.129290617,-0.280821191,1.38806e-05,0.472523062,3124,126,434719.1512,103303,0.235305982,103303,0.235305982,6.396907539,29.75909848,0.302529256,6.396907539,29.75909848,0.302529256,0.326146249,76761.2381,0.326146249,76761.2381,0.500876686,1024190.5,0.500876686,1024190.5,0.28501519,17067.1875,0.28501519,17067.1875,0.457765638,267782.2,0.457765638,267782.2,0,0,0,0,0,0,0,0,0,0,0,0,0,0,0,0,0,0,0,0,0,0,0,0,0,0,0,0,0,0,0,0,0,0,0,0,0,0,0,0,0,0,0,0,0,0,0,0,0,0,0,0,0,0,0,0,0,0,0,0,0,0,0,0,0,0,0,0,0,0,0,0,0,0,0,0,0,0,0,0,0,0,0,0,0,0,0,0,0,0,0,0,0,0,0,0,0,0,0
"XH23-19921 1",0,0,"10/5/2023",0,0," ",0,0,0," ",0,0,0," ",0,0,0,0,0,0,0,0,0,0,0,0,0,0,0,0,0,0,0,0,0,0,0,0,0,0,0,0," ",0,0,0,0," ",0,0,0,0,0,0,0,0,0," ",0,0," ",0,0,0," ",0,0,0,0,0,1,73,0,0,160,74,28.90625,1,1,"Stroke (unspecified)",1,0.81,93.09654258,0,1.99,99,1,0,0,1,1,2,4,5,0,0,25.032117,1,1,1,1,25.032117,0.656826638,11.7647058823529,30,4,0.117647059,1.56917e-07,367932.6,159984.0562,291.7202679,85.24329071,2.09223e-08,82464.375,50498.69092,124.0216005,59.18946373,9.69748e-06,47872.9617,46637.24503,82.36937602,27.64442363,19551.25912,23920.57719,52.9898097,17.19473777,5.70132e-07,0.461777198,0.057734917,0.464246936,0.044764345,0.238486741,0.037134828,0.124362515,-0.278806969,1.15864e-05,0.761513259,1854,109,380609.2931,145605.8966,0.371445889,145605.8966,0.371445889,7.228346728,24.76551668,0.31708674,7.228346728,24.76551668,0.31708674,0.40656413,38793.1,0.40656413,38793.1,0.637450543,189312,0.637450543,189312,0.370470964,17884.22727,0.370470964,17884.22727,0.505820335,96292.5,0.505820335,96292.5,0,0,0,0,0,0,0,0,0,0,0,0,0,0,0,0,0,0,0,0,0,0,0,0,0,0,0,0,0,0,0,0,0,0,0,0,0,0,0,0,0,0,0,0,0,0,0,0,0,0,0,0,0,0,0,0,0,0,0,0,0,0,0,0,0,0,0,0,0,0,0,0,0,0,0,0,0,0,0,0,0,0,0,0,0,0,0,0,0,0,0,0,0,0,0,0,0,0,0
"XH23-19921 2",0,0,"10/5/2023",0,0," ",0,0,0," ",0,0,0," ",0,0,0,0,0,0,0,0,0,0,0,0,0,0,0,0,0,0,0,0,0,0,0,0,0,0,0,0," ",0,0,0,0," ",0,0,0,0,0,0,0,0,0," ",0,0," ",0,0,0," ",0,0,0,0,0,1,73,0,0,160,74,28.90625,1,1,"Stroke (unspecified)",1,0.81,93.09654258,0,1.99,99,1,0,0,1,1,2,4,4,0,0,4.234388793,0,0,0,0,0,0.431090532,6.25,32,2,0.058823529,8.09065e-08,346775.5,189076.0912,275.4480524,111.8098069,5.05666e-09,130545.5,30072.5,172.3716196,35.31323785,9.23093e-06,47030.08231,47073.11308,82.87749524,30.08061469,29701.76649,30687.40284,64.11864768,20.13500529,5.99214e-07,0.433699974,0.028056402,0.434131361,0.080422922,0.430726369,0.041182858,0.064626526,-0.084090367,1.12716e-05,0.569273631,3651,237,382634.1207,123005.931,0.304252429,131127,0.314572982,6.74221274,30.78891712,0.22988476,6.74221274,30.78891712,0.22988476,0.440443624,44068.60526,0.440443624,44068.60526,0.66929523,194501,0.66929523,194501,0.407219109,20434.20833,0.407219109,20434.20833,0.497399936,84584.71429,0.497399936,84584.71429,0,0,0,0,0,0,0,0,0,0,0,0,0,0,0,0,0,0,0,0,0,0,0,0,0,0,0,0,0,0,0,0,0,0,0,0,0,0,0,0,0,0,0,0,0,0,0,0,0,0,0,0,0,0,0,0,0,0,0,0,0,0,0,0,0,0,0,0,0,0,0,0,0,0,0,0,0,0,0,0,0,0,0,0,0,0,0,0,0,0,0,0,0,0,0,0,0,0,0
"XH23-24126 1",0,0,"12/4/2023",0,0," ",0,0,0," ",0,0,0," ",0,0,0,0,0,0,0,0,0,0,0,0,0,0,0,0,0,0,0,0,0,0,0,0,0,0,0,0," ",0,0,0,0," ",0,0,0,0,0,0,0,0,0," ",0,0," ",0,0,0," ",0,0,0,0,0,1,65,1,0,155,93,38.7096774193548,0,0,"Stroke (unspecified)",1,2.9,17.42382153,0,1.37,83,0,0,0,1,2,2,5,4,0,0,83.32773607,1,1,1,1,0,0.037309453,11.1111111111111,19,1,0.05,1.04634e-07,440136.4211,290545.6038,290.9619261,101.2690512,5.50705e-09,31035,0,70.80254233,0,8.61853e-06,79918.12748,160245.7458,91.78489075,47.13179431,27058.50339,32005.9064,63.81585455,32.67786066,2.91873e-07,0.552679182,0.046053179,0.688776538,0.032767978,0.264366707,0.017886615,0.066862293,-0.70156986,9.07556e-06,0.735633293,1565,53,463345.8056,99080.11111,0.210054113,113789.0667,0.230666898,6.615542804,21.21966223,0.305204185,6.615542804,21.21966223,0.305204185,0.495057983,104013.5,0.495057983,104013.5,0.27004885,498092.5,0.27004885,498092.5,0.46445765,23192.5,0.46445765,23192.5,0.501858057,121973.7222,0.501858057,121973.7222,0,0,0,0,0,0,0,0,0,0,0,0,0,0,0,0,0,0,0,0,0,0,0,0,0,0,0,0,0,0,0,0,0,0,0,0,0,0,0,0,0,0,0,0,0,0,0,0,0,0,0,0,0,0,0,0,0,0,0,0,0,0,0,0,0,0,0,0,0,0,0,0,0,0,0,0,0,0,0,0,0,0,0,0,0,0,0,0,0,0,0,0,0,0,0,0,0,0,0
"XH23-24126 2",0,0,"12/4/2023",0,0," ",0,0,0," ",0,0,0," ",0,0,0,0,0,0,0,0,0,0,0,0,0,0,0,0,0,0,0,0,0,0,0,0,0,0,0,0," ",0,0,0,0," ",0,0,0,0,0,0,0,0,0," ",0,0," ",0,0,0," ",0,0,0,0,0,1,65,1,0,155,93,38.7096774193548,0,0,"Stroke (unspecified)",1,2.9,17.42382153,0,1.37,83,0,0,0,2,1,2,5,7,0,0,23.028,1,1,0,0,23.028,6.987012643,21.7391304347826,36,10,0.217391304,1.47507e-07,486974.1944,266873.0324,332.8313945,118.6340618,4.09741e-08,143747.2,43302.6151,187.5361636,31.73148842,1.03378e-05,48607.96651,63941.1605,80.14919851,42.38727506,21812.99871,28353.424,58.30044753,29.06792762,5.16274e-07,0.514415014,0.071832005,0.502497889,0.061445742,0.349190469,0.030130499,0.142949864,-0.319981865,1.14347e-05,0.650809531,2523,126,510515.2059,128314.2353,0.265944488,135340.6563,0.267635996,6.433991032,26.88989991,0.262247664,6.433991032,26.88989991,0.262247664,0.44242296,66239.23913,0.44242296,66239.23913,0.586062208,487442.5,0.586062208,487442.5,0.392693299,17310.85,0.392693299,17310.85,0.480676545,103876.4615,0.480676545,103876.4615,0,0,0,0,0,0,0,0,0,0,0,0,0,0,0,0,0,0,0,0,0,0,0,0,0,0,0,0,0,0,0,0,0,0,0,0,0,0,0,0,0,0,0,0,0,0,0,0,0,0,0,0,0,0,0,0,0,0,0,0,0,0,0,0,0,0,0,0,0,0,0,0,0,0,0,0,0,0,0,0,0,0,0,0,0,0,0,0,0,0,0,0,0,0,0,0,0,0,0
"XH23-24396 1",0,0,"12/6/2023",0,0," ",0,0,0," ",0,0,0," ",0,0,0,0,0,0,0,0,0,0,0,0,0,0,0,0,0,0,0,0,0,0,0,0,0,0,0,0," ",0,0,0,0," ",0,0,0,0,0,0,0,0,0," ",0,0," ",0,0,0," ",0,0,0,0,0,1,66,1,0,157,97,39.3525092295833,1,0,"Stroke (unspecified)",1,0.63,97.77546975,0,1.29,78,0,0,0,0,2,2,4,5,0,0,43.54204037,1,1,1,1,43.54204037,1.751624386,0,13,0,0,7.67352e-08,491810.3462,242790.0581,332.4253149,117.6475603,0,0,0,0,0,9.85162e-06,36670.82834,39167.93733,66.72455768,24.26245732,22639.47619,21302.56912,55.96525647,16.60512585,2.24303e-07,0.418783874,0.037739186,0.361267237,0.042577491,0.377113578,0.006780135,0.104463352,0.12917568,1.05633e-05,0.622886422,1669,38,530528.625,229018.3333,0.419007721,237534.8182,0.412183021,7.18480663,35.86368334,0.140591226,7.18480663,35.86368334,0.140591226,0.416911891,40282.66667,0.416911891,40282.66667,0.525225731,48856,0.525225731,48856,0.339395525,23580.5,0.339395525,23580.5,0.455670075,48633.75,0.455670075,48633.75,0,0,0,0,0,0,0,0,0,0,0,0,0,0,0,0,0,0,0,0,0,0,0,0,0,0,0,0,0,0,0,0,0,0,0,0,0,0,0,0,0,0,0,0,0,0,0,0,0,0,0,0,0,0,0,0,0,0,0,0,0,0,0,0,0,0,0,0,0,0,0,0,0,0,0,0,0,0,0,0,0,0,0,0,0,0,0,0,0,0,0,0,0,0,0,0,0,0,0
"XH23-24396 2",0,0,"12/6/2023",0,0," ",0,0,0," ",0,0,0," ",0,0,0,0,0,0,0,0,0,0,0,0,0,0,0,0,0,0,0,0,0,0,0,0,0,0,0,0," ",0,0,0,0," ",0,0,0,0,0,0,0,0,0," ",0,0," ",0,0,0," ",0,0,0,0,0,1,66,1,0,157,97,39.3525092295833,1,0,"Stroke (unspecified)",1,0.63,97.77546975,0,1.29,78,0,0,0,1,2,2,5,4,0,0,45.7686,1,1,1,1,45.7686,0.822620691,4.16666666666667,48,2,0.04,1.23821e-07,453254.2396,210016.0239,323.4776311,92.91300407,5.15919e-09,121898.25,116.75,166.5982465,15.34680019,9.75861e-06,47653.37576,48048.05212,80.7619248,28.82967939,32462.77564,38891.67046,60.71927991,17.61234477,2.08947e-07,0.313765515,0.056122223,0.465030851,0.017881879,0.484119173,0.044393346,0.120684946,0.105891374,1.01449e-05,0.515880827,3783,81,462860.5319,242325.8723,0.523919327,246303.6522,0.520791418,7.755203018,43.40812967,0.128587828,7.755203018,43.40812967,0.128587828,0.305127661,90323.36667,0.305127661,90323.36667,0.574607213,403132,0.574607213,403132,0.264105589,21528.95,0.264105589,21528.95,0.387171804,227912.2,0.387171804,227912.2,0,0,0,0,0,0,0,0,0,0,0,0,0,0,0,0,0,0,0,0,0,0,0,0,0,0,0,0,0,0,0,0,0,0,0,0,0,0,0,0,0,0,0,0,0,0,0,0,0,0,0,0,0,0,0,0,0,0,0,0,0,0,0,0,0,0,0,0,0,0,0,0,0,0,0,0,0,0,0,0,0,0,0,0,0,0,0,0,0,0,0,0,0,0,0,0,0,0,0
"XH24-11187 1",0,0,"5/27/2024",0,0," ",0,0,0," ",0,0,0," ",0,0,0,0,0,0,0,0,0,0,0,0,0,0,0,0,0,0,0,0,0,0,0,0,0,0,0,0," ",0,0,0,0," ",0,0,0,0,0,0,0,0,0," ",0,0," ",0,0,0," ",0,0,0,0,0,1,75,0,0,165,68,24.9770431588613,1,1,"Stroke (unspecified)",1,0.93,85.62966563,0,2.13,100,1,0,0,2,1,2,5,4,0,0,23.63302403,1,1,0,0,23.63302403,4.299999028,27.2727272727273,24,5,0.172413793,1.03872e-07,408128.4167,449154.5927,253.237504,186.4336788,2.16399e-08,165998.3,86614.51208,191.3964813,53.41523152,9.23592e-06,50438.92549,61099.16519,81.16075292,31.57768336,32512.76362,30185.07515,65.73561842,18.41221136,3.41911e-07,0.391896128,0.042392985,0.465850066,0.022167039,0.368095889,0.014522466,0.09100135,-0.304139735,9.97538e-06,0.631904111,2134,79,575656.6765,208648.5882,0.44464735,240439.1538,0.512603777,8.805906147,45.42582017,0.172704817,8.805906147,45.42582017,0.172704817,0.418484356,70297.35714,0.418484356,70297.35714,0.671573794,350787,0.671573794,350787,0.366980446,16260.86364,0.40367849,16260.86364,0.475138656,129737.5,0.475138656,129737.5,0,0,0,0,0,0,0,0,0,0,0,0,0,0,0,0,0,0,0,0,0,0,0,0,0,0,0,0,0,0,0,0,0,0,0,0,0,0,0,0,0,0,0,0,0,0,0,0,0,0,0,0,0,0,0,0,0,0,0,0,0,0,0,0,0,0,0,0,0,0,0,0,0,0,0,0,0,0,0,0,0,0,0,0,0,0,0,0,0,0,0,0,0,0,0,0,0,0,0
"XH24-11187 2",0,0,"5/27/2024",0,0," ",0,0,0," ",0,0,0," ",0,0,0,0,0,0,0,0,0,0,0,0,0,0,0,0,0,0,0,0,0,0,0,0,0,0,0,0," ",0,0,0,0," ",0,0,0,0,0,0,0,0,0," ",0,0," ",0,0,0," ",0,0,0,0,0,1,75,0,0,165,68,24.9770431588613,1,1,"Stroke (unspecified)",1,0.93,85.62966563,0,2.13,100,1,0,0,2,2,2,6,4,0,0,40.32,1,1,1,1,40.32,2.672782354,26.6666666666667,50,15,0.230769231,1.17576e-07,389199.6,219382.1627,290.5217246,100.2262818,3.52727e-08,107278.5333,69197.5554,146.044017,62.27957205,9.81758e-06,51647.01269,51961.48896,87.70166806,36.00022531,0,0,0,0,3.4097e-07,0.397159828,0.045760438,0.507048465,0.027206841,0,0,0.090248648,-0.090320983,9.97042e-06,0,4175,145,405392.3958,155197.2708,0.38810886,167101.3636,0.40812494,7.514429069,43.69535998,0.176218576,7.514429069,43.69535998,0.176218576,0.491552598,109847.8333,0.491552598,109847.8333,0.672735564,329933.5,0.672735564,329933.5,0.395333828,18743,0.395333828,18743,0.539661983,155400.25,0.539661983,155400.25,0,0,0,0,0,0,0,0,0,0,0,0,0,0,0,0,0,0,0,0,0,0,0,0,0,0,0,0,0,0,0,0,0,0,0,0,0,0,0,0,0,0,0,0,0,0,0,0,0,0,0,0,0,0,0,0,0,0,0,0,0,0,0,0,0,0,0,0,0,0,0,0,0,0,0,0,0,0,0,0,0,0,0,0,0,0,0,0,0,0,0,0,0,0,0,0,0,0,0
"XH24-15014 1",0,0,"7/13/2024",0,0," ",0,0,0," ",0,0,0," ",0,0,0,0,0,0,0,0,0,0,0,0,0,0,0,0,0,0,0,0,0,0,0,0,0,0,0,0," ",0,0,0,0," ",0,0,0,0,0,0,0,0,0," ",0,0," ",0,0,0," ",0,0,0,0,0,1,63,0,0,160,70,27.34375,1,1,"Stroke (unspecified)",1,0.7,103.5348351,0,1.7,95,1,0,0,1,2,2,5,4,0,0,36.9651,1,1,1,1,36.9651,1.299007338,8.57142857142857,66,5,0.070422535,1.38245e-07,383290.4924,208880.8225,293.2038658,111.9540992,1.04731e-08,113786.2,75601.30023,138.7153483,69.27519134,1.38413e-05,39892.27656,37142.9304,78.4906846,27.8191685,21326.21779,18469.12368,55.11026036,14.38866937,1.44529e-07,0.407368803,0.05298813,0.552160671,0.023505155,0.37759515,0.006777085,0.095965057,-0.054455345,1.48918e-05,0.62240485,6608,69,413223.7213,175681.7377,0.43817774,188212.6964,0.432506089,7.924944861,36.94130987,0.170490613,7.924944861,36.94130987,0.170490613,0.410870382,149728.8333,0.410870382,149728.8333,0.631242055,933674.5,0.631242055,933674.5,0.345185065,13955.08333,0.345185065,13955.08333,0.542241017,421276.3333,0.542241017,421276.3333,0,0,0,0,0,0,0,0,0,0,0,0,0,0,0,0,0,0,0,0,0,0,0,0,0,0,0,0,0,0,0,0,0,0,0,0,0,0,0,0,0,0,0,0,0,0,0,0,0,0,0,0,0,0,0,0,0,0,0,0,0,0,0,0,0,0,0,0,0,0,0,0,0,0,0,0,0,0,0,0,0,0,0,0,0,0,0,0,0,0,0,0,0,0,0,0,0,0,0
"XH24-15014 2",0,0,"7/13/2024",0,0," ",0,0,0," ",0,0,0," ",0,0,0,0,0,0,0,0,0,0,0,0,0,0,0,0,0,0,0,0,0,0,0,0,0,0,0,0," ",0,0,0,0," ",0,0,0,0,0,0,0,0,0," ",0,0," ",0,0,0," ",0,0,0,0,0,1,63,0,0,160,70,27.34375,1,1,"Stroke (unspecified)",1,0.7,103.5348351,0,1.7,95,1,0,0,1,2,2,5,4,0,0,46.51,1,1,1,1,46.51,1.114857138,5,75,4,0.050632911,1.51141e-07,508580.3067,222106.8625,342.9258313,91.21100575,8.06085e-09,144035,70757.51379,163.388093,55.63120594,9.45941e-06,57278.70196,53392.84473,91.33129353,33.34653973,15599.5874,15949.58668,54.09174826,17.34873455,2.13613e-07,0.44710931,0.076867313,0.541822644,0.023905238,0.247910447,0.016006626,0.141868034,-0.409169554,1.14125e-05,0.752089553,4694,106,514547.4662,231580.1216,0.451510057,234407.4932,0.446501159,7.82559534,42.85329834,0.169008299,7.82559534,42.85329834,0.169008299,0.396381042,183102.5227,0.396381042,183102.5227,0.675484532,1838172,0.675484532,1838172,0.346384222,20833.95455,0.346384222,20833.95455,0.446377862,345371.0909,0.446377862,345371.0909,0,0,0,0,0,0,0,0,0,0,0,0,0,0,0,0,0,0,0,0,0,0,0,0,0,0,0,0,0,0,0,0,0,0,0,0,0,0,0,0,0,0,0,0,0,0,0,0,0,0,0,0,0,0,0,0,0,0,0,0,0,0,0,0,0,0,0,0,0,0,0,0,0,0,0,0,0,0,0,0,0,0,0,0,0,0,0,0,0,0,0,0,0,0,0,0,0,0,0
"XH24-16739 1",0,0,"8/7/2024",0,0," ",0,0,0," ",0,0,0," ",0,0,0,0,0,0,0,0,0,0,0,0,0,0,0,0,0,0,0,0,0,0,0,0,0,0,0,0," ",0,0,0,0," ",0,0,0,0,0,0,0,0,0," ",0,0," ",0,0,0," ",0,0,0,0,0,1,78,1,0,160,60,23.4375,0,0,"Stroke (unspecified)",1,0.3,108.5107262,0,1.47,88,1,0,0,1,2,2,5,5,0,0,39.55622037,1,1,1,1,39.55622037,1.339789004,4,48,2,0.04,1.77133e-07,355257.25,204909.5325,281.641035,89.33279472,7.38054e-09,63865,10229,133.5702908,9.485642295,1.00043e-05,50026.71265,53139.23517,87.30316467,27.14024818,0,0,0,0,2.98912e-07,0.310455046,0.062927761,0.500483285,0.048116027,0,0,0.125733992,-0.491143025,1.01888e-05,0,2711,81,375852.5222,197981.7111,0.554973304,202228.0909,0.563400131,8.980389019,43.60570989,0.157760492,8.980389019,43.60570989,0.157760492,0.334992105,45589.85714,0.334992105,45589.85714,0.540762828,214968,0.540762828,214968,0.302190345,16014.65,0.33576705,16014.65,0.416996505,119527.875,0.416996505,119527.875,0,0,0,0,0,0,0,0,0,0,0,0,0,0,0,0,0,0,0,0,0,0,0,0,0,0,0,0,0,0,0,0,0,0,0,0,0,0,0,0,0,0,0,0,0,0,0,0,0,0,0,0,0,0,0,0,0,0,0,0,0,0,0,0,0,0,0,0,0,0,0,0,0,0,0,0,0,0,0,0,0,0,0,0,0,0,0,0,0,0,0,0,0,0,0,0,0,0,0
"XH24-17428 1",0,0,"8/20/2024",0,0," ",0,0,0," ",0,0,0," ",0,0,0,0,0,0,0,0,0,0,0,0,0,0,0,0,0,0,0,0,0,0,0,0,0,0,0,0," ",0,0,0,0," ",0,0,0,0,0,0,0,0,0," ",0,0," ",0,0,0," ",0,0,0,0,0,1,70,0,0,170,72,24.9134948096886,1,0,"Stroke (unspecified)",1,1.26,61.35700752,0,1.54,91,1,0,0,1,2,2,5,5,0,0,46.3712,1,1,1,1,46.3712,2.452916735,18.1818181818182,80,18,0.183673469,1.19255e-07,448357.1,306430.4269,300.5472422,147.1294674,2.68325e-08,221172.6389,152229.2964,210.7920865,90.1987105,9.32876e-06,53854.63391,55681.91542,89.31251995,36.36440975,20031.3,20212.32541,52.64108459,23.42255778,2.02734e-07,0.453438503,0.053469028,0.502396829,0.026374402,0.126150069,0,0.106427878,0.084089334,9.46734e-06,0.873849931,6258,136,490780.5616,184412.3014,0.383375113,196154.6324,0.364960325,7.946365751,30.16468233,0.29357448,7.946365751,30.16468233,0.29357448,0.507323241,139262.7885,0.507323241,139262.7885,0.416220179,959826,0.416220179,959826,0.424036011,20384.17857,0.424036011,20384.17857,0.604491675,277954.5,0.604491675,277954.5,0,0,0,0,0,0,0,0,0,0,0,0,0,0,0,0,0,0,0,0,0,0,0,0,0,0,0,0,0,0,0,0,0,0,0,0,0,0,0,0,0,0,0,0,0,0,0,0,0,0,0,0,0,0,0,0,0,0,0,0,0,0,0,0,0,0,0,0,0,0,0,0,0,0,0,0,0,0,0,0,0,0,0,0,0,0,0,0,0,0,0,0,0,0,0,0,0,0,0
"XH24-17428 2",0,0,"8/20/2024",0,0," ",0,0,0," ",0,0,0," ",0,0,0,0,0,0,0,0,0,0,0,0,0,0,0,0,0,0,0,0,0,0,0,0,0,0,0,0," ",0,0,0,0," ",0,0,0,0,0,0,0,0,0," ",0,0," ",0,0,0," ",0,0,0,0,0,1,70,0,0,170,72,24.9134948096886,1,0,"Stroke (unspecified)",1,1.26,61.35700752,0,1.54,91,1,0,0,1,3,2,6,4,0,0,89.48795835,1,1,1,1,0,1.973669824,12.8205128205128,73,11,0.130952381,1.0515e-07,567952.2534,319313.386,352.1262314,140.2750992,1.58445e-08,157710.0909,109278.7164,182.7419283,78.9080386,1.02312e-05,49019.17563,50773.59745,88.43693176,35.25096433,65443.5,0,99.32774033,0,2.67916e-07,0.477061427,0.059720024,0.501525598,0.017852946,0.373590334,0,0.119076722,0.169612543,1.0351e-05,0.626409666,7103,186,618042.6866,226026.2388,0.357933418,229262.3788,0.362228949,7.588431406,29.82226837,0.308498024,7.588431406,29.82226837,0.308498024,0.511088444,103465.1333,0.511088444,103465.1333,0.412320775,1164719,0.412320775,1164719,0.459567989,19188.64706,0.459567989,19188.64706,0.578461348,213672.8462,0.578461348,213672.8462,0,0,0,0,0,0,0,0,0,0,0,0,0,0,0,0,0,0,0,0,0,0,0,0,0,0,0,0,0,0,0,0,0,0,0,0,0,0,0,0,0,0,0,0,0,0,0,0,0,0,0,0,0,0,0,0,0,0,0,0,0,0,0,0,0,0,0,0,0,0,0,0,0,0,0,0,0,0,0,0,0,0,0,0,0,0,0,0,0,0,0,0,0,0,0,0,0,0,0
"XH24-18297 2",0,0,"8/30/2024",0,0," ",0,0,0," ",0,0,0," ",0,0,0,0,0,0,0,0,0,0,0,0,0,0,0,0,0,0,0,0,0,0,0,0,0,0,0,0," ",0,0,0,0," ",0,0,0,0,0,0,0,0,0," ",0,0," ",0,0,0," ",0,0,0,0,0,1,81,1,0,153,80,34.1748899995728,1,0,"Stroke (unspecified)",1,0.7,86.83348712,0,1.7,95,1,0,0,2,1,0,3,5,0,0,12.9576,0,0,0,0,12.9576,0.24547188,46.1538461538462,14,12,0.461538462,1.07165e-07,322689.1071,165579.712,272.5965688,104.101101,9.18558e-08,62320.54167,28217.90874,112.8385378,36.71690424,1.28828e-05,46887.8366,73150.37314,73.79377719,28.11253199,24654.91312,35320.4573,54.43537063,19.06911447,6.12372e-07,0.491890043,0.034581014,0.604045563,0.028585785,0.279736461,0.016938318,0.057249016,-0.120327897,1.1753e-05,0.720263539,1683,80,347483.6154,125796.1538,0.353067878,133755.6667,0.353503446,7.537260106,29.94448445,0.225738455,7.537260106,29.94448445,0.225738455,0.456865052,41242.5,0.456865052,41242.5,0.567287498,89214,0.567287498,89214,0.402563183,6925.333333,0.402563183,6925.333333,0.497591454,66980.375,0.497591454,66980.375,0,0,0,0,0,0,0,0,0,0,0,0,0,0,0,0,0,0,0,0,0,0,0,0,0,0,0,0,0,0,0,0,0,0,0,0,0,0,0,0,0,0,0,0,0,0,0,0,0,0,0,0,0,0,0,0,0,0,0,0,0,0,0,0,0,0,0,0,0,0,0,0,0,0,0,0,0,0,0,0,0,0,0,0,0,0,0,0,0,0,0,0,0,0,0,0,0,0,0
"XH24-18298 1",0,0,"8/31/2024",0,0," ",0,0,0," ",0,0,0," ",0,0,0,0,0,0,0,0,0,0,0,0,0,0,0,0,0,0,0,0,0,0,0,0,0,0,0,0," ",0,0,0,0," ",0,0,0,0,0,0,0,0,0," ",0,0," ",0,0,0," ",0,0,0,0,0,0,36,1,0,165,90,33.0578512396694,0,0,"Stroke (unspecified)",1,1.47,47.15952585,0,0.9,39,0,0,0,1,3,2,6,5,0,0,59.2871,1,1,1,1,59.2871,3.112132341,5.55555555555556,70,4,0.054054054,1.87648e-07,338813.8857,155403.5518,278.3040083,83.77354928,1.07227e-08,129686.75,19058.34587,178.0461079,13.58614941,1.35938e-05,37802.6195,35020.50777,73.84253321,27.95540561,0,0,0,0,4.93246e-07,0.274172439,0.063577754,0.513879679,0.024401394,0,0,0.123721089,-0.163177246,1.37921e-05,0,5071,184,348770.0294,113032.1912,0.314883145,117110.7692,0.315123096,6.798296709,30.03821074,0.211853787,6.798296709,30.03821074,0.211853787,0.380627226,81422.65217,0.380627226,81422.65217,0.480033509,421739,0.480033509,421739,0.389040598,15151.31818,0.389040598,15151.31818,0.372914969,142171.375,0.372914969,142171.375,0,0,0,0,0,0,0,0,0,0,0,0,0,0,0,0,0,0,0,0,0,0,0,0,0,0,0,0,0,0,0,0,0,0,0,0,0,0,0,0,0,0,0,0,0,0,0,0,0,0,0,0,0,0,0,0,0,0,0,0,0,0,0,0,0,0,0,0,0,0,0,0,0,0,0,0,0,0,0,0,0,0,0,0,0,0,0,0,0,0,0,0,0,0,0,0,0,0,0
"XH24-18298 2",0,0,"8/31/2024",0,0," ",0,0,0," ",0,0,0," ",0,0,0,0,0,0,0,0,0,0,0,0,0,0,0,0,0,0,0,0,0,0,0,0,0,0,0,0," ",0,0,0,0," ",0,0,0,0,0,0,0,0,0," ",0,0," ",0,0,0," ",0,0,0,0,0,0,36,1,0,165,90,33.0578512396694,0,0,"Stroke (unspecified)",1,1.47,47.15952585,0,0.9,39,0,0,0,1,2,2,5,5,0,0,35.01877906,1,1,1,1,35.01877906,3.048577495,3.77358490566038,102,4,0.037735849,1.85969e-07,335880.1373,159107.8622,283.6629178,82.46238625,7.2929e-09,139152.875,59806.1537,172.3139831,28.03375183,1.15447e-05,43838.30425,45934.8327,75.75162877,30.47244272,16766.76314,19765.00781,51.44024518,18.59627691,3.93817e-07,0.328008949,0.062463294,0.50609849,0.0402283,0.368818095,0.023328856,0.123421222,-0.319028952,1.26519e-05,0.631181905,6332,216,339203.3317,131152.6535,0.397652135,134632.1596,0.387594191,7.213986403,30.53429939,0.193389669,7.213986403,30.53429939,0.193389669,0.265609823,394957.6563,0.265609823,394957.6563,0.578491195,5454383,0.578491195,5454383,0.157736491,20228.5,0.157736491,20228.5,0.3015676,519867.375,0.3015676,519867.375,0,0,0,0,0,0,0,0,0,0,0,0,0,0,0,0,0,0,0,0,0,0,0,0,0,0,0,0,0,0,0,0,0,0,0,0,0,0,0,0,0,0,0,0,0,0,0,0,0,0,0,0,0,0,0,0,0,0,0,0,0,0,0,0,0,0,0,0,0,0,0,0,0,0,0,0,0,0,0,0,0,0,0,0,0,0,0,0,0,0,0,0,0,0,0,0,0,0,0
