"Slide_number","Allocated_Discarded","Number_of_Sections_Per_Slide","Transplant_date_OR_Harvest_date","Recipient_code","RECIPIENT_DATA","Recipient_birth_date","Recipient_Sex","Recipient_Race","Recipient_age_at_transplantation_date","Country_of_birth","Recipient_weight_Kg","Recipient_height_cm","Recipient_BMI_Kgm2","Recipient_CKD_ethiology","CKD_etiology_code","Pre_transplant_Renal_Replacement_Therapy","Pretransplant_time_on_Renal_Replacement_Therapy_months","Recipient_previous_kidney_transplant","Imunossupression_code","Antibody_induction_therapy","Cr1M","eGFR_CKD_EPI_1M","Cr3M","eGFR_CKD_EPI_3M","Cr6M","eGFR_CKD_EPI_6M","Cr12M","eGFR_CKD_EPI_12M","Cr3years","eGFR_CKD_EPI_3years","eGFR_Variation_1Y_3Y_total","eGFR_less30_OR_Dialysis__3Y","eGFR_less_30_dialysis_Decline_sup_5ml__3Y","Cr5years","eGFR_CKD_EPI_5years","eGFR_Variation_1Y_5Y_total","eGFR_less30_OR_Dialysis__5Y","eGFR_less_30_dialysis_Decline_sup_5ml__5Y","Cr10years","eGFRMDRD_10years","Cr_at_last_Followup","eGFR_CKD_EPI_last_follow_up","Last_follow_up_date","Follow_up_time_Months","eGFR_12M_ABOVE_50_CKD_EPI","eGFR_12M_ABOVE_55_CKD_EPI","eGFR_12M_ABOVE_60_CKD_EPI","Transplant_admission_discharge_date","Blood_units_needed_during_admission","HLA_A_mismatches","HLA_B_mismatches","HLA_DR_mismatches","Total_HLA_mismatches","PRA_Panel_Reactive_Antibodies","Cold_Ischemia_hours","Delayed_Graft_Function","Graft_loss_Returned_to_Dialysis","Return_to_dialysis_date","Graft_loss","Graft_loss_code","Graft_loss_date","Graft_loss_death_censored","Death_With_a_Functioning_Graft","Death","Death_date","Cause_of_death","FollowUp_Status","Biopsy_type_Allocation_0_Preimplantation_1","DONOR_VARIABLES","Kidney_used","Expanded_criteria_donor","Donor_age","Donor_Sex_0_Male_1_Female","Donor_race","Donor_height","Donor_weight_Kg","Donor_BMI","Donor_Hypertension_History","Donor_Diabetes_History","Donor_cause_of_death","Donor_cause_of_death_code","Donor_final_creatinine","Donor_eGFR_CKD_EPI_final_creatinine","Donation_after_Cardiac_Death_donor","KDRI_2024","KDPI_2024","KDPI_SUP_85_2024","Donor_HCV_Status","REMUZZI_CALCULATIONS","Glomerular_GT1","Vascular_GT1","IFTA_GT1","REMUZZI_GT1","REMUZZI_OnCall_RP","AI_FEATURES","COMPUTATIONAL_MORPHOMETRIC","Fibrointimal_thickening_AI_All_Estimations","Fibro15","Fibro20","Fibro25","Fibro25_human","Fibrointimal_thickening__AI_After_Human_Revision","IFTA_AI_PERCENTAGE","Glomerulosclerosis_PERCENTAGE_AI_PLUS_HUMAN_GT","Glomerulus_count","sGlomerulus_count","Glomerulosclerosis_ratio","Glomerular_density_count","Average_glomerular_area_","Std_glomerular_area","Average_glomerular_radius","Std_glomerular_radius","Glomerulosclerosis_density_count","Average_sclglomerular_area","Std_sclglomerular_area","Average_sclglomerular_radius","Std_sclglomerular_radius","Cortical_tubular_density","Averag_cortical_tubular_area","Std_cortical_tubular_area","Average_cortical_tubular_radius","Std_cortical_tubular_radius","Average_medullary_tubular_area","Std_medullary_tubular_area","Average_medullary_tubular_radius","Std_medullary_tubular_radius","Cortical_arterialolar_density","Average_lumen_to_wall_ratio","Cortical_glomerular_density_area","Cortical_tubular_density_area","Cortical_artery_density_area","Medullary_tubular_density_area","Medullary_arteriole_density_area","Gloms_cortex_tubules_ratio_","Cortical_interstitial_density","Total_nephron_density_count","Medullary_interstitial_density","Cortical_tubule_count","Cortical_artery_arteriole_count","Glom_Area","Glomerular_Mesangial_Area","Glomerular_Mesangial_Fraction","Glomerular_Mesangial_Area_Reviewed_MF01","Glomerular_Mesangial_Fraction_Reviewed_MF01","Average_TBM_Thickness_TF_Cortical","Average_Cell_Thickness_TF_Cortical","Luminal_Fraction_TF_Cortical","TUBULAR_Average_TBM_Thickness_TF_CT_Rev","TUBULAR_Average_Cell_Thickness_TF_CT_Rev","TUBULAR_Luminal_Fraction_TF_Rev","VASCULAR_Luminal_ratio_V_Mean","VASCULAR_Arterial_Area_V_Mean","VASCULAR_Luminal_ratio_Mean_Rev","VASCULAR_Arterial_Area_Mean_Rev","VASCULAR_Luminal_ratio_V_ARTERY_Max_AREA","VASCULAR_Arterial_Area_V_ARTERY_Max_AREA","VASCULAR_Luminal_ratio_V_MaxAr_Rev","VASCULAR_Arterial_Area_V_MaxAr_Rev","VASCULAR_Luminal_ratio_V_INF35000_ARTERIOLAR","VASCULAR_Arterial_Area_V_INF35000_ARTERIOLAR","VASCULAR_Luminal_ratio_V_INF35_Rev","VASCULAR_Arterial_Area_V_INF35_Rev","VASCULAR_Luminal_ratio_V_SUP35000_ARTERY_MEAN","VASCULAR_Arterial_Area_V_SUP35000_ARTERY_MEAN","VASCULAR_Luminal_ratio_V_SUP35_Rev","VASCULAR_Arterial_Area_V_SUP35_Rev","arteries_hc1_feat53","glomeruli_hc3_feat47","glomeruli_hc2_feat4","arteries_hc1_feat25","glomeruli_hc2_feat26","glomeruli_hc1_feat25","glomeruli_hc2_feat5","glomeruli_hc2_feat23","arteries_hc1_feat24","arteries_hc1_feat49","arteries_hc1_feat20","glomeruli_hc2_feat8","glomeruli_hc4_feat54","arteries_hc1_feat48","arteries_hc1_feat1","glomeruli_hc3_feat50","glomeruli_hc2_feat13","glomeruli_hc3_feat49","arteries_hc1_feat52","glomeruli_hc1_feat47","glomeruli_hc2_feat7","glomeruli_hc2_feat47","glomeruli_hc3_feat52","arteries_hc1_feat54","glomeruli_hc3_feat22","glomeruli_hc2_feat53","arteries_hc2_feat10","glomeruli_hc3_feat19","glomeruli_hc2_feat14","glomeruli_hc4_feat55","arteries_hc1_feat14","glomeruli_hc4_feat26","glomeruli_hc2_feat54","arteries_hc1_feat6","glomeruli_hc4_feat1","arteries_hc1_feat2","glomeruli_hc3_feat55","glomeruli_hc2_feat25","glomeruli_hc2_feat16","glomeruli_hc1_feat56","glomeruli_hc4_feat6","glomeruli_hc4_feat53","glomeruli_hc4_feat7","glomeruli_hc4_feat23","arteries_hc4_feat49","glomeruli_hc1_feat8","arteries_hc1_feat17","glomeruli_hc4_feat57","glomeruli_hc1_feat51","glomeruli_hc3_feat6","scl_gloms_hc1_feat54","glomeruli_hc4_feat5","glomeruli_hc2_feat52","glomeruli_hc4_feat3","glomeruli_hc2_feat51","scl_gloms_hc1_feat17","glomeruli_hc4_feat17","glomeruli_hc2_feat24","arteries_hc2_feat54","glomeruli_hc2_feat19","glomeruli_hc4_feat50","arteries_hc4_feat14","arteries_hc1_feat22","glomeruli_hc4_feat4","glomeruli_hc4_feat13","arteries_hc2_feat56","glomeruli_hc2_feat20","glomeruli_hc3_feat57","glomeruli_hc3_feat56","glomeruli_hc1_feat5","arteries_hc1_feat8","scl_gloms_hc2_feat54","arteries_hc4_feat51","glomeruli_hc2_feat12","arteries_hc1_feat5","arteries_hc1_feat23","scl_gloms_hc1_feat1","glomeruli_hc1_feat50","glomeruli_hc1_feat53","arteries_hc4_feat18","scl_gloms_hc2_feat57","arteries_hc3_feat3","scl_gloms_hc1_feat2","glomeruli_hc1_feat13","glomeruli_hc3_feat4","arteries_hc3_feat21","arteries_hc3_feat24","scl_gloms_hc2_feat3","arteries_hc1_feat15","scl_gloms_hc2_feat50","glomeruli_hc3_feat25","arteries_hc3_feat20","arteries_hc3_feat27","glomeruli_hc1_feat55","arteries_hc2_feat55","arteries_hc2_feat46","scl_gloms_hc2_feat53","scl_gloms_hc3_feat15","scl_gloms_hc2_feat2","scl_gloms_hc3_feat58"
"H11-02415 - 1",1,3,"2/23/2011",19507187,0,"5/3/1946 0:00:00",0,0,64,"Portugal",69,172,23.3234180638183,"Undetermined",5,1,57,0,1,2,1.7,44.46068651,1.67,45.42083402,1.25,64.30175914,1.3,60.9651770751759,1.23,64.34661618,1.69071955241205,0,0,1.26,61.73979425,0.193654293706025,0,0,1.75,38.2928862265749,2.58,25.10768933,"9/23/2021 0:00:00",127,1,1,1,"3/4/2011 0:00:00",0,1,2,2,5,0,17,0,1,"9/23/2021",1,1,"9/23/2021 0:00:00",1,0,0," ",0,0,0,0,1,1,73,1,0,160,57,22.265625,1,0,"Stroke (hemorrhagic)",1,0.8,77.75081792,0,1.72,96,1,0,0,1,1,0,2,4,0,0,14.32538675,0,0,0,0,14.32538675,1.142312871,8.33333333333333,35,1,0.027777778,0,312955.3,126222.3563,276.0590913,71.78185892,0,55433.5,0,124.4869471,0,0,0,0,0,0,30299.66026,29608.45021,64.756991,24.93232118,0,0.812160342,0,0,0,0.236131273,0.015184189,0.120972941,8.012368386,1.91771e-05,0.763868727,2205,86,342797.5,44220,0.162880575,66199.13043,0.206535103,6.21702522,23.13592206,0.296422026,6.130906503,22.67927096,0.303273734,0.530753899,25054.97059,0.530753899,25054.97059,0.766721703,89698.5,0.766721703,89698.5,0.520590317,9381.75,0.520590317,9381.75,0.58727845,65333.625,0.555146495,62670.7,107.708803087549,2.7247303380827,1.29825423421731e-05,0.00267346383233583,0.000417719475394987,0.000183972754480893,0.000111977016239678,8.67740125393662e-05,5.24191439151764,88.7465277777778,5.24191437961278,0.000478278248143274,132.219332020103,0.858893998763073,0.195132022789603,93710.6666666667,1.59248993400941e-05,101.074062826872,1.30160672792968,2.80788308336778,5.54531048288416e-05,2.40438271847038,1.35406465204155,82.7904928927395,8.29505358542557e-05,648.615689649991,1.18454062365907,4.72556097485064,4.33766795667012e-05,51508.5,0.00393459623158341,0.000945432869098229,499.728339958979,1.70394632220268,0.255405469341408,1.70394634021891,93671.5,0.000210835530800875,8.68244923028481e-05,305.142077554585,2.24351811408997,526.159821717945,0.000213513461053204,0.000239247398829342,81.7291666666667,0.000304374688605177,0.00704965612175789,51508.5,2269.98109532991,2.35794305801392,264.561364400624,0.000382526532666661,1.30971952887311,13158.234375,1929.59861351716,0.000760369771885859,0,9.97296199798584,102.488206799812,5.12509150879038,51519,0.000889633213883748,0.000754284437357998,4.35473924977186e-05,0,51.1540569809607,9.97296194773761,93671.5,148.588277032725,6.55630821062067e-05,0.00709376257280795,0,290.949951716518,364968.721875,0.00213408687451787,0.001020438048836,0.271655938035199,359282.846153846,736.676872182627,5.26666657129924,0,15981.7880859375,2.37452803069847,6.93757994155495e-06,2.62818081164293e-05,357478.303125,9.0563853263855,0,1.54752585291862,0,0.000353514688662754,9.05638553287136,43.9965919494629,359198.115384615,13112,18.4,0,0,0,0
"H11-11431 - 1",1,2,"9/21/2011",19480101199,0,"1/19/1948 0:00:00",0,0,63,"Portugal",64,165,23.5078053259871,"Undetermined",5,1,31,0,2,2,1.84,40.68501589,1.85,40.42125594,2.01,36.59153334,2.1,34.5025914961238,2.27,31.03714935,-1.7327210730619,0,0,2.76,24.24487454,-2.56442923903095,1,1,0,0,2.12,32.69572448,"11/14/2018 0:00:00",86,0,0,0,"10/12/2011 0:00:00",0,1,1,1,3,0,13,0,0," ",1,6," ",0,1,1,"12/23/2018 0:00:00",1,1,0,0,1,1,72,1,0,160,80,31.25,0,0,"Head Thrauma",2,1,59.85686382,0,1.26,75,0,0,0,1,1,2,4,3,0,0,17.37183162,1,0,0,0,17.37183162,1.146927687,20,15,4,0.210526316,1.61077e-07,390234.5333,219671.5421,287.8569107,65.9737243,4.2954e-08,111636.875,27021.42211,166.2712459,27.87243762,2.34743e-05,31644.48262,29833.87892,69.86014019,24.35160951,18113.21884,16316.85969,54.06998065,16.51412213,5.79879e-07,0.659490065,0.062857953,0.742833419,0.039904707,0.231835883,0.016598525,0.084619178,-0.593507527,1.96315e-05,0.768164117,2186,54,314109.5,71867,0.211629664,89417.33333,0.210029125,4.577644178,19.71261298,0.292939524,4.531656058,19.36678384,0.294633852,0.582445203,91384.33333,0.582445203,91384.33333,0.864306517,1068357.5,0.864306517,1068357.5,0.534177865,15221.79167,0.534177865,15221.79167,0.678979877,243709.4167,0.678979877,243709.4167,158.039525067515,2.96842919941584,2.8721628326037e-06,0.00231856310014863,0.000201072888222962,0.000149192350568033,2.50192108930161e-05,3.23389253011861e-05,8.27796964645386,62.3388657319692,8.27796971247834,0.000130758599227234,729.405863600448,1.57071788552477,0.16676319082113,170337,3.08017344460867e-06,86.2649352738061,1.56316625906646,2.65586424931057,1.50121033200758e-05,2.76909951572273,1.44181470967315,102.386864230443,6.35634946189178e-05,936.367635796958,0.457435004554256,7.93174633872965,1.761903301434e-05,842825,0.000542986063397398,0.000100744311464267,816.777565923072,1.4886482000351,0.160505008929948,1.48864819900043,170271.333333333,0.00014278369257702,1.75354468965491e-05,283.902095073009,1.4504422545433,1551.48118025004,9.24181166102817e-06,1.44737937965991e-05,35.6240691093238,0.00025019541938431,0.00191067281194657,842825,2117.23986156304,1.70355947812398,277.194585987337,1.55527564156236e-05,1.14753481390805,135279.6875,2978.06933470831,0.000264117588241254,5.31738857885378e-05,13.5929265022278,240.685560337791,9.65015710067147,842988,6.62227367469744e-06,0.000718979621468049,1.72132529625825e-06,2.59831162491063e-06,113.600133171229,13.5929263492182,170271.333333333,194.644555930211,4.77321099547988e-05,0.00429634922990155,373.45815726058,5302.16410205479,190329.8515625,0.00131716773368209,0.00152219154378504,0.146499014816028,309138,687.03022593438,11.5875988006592,126725,2715.68364606585,1.30377291318177,7.63701473067073e-06,1.0645950301242e-05,52521.5619419643,5.20951931817191,20370.22265625,2.40967516899109,126789,0.000290133916303207,5.20951934609629,22.8635681697301,309054.3125,78779.8,242.6,432.572021213346,2.69025874137878,1.42359512588231,30020
"H11-15201 - 2",1,3,"12/17/2011",19790699,0,"2/4/1952 0:00:00",0,0,59,"Portugal",62,170,21.4532871972318,"Undetermined",5,1,32,0,2,2,1.74,44.60266515,1.53,52.04633957,1.9,40.13429021,2,37.5044590274056,2.19,33.21880057,-2.1428292287028,0,0,1.98,37.02683933,-0.1194049243514,0,0,1.7,0,1.9,37.22025762,"3/21/2023 0:00:00",135,0,0,0,"1/2/2012 0:00:00",0,1,1,1,3,0,25,0,0," ",0,0," ",0,0,0," ",0,0,0,0,2,1,73,0,0,170,78,26.9896193771626,1,0,"Stroke (hemorrhagic)",1,1.1,70.88177417,0,1.5,90,1,0,0,1,2,2,5,3,0,0,39.0721,1,1,1,1,39.0721,1.008737699,11.1111111111111,48,4,0.076923077,4.87107e-07,240648.1979,128990.4761,233.4378838,95.16293181,4.05922e-08,92864.5,5630.905833,153.3609585,7.205303471,2.71055e-05,35447.27668,30452.56765,73.07009347,24.07436382,35400.36136,44707.45465,55.22824186,19.54214531,7.10364e-07,0.513588335,0.11722133,0.960814515,0.027558204,0.304369019,0.00230864,0.122002039,-0.128532407,1.64031e-05,0.695630981,2671,70,268955.5,59607,0.226112379,73088.85714,0.247114793,5.955322818,42.11099601,0,5.575215144,20.86946464,0.343435365,0.452868202,46665.75,0.452868202,46665.75,0.335861267,166547,0.335861267,166547,0.434483092,13165.625,0.434483092,13165.625,0.477381681,91332.58333,0.477381681,91332.58333,157.968255749189,2.21228943200395,0.0027777390967515,0.00142056964042956,0.0154905532358782,0.000482721523083769,0.0243383741740024,0.00608827556180378,4.18795104821523,67.509186338353,4.1879510228442,0.0385546529189849,569.964092949485,1.12900078757041,0.212555516690663,375,0.000291304037002568,22,1.36068627461264,2.94704540148816,0.00437660310757772,2.5429106598039,11.8509375233529,115.789939584662,0,97.8759208710231,0.741119851412327,0,0.00546521155988399,301118.742857143,0.000437404504257733,0.000290191432431146,10.6314752696236,1.87357878684998,0.236412800922957,1.87357878138128,368,0.013595390345408,0.000530363298859719,147.720547046516,2.07489508560726,662.873988691327,3.63774317552232e-05,5.950180901529e-05,47.3002645502645,0.000875220105292732,0.00183204392556437,301118.742857143,1312.19397057803,1.3634250164032,299.329899082848,6.64359009644629e-05,8.6243554937278,71052.632421875,205.227080289044,0.000229616985933071,0.000184081225093916,2.49916263421377,210.918545596551,2.17042007743178,301201.685714286,0.000718643978749525,0.000333680096031192,7.5716043587812e-06,9.54471739673559e-06,106.548781502548,2.49916260597118,368,8.60232526704263,0.000201035008917318,0.00433437012341246,287.616667952265,352.877200360025,24.5333353678385,0.00129375149202555,0.000707069867068291,0.186935401114443,112177.222222222,465.370876694242,6.09844994544983,83365.5,26580.0638020833,1.66074929145016,1.65159844354082e-05,0.00363580004374186,529992.25,10.8209892908732,19269.009765625,2.3577671845754,83446,0,10.8209890273137,51.2356592814128,112127.111111111,56390.1666666667,113.666666666667,372.79669969934,2.27315473556519,2.04164121271721,15804
"H12-05837 - 1",1,2,"5/5/2012",19758339,0,"7/24/1981 0:00:00",0,0,30,"Portugal",89,185,26.0043827611395,"Chronic glomerulonephritis (IgA)",2,1,61,0,1,2,1.57,60.43235868,1.4,69.34185974,1.6,59.07519295,1.8,50.9707605976482,1.48,63.66958905,6.3494142261759,0,0,1.74,51.78273588,0.202993820587949,0,0,1.89,0,2.16,38.06858897,"4/23/2024 0:00:00",144,1,0,0,"5/14/2012 0:00:00",0,1,0,2,3,0,15,0,0," ",0,0," ",0,0,0," ",0,0,0,0,1,1,49,0,0,170,90,31.1418685121107,1,0,"Stroke (hemorrhagic - aneurysm rupture)",1,0.8,108.4893318,0,0.96,46,0,0,0,0,1,2,3,3,0,0,11.1849656,0,0,0,0,11.1849656,0.589310431,0,77,0,0,4.76595e-07,328691.2338,178458.8639,270.1442735,95.1699441,0,0,0,0,0,1.61361e-05,37524.6705,32216.20248,75.44621351,22.78373614,0,0,0,0,3.58993e-07,0.483112343,0.156652475,0.605503046,0.018168799,0,0,0.258714594,0.035689104,1.66127e-05,0,2607,58,373174.5,59990,0.171555315,81948.03704,0.222183698,8.191637207,45.01114345,0.005192261,6.074105978,19.95809384,0.246609251,0.49996569,60472.86667,0.49996569,60472.86667,0.687211135,265421,0.687211135,265421,0.4834762,15646.38889,0.4834762,15646.38889,0.524699925,127712.5833,0.524699925,127712.5833,172.70079312076,1.46710319403341,5.54181502597198e-06,0.00140332797398402,0.00029024357075477,9.56508605507063e-05,4.85987658836931e-05,6.18471399524279e-05,4.66333761811256,48.4851055580265,4.66333755554123,0.000261249587157983,333.497010832683,1.41909497776864,0.171038174552152,86,5.0022667857845e-06,70,1.3703480477405,2.9371663555302,2.9788321618115e-05,2.98355752739846,2.33868687445615,125.484199495511,0.0126453485599784,803.095227378635,0,0.202325576959654,4.81783021342131e-05,129329.413043478,0.000420621974169849,0.000655619320877571,645.40034366736,1.52856642007828,0.21009431571713,1.52856641433165,81,0.000223152163920098,2.67325932690395e-05,325.13280411337,1.83768676156583,471.172268235861,0.000126706897444342,0.000164660502249412,58.9406398936496,0.000214043320246211,0.00165930492344887,129329.413043478,2474.57709798687,2.37616848945618,0,0.000229677599126401,1.25347306226374,27833.1213591202,2444.84555180445,0,0.00218215656890875,17.5043259910915,4.40599172100092,13.6173460238431,129380.043478261,2.97881050776415e-05,0.000333150978718367,2.61126294588955e-05,2.27675132838094e-05,5,17.504325899424,81,7.21110255092798,4.24360457051559e-05,0.00339552121810944,0,2391.82416870425,104333.711914062,0.000941525161410788,0.000759694152018996,0,431507,808.676600613889,16.8968982696533,0,13086.1390380859,0,8.14472386011838e-06,0.0276298661564672,342924.484375,7.44517695903778,0,2.43685738742352,0,0.0232558139534884,7.44517692340628,35.4658932685852,431411.183333333,133.5,2,0,0,0,0
"H12-05837 - 2",1,2,"5/5/2012",1508,0,"11/28/1952 0:00:00",0,0,59,"Portugal",68,169,23.8086901719127,"ADPKD",4,1,62,1,1,2,1.61,48.95858492,1.7,45.86497934,1.3,63.28312035,1.4,57.5393905342541,1.22,67.03244929,4.74652937787295,0,0,1.25,64.30175914,1.69059215143647,0,0,1.6,0,1.81,39.37359625,"5/9/2024 0:00:00",144,1,1,0,"6/4/2012 0:00:00",0,0,2,1,3,6,17,1,0," ",0,0," ",0,0,0," ",0,0,0,0,2,1,49,0,0,170,90,31.1418685121107,1,0,"Stroke (hemorrhagic - aneurysm rupture)",1,0.8,108.4893318,0,0.96,46,0,0,0,1,2,2,5,4,0,0,35.3975,1,1,1,1,35.3975,4.643874818,14.2857142857143,25,4,0.137931034,-7.68001093142036e-07,432723.8,199473.3526,296.475927,100.4853456,-1.2288017e-07,140132.25,46397.62556,195.1178637,33.52639641,0,0,0,0,0,21175.93569,17923.43911,62.1030129,20.14788141,0,0.838058329,0,0,0,0.295031155,0.009143516,0.235201421,0.828145855,2.7237e-05,0.704968845,1000,27,449600.5,66870,0.134763967,81247.47059,0.185774919,6.193156185,18.4353325,0.279390318,6.084599279,17.63163298,0.296732814,0.533621604,76497.8,0.533621604,76497.8,0.539838021,215014.5,0.539838021,215014.5,0.571517827,9832.25,0.571517827,9832.25,0.508357455,120941.5,0.508357455,120941.5,141.437880220088,2.726593422859,0.000100833995530031,0.00100830211504072,0.00134198667203073,0.000126160342316112,0.000988291090691996,0.000401913367236571,3.62511444091797,38.4102564102564,3.62511445994389,0.00350877192982456,679.477703891465,0.79105283132982,0.164365376526955,109215.25,0,77.0946063753525,1.14587742244881,3.17721997783301,0.00035799522673031,2.4609496839464,1.76954918260109,123.43194607834,9.95474737504543e-05,325.631107128625,1.10619564157936,4.60093435810677,0,484967.3125,0.000376110507733185,0.00014926406399294,70.0464634853432,1.50002610683441,0.190573875282421,1.50002607643525,109182.125,0.00120506559749776,0,349.131447417293,1.66243021190166,914.937977948383,1.97151305038292e-05,2.58718049325416e-05,59.8509615384615,0.000179884773522209,0.00144870032562069,484967.3125,2854.82758066069,1.83817732334137,466.950091693192,3.04011605353165e-05,4.648787260998,93045.7099609375,743.747258045114,0.000172882147105978,9.58006752449948e-05,6.0487961769104,192.874025492338,5.4316457525358,485061.375,3.06465292106765e-05,0.000265168198443272,3.47949090109896e-06,4.8224250688036e-06,94.0239300782059,6.04879620016611,109182.125,131.867456185544,3.19822793817008e-05,0.00360066741108099,338.846146472644,1736.44487630317,0,0.00100135254127798,0.00113002320477493,0.14536679992551,540518.5,941.365717526167,12.5906982421875,103606.5,1225.26196289062,1.30483440396592,3.59792148523628e-06,2.56686704601999e-05,20385.84375,5.2991533279419,15937.37890625,3.371830701828,103669,0.000416729979546226,5.29915356121653,21.1720962524414,540407.25,73905,183.5,391.25931850691,2.910799741745,1.37166528154316,67346
"H12-06008 - 1",1,2,"5/8/2012",14030372,0,"9/6/1951 0:00:00",0,0,60,"Portugal",66,163,24.8409800895781,"Chronic pyelonephritis",4,1,26,0,6,0,1.35,60.10607627,1.2,69.23112757,1.1,76.85067353,1.2,68.8018945765631,1.1,75.43009511,3.31410026671845,0,0,1.06,77.88374461,2.27046250835922,0,0,0,0,1.13,70.79289901,"9/10/2019 0:00:00",88,1,1,1,"5/17/2012 0:00:00",0,1,1,0,2,2,15,0,0," ",1,6," ",0,1,1,"6/29/2020 0:00:00",2,1,0,0,1,1,68,0,0,170,60,20.7612456747405,1,0,"Stroke (hemorrhagic)",1,0.8,96.39797036,0,1.47,88,1,0,0,1,2,2,5,4,0,0,28.8814149,1,1,1,1,28.8814149,2.678810451,5.88235294117647,35,2,0.054054054,5.6798e-07,455265.4,333303.8177,293.0455786,136.5003516,3.2456e-08,294527,18570.5,282.5660636,14.29754143,2.40823e-05,42703.62163,40210.05925,80.0594324,27.46924437,12294.03427,8788.575699,50.74809131,16.07538678,6.16664e-07,0.669976045,0.258581441,1.028402848,0.02282197,0.246724486,0.021606117,0.251439833,-0.265651545,2.19155e-05,0.753275514,1484,38,507349,38886,0.131152489,148543.0667,0.288824012,5.659675434,22.71755391,0.334251903,5.659675434,22.71755391,0.334251903,0.558823962,20865.22727,0.558823962,20865.22727,0.24590043,46427,0.24590043,46427,0.601921997,16322.66667,0.601921997,16322.66667,0.364882804,41306.75,0.364882804,41306.75,236.108906914565,4.3818047385372,7.60406359465478e-06,0.00114759470138038,0.000263148417691311,0.00108748402747138,6.67178453368723e-05,5.3792817260238e-05,4.15062725543976,50.5251358695652,4.15062725728061,0.000326028017819094,850.504279439878,1.02478360717387,0.173605445508212,1686.5,1.18591638575478e-05,45.6666666666667,2.45947984466586,2.97387526218586,3.71711973337232e-05,2.95176896585541,14.0446180797266,95.9431193894411,0.00150397388633821,826.893080492676,0.662855443021492,0.984510722537739,2.47968021548366e-05,730909.576923077,0.000365518938235959,0.000122693322563425,666.338811467799,1.53696066141128,0.225400636093848,1.53696067633038,1678.75,0.000112850909112117,7.16670410664754e-05,140.048095334113,1.9738510113496,1082.71802280699,1.68558705835712e-05,2.03482886996324e-05,47.8888888888889,0.00157393992395183,0.00175677995185446,730909.576923077,1469.26957890429,1.25757151842117,588.777134775516,2.59260554500062e-05,1.25204453487774,168217.573918269,2510.69913259793,0.000182386969344769,0.000173765441992361,7.69769974549611,161.018006387624,3.76844026470075,731042.230769231,0.000615509947001781,0.000247461293933341,2.95463815688502e-06,2.84610676642415e-06,79.5661148103613,7.69769972746125,1678.75,15.3077640640442,0.000593764969014256,0.00260721355171498,567.451859984773,331.078210486802,537404.380208333,0.00081794512607966,0.00056551088880958,0.193873818099955,114359.5,471.74452962673,10.5907001495361,275956.5,2419.52651977539,1.67062128528975,6.44340036418927e-05,0.000836853268390512,44931.9140625,5.30666375160217,50324.234375,2.66629421710968,276063,0.00422225140570619,5.30666379071013,24.1375975608826,114299.8125,34134.875,90.5,627.153220456998,0,1.55326505061885,0
"H12-09036 - 1",1,1,"7/11/2012",3005054,0,"9/10/1948 0:00:00",0,0,63,"Portugal",67,162,25.5296448712087,"CAKUT",4,1,45,0,2,2,1.8,41.77234646,1.5,51.98838981,1.8,41.77234646,1.9,38.9054594803115,1.5,51.02738867,6.06096459484425,0,0,1.61,46.29347566,1.84700404492212,0,0,1.86,0,1.33,55.5619262,"3/20/2024 0:00:00",140,0,0,0,"7/20/2012 0:00:00",0,2,1,1,4,0,20,0,0," ",0,0," ",0,0,0," ",0,0,0,0,1,1,73,1,0,160,60,23.4375,1,0,"Stroke (hemorrhagic)",1,0.6,94.71733696,0,1.68,95,1,0,0,1,1,0,2,2,0,0,18.10524532,1,0,0,0,18.10524532,0.106929116,4.34782608695652,22,1,0.043478261,5.43394e-07,353676.1591,145732.8241,288.7811619,69.08680042,2.46997e-08,112088,0,166.7393175,0,1.87718e-05,35644.56908,28985.8927,75.19925718,22.82872459,19400.42159,19380.75819,53.51871438,14.35875854,5.43394e-07,0.488612584,0.192185595,0.669112785,0.024228678,0.252942842,0.002953989,0.287224515,-0.771268584,1.55854e-05,0.747057158,760,22,363619.5,144596.5,0.44221615,154003.619,0.430268334,7.915616377,20.39762201,0.321005788,7.915616377,20.39762201,0.321005788,0.366775169,55148.57692,0.366775169,55148.57692,0.554433006,338035,0.554433006,338035,0.347390979,20214.38889,0.347390979,20214.38889,0.410389596,133750.5,0.410389596,133750.5,270.058618733429,2.88187529673765,1.82160665227111e-05,0.000655311074635272,0.000804579889518319,0.000192854688880244,0.000154956549400358,0.000224400095362644,8.3353570997715,43.8830345596831,8.33535700865481,0.000735500412438547,469.058839044074,1.16010738187393,0.167792773850208,458908,2.61114376681096e-05,64.3269227615711,1.49958641006684,2.8296783109933,8.66820818874098e-05,2.81628107128953,1.2056024809341,180.164183700029,1.34925337236941e-05,448.446037334415,1.60183054053015,2.09219824525596,8.91348630539987e-05,229134.3,0.000183114746351828,0.000458325497898422,349.995814728898,1.50045904517174,0.186372171785124,1.50045906673118,458807.071428571,0.000473468326518198,0.000144195888822829,329.71290913984,1.60817184448242,622.628406440115,3.73708416641959e-05,9.3746757100533e-05,57.0574074074074,0.000178343293647833,0.000732030592374228,229134.3,2554.5243078804,1.55587763445718,334.625163104331,6.25179387505815e-05,1.30628165812453,43510.8875,1339.60355852259,0.000342622547996507,0.000147082981378742,16.2975902557373,478.047943354053,9.56663348803166,229213.4,0.000426519569306336,0.000196238379978868,7.23888827513658e-06,1.552541840187e-05,208.201825160108,16.2975899193184,458807.071428571,338.857162710815,3.71450770438892e-05,0.0013357563751572,0,459.473496561844,114225.760416667,0.000423524332692939,0.00133045580199636,0.147319691708285,436431.285714286,818.745469584294,16.9250653584798,0,1735.52722167969,1.33930249969596,6.49958894490732e-06,3.50041527701853e-06,25513.220703125,5.9512996673584,0,4.18781164288521,0,6.98396274819316e-05,5.9512994408969,23.1751956939697,436331.071428571,338035,585,0,0,0,0
"H12-12801 - 2",1,3,"10/12/2012",19250461,0,"7/30/1951 0:00:00",1,0,61,"Portugal",80,157,32.4556777151203,"Chronic pyelonephritis",4,1,33,0,2,2,1.7,33.90676343,1.4,42.80272305,1.5,39.4017518,1.4,42.5373461636107,2.09,25.97445691,-8.28144462680535,1,1,2.44,21.30356141,-5.30844618840267,1,1,0,0,4.54,9.972469655,"10/25/2019 0:00:00",84,0,0,0,"11/1/2012 0:00:00",1,1,1,1,3,0,16,1,0," ",1,6," ",0,1,1,"11/30/2019 0:00:00",1,1,0,0,2,1,67,0,0,170,85,29.4117647058824,1,0,"Stroke (hemorrhagic)",1,0.8,96.99936643,0,1.27,76,0,0,0,1,1,2,4,4,0,0,18.03480859,1,0,0,0,18.03480859,0.23649067,3.84615384615385,73,3,0.039473684,2.72045e-07,325336.5,132050.0116,273.1399673,66.81263428,1.11799e-08,77918.66667,8451.286927,145.0688007,8.26900251,1.46122e-05,43296.74892,40337.3243,79.30910688,29.38746027,0,0,0,0,4.58378e-07,0.524988418,0.088506265,0.632660171,0.033039967,0,0,0.139895428,-0.225761509,1.48954e-05,0,3921,123,339287.75,57948,0.178578261,69288.66667,0.196651048,5.624374241,26.49139538,0.252945479,5.624374241,26.49139538,0.252945479,0.560687158,50636.84,0.560687158,50636.84,0.77486962,206381.5,0.77486962,206381.5,0.573785901,19225.4,0.573785901,19225.4,0.541039044,97754,0.541039044,97754,165.807971275957,2.63644253555272,1.57534122524401e-05,0.0013726184901092,0.000584482101209014,0.000165627779906754,0.000138010312574667,0.000144387416797391,4.92609233856201,54.7826095803838,4.92609229795538,0.000662665179512059,614.088048073555,1.08888045543233,0.201758804785649,96,1.42227398394842e-05,6,1.28679086959253,2.96911057620766,7.56260475285144e-05,2.88702418980804,2.72651217040346,129.565730026155,0.0183311812579632,521.214634619487,0.115206683900886,1.64980634053548,0.000131776776786761,366717.293103448,0.000365472661028485,0.000276256264631923,428.355403687905,1.81367502212524,0.250440360267285,1.81367501648954,94.5,0.000421008538520694,7.49119583058779e-05,313.110786715783,2.18325468178453,759.868962132693,3.0892335360898e-05,6.19981677582957e-05,59.7267724971008,0.000251240888737496,0.00152725836795587,366717.293103448,2464.4892434157,1,302.722586389664,5.48773832861828e-05,1.23496894932283,91793.4959590517,1604.25029304424,0.000326521727299937,0.00016533117540784,16.7927739620209,135.817089697971,12.5089359086946,366812.827586207,0.000128578206547857,0.000319908108466799,6.2969765697997e-06,5.66138872427327e-06,67.2562820960064,16.7927739842048,94.5,5.3851648071345,5.00008435448434e-05,0.00378884080228126,306.393120684982,1067.79623552861,52397.4070800781,0.00109169483700917,0.000663740122290471,0.165433238848068,414370.652173913,821.754840672436,18.4881143569946,83962.5,26942.1328125,1.4975591734687,6.61958306270488e-06,0.0104166666666667,1510533.15,17.1892391204834,14161.0830078125,2.20647811889648,84039,0.0416666666666667,17.1892391680451,78.5029479980469,414280.434782609,20048.75,43,349.599183189854,1.48174333572388,1.57188178574897,231
"H12-15143 - 1",1,3,"12/2/2012",19690230,0,"2/20/1958 0:00:00",1,1,54,"Guinea Bissau",89,173,29.7370443382672,"Undetermined",5,1,53,0,1,2,2.8,19.45998304,4.4,11.31328905,2.2,25.99111304,1.9,30.7983015065515,1.6,37.3839419,3.29282019672425,0,0,1.63,36.10787512,1.32739340336213,0,0,0,0,2.5,21.09823607,"1/5/2021 0:00:00",97,0,0,0,"1/10/2013 0:00:00",0,2,2,1,5,0,18,1,0," ",1,6," ",0,1,1,"5/1/2021 0:00:00",1,0,0,0,1,1,65,0,0,170,70,24.2214532871972,1,0,"Stroke (hemorrhagic)",1,0.8,98.21343773,0,1.31,79,0,0,0,1,2,0,3,4,0,0,11.487668,0,0,0,1,0,0.10080244,5,57,2,0.033898305,2.41509e-07,370774.5789,156164.4164,289.2024628,85.09461447,8.47402e-09,113670.5,13889.5,167.6642951,2.276871171,1.21475e-05,47687.67213,38773.77655,81.23103056,25.02346933,22935.97744,26623.87877,53.28516922,15.6168738,4.91493e-07,0.534573755,0.089545568,0.579286094,0.069555156,0.2739235,0.015242982,0.154579177,-0.271533399,1.22501e-05,0.7260765,2867,116,377643,55452,0.156973617,72779.95455,0.179829106,5.091448245,29.27403448,0.227259565,5.091448245,29.27403448,0.227259565,0.534301352,166346.475,0.534301352,166346.475,0.530413003,1462090.5,0.530413003,1462090.5,0.43211815,15335.66667,0.43211815,15335.66667,0.617905789,289900.7727,0.617905789,289900.7727,131.421614689099,2.93068919803284,5.95905293013349e-06,0.00226266385106219,0.000214651657945905,0.0001341510582728,5.24438057042995e-05,3.85795514300229e-05,5.20845155715942,70.8256342780027,5.20845150009303,0.000252519908864286,21.8414017550052,1.15066662431991,0.205952266064281,118532.625,5.87629424284564e-06,89.0655089501616,1.34340074684134,2.96152896031441,2.86961997731403e-05,2.92144975367264,2.87897994680361,97.4601985454271,8.60126256953037e-05,798.18270418105,0.769512611506405,4.99592798483912,2.34478244471715e-05,3092,0.000768383645795941,0.00581465950442384,665.228265472588,1.79650247097015,0.159335829211819,1.79650245709588,118452.5625,0.000132255093089449,3.64267579127263e-05,251.80349481292,1.40723955631256,196.767242937451,0.00116029031815067,0.00178110560489681,60.1773894552265,0.000775584579715967,0.00250491579395438,3092,3411.96082041821,2.21823957562447,325.05453875913,0.00400922950516399,1.21197515516708,493.941070556641,2467.41391115387,0.000205272257957977,0,9.33306986220339,179.085098496621,5.83089649734528,3100,0.000101738372233201,0.000559884905690961,0.000453948243971794,0,87.1846571844263,9.33306989365348,118452.5625,147.646480214485,0.000193928146669983,0.00587048651201593,354.259540013799,1915.3220510248,276043.948470745,0.00177730154341506,0.000891626374328999,0.18770786196325,524042,959.62983287945,9.33754260199411,99781,284582,1.73199894033331,4.01977677064856e-06,2.81279600895399e-05,46124636,59.4709205627441,17365.83984375,1.5321670293808,99829,0.00038297509441397,59.4709218742546,303.975219726562,523920.5,36036.6428571429,65,360.084115533497,0,1.56139541842744,0
"H13-03641 - 1",1,2,"3/16/2013",19084846,0,"1/16/1943 0:00:00",1,0,70,"Portugal",65,153,27.7670981246529,"Chronic glomerulonephritis (unspecified)",2,1,63,0,2,2,1.1,54.05610523,1.3,44.23682519,1.3,44.23682519,1.3,43.9625568783178,0,0,0,0,0,0,0,0,0,0,0,0,1.27,45.20604163,"1/24/2014 0:00:00",10,0,0,0,"5/3/2013 0:00:00",1,1,2,1,4,0,18,0,0," ",1,6," ",0,1,1,"6/4/2020 0:00:00",1,2,0,0,1,1,63,0,0,170,75,25.9515570934256,0,0,"Anoxia",5,1.3,61.72823435,0,1.13,65,0,0,0,0,0,2,2,2,0,0,5.738222322,0,0,0,0,5.738222322,0.06135675,0,27,0,0,1.72057e-07,353607.4259,137640.2829,292.2363838,68.86788,0,0,0,0,0,1.31401e-05,47768.60378,55589.1782,75.39293345,28.3424681,28894.39904,65206.30576,59.2787573,18.86790086,5.03427e-07,0.752597169,0.06084076,0.62768348,0.09845001,0.416537813,0.020226536,0.096929045,-0.168622916,1.34836e-05,0.583462187,2062,79,338145,52814,0.174637356,87488.9375,0.213805855,5.422339917,16.84074069,0.382547466,5.422339917,16.84074069,0.382547466,0.603910063,45802.86842,0.603910063,45802.86842,0.673158875,510340.5,0.673158875,510340.5,0.564118373,11895.23333,0.564118373,11895.23333,0.753128903,172956.5,0.753128903,172956.5,128.951720480665,3.20995781783459,6.41445122440565e-06,0.00255000493400288,0.000309085232512905,0.000454952682040647,5.58465413201393e-05,6.44119335700564e-05,6.62545561790466,48.8622920808073,6.62545566804899,0.000290717484755889,543.898554568122,1.3908650683302,0.180218958431249,525891.25,7.80496915673833e-06,117.5410098386,1.25760104792386,2.70541264581135,3.34050606941956e-05,3.1904889932556,1.19270676483923,102.954631148246,2.78874715983666e-05,657.208870539426,0.352086567423945,9.66603049183724,3.42648588357238e-05,314643.3125,0.000595196093638718,0.000303079503292879,584.84980564019,1.58214032649994,0.229028287868218,1.58214032699123,525772.3125,0.000201919782589985,5.20879440483381e-05,169.610944442241,2.00554735958576,737.079005284549,3.50994051696369e-05,6.18675225900877e-05,64.5789473684211,0.000610925213053556,0.00216846442311125,314643.3125,1418.95076870937,1.93073800206184,0,5.90194901827105e-05,1.13174752862454,71776.3818359375,2071.18477503541,0,0.00150493039349983,12.3498004674911,164.028747117488,8.14138543588656,314736.75,0.0140739352735755,0.000712053456448739,6.73538792319605e-06,4.80031528516233e-06,80.6469682686987,12.3498004956654,525772.3125,369.787659546698,0.000123793633661239,0.00512498234416781,0,408.516810666814,158411.985351562,0.00149606591464447,0.00152177776425901,0,132631,484.718589951355,1.39999997615814,0,111574.3671875,0,9.07918670588596e-06,3.70327961945001e-06,12624971,34.0765991210938,0,2.20260269825275,0,0.000143983313632594,34.0765989721664,130.200088500977,132579.166666667,52239.375,88.5,0,0,0,0
"H13-04616 - 1",1,2,"4/7/2013",9003708,0,"9/11/1987 0:00:00",0,0,25,"Moldavia",87,183,25.9786795664248,"Undetermined",5,1,49,0,2,2,2,46.62492768,1.7,56.665074,2.1,43.9734978,1.9,49.2775193573988,1.52,63.61,7.1662403213006,0,0,0,0,0,0,0,0,0,1.52,63.67133983,"7/20/2015 0:00:00",27,0,0,0,"4/26/2013 0:00:00",1,2,1,2,5,0,22,1,0," ",0,0," ",0,0,0," ",0,2,0,0,1,1,51,0,0,170,90,31.1418685121107,1,0,"Stroke (hemorrhagic)",1,1.8,45.00916566,0,1.14,65,0,0,0,1,2,2,5,5,0,0,43.5912,1,1,1,1,43.5912,1.653952273,13.3333333333333,26,4,0.133333333,1.31796e-07,435693.1346,124427.5026,322.9869243,53.07093024,2.02762e-08,137403.125,79095.82649,186.4857054,42.54799249,1.25814e-05,55022.69259,55024.48426,86.1081272,31.42270518,24443,7951,59.11969962,1.69148356,2.88936e-07,0.534938295,0.057422434,0.692263045,0.02450686,1.635037961,0,0.082948865,-0.362494315,1.27417e-05,-0.635037961,2482,57,412580.75,107181.5,0.245931151,126260.1579,0.263047972,5.858607718,15.65606008,0.40179707,5.858607718,15.65606008,0.40179707,0.527113649,47634.38462,0.527113649,47634.38462,0.415058987,345789.5,0.415058987,345789.5,0.552440514,14885.5625,0.552440514,14885.5625,0.486590666,100032.5,0.486590666,100032.5,115.135047659941,3.02091605312613,4.83635778996811e-06,0.00224427569540585,0.000171310305203859,8.41345754612608e-05,4.26221060707068e-05,3.24149935085865e-05,4.83980867266655,57.2189732142857,4.83980867444783,0.000227470460957399,454.913626426706,1.3594300148408,0.175348812576939,548546.7,4.51705716390623e-06,66.5378095956235,1.31276863977339,2.98668423248287,2.58380386691298e-05,3.21439871862132,1.19144515435441,88.9396762051473,1.27887450122065e-05,811.467015509535,1.81699661407614,3.68872760023438,4.8662373680739e-05,210359,0.00127433649345644,0.000264447335225618,667.869297204454,1.54587864875793,0.224537030986974,1.54587864387637,548440.15,0.000133089641962516,2.67797333021816e-05,315.003813468785,1.98003685474396,603.076085647709,4.66943708959619e-05,5.54898470726387e-05,10.4444444444444,0.000251390948309442,0.00342592061471799,210359,2327.71350255018,1.69919806718826,162.17229019821,8.43234307311907e-05,1.22586602018183,47071.6236979167,2540.61889135927,0.00127911676070124,0.000364805903081926,10.4005045209612,419.027044362216,8.0544392348064,210422,0,0.000634642380022293,9.57197808494127e-06,9.00680931289391e-06,209.63789231196,10.4005046811521,548440.15,367.794014788878,4.228305661425e-05,0.00544810416000858,474.845696872618,160.331998462214,90593.8236607143,0.00180072756773288,0.00134786802024648,0.189193925881227,376869.333333333,758.152952824139,0,226620.5,6565.96789550781,1.73385292687529,6.89546612852225e-06,3.13549101939325e-06,129221.665108817,7.42570963927678,37474.5703125,1.92467594146729,226672,8.05497512314013e-05,7.42570960064127,32.0378740855626,376765.666666667,223515,539,609.669421089019,1.68514013290405,1.47468008470408,2932
"H13-04616 - 2",1,2,"4/7/2013",16000972,0,"12/10/1965 0:00:00",0,0,47,"Portugal",78,184,23.038752362949,"Chronic glomerulonephritis (unspecified)",2,1,47,0,1,2,1.4,62.38473809,1.8,46.14291138,1.3,68.18674766,1.2,74.5956488865486,1.26,69.48392167,-2.5558636082743,0,0,1.18,74.24522919,-0.0876049241371497,0,0,1.5,0,1.45,55.70111123,"5/24/2024 0:00:00",134,1,1,1,"5/14/2013 0:00:00",0,2,2,2,6,0,20,1,0," ",0,0," ",0,0,0," ",0,0,0,0,2,1,51,0,0,170,90,31.1418685121107,1,0,"Stroke (hemorrhagic)",1,1.8,45.00916566,0,1.14,65,0,0,0,1,2,2,5,4,0,0,28.06469037,1,1,1,1,28.06469037,1.006474504,6.25,29,2,0.064516129,-4.25963566307986e-06,517793.2069,273647.0643,342.5051815,100.0907895,-2.93767976764128e-07,208646,9100,239.4019135,2.494758673,0,0,0,0,0,24393.01238,24481.18217,63.25717749,16.94359367,0,0.863892272,0,0,0,0.326002485,0.030369838,0.208916607,4.95405131,2.72239e-05,0.673997515,1250,37,529163,69089,0.090389465,98393.38462,0.156922551,4.954120706,13.13099127,0.457154304,4.954120706,13.13099127,0.457154304,0.493549293,187716.5,0.493549293,187716.5,0.680190065,787117.5,0.680190065,787117.5,0.403817713,7471.25,0.403817713,7471.25,0.553370347,307880,0.553370347,307880,106.860848306082,3.10836662591446,2.65982907160555e-06,0.00196995813838956,0.000143803273465718,0.000428135734020311,2.33530932809697e-05,2.66470402993017e-05,3.61140537261963,51.1176470588235,3.61140543056105,0.000130012245080761,435.675969509674,0.787959573139383,0.167921181354462,285650.3,2.77105705425189e-06,74.3635932696953,1.10060219004927,2.62821971814029,1.48088362751088e-05,3.11891838697743,1.29508723918094,97.0930725672079,3.63061113887313e-05,1063.36959732934,0.74521041955626,7.69009081877,1.80133050508878e-05,178850.25,0.000761831673708829,0.000481367415338368,871.799003775509,1.56945431232452,0.261480404630077,1.56945435553618,285584.65,0.0001044706148364,1.65585746865756e-05,173.066461222271,2.2940194606781,523.929418910602,6.82574279910154e-05,0.000116534657929592,51.4666666666667,0.000679354439992592,0.00236222722313621,178850.25,1366.66313037265,1.73407690525055,483.917336776698,0.000116176182973638,1.23035320617801,46076.005859375,3257.40021440592,0.000272680962269318,0.00114989053533115,13.4548905491829,556.390452135159,9.84047531443013,178889,0.000887747166119095,0.000444644837800988,1.32396240449504e-05,9.56433838268997e-06,291.821863471536,13.4548905042714,285584.65,258.073716864318,0.000131140759417965,0.00575017215741929,493.40767741456,315.906637611548,226459.104492188,0.00180604638932626,0.000714705199410178,0.178596630021994,129735,465.831516945071,7.19689989089966,217746,11913.869140625,1.60588123085413,2.2231529557223e-05,6.68022093966469e-06,230922.0703125,8.63675737380982,37400.02734375,1.67602968215942,217816,0.000174407181503433,8.63675756491477,38.8813972473145,129699,787117.5,2224,564.539593637136,0,1.50551595458296,0
"H13-05503 - 1",1,2,"4/24/2013",19725235,0,"9/30/1951 0:00:00",1,0,61,"Portugal",63,160,24.609375,"Undetermined",5,1,74,0,1,2,1,64.09513135,0.9,72.73342361,1,64.09513135,1,63.6977415373697,0.85,76.45736178,6.37981012131515,0,0,0.77,85.02196416,5.33105565565757,0,0,0.92,0,0.91,66.80865885,"4/9/2024 0:00:00",132,1,1,1,"5/2/2013 0:00:00",0,2,2,1,5,0,19,0,0," ",0,0," ",0,0,0," ",0,0,0,0,1,1,62,0,0,170,80,27.681660899654,1,0,"Stroke (ischemic)",1,1.8,42.03295075,0,1.35,82,0,0,0,1,0,2,3,2,0,0,9.302603962,0,0,0,0,9.302603962,0.47636067,2.77777777777778,70,1,0.014084507,3.28282e-07,416328.2714,220749.2575,309.7838583,104.8315847,4.68974e-09,68923,0,115.2605744,0,1.83322e-05,58645.46457,73454.72782,85.28136539,30.21337437,31893.63372,29321.85706,63.99485598,17.53290032,7.40979e-07,0.69980367,0.136672954,1.075099694,0.049372072,0.372768054,0.022956911,0.127125842,-0.840696075,1.84324e-05,0.627231946,3909,158,391443.25,25189,0.051513851,69977.1875,0.153364843,4.850588129,16.18154059,0.398588925,4.850588129,16.18154059,0.398588925,0.738635457,37392.54688,0.738635457,37392.54688,0.971268671,346235.5,0.971268671,346235.5,0.723240328,18634.90741,0.723240328,18634.90741,0.821769154,138683.8,0.821769154,138683.8,184.668449466238,2.75011183644616,1.64664058315707e-05,0.00147179473361725,0.000578811919271018,9.36217607885981e-05,0.000145986481095178,0.000137620527412581,5.61943878446306,47.2038836956098,5.61943878428615,0.000584806836827916,6.97675108125422,1.33627208370455,0.190230407803582,457370.347826087,1.56736497419495e-05,63.2469151434422,1.53136488920878,2.92143767128635,6.62173332060204e-05,2.94866577127633,1.21283302750741,125.666851732209,2.38237210094682e-05,605.030746414494,0.0666927226605524,6.05786076969457,0.00159264433564263,177,0.000421741904745765,0.0518625946902387,495.680072058177,1.66913140671594,0.145526386442639,1.66913140857836,457267.173913043,0.000480232713337278,5.25559485734551e-05,424.637593383169,1.31628519296646,87.2918847229132,0.0107142584664481,0.0172638587209034,57.123521322794,0.000130453310875038,0.00161121204355802,316152.25,3157.79649035387,1.8111694947533,239.237569925854,0.0682583318515257,1.32838332384818,37.0968780517578,1882.07009779548,0.000397965381781851,0,12.3641081026622,108.126239559134,10.2005186012386,224,0.000377529469256133,0.000386930739264477,0.00711015274836903,0,54.767213338109,12.364108159835,433094.369565217,338.92890831097,2.40529868194024e-05,0.00364098411809608,0,1034.53919497778,27999.8081359863,0.00105388523479691,0.000729872142391231,0.195677222814624,690328.764705882,999.800497894333,6.96957015991211,0,68199.671875,1.79582074901058,2.84408625518799e-06,4.76270497183625e-06,9624236,35.2088584899902,0,2.01324216808592,0,0.000128982954857325,35.2088590692417,177,690217.294117647,13443.2777777778,29.1111111111111,0,0,0,0
"H13-05628 - 2",1,2,"4/29/2013",19768006,0,"2/6/1952 0:00:00",1,0,61,"Portugal",57,162,21.7192501143118,"ADPKD",4,1,70,0,1,2,0.9,72.73342361,0.9,72.73342361,1.1,57.16810805,0.8,83.2560974527622,0.77,86.08612293,1.4150127386189,0,0,0.78,83.71561667,0.114879804309449,0,0,0.84,0,0.82,75.86197484,"4/15/2024 0:00:00",132,1,1,1,"5/6/2013 0:00:00",0,2,1,2,5,0,21,0,0," ",0,0," ",0,0,0," ",0,0,0,0,2,1,65,1,0,160,65,25.390625,1,0,"Stroke (hemorrhagic)",1,0.6,99.54914625,0,1.37,83,0,0,0,1,2,0,3,5,0,0,5.09529932,0,0,0,1,0,0.163800126,3.7037037037037,52,1,0.018867925,5.727e-07,298724.0192,149880.863,267.6501875,79.54710869,1.10135e-08,156211,0,188.6080592,0,3.52541e-05,37012.59778,38054.60584,73.35271325,23.03849276,21103.61733,21926.63645,55.85001564,13.8517603,1.99344e-06,0.681849314,0.17107912,1.304844505,0.241590167,0.358570735,0.008829939,0.131110733,-0.967322693,2.10668e-05,0.641429265,3201,181,273673,48774,0.162657747,58400.64286,0.178591358,5.510553595,17.41689281,0.412005349,5.510553595,17.41689281,0.412005349,0.633258049,79498.07609,0.633258049,79498.07609,0.902937806,1801233.5,0.902937806,1801233.5,0.551417119,16283.25758,0.551417119,16283.25758,0.841008101,239966.4615,0.841008101,239966.4615,164.325957157232,2.65593656924292,7.14076559449977e-06,0.00208960811201287,0.000263829510792268,0.000359526951668694,6.2485527417706e-05,5.75165805648644e-05,6.37867150987898,66.527332909899,6.37867153093998,0.000298125710342065,17.157685293969,1.48846311340616,0.213337555102239,380405,7.15287048661485e-06,470.663808928571,1.44252616461163,2.90159598570873,3.40647218539313e-05,2.85887110885378,1.16155056788388,113.117921253315,8.11899568142726e-05,724.209340612813,0.187941505843924,13.8071698779315,3.0342775882667e-05,3269,0.000514191821540271,0.00457815565729235,621.157148744553,1.86857274600438,0.146794022417041,1.86857273858912,380328.2,0.000170682057668501,4.10573822945839e-05,208.310492008271,1.36662042140961,295.82847563668,0.00122591938390693,0.00129959722061107,8,0.000546372242239135,0.00185658296565789,3269,1796.86145607745,3.80205111503601,379.983992678668,0.00371364244948263,1.17430238210909,502.916320800781,2251.92406314658,0.000594796757554601,0,12.401574019728,185.720335308343,8.20123915787653,3426,0,0.00057799865883317,0.000398896795507766,0,92.7993028693223,12.4015739727475,380328.2,299.667491282776,0.000120867938581185,0.00529479705131601,0,50.7132034355964,182380.872306034,0.00155602416244749,0.00136123702002854,0.179316765335931,185331.294117647,626.408873869897,0,0,329041.25,1.59829414606149,1.1423582208096e-05,1.47255112512542e-05,75621336,57.976261138916,0,2.22174411160605,0,0.000266895754387665,57.9762609728984,317.762817382812,185237.911764706,69042.2045454545,108.409090909091,0,0,0,0
"H13-09897 - 1",1,2,"7/26/2013",19530801150,0,"8/8/1953 0:00:00",0,1,59,"Portugal",75,179,23.4075091289286,"Undetermined",5,2,33,0,2,1,1.1,77.33012028,1.4,57.89836037,1.7,45.86497934,2.1,35.371684822315,1.62,47.69785705,6.1630861138425,0,0,1.3,61.34551929,6.49345861692125,0,0,1.77,0,1.76,40.88714977,"5/21/2024 0:00:00",130,0,0,0,"8/2/2013 0:00:00",0,1,1,1,3,0,16,0,0," ",0,0," ",0,0,0," ",0,0,0,0,1,0,71,1,0,160,75,29.296875,1,0,"Stroke (ischemic)",1,0.9,68.34770789,0,1.51,90,1,0,0,0,2,2,4,3,0,0,41.9768,1,1,1,1,41.9768,0.048195867,0,50,0,0,1.29042e-07,352523.77,161431.6827,284.5908654,97.37884428,0,0,0,0,0,1.16344e-05,36486.01985,30253.3112,73.71508283,21.34448943,20755.90022,21214.88838,54.23632247,14.85689443,3.27766e-07,0.333237136,0.045490263,0.424492908,0.031791965,0.310674933,0.014403758,0.107163777,-0.03902883,1.19947e-05,0.689325067,4508,127,424849.5,157826.5,0.468815788,178561.0667,0.468598636,6.449465075,27.10142902,0.207793877,6.449465075,27.10142902,0.207793877,0.345450901,51456.29825,0.345450901,51456.29825,0.494818997,505121.5,0.494818997,505121.5,0.305657303,15079.05405,0.305657303,15079.05405,0.419069057,118754.2,0.419069057,118754.2,168.38970198814,2.85114122341845,4.44663086152117e-05,0.000966638596568909,0.00364080910895844,0.000190387324116966,0.000396327035996123,0.00120673383598819,4.62008788755962,72.5940185954319,4.62008789214075,0.00139946275070465,33.3803942161813,1.14366750669816,0.218355527877319,395304.25,0.000149703101238117,101.819738976783,1.48988023775883,2.92323264027083,0.000157434087543174,2.43948593051878,1.22173740547079,114.692743567737,3.20805815232554e-05,497.108332602692,3.34825436265528,3.23454754815393,0.00018970724009685,6494.75,0.000522944060882973,0.0044647362556406,312.99104233973,1.92705168894359,0.254470140759243,1.92705167647467,395206.296875,0.000327635770029043,0.000572899345337041,315.388866415181,2.26799130439758,300.302545520825,0.00147239556805898,0.00134078863485389,52.4221183938089,0.000279908322880562,0.00201215970872692,6494.75,2389.13585718158,2.17263827472925,0,0.00463290840644918,2.37997143558798,1798.71252441406,1444.23773362824,0,0.00595695109497756,4.91606764793396,429.08190339773,0.98906629035599,6514.5,0.000585840619908795,0.000326736434502962,0.00051587379808382,0.000669993542949843,208.074920110863,4.91606761568717,395206.296875,311.625109154583,5.57424679333571e-05,0.00425361207618252,0,402.198805282551,439498.37890625,0.00124416802503872,0.00294161762511933,0,395355.636363636,769.503903436445,14.2571929295858,0,11467.1076788651,0,8.6870236791435e-06,9.24013085343599e-06,176792.064761513,12.4780541219209,0,5.52064990997314,0,0.000155470957540985,12.4780539793536,38.8525522131669,395267.818181818,253818.833333333,468,0,0,0,0
"H14-10806 - 1",1,2,"8/5/2014",19671190,0,"11/7/1945 0:00:00",1,0,68,"Portugal",45,153,19.2233756247597,"Undetermined",5,1,61,0,1,2,0.9,69.63490339,0.8,80.20658109,0.82,77.86483469,0.8,79.7093002861342,1.17,49.88752195,-14.9108891680671,0,1,1.01,58.77969148,-5.23240220153355,0,1,0,0,1.01,56.89145125,"2/6/2024 0:00:00",114,1,1,1,"8/12/2014 0:00:00",1,1,2,1,4,0,20,0,0," ",0,0," ",0,0,0," ",0,0,0,0,1,1,73,1,0,160,70,27.34375,0,0,"Head Thrauma",2,0.6,94.71733696,0,1.25,75,0,0,0,0,2,2,4,1,0,0,45.48193238,1,1,1,1,45.48193238,0.082976329,0,27,0,0,2.07957e-07,390468.3333,147871.1171,299.0357708,77.19921544,0,0,0,0,0,1.09601e-05,47252.75123,48999.52345,81.56923789,30.79963551,25468.73772,27021.42101,58.32687397,17.45676296,2.61871e-07,0.423788526,0.081200536,0.517894519,0.064988888,0.271512021,0.014640384,0.156789719,-0.596503625,1.09606e-05,0.728487979,1423,34,429566.5,188070,0.453182453,208660.2083,0.495233927,7.991993907,30.64878191,0.225814438,7.991993907,30.64878191,0.225814438,0.333846453,29804.54545,0.333846453,29804.54545,0.473702943,101878.5,0.473702943,101878.5,0.284022641,13185.3125,0.284022641,13185.3125,0.466709953,74122.5,0.466709953,74122.5,168.978444362871,3.4734464714148,7.23268412527267e-06,0.00127584403660563,0.000348389614656242,9.47454690801017e-05,6.23130396392919e-05,6.63216792974497e-05,6.32255294919014,56.9795682900744,6.32255306219887,0.00036291808328272,353.954307930481,1.4680859199654,0.195539504515589,29192,1.42578385454872e-05,222.666666666667,1.33519353126133,2.80922206162467,4.21902015568576e-05,2.55430711711872,5.08344538746424,126.201062645043,0.000862903155898943,804.956955398948,0.658698449817626,19.3445635790628,2.04876209615424e-05,165752.5,0.000486213171193868,0.000390183634230245,659.61925612086,1.71600869297981,0.207407802959151,1.71600868572229,29421.5,6.49185022031991e-05,7.42875715823436e-05,328.747431555051,1.76779186725616,624.424112674572,4.85989978044353e-05,6.71966346854173e-05,56.078431372549,0.000209855234564963,0.00184409048049072,165752.5,2575.07077170354,2.28751063346863,0,9.18681346880972e-05,1.24009686444147,34331.296875,2469.32184033089,0,0.00146141725005519,4.80287421833385,207.145688402303,1.0363059371068,165815.666666667,8.76533694031865e-05,0.000452063418334159,1.07944263376266e-05,1.04775763446685e-05,113.595774569303,4.8028741791465,29421.5,88.2779700718135,4.03679631874861e-05,0.00405040148891865,0,1206.81536726415,1394774.28977273,0.00112706957558276,0.00318282782066949,0,448388.416666667,837.911333197282,26.1968994140625,0,75.5875244140625,0,7.31979621281532e-06,7.83608739883745e-05,4,1,0,4.67894208431244,0,0.00281551002508714,1,1,448278.375,84938,188,0,0,0,0
"H14-11086 - 2",1,2,"8/11/2014",99002504,0,"12/30/1963 0:00:00",0,0,50,"Portugal",77,163,28.9811434378411,"Undetermined",5,1,17,0,5,2,2,39.91103418,1.7,48.50542012,1.63,51.01570009,1.5,56.0168208846447,1.47,56.68199817,0.332588642677649,0,0,1.38,60.3905569,1.09343400383882,0,0,0,0,1.75,43.95122457,"4/2/2024 0:00:00",116,1,1,0,"9/8/2014 0:00:00",4,2,1,0,3,0,18,0,0," ",0,0," ",0,0,0," ",0,0,0,0,2,1,53,0,0,170,55,19.0311418685121,1,0,"Stroke (hemorrhagic)",1,0.5,121.9627585,0,1.12,63,0,0,0,0,1,2,3,3,0,0,7.974794542,0,0,0,0,0,0.28792698,0,28,0,0,2.16665e-07,529924.2679,272088.864,341.737474,107.181583,0,0,0,0,0,9.72671e-06,45118.40613,82117.24697,71.96377603,29.32757654,21812.79964,25992.9593,51.10867277,16.51172989,2.78569e-07,0.549450837,0.11481602,0.43885361,0.072687461,0.283279671,0.013854498,0.261627152,0.072926593,1.09472e-05,0.716720329,1257,36,569757,231360,0.385411522,226795.2083,0.388859832,6.704538948,27.5157468,0.296563492,6.704538948,27.5157468,0.296563492,0.518133923,279995.7222,0.518133923,279995.7222,0.711725394,2343183.5,0.711725394,2343183.5,0.494882249,19526.07143,0.494882249,19526.07143,0.599514783,1191639.5,0.599514783,1191639.5,208.396609143872,2.71192735258992,9.72447877182036e-05,0.00139882066249678,0.00218066837485689,0.000126429518872292,0.00084423452626462,0.000755380142711861,9.68004524707794,61.5173767457502,9.68004530730836,0.00215905001799208,763.539101552227,1.29240538117601,0.194355136986047,111315.75,0.000111699509480339,119.813199884852,1.56053940898985,2.70336158143972,0.00024869435463815,4.40425091923472,1.26773481818335,133.103089050923,9.94894414814909e-05,362.698688395977,1.0831384591225,3.95900359683791,0.000897091333462935,558223.125,0.000332509349120023,0.000266982043572121,91.0981420578884,1.69407180945079,0.208231373104182,1.69407182329323,111267.75,0.00165796236425433,0.000538195265591525,395.640425646108,1.79709913333257,913.420524022362,1.95746036226873e-05,5.11825313650963e-05,54.34375,0.000159171447604152,0.00144045298877087,530728.291666667,3313.81775018207,2.19903647899628,0,3.14224617342866e-05,3.98140598921875,114650.669921875,852.416305603426,0,0.000109416302070202,13.8559379577637,1300.61918164659,10.5346708426594,558321.666666667,0.00621401670068131,0.000456886691820224,3.62804669388425e-06,6.00110072268337e-06,635.97877323068,13.8559378918389,237672.125,163.487434982857,2.70932053684593e-05,0.00286051165943927,0,783.672185619892,8095.36669921875,0.00077074423776188,0.00149073840518507,0,697400.636363636,1105.04244995225,3.59689998626709,0,2984.19848632812,0,5.50253046392068e-06,2.38897536091664e-05,6459.7685546875,4.02227163314819,0,3.83319278558095,0,0.000363865458127979,4.02227182732721,11.7875995635986,697274.590909091,2343183.5,2200,0,0,0,0
"H14-12052 - 2",1,1,"9/4/2014",19078464,0,"9/25/1958 0:00:00",1,0,55,"Portugal",71,163,26.7228725206067,"ADPKD",4,1,20,0,1,2,1,66.53207791,1,66.53207791,1.05,62.74858381,0.9,75.0307121425563,1.17,54.08851158,-10.4711002812781,0,1,1.03,62.24742346,-3.19582217063907,0,0,0,0,1.72,32.49932276,"4/17/2024 0:00:00",115,1,1,1,"9/15/2014 0:00:00",0,1,1,1,3,2,20,0,0," ",0,0," ",0,0,0," ",0,0,0,0,2,1,68,0,0,170,80,27.681660899654,1,0,"Stroke (hemorrhagic)",1,0.9,93.02931609,0,1.31,79,0,0,0,0,1,2,3,3,0,0,13.21940546,0,0,0,0,13.21940546,0.18839923,0,11,0,0,2.08942e-07,447209.8636,150333.4309,334.8052699,62.38352331,0,0,0,0,0,1.00102e-05,59814.81499,59070.88753,90.08343971,33.15624104,30134.40136,40125.63853,63.14054189,27.82280906,4.55874e-07,0.608113496,0.093441101,0.59876067,0.099543558,0.174263826,0.033297605,0.156057512,-0.521889347,8.77464e-06,0.825736174,527,24,431113,144750,0.391165997,155683.0909,0.367724853,6.569129663,20.0338347,0.355522799,6.569129663,20.0338347,0.355522799,0.474389665,55800.2,0.474389665,55800.2,0.803483987,318899.5,0.803483987,318899.5,0.370595332,14850.21429,0.370595332,14850.21429,0.716576442,151350.1667,0.716576442,151350.1667,234.806713083398,2.9853703385214,3.51705544909364e-06,0.00071451130263029,0.000250820468936457,0.000131251413960427,3.07970556959374e-05,4.00960148461235e-05,6.25258153676987,35.8828280774734,6.25258162530648,0.000155008081028301,627.307520168455,1.13045462391068,0.154365085415239,600449.75,6.86281846214839e-06,90.9040387207376,1.29089602237378,2.75489382003069,1.76934744799116e-05,2.84615532397801,1.1657020867314,172.939643529705,1.71669855595501e-05,808.097568391905,0.819279396207194,6.21467156803871,1.31426641018229e-05,332488,0.000203196099204577,0.000264897772309497,705.015444681426,1.41160583496094,0.196447983978272,1.41160583045173,600343.375,9.01813637259348e-05,4.03544302276854e-05,225.804787120955,1.70014643669128,685.068084704708,3.18456000936245e-05,5.28973361684765e-05,44.4839406207827,0.000360644188068313,0.000880685259227592,332488,1697.1936136447,1.64883998036385,0,4.42435380511433e-05,1.14802564398913,65331.52734375,2529.31376106416,0,0.000111579342373292,6.42145705223083,379.145456420582,2.40314986938551,332564,0.000562406697759272,0.000187674606041872,5.11223835619996e-06,8.55857345425606e-06,173.104014973657,6.42145712997499,600343.375,392.886160874016,6.99064047659752e-05,0.00191000843573794,0,358.896825194374,695113.1875,0.000531709888678148,0.00131444502875357,0,200347,560.156978937237,10.5896657307943,0,6223.87072753906,0,1.41535336404334e-05,2.76834579425547e-06,326164.447265625,9.73939371109009,0,3.80795049667358,0,0.000100267296631703,9.73939357004596,46.6519384384155,200271.75,318899.5,577,0,0,0,0
"H14-15235 - 1",1,2,"11/9/2014",13005588,0,"9/8/1947 0:00:00",0,0,67,"Portugal",68,170,23.5294117647059,"Diabetic nephropathy",1,1,51,0,2,1,1.7,43.63883435,1.9,38.18629524,2.13,33.29326005,2.04,34.8461369115083,1.85,38.69926799,1.92656553924585,0,0,0,0,0,1,1,0,0,2.28,29.88950955,"11/25/2018 0:00:00",49,0,0,0,"11/25/2014 0:00:00",0,2,2,2,6,57,22,0,0," ",1,6," ",0,1,1,"12/15/2018 0:00:00",2,0,0,0,1,1,57,0,0,170,82,28.3737024221453,1,0,"Stroke (ischemic)",1,0.9,99.61641579,0,1.1,62,0,0,0,2,1,2,5,5,0,0,40.98462533,1,1,1,0,0,1.169200159,46.6666666666667,16,14,0.466666667,7.26961e-08,400010.2813,191715.7392,295.7102446,84.32793867,6.36091e-08,76763.78571,27895.71042,126.328928,32.03795431,1.17904e-05,45276.37534,39575.42423,81.88652324,29.40836015,0,0,0,0,2.63523e-07,0.255057732,0.029079173,0.533826248,0.01120367,0,0,0.054473104,-0.288281719,1.19249e-05,0,2595,58,328230.25,150030,0.445421273,179675.4375,0.463502715,7.982520205,32.46153403,0.173165409,7.982520205,32.46153403,0.173165409,0.282007045,39288.83333,0.282007045,39288.83333,0.366358332,158392,0.366358332,158392,0.255941918,14430.14286,0.255941918,14430.14286,0.37323499,126294.25,0.37323499,126294.25,148.626130081793,2.932797949546,2.20591959912035e-05,0.00147270960718065,0.00165537327698697,0.000175712589526366,0.000193914170634703,0.000546337033005311,5.68766462802887,67.015890083632,5.68766466913427,0.000781601487050637,402.290661579403,1.26832031542417,0.196769291947836,684864.25,7.03351401752687e-05,95.8479187554294,1.38724828136526,2.80435216950835,8.89130502089288e-05,2.28410084222468,1.18739330337111,109.23188850175,2.46729575363867e-05,524.503204803302,3.64249791750674,8.03500369394993,0.000114625040042917,222615.833333333,0.000508160337326053,0.000483553404424084,296.652018535261,1.72837841510773,0.263672421746716,1.72837841310331,684760.25,0.000451307513007606,0.000303626754046053,286.7532608049,2.31071639060974,728.441540801901,4.69291338246865e-05,8.09791634720643e-05,64.3309608540925,0.000284684512997383,0.00190011781938693,222615.833333333,2322.8837828555,2.20673143863678,241.848191212481,9.24391205401937e-05,1.76807563081172,58216.3619791667,1429.33217793096,0.00057453399489592,0.000238391307360282,17.7417488098144,243.784301230332,4.83696626312829,222686,4.47710983141778e-05,0.000480587756940623,1.05435241835108e-05,1.7651021364814e-05,120.702112657567,17.7417491685656,684760.25,420.9090940822,5.94233298366691e-05,0.00423859964926323,283.140874070058,2025.74848353439,612327.1875,0.00129477842033156,0.00203286209350565,0.203839284754083,359363.375,784.275057771622,19.5782966613769,92964.0714285714,3472.24780273438,1.80692697170776,1.22583664543315e-05,3.22725765469591e-06,2902.40588378906,3.43670225143433,16689.775390625,3.79260748624802,93001,0.000115561105353362,3.43670224984562,9.93126646677653,359278.1875,94196.5,157,424.476748693412,6.13504886627197,1.55561999987175,144
"H14-15379 - 2",1,2,"11/12/2014",6007619,0,"9/25/1948 0:00:00",0,0,69,"Portugal",85,171,29.0687732977668,"Diabetic nephropathy",1,1,31,0,1,2,2.4,28.49419171,2.3,29.98723539,1.92,37.24331734,1.9,37.4804246905571,2.06,33.59434243,-1.94304113027855,0,0,0,0,0,0,0,0,0,2.06,34.17385053,"12/25/2017 0:00:00",37,0,0,0,"11/21/2014 0:00:00",0,1,1,1,3,3,21,0,0," ",1,6," ",0,1,1,"12/25/2017 0:00:00",1,1,0,0,2,1,69,0,0,170,80,27.681660899654,1,0,"Stroke (ischemic)",1,0.7,99.74254616,0,1.28,77,0,0,0,1,1,2,4,4,0,0,19.15668873,1,0,0,0,19.15668873,0.508853106,8.33333333333333,45,5,0.1,2.57676e-07,299637.6111,165816.7406,251.38577,99.10508001,2.86306e-08,117951.4,59563.70322,144.767743,72.27378912,1.60503e-05,35726.67677,28807.39316,75.39009174,22.83895122,30114.53243,36656.25091,59.802128,17.30856596,4.52364e-07,0.444402471,0.077209324,0.573425004,0.021233569,0.352997437,0.012318244,0.134645896,-0.166900391,1.446e-05,0.647002563,2803,79,312449.5,118546,0.384344435,156557.3939,0.43118717,6.641476043,26.39041787,0.253188727,6.641476043,26.39041787,0.253188727,0.482265998,54462.13333,0.482265998,54462.13333,0.403497088,449465,0.403497088,449465,0.467313898,16467.36364,0.467313898,16467.36364,0.523384273,158947.75,0.523384273,158947.75,159.448158659162,2.31446029524453,1.26943058300336e-05,0.00164042063134271,0.000357803463615914,0.000138762636849384,0.00011139021212841,7.02349910037003e-05,6.60051170984904,60.7471428571429,6.60051158402964,0.000536081509606837,37.2276972458789,1.12663200636133,0.216028478442383,3512,1.02103678503362e-05,34.9837662337662,1.35432251730994,2.66201542475982,6.11100343744282e-05,2.82908911807309,4.47797218282913,122.016213642382,0.000301136307013794,585.977872860655,3.23113043519378,0.00566383129383191,0.000713187269228447,4599.75,0.00246297910260496,0.00566949802956777,392.502028501156,1.87621561686198,0.222714567554704,1.87621563159739,3496.5,0.0002878163023909,4.42338711710389e-05,301.206734073407,1.93567168712616,172.581915225504,0.00131068412991953,0.00214998368852465,76.7679690854444,0.000272815289737706,0.00577124259048956,4599.75,2330.30872171798,1.45907878875732,394.47649175828,0.00365557378617064,1.56320428874269,1026.41632080078,1664.70559774942,0.000832802411083761,0.00601134690252429,8.65935883522034,125.316391427422,6.94959110696682,4616,0.000246108046914955,0.000468859863569304,0.000420644718940169,0.000527265768842954,63.2160978155567,8.6593588205076,1670.25,17.2464649965557,5.87720076846183e-05,0.0042662369898552,1.49027946486812,1101.98827501052,36662.1757598877,0.00117899296292908,0.000550393166520525,0.238877852174974,375625.64516129,765.260459216415,8.79276609420776,69,85114.46875,2.07133622969899,1.30688061187175e-05,0.000414149719192513,2586583.5,32.2572937011719,0,0.866796056429545,72,0.000434546887881378,32.2572955378744,88.3782958984375,375538.870967742,16758.9375,26.375,70.8493319132135,7.65563130378723,0,118823.5
"H14-17337 - 2",1,2,"12/20/2014",19716291,0,"5/4/1958 0:00:00",0,0,56,"Portugal",72,170,24.9134948096886,"Chronic glomerulonephritis (unspecified)",2,1,43,0,2,2,2.1,36.26266993,2,38.44916705,1.72,46.07748796,1.5,53.9650286776293,1.28,64.47152518,5.25324825118535,0,0,1.11,75.54927798,5.39606232559268,0,0,0,0,1.04,79.2939512,"2/16/2024 0:00:00",110,1,0,0,"12/31/2014 0:00:00",2,2,1,1,4,0,23,0,0," ",0,0," ",0,0,0," ",0,0,0,0,2,1,64,0,0,170,90,31.1418685121107,1,0,"Stroke (hemorrhagic)",1,0.7,102.8929191,0,1.18,69,0,0,0,1,2,2,5,3,0,0,37.9442,1,1,1,1,37.9442,0.328092896,8.33333333333333,45,3,0.0625,1.38794e-07,338252.3,211209.7158,259.6682031,124.9117105,9.2529e-09,94296,25837.71699,159.3210405,24.97610965,8.88587e-06,53447.37956,49742.69269,84.89090583,29.22154282,27713.53612,29868.60889,61.09259248,15.15707656,2.18985e-07,0.292167626,0.046947232,0.474926489,0.01213466,0.560332648,0.002952473,0.098851576,-0.271974441,9.46534e-06,0.439667352,2881,71,348375.5,161482,0.507309248,200317.4063,0.480842677,8.401057941,33.46782895,0.19104803,8.401057941,33.46782895,0.19104803,0.415574184,92386.88462,0.415574184,92386.88462,0.597642716,345646,0.597642716,345646,0.314501732,21215.64286,0.314501732,21215.64286,0.533492044,175420,0.533492044,175420,277.99192031619,3.45588060006276,5.91948727090236e-06,0.000737187681767024,0.00037527690429537,0.000293854986548465,5.12925482169427e-05,8.83923173482575e-05,6.01514444351196,71.5030259026485,6.01514441852865,0.000241002401677539,19.3919453986699,1.1596740544959,0.22011784497792,291,1.0051782678101e-05,7.16666666666667,1.96046437726949,2.25546977344021,2.7815142971549e-05,2.57958917906741,17.3606989525008,140.342219457507,0.00609812518148622,849.67655091539,3.02396498219708,0.102619645498164,2.28454693620868e-05,863.5,0.000258094888893628,0.00840336134453781,696.122924710596,1.9131338596344,0.362888951455393,1.91313384095921,271,0.000154896870016292,5.74559405203001e-05,161.17455713073,1.15380072593689,64.8754848873212,0.0025309906577185,0.00298348394762568,62.1573099415205,0.00199368705959812,0.000998958054000022,14.5,1381.3989048457,1,304.984653825347,0.00422637628548311,1.25008128287122,314.987609863281,2605.71334745666,0.000382250817047533,0,14.8553667726188,370.536528564372,6.33799683117154,868,0.000502626421991019,0.00020960185502608,0.00132926350914388,0,184.149122691589,14.8553668342625,249752.333333333,3.23606797749979,0.000580943277375436,0.00230691359459539,396.597397900183,462.926959792914,943983.512661638,0.00060675013420452,0.00117079559723899,0.186945446606236,137989.5,491.535383247316,14.6635653177897,130642.5,24881.1819661458,1.66805588233229,0.000142423503501718,0.00609812518148622,1194086.08333333,28.123748143514,29151.8046875,5.07885513305664,130728,0.00609812518148622,28.1237482195771,84.4516944885254,137934.958333333,333942.25,399.5,420.584406136792,5.09194898605347,1.97371731127285,55983
"H15-00504 - 1",1,2,"1/14/2015",8013082,0,"2/28/1947 0:00:00",0,0,67,"Portugal",62,168,21.9671201814059,"Diabetic nephropathy",1,1,67,0,1,2,0.9,93.60969621,1.3,60.21155238,1.41,54.61964989,1.4,54.7466055408156,1.32,58.0256624,1.6395284295922,0,0,1.27,60.02640637,1.3199502072961,0,0,0,0,1.47,49.369164,"5/16/2022 0:00:00",88,1,0,0,"1/23/2015 0:00:00",0,1,2,2,5,0,25,0,0," ",1,6," ",0,1,1,"11/19/2022 0:00:00",4,1,0,0,1,1,70,0,0,170,80,27.681660899654,1,0,"Stroke (ischemic)",1,0.5,109.726142,0,1.25,74,0,0,0,0,1,2,3,3,0,0,22.3038,1,1,0,0,22.3038,1.130601971,0,33,0,0,2.56232e-07,461496.6364,182442.9617,337.1075759,85.1563472,0,0,0,0,0,1.80294e-05,41984.57709,33716.41146,83.0625363,24.08298509,0,0,0,0,2.32938e-07,0.46446192,0.118250234,0.756957555,0.006986396,0,0,0.156217787,-0.031398106,1.82857e-05,0,2322,30,475916,80382,0.223813712,110038.16,0.225599034,5.431608221,22.42939024,0.426728271,5.431608221,22.42939024,0.426728271,0.537021173,26519.33333,0.537021173,26519.33333,0.72922399,157216.5,0.72922399,157216.5,0.512995821,10182.1875,0.512995821,10182.1875,0.72922399,157216.5,0.72922399,157216.5,128.841222652828,3.21283957583497,4.59180041202541e-05,0.0032412444040799,0.00133036917744674,0.000174790585362278,0.000395457980767736,0.000474619469353918,8.26180505752563,61.6057692307692,8.2618050953802,0.0015794575214386,449.70265346117,1.50976796642461,0.16726109752453,576972.117647059,3.49679048331156e-05,127.964000667957,1.4971964749446,3.16383260047529,0.000183396316433883,2.75942154630557,1.14286072870118,86.3834844059035,2.14873682592498e-05,546.371674704077,0.710651900947295,7.48652204328652,0.000343942899093885,216740.416666667,0.00066321460851613,0.000538880520875535,184.250400612338,1.4514932235082,0.230222329997759,1.45149324115098,576866.205882353,0.00104063971957498,0.000224261937312221,337.786470544763,2.0105584859848,596.952217450573,5.80375009380338e-05,0.000120085788056954,59.1328671328671,0.000213390079839508,0.00226940844936354,216740.416666667,2557.65278013624,1.96600840372198,0,9.98066368413532e-05,2.96537577605403,49981.1383463542,1337.57777721091,0,0.000287736935956986,27.1135864257812,393.58622161799,21.2087560932194,216815.166666667,0.000815269236861881,0.000957334965858837,1.14450599615658e-05,1.68250205544967e-05,194.558474500598,27.1135868328461,576866.205882353,392.27716338919,3.97221418664793e-05,0.00402144599115535,0,297.592929112563,18961.787109375,0.00145876266414147,0.00195305074037091,0,450027.888888889,818.22160518392,9.59069943428039,0,2908.73193359375,0,3.9170671409578e-06,3.58514467921114e-06,35808.3430989583,8.22912295659383,0,2.24200332164764,0,0.000119524184374908,8.22912311283911,26.3710619608561,449917.611111111,157216.5,206,0,0,0,0
"H15-06802 - 1",1,1,"5/25/2015",19617487,0,"1/21/1945 0:00:00",1,0,70,"Portugal",46,156,18.9020381328074,"ADPKD",4,1,69,0,1,2,1.5,37.25687826,1.8,29.93566895,2.49,20.28041123,1.7,31.8622367523197,3.43,13.55376673,-9.15423501115985,1,1,2.17,23.18778447,-2.16861307057992,1,1,0,0,2.4,20.04381683,"1/17/2024 0:00:00",104,0,0,0,"6/2/2015 0:00:00",0,2,2,1,5,0,18,0,0," ",0,0," ",0,0,0," ",0,0,0,0,1,1,72,1,0,160,60,23.4375,1,0,"Stroke (ischemic)",1,0.8,78.23588038,0,1.65,94,1,0,0,1,1,2,4,2,0,0,10.98961376,0,0,0,0,10.98961376,2.197233949,7.69230769230769,36,3,0.076923077,4.32715e-07,327811.4167,174610.8804,269.7406101,93.23493589,3.60596e-08,94342.5,61061.23431,145.6964933,56.87001414,1.64792e-05,39268.03538,37018.49449,73.82196599,25.80706157,0,0,0,0,5.40894e-07,0.79228871,0.141848898,0.647106884,0.019680735,0,0,0.219204743,-0.501036136,1.6948e-05,0,1371,45,358789,31563.5,0.098163244,51190.875,0.173772999,5.05621441,19.54541319,0.259902673,5.05621441,19.54541319,0.259902673,0.797323628,42522.8,0.797323628,42522.8,0.980070859,273880.5,0.980070859,273880.5,0.754997219,15598.95,0.754997219,15598.95,0.881976445,96370.5,0.881976445,96370.5,105.642726105069,2.48277954181953,1.16498013503223e-05,0.00265176008578307,0.000503942697207899,0.000135427850990646,0.000103446142089939,9.15849217668548e-05,3.94822390874227,46.9957264957265,3.94822391956655,0.000490798201144796,373.299739816882,1.25973174860664,0.155305263888932,268,2.18253948174454e-05,14,1.31757276935449,2.88682223702242,5.52816504567036e-05,2.59636665600815,13.2405712834147,80.4485136322229,0.00379623628374356,529.286719662213,0.171627528125753,0.0873134314124264,4.65235752368589e-05,148177.35,0.000699518214122647,0.00037592347178235,429.71715736727,1.38769888877869,0.199157671243503,1.38769890867974,244.5,0.000205702145337749,0.000120091081503408,343.215462278201,1.75903177261353,508.390680466682,5.83646906815806e-05,8.10517246046393e-05,41.7035254185112,0.000176536087286205,0.0022184294753989,148177.35,2625.76417947238,1.07142853736877,206.012093554297,0.000111610296778467,1.26143782849389,30048.5671875,1619.17767568806,0.00387596981278781,0.000454016379003946,5.684716796875,97.4766537653026,2.44430068769231,148230,0.000392697409949155,0.00074176548639241,1.26202675786927e-05,1.53613641283162e-05,48.7242788901016,5.68471678774632,244.5,2.82842712474619,3.51109814117628e-05,0.00522723177656626,460.841300845172,769.219128319249,247243.81875,0.00204670488937225,0.00153996776038235,0.207895253939258,470908.65,858.109446963756,5.91996228694916,180690,44637.984375,1.84086123184419,4.33624234197645e-06,0.00399786767674916,5721975,29.2049255371094,29765.208984375,1.67972453435262,180735,0.00522388050805277,29.2049253540896,124.679077148438,470812.875,16520.1666666667,38,501.069703622235,1.45456194877624,1.41530164920237,740
"H15-09412 - 1",1,2,"7/18/2015",19103036,0,"2/27/1945 0:00:00",0,0,70,"Portugal",84,172,28.3937263385614,"Hypertensive Nephrosclerosis",3,1,48,0,2,2,1.9,37.48042469,1.9,37.48042469,1.89,37.71852137,1.9,37.2480460574757,1.36,54.94891375,8.85043384626215,0,0,0,0,0,0,0,0,0,1.68,42.27730286,"7/17/2019 0:00:00",48,0,0,0,"7/24/2015 0:00:00",0,2,2,1,5,0,19,0,0," ",1,6," ",0,1,1,"11/3/2019 0:00:00",1,0,0,0,1,1,71,1,0,160,85,33.203125,0,0,"Head Thrauma",2,0.6,95.90284574,0,1.14,65,0,0,0,1,2,2,5,3,0,0,36.08192335,1,1,1,1,36.08192335,2.760476269,16.6666666666667,32,6,0.157894737,1.57095e-07,309233.1406,188891.1203,247.4929084,111.0470523,2.94554e-08,70539.83333,46666.29975,111.0573938,55.80551307,1.04027e-05,45685.49504,74463.36173,78.6648436,28.37853418,14170.63804,9754.009128,51.91819444,16.21532203,2.70008e-07,0.221347182,0.04857909,0.475250581,0.014541365,0.131230033,0.001104239,0.102217844,-0.465586963,1.04835e-05,0.868769967,2119,55,346721,172865.5,0.559039553,203895.8889,0.548457214,9.685192814,35.12253295,0.208840203,9.685192814,35.12253295,0.208840203,0.221681779,32229.3,0.221681779,32229.3,0.356550729,106204.5,0.356550729,106204.5,0.206638393,20968.45455,0.206638393,20968.45455,0.263051091,63196.625,0.263051091,63196.625,174.561349462638,2.82836446495761,0.00362914673000175,0.000527744069821743,0.0992880941248264,0.000170524981756543,0.0282533664507987,0.0520328660400546,3.7043571472168,51.103808679456,3.70435713919238,0.0516989176983585,685.166017668897,1.03132392265389,0.197541875964254,102983.285714286,0.0063409782933107,127.906096466052,1.16303782771877,2.47470503114256,0.00668958572799761,2.88118302166472,2.36670694790773,150.699106680826,0.000172585659468705,73.7066299886994,3.96882559250405,4.99517803113756,0.00809505124077154,475685.9375,0.000338158016494871,0.000362941080527509,6.69119826237188,1.74334621429443,0.284819262756733,1.7433462206104,102931.5,0.00765664616319036,0.0140043918028205,240.957985598246,2.45751786231995,893.289072835953,2.5141469574794e-05,7.92219155638678e-05,47.2916666666667,0.000457716906535773,0.00126118401260497,475685.9375,1762.86677898971,2.30687747682844,337.375327886958,4.52226095590788e-05,12.9439444632508,137090.782714844,146.81675682619,0.000371827789191247,0.000110120145210637,1.23494380712509,339.453621740568,0.114219450496393,475777.0625,0.000554531018007608,0.000184590425683564,5.24538824492442e-06,1.09911411634529e-05,169.118301789014,1.23494380380021,102931.5,125.021446802733,9.36867508938091e-05,0.00320277108567204,118.751144124455,373.948268171891,540.766723632812,0.000788013348712221,0.00382902101443669,0.203265385084372,223399.285714286,565.551295210891,16,1901,11394.6420898438,1.79834467779617,2.62346236336523e-05,5.2679925927322e-05,55218.4110107422,8.12209665775299,242.190704345703,5.62745269139608,1949,0.000647462945767107,8.1220968017117,24.2844982147217,223322.285714286,106204.5,170,418.344995024903,10.736768245697,1.13173226329768,64096
"H15-09412 - 2",1,2,"7/18/2015",98007670,0,"3/21/1955 0:00:00",1,0,60,"Portugal",71,154,29.9375948726598,"Chronic glomerulonephritis (unspecified)",2,1,20,0,2,1,1.1,57.52476157,1.3,47.07540085,1.14,55.11124573,1.26,48.5713738499248,0.98,64.85623533,8.1424307400376,0,0,0.84,77.07009037,7.1246791300188,0,0,0,0,0.88,71.01966237,"5/21/2024 0:00:00",106,0,0,0,"7/26/2015 0:00:00",0,2,2,2,6,0,17,0,0," ",0,0," ",0,0,0," ",0,0,0,0,2,1,71,1,0,160,85,33.203125,0,0,"Head Thrauma",2,0.6,95.90284574,0,1.14,65,0,0,0,1,3,2,6,3,0,0,69.2043,1,1,1,1,69.2043,1.225554083,16.6666666666667,30,5,0.142857143,1.01305e-07,387781.8833,219318.2917,292.4099429,96.86360827,1.68841e-08,71918.4,18677.98784,135.2604936,19.97495603,1.2761e-05,36793.3837,42679.80206,75.08511564,25.32171836,15781.68421,16917.21787,49.68012625,17.19671948,3.57943e-07,0.202128465,0.039284125,0.469520905,0.050536415,0.196090927,0.002346242,0.083668532,-0.506986889,1.28746e-05,0.803909073,3779,106,383046.75,172780.5,0.498723831,213428.7778,0.471418741,9.644552831,30.11378139,0.279305041,9.644552831,30.11378139,0.279305041,0.21530659,186775.0938,0.21530659,186775.0938,0.278194666,1371306,0.278194666,1371306,0.171552786,14896,0.171552786,14896,0.346568002,702412.375,0.346568002,702412.375,177.739387833306,1.7895084504469,1.37358969240512e-05,0.00072880515179451,0.000567828699611102,9.82448490870598e-05,0.000119753517973022,0.000132869371359485,4.09750550985336,64.8790579715441,4.09750553505029,0.000537417427411226,607.248651697105,1.15677531097888,0.207866463228839,7549,2.2630275077661e-05,71.1666666666667,1.34901684726591,2.57415437281647,6.15976245214632e-05,2.65634360895299,1.37052465874026,130.141445762335,0.00155723999787489,608.560796750429,7.08362192435055,2.36077574430388,4.96197288373208e-05,362887.428571429,0.000421876971194066,0.00047051899860972,439.797889414954,1.7946003874143,0.309126270160321,1.79460037332669,7482.5,0.000241939727519474,0.000118520386451487,350.357725438667,2.70134316171919,754.634113604043,3.71947645310088e-05,0.000116570954312696,82.72,0.000268785118376589,0.00150342701872773,362887.428571429,2717.25937261669,1.67590379714966,217.832175495908,7.18243484752234e-05,1.41243120661063,110179.303571429,1797.82939110889,0.00099641664457661,0.000197689570027713,10.7156637907028,925.180226069699,4.62355325736814,362978.571428571,0.000179216576839544,0.000256323165788889,8.20858996306503e-06,1.19490455686545e-05,450.230948306245,10.7156636820985,7482.5,61.2045749923974,5.18343844235803e-05,0.00347706311579597,317.000197611053,878.950360212944,436361.939453125,0.001018339150553,0.003580591425848,0.256865086714018,527940.785714286,897.018613934346,22.9813957214356,91157.5,0,2.30355485541227,1.5507661468783e-05,0.000222003417293636,1,1,19156.6875,5.33315487702688,91206.5,0.00458215634417638,1,1,527836.535714286,1353504.25,1948,368.157154911198,8.87578392028809,1.83093833580555,57687
"H15-10995 - 2",1,2,"8/29/2015",9004620,0,"6/12/1956 0:00:00",0,0,59,"Portugal",68,169,23.8086901719127,"Hypertensive Nephrosclerosis",3,1,62,0,2,2,1.9,40.13429021,2.2,33.65988988,2.06,36.42329602,2,37.5044590274056,1.81,41.75443345,2.1249872112972,0,0,2.3,30.9343836,-1.6425188568514,0,0,0,0,2.44,28.14208299,"4/2/2024 0:00:00",103,0,0,0,"9/14/2015 0:00:00",0,1,2,1,4,0,15,1,0," ",0,0," ",0,0,0," ",0,0,0,0,2,1,68,1,0,160,75,29.296875,1,0,"Stroke (ischemic)",1,0.8,80.20658109,0,1.41,85,0,0,0,0,2,2,4,2,0,0,50.20325443,1,1,1,1,50.20325443,0.365160215,0,22,0,0,1.80625e-07,345188.2955,170807.4637,278.4383635,79.61575608,0,0,0,0,0,1.1289e-05,43138.71564,41505.21741,80.82116507,29.05397491,21234.05427,17236.65931,54.74890542,17.62554381,2.05255e-07,0.354735677,0.062349524,0.486994781,0.009169798,0.212249035,0.003838882,0.128029141,-0.185867885,1.08765e-05,0.787750965,1375,25,382203,210268.5,0.552992055,179327.9524,0.511134155,7.594862434,27.49885625,0.207647892,7.594862434,27.49885625,0.207647892,0.315823806,26170.91667,0.315823806,26170.91667,0.525633915,64485.5,0.525633915,64485.5,0.247897133,13146.625,0.247897133,13146.625,0.451677152,52219.5,0.451677152,52219.5,106.411916212497,2.31839723190745,1.34315845365362e-05,0.00128133664578139,0.000656011761754392,7.62270243003301e-05,0.000117918900386528,0.000144753057458704,2.98990440368652,86.3317307692308,2.98990436164144,0.000475701450034881,751.870870804783,0.949299159527009,0.220013345967378,120190.5,1.84329151790235e-05,107.507328088578,1.2493387399616,2.51618498356319,5.41710764041335e-05,2.73460634055093,1.29222869562544,85.6347064613439,5.38994719437963e-05,611.465011103627,4.22386400590354,1.41716645893151,4.87432810391396e-05,547443.75,0.000813648415596043,0.000249436920077313,403.432596472406,1.89812010526657,0.289772065642503,1.89812013121637,120141.125,0.000333164247865392,9.04538171134293e-05,305.350616502548,2.50840830802917,934.00958135787,2.17682151622259e-05,5.22018842568103e-05,56.6856060606061,0.00026954453104914,0.00277032862263153,547443.75,2338.63898667555,2.49837058782578,0,3.9765555253361e-05,1.51394540520338,158718.153645833,1711.82786694529,0,9.28859887218156e-05,13.8115127086639,154.129038522879,7.01172885414545,547547.833333333,0.000371395667107748,0.000430074832125649,4.59401694067482e-06,7.62272642617452e-06,78.7146746166177,13.8115127455446,120141.125,169.586420222614,5.82519086048475e-05,0.00789213866043669,0,520.132034355964,246483.53515625,0.00230818583950516,0.0035326979608873,0,381977.25,792.556366241809,19.1875982284546,0,14687.2451171875,0,1.47249119018292e-05,2.15443205024749e-05,563759.25,24.308349609375,0,4.43959867954254,0,0.000217876255884701,24.3083498620214,69.5038833618164,381890.6875,39953.5,44,0,0,0,0
"H15-14813 - 1",1,1,"11/18/2015",19168800,0,"1/28/1953 0:00:00",0,0,62,"Portugal",96,168,34.0136054421769,"Obstructive uropathy (lithiasis)",4,1,27,0,1,2,3.1,21.8918696,1.6,48.41421627,1.53,51.08426723,1.38,57.4593850652804,2.68,25.58892901,-15.9352280276402,1,1,3.33,19.47505832,-9.4960816863201,1,1,0,0,3.33,19.37358179,"12/2/2020 0:00:00",60,1,1,0,"1/4/2016 0:00:00",0,2,2,1,5,0,29,0,1,"6/6/2021",1,1,"6/6/2021 0:00:00",1,0,0," ",0,0,0,0,1,1,78,0,0,170,66,22.8373702422145,1,0,"Stroke (ischemic)",1,0.8,90.58531818,0,1.65,94,1,0,0,1,0,2,3,3,0,0,21.5564,1,1,0,0,21.5564,0.841095284,10,9,0,0,2.40843e-07,336244.1667,150333.7018,286.5131375,69.15200501,0,0,0,0,0,1.50928e-05,55062.84397,65248.36687,79.1880874,29.41522871,36040.30048,36222.0865,60.6367664,19.30517476,4.01405e-07,0.681104847,0.080982056,0.831054051,0.010876376,0.374727144,0.026284673,0.097444992,-0.617733688,1.27813e-05,0.625272856,564,15,379710.5,65514.5,0.163756979,64881.5,0.181049608,5.462834937,21.8604524,0.378976016,5.462834937,21.8604524,0.378976016,0.601466009,32601.35714,0.601466009,32601.35714,0.616962913,61779,0.616962913,61779,0.493233578,14436.625,0.493233578,14436.625,0.745775917,56821,0.745775917,56821,220.327692598458,3.15950452547752,1.96782587390406e-05,0.0017879070704108,0.000605918101577196,0.000142219151682842,0.0001717271143679,0.00016926294331474,12.6687211990356,134.24,12.6687210213033,0.00108149045459994,484.31522338256,1.3465802468185,0.227051179765609,318913,9.5228826850972e-06,80.8816964285714,1.29437016803545,2.9664346217015,0.000123928297914721,3.02184012267985,1.68804968994728,170.220002005195,2.28053826789332e-05,436.501546523061,1.42698007615786,4.32289723216049,0.000546709596170612,208015,0.000320394058696559,0.000449249131863546,375.309218338653,1.98947167396545,0.24047694281297,1.98947169016314,318839.5,0.000525931566098608,2.82346752668285e-05,357.732809105639,2.12830281257629,542.041557695492,5.39611821989436e-05,9.48948292288513e-05,96.4923076923077,0.00019732685629541,0.00127818029434955,208015,2648.17088579223,1.98612785339355,0,9.56930418928397e-05,1.16304509773376,50419.5755208333,1383.75144212722,0,0.000294711188620789,18.7164192199707,87.2803898094743,16.2456875574011,208081,0.00023209556682042,0.0004308209616757,1.08035186516456e-05,1.08520996665405e-05,43.5642571193539,18.7164201544639,318839.5,245.507637355745,3.85579592060001e-05,0.00232327169115978,0,967.452885529885,2691.97680664062,0.000592810391527251,0.00063502361899928,0,489072,861.585647347871,8.59379959106445,0,14037.1982421875,0,4.55810234868288e-06,6.22780461565867e-06,697578.46875,21.9264755249023,0,1.95440375804901,0,0.000107720578141425,21.926475090814,70.4364395141602,488988.875,9456.5,23.6666666666667,0,0,0,0
"H16-00638 - 2",1,2,"1/18/2016",17008699,0,"6/5/1972 0:00:00",1,0,43,"Portugal",65,161,25.0761930481077,"Undetermined",5,1,21,0,1,2,1.4,47.87287786,1.4,47.87287786,1.36,49.56743988,1.61,40.2301007026701,1.23,54.88504467,7.32747198366495,0,0,1.27,52.16433501,2.98355857683248,0,0,0,0,1.4,45.27531678,"5/24/2024 0:00:00",100,0,0,0,"1/27/2016 0:00:00",0,0,0,0,0,0,17,0,0," ",0,0," ",0,0,0," ",0,0,0,0,2,1,46,0,0,170,92,31.8339100346021,1,0,"Stroke (ischemic)",1,0.8,110.5325163,0,0.93,43,0,0,0,1,1,2,4,4,0,0,47.27664609,1,1,1,0,0,7.858209301,13.3333333333333,25,4,0.137931034,1.51957e-07,434229.5,169297.7885,321.3209466,80.06977762,2.43132e-08,164755.25,27995.91929,188.751738,36.18744808,1.0485e-05,45093.72174,45311.3043,76.31282668,31.82994701,41472.65654,40939.71336,68.5036688,20.98129286,3.40384e-07,0.351339405,0.065984313,0.472809885,0.011006955,0.471627781,0.010929448,0.139557812,0.141048934,1.08429e-05,0.528372219,1725,56,396934.5,187527,0.396113057,169875.4,0.373053771,6.785123903,30.00868935,0.248235805,6.785123903,30.00868935,0.248235805,0.249509709,31604.75,0.249509709,31604.75,0.293178919,103739,0.293178919,103739,0.21417699,12165.78571,0.21417699,12165.78571,0.331952719,76962.33333,0.331952719,76962.33333,139.166601054671,3.18761113033381,3.67502119508869e-06,0.00190760015756694,0.000167130869604364,0.000153665082334409,3.20789113216215e-05,2.74936034256496e-05,6.90423774719238,85.9444444444444,6.90423773655379,0.000161762519636315,773.767233992987,1.66092725142098,0.207086098330163,253731.571428571,5.22688000776034e-06,134.030932621909,1.12759285396161,2.8092085399255,1.85293903875886e-05,3.09484525816656,1.4420661509757,123.419193874573,5.24756310328846e-05,942.266638919482,3.91876370773073,6.99951846313857,1.21737186613218e-05,547806.5,0.000397161468427781,0.000181956901805988,815.503832066511,1.79470157623291,0.266114202614093,1.79470156452004,253640.071428571,7.70651518355589e-05,3.11207134654692e-05,253.459780830314,2.32478299736977,899.802453607497,2.12394736524921e-05,3.38739211645628e-05,103.334109713304,0.000361337173586053,0.00151956137160809,547806.5,1999.9850275671,2.23979796682085,440.946227364926,3.81362404939922e-05,1.15583535340526,146852.159179688,2945.34161689517,0.000184076945024183,8.63469853898399e-05,7.56679526964823,116.762211772951,3.50067165898407,547911.625,0.000119724437283839,0.000514972607383634,4.36519164989924e-06,7.93835807500163e-06,58.684406665638,7.56679523735252,253640.071428571,228.737553416168,7.87451853881661e-05,0.00374518414813623,320.956810997159,1137.09487672832,808423.489583333,0.00116011737313052,0.00137534616477936,0.226885073580347,274702.5,676.508269283213,28.2573649088542,141371.5,48,1.91635282631302,1.74543957915671e-05,9.75983649083253e-06,0,0,31926.89453125,2.71658444404602,141431,0.000247284058534707,0,0,274605.5,14277,26.6,570.436339152779,5.72687101364136,2.02543262902049,165150
"H16-03611 - 1",1,2,"3/23/2016",19488578,0,"2/14/1948 0:00:00",0,0,68,"Portugal",81,167,29.0437089892072,"Undetermined",5,1,52,0,1,2,1.7,43.36827358,1.2,65.87086163,1.16,68.60586628,1,81.4722728271009,1.22,63.38347124,-9.04440079355045,0,1,1.72,41.45449847,-10.0044435892752,0,1,0,0,1.09,71.29830049,"12/9/2021 0:00:00",69,1,1,1,"4/7/2016 0:00:00",0,1,0,0,1,8,19,0,0," ",1,6," ",0,1,1,"2/28/2022 0:00:00",4,1,0,0,1,1,47,1,0,160,75,29.296875,1,0,"Stroke (hemorrhagic)",1,0.7,107.2806757,0,1.01,51,0,0,0,1,0,2,3,3,0,0,10.97906548,0,0,0,0,10.97906548,0.243157598,7.40740740740741,50,4,0.074074074,3.01502e-07,361558.63,168032.8588,288.5062137,86.02351234,2.41202e-08,159030.5,40943.89581,205.0293247,22.56049683,1.94288e-05,41892.15394,43627.09253,76.93324007,28.6373606,29862.96429,16173.68173,63.97824329,13.70605026,4.34163e-07,0.638906788,0.109010628,0.813913649,0.021066721,0.864622332,0,0.133933898,0.018497126,1.98342e-05,0.135377668,3222,72,421593.75,62656.5,0.153659688,64158.52632,0.172294987,4.850077127,20.17452976,0.407180857,4.850077127,20.17452976,0.407180857,0.588658325,30473.21429,0.588658325,30473.21429,0.696434012,255923,0.696434012,255923,0.578902998,12818.36842,0.578902998,12818.36842,0.681333928,198194.25,0.681333928,198194.25,146.543429494569,2.94263297157076,1.31700269976533e-05,0.00229473027939213,0.00047249010794039,0.000217799179131581,0.000114691071610066,0.000114960139747267,6.73106217384338,57.9915206864334,6.73106210807488,0.000543433361225992,695.481921048004,1.14924732677479,0.18457698416399,642.5,1.06001087333606e-05,44.25,1.45626955295122,3.08927722244786,6.24191260163713e-05,2.87675921624156,2.32536758276635,100.292872634505,0.00811268384752839,555.870064810864,0.414677154541016,3.18545484603131,0.000171850243633392,473019.316666667,0.000526479989500739,0.00020006804058199,470.543958975705,1.61224205153329,0.236437109357708,1.61224205291112,622.25,0.00038113170714988,4.93106075290911e-05,232.591766046451,2.07048951387405,875.479439590343,2.31728180561409e-05,3.60437158248419e-05,74.8259987359421,0.000444678292906179,0.00191337789498914,473019.316666667,1747.74957057311,1.2343897819519,367.99552929593,3.93692723869917e-05,1.2001587934817,111553.497395833,1718.35959492893,0.000292058250712706,0.000147390755779294,15.0115439414978,394.14944141966,12.1633348866877,473119.533333333,0.000527416896551135,0.000633761416171751,4.49568730568113e-06,4.23595041652716e-06,190.128903641713,15.0115438085858,622.25,10.5312490532866,9.22165897003816e-05,0.00436874359010464,434.839024730321,946.388437382693,27224.4210449219,0.00136461108145848,0.00137998178919278,0.160971469698127,214489.625,562.765931819122,5.49922490119934,173857,1160.63720703125,1.47130021628647,1.14935854347932e-05,0.00390718491775435,39743.314453125,5.97138261795044,35440.62890625,2.24771457059043,173921,0.020239650063654,5.97138263153135,22.4922485351562,214404,255923,293,511.667845416957,1.05999994277954,1.84759821219112,88
"H16-03611 - 2",1,2,"3/22/2016",10004850,0,"9/4/1970 0:00:00",0,0,45,"Portugal",74,169,25.9094569517874,"ADPKD",4,1,44,0,1,2,1.3,69.04019214,1.4,63.16556299,1.53,56.78116478,1.32,67.3665472736572,1.1,82.80561159,7.7195321581714,0,0,1.47,57.74949283,-2.4042636109143,0,0,0,0,1.47,56.45683229,"4/24/2024 0:00:00",97,1,1,1,"3/30/2016 0:00:00",0,2,0,2,4,11,16,0,0," ",0,0," ",0,0,0," ",0,0,0,0,2,1,47,1,0,160,75,29.296875,1,0,"Stroke (hemorrhagic)",1,0.7,107.2806757,0,1.01,51,0,0,0,0,0,2,2,2,0,0,11.66133595,0,0,0,0,11.66133595,0.097557038,0,30,0,0,1.45192e-07,317376.9833,168344.1792,263.2457574,96.7431543,0,0,0,0,0,1.44514e-05,50816.36537,50653.05788,83.54638262,31.97465206,51716.70513,28929.13411,74.35169731,15.11255141,2.90384e-07,0.586231651,0.046080534,0.734368807,0.011517734,0.958954614,0,0.06274849,-0.13940406,1.46364e-05,0.041045386,2986,60,371994,68903,0.211530108,83944.47826,0.228617845,5.614707716,21.20942738,0.420590771,5.614707716,21.20942738,0.420590771,0.582253581,49700.94444,0.582253581,49700.94444,0.998740044,288415,0.998740044,288415,0.533003482,11779.71429,0.533003482,11779.71429,0.754628927,182425.25,0.754628927,182425.25,125.492281702731,2.90905898603092,2.27036596933182e-05,0.00293095568304867,0.000698517693236088,0.000665838645165695,0.000197219071662017,0.000174377759689066,7.99835085868835,62.4974494641161,7.9983508993431,0.000829953651952985,385.232491893051,1.46829988583307,0.179939518323731,422465.9,2.82860979838079e-05,102.589801521018,1.1380766646683,2.90682533914699,9.55466944433817e-05,3.26189051658745,1.23825566361989,110.137684272357,3.45695164396021e-05,475.521002264021,0.744514795449562,9.04024016129064,0.000124927932402697,154905.25,0.00175138132177704,0.000484966743569291,271.322338624618,1.56972012917201,0.228958645863067,1.56972013712578,422366.725,0.000461435259378484,0.000151750595990334,123.046028174511,1.99021446704865,512.565013574969,5.71238038349615e-05,0.000101706165285622,81.9895468121023,0.00102329773320531,0.00468269655878771,154905.25,1242.52642789726,2.09335123896599,0,0.000112304713615665,1.76486644640948,35470.51171875,1285.07763278562,0,0.000269960816540733,11.352019627889,259.854533883361,7.50713510796708,154953,6.24704000359571e-05,0.000796257272501037,1.29136084955697e-05,2.64733105582371e-05,123.228159464013,11.3520197252795,422366.725,324.141452896729,0.000243840299843888,0.00441010480937337,0,2466.11662864718,58984.7591145833,0.00142076411620442,0.00114767169727531,0,92948.6,452.208072378826,8.68914937973022,0,1996.36027308873,0,2.04564132346266e-05,5.24986402534336e-06,26488.1598074777,6.08831351143973,0,1.57352876663208,0,0.000175756510259369,6.08831350636344,20.719382422311,92899.5,83440.8333333333,114,0,0,0,0
"H16-04365 - 1",1,2,"4/8/2016",19059320,0,"12/27/1955 0:00:00",0,0,60,"Portugal",59,167,21.1552942020151,"Undetermined",5,2,60,0,1,2,1.3,62.890765,1.4,57.53939053,1.51,52.5468351,1.5,52.6390910948694,1.27,63.48211864,5.4215137725653,0,0,1.26,63.29497143,2.66397008378265,0,0,0,0,1.25,62.6477723,"3/6/2024 0:00:00",95,1,0,0,"4/28/2016 0:00:00",0,1,2,1,4,0,20,0,0," ",0,0," ",0,0,0," ",0,0,0,0,1,1,70,0,0,170,70,24.2214532871972,1,0,"Stroke (hemorrhagic)",1,1.6,46.06433916,0,1.65,94,1,0,0,1,2,2,5,3,0,0,35.1988,1,1,1,1,35.1988,0.236431779,14.2857142857143,37,5,0.119047619,2.10664e-07,318349.2973,201303.6383,262.8291464,111.8523488,2.84681e-08,73460.5,45115.69842,125.061992,55.57425803,1.76559e-05,28350.94099,33795.86179,66.58909943,22.94345916,10933.66667,10339.7112,45.90783583,15.53480797,4.61183e-07,0.59337264,0.067064663,0.50056142,0.01876364,0.29628751,0.03803841,0.13397889,-0.147447855,1.8004e-05,0.70371249,3101,81,326482.5,74061,0.283767017,124081.1429,0.324321984,5.711279619,19.65553261,0.300047095,5.711279619,19.65553261,0.300047095,0.597558973,51391.70588,0.597558973,51391.70588,0.89052772,247117,0.89052772,247117,0.579031108,15771.15,0.579031108,15771.15,0.624027353,102278.2143,0.624027353,102278.2143,262.432920241666,3.32863542655641,1.07055161968114e-05,0.00141886617028139,0.00042084811887598,7.95371137100948e-05,9.14353165455857e-05,8.64360567028759e-05,8.95587329069773,64.311996605914,8.95587334998322,0.000462812766389845,369.551725280691,1.79912372792436,0.178691394956546,95,9.91249452595512e-06,7,1.74553705171119,2.92795432170441,5.40279470467782e-05,2.7566357903391,34.5348451183513,150.260684991947,0.0108133968554045,658.682106592712,0.549253719956128,0.951578963430304,0.000191486787945113,149662.964285714,0.00040310284505226,0.00279956052122339,518.99054319587,1.55940003196398,0.183344655898738,1.55940004355558,85,0.000335855457979635,4.88211262871665e-05,370.180270967764,1.6150090609278,466.27042098079,0.00018231412738851,0.000966587937376381,7,0.00015637936255648,0.0016515275590868,149662.964285714,2770.50227370923,1,344.503111120249,0.000567176940022708,1.2944964385675,27877.749016898,2004.32460198014,0.000287998632949567,0.00100855845578458,12.880974650383,3.06979516333972,10.2124404241124,149724,0.0280991738492792,0.000369682803291171,6.57785121710579e-05,0.000150284866059769,5.8309518948453,12.8809745375732,85,2,2.77686092244923e-05,0.00227686644560757,69.013160413631,45.0710678118655,55827.3695983887,0.000609651203278161,0.000636537972632768,0.237491068910915,529854.285714286,904.426736910942,2,13244,31507.482421875,2.01782503440518,5.18307167630476e-06,0.0105263157894737,2533203.83333333,24.5391133626302,3734.482421875,2.65950186053912,13254,0.0210526315789474,24.5391134534775,112.559707641602,529756.357142857,86,0,270.614979913104,1.41895115375519,2.46663303954756,573
"H16-04650 - 2",1,2,"4/14/2016",19021820,0,"5/16/1959 0:00:00",0,0,56,"Portugal",77,168,27.281746031746,"Chronic glomerulonephritis (IgA)",2,2,22,0,2,2,1.5,54.30169921,1.3,64.47493424,1.41,58.48708753,1.3,64.0751896499452,1.09,78.1822402,7.0535252750274,0,0,1.18,70.2036163,1.5321066625137,0,0,0,0,1.85,39.92406908,"5/10/2024 0:00:00",97,1,1,1,"4/21/2016 0:00:00",0,1,1,0,2,0,19,0,0," ",0,0," ",0,0,0," ",0,0,0,0,2,1,61,0,0,170,85,29.4117647058824,1,0,"Stroke (hemorrhagic)",1,0.8,100.6873575,0,1.15,66,0,0,0,0,1,2,3,3,0,0,40.21828685,1,1,1,0,0,0.873499068,0,41,0,0,2.32859e-07,354245.2683,164172.0349,276.732593,95.51311378,0,0,0,0,0,1.23074e-05,40517.75265,43439.82721,74.52510894,27.44644182,26644.25299,25000.84247,54.97733714,17.77499607,1.81744e-07,0.387626822,0.082489153,0.49866994,0.009092784,0.224377015,0.001649525,0.165418339,-0.292057789,1.0588e-05,0.775622985,2167,32,385416,170149.5,0.453252322,174366.6216,0.43906619,7.597448979,24.24806485,0.275461852,7.597448979,24.24806485,0.275461852,0.409680399,24105.58333,0.409680399,24105.58333,0.518194933,62732.5,0.518194933,62732.5,0.387977492,16380.2,0.387977492,16380.2,0.518194933,62732.5,0.518194933,62732.5,124.241567330696,0,6.058015090291e-06,0.00187417252781765,0.000324483763316663,0.000422996665423367,5.27605260670545e-05,7.28208119346515e-05,5.26665568351746,79.2333333333333,5.26665579216165,0.000248691109494095,5.50426200622474,1.1741924079896,0.231775517511192,42,1.09712485826753e-05,0,1.56844396340881,2.48485522982675,2.85661595611927e-05,2.68306912604956,6.99268344549437,80.6588254951457,0.0238095238095238,807.149283419503,3.10939117775364,0.0714285714285714,2.18704434055993e-05,253.25,0.000813179757230605,0.054093567251462,637.159790462981,2.03980040550232,0.119483206822322,2.03980035252435,43,0.000124380594213563,5.74772212052838e-05,230.297117444534,1.1176221370697,67.8196508701823,0.00820115361458216,0.054093567251462,39.0769230769231,0.000652927524396484,0.00291588148237001,253.25,1850.90289706932,0,0,0.0533321867664377,1.27347492657405,33.1984510421753,2428.64387483097,0,0.0163016426082628,10.6830225884914,150.119697054447,4.26318203055079,260,0.00107473507989781,0.000697299358904945,0.00550869581026909,0.00681803104205009,73.9077309698491,10.6830225605728,43,2.23606797749979,0.000144929820479726,0.00702770550138203,0,267.622366364086,834144.00390625,0.00234235209841662,0.00367750933350039,0,236647.666666667,619.12892008445,11.7875995635986,0,14201.1953125,0,1.49342339653973e-05,0,353384.46875,15.3558626174927,0,4.33056735992432,0,0.0238095238095238,15.355862718898,47.1907005310059,236575.583333333,30958.5,52.5,0,0,0,0
"H16-08527 - 2",1,2,"7/6/2016",13009438,0,"12/4/1958 0:00:00",0,0,57,"Portugal",66,157,26.7759341149742,"Chronic glomerulonephritis (Crescentic GN)",2,1,25,0,2,2,2.1,36.03784138,1.8,43.36056344,2,38.21078222,1.7,46.1511162611432,1.29,63.47624795,8.6625658444284,0,0,1.92,38.90052035,-1.8126489777858,0,0,0,0,1.7,44.66300089,"3/14/2022 0:00:00",68,0,0,0,"7/15/2016 0:00:00",0,2,1,2,5,2,15,0,0," ",1,6," ",0,1,1,"3/17/2022 0:00:00",1,1,0,0,2,1,66,1,0,160,83,32.421875,0,0,"Head Thrauma",2,0.8,81.21046918,0,1.09,61,0,0,0,0,2,2,4,3,0,0,44.58805472,1,1,1,1,44.58805472,1.012554591,0,32,0,0,1.9476e-07,279425.25,133609.5281,254.58345,75.64091652,0,0,0,0,0,1.37975e-05,31884.5805,35299.76546,66.55262875,22.07961517,14175.04704,25693.22646,47.48620685,14.04986352,3.65174e-07,0.288162311,0.05442074,0.439927431,0.017152956,0.394089393,0.004583507,0.123703902,-0.286133755,1.65351e-05,0.605910607,2267,60,261414.5,146207.5,0.560246684,159831.1034,0.522266421,8.644154806,31.81790759,0.171218635,8.644154806,31.81790759,0.171218635,0.33641489,24279.03846,0.33641489,24279.03846,0.262169617,70778,0.262169617,70778,0.328381294,17805.09091,0.328381294,17805.09091,0.380599671,59885.75,0.380599671,59885.75,149.363544475958,3.85645548734155,1.13360573215372e-05,0.0012738053199851,0.000501391669974075,0.000114436754304622,9.7896634083504e-05,0.00013765783396372,5.82170908791678,67.1870037383905,5.82170905566921,0.000482818081054726,450.968628929047,1.05146641014349,0.206609880855305,21957.5,1.34944169727069e-05,219.44696969697,1.28632290796005,2.4060955940207,5.58719664672078e-05,2.71945799640415,3.3124378265869,115.941958382771,0.000510319825196269,624.26681999223,3.45129635412673,8.44246430869958,4.84292091175221e-05,209783.964285714,0.000518579232727233,0.000607705006523193,527.499742230828,1.79187204156603,0.270794536146596,1.7918720312309,21930.75,0.000296382240629726,6.63590510721959e-05,336.080695930866,2.3396075793675,583.915841067439,5.350500474629e-05,0.000139025917343022,118.888888888889,0.000225048103336539,0.00180897664897287,209783.964285714,2518.57482169728,2.54183423519135,0,0.000108240125863512,1.19122460180619,56476.0147879464,1925.00023929167,0,0.000226866974423585,19.8669271469116,156.911286024762,11.8160715915588,209857.5,0.00062587186183383,0.000464766371078981,1.25327753357508e-05,2.6879192446032e-05,77.2539095717779,19.8669275157994,21930.75,62.985291572496,4.76221389581664e-05,0.00443724698004522,0,363.605122421383,283539.658854167,0.0012863961734949,0.00319913656138868,0,439797.5,814.019435626889,12.3844985961914,0,17242.888671875,0,1.17041556148647e-05,0.000117589670065404,106502.9453125,9.15288257598877,0,4.75212178911482,0,0.0018577176563944,9.15288289038329,26.9875946044922,439702.55,34415,44.75,0,0,0,0
"H16-09934 - 1",1,2,"8/6/2016",15047412,0,"5/3/1953 0:00:00",0,0,63,"Portugal",72,165,26.4462809917355,"Diabetic nephropathy",1,2,23,0,1,2,1.4,56.4757796,1.3,61.72823435,1.29,62.30289469,1.2,67.5300971745037,1.2,66.69531983,-0.417388672251846,0,0,0.93,89.43989924,5.47745051637408,0,0,0,0,1.04,76.97137467,"11/28/2023 0:00:00",88,1,1,1,"8/13/2016 0:00:00",0,1,1,1,3,2,17,0,0," ",0,0," ",0,0,0," ",0,0,0,0,1,1,65,0,0,170,89,30.7958477508651,1,0,"Stroke (hemorrhagic)",1,0.7,102.254983,0,1.2,71,0,0,0,1,1,2,4,4,0,0,9.697128725,0,0,0,0,0,0.224598857,12.5,28,3,0.096774194,1.82656e-07,414664.8929,220248.8958,297.3776317,103.6865532,1.95703e-08,144675.6667,105211.2341,157.8712723,105.579329,8.96973e-06,48800.15891,64396.71628,80.4825555,30.95422553,124340.7857,243213.7659,78.22260808,60.27030197,4.43594e-07,0.575159808,0.075741183,0.437724365,0.032688999,2.928480825,0,0.173033967,-0.269010209,9.19979e-06,-1.928480825,1375,68,408369.25,61352,0.193902563,122581.5789,0.298272423,5.664411246,20.78331857,0.270312579,5.664411246,20.78331857,0.270312579,0.687743406,50813.30769,0.687743406,50813.30769,0.957946474,355487.5,0.957946474,355487.5,0.634398541,16734.075,0.634398541,16734.075,0.865559624,164410.75,0.865559624,164410.75,215.992311965394,2.52147054062238,3.94563369428575e-06,0.00159322669482839,0.000199585596782148,0.000125262263216968,3.45433102987623e-05,3.87640555506439e-05,8.50102753639221,47.6887748489902,8.50102758662694,0.000182165133195516,180.969079758429,1.47932141289399,0.17426077360517,116425,4.20200181870359e-06,83.8467806841046,1.43201248674345,2.81478348334782,2.07876869272901e-05,3.00017566707602,2.41442908441798,147.952472756766,0.000111084756049232,860.556471490404,0.280137401870147,5.78528344013477,4.61536794731176e-05,36782.75,0.000331969851725929,0.00103452943338647,699.1746292318,1.53880192041397,0.208357023121704,1.53880192129777,116372.75,0.000150583026205382,2.25802939256084e-05,317.472053480484,1.79842686653137,261.406456457456,0.000222530182473658,0.000257872794519379,7,0.000200529245225265,0.00136213545576804,36782.75,2545.90257613464,1.84882467985153,8.74145449199477,0.00045630981665697,1.23907349241982,7408.13623046875,2642.11107334235,0,0.00151414123406421,12.4453958364633,150.952421635363,9.42360362638351,36809.5,0.0161064933328068,0.000428031346263085,5.31523274998482e-05,4.45304477644561e-05,75.2229303657664,12.4453958561115,116372.75,131.098849168264,4.16843493285657e-05,0.00265391215994024,429.989059547853,79.0710678118655,115071.213792067,0.000732854321887518,0.00100474175999916,0.127990940898763,460358.181818182,859.487422990247,4,183342.5,55774.7421875,1.27838570731027,8.02450403991788e-06,1.61473838677303e-05,7029460.75,29.6326131820679,30363.505859375,2.64730925559998,183424,0.000474851842971807,29.6326131293894,142.715972900391,460267.272727273,29631.5384615385,69.9230769230769,549.325682483211,3.83681654930115,1.49780514302363,174679
"H16-09934 - 2",1,2,"8/6/2016",17016122,0,"10/22/1957 0:00:00",0,0,58,"Portugal",77,162,29.3400396281055,"Diabetic nephropathy",1,1,18,0,1,2,1.4,58.2595697,1.2,70.0976438,1.41,57.76409589,1.3,63.283120348576,1.44,55.28189251,-4.000613919288,0,0,1.64,46.70928935,-4.143457749644,0,0,0,0,1.4,55.31129915,"2/26/2024 0:00:00",91,1,1,1,"8/17/2016 0:00:00",0,1,1,0,2,0,19,1,0," ",0,0," ",0,0,0," ",0,0,0,0,2,1,65,0,0,170,89,30.7958477508651,1,0,"Stroke (hemorrhagic)",1,0.7,102.254983,0,1.2,71,0,0,0,0,1,2,3,3,0,0,18.17581335,1,0,0,0,18.17581335,0.535186515,0,29,0,0,1.85648e-07,302483.0862,240531.627,239.1355388,153.1339991,0,0,0,0,0,7.86765e-06,61027.36493,97822.99774,82.59382869,32.99848208,30130.42473,115232.0795,61.73959643,33.98175785,3.32887e-07,0.537735256,0.056155484,0.480141872,0.026983491,0.583420444,0.016648437,0.116956023,-0.179249605,9.00842e-06,0.416579556,1229,52,0,0,0,103808.9474,0.246800553,6.06206866,21.37003963,0.275421712,6.06206866,21.37003963,0.275421712,0.637726305,51598.97619,0.637726305,51598.97619,0.983793661,212679,0.983793661,212679,0.619693606,17816.125,0.619693606,17816.125,0.661769902,96642.77778,0.661769902,96642.77778,282.48423966859,0,3.66858430166373e-06,0.000952174850165413,0.000208553887022377,0.00604550309247174,3.20611458486512e-05,3.90864157529508e-05,9.08708940233503,44.5028681104937,9.08708928029223,0.000169036947723651,382.166680618949,1.50369980778456,0.171692455158117,119,5.1065542924294e-06,0,1.89849607179741,3.64351287548321,1.93510359954766e-05,2.93462185738068,36.1479238297851,159.491869005388,0.00878468982311858,848.101874472113,0.466250667800556,1.04537809997046,2.28757596659434e-05,168464.1875,0.000208283344341334,0.000888879199079138,733.49832649506,1.53512706075396,0.192393647034933,1.53512705107907,67,0.00013127911396689,3.21938553143071e-05,4.15849277451649,1.68073512613773,482.980100011871,0.00011614610511398,0.000218091798246485,46.3082093729376,0.0559092419872189,0.000956223045127367,314883.25,199.116565568959,0,0,0.000247818197890988,1.17256164392615,32057.3687744141,2676.1591228562,0,0.000570974593484211,10.8523158391317,113.847047446276,6.92808056736414,168521.25,0.000514472418500707,0.000265182344219905,2.81982227289337e-05,4.93532077614567e-05,53.4824978781648,10.8523158726559,352.5,2.23606797749979,0.0385782442587178,0.00167214945235469,0,458.408317616253,305539.170833333,0.000436075008900401,0.000887876289586403,0,375.4,106.242346649016,8.22015380859375,0,29202.400390625,0,0.00489601096522509,0,2801179.359375,24.183070898056,0,3.84425905772618,0,0.0168067226890756,24.1830706405777,89.6561813354492,366.2,25664.5,37,0,0,0,0
"H17-01673 - 2",1,2,"2/5/2017",19634416,0,"1/16/1959 0:00:00",0,0,58,"Portugal",96,173,32.075912994086,"Undetermined",5,1,80,0,1,2,3.2,21.60433692,3,23.34400727,2.67,26.8477195,2.53,28.4626467277991,2.55,27.84643968,-0.30810352389955,1,1,3.01,22.53907469,-1.48089300944978,1,1,0,0,2.15,33.26154036,"5/22/2024 0:00:00",87,0,0,0,"3/10/2017 0:00:00",0,1,2,2,5,20,19,0,0," ",0,0," ",0,0,0," ",0,0,0,0,2,1,64,1,0,160,90,35.15625,0,0,"Head Thrauma",2,0.8,82.22692221,0,1.09,61,0,0,0,0,3,0,3,4,0,0,9.027472037,0,0,0,1,0,0.010478177,0,20,0,0,1.5363e-07,249885.1,108221.1902,231.2894989,77.95651146,0,0,0,0,0,1.92191e-05,30407.42626,29103.54348,66.55259755,21.28637762,20363.3929,19118.22275,55.34800038,16.10270805,4.68571e-07,0.4084906,0.038389845,0.584403714,0.041407944,0.311459368,0.012751401,0.065690624,-0.495758147,1.82155e-05,0.688540632,2502,61,300310.5,44892,0.214355825,70552.41667,0.246684289,5.362101656,23.32368708,0.222246712,5.362101656,23.32368708,0.222246712,0.412058933,245800.5833,0.412058933,245800.5833,0.738546412,2796205.5,0.738546412,2796205.5,0.373745655,9782.9,0.373745655,9782.9,0.603625321,1425889,0.603625321,1425889,225.19600481425,3.04952255812199,0.000445360641893037,0.00163680205940842,0.00476624400345321,0.000127651006320977,0.00435233578201412,0.00136490163114882,12.0853783289591,88.3961616161616,12.0853782910561,0.014971059114126,101.689995804126,1.42255084091749,0.248467871170974,259524.5,0,112.229742848736,1.38922145619985,2.88270512040847,0.00153194073959988,2.10660368348104,1.40681132638661,155.981513610016,5.06736719872456e-05,123.54208319326,2.69209917741177,9.0129477625314,0,10729.5,0.000397883015856014,0.00180314700742554,43.6777844823925,2.12448179721832,0.156667382285218,2.12448177274651,259445.583333333,0.00427852945312629,0,264.447523237706,1.39084386825562,141.026666700179,0.0003723701359151,0.000567844521334028,44.1527737438281,0.000328614551564571,0.00184490667606441,10729.5,2021.1929761206,2.36381522814433,0,0.00114945774236001,2.8284878607582,1682.92102050781,319.279220613579,0,0,4.63384103775024,93.9438105145238,4.15967494050767,10742,2.96171660044609e-06,0.000509789032484997,0.000129477180064757,0,46.8780158001828,4.63384112665685,259445.583333333,230.327034594286,7.74328795757454e-05,0.0030279206391161,0,7956.67099092258,0,0.000862314698290292,0.00148266742677538,0,285633.416666667,673.629737444992,22.5906982421875,0,594.857421875,0,9.91684933813394e-06,1.09707011533762e-05,3900.97241210938,2.53309893608093,0,4.67336591084798,0,0.000241938658355734,2.53309896890219,8.78759956359863,285544.541666667,8729.5,14.8571428571429,0,0,0,0
"H17-02019 - 1",1,3,"2/11/2017",8003577,0,"6/18/1958 0:00:00",1,0,58,"Portugal",60,150,26.6666666666667,"Obstructive uropathy (lithiasis)",4,1,68,0,2,2,1.5,40.14380679,1.5,40.14380679,1.24,50.44545487,1.6,36.9218180590117,1.27,48.11279387,5.59548790549415,0,0,1.83,30.65361645,-1.56705040225292,0,0,0,0,1.44,40.12795926,"5/27/2024 0:00:00",87,0,0,0,"2/22/2017 0:00:00",1,2,2,2,6,6,15,0,0," ",0,0," ",0,0,0," ",0,0,0,0,1,1,67,0,0,170,80,27.681660899654,1,0,"Stroke (ischemic)",1,1.5,50.71101886,0,1.47,88,1,0,0,1,2,2,5,3,0,0,28.46750202,1,1,1,1,28.46750202,0.411942566,18.75,44,9,0.169811321,1.65447e-07,349215.3523,208396.4073,257.7979564,122.8310372,3.38414e-08,89590.88889,26693.37047,130.8193227,32.75624324,7.10669e-06,54845.02143,55281.20703,87.34288827,31.5592292,30593.87421,42462.86819,64.49567111,24.3338981,2.63211e-07,0.292618295,0.057776584,0.389766823,0.02387408,0.398145707,0.003652548,0.148233714,-0.416503722,7.7863e-06,0.601854293,1890,70,413910.0405,216300.8649,0.554404434,230724.6765,0.53204585,9.59312079,33.30868587,0.245507129,9.59312079,33.30868587,0.245507129,0.367595445,68810.22222,0.367595445,68810.22222,0.694558028,266303,0.694558028,266303,0.306965104,13165.83333,0.306965104,13165.83333,0.488856128,180099,0.488856128,180099,227.287420887433,3.15894050980094,0.000337639910156749,0.0014142727290985,0.00433259571546403,0.000147973299880265,0.00303503673251067,0.00149565017132644,11.103630065918,119.095238095238,11.1036298226785,0.00807371395506054,728.757135364245,1.01933832901023,0.279659366377249,5654,0.000271851227593537,43.1430065026138,1.82391371971273,2.66141822914808,0.000898729067070212,5.45204923271089,5.21663838104151,124.750054975117,0.000247780656560606,220.722186087773,1.78427524935901,0.0170229205499739,0.00362556299973144,561242,0.000409514408713126,0.000329190264230814,60.451067262609,2.47971892356873,0.323449738111643,2.47971900196973,5620.5,0.00353958732929734,0.000694454322796268,277.597449621706,2.79796758565036,981.184316621539,2.67675074362857e-05,7.52527967699518e-05,70.2184730056406,0.000509674591200516,0.00141425110755033,561242,2274.67854792451,1.30436153411865,245.229850871761,4.6018135559767e-05,3.72866370006535,179335.478693182,553.196482503157,0.000608991403870267,0.000140676695233476,8.52526926994324,412.073395916908,7.08821081267942,561332.909090909,8.20195350415034e-05,0.000499148785483598,5.31875150494744e-06,8.92419581045114e-06,204.071066052981,8.52526932938172,5620.5,19.0862429466052,0.000113313600618407,0.00315934415303304,102.32939253965,1391.60068453214,626.600784301758,0.000989998347000271,0.00202489991901152,0.162368881338545,351831.153846154,780.062986505274,26.8860473632812,16662,1638.52801513672,1.45528633313986,2.77391029216669e-05,0.000584497352067725,4439.50103759766,3.92927449941635,2912.46850585938,5.81622791290283,16672,0.000284295315098562,3.92927446959455,10.7906987667084,351737.5,266303,171,223.355850583812,6.64579343795776,1.57771858388915,95193.25
"H17-03700 - 2",1,2,"3/17/2017",19757484,0,"11/2/1961 0:00:00",1,0,55,"Portugal",64,167,22.9481157445588,"ADPKD",4,1,45,0,2,2,1.1,59.34168382,1.2,53.458109,1.18,54.54722716,0.97,68.581029263742,1.28,48.55971186,-10.010658701871,0,1,1.27,48.41295418,-5.0420187709355,0,1,0,0,1.4,42.39209086,"5/22/2024 0:00:00",86,1,1,1,"3/24/2017 0:00:00",0,1,2,0,3,0,21,0,0," ",0,0," ",0,0,0," ",0,0,0,0,2,1,69,0,0,170,90,31.1418685121107,1,0,"Stroke (hemorrhagic)",1,0.7,99.74254616,0,1.28,77,0,0,0,0,1,2,3,3,0,0,22.56777209,1,1,0,0,22.56777209,0.164593578,0,34,0,0,3.36459e-07,206256.1618,99347.08616,215.1048972,65.58941555,0,0,0,0,0,1.34386e-05,35187.83984,47716.83413,73.26464999,24.67291573,10474.56259,7966.732255,45.60677028,13.66471124,2.96876e-07,0.339736806,0.069396766,0.472874352,0.021309569,0.256976862,0.003220641,0.146755191,-0.455617705,1.76965e-05,0.743023138,1358,30,212502.5606,122855.1212,0.584584779,134520.8214,0.593077515,9.490267753,35.81657141,0.163646701,9.490267753,35.81657141,0.163646701,0.360674319,68199,0.360674319,68199,0.695735393,286675.5,0.695735393,286675.5,0.243847891,16295.33333,0.243847891,16295.33333,0.711153605,223910,0.711153605,223910,114.659302557984,2.77012720248994,1.78428694089432e-05,0.00105009176993811,0.000989893221107441,0.00013714256938372,0.000154539683097841,0.000238829594224564,3.66384565830231,59.1142857142857,3.66384559729811,0.000654987939708453,601.585962569679,0.895146966216664,0.20255567521316,127,4.05229294932878e-05,15,1.2110595469378,2.45939705791727,7.56678961995224e-05,2.43601485332247,1.79885234170467,95.0240005200478,0,489.110914619346,1.44901044120663,0,6.78572953298322e-05,320753.25,0.000659542847014926,0.000399518266623669,370.681562897883,1.73941648006439,0.337585870401805,1.73941651677297,125,0.000257718582201241,0.000189172374542418,282.344687915695,2.91409850120544,682.33135669085,3.822922384425e-05,0.00010703527642019,82.3958333333333,0.000295097688487907,0.00207324427221966,167355.5,2165.13169221408,1.15999960899353,0,7.86879565703061e-05,1.32951468878681,108075.7890625,1458.22642046343,0,0.000245077218258183,8.45252312421799,426.499767994149,2.65293782187792,320853.5,0.000620211211750787,0.000416894114534247,9.11749002884297e-06,1.15285374531789e-05,213.502523736496,8.45252307115698,125,8.48528137423857,6.47404368218755e-05,0.00553719482554419,0,461.818325856979,500409.63984375,0.00178720133119003,0.010362991850415,0,320408.909090909,709.003404188075,23.8922119140625,0,5475.18530273438,0,1.93573074521556e-05,0.00913385518892544,40107.423828125,7.58411836624146,0,4.58300971984863,0,0,7.58411848746313,23.0906829833984,320314.727272727,223910,192,0,0,0,0
"H17-05601 - 2",1,2,"4/27/2017",11015447,0,"6/19/1953 0:00:00",0,0,63,"Portugal",86,180,26.5432098765432,"Undetermined",5,2,35,0,2,2,1.1,75.43009511,1.1,75.43009511,1.09,76.26127818,1.09,71,0,0,0,0,0,0,0,0,0,0,0,0,1.16,70.14615161,"11/24/2017 0:00:00",7,1,1,1,"5/8/2017 0:00:00",0,2,0,0,2,16,19,0,0," ",1,6," ",0,1,1,"12/15/2017 0:00:00",1,1,0,0,2,1,52,0,0,170,75,25.9515570934256,1,0,"Stroke (ischemic)",1,2.5,30.15775097,0,1.19,70,0,0,0,1,1,2,4,4,0,0,25.17714945,1,1,1,1,25.17714945,0.375859016,6.25,63,5,0.073529412,1.44596e-07,375569.6984,211860.6651,290.1315391,110.3573899,1.14759e-08,166616.2,221793.7487,149.8091618,114.165735,1.03467e-05,43165.2398,46544.39442,77.26040594,26.77334361,33924.79025,38426.75744,53.43017275,16.15538567,3.02964e-07,0.31621485,0.05430605,0.446616931,0.027293631,0.250307807,0.0255735,0.121594248,-0.287701439,9.81166e-06,0.749692193,4508,132,398485.5593,211306.0847,0.49771999,222902.3393,0.520361797,6.92186362,24.73234753,0.237589168,6.92186362,24.73234753,0.237589168,0.28221586,31586.175,0.28221586,31586.175,0.526422804,282133.5,0.526422804,282133.5,0.255125764,15187.77778,0.255125764,15187.77778,0.526026728,179171.75,0.526026728,179171.75,118.218587132605,2.74378381115294,6.14427494822601e-06,0.00182847657609428,0.000345393415527069,0.00553284316766457,5.31765079530675e-05,7.53504395541585e-05,6.33907699584961,77.734289848083,6.33907699559989,0.000245605096307607,85.2756708396499,1.26940005732721,0.223800297372274,136910,1.30452907926361e-05,251.851423731298,1.14328402332303,6.26016058993585,2.83707820042037e-05,2.62669504721616,1.47484641995251,103.734090506236,0.000148983400036294,830.043888023984,3.46844790776182,11.0260516591687,2.18414563521275e-05,10693,0.000623893731480262,0.00702850659279709,694.210249494028,1.95504820346832,0.284235923540371,1.95504821596286,136846.769230769,9.7349131482545e-05,7.02288588636294e-05,10.1980390271856,2.48535931110382,431.766870643712,0.000776867835679248,0.00257278560322268,65.8298640290631,0.0153061224489796,0.00195110081359358,10693,338.923881554251,2.82090715261606,302.52323032943,0.00216158874684431,1.21261868799096,2941.95532226562,2559.99112553181,0.000420159477009697,0.00287169929352211,8.5322096652173,149.272770463083,2.74785743941364,10714,0.000569229807142665,0.000639458438753986,0.00024732313205351,0.000389145024155669,75.6220011700495,8.53220970250272,136846.769230769,173.756102943813,0.00688670606029277,0.00612728412672547,52.1110435940777,413.446235953754,1299352.35704787,0.00185097699733475,0.00326389098725854,0.185291573092921,1769,143.040837520762,19.7573652267456,3944,61446.60546875,1.62107852763417,0.000626795907826529,2.65398290026521e-05,4039933.5,39.0599670410156,619.44189453125,3.8224846124649,3990,0.000500574985012876,39.059968674163,122.559692382812,1763,26500.3888888889,40.6666666666667,317.283534110161,4.36779356002808,1.45068359375,398515
"H17-07256 - 1",1,2,"6/2/2017",19464534,0,"8/1/1964 0:00:00",1,0,52,"Portugal",72,150,32,"Undetermined",5,2,13,0,2,2,1.8,33.48166942,2,29.5051696,1.65,37.16664651,1.71,35.3865130757431,0,0,0,0,0,0,0,0,0,0,0,0,1.71,35.18899498,"6/25/2018 0:00:00",13,0,0,0,"6/12/2017 0:00:00",0,2,1,1,4,3,22,0,0," ",1,6," ",0,1,1,"8/9/2018 0:00:00",4,1,0,0,1,1,63,1,0,160,100,39.0625,1,0,"Stroke (hemorrhagic)",1,0.8,82.73990965,0,1.26,75,0,0,0,1,2,2,5,3,0,0,43.58120282,1,1,1,1,43.58120282,0.096386421,12.1212121212121,58,8,0.121212121,2.34016e-07,297569.6121,171446.0628,250.4420275,90.392141,3.2278e-08,132634.875,28087.64488,162.7364892,25.76257134,9.22344e-06,53350.29221,72442.76514,83.65269677,31.80509442,0,0,0,0,3.42954e-07,0.237741746,0.069635951,0.492073486,0.02039319,0,0,0.141515348,-0.465881638,9.48974e-06,0,2286,85,313267.1545,170655.4182,0.549147543,183282.14,0.543545324,8.174428695,34.5749384,0.164625463,8.174428695,34.5749384,0.164625463,0.30504739,81974.91176,0.30504739,81974.91176,0.584643599,897706,0.584643599,897706,0.245978962,12030.80769,0.245978962,12030.80769,0.49701978,309293.25,0.49701978,309293.25,137.0327150513,2.55507499862803,4.11581386018362e-05,0.00143043373133992,0.00136622704028112,0.000212378109815244,0.000359162097751338,0.000386079462410575,5.12636089324951,72.4002923976608,5.12636096966306,0.0013806074982752,606.24828088196,1.18637320546256,0.252281835522641,917,7.91676434965244e-05,38,1.41896103943677,2.66905164048866,0.000158389660652556,2.51082485003499,9.92853892957589,97.3262503990221,0.00313396438257515,425.289365652481,2.01221932944661,2.51657334122819,0.000137220174215575,387874.783333333,0.000662277428089292,0.000339300349136768,308.071842666687,2.13829425970713,0.28263993829106,2.13829423604512,913,0.000386608387925966,0.000361072070149856,310.568600656507,2.45952875614166,813.179496233845,2.99807092678354e-05,7.53069191477402e-05,82.199991059147,0.000374539722547932,0.00229245512653851,387874.783333333,2401.947481384,1.39805519580841,281.15878324744,5.80887358658325e-05,1.98670536551947,109823.998828125,1251.51988064566,0.000439703601860753,0.000128813896367324,8.20297401481205,258.166216102648,3.00598713726006,387965.3,0.000550351108253492,0.000512754148280441,6.67939520450475e-06,1.44526409031748e-05,127.315884451957,8.20297398053911,913,19.723082923316,7.81919812912083e-05,0.00583018866718163,328.578946945686,440.226592196447,343512.095594618,0.00185091410849909,0.00423704446744146,0.172240055494829,411919.111111111,786.735599712743,19.9840537479946,151484.75,224735.03125,1.52488318134228,1.22693065018161e-05,0.0015245967238914,8197046,32.9406318664551,26134.31640625,4.89548436800639,151536.5,0.0109051254089422,32.9406332506842,115.23876953125,411834.611111111,113155.666666667,157.666666666667,588.948044900514,7.22449588775635,1.51114379115357,115194.333333333
"H17-14151 - 1",1,2,"11/8/2017",19705057,0,"8/10/1957 0:00:00",0,0,60,"Portugal",72,175,23.5102040816327,"ADPKD",4,2,27,0,2,2,3.8,17.3611538,3.5,19.16184166,2.95,23.52515433,2.69,26.1165109515339,0,0,0,1,1,0,0,0,1,1,0,0,6.81,8.555534299,"10/30/2018 0:00:00",12,0,0,0,"11/30/2017 0:00:00",2,1,2,1,4,0,28,0,0," ",1,6," ",0,1,1,"11/1/2018 0:00:00",4,1,0,0,1,1,81,0,0,170,60,20.7612456747405,1,0,"Stroke (ischemic)",1,0.3,119.56315,0,1.62,94,1,0,0,1,1,2,4,2,0,0,14.15367739,0,0,0,0,14.15367739,0.561592119,5.88235294117647,31,2,0.060606061,1.80309e-07,417365.3226,209861.1204,306.9791314,68.74243655,1.16328e-08,145277.25,14463.25,185.5263782,16.03006553,1.22843e-05,37235.91832,32480.47724,74.62048158,24.2535361,17539.35421,14330.24687,52.65340564,12.35398039,2.44289e-07,0.316797333,0.075254674,0.457416059,0.019231481,0.383482584,0.007281031,0.164521278,-0.202766233,1.35997e-05,0.616517416,2112,42,417365.3226,218397.3548,0.531390763,223165.1,0.522932933,8.12156356,25.80223551,0.273780671,8.12156356,25.80223551,0.273780671,0.283991403,54681.5,0.283991403,54681.5,0.574236765,390398,0.574236765,390398,0.232276515,14459.1875,0.232276515,14459.1875,0.42189777,161941,0.42189777,161941,151.249449806291,3.95609923767811,1.49264399813691e-05,0.00085713352055079,0.000809103687138353,9.77544051972902e-05,0.000128404953588894,0.000215304285183061,3.8872321844101,133.5,3.88723212533509,0.000604021544578479,933.419917607734,1.03843291958568,0.281635530255199,298791,3.01366532745122e-05,523.6,1.47072047005579,2.71238664399223,7.01989831966033e-05,2.62272358001992,1.2813870089706,102.900360562612,0.00013246780776938,557.415363871057,2.04419820972194,32.5321077274751,5.29534356072e-05,1040824.5,0.000635065635986977,0.000160294723968963,420.300774502866,2.48815131187439,0.298265567905525,2.48815126289132,298730.5,0.000235889429777108,0.000141947173250956,341.008337036679,2.5432505607605,1565.83887460817,1.20971994655803e-05,3.40112165391675e-05,76.060891313047,0.000219017037204432,0.00196696754167486,1040824.5,2559.8173234282,3.53230547904968,349.370720046283,2.08450865522292e-05,1.32311106706205,310546.625,1648.54335662629,0.000423543362232739,5.31010669863354e-05,10.2279108166695,415.707474912417,3.70639832376516,1041010.5,0.00040786547928888,0.000315140932650536,2.44367605363561e-06,4.58437263791068e-06,214.953483340001,10.2279109514509,298730.5,276.797760106544,4.73636576448541e-05,0.00586085909374262,410.242467869312,585.551772485125,475088.29296875,0.00180293099634861,0.00438746801098161,0.156259999340939,454387,836.027780757856,18.1018834795271,159740.5,13.8000001907349,1.41842502557744,1.14547638113114e-05,1.18219942335937e-05,0,0,27664.5625,6.30851316452026,159813,0.000396642414241895,0,0,454288.025,390398,495,499.479225535407,0,1.48486729107402,0
"H17-15066 - 2",1,2,"11/28/2017",99017373,0,"12/28/1959 0:00:00",1,0,57,"Portugal",71,159,28.084332107116,"CAKUT",4,1,11,0,1,2,1.4,43.8808902,1.2,52.79728338,1.23,51.25579081,1.3,47.6646097790312,1.2,51.82132991,2.0783600654844,0,0,1.07,58.73047334,2.7664658902422,0,0,0,0,1.07,57.98643851,"1/16/2024 0:00:00",74,0,0,0,"12/5/2017 0:00:00",0,1,0,0,1,0,23,0,0," ",0,0," ",0,0,0," ",0,0,0,0,2,1,75,0,0,170,75,25.9515570934256,1,0,"Stroke (hemorrhagic - aneurysm rupture)",1,0.6,100.6682074,0,1.42,86,1,0,0,0,2,2,4,3,0,0,32.92765069,1,1,1,1,32.92765069,0.082230309,0,17,0,0,1.63323e-07,298236.1765,100676.5356,265.7503287,71.00040089,0,0,0,0,0,1.12501e-05,44429.68702,39047.61119,77.83416532,23.59409477,26333.66924,18085.19957,64.36466511,15.25854153,3.26646e-07,0.456086404,0.048708885,0.499837791,0.014223096,0.339239416,0.006877556,0.097449383,-0.339169595,1.19523e-05,0.660760584,1171,34,316722.75,104625.5,0.335121911,104625.5,0.335121911,6.768943268,23.42513094,0.283810248,6.768943268,23.42513094,0.283810248,0.462675183,56161.09091,0.462675183,56161.09091,0.592138114,190693.5,0.592138114,190693.5,0.371714967,16565.78571,0.371714967,16565.78571,0.621855561,125452.875,0.621855561,125452.875,167.899314029886,2.90325642413992,0.000733272796039217,0.00127507020028936,0.00576017998360299,0.000152022284828661,0.00649658595915321,0.00201108090512387,6.62558194001516,39.6536611468835,6.62558181606371,0.0179856115107914,501.11010953199,1.57537215456078,0.156167914697574,266605.6,0.000647534987232427,80.9776199410959,1.32327844799354,3.01731601131645,0.00203004466098254,1.93195866326577,1.18535471764687,126.854598492427,2.88935403082887e-05,121.651296345501,1.08165738604371,2.81440442879964,0.00148360806842183,219716.75,0.000342185758568728,0.00063508430474092,28.4475634245358,1.37687430779139,0.23642896243881,1.37687432044262,266513.9,0.00259593982208661,0.00203004466098254,301.045421850765,2.054358959198,560.37793829405,4.04169767081967e-05,0.000148718621051793,36.3,0.000222053028943798,0.00142779847246536,219716.75,2329.93283084098,1.68770213127136,0,8.26000888840869e-05,4.27633448004119,51432.474609375,291.534054609518,0,0.000355547615482751,2.2322998046875,241.985803829357,1.00603036264845,219787.5,0.000404914906899571,0.00039759499685507,9.50861102675926e-06,1.05577166101521e-05,117.441499837407,2.2322998046875,266513.9,261.569891034307,4.13821738390923e-05,0.00286483104509548,0,434.676190233249,1714.49462890625,0.000821087911444748,0.00219476037610844,0,366263.222222222,766.690719629248,16,0,28766.1337890625,0,6.98842481110915e-06,6.74875091441841e-06,2641423.8125,38.3214683532715,0,3.42298229535421,0,0.000150287240070122,38.321467953043,112.752723693848,366173.444444444,82315.5,165,0,0,0,0
"H17-16126 - 1",1,2,"12/20/2017",19651038,0,"5/9/1961 0:00:00",0,0,56,"Portugal",81,164,30.116002379536,"Diabetic nephropathy",1,1,103,0,1,2,1.3,64.47493424,1.1,78.78648196,1.03,85.25468635,1.26,66.5238336539292,1.44,55.9738162,-5.2750087269646,0,1,1.9,39.63816777,-6.7214164709823,0,1,0,0,1.9,39.16278937,"4/17/2024 0:00:00",76,1,1,1,"1/8/2018 0:00:00",0,1,1,1,3,4,19,1,0," ",0,0," ",0,0,0," ",0,0,0,0,1,1,54,0,0,170,81,28.0276816608997,1,0,"Stroke (ischemic)",1,0.6,114.7132264,0,0.99,49,0,0,0,1,2,2,5,4,0,0,33.4538,1,1,1,1,33.4538,0.195292697,16.6666666666667,30,5,0.142857143,1.3371e-07,229229.9,146629.4442,215.8617307,98.38350081,2.22851e-08,135106.5,85368.21406,150.8226957,21.18288141,1.17398e-05,36610.77126,38624.7633,70.28688765,23.97031765,30098.71101,26910.80182,65.50755019,22.64888246,2.62964e-07,0.353828151,0.030650418,0.429802096,0.021207722,0.372605661,0.031165053,0.071312863,-0.065321761,1.1914e-05,0.627394339,2634,59,254034.1481,130829.1481,0.493436368,137986.44,0.485039188,7.883728768,34.13471882,0.162842474,7.883728768,34.13471882,0.162842474,0.47812586,87251.65789,0.47812586,87251.65789,0.675685469,1221420.5,0.675685469,1221420.5,0.448830737,12895,0.448830737,12895,0.58798257,366089.125,0.58798257,366089.125,168.063924528056,2.64652575261213,0.00582170486450195,0.00194569329362215,0,0.000351764034227444,0.066435926100787,0,8.97776641164507,41.4250251469009,8.97776651375014,0.117647058823529,29.2362909017965,1.24535673229173,0.157844378472539,360531.454545455,0.0111012544828592,76.1128861848375,1.47191988546131,2.64607239937723,0.0103092783505155,1.68936135727163,1.21419198524898,112.967015960634,1.78214574764357e-05,24.5261470151704,2.16652892798316,1.63815863450249,0.0121674766648287,1134,0.000475451774206646,0.0145301193487449,11.5048704439719,1.41256384338651,0.198022787242893,1.41256382353507,360445.954545455,0,0.0278030867429124,184.768194996777,1.75150382518768,52.9981235287936,0.00315240430372206,0.00534814009900953,77.2623694066627,0.000764941821574971,0.00175504320773285,1134,1597.74202644196,1.73079678145322,336.367095384785,0.0135775490324627,2.13180558048101,225.944000244141,65.5979797464467,0.000234608450843356,0.0610249837239583,0,20.0200309055426,0,1141,0.000216425300855144,0.000705268032987284,0.00153506032005932,0.00113440604715573,10.770329614269,0,360445.954545455,301.321768013478,0.000183644688618234,0.00349516593298117,316.879221015844,973.909426999619,381.194885253906,0.00115661206777687,0.00287435949090794,0.17719892796058,171278.764705882,534.546691189508,20.9198811848958,100777,247600.671875,1.57684249864106,4.27219093815435e-05,5.46109778814568e-06,56161828,97.2349319458008,16608.3549804688,3.482399054936,100803.5,9.24094209832015e-05,97.2349334907694,248.658935546875,171216,1360,3,402.058824429948,10.9861011505127,1.49569904798029,296668
"H17-16126 - 2",1,2,"12/20/2017",19661009,0,"1/26/1983 0:00:00",1,0,34,"Portugal",69,164,25.6543723973825,"CAKUT",4,1,37,0,1,2,1,75.81449506,1.1,67.62091213,1.37,51.96220432,1.64,41.6139193911487,1.89,34.66530767,-3.47430586057435,0,0,3.05,19.27912866,-5.58369768278717,1,1,0,0,6.52,7.679654346,"6/26/2023 0:00:00",66,0,0,0,"12/28/2017 0:00:00",0,2,0,0,2,6,22,0,1,"6/26/2023",1,1,"6/26/2023 0:00:00",1,0,0," ",0,0,0,0,2,1,54,0,0,170,81,28.0276816608997,1,0,"Stroke (ischemic)",1,0.6,114.7132264,0,0.99,49,0,0,0,1,2,2,5,5,0,0,51.93620719,1,1,1,1,0,2.282531716,6.25,30,3,0.090909091,1.67286e-07,300601.9333,124711.406,271.1860039,67.02649681,1.67286e-08,114688.8333,81047.23181,128.6946954,88.17600977,1.00037e-05,36924.18395,32988.61264,73.54701838,23.83706468,0,0,0,0,2.67658e-07,0.224103831,0.050286557,0.369379016,0.0100603,0,0,0.136138098,0.011850187,1.01877e-05,0,1794,48,300601.9333,178554.7,0.578915848,184115.3448,0.580314787,7.697961628,36.86307427,0.150014985,7.697961628,36.86307427,0.150014985,0.325151668,26229.66667,0.325151668,26229.66667,0.517237312,61785,0.517237312,61785,0.292076835,19772.92857,0.292076835,19772.92857,0.440913585,48828.25,0.440913585,48828.25,227.780921553924,2.35045426759356,4.89844627899508e-06,0.000703967183919989,0.000409960732491408,0.00178284378562708,4.28670679300557e-05,8.10999833992522e-05,7.1102445602417,41.7753146881942,7.1102446100266,0.000224916222785322,442.12060150533,1.23994356622796,0.167880642331663,182319,1.28470433418184e-05,135.81935483871,1.48462182913997,1.99856890282787,2.56937619777714e-05,2.65792964479496,1.67763315388645,155.245629232397,0.000116698405925449,744.671531194514,2.09321494760286,13.9328566962302,1.99502844008672e-05,194151.388888889,0.000233087122221397,0.000566736831581511,630.545348903501,1.49139783382416,0.211819255523828,1.49139786140514,182274.5,9.67947660555074e-05,7.24186451575528e-05,105.801701309572,1.84579310152266,552.369615613647,4.95668431645407e-05,0.00012895142343621,47.1492537313433,0.00241683156314594,0.000936099580534507,194151.388888889,959.813275223096,2.56882858276367,2.92254956329772,8.94371331896915e-05,1.19182205280516,41123.6966145833,2300.32428663677,0.0232558139534884,0.000210813082223967,6.52977853072317,77.3113232580601,1.70110179165154,194225.111111111,0.000239579698007273,0.000262149180149913,1.02654049468695e-05,2.06121416565493e-05,38.6207464251736,6.52977856094535,182274.5,190.118384171547,0.000536496915964141,0.00198841505816145,393.607226712142,621.185858225127,1015015.60855263,0.000509928578116683,0.0025454054253874,0.104166666666667,31954,399.9801347031,17.7906970977783,173943,10140.9765625,1,0.000131144887433897,1.40897469970967e-05,211374.84375,14.2859449386597,32181.84765625,4.76636590957642,173963,0.000449591069173399,14.2859451034063,44.1968994140625,32128,5353,14,563.997987277897,7.16512107849121,1.61336780750238,158424
"H18-01953 - 1",1,2,"2/2/2018",8004474,0,"9/10/1950 0:00:00",1,0,67,"Portugal",48,158,19.2276878705336,"Chronic glomerulonephritis (unspecified)",2,1,71,0,1,2,1.2,49.61368684,1.51,37.65708161,1.38,41.95310342,1.36,42.4298306826558,1.29,44.64864888,1.1094090986721,0,0,1.51,36.504098,-1.48143317066395,0,0,0,0,1.47,37.39106426,"1/4/2024 0:00:00",71,0,0,0,"2/9/2018 0:00:00",0,2,2,1,5,0,26,1,0," ",0,0," ",0,0,0," ",0,0,0,0,1,1,78,1,0,160,50,19.53125,1,0,"Stroke (hemorrhagic)",1,0.9,65.43602377,0,1.99,99,1,0,0,1,3,0,4,3,0,0,73.1096,1,1,1,1,73.1096,0.048945085,11.1111111111111,15,2,0.117647059,2.20943e-07,250863.1,105317.0702,231.0628773,76.99359337,2.9459e-08,117874.25,174.75,173.7612648,3.467401097,1.34039e-05,40104.51813,70929.3277,70.40180422,30.63916595,13363.16886,14477.38217,46.77413226,14.03404609,2.20943e-07,0.438890152,0.055426398,0.537555498,0.022021259,0.325066941,0.002447771,0.103108234,-0.58340636,2.09005e-05,0.674933059,910,15,268709.1786,161617.1429,0.593400984,161617.1429,0.593400984,9.380934829,37.40944703,0.129033429,9.380934829,37.40944703,0.129033429,0.367881137,68883.75,0.367881137,68883.75,0.292791029,382769.5,0.292791029,382769.5,0.382899158,6106.6,0.382899158,6106.6,0.292791029,382769.5,0.292791029,382769.5,107.915137584786,2.44565528334447,7.92262289316891e-06,0.00255884921141406,0.000553612703501553,0.00409354940492507,6.98530858043217e-05,0.000112114612301164,6.65778231620789,35.4039855072464,6.65778235029216,0.000355834576413701,520.236735926726,1.15989982802957,0.159288976280966,341096,1.85488515796337e-05,66.7109495690017,1.24700313331495,3.0523547319178,4.03405026253548e-05,2.60193024340058,1.54823129779551,86.8269517728048,1.30628573668985e-05,611.156300685905,4.86910963483784,0.569389515473381,2.99918339972146e-05,283243.833333333,0.000647490688723145,0.000465310948012577,482.284982129862,1.39922040700912,0.238635784788111,1.39922041029925,340967.833333333,0.000136045142874761,0.000105679866164781,6.40312423743285,2.05434620380402,689.618394477102,4.04786815155349e-05,0.000116726581116397,34.6321070234114,0.0266665504092262,0.0022213033758845,283243.833333333,284.048773235279,2.18267401059469,336.733395962656,6.69536577710453e-05,1.30682279257605,67674.5143229167,1825.81314831953,0.000353185670853565,0.000225033629764535,5.67410963773727,611.202120429728,1.51011337201388,283322.666666667,0.000673335598366648,0.000912235456469422,7.77659381200085e-06,1.11694443396219e-05,308.598444584544,5.67410968753956,340967.833333333,263.914177076457,0.0121162153425671,0.00551521873374567,373.781303826968,340.170093578839,613392.376953125,0.00168500549847998,0.0028958230602064,0.224695146629512,1026,133.776293546355,12.6953277587891,118049,32.5999755859375,1.94815208862565,0.00186829968967401,6.29328409799507e-06,0,0,18504.025390625,2.6687867641449,118101,6.18398632260875e-05,0,0,1018,382769.5,1028,406.964680184919,0,1.39148935107723,0
"H18-05054 - 1",1,2,"3/28/2018",19058063,0,"10/9/1947 0:00:00",0,0,70,"Portugal",83,175,27.1020408163265,"ADPKD",4,1,81,0,1,2,2.2,31.43414176,2,35.24299673,1.96,36.10784244,1.69,42.869041295702,1.53,47.70633842,2.418648562149,0,0,2.11,32.03795891,-2.7077705964255,0,0,0,0,2,33.88250035,"2/8/2024 0:00:00",70,0,0,0,"4/13/2018 0:00:00",0,1,2,2,5,6,20,0,0," ",0,0," ",0,0,0," ",0,0,0,0,1,1,72,0,0,170,80,27.681660899654,0,0,"Head Thrauma",2,0.7,97.89881334,0,1.1,63,0,0,0,0,1,0,1,3,0,0,19.73650748,1,0,0,0,19.73650748,0.012332456,0,21,0,0,2.06329e-07,405499.2857,222243.5112,299.8541968,123.8779495,0,0,0,0,0,1.35686e-05,69100.08943,78533.37304,92.97396526,36.91365645,40018.43951,40174.66574,73.12351245,23.0431407,3.73356e-07,0.652170887,0.083666063,0.937588412,0.015073103,0.393166843,0.012028055,0.089235385,-0.668565326,1.19026e-05,0.606833157,1381,38,456378.9444,87074.5,0.236008237,103297.3846,0.227414763,6.545166562,22.62731977,0.365091773,6.545166562,22.62731977,0.365091773,0.472589463,51428.78571,0.472589463,51428.78571,0.551001853,219905,0.551001853,219905,0.427406179,10208.5,0.427406179,10208.5,0.585547674,154479.5,0.585547674,154479.5,103.056572183858,3.7858969300334,4.02865768700272e-06,0.00236657450730496,0.000183466322303046,0.000239315928166448,3.51109955538311e-05,3.63236145345752e-05,4.51955509185791,53.6657754010695,4.51955515562968,0.000199631747747822,98.9040994168643,0.93211779950732,0.161306672874483,476,4.98111961161131e-06,11.2,1.3429980388144,2.85433089405718,2.28871445946347e-05,2.90615656226963,16.2098678832146,77.8353438189371,0.00457246350117888,887.494261365074,0.950556953479809,1.22853968238696,1.83467814383913e-05,55553.5,0.000780656110528513,0.0107758620689655,777.669624053765,1.44379901885986,0.249567302026868,1.4437989815571,463.5,0.000105764243434004,3.26650314194468e-05,300.340788337578,2.17470502853394,786.28533737684,0.000192003120969128,0.00302249090424899,52.7696335078534,0.000324723742712028,0.00241881704696889,777,2225.65596645818,1.05194807052612,0,0.000343555296766815,1.1410646406391,13765.8828125,2830.83450234555,0,0.000938854964923586,11.1548649181019,416.90531205381,6.87829839338885,55159,0.000101342959839969,0.000741645375477674,3.94261141161721e-05,0.000152913694914751,200.262327960103,11.1548650848607,78.75,3.61803398874989,6.04713776961199e-05,0.00660569198557854,0,1461.8174593052,338861.232954545,0.00213791954838544,0.0024431082892858,0,346518.142857143,693.164832646855,24.3782958984375,0,2859.51428222656,0,6.77203572048387e-06,0.00376703861761613,59606.6015625,7.1629753112793,0,2.77661840120951,0,0.00891937983326448,7.16297543475748,30.4922466278076,346447.214285714,219905,424,0,0,0,0
"H18-09647 - 2",1,2,"6/19/2018",19546514,0,"8/5/1956 0:00:00",0,0,61,"Portugal",62,155,25.8064516129032,"Undetermined",5,2,55,0,5,2,1.4,57.18264631,1.18,70.2036163,1.08,78.07453137,1.09,76.7370478721273,1.04,80.18162669,1.72228940893635,0,0,1.02,81.05739616,1.08008707196817,0,0,0,0,1,82.10301041,"5/8/2024 0:00:00",71,1,1,1,"7/6/2018 0:00:00",0,2,1,1,4,4,23,0,0," ",0,0," ",0,0,0," ",0,0,0,0,2,1,75,1,0,160,80,31.25,1,0,"Stroke (hemorrhagic)",1,0.5,97.74850958,0,1.43,86,1,0,0,0,0,0,0,2,0,0,10.27922101,0,0,0,0,10.27922101,0.02731676,0,24,0,0,1.98755e-07,403370.9792,174449.9204,311.9041219,73.45396778,0,0,0,0,0,1.17845e-05,45972.69642,54611.93951,77.2690013,31.5142724,18638.49712,16874.55372,55.81233161,14.79820697,2.56725e-07,0.506777934,0.080171943,0.541765564,0.064616506,0.349936805,0.004192827,0.147982723,-0.30541516,1.54983e-05,0.650063195,1423,31,403370.9792,136650.4583,0.334044023,136650.4583,0.334044023,6.180331662,21.147141,0.331710068,6.180331662,21.147141,0.331710068,0.459488721,158907.6364,0.459488721,158907.6364,0.996560609,1235935.5,0.996560609,1235935.5,0.41149303,17885.5625,0.41149303,17885.5625,0.587477229,534966.5,0.587477229,534966.5,215.087638919019,3.01817283644346,9.82238018583705e-06,0.00095483942536195,0.000463053663825008,0.00013847742198178,8.63606665575612e-05,0.000103826451365863,7.59448003768921,36.712066679477,7.59447996097435,0.000450147901034894,381.59815911125,1.22034086657451,0.153887777290983,387642.555555556,1.45799997104035e-05,80.097292543703,1.55602941793966,3.13775663164673,5.11949473551433e-05,2.98305062229489,1.27119896945346,143.217140460588,2.35773105106248e-05,534.915738653407,0.607155236429644,3.84625663691435,4.43756817887553e-05,131913.75,0.000265270993308372,0.000507884897105601,472.816100540743,1.38045893112818,0.260491541789305,1.38045892056236,387548.555555556,0.000261418808529607,7.26495610576844e-05,383.948015221181,2.25813889503479,439.798167158157,9.7107212530324e-05,0.000135987127142147,54.366568914956,0.00013301464105988,0.00110200725860194,131913.75,2875.4572091988,1.55515193939209,0,0.000148967717591182,1.14181436523152,34856.126953125,1680.13369312113,0,0.000748550796737173,11.521648645401,1231.77706940692,6.62691954768347,131963.5,2.45726262482291e-05,0.000317925706320274,1.7150324872885e-05,1.52358430916103e-05,183.806963959476,11.5216486365102,387548.555555556,303.808970316551,2.58600143063674e-05,0.00194714246008147,0,2659.93643380057,160020.9296875,0.000567544794882439,0.00159935556872497,0,569733.111111111,921.859344071021,15.1968994140625,0,2441.52223714193,0,4.27608890395427e-06,4.26736774222467e-06,65135.5061848958,7.61964623133342,0,3.93591968218485,0,0.000130773307694637,7.61964628674915,25.8511638641357,569627.388888889,1235935.5,2047,0,0,0,0
"H18-11055 - 1",1,1,"7/16/2018",9351987,0,"3/16/1954 0:00:00",1,0,64,"Portugal",74,167,26.5337588296461,"ADPKD",4,2,49,0,1,2,1.4,42.01151821,1.26,47.67353597,1.3,45.91874357,1.32,44.8055996553748,0.92,68.24543456,11.7199174523126,0,0,1.3,44.51280458,-0.0731987688436995,0,0,0,0,1.15,51.30240637,"1/12/2024 0:00:00",66,0,0,0,"7/24/2018 0:00:00",0,0,1,1,2,12,20,0,0," ",0,0," ",0,0,0," ",0,0,0,0,1,1,82,0,0,170,90,31.1418685121107,1,0,"Stroke (hemorrhagic)",1,0.6,96.3796361,0,1.54,91,1,0,0,0,3,2,5,4,0,0,71.1736,1,1,1,1,71.1736,3.314607568,0,27,1,0.035714286,1.78868e-07,281360.3148,149874.4312,241.2682693,100.7137124,6.62473e-09,97015.5,0,99.45853407,0,1.39252e-05,33713.59848,35192.98356,69.01924396,23.13777881,20616.51835,30065.05152,53.98340372,16.31932867,2.98113e-07,0.44511689,0.05032627,0.469467964,0.042594178,0.317815008,0.007021852,0.107198519,-0.191921917,1.46794e-05,0.682184992,2102,45,303863.34,125118.56,0.414134507,128434.7391,0.428666656,7.115961645,28.33151503,0.192101937,7.115961645,28.33151503,0.192101937,0.385820862,123227.25,0.385820862,123227.25,0.201025475,2030155.5,0.201025475,2030155.5,0.384518024,13380.10714,0.384518024,13380.10714,0.388860819,379537.25,0.388860819,379537.25,170.310058215679,0,0.0140845070422535,0.00145792959176689,0,0.000293152260665573,0.166666666666667,0,4.88661254369296,41.618092476735,4.88661252298831,0.166666666666667,529.821116798023,1.31175149976852,0.154273259576345,82,0.0155579640831746,0,1.38472961702716,2.91642106253047,0.0140845070422535,2.44948974278318,15.7831853337289,120.722739193967,0.0121951219512195,33.7607225013312,0.962876263786765,0.0487804878048781,0.0169940838446984,280715.95,0.000447400868914515,0.000385304684361889,2.74039916484282,1.38561802643996,0.157684317003696,1.38561801428135,72.5,0,0.028169014084507,261.98446758982,1.40456938743591,668.72207685219,2.70716056342462e-05,8.32718815326805e-05,54.1527352437407,0.000561202035929689,0.00155362181945234,250486.4,2164.17867590305,0,212.738864293678,5.27373002301392e-05,12.3196368377479,44684.3073242188,54.6568542494924,0.000377900271854717,0.000139518839257904,0,14.8684010632669,0,280806.4,0.000243424476052064,0.000443091052745136,5.91033025877001e-06,1.60128695118673e-05,14.560219778561,0,72.5,2,0.000134895180204476,0.00335424685002531,0,759.036233305749,71.8000030517578,0.00110153849935929,0.00196480425592312,0.143253184292445,319379.533333333,708.803324493218,17.3088382720947,0,303984.78125,1.31925050333879,1.55648203300637e-05,0,2376400.25,5.93858051300049,0,3.33473821786734,0,0.0121951219512195,5.93858065338375,37.36279296875,319294.933333333,558,3,0,0,0,0
"H18-11055 - 2",1,1,"7/16/2018",1005330,0,"6/3/1960 0:00:00",1,0,58,"Portugal",73,162,27.8158817253467,"ADPKD",4,1,61,0,1,2,1.4,43.60882868,0.99,66.09457756,1.22,51.43944425,1.57,37.7700425578374,1.83,31.03728572,-3.3663784189187,0,0,1.98,27.88847703,-2.47039138195935,1,1,0,0,1.6,35.85372822,"2/20/2024 0:00:00",67,0,0,0,"8/13/2017 0:00:00",0,0,1,1,2,0,22,1,0," ",0,0," ",0,0,0," ",0,0,0,0,2,1,82,0,0,170,90,31.1418685121107,1,0,"Stroke (hemorrhagic)",1,0.6,96.3796361,0,1.54,91,1,0,0,1,2,2,5,4,0,0,50.4542,1,1,1,1,50.4542,0.684284159,11.7647058823529,32,6,0.157894737,1.1783e-07,398051.1719,199195.3398,299.82492,108.2017149,2.20931e-08,81884.33333,71604.55069,121.150539,77.66518036,1.1864e-05,47154.29252,45687.76734,83.88491051,28.17109761,0,0,0,0,3.16668e-07,0.467740033,0.046902386,0.559439109,0.025931655,0,0,0.083838233,-0.111206589,1.20039e-05,0,3222,86,437215.5172,103693.1034,0.238410433,106625.1786,0.236033422,6.097109489,27.56760417,0.190815666,6.097109489,27.56760417,0.190815666,0.455263507,163940.4643,0.455263507,163940.4643,0.587797936,1308869,0.587797936,1308869,0.35542121,13146.85714,0.35542121,13146.85714,0.555105804,314734.0714,0.555105804,314734.0714,168.144849674688,3.00656199246046,3.30440659846846e-06,0.00119876545811627,0.000192419667133419,0.00021736201091214,2.87873728279483e-05,3.35448593814858e-05,5.35717856884003,44.5563690476191,5.35717860845459,0.000181833096337692,741.931099107151,1.19893018145594,0.164544484277212,19536,4.13410755113739e-06,63.541181041181,1.30391901974898,3.04009534209071,2.08795299828372e-05,2.97579042934312,7.56770820949428,128.30467046007,0.000459617117306248,957.34786539819,1.37677709500759,5.52972537917662,1.83579822855113e-05,498953.545454545,0.000311178002847606,0.000154665721840911,745.074405587852,1.48920294642448,0.179551691407327,1.48920293671356,19462.5,0.000126769609087245,2.3533056707046e-05,239.299064009025,1.55484132333235,854.201716705691,1.83322631758461e-05,2.69993888518245e-05,55.7691406821842,0.000348732915899035,0.00116698946434319,498953.545454545,1864.89803074268,1.52893467744191,401.554997403924,2.80613457403377e-05,1.29947149309009,89990.87890625,2903.4441259759,0.000223833158362603,8.78945489702038e-05,11.1903666390313,387.152135307062,7.34550769421537,499076.727272727,0.000687359514305327,0.000328471108207615,3.243520660411e-06,5.71163781344595e-06,192.613835981693,11.1903667075732,19462.5,42.9243990494703,7.97378463473958e-05,0.00308261450196808,8.1313437442595,342.620682819458,318145.649305556,0.000829383608384972,0.00131478157889161,0.15196945724476,244836.888888889,612.55450857113,9.13126627604167,154,215878.921875,1.3254190426662,1.36401595896375e-05,0.000107515288693968,42139292,70.3545684814453,10,3.10991817712784,175,0.0015751884575397,70.3545702856303,268.021759033203,244769.166666667,149044.916666667,368.666666666667,83.3453254442173,2.20149922370911,1,5042
"H18-17466 - 1",1,2,"11/16/2018",19713864,0,"8/12/1951 0:00:00",0,0,67,"Portugal",82,170,28.3737024221453,"Chronic glomerulonephritis (unspecified)",2,1,49,0,1,2,2.7,25.04813124,2.72,24.82728115,3.53,18.15859325,2.93,22.5667852002142,4.18,14.55114895,-4.0078181251071,1,1,4.01,15.10544633,-1.86533471755355,1,1,0,0,4.01,15.06323004,"1/22/2024 0:00:00",62,0,0,0,"12/17/2018 0:00:00",0,2,1,2,5,0,11,1,1,"1/22/2024",1,1,"1/22/2024 0:00:00",1,0,0," ",0,0,0,0,1,1,66,0,0,170,80,27.681660899654,1,0,"Stroke (hemorrhagic)",1,1,83.00664386,0,1.3,78,0,0,0,0,1,2,3,4,0,0,20.65092874,1,1,0,0,20.65092874,0.27831469,0,35,0,0,3.11347e-07,441122.6429,164264.6016,314.0775208,73.36910257,0,0,0,0,0,2.30841e-05,57043.4183,65044.74463,82.15092397,33.16555464,29408.71574,32727.37718,62.62600601,20.96882987,6.04902e-07,0.809509497,0.137342124,1.316798332,0.019582918,0.316923966,0.012419395,0.104300044,-0.244100544,1.88332e-05,0.683076034,2595,68,441122.6429,38393.2,0.088013988,61574.21429,0.138821351,4.710925337,17.25333869,0.408383241,4.710925337,17.25333869,0.408383241,0.662670923,16958.19048,0.662670923,16958.19048,1,41147.5,1,41147.5,0.645804469,15748.725,0.645804469,15748.725,1,41147.5,1,41147.5,192.824927323284,3.08906319506121,2.96562611970892e-06,0.00116622839636495,0.000222713586085616,0.000617924089861154,2.56201275093902e-05,4.19868964149438e-05,5.54010244210561,43.0806389313588,5.54010253629924,0.000165508487877335,483.62554312784,1.42832333554372,0.167534458440406,412257.047619048,3.45821996372111e-06,82.2280004587421,1.38679831270476,2.97197852468879,1.91323925568168e-05,2.93117320722384,1.39869303483311,139.914687818589,3.22492476572021e-05,950.673062992606,0.115736051616245,9.15172790934367,2.23126019988118e-05,288952,0.000320141951474409,0.00051730781432763,782.455598519689,1.48513372739156,0.218027017228139,1.48513373337294,412158.285714286,0.00016204962562149,2.22841419543652e-05,132.929163388821,1.87744688987732,774.632698595585,3.18131640696615e-05,0.000122769597783217,48.03125,0.000979674216802386,0.0013436759974347,288952,1000.65241636025,1.51735096886044,0,5.59229980304218e-05,1.22376274847061,63029.6484375,2931.10189370607,0,0.00019343368723111,17.6518517407504,120.519577652963,12.9246228759529,289091,0.000276534769769764,0.00026597432211293,6.49431109884887e-06,1.00579781962477e-05,60.111934454687,17.6518518683089,412158.285714286,300.414872287709,0.000203573983645999,0.00263870331672072,0,1013.8132752231,181357.788352273,0.000667447784620152,0.000602120187310874,0,69848,327.32689717501,10.5968990325928,0,1339.97415597098,0,3.0716754516165e-05,4.22069556278703e-06,32183.9866071429,6.79913493565151,0,2.6264062722524,0,0.000183834627580056,6.79913503590798,24.1523816244943,69814.75,18406.6428571429,46.2857142857143,0,0,0,0
"H18-17995 - 1",1,2,"11/27/2018",17016765,0,"2/13/1953 0:00:00",0,0,65,"Portugal",61,160,23.828125,"Hypertensive Nephrosclerosis",3,1,15,0,1,2,1.4,55.77765086,1.54,49.74953173,1.68,44.81699404,1.85,39.6740723209737,2.25,30.9807422,-4.34666506048685,0,0,4.18,14.55114895,-6.28073084274343,1,1,0,0,4.18,14.47983091,"11/29/2023 0:00:00",60,0,0,0,"12/5/2018 0:00:00",0,0,2,2,4,27,19,0,1,"11/29/2023",1,1,"11/29/2023 0:00:00",1,0,0," ",0,0,0,0,1,1,72,0,0,170,60,20.7612456747405,1,0,"Stroke (hemorrhagic)",1,0.8,94.02944217,0,1.57,92,1,0,0,1,2,2,5,4,0,0,36.32047687,1,1,1,1,36.32047687,1.26478137,6.25,29,2,0.064516129,1.81111e-07,347432.6724,113666.8457,297.5914653,70.15334778,1.24904e-08,101077.5,5195,163.5177496,5.517749615,1.05544e-05,42952.26036,45415.088,74.78757455,28.57555739,22233.19798,34415.59018,49.8069832,15.64536449,4.37165e-07,0.451731165,0.062923999,0.45333619,0.082980107,0.349351461,0.012628164,0.138802065,-0.272857553,1.1819e-05,0.650648539,1690,70,347432.6724,113134.4828,0.318387276,117155.0357,0.327796832,6.248083408,26.80488568,0.252180425,6.248083408,26.80488568,0.252180425,0.449066501,251718.05,0.449066501,251718.05,0.477170016,1213053,0.477170016,1213053,0.413337929,9365.785714,0.413337929,9365.785714,0.532433166,817206.6667,0.532433166,817206.6667,368.878135469974,2.99568164009677,4.66726806226768e-06,0.0014676562979183,0.000283774551448456,0.00018946518064284,4.11272799719677e-05,5.84064888203199e-05,15.1501817703247,55.8696134844522,15.1501817051337,0.000218363279399196,51.9234600164222,1.34199474987425,0.171577061604446,394167.384615385,9.84215661233809e-06,80.0583317533254,1.77979121272312,2.8570880910337,2.47734582344406e-05,2.75729304050785,1.12901031568905,205.758242949822,2.07108959456754e-05,749.254257469579,2.49039118392289,4.61034781385322,1.85871904773529e-05,10178.5,0.000271453291243189,0.00204266908760781,653.274432899992,1.52021749814351,0.235399992439269,1.52021745952306,394070.692307692,9.95008902947419e-05,6.18284649892271e-05,206.286796390834,2.03733086585998,285.242524897171,0.000825305892995308,0.000633442883485023,51.184375,0.00046381554362774,0.00107663941009455,10178.5,1737.05757467538,1.66002376262958,341.037472817583,0.00173242420566325,1.15115260267065,2395.90112304688,2336.61551736528,0.00030325940627459,0.00736838892886513,7.6299708106301,19.2366690766347,2.78049331297251,10178,0.000785129553520623,0.000407833578255932,0.000200170059526428,0.000100733220026755,11.6619037896906,7.62997090890362,394070.692307692,327.390693004072,9.37381892754613e-05,0.00227337224657861,312.84664815862,357.578210486802,724666.801136364,0.000629041931151809,0.000883947481625895,0.139140733729383,178891.75,579.635217199294,12.489143371582,95882.5,206481.7890625,1.2167176964271,1.77665549475743e-05,4.35055673808374e-06,20436623,57.6586990356445,13906.361328125,2.58925135930379,95917,0.00011187777122554,57.658700399135,215.814056396484,178825,610,3,392.432506639661,0,1.3544717374233,0
"H18-19213 - 2",1,2,"12/21/2018",19806256,0,"12/30/1955 0:00:00",0,0,62,"Portugal",72,173,24.0569347455645,"ADPKD",4,2,27,0,1,2,2.2,33.03768957,1.66,46.3219869,1.47,53.59645723,1.28,62.8874397034838,0.93,91.12432495,14.1184426232581,0,0,0.85,95.23959899,8.08803982162905,0,0,0,0,0.85,94.55497612,"2/27/2024 0:00:00",62,1,1,1,"1/11/2019 0:00:00",0,1,2,0,3,0,18,0,0," ",0,0," ",0,0,0," ",0,0,0,0,2,1,65,0,0,170,85,29.4117647058824,1,0,"Stroke (hemorrhagic)",1,0.8,98.21343773,0,1.23,73,0,0,0,1,2,2,5,4,0,0,51.2108,1,1,1,1,51.2108,0.984539215,3.03030303030303,67,2,0.028985507,1.88047e-07,353510.194,178562.3372,283.4474542,89.25129923,5.61336e-09,82545,5448.5,140.6267165,3.623066888,1.37527e-05,39740.47776,43324.19606,74.42078946,30.97016956,23120.69183,28531.52213,61.62735164,19.34506808,3.33995e-07,0.315347514,0.066476676,0.546539701,0.023603721,0.668389,0.003967539,0.121631925,-0.305300121,1.50347e-05,0.331611,4900,119,353510.194,125698,0.332066829,138730,0.353499581,6.973452907,22.8199964,0.305358905,6.973452907,22.8199964,0.305358905,0.362453792,59732.625,0.362453792,59732.625,0.487115734,444371.5,0.487115734,444371.5,0.348499488,18062.1875,0.348499488,18062.1875,0.418271007,226414.375,0.418271007,226414.375,176.298737993751,2.67717413555311,4.16326641392475e-06,0.00135012441497885,0.000248273292479484,0.000271641931475841,3.64717002639402e-05,4.73905617010658e-05,8.32258539933425,50.0520094394139,8.32258542950681,0.000191755075227078,339.148365158369,1.12657823760932,0.176864135310374,275155,7.42340559090942e-06,140.336322869955,1.26555777035614,2.80858787364916,2.18853651713569e-05,3.01460292884546,1.28366801633069,139.76901083712,3.5665138836475e-05,853.564409843338,2.41285285676405,2.05081681234214,1.59142565231729e-05,128103.84375,0.000392904821672098,0.000712152275143588,698.330365160412,1.56482776311728,0.294548299887848,1.56482775374648,275058,0.00010378938838379,4.77352151696061e-05,283.665685670092,2.3110179156065,495.578610661363,9.90383009220575e-05,0.000175134651461129,54.4428571428571,0.000354599503716978,0.00146126825173789,128103.84375,2174.56931227472,6.12548160552979,300.330642598943,0.000162512746705939,1.23203811467147,36535.4234008789,2620.61011002412,0.000265845006607135,0.000945605495604592,8.76637634109048,537.441312591045,3.78389882823018,128156.75,0.000818447599319619,0.000461166800631686,2.00259377981589e-05,1.99623437877068e-05,267.14367281492,8.76637633504698,275058,239.733185020347,6.43838650289025e-05,0.00280031157851605,280.404023902243,282.936074863071,696971.962316177,0.000816787470769435,0.00235592374741211,0.150260891490866,330799.9375,705.087769164678,9.49224972724914,77096.5,7051.93522135417,1.35925035806957,7.60772091375699e-06,2.22619309317649e-05,31230.767578125,7.37012815475464,11040.9453125,4.55415340570303,77174,0.00018666857941433,7.37012815349323,22.1157627105713,330709.03125,408690.5,688.5,351.454596214959,0,1.31722086763302,0
"H19-00319 - 1",1,2,"1/8/2019",17025944,0,"12/24/1952 0:00:00",0,0,65,"Portugal",84,164,31.2314098750744,"Diabetic nephropathy",1,1,14,0,2,2,2.9,23.27749622,3.86,16.51616058,4.42,14.03806145,3.69,17.32531802676,0,0,0,1,1,0,0,0,1,1,0,0,3.69,17.21468886,"1/6/2020 0:00:00",12,0,0,0,"1/31/2019 0:00:00",0,2,2,0,4,2,21,1,3,"1/6/2020",1,3,"1/6/2020 0:00:00",1,0,1,"7/20/2020 0:00:00",1,1,0,0,1,1,65,0,0,170,100,34.6020761245675,1,0,"Stroke (hemorrhagic)",1,1.2,67.11141057,0,1.33,80,0,0,0,0,1,2,3,3,0,0,27.38412264,1,1,1,1,27.38412264,0.457948493,0,50,0,0,1.06801e-07,467753.49,220164.0057,324.4377765,100.7013863,0,0,0,0,0,7.31376e-06,75530.91866,172417.5659,95.46411862,41.44393113,55937,32614,63.22438272,10.75534423,2.17875e-07,0.33492429,0.049956703,0.552414728,0.018909749,0.182898977,0,0.090433329,-0.50900915,7.41514e-06,0.817101023,3424,102,487045.1458,222501.7083,0.456347048,225907.1064,0.447840105,8.372843644,27.08498818,0.345398557,8.372843644,27.08498818,0.345398557,0.379514175,124533.4667,0.379514175,124533.4667,0.376668162,959497,0.376668162,959497,0.359182372,17016.15,0.359182372,17016.15,0.420177782,339568.1,0.420177782,339568.1,143.198988945939,2.87065484096451,3.65496158814747e-06,0.0017623029648215,0.000222070720284231,0.00208797538907927,3.17245833306992e-05,4.92410803366809e-05,6.05199604034424,76.1921678321678,6.05199609926311,0.000163399588485479,378.206596052417,0.952699746273123,0.219374911512426,371652.2,7.32036121395905e-06,187.258181385013,1.50152742726528,7.14473108822554,1.88296018666497e-05,2.81619381145174,1.30014961524318,95.6700377858119,5.54935543980151e-05,982.125201821183,0.00256204386996256,9.92722052194097,1.43972429022627e-05,145505.833333333,0.000653293027542155,0.00163166920828663,800.465010805181,1.89709005355835,0.235695230446652,1.89709005523893,371567.15,8.21383210607121e-05,4.51926219483687e-05,24.8077363139716,2.03987995783488,467.066875196574,8.4088375253747e-05,0.000393333545276943,62.5112879612891,0.00680793183015241,0.00247673457976182,145505.833333333,569.651803615609,2.47527146339417,0,0.000150360073825159,1.23488560101209,34542.4850260417,2989.02703715819,0,0.00035555984759731,10.7095015525818,417.876226464349,4.14537608965504,145573.666666667,0.000265873189860787,0.000620235663987393,1.73971200084464e-05,5.66268120205476e-05,204.009803685999,10.7095015401898,371567.15,292.611837856023,0.00290688517387152,0.00512663786915093,0,652.719236638222,1335309.4225,0.00155597191738194,0.00267543316051339,0,4764.5,258.400934720203,20.0563976764679,0,141704.65625,0,0.00040485530884855,7.88497832553378e-06,7930776,38.5455055236816,0,4.57066750526428,0,0.000231060953477588,38.5455040315721,130.888366699219,4753.75,959497,89,0,0,0,0
"H19-00319 - 2",1,2,"1/8/2019",19272907,0,"5/6/1962 0:00:00",0,0,56,"Portugal",79,160,30.859375,"Undetermined",5,1,16,0,2,2,1.8,43.63107611,1.94,39.88052389,2.15,35.25305664,1.84,42.231891715273,1.83,41.98349604,-0.124197837636501,0,0,2.19,33.42604203,-2.20146242131825,0,0,0,0,2.19,33.27255942,"2/1/2024 0:00:00",61,0,0,0,"1/15/2019 0:00:00",0,2,1,1,4,4,22,0,0," ",0,0," ",0,0,0," ",0,0,0,0,2,1,65,0,0,170,100,34.6020761245675,1,0,"Stroke (hemorrhagic)",1,1.2,67.11141057,0,1.33,80,0,0,0,1,2,2,5,5,0,0,46.26961844,1,1,1,1,46.26961844,1.230716236,4.34782608695652,47,3,0.06,9.75772e-08,427343.7021,188782.9481,314.5674704,89.98196129,6.22833e-09,64952.33333,35519.10638,118.2477751,47.58988354,9.46706e-06,54705.25461,55000.48382,90.17974799,35.69971473,22206.31962,16171.59477,61.48236171,19.58343614,1.99307e-07,0.342829618,0.041698982,0.517897923,0.022121097,0.259428105,0.006494578,0.080515831,-0.370885489,9.68315e-06,0.740571895,4560,96,427343.7021,188811.1702,0.440761417,199783.0682,0.432422321,7.960067612,24.64060632,0.333216608,7.960067612,24.64060632,0.333216608,0.388621542,54708.86538,0.388621542,54708.86538,0.384562199,363895,0.384562199,363895,0.4080738,13900.27778,0.4080738,13900.27778,0.344853963,146528.1875,0.344853963,146528.1875,60.1733423823076,2.75295011309048,0.000247002815952056,0.00595238095238095,0.0126883425852498,0.000363421893612062,0.00213039928758648,0.00322325734464447,1.21818172931671,8.5,1.21818178350275,0.00739436586138228,781.354869347612,0.467421788839582,0.101190476190476,267037.083333333,0.000478459952144775,100.114941481656,6.99660021926891,2.84298702979897,0.00085731778102983,1.85402953051818,1.25892612098226,8.60036882150103,4.07118348312706e-05,289.570647771292,3.29359274150663,3.75784939012441,0.000633421241874679,575181.384615385,0.0059203487081626,0.000249990189301646,46.6296617459381,1,0.245126277172988,1,266956.708333333,0.00163298632373954,0.00195768488307563,227.610352557178,2.13537160249857,942.734762914989,1.9030574187781e-05,5.81542978243846e-05,78.1878350873766,0.00055690371944364,0.0137457044673539,575181.384615385,1865.79438021322,2.03910907109578,104.185453349949,3.28587074978927e-05,6.21000961467444,141041.28515625,652.001046020526,0.00143589732411143,9.77987617914257e-05,4.06452751159668,193.978330646693,0.523103606922331,575299.192307692,0.000548953485883104,0.00362554086106164,3.7709994445244e-06,6.99410489893815e-06,94.092439571851,4.06452747075734,266956.708333333,253.634600141863,0.000115994679385942,0.0294117647058823,298.774270308161,450.779322737685,34695.5234375,0.0294117647058823,0.110743793574247,0.128872736969557,239705.75,593.371810237876,14.7719648679097,86578.5,71032.400390625,1.21112745556825,1.44637912213153e-05,9.59812859354192e-06,3416581,33.5934829711914,12470.720703125,1.72282147407532,86619,0.000171263472716834,33.5934828259894,104.169013977051,239626.625,52358.3181818182,121.090909090909,369.846934762383,4.88940382003784,1.30201719598298,75101
"H19-04533 - 1",1,2,"3/23/2019",19508593,0,"12/24/1956 0:00:00",0,0,62,"Portugal",71,168,25.15589569161,"Undetermined",5,1,16,0,1,2,1.67,45.98933394,1.73,44.08202752,1.75,43.47816703,1.53,50.7675447759982,1.63,46.47171896,-2.1479129079991,0,0,0,0,0,1,1,0,0,2.72,24.99615797,"11/21/2022 0:00:00",44,1,0,0,"4/1/2019 0:00:00",0,1,1,1,3,4,11,0,0," ",1,6," ",0,1,1,"1/10/2023 0:00:00",4,1,0,0,1,1,64,0,0,170,70,24.2214532871972,1,0,"Stroke (hemorrhagic)",1,1,84.04557832,0,1.35,81,0,0,0,1,2,2,5,4,0,0,47.7917,1,1,1,1,47.7917,0.680401302,10,55,5,0.083333333,2.62178e-07,325848.6364,139919.1514,280.4987812,67.59637658,2.38344e-08,112073.6,53333.5148,160.5893317,45.62090021,1.67508e-05,26952.33281,22989.66338,66.07124683,22.16545676,11335.10276,8594.866784,46.76615664,13.1906112,3.0508e-07,0.49821092,0.085430306,0.451472687,0.037278435,0.306569971,0.011328803,0.189225856,0.217922567,2.0838e-05,0.693430029,3514,64,325848.6364,107415.7818,0.316638826,110646.4151,0.317444003,6.353169848,22.54081522,0.315468288,6.353169848,22.54081522,0.315468288,0.406422265,218940.5417,0.406422265,218940.5417,0.602057184,1482162,0.602057184,1482162,0.355149567,16630.91667,0.355149567,16630.91667,0.457694964,421250.1667,0.457694964,421250.1667,386.991104553674,3.08429128457919,9.26236849360088e-06,0.000991978014597353,0.000446348211320633,0.000106559451158973,8.07778693719191e-05,0.000106052235907892,20.2323650519053,67.7692396484661,20.2323651293,0.000389501875567805,317.930282287718,1.43760580746196,0.202282155971381,154258.666666667,1.06785441911541e-05,116.447681251134,1.51142819535944,3.09443432278316,4.46673174318996e-05,3.05937722004488,1.22174651058682,254.959953564415,6.97647408735312e-05,637.053743153397,1.97226750530066,4.69954259048195,4.13015631215776e-05,100172,0.000259546118011648,0.000999017735623315,505.110559730349,1.76289477613237,0.344851133240045,1.76289476819002,154192.166666667,0.000275411283004576,5.4892086187452e-05,333.958859373031,2.99847269058227,405.177038800605,0.000115613545258854,0.000334073522210625,54.581550802139,0.000201899244663089,0.00105766871701982,100172,2500.8357261018,1.97683064142863,454.467600433351,0.000260126025035332,1.28091822465675,34563.39453125,1920.94857383563,0.000348225792335412,0.00165350748007855,15.1981371243795,9.20072929427826,9.29736153084003,100227,6.30329308894754e-06,0.000313495460202469,2.99168157341063e-05,1.36212363848219e-05,9.05538513813742,15.198137078192,154192.166666667,195.460575045748,3.96894439683292e-05,0.0021683750897754,294.725289294553,4853.30100757589,187703.707899306,0.000586775483301837,0.00126563696536694,0.231523991633625,438845.444444444,820.994708744003,27.9844970703125,76888,11871.888671875,1.90273067430631,6.54843589667441e-06,1.52783392926098e-05,148614.03125,2.6308491230011,14953.041015625,3.87515279981825,76926,0.000284188367533365,2.63084903698065,24,438743.462962963,406,2,333.023536613839,1.99009835720062,1.67936219852033,2454
"H19-05840 - 2",1,2,"4/14/2019",11007466,0,"11/6/1960 0:00:00",0,0,58,"Portugal",86,175,28.0816326530612,"Diabetic nephropathy",1,1,32,0,2,2,1.29,64.27073449,1.38,59.27424239,1.61,49.26402185,1.58,50.0762044079805,1.67,46.27624666,-1.89997887399025,0,0,1.63,47.05337204,-0.755708091995125,0,0,0,0,1.63,46.94813984,"3/18/2024 0:00:00",59,1,0,0,"4/22/2019 0:00:00",0,2,1,0,3,4,18,1,0," ",0,0," ",0,0,0," ",0,0,0,0,2,0,62,0,0,160,65,25.390625,0,0,"Head Thrauma",2,0.6,109.1453993,0,1.09,60,0,0,0,1,1,2,4,2,0,0,15.97998931,1,0,0,0,15.97998931,1.658802267,15,37,6,0.139534884,1.42529e-07,544023.8378,271478.3393,353.4628861,116.8668175,2.31128e-08,203913,37864.39908,210.6894055,21.81301822,8.1203e-06,43967.91675,42638.40636,76.76346695,28.07890971,37732.96181,50117.31491,57.86998757,23.80742962,1.73346e-07,0.528452359,0.077539158,0.357032642,0.06167105,0.159786862,0.006358682,0.217176664,-0.146685138,7.44491e-06,0.840213138,2108,45,574599.2714,215998.9714,0.384165517,215998.9714,0.384165517,7.979603857,30.19367153,0.294217163,7.979603857,30.19367153,0.294217163,0.52103799,65148.3,0.52103799,65148.3,0.6776702,491652.5,0.6776702,491652.5,0.491720927,15432.9375,0.491720927,15432.9375,0.638306244,264009.75,0.638306244,264009.75,179.783064855644,2.78570180120167,0.000986589439984026,0.00235021091081449,0.0218579234972678,0.000149303777745175,0.00794752604431576,0.00923718324775904,16.5288810729981,101.380952380952,16.5288816046489,0.0138888888888889,935.147974303149,2.38879554225851,0.206777724442061,257812.2,0.00132054501566394,317.453827279592,1.36717554709563,2.88102509422513,0.00172413793103448,3.22021704074286,2.23084016946388,131.499619955584,0.00025090985892308,154.690998342075,2.66407470396226,22.0996277078539,0.0018389342354984,1148882.5,0.000405074107639094,0.000360049934412439,15.3792934070936,1.7913613319397,0.294963260098222,1.79136136665541,257750.4,0.00344827586206897,0.00344827586206897,377.050168069692,2.55084455013275,1609.4329322627,1.05396301289365e-05,0.000102294603525205,71.5580618212197,0.000212763174433324,0.00167822571001687,1148882.5,2835.09813614466,3.46572666168213,465.766043088829,1.92312829874201e-05,10.0583943779059,338750.25,337.39696961967,0.000265234876235672,7.61613593388369e-05,1.69040453433991,91.1778113096039,0.266675883326037,1149046.5,0.00034334594922287,0.000896165748915531,2.22249398632672e-06,2.54212275392643e-06,45.7909875906213,1.69040450632898,257750.4,233.964355969082,4.28959365034779e-05,0.00300319343735322,386.072276038503,625.756926036992,1276.01623535156,0.000841409737876795,0.00161430618937377,0.176130050497276,570487.24137931,915.463367021107,22.6329193115234,154324.75,112117.9453125,1.5814700796696,8.42203485871603e-06,4.76480647730867e-05,15185879,58.4490394592285,25757.37890625,2.46123027801514,154411,0.000822441166994676,58.4490404674113,176.269409179688,570386.810344828,8768.125,14.5,515.484628436098,9.60306406021118,1.45701885134482,198996
"H19-07811 - 1",1,2,"5/22/2019",19029209,0,"2/22/1960 0:00:00",0,0,59,"Portugal",64,164,23.7953599048186,"Diabetic nephropathy",1,2,42,0,1,2,1.19,70.36611183,1.27,65.08118361,1.32,62.13426859,0.93,94.0024909492175,1.02,83.09916865,-5.45166114960875,0,1,0.87,96.3541184,0.587906862695625,0,0,0,0,0.87,96.33015118,"3/7/2024 0:00:00",58,1,1,1,"6/3/2019 0:00:00",0,1,1,1,3,0,10,0,0," ",0,0," ",0,0,0," ",0,0,0,0,1,1,54,1,0,160,60,23.4375,1,0,"Stroke (ischemic)",1,0.5,111.3861784,0,1.17,68,0,0,0,1,1,2,4,4,0,0,19.39499997,1,0,0,0,19.39499997,1.717603557,9.52380952380952,39,3,0.071428571,1.36167e-07,235736.4231,129893.1769,228.3530465,85.65367944,1.04744e-08,110628.6667,34307.45082,157.6244487,19.48161092,1.06525e-05,43426.03605,39817.1225,76.42041552,26.37650768,19786.27059,19857.49837,54.44312365,14.80382994,3.45656e-07,0.441084066,0.032099618,0.462595034,0.045812867,0.364475165,0.012230378,0.069390322,-0.01788392,1.26958e-05,0.635524835,3051,99,264666.0294,86657.14706,0.311543829,92893.09677,0.314565402,6.753846272,30.27689642,0.242480476,6.753846272,30.27689642,0.242480476,0.462852085,53174.35484,0.462852085,53174.35484,0.529814588,423650,0.529814588,423650,0.431919937,13327.77273,0.431919937,13327.77273,0.538464003,150577.1111,0.538464003,150577.1111,195.377563598747,2.76929313537726,6.53955235807198e-06,0.00137537696409364,0.000293295097106372,0.00125410644955104,5.72647007584868e-05,6.0993867089128e-05,6.33638492822647,73.9497868671053,6.33638500663924,0.000274524164424377,2.97947077107171,1.34133419968613,0.214260296889023,171093,1.03531706163944e-05,115.959000232885,1.62990923501243,2.93231731787972,3.13511045248321e-05,2.72154521993306,1.30950214760231,117.372618292988,5.84560666306822e-05,733.778358827467,0.21787679684631,5.03084524085522,2.34725592640537e-05,33,0.00043744813507416,0,621.898274093057,1.88006004095078,0,1.88006002974845,171034.970588235,0.000127374269485534,5.88498129134992e-05,89.9810996519714,0,17.7012042095316,0,0,6,0.00205606988305196,0.00169093340962331,33,904.549079607598,2.2222063962151,273.774587426332,0,1.18495802498009,0,2264.95954576659,0.000687095604993922,0.0833333333333333,9.24648043688606,98.1125864145977,4.12054006632618,36,0,0.000416026096538258,0,0.0433594153987037,51.4599155958692,9.24648048350607,171034.970588235,198.481406086268,0.000465172304726146,0.00417965633180059,368.430522706696,28.6568542494924,592430.617647059,0.00125088148664699,0.00175990894427761,0.29616258800028,48786.25,335.476074415879,0,151805,62148.917578125,2.5485906095454,4.64097257851582e-05,1.53979836893016e-05,3807761.025,26.4949109077454,32773.9609375,3.73773893713951,151874,0.000276408529447888,26.4949108073381,91.2306930541992,48760.625,15970.1,22.6,530.818021421331,3.9929039478302,1.89971950715859,70372
"H19-07811 - 2",1,2,"5/23/2019",19801515,0,"10/10/1957 0:00:00",0,0,61,"Portugal",68,174,22.4600343506408,"Diabetic nephropathy",1,2,51,0,1,2,0.92,94.63951367,1.2,68.80189458,1.14,73.16983422,1.24,65.7371486927197,1.07,77.49154802,5.87719966364015,0,0,1.34,58.42343621,-1.82842812067993,0,0,0,0,1.34,58.37258895,"11/30/2023 0:00:00",54,1,1,1,"6/6/2019 0:00:00",1,2,2,1,5,0,21,0,0," ",0,0," ",0,0,0," ",0,0,0,0,2,1,54,1,0,160,60,23.4375,1,0,"Stroke (ischemic)",1,0.5,111.3861784,0,1.17,68,0,0,0,1,1,2,4,4,0,0,19.9860271,1,0,0,0,19.9860271,0.659936676,16.6666666666667,80,16,0.166666667,1.81342e-07,284342.2813,133003.4144,252.1215009,85.54581385,3.62683e-08,158831.9063,59375.1684,193.8881212,47.90246809,1.50242e-05,41112.56329,40539.79013,76.7583925,27.88935908,24155.40443,22064.84514,56.31229884,16.02594873,3.78551e-07,0.52222336,0.051563102,0.617681589,0.015247387,0.249831233,0.006957766,0.08347845,0.049787155,1.3816e-05,0.750168767,6628,167,306659.7432,72668.78378,0.24472928,75962.55714,0.245489638,5.509793858,30.84326814,0.20231184,5.509793858,30.84326814,0.20231184,0.4849895,49043.43939,0.4849895,49043.43939,0.606928422,527703.5,0.606928422,527703.5,0.466472517,15382.65217,0.466472517,15382.65217,0.527578559,126463.25,0.527578559,126463.25,140.631564924469,2.21868966094664,5.56110631285783e-06,0.00187580878820323,0.000252129046552916,0.000617519690191401,4.84862089554353e-05,4.74676236640992e-05,6.62579765319824,84.5831851507401,6.62579768997461,0.000246014489456895,513.069316323998,1.2953624492271,0.2140390646754,242.75,6.39854899494214e-06,12.625,1.28555018610724,2.73112644815197,2.82059466701897e-05,2.97088568376171,9.67274208582349,112.708501570354,0.0125857980825719,791.777797044026,1.21487061882675,1.62476011134623,2.38253490710424e-05,259925.025,0.000527160719876019,0.000308596397962008,643.492757413629,1.87325364748637,0.237102629852643,1.87325364759802,240.125,0.000154339338247094,4.16820358262455e-05,114.331576340569,2.08081789314747,641.357385459072,4.35767560714131e-05,6.10960823101105e-05,21.25,0.00194678782688438,0.00193617215196317,259925.025,935.912445415365,1.04878428578377,376.974369014809,7.68198335132111e-05,1.23585875549438,61808.7668945312,2412.30453190532,0.000422974565812835,0.000197694109633072,11.1563809712728,192.942708908077,6.86025610336421,260004.175,0.0447916636864344,0.000550479812483931,8.75746608008052e-06,1.23030829012062e-05,95.4116908859073,11.1563809838584,240.125,6.71755704070797,0.000446814581208585,0.00527254653830378,443.750387260901,186.124891681028,284186.2234375,0.00147302742556279,0.00178982361633338,0.20629025763476,62441.6666666667,320.058398264499,2,181180.25,101761.640625,1.83167046360569,5.84075444587218e-05,0.00743723327036856,13555776,45.7548065185547,34019.5970052083,3.52634587287903,181231,0.0314485672623403,45.7548047389206,181.416854858398,62404.9166666667,56103.78125,77.25,523.043427022652,3.79319500923157,1.70498936140509,16276.5
"H19-09323 - 1",1,2,"6/19/2019",18025908,0,"5/25/1954 0:00:00",0,0,65,"Portugal",72,165,26.4462809917355,"Chronic glomerulonephritis (unspecified)",2,1,61,0,1,2,3.24,20.37791987,2.65,25.93694455,3.07,21.73941293,3.39,19.1810870758568,0,0,0,1,1,0,0,0,1,1,0,0,4.16,14.90427242,"6/21/2021 0:00:00",24,0,0,0,"8/14/2019 0:00:00",0,2,2,0,4,8,28,1,1,"8/5/2021",1,1,"8/5/2021 0:00:00",1,0,0," ",0,0,0,0,1,1,71,1,0,160,55,21.484375,1,0,"Stroke (hemorrhagic)",1,0.6,95.90284574,0,1.61,93,1,0,0,1,1,2,4,4,0,0,89.2917,1,1,1,0,0,1.091639339,20,24,5,0.172413793,3.04305e-07,244522.8958,143361.3682,229.798486,90.19763958,6.33969e-08,130601.1,46114.47256,172.7685929,21.65209745,1.37444e-05,36009.69419,31841.60125,73.73922687,27.23724928,30317.27248,42634.80304,58.60960504,18.78736591,1.90191e-07,0.484502173,0.074409579,0.49493343,0.003281976,0.244509215,0.019760802,0.1503426,-0.236074478,9.61469e-06,0.755490785,1084,15,266532.25,64701.18182,0.253810027,68955.9,0.247558052,5.16475029,24.79745954,0.308329562,5.16475029,24.79745954,0.308329562,0.493277166,18249.41667,0.493277166,18249.41667,0.253531433,38338,0.253531433,38338,0.541226313,14231.7,0.541226313,14231.7,0.253531433,38338,0.253531433,38338,135.915345466991,2.49733481586051,0,0.00267719542926103,0.0277777777777778,0.000165810712452505,0,0.0277777777777778,9.55457099278768,92.7613053613053,9.55457085097105,0,398.186539265673,0.804663432865271,0.254139884745818,4756,0.0115599128388867,205.272727272727,1.12244748421472,2.71563002896935,0,0,7.61750462284819,121.34023821647,0.000627832166079817,82.1230587588792,2.06849296378115,1.56832477643371,0.0183821564815084,156293,0.000504456535053354,0.000674375351596236,2.76097213610969,2.23176344235738,0.293551359904545,2.23176344430876,4749,0.0103092783505155,0.0206185567010309,302.887991657275,2.54512875730341,491.210761172444,8.09681538131783e-05,0.0001634526041251,68.8571428571429,0.000253865949628355,0.00229190317943824,156293,2384.18119356088,2.72505211830139,399.841255890975,0.000169404774802759,29.7442548169261,45250.6468394886,86.4142135623731,0.000275607723437233,0.000333071402607287,1,189.017704018663,0.371134020618557,156351.909090909,0.000576651128688993,0.000759850562760564,1.96344667718787e-05,2.6410313724297e-05,92.4175308044962,1,4749,32.8937684067971,5.951806773797e-05,0.00540700124011605,292.66548857769,351.362481734264,68.4000015258789,0.00151875509530545,0.00149509696375483,0.190406678949065,376872.181818182,772.769379303106,6.19689989089966,69955,4453.9658203125,1.67114222032038,8.13647612453389e-06,0.000572971429415768,41370.4765625,7.57007789611816,15411.3251953125,2.46899175643921,69974,0.00210130345029326,7.57007805352241,26.3627948760986,376771.5,38338,72,305.213125051849,1.84460604190826,1.93148579963811,9025
"H19-10049 - 1",1,2,"7/4/2019",19038428,0,"8/22/1955 0:00:00",0,0,63,"Portugal",62,165,22.77318640955,"Undetermined",5,2,27,1,2,1,1.93,38.4190929,1.84,40.68501589,1.86,40.16061405,1.59,48.1768411363712,1.6,47.22466388,-0.4760886281856,0,0,1.5,50.39661055,0.554942353407199,0,0,0,0,1.5,0,"3/16/2025 0:00:00",57,0,0,0,"7/12/2019 0:00:00",0,1,1,1,3,0,25,0,0," ",0,0," ",0,0,0," ",0,0,0,0,1,0,77,0,0,170,84,29.0657439446367,0,0,"Head Thrauma",2,0.8,91.15045097,0,1.23,74,0,0,0,2,1,2,5,2,0,0,13.41581955,0,0,0,0,13.41581955,1.919014027,25,17,6,0.260869565,9.84174e-08,360666.1765,183133.4647,285.7637729,100.289617,3.47356e-08,107170.8333,34326.01622,157.9018573,35.62775319,9.78964e-06,45176.26523,45839.57897,77.56796575,28.45164881,32900.27643,38386.37881,60.23826387,18.96777996,2.66306e-07,0.396770304,0.035495828,0.442259229,0.052197822,0.399489975,0.016630717,0.080260231,-0.130344825,1.07967e-05,0.600510025,1691,46,383196.4688,128655.8125,0.326738038,128655.8125,0.326738038,6.930287833,22.8333045,0.392686102,6.930287833,22.8333045,0.392686102,0.453776749,26133.84615,0.453776749,26133.84615,0.592415896,128011,0.592415896,128011,0.428613904,15311.31818,0.428613904,15311.31818,0.592172399,85657.75,0.592172399,85657.75,134.881407115752,2.88370736233541,0.00752883986697171,0.00218024163156993,0.0833333333333333,0.000129745261476766,0.0765432053142124,0.0833333333333333,7.26788575308664,72.1030018227387,7.26788572047165,0.111111111111111,631.77666285826,1.17805745562584,0.176753357728573,244860.375,0.00728586397535814,188.480926901061,1.42627805427986,3.00406544317137,0.0109289617486339,5.2926836293132,1.48261288201553,97.039163759694,9.64878764721533e-05,125.118538746389,1.61526287218421,12.9630902168658,0.00871446475484013,330835.5,0.000694531375320498,0.000529018536769105,1.87670045566717,1.55343350342342,0.351155909641467,1.55343350611978,244779.625,0.00546448087431694,0.0120049174366101,393.791932744171,3.05639064311981,669.520657413976,4.74375568774173e-05,0.000175816912261522,69.4256446498738,0.00018034943494709,0.00261898761009004,330835.5,2913.22421656258,2.29532808065414,337.514957967144,8.03890218835807e-05,66.6694241846439,116204.57421875,178.414213562373,0.000297062966050424,0.000334904357053628,1,323.157553666168,0.0655737704918033,330905.5,0.000216685046986416,0.000764847857115048,9.23606507322731e-06,6.77268930301949e-06,155.900609363787,1,244779.625,231.598081698742,3.36205396147172e-05,0.00481571236542653,181.710318434029,717.865313423524,203.99690246582,0.00163781516291223,0.00322381611351667,0.185450685022459,585302.5,934.87806724726,14.7868232727051,36199.5,173.759689331055,1.59852391548776,5.65186691379614e-06,9.88443663338617e-06,3,1,8099.5126953125,3.99908096449716,36221,0.000320275316208665,1,1,585205.916666667,128011,203,272.087542330969,9.38138961791992,1.96685592406812,84214
"H19-10049 - 2",1,2,"7/3/2019",16024033,0,"11/10/1949 0:00:00",0,0,69,"Portugal",77,175,25.1428571428571,"Chronic glomerulonephritis (anti-GMB)",2,2,32,0,2,2,2.53,26.74639207,2.41,28.35237085,2.94,22.33536405,2.54,26.4550364614982,2.19,31.21575701,2.3803602742509,0,0,2.01,34.17193134,1.92922371962545,0,0,0,0,2.1,0,"3/6/2025 0:00:00",55,0,0,0,"7/24/2019 0:00:00",0,2,2,2,6,0,22,0,0," ",0,0," ",0,0,0," ",0,0,0,0,2,0,77,0,0,170,84,29.0657439446367,0,0,"Head Thrauma",2,0.8,91.15045097,0,1.23,74,0,0,0,0,2,2,4,1,0,0,35.46019642,1,1,1,1,35.46019642,0.344559491,0,34,0,0,1.64494e-07,346603.7941,144457.6902,289.1434191,84.77545235,0,0,0,0,0,1.05711e-05,45008.12517,45282.53325,79.39874707,27.81440727,23488.51148,28608.72726,61.4784662,16.9599443,2.75769e-07,0.345900324,0.057014187,0.475787544,0.049643632,0.518630462,0.00517119,0.119831188,-0.404058049,1.2778e-05,0.481369538,2185,57,356745.5455,169518.4545,0.482806979,177829.6452,0.475392098,7.231612435,22.98935269,0.339762621,7.231612435,22.98935269,0.339762621,0.384354792,82888.21429,0.384354792,82888.21429,0.549784085,261485.5,0.549784085,261485.5,0.308283231,13757.125,0.308283231,13757.125,0.48578354,175063,0.48578354,175063,140.383457747323,2.67434324943921,0.00013718869729076,0.00201878161285508,0.00307091010608599,0.000145506396640916,0.00120304709931317,0.0010914039105959,9.53824520111084,51.2333333333333,9.5382449127907,0.00381844224166029,656.970367256474,2.1152110384439,0.171227716420737,166564.625,0.000194933107821173,88.2575284352443,1.11081825254235,2.75677686985644,0.000435433589518195,5.63073826055149,1.41406388482838,126.378421875968,5.37024711756194e-05,359.587585013811,2.02851451893013,2.33915968418881,0.000682265877374106,400506.8,0.000448270632105381,0.000436353007407664,45.3226057825717,1.54394590854645,0.280492878618203,1.54394594786923,166500.875,0.00184331797235023,0.000921658986175115,332.336576624091,2.42530560493469,770.461396188979,3.28468469289788e-05,0.000131266868083456,65.1623616236162,0.000226228204770397,0.00176891850490196,400506.8,2466.3561746003,1.96665912866592,0,5.63190305367122e-05,7.93395655004653,110680.5765625,760.693434175952,0,0.000152745380273581,7.81881761550903,378.388059719759,4.69325578655216,400616,5.27623937105699e-05,0.000688234735631058,6.50805574353008e-06,9.22907486903041e-06,190.397900842337,7.81881739426298,166500.875,190.662775729379,4.72196470055626e-05,0.00325107326271787,0,1680.93730035235,7933.4560546875,0.00100451913373224,0.00280784374480743,0,422002.95,795.16595489697,23.5844955444336,0,2696.63724772135,0,9.93251006253382e-06,1.46975443342558e-05,12939.1472981771,5.58622376124064,0,4.00081539154053,0,0.000240863577318311,5.58622377505309,15.1803646087646,421903.1,186150.5,286.5,0,0,0,0
"H19-11364 - 2",1,2,"7/30/2019",19355139,0,"3/27/1957 0:00:00",1,0,62,"Portugal",77,162,29.3400396281055,"Undetermined",5,1,16,0,2,2,1.7,33.6965415,1.64,35.1812622,1.5,39.15746094,1.49,39.2283015069539,1.3,45.63404736,3.20287292652305,0,0,1.24,47.69940637,2.11777621576153,0,0,0,0,1.24,0,"3/16/2025 0:00:00",54,0,0,0,"8/14/2019 0:00:00",0,1,1,1,3,2,23,0,0," ",0,0," ",0,0,0," ",0,0,0,0,2,1,76,1,0,160,69,26.953125,1,0,"Stroke (ischemic)",1,0.7,89.57612681,0,1.63,94,1,0,0,1,2,0,3,4,0,0,45.4993,1,1,1,1,45.4993,0,8.33333333333333,22,2,0.083333333,1.32925e-07,353225.7273,123290.6226,289.8409286,61.75692604,1.20841e-08,19418.25,18102.25,49.44157002,40.49729811,9.83043e-06,58327.35495,55270.82549,91.48210099,30.49053977,26843.85413,27074.15526,60.76103653,17.87972962,3.20229e-07,0.388065995,0.046952636,0.573382985,0.017848968,0.344919102,0.003231898,0.08188704,-0.587394801,1.09204e-05,0.655080898,1627,53,353225.7273,146684.0909,0.405812717,146684.0909,0.405812717,7.566159923,22.94827653,0.27747295,7.566159923,22.94827653,0.27747295,0.341079741,87660.15,0.341079741,87660.15,0.444245148,340086,0.444245148,340086,0.318464744,20587.42857,0.318464744,20587.42857,0.393848068,244163.1667,0.393848068,244163.1667,115.670619104693,3.26586622286793,4.41002282862401e-06,0.0019687543423263,0.000226608328890965,0.00018554817437977,3.82891340889304e-05,4.51702182647935e-05,6.04916954040527,74.8571428571429,6.04916957639298,0.000183324513128407,395.422955603821,1.29131449885459,0.220905527540408,330003.5,7.98744906772392e-06,247.427249575552,1.1101157248426,2.81092344889047,2.11196527369264e-05,2.83948315458946,1.09252944180665,104.196901742918,5.37369352548756e-05,859.628721359475,4.30073402529699,11.8250953030663,1.69484317394429e-05,171181.875,0.000780099675787562,0.000606832790573976,700.451252310955,1.98878216743469,0.281495121806544,1.98878211101503,329919.5,9.21654137785849e-05,5.0414584371284e-05,269.012572288799,2.45023995637894,553.654462620715,6.62846673582051e-05,0.000144124413129164,65.7714285714286,0.000315250585595852,0.0023305630972524,171181.875,2057.98825023106,2.53421533107758,193.969253686658,0.000126837362009903,1.24074912811721,47918.3798828125,2618.65137649811,0.000665687655626642,0.000352477989622934,8.54462747573853,162.338433569672,3.58791451645224,171259.75,0.000335226043145031,0.000641141445723929,1.4577686220004e-05,2.14990618923446e-05,78.7897049399801,8.54462746288872,329919.5,294.128442014422,6.56190495096198e-05,0.00552843499729651,15.001444146169,545.821897194448,842361.2625,0.00189769290785753,0.00356672732335217,0.179829097530235,288983.166666667,664.134180612583,16.2906980514526,1316,69709.328125,1.55043741207797,1.27217997374262e-05,7.69455474243091e-06,1408375.6875,14.8040561676025,198.765884399414,5.21964693069458,1331,0.000226855973843483,14.8040558764642,52.4751930236816,288911.25,34138.7,56.6,118.157284971961,0,1.29912342744715,0
"H19-16473 - 2",1,2,"11/5/2019",2002674,0,"5/20/1955 0:00:00",1,0,64,"Portugal",53,159,20.9643605870021,"ADPKD",4,1,55,0,1,2,1.2,50.54806367,0.98,64.45412668,1.11,55.50529876,1.06,58.2980425946335,0.9,70.06933326,5.88564533268325,0,0,1.02,59.55205808,0.313503871341625,0,0,0,0,1.05,0,"3/16/2025 0:00:00",50,1,1,0,"11/20/2019 0:00:00",0,1,1,2,4,2,24,0,0," ",0,0," ",0,0,0," ",0,0,0,0,2,1,76,0,0,170,75,25.9515570934256,1,0,"Stroke (hemorrhagic)",1,1,78.00146846,0,1.58,92,1,0,0,1,1,2,4,4,0,0,21.68220359,1,1,0,0,21.68220359,0.254373544,6.12244897959184,93,7,0.07,2.31043e-07,355643.543,211644.2704,270.1473297,116.3642817,1.73903e-08,68862.78571,19921.39504,120.2460834,36.38515379,9.27899e-06,45765.68072,49104.9664,77.41791907,25.89176208,26277.63216,29060.83403,55.77875862,12.80482591,1.34154e-07,0.376110122,0.082169014,0.424659387,0.007703579,0.431427435,0.001598735,0.193493929,-0.331618385,9.75625e-06,0.568572565,3735,54,393704.756,122334.3452,0.311114933,127063.4625,0.310934478,6.470773207,20.424479,0.330855492,6.470773207,20.424479,0.330855492,0.357921451,23419.03333,0.357921451,23419.03333,0.64341411,105326,0.64341411,105326,0.324463066,11675.95833,0.324463066,11675.95833,0.491754988,70391.33333,0.491754988,70391.33333,140.988044711162,2.47980241457576,1.49627534305155e-05,0.0015489456017592,0.000434659567436631,0.0060278689652515,0.000131015250502882,0.000108397442891233,6.67203778028488,63.9829195177582,6.67203768832667,0.000496959863869244,664.745726397092,1.03266047129085,0.203477671485132,64.6666666666667,1.58110207499874e-05,5.66666666666667,1.2254300799623,3.0562497698535,5.67410948093473e-05,2.87208278978973,11.8660194638157,117.620221524659,0.00995912300260127,713.556167149699,0.536106727358097,0.147231512448904,8.50296920946654e-05,449829.477777778,0.000499312393515106,0.000263408129211815,558.060002905079,1.76935607194901,0.188487273996381,1.7693561153937,60.1666666666667,0.000276510864259852,6.97798315842324e-05,9.23751427886258,1.6531311194102,836.219582216823,2.48441552463569e-05,4.91869552810692e-05,44.0246400424972,0.060952386376391,0.00181988194282757,366044.5,198.921007563801,1.03809523582458,270.532437221179,4.12826463303229e-05,1.50481664334089,85091.4574652778,2152.23903931435,0.000253768346580281,0.000112435379359663,10.6695209772159,238.097700511302,6.60798566180578,449923.333333333,0.000627950608730036,0.000524333167453718,4.69840643951729e-06,9.17317864713028e-06,115.524889093217,10.6695210071565,153220.333333333,3.88561808316413,0.0361385112446795,0.00450687798020881,178.602669626595,344.71475964719,197549.677781325,0.00125754473411314,0.00247815632064752,0.145231253065253,588.166666666667,101.328162304779,10.7937992640904,63113,8328.94140625,1.30029148129685,0.00246432495167777,0.0161495991552332,181924.645833333,11.6646169026693,10225.3837890625,4.00803959369659,63139,0.00995912300260127,11.664616960662,39.4408276875814,578.25,105326,195,508.671913712152,2.2370069026947,1.42633335040626,7246
"H19-18272 - 1",1,2,"12/3/2019",93000490,0,"6/22/1959 0:00:00",0,0,60,"Portugal",65,171,22.2290619335864,"Chronic glomerulonephritis (IgA)",2,1,15,1,3,1,1.71,45.26093984,1.74,44.32612862,2.03,36.84034213,1.45,54.8247032955789,1.34,59.52372745,2.34951207721055,0,0,1.47,52.60573109,-0.554743051394725,0,0,0,0,1.47,0,"3/16/2025 0:00:00",52,1,0,0,"12/10/2019 0:00:00",0,2,2,2,6,2,25,0,0," ",0,0," ",0,0,0," ",0,0,0,0,1,1,75,1,0,160,70,27.34375,1,0,"Stroke (ischemic)",1,1.1,52.40101671,0,1.73,96,1,0,0,0,1,2,3,3,0,0,9.884021453,0,0,0,0,0,0.230577995,0,119,0,0,2.76292e-07,301833.2017,138459.2036,262.3963853,81.4110487,0,0,0,0,0,1.60575e-05,37718.73417,37574.61963,71.36955747,23.71050464,0,0,0,0,3.57555e-07,0.583212734,0.083394224,0.605667252,0.019870816,0,0,0.137689834,-0.288347758,1.63338e-05,0,6916,154,309454.7457,18846.2069,0.06132638,31182.5,0.120930846,4.465156556,25.74032735,0.210434719,4.465156556,25.74032735,0.210434719,0.641026037,108182.6563,0.641026037,108182.6563,0.989359174,605466,0.989359174,605466,0.51554952,12510.625,0.51554952,12510.625,0.766502553,203854.6875,0.766502553,203854.6875,378.791040413903,2.99271565736343,1.65070018220194e-05,0.000731311300899514,0.000435298645082161,0.000108613741274945,0.000144709058043383,9.57692009818799e-05,10.9488543510437,68.6326574267124,10.9488544386338,0.000683004481679568,10.9526562705126,1.48415211690181,0.211177121545629,184,1.35112210409413e-05,14,1.63436027082112,2.96627715578688,7.7888873303687e-05,2.94549118078527,30.0960872326436,229.893778007233,0.0156675888144452,532.604356615941,0.108814692519522,2.66349012955375,0.000106565333719933,664.5,0.000162435111682068,0.00735008737460536,390.288633292394,1.87883462905884,0.101197602506169,1.87883463529856,138,0.000325632321515009,6.8870478426792e-05,319.151790994124,1.07301580905914,143.044983795427,0.0029940119760479,0.00293119588374256,52.2229822161423,0.000232236316719429,0.000808489063479958,664.5,2427.89484030269,1.35692131519318,0,0.0170319969691928,1.45030321994542,67.5999984741211,1582.42659015843,0,0.0588235294117647,8.6745276755475,491.156259812859,6.53743206824319,668,0.000444133488205663,0.000180143638064525,0.0016063110914059,0.0016907362523907,239.386963613412,8.67452766461799,138,23.0867927612304,4.52955730236081e-05,0.00127185972428965,0,412.048773235279,48662.2202563996,0.000300048962431907,0.0002690268162908,0,401513.557142857,783.912764528183,9.29379940032959,0,1890.77778320312,0,4.84525758114291e-06,0.00737457236518031,29963.457421875,5.13316655158997,0,2.01093857288361,0,0.056488037109375,5.1331665537246,17.9156581878662,401419.892857143,326831.875,693,0,0,0,0
"H19-18272 - 2",1,2,"12/3/2019",15053370,0,"1/17/1961 0:00:00",1,0,58,"Portugal",65,162,24.7675659198293,"ADPKD",4,1,33,0,1,2,1.24,50.44545487,1.33,46.37736773,1.51,39.82499481,1.29,47.8100727684365,1.5,39.4017518,-4.20416048421825,0,0,1.3,46.20521591,-0.401214214609125,0,0,0,0,1.3,0,"3/16/2025 0:00:00",54,0,0,0,"12/10/2019 0:00:00",0,1,2,1,4,10,25,0,0," ",0,0," ",0,0,0," ",0,0,0,0,2,1,75,1,0,160,70,27.34375,1,0,"Stroke (ischemic)",1,1.1,52.40101671,0,1.73,96,1,0,0,1,1,2,4,3,0,0,10.68498865,0,0,0,0,10.68498865,0.321635414,2.27272727272727,88,2,0.022222222,2.39462e-07,334344.0682,134332.4282,276.1435488,72.32472242,5.44232e-09,48348.25,5190.75,106.1324673,4.289450831,1.65283e-05,36850.24695,34432.65187,77.43128519,27.10930373,17583.1926,16039.83386,54.79477751,16.5739767,4.40828e-07,0.536869206,0.080062718,0.609072828,0.017850757,0.322325085,0.022186847,0.131450156,-0.193423314,1.73221e-05,0.677674915,6074,162,345605.5588,58209.71765,0.168515076,63921.81081,0.180923443,4.955176624,23.26901617,0.2549932,4.955176624,23.26901617,0.2549932,0.513603121,85636.75,0.513603121,85636.75,0.761265394,481150,0.761265394,481150,0.430991802,14910.21429,0.430991802,14910.21429,0.629258967,184653.9,0.629258967,184653.9,141.763367907133,2.89540243434806,1.01572372454699e-05,0.00193281046396899,0.000333435510317382,9.92489361593377e-05,8.89324554726163e-05,6.32761060864281e-05,5.19329357147217,42.4736842105263,5.19329376952907,0.000428518020222689,7.17221489908975,1.14029386543208,0.232171893602585,239676.105263158,1.52648346829204e-05,95.8163724082583,1.17783575620421,2.86021601890335,4.89269446090252e-05,2.70767074531537,1.35621321211601,120.359198776569,0.000127434251772337,622.523443735269,0.932901119984299,7.75490589380661,3.46889137244189e-05,54,0.000522116639986553,0.0625,492.024936674501,1.9180793762207,0.127272727272727,1.91807932422359,239611.236842105,0.000150553768993762,8.81621084993146e-05,322.673415012238,1,10.7184552923683,0.0181818181818182,0.0292494371533394,80.6583333333333,0.00022456860008683,0.00195498361065579,54,2499.67777704488,2.14761064554516,218.683303317468,0.142857142857143,1.27301840189547,7,1878.12090668999,0.000777202037243734,0,6.22945809364319,216.675980336314,2.97677125630731,55,0.000765800843587338,0.000389477543983214,0.0181818181818182,0,107.163717840617,6.22945811274315,239611.236842105,220.549857974441,4.41884338798432e-05,0.00520446073019224,203.355259704428,306.602741529738,315327.280230978,0.00118840110050849,0.000579543976283023,0.232981764757349,427553.422222222,825.265933271581,7.5312663714091,43157.5,78615.455078125,2.0415436779318,5.94239409451871e-06,3.01795286903074e-05,12085595.5,49.5757389068604,10203.26953125,1.4405198097229,43176,0.000478533902706157,49.5757380888373,165.024002075195,427458.9,53104.6666666667,81,270.850894316721,0,2.1068076669936,0
"H20-02897 - 1",1,2,"2/14/2020",19292924,0,"12/1/1951 0:00:00",0,0,68,"Portugal",61,162,23.2434080170706,"Other",6,1,24.9666666666667,0,1,2,1.95,36.78487681,2.12,33.27421408,1.99,35.89939651,2.01,35.2512533680444,1.33,57.14600142,10.9473740259778,0,0,1.51,48.46558563,3.3035830654889,0,0,0,0,1.51,0,"12/30/2025 0:00:00",51,0,0,0,"2/21/2020 0:00:00",0,1,2,2,5,4.17,18,0,0," ",0,0," ",0,0,0," ",0,0,0,0,1,1,69,1,0,160,75,29.296875,0,0,"Anoxia",5,0.8,79.70930029,0,1.19,70,0,0,0,1,2,2,5,4,0,0,52.9647,1,1,1,1,52.9647,0.246024434,12.962962962963,94,14,0.12962963,2.94474e-07,260279.1436,117847.791,240.0304912,71.11626295,4.38578e-08,89059,33763.29126,151.2441666,33.04956139,1.32513e-05,43624.34669,46886.72128,77.34001751,28.19623381,19470.7731,20576.56247,53.76371509,17.41715615,3.85322e-07,0.500539112,0.076645362,0.578080022,0.033687468,0.320960046,0.02526588,0.132586077,-0.580149754,1.50412e-05,0.679039954,4230,123,268315.7143,76120.16484,0.28627369,81997.90244,0.285055297,6.556762509,20.53784897,0.38657784,6.556762509,20.53784897,0.38657784,0.399690372,154183.5606,0.399690372,154183.5606,0.487761444,1889383,0.487761444,1889383,0.309618726,13565.2381,0.309618726,13565.2381,0.557315752,400265.625,0.557315752,400265.625,0,0,0,0,0,0,0,0,0,0,0,0,0,0,0,0,0,0,0,0,0,0,0,0,0,0,0,0,0,0,0,0,0,0,0,0,0,0,0,0,0,0,0,0,0,0,0,0,0,0,0,0,0,0,0,0,0,0,0,0,0,0,0,0,0,0,0,0,0,0,0,0,0,0,0,0,0,0,0,0,0,0,0,0,0,0,0,0,0,0,0,0,0,0,0,0,0,0,0,0
"H20-04374 - 1",1,2,"3/6/2020",19709165,0,"5/25/1961 0:00:00",1,0,58,"Portugal",73,176,23.566632231405,"ADPKD",4,1,42.5666666666667,0,3,1,1.3,47.66460978,1.54,38.895844,1.19,52.9994925,1.37,44.4797539804034,0.97,66.48121696,11.0007314897983,0,0,1.29,46.63536437,0.538902597399149,0,0,0,0,1.29,0,"3/16/2025 0:00:00",49,0,0,0,"3/13/2020 0:00:00",0,1,2,2,5,0,24,0,0," ",0,0," ",0,0,0," ",0,0,0,0,1,1,64,1,0,160,70,27.34375,1,0,"Stroke (hemorrhagic)",1,1.2,50.54806367,0,1.48,89,1,0,0,1,2,2,5,3,0,0,25.50621462,1,1,1,1,25.50621462,4.602240522,5.88235294117647,64,4,0.058823529,1.77092e-07,445600.0234,249451.2327,318.3117759,109.1072618,1.10683e-08,91206.75,4913.655875,143.4766837,6.55295651,1.21557e-05,47907.13487,44787.0008,81.97079389,29.94769647,0,0,0,0,3.12678e-07,0.493065901,0.07891229,0.582345692,0.020595306,0,0,0.135507639,-0.094053214,1.23439e-05,0,4393,113,471215.9667,112953.1333,0.236462456,121665.1481,0.24534384,6.204401949,22.17072084,0.331462147,6.204401949,22.17072084,0.331462147,0.534313541,54075.59091,0.534313541,54075.59091,0.583350961,161271.5,0.583350961,161271.5,0.590556561,19165,0.590556561,19165,0.435888255,115169.125,0.435888255,115169.125,179.0850698479,2.45749381269515,2.57051335348875e-06,0.00180487831223931,0.000153795668428486,0.000218291610166972,2.23605753270711e-05,2.57057560733863e-05,6.48046338558197,41.0753220356879,6.48046351463979,0.000124123627042248,425.51167461495,1.15817787022651,0.147072922124266,6006,4.03799127398286e-06,39.4705882352941,1.18873147654552,2.9021888677242,1.4269162531294e-05,2.86845256008987,3.97227740433278,148.652251103936,0.000829426479307842,960.524933262589,0.353846162230104,3.26462274704462,1.14075479475452e-05,188287.28125,0.0004985471467149,0.00049288961254035,803.577501882806,1.32406595349312,0.175759648858907,1.3240659572175,5998,8.09731031876008e-05,2.59342232312741e-05,273.852624023948,1.52240239828825,528.106916299975,5.22059075643482e-05,0.000100179936049863,40.8714443390759,0.000296703987256242,0.00215180057427115,188287.28125,2266.93412255557,1.39258778095245,316.466246594071,0.00010141739483466,1.20036317595089,32980.4094848633,2987.45243577772,0.000318953708912966,0.000327113885405258,7.93810382570539,1.7182626734588,4.3081495537284,188347.25,4.47164484064324e-05,0.000443085230323932,1.1642826919431e-05,1.57542564389965e-05,15.1327459504216,7.93810378799016,5998,22.561028345357,5.74327069911977e-05,0.0022973548827272,274.920328220482,1371.10201940326,473377.01875,0.000869219540132182,0.00073583402395582,0.173019363247907,351445.916666667,722.945155869536,11.3281656901042,91402.5,5037.29565429688,1.55360273188003,6.85690779706872e-06,0.000231866097394681,103620.994791667,7.98622544606527,13396.380859375,1.82683086395264,91455,0.0024959536897632,7.98622536311993,28.1291961669922,351360.916666667,90.5,1,425.304412582208,3.00471234321594,1.27779290913535,31046
"H20-04374 - 2",1,2,"3/6/2020",19209543,0,"10/27/1960 0:00:00",0,0,59,"Portugal",65,173,21.7180660897457,"ANCA vasculitis",2,2,36.1666666666667,0,1,2,1.48,54.16339138,1.4,57.89836037,1.39,58.39856124,1.33,61.1923217041336,1.39,57.3190686,-1.9366265520668,0,0,1.48,52.50501797,-2.1718259335334,0,0,0,0,1.48,0,"3/16/2025 0:00:00",46,1,1,1,"3/17/2020 0:00:00",0,2,1,2,5,0,24,0,0," ",0,0," ",0,0,0," ",0,0,0,0,2,1,64,1,0,160,70,27.34375,1,0,"Stroke (hemorrhagic)",1,1.2,50.54806367,0,1.48,89,1,0,0,1,2,2,5,3,0,0,38.15709359,1,1,1,1,38.15709359,3.169488305,2.5,82,1,0.012048193,2.34756e-07,445785.811,235668.1925,314.7554627,94.0986051,2.86288e-09,99650.5,0,165.1302516,0,1.89494e-05,42460.10568,38832.15006,81.33334891,29.93182509,22607.44286,24491.41271,60.49089154,18.55610907,4.49472e-07,0.670770434,0.104651006,0.804593954,0.030992038,0.333069035,0.009024599,0.130066856,-0.081344468,1.86537e-05,0.666930965,6619,157,468580.5694,89068.05556,0.19898934,149411,0.307662244,6.158984548,18.12036361,0.385747516,6.158984548,18.12036361,0.385747516,0.390864197,137842.881,0.390864197,137842.881,0.536561264,1046878,0.536561264,1046878,0.314296348,13285.95455,0.314296348,13285.95455,0.475088831,274855.5,0.475088831,274855.5,185.749745811071,2.29523056479933,1.69452694360174e-05,0.00120643918225129,0.000769388688944715,0.000148950239883469,0.000146810735462609,0.000213898676802934,6.5099230664117,34.5389584774333,6.50992302090263,0.000627041858047136,716.454788976803,1.07943729825839,0.15272347562228,49204,1.0713552440572e-05,51.8545454545455,1.25050078768974,2.99128921834425,7.24052019589261e-05,2.80916517615801,2.93589791861344,149.973145802509,5.15543884421236e-05,680.31424276412,1.61145899230367,0.112285455546043,0.00724318177500827,504737.462962963,0.000294757921684354,0.000264109948540226,457.656837756847,1.3677515898432,0.184073575372196,1.36775159192284,49169,0.000651857971095452,3.72056463655785e-05,317.489593568785,1.61434531211853,867.966680346968,2.40050741983664e-05,4.81918275204327e-05,26.25,0.000217409685517547,0.0011205945989161,467237.666666667,2604.91120170585,1.57864677906036,336.831434295307,3.89382704676878e-05,1.86131019014989,95793.6843532986,1966.07364811323,0.000342519493467759,0.000110844386619267,21.6939752366808,472.819498693432,18.0504804899043,504837.962962963,0.0037043658398889,0.000360058213924877,4.44166764869077e-06,7.62536539235774e-06,232.634887825379,21.6939753499621,49169,147.122398022871,4.07103447165297e-05,0.00246940790666418,0,219.077164466275,15679.9447710249,0.000749547865667868,0.00157558023901419,0.151911745781001,458860.111111111,853.755044528423,10.393798828125,0,166109.96875,1.3278690419754,5.13789696639908e-06,3.20837082160061e-05,21073052,67.7827682495117,0,3.19135233334133,0,0.000263891126283658,67.7827663071623,224.524063110352,458762.344444444,301776.7,882.8,0,0,0,0
"H20-08233 - 1",1,2,"6/23/2020",19779957,0,"5/19/1971 0:00:00",1,0,49,"Portugal",71,165,26.078971533517,"Diabetic nephropathy",1,1,52.2333333333333,0,1,2,1.02,67.43990143,1.2,55.49062773,0.97,71.6326556,0.92,75.8561387871226,1.02,66.19328036,-4.8314292135613,0,0,0.95,71.19734006,-1.16469968178065,0,0,0,0,0.95,0,"2/15/2025 0:00:00",44,1,1,1,"7/2/2020 0:00:00",0,2,1,2,5,0,18,0,0," ",0,0," ",0,0,0," ",0,0,1,0,1,0,35,0,0,174,65,21.4691504822301,0,0,"Head Thrauma",2,0.6,129.1019015,0,0.72,15,0,0,0,0,0,0,0,2,0,0,6.086860933,0,0,0,0,6.086860933,0.006963796,0,64,0,0,2.69236e-07,268083.0391,105313.7594,258.3400923,66.45150835,0,0,0,0,0,2.00286e-05,29548.61783,29989.54232,67.84988453,25.25783396,25688.16667,33743.39513,55.70496635,30.63424103,1.76686e-07,0.508807285,0.072177474,0.591817386,0.008526459,0.35500752,0,0.121959029,-0.414249436,2.0286e-05,0.64499248,4761,42,272049.4841,55251.36508,0.207106383,56433.78689,0.204233851,5.337144425,21.43886894,0.266795588,5.337144425,21.43886894,0.266795588,0.510061496,50211.6,0.510061496,50211.6,0.850404414,459597,0.850404414,459597,0.463846754,11442.95455,0.463846754,11442.95455,0.637152037,156825.375,0.637152037,156825.375,150.009084791178,3.70761090300699,6.74095225134548e-06,0.00239352342483972,0.000240966397319527,0.000230093393127176,5.86034885105999e-05,4.60287126226163e-05,9.30545043945313,77.2832569324156,9.30545042566182,0.000278809823044739,380.389893852675,1.91203770922303,0.190930125193756,18204,6.57702222700186e-06,129.75,1.43479585718526,2.92588469850679,3.20649496378987e-05,3.03685296624932,4.88168888474158,104.827412835555,0.000368748044370426,699.260241737422,0.111732845561859,4.51052610346627,2.55877928387949e-05,137370.125,0.000451333870623411,0.000710633812633915,611.873804313154,1.65913574695587,0.311104787993597,1.65913574457256,18197,0.000150004458000801,3.9426611977372e-05,191.736393259821,2.69864350557327,462.087262094225,9.11232683807866e-05,0.000188269511306538,95.3690303015445,0.00062043852307248,0.0016347061867049,137370.125,1503.2012095365,2.00838541984558,0,0.000176929865735338,1.14906652614651,42113.0322265625,2190.73036853377,0,0.000646646970013197,9.34895779446858,570.927815069461,5.90565107504717,137431,0.000155494017147733,0.000772029636955588,2.03971560403467e-05,1.39327322050251e-05,262.230814360174,9.3489578587808,18197,41,0.000135563297651258,0.00414930377150442,0,949.759757726253,197838.150724085,0.0012364805922997,0.00163747432286016,0,156447.833333333,494.218456356042,10.0914742946625,0,1692.10395507812,0,1.85337788250059e-05,0.000110326599639946,11375.22265625,4.25789079666138,0,2.1738377571106,0,0.00124114457132318,4.25789078452881,14.3937984466553,156388.527777778,459597,204,0,0,0,0
"H20-08288 - 1",1,1,"6/24/2020",19533043,0,"2/23/1978 0:00:00",0,0,42,"Portugal",85,170,29.4117647058824,"Chronic glomerulonephritis (unspecified)",2,2,28.4,0,1,2,1.17,79.82041893,1.39,64.911146,1.16,80.64685761,1.24,73.9826710864133,1.1,84.36509346,5.19121118679335,0,0,1.06,87.10938762,3.28167913339668,0,0,0,0,1.06,0,"3/16/2025 0:00:00",47,1,1,1,"7/15/2020 0:00:00",0,1,2,1,4,0,14,1,0," ",0,0," ",0,0,0," ",0,0,1,0,1,0,25,0,0,174,59,19.4873827454089,0,0,"Anoxia",5,0.9,121.5522926,0,0.73,16,0,0,0,0,1,0,1,3,0,0,17.8086,1,0,0,0,17.8086,0,0,14,0,0,1.45448e-07,331916.3571,167864.9512,276.1278711,111.1574119,0,0,0,0,0,1.02749e-05,58613.64813,156567.0548,81.16829129,41.75927324,21510.81886,22392.99444,60.73577268,20.35881492,1.35059e-07,0.52315146,0.048276686,0.602248601,0.011987588,0.50922971,0.000681598,0.080160727,-0.59368948,1.40974e-05,0.49077029,989,13,386543.5,148107.75,0.393661201,148107.75,0.393661201,8.071088685,19.21818112,0.431725097,8.071088685,19.21818112,0.431725097,0.488580497,119609.25,0.488580497,119609.25,0.658977737,211941,0.658977737,211941,0.318183257,27277.5,0.318183257,27277.5,0.658977737,211941,0.658977737,211941,0,0,0,0,0,0,0,0,0,0,0,0,0,0,0,0,0,0,0,0,0,0,0,0,0,0,0,0,0,0,0,0,0,0,0,0,0,0,0,0,0,0,0,0,0,0,0,0,0,0,0,0,0,0,0,0,0,0,0,0,0,0,0,0,0,0,0,0,0,0,0,0,0,0,0,0,0,0,0,0,0,0,0,0,0,0,0,0,0,0,0,0,0,0,0,0,0,0,0,0
"H20-08454 - 1",1,2,"6/28/2020",9168386,0,"5/15/1991 0:00:00",0,0,29,"Portugal",76,172,25.6895619253651,"Undetermined",5,2,19.1,0,1,2,1.64,57.70819863,1.7,55.27279547,1.51,63.72029809,1.59,59.5213234056624,1.46,65.1213936,2.8000350971688,0,0,1.45,64.84903158,1.3319270435844,0,0,0,0,1.45,0,"3/16/2025 0:00:00",46,1,1,0,"7/8/2020 0:00:00",0,2,2,2,6,2.04,10,0,0," ",0,0," ",0,0,0," ",0,0,1,0,1,0,43,0,0,174,70,23.1206235962479,0,0,"Head Thrauma",2,0.7,117.2483252,0,0.77,21,0,0,0,1,2,0,3,4,0,0,35.2158,1,1,1,1,35.2158,0.050527331,7.14285714285714,26,2,0.071428571,1.22342e-07,500979.6731,187606.3536,353.6607509,86.22620167,9.41091e-09,142650.5,4013,191.5488975,0.140956175,1.31517e-05,31358.98801,28755.03215,70.54291826,23.56917447,21243.88761,26591.88174,58.48396536,17.52888267,3.29382e-07,0.43841494,0.061290738,0.412425252,0.011763083,0.442871166,0.00646854,0.148610536,0.052032567,1.60306e-05,0.557128834,2795,70,500979.6731,223469.1923,0.475494214,229622.88,0.463185396,7.616169585,16.95050773,0.405292875,7.616169585,16.95050773,0.405292875,0.387867968,35091.94231,0.387867968,35091.94231,0.552269927,302213.5,0.552269927,302213.5,0.352548794,15253.79545,0.352548794,15253.79545,0.582123427,144201.75,0.582123427,144201.75,137.183545999625,2.7172460454435,4.28613486741629e-06,0.00129633541580625,0.00021701653512873,0.000127230971005342,3.68931972880832e-05,3.90811009146585e-05,4.866528235949,71.6460941021661,4.86652826258164,0.000190731581096855,818.508271915461,1.1721057217283,0.188235364893381,134863.333333333,7.95417931684136e-06,100.265187797515,1.26928126685483,2.79663390951418,2.21525237419311e-05,2.87285281389534,2.49934070675732,108.327494488777,3.82541556694593e-05,928.416969839231,2.12258935512148,0.740620470285506,1.54196991419706e-05,590036.5,0.000535213714576714,0.000203124241484445,822.181717423721,1.64845361159398,0.256467305624333,1.64845361149875,134800.333333333,8.06905973542508e-05,4.64185868374375e-05,252.393835044375,2.24528269767761,920.013277663466,2.02639295408556e-05,3.57118110829181e-05,123.568583553252,0.000394924264712272,0.00195255699455169,590036.5,1880.24862795969,2.10427868366241,399.571183592191,3.39209636761318e-05,1.13498748084452,151861.5796875,2935.09152776204,0.000231977124599308,8.81411223159556e-05,8.76593704223633,545.261910953417,3.3632592853834,590142.4,0.000126439814612272,0.000434697217317417,3.87374348752231e-06,5.88052694103232e-06,269.016728104406,8.76593699536214,134800.333333333,170.610940178647,9.08026321540605e-05,0.00424365556550009,391.546920856498,1130.56697859613,1399214.15,0.00136083036989168,0.00243033735383017,0.204890856403037,253112.666666667,623.929575955059,18.9824301401774,146663.5,5136.6633843316,1.79693452992602,1.82813509425112e-05,1.70027190421554e-05,67745.3284505208,9.69093942642212,27278.4296875,4.06725258093614,146721,0.000142415531021682,9.69093946249618,28.9095622168647,253029.166666667,302213.5,470,479.347261816453,0,1.64347690610314,0
"H20-10380_1",1,1,"8/4/2020",14003757,0,"10/2/1949 0:00:00",0,0,70,"Portugal",51.3,160,20.0390625,"Undetermined",5,2,41.8666666666667,0,1,2,1.74,41.65332994,1.69,43.13648752,1.52,48.98876813,1.6,45.7787402618091,1.2,63.85402917,9.03764445409545,0,0,1.38,53.32721247,1.88711805204773,0,0,0,0,1.38,0,"3/16/2025 0:00:00",45,0,0,0,"8/12/2020 0:00:00",0,1,2,1,4,8,12,0,0," ",0,0," ",0,0,0," ",0,0,0,0,1,1,63,1,0,160,68,26.5625,1,0,"Stroke (hemorrhagic)",1,0.6,100.7951313,0,1.3,78,0,0,0,2,3,2,7,4,0,0,62.4181,1,1,1,1,62.4181,0.273072577,25,6,2,0.25,1.19154e-07,229654.75,168206.2744,197.0971011,123.536362,3.97178e-08,276760.25,8412.25,255.26092,15.58405415,8.47976e-06,65108.91335,88017.3166,90.56150985,33.48741324,0,0,0,0,1.7873e-07,0.338348997,0.027364175,0.552107945,0.028824243,0,0,0.049563088,-0.575064273,8.63863e-06,0,427,9,275552.7,144187.2,0.474082799,141909.6667,0.476268069,7.581061576,24.28326578,0.338512498,7.581061576,24.28326578,0.338512498,0.340957763,173726.6429,0.340957763,173726.6429,0.419914892,1041597.5,0.419914892,1041597.5,0.336657167,12684.3,0.336657167,12684.3,0.351709254,576332.5,0.351709254,576332.5,159.292454953435,2.76936543790906,0.00726965334288467,0.00121234698001498,1,9.50035188697692e-05,0.0585034007117862,1,5.89726364612579,56.801861168444,5.89726369125353,0.0952380952380952,66.5807054209807,1.0274315767323,0.196195649483383,284972.5,0.00788954658621162,184.76863066012,1.41930668191802,2.68474913216706,0.0118343195266272,1.50706256461463,1.70734743227174,114.209092726625,6.04672357235678e-05,55.0729944176638,5.26090748342158,8.01012087531639,0.00907029505489635,18412,0.000511728823667418,0.00460323113552972,4.1267322984694,1.71946308016777,0.305555462421544,1.71946310168246,284893.5,0.00591715976331361,0.0118343195266272,320.655139523686,2.69180488586426,387.277485488137,0.000429161525669224,0.00165257566050859,60.6153846153846,0.000263122047373373,0.00199263703683777,18412,2376.37084989848,2.29895341396332,560.479996866471,0.001272119511278,13.3454245234396,5695.859375,101.970562748477,0.000321566672830028,0.00334418981194961,1,795.541494883362,0.00591715976331361,18641,6.06134186832397e-05,0.000418960269950006,0.000144402386452672,0.000182024444302586,418.001196170537,1,284893.5,235.076515324087,5.45879074784523e-05,0.00412741621603199,484.959285300105,1553.5088014401,196,0.00119045144922996,0.00277203466845719,0.326986265951479,394870.5,766.865832738611,21,268348,1469.4482421875,2.88599426016461,1.34900753434922e-05,8.07969311777727e-06,1945.23901367188,3.16299033164978,67110.5078125,4.81576776504517,268430,0.000259603059655254,3.16299026613313,9.99379920959473,394782.25,1041597.5,1770,708.617489477242,0,2.21282339133804,0
"H20-10380_2",1,1,"8/4/2020",79006376,0,"4/4/1963 0:00:00",1,0,57,"Portugal",64,160,25,"Undetermined",5,1,14.93,0,1,2,1.51,40.0734502,1.8,32.45652847,1.73,34.03876139,1.57,38.0056777599491,2.5,21.47820776,-8.26373499997455,1,1,2.55,20.714565,-4.32277818998728,1,1,0,0,2.55,0,"3/16/2025 0:00:00",42,0,0,0,"8/20/2020 0:00:00",0,0,2,0,2,0,13,0,0," ",0,0," ",0,0,0," ",0,0,0,0,1,1,63,1,0,160,68,26.5625,1,0,"Stroke (hemorrhagic)",1,0.6,100.7951313,0,1.3,78,0,0,0,0,2,2,4,5,0,0,43.4352361,1,1,1,1,43.4352361,0.555090326,0,10,0,0,1.18268e-07,382437.5,161746.5066,290.3898818,103.9914252,0,0,0,0,0,1.07269e-05,53920.45424,48391.99855,89.14391393,29.18688379,31674.23762,28423.27519,69.81296234,22.28231978,2.83843e-07,0.367954525,0.045230151,0.578400144,0.00674063,0.399167962,0.002515623,0.078198719,-0.546545445,1.13282e-05,0.600832038,907,24,424926.6667,149593.3333,0.34369995,149593.3333,0.34369995,7.29274277,21.99837731,0.411491215,7.29274277,21.99837731,0.411491215,0.423916327,19065.125,0.423916327,19065.125,0.361623495,41569,0.361623495,41569,0.444680604,11563.83333,0.444680604,11563.83333,0.361623495,41569,0.361623495,41569,157.685301385677,2.15488138647335,5.10905499558961e-06,0.00206914244586236,0.000368987535298675,0.0277777777777778,4.46855225862287e-05,7.71694356453138e-05,7.73448610305786,55.2380952380952,7.73448594530275,0.000239519503980606,564.259872272977,1.10922076862523,0.193242219515162,465333,8.71876851496091e-06,92.606529209622,1.98647399611823,0,2.73858347685065e-05,2.87154102169122,1.27422647752506,79.3794943673112,6.75594327382848e-05,839.841626069328,2.813939693246,24.7101323138484,2.18283317746142e-05,258776.5,0.00062551440100593,0.000592502160109726,670.56140309587,1.6260666847229,0.390601906725631,1.62606664197198,465175.5,0.000180106200284111,5.86288786633245e-05,3,3.36243224143982,588.203130562911,6.10028464196429e-05,0.000175938508167257,34.8214285714286,0,0.00225994059923337,258776.5,30.4142135623731,2.49518823623657,0,0.000111842477429478,1.26650418331524,101088.1640625,2531.84874101156,0,0.000354918506107841,15.5623367854527,210.250503764653,7.63965458727538,258801,0.000518568844476281,0.000792386651271167,1.29923464029885e-05,9.82625847961357e-06,99.7045635866283,15.5623367200449,465175.5,328,0,0.00517241379310345,0,378.735064736294,681606.75,0.00140178162476112,0.00241400939546125,0,36,22.9179863002353,8.59379959106445,0,2811.10546875,0,0.033650795618693,5.36215621122201e-06,31507.384765625,8.60622406005859,0,3.375901222229,0,0.000295998760743398,8.60622364534963,23.5906982421875,35,41569,104,0,0,0,0
"H20-10632",1,1,"8/6/2020",19754798,0,"8/31/1969 0:00:00",1,0,50,"Portugal",95,178,29.9835879308168,"Diabetic nephropathy",1,2,24.1666666666667,0,1,2,0.86,82.25039341,0.79,91.07173615,0.74,98.50495154,0.71,102.878612721639,0.78,90.76524398,-6.0566843708195,0,1,0.61,105.5158196,0.65930171959025,0,0,0,0,0.61,0,"3/16/2025 0:00:00",46,1,1,1,"8/17/2020 0:00:00",0,1,2,1,4,0,14,0,0," ",0,0," ",0,0,0," ",0,0,1,0,1,0,18,0,0,174,72,23.7812128418549,0,0,"Anoxia",5,1.5,68.77834293,0,0.72,14,0,0,0,0,1,2,3,3,0,0,9.68203326,0,0,0,0,0,1.348855998,0,40,0,0,1.5557e-07,500598.6,233617.1152,341.4850756,107.8372298,0,0,0,0,0,7.71626e-06,81574.77243,265251.5542,92.5165965,49.31402867,48056.60821,89379.01801,67.87104734,21.10325877,1.47791e-07,0.587270616,0.077878042,0.629452469,0.011608748,0.33781573,0.019015747,0.123723468,-0.707610182,7.62089e-06,0.66218427,1984,38,526844.5789,139719.8421,0.271527296,139719.8421,0.271527296,7.322060117,18.14400369,0.470530687,7.322060117,18.14400369,0.470530687,0.490902663,138869.4,0.490902663,138869.4,0.633040779,823281,0.633040779,823281,0.442870131,17196.07143,0.442870131,17196.07143,0.602978572,422773.8333,0.602978572,422773.8333,178.143829661439,1.26491106406735,4.07270851078318e-06,0.00172648142309623,0.000217220871783114,0.00411798685741878,3.53926427295277e-05,4.16606267596305e-05,9.52197790145874,97.3056753000521,9.52197815619223,0.000175616012722399,525.660625569521,1.46045677990146,0.223501856527143,117,4.48848092821517e-06,8,1.39308623596451,2.1549180578622,2.02090955663873e-05,3.07195118967509,2.08650353909073,129.852443479585,0.0173704705686651,975.580829559832,1.68981960802938,1.89338123288929,1.59700959880106e-05,264563.590909091,0.000406292142493906,0.00042591184842502,823.858099865896,1.9558909535408,0.27182299596557,1.95589095824137,112.5,0.000130137727543923,2.70494019413971e-05,21.0237960416286,2.36697662960399,636.450098985665,4.51337604607102e-05,8.88910666016491e-05,139.880082612624,0.00930232558139535,0.00137769364951595,264563.590909091,407.835569799683,1.04999995231628,0,8.41659162426502e-05,1.19248770338167,71194.5102982955,3024.26717924077,0,0.000231183154198623,15.0002889279966,102.885819249164,9.08726432018514,264641.454545455,4.80280121420418e-05,0.000554643716750082,9.66870568924877e-06,1.27069438582234e-05,51.0881590977792,15.0002890412921,112.5,8.06225774829855,0.00354819048282712,0.00360086022962945,0,2077.35508525219,522064.1875,0.00106538645828545,0.00184921970389539,0,3786,177.50435197872,23.6891489028931,0,207218.359375,0,0,0.00897435856680585,11313743,25.2565975189209,0,3.90741562843323,0,0.0358709392384586,25.256596688931,127.356651306152,3737.5,9844,18,0,0,0,0
"H20-11613 - 1",1,2,"8/27/2020",4008508,0,"6/30/1958 0:00:00",1,0,62,"Portugal",56,154,23.6127508854782,"ADPKD",4,1,25.2666666666667,0,1,2,0.6,101.4239599,0.71,96.07580142,0.81,82.02420157,0.85,76.9343547758865,0.8,81.71711529,2.39138025705675,0,0,0.8,80.70696427,0.943152373528374,0,0,0,0,0.8,0,"3/16/2025 0:00:00",41,1,1,1,"9/3/2020 0:00:00",0,1,0,1,2,0,17,0,0," ",0,0," ",0,0,0," ",0,0,0,0,1,1,68,0,0,174,69,22.7903289734443,0,0,"Head Thrauma",2,0.6,105.1476058,0,1.08,59,0,0,0,1,2,2,5,3,0,0,50.3458,1,1,1,1,50.3458,1.083654264,2.77777777777778,71,2,0.02739726,1.34e-07,458066.2958,218737.8369,325.5308755,109.3968796,3.77464e-09,166786.25,5061.25,199.9522539,0.310074024,9.54607e-06,52328.62732,49027.7186,79.87574027,28.73340743,28965.10797,34677.08145,58.42771883,17.70082076,2.35915e-07,0.490451726,0.061380808,0.499532881,0.033130761,0.327599053,0.007724376,0.122876411,0.218347754,9.93916e-06,0.672400947,5058,125,485172.2239,184853.209,0.383757145,184853.209,0.383757145,6.530442109,26.79337874,0.24532677,6.530442109,26.79337874,0.24532677,0.428665549,113412.5357,0.428665549,113412.5357,0.522631991,637979,0.522631991,637979,0.388335224,21151.92857,0.388335224,21151.92857,0.468995875,205673.1429,0.468995875,205673.1429,238.586953254437,2.68651303837016,0.000592171473540336,0.00106898924748865,0.00646420723212153,0.000139850739877074,0.00512273207656052,0.00220520342668125,9.13755810260773,69.1957811743398,9.13755814659068,0.0141001583044501,563.315397906222,1.21521290233274,0.19703636753896,1819.5,5.8812699403474e-05,50.0476190476191,1.40605746418565,2.84024724419988,0.00162856204605596,4.50823751875434,7.38739652344914,170.715177139788,0.000580475567593977,117.246314580172,2.07348467405474,0.0284882978058898,0.0199982782204946,321856.833333333,0.000226099274238379,0.000378103042658193,68.5934313615243,1.7083595842123,0.247884023298375,1.70835959050382,1802.25,0.00571235060166283,0.000107680614199572,399.517772894224,2.15614150365194,710.139206404736,4.06789289736063e-05,8.36091197906771e-05,107.90802919708,0.000169796199259979,0.000911717137674853,321856.833333333,2989.6681440097,1.45668321847916,413.066632702693,7.28671600461173e-05,1.7649052248211,78466.0302734375,349.255880016466,0.000194347551667032,0.000168702510408623,8.46454262733459,433.790591673603,7.47656627975799,321937.1,1.71967846477378e-05,0.000323652367495868,8.36300685830433e-06,1.33087704606374e-05,189.310770317814,8.46454263462056,1802.25,12,3.26282880553928e-05,0.00198807217012326,407.37400833655,3027.08362005818,17.9984512329102,0.000509992537868542,0.00125349363098615,0.186949760411092,617695.405405405,948.13854520843,28.5906982421875,161725,1753.99468994141,1.62590012727675,5.49972393430149e-06,0.000802822891616114,14011.861328125,6.86672520637512,29248.1796875,4.01953998208046,161767,0.000870673461842653,6.86672517700193,19.3875980377197,617590.108108108,224904.5,299.333333333333,506.834195110786,0,1.61565374178313,0
"H20-11613 - 2",1,2,"8/27/2020",19707332,0,"10/2/1957 0:00:00",1,0,62,"Portugal",75,172,25.3515413737155,"Chronic glomerulonephritis (IgA)",2,2,37.3,0,1,2,1.14,54.42998476,1.21,50.67358028,1.58,36.79048643,1.58,36,0,0,0,0,0,0,0,0,0,0,0,0,1.66,34.376918,"2/17/2021 0:00:00",6,0,0,0,"9/23/2020 0:00:00",0,1,0,1,2,0,20,0,0," ",1,6," ",0,1,1,"2/17/2021 0:00:00",2,1,0,0,2,1,68,0,0,174,69,22.7903289734443,0,0,"Head Thrauma",2,0.6,105.1476058,0,1.08,59,0,0,0,1,3,2,6,4,0,0,14.40773584,0,0,0,1,0,0.405829563,15.5555555555556,78,14,0.152173913,1.4529e-07,435245.0769,215714.7529,312.067157,98.30486226,2.60776e-08,145802.0714,82538.42066,175.6912364,70.18508814,8.10269e-06,55082.12621,72951.65223,84.3631878,35.23479723,20843.78876,27128.52028,55.09403067,17.6617481,4.32143e-07,0.444819736,0.063236552,0.446313129,0.074848907,0.287645198,0.010821647,0.141686515,-0.21977718,1.10542e-05,0.712354802,4350,232,440860.2273,216618.5844,0.508919063,232227.7465,0.511479457,7.553512041,23.35737248,0.259431525,7.508250199,24.08187759,0.252659563,0.348629523,253797.0455,0.348629523,253797.0455,0.306097023,2598177.5,0.306097023,2598177.5,0.357144298,17169.88889,0.357144298,17169.88889,0.310313033,1318619.25,0.310313033,1318619.25,208.365311527397,2.87337901644906,1.98685042404035e-05,0.000988827119396276,0.000808458648602008,0.0080392616279713,0.000172001734930618,0.000213198172681825,7.33843885149275,48.2523329103094,7.33843888279156,0.000880762205648412,565.405603512977,0.922122470739631,0.17685312253843,605106.333333333,2.1325448288059e-05,85.1352360967562,1.41003347974729,3.06824335261464,0.000101635606265218,2.76925859184392,1.23538417340547,147.357309383896,2.21616503346613e-05,562.664905335365,2.15273397667403,5.90779538716312,9.61506400688773e-05,336029.7,0.000291219615584517,0.00080329300668602,411.911796823676,1.55822234494346,0.209058527462107,1.55822233651733,605001.833333333,0.000518886376515592,0.000103899557496473,30.0166620396073,1.81479427814484,727.483705300254,4.42615649183812e-05,0.000177290128711391,54.1083916083916,0.0146967635435217,0.00113137908531273,336029.7,311.432503525603,1.82454007863998,363.471083781065,7.471774797354e-05,1.4394136696402,70171.0764648437,1684.92369696724,0.000385698578416008,0.000196302695394919,20.1595404364846,91.5246822746755,13.1213995239191,336113.433333333,0.00077395547666457,0.000322924681415842,8.61923899273619e-06,2.70406038537988e-05,46.0977222864644,20.1595404223148,605001.833333333,384.185493327938,0.00514933922711541,0.00245057549598038,475.30810938625,360.249783362056,148459.893643466,0.00061581149691966,0.00204328038268472,0.206988268767663,2957,140.050816317385,15.6891489028931,184265.25,576617,1.81376939639242,0.000380522381586121,3.15804354518114e-06,22743092,44.1944694519043,38136.5693359375,4.78232727731977,219161.5,0.000114761998076009,44.1944680867602,214.199722290039,2878.5,7344,18,590.274206710731,2.64117407798767,1.5030765799168,37020
"H20-11850 - 2",1,2,"9/1/2020",19461038,0,"4/27/1960 0:00:00",0,0,60,"Portugal",68.5,164,25.4684711481261,"Alport Syndrome",2,1,51.3333333333333,0,1,2,3.86,17.03782427,3.35,20.1959893,4,16.32476397,3.11,21.9434760954105,2.25,31.95927037,5.00789713729475,0,0,2.27,31.23078019,2.32182602364738,0,0,0,0,2.27,0,"3/16/2025 0:00:00",43,0,0,0,"9/18/2020 0:00:00",0,0,2,2,4,0,21,0,0," ",0,0," ",0,0,0," ",0,0,0,0,2,1,66,1,0,160,50,19.53125,1,0,"Stroke (hemorrhagic)",1,0.8,81.21046918,0,1.61,93,1,0,0,1,2,2,5,4,0,0,8.270300543,0,0,0,1,0,3.874253676,5,79,4,0.048192771,1.79464e-07,399197.8544,306938.4546,270.7991098,153.6737267,9.08681e-09,265179.5,139795.8229,252.5868616,70.38556218,8.87327e-06,50406.23425,54462.2803,83.57056565,35.35080553,21438.62356,25676.39364,57.63308938,20.59721709,4.2708e-07,0.519937362,0.071641836,0.447268087,0.066944124,0.261709126,0.031456505,0.160176499,0.163882772,1.06722e-05,0.738290874,3906,188,463220.0735,118311.8824,0.26975525,132305.65,0.274555363,6.57831091,24.19216804,0.296573049,6.57831091,24.19216804,0.296573049,0.431376007,43457.87931,0.431376007,43457.87931,0.42021025,200617,0.42021025,200617,0.404214293,14519.375,0.404214293,14519.375,0.49173537,107765.6667,0.49173537,107765.6667,143.382461829939,2.79918954029461,0.00266376517173815,0.00130121083834884,0.129710408947704,0.00036430143061709,0.0262701877486131,0.125107503577135,4.59971335530281,52.4554159734998,4.59971334145417,0.0381084860698338,813.579619287727,0.77609034861784,0.179158115757609,566264,0.00500783578904107,490.12030075188,1.47084331590846,2.94049071618706,0.00390227055592953,2.67805656548266,1.2065687495509,105.588713758615,1.9258815402197e-05,108.275115162086,2.14442191122669,4.77202638698557,0.00865887569509191,673238.805555556,0.000575001584036619,0.000241380978549721,7.91972066880975,1.59284421801567,0.265248482878923,1.59284421707969,566178.5,0.0120020144423681,0.00864497179019661,214.310019139208,2.30642588271035,1044.09451160975,1.89437561627678e-05,4.79373785462299e-05,79.5579746763061,0.0011905342526712,0.00196630051098954,611184.194444444,1798.49305854635,19.955135345459,715.256895502178,3.24444075767993e-05,16.6528641309999,179971.526258681,180.721382573754,0.000176894842843546,9.78187050367819e-05,1.15231036056172,228.600547760042,0.637026797340266,673349.805555556,5.10509612568745e-05,0.000435030802594912,3.73400015279684e-06,4.65943411225291e-06,107.512016387848,1.15231036337098,566178.5,379.325717556825,0.000343437993180462,0.00478260214671391,379.851755830018,1846.11125411925,397.40691653165,0.00157564215876771,0.00263154847660536,0.217004924427451,217145.516129032,587.336193351358,22.5793304443359,137753.5,2936.1542857777,1.85862815629686,6.02995045733071e-05,3.52399858466351e-05,54051.1606889205,9.20355094562877,26002.244140625,3.81846979260445,137795,0.000107934434761216,9.20355089035018,28.1436238722368,217072.016129032,68766.3571428571,102.142857142857,462.207233507953,5.4438042640686,1.6748627465781,189338
"H20-12526 - 1",1,1,"9/13/2020",19782090,0,"4/10/1958 0:00:00",1,0,62,"Portugal",79,170,27.3356401384083,"Chronic glomerulonephritis (unspecified)",2,1,26.3333333333333,0,1,2,1.42,41.81942152,1.32,45.64942556,1.17,52.75953998,1.57,36.842020834194,2.15,24.95139662,-5.945312107097,1,1,1.52,37.3599848,0.129490991451499,0,0,0,0,1.52,0,"3/16/2025 0:00:00",43,0,0,0,"10/12/2020 0:00:00",0,1,0,1,2,39,16,1,0," ",0,0," ",0,0,0," ",0,2,0,0,0,1,66,0,0,174,72,23.7812128418549,1,0,"Stroke (ischemic)",1,0.9,94.19369713,0,1.31,79,0,0,0,0,2,2,4,4,0,0,46.4931,1,1,1,1,46.4931,2.142782574,0,19,0,0,2.84334e-07,253178.3158,166325.3274,223.5657654,99.41264939,0,0,0,0,0,1.16727e-05,45849.42115,45307.70269,80.53380598,26.99726371,28348.91438,33659.18857,62.57115867,20.73008327,2.84334e-07,0.312942172,0.071987318,0.535185509,0.03544327,0.399540203,0.024759202,0.134509094,-0.521328575,1.29384e-05,0.600459797,780,19,253178.3158,106799.1053,0.442285389,130336.4,0.421295666,7.382425251,26.14198907,0.275411796,7.382425251,26.14198907,0.275411796,0.400483478,262005.125,0.400483478,262005.125,0.135936538,1018336,0.135936538,1018336,0.320099885,7868.666667,0.320099885,7868.666667,0.448713634,414487,0.448713634,414487,503.062558187603,2.47854585738813,1.26249590589677e-05,0.000651293428042253,0.000594440676204757,0.000594616658004601,0.000109697385770157,0.000121258115311682,9.22144794464111,57.64,9.22144831297331,0.00055628544350127,689.840080769139,1.43613171151831,0.179579275734995,19255.5,2.82131808693034e-05,95.56,3.22977104929176,3.0621798786258,6.39760623363821e-05,2.77730541837659,3.40395821526314,155.757962564534,0.000203658543304799,566.793469722066,2.14371675318687,0.668546872426832,4.25824857816605e-05,488545,0.000130000771704145,0.0003766727609223,486.72814215223,1.53075444698334,0.303534751252898,1.53075443349887,19234.5,0.000135155865648426,0.000144720785055153,183.108322574242,2.63953847885132,919.312050661253,2.79808561913424e-05,8.05644644397964e-05,70.498075764047,0.000946602772438804,0.000575493299248649,488545,1666.82106690083,1.68241363763809,0,4.80570337894094e-05,1.16820186165292,147699.9796875,1754.72427022711,0,0.000115174753038869,5.85161237716675,88.6821992322375,1.50802509465087,488653.4,1.37976378210459e-05,0.000187683388855578,5.52948261502443e-06,1.00429417272977e-05,44.7989910403689,5.85161226644183,19234.5,45.6228339910959,0.000212050319493302,0.00107510407545102,0,3935.94314319962,741140.9125,0.000265571555687602,0.000831360254655708,0,175015.428571429,594.100807271863,61.2798442840576,0,14644.16796875,0,3.65159561571542e-05,8.98629985116988e-05,1264570.4453125,14.2440714836121,0,4.19603490829468,0,0.000667938008570866,14.2440717581943,67.2643508911133,174927.571428571,7868.66666666667,24.3333333333333,0,0,0,0
"H20-14058",1,2,"10/7/2020",19690413,0,"8/19/1985 0:00:00",1,1,35," ",57.5,160,22.4609375,"ADPKD",4,1,29.1,0,1,2,2.01,32.59987767,1.25,57.6446788,1.46,47.84403642,1.26,56.7421225640754,1.69,39.39890674,-8.6716079120377,0,1,1.49,45.26084723,-2.87031883351885,0,0,0,0,1.49,0,"3/16/2025 0:00:00",41,1,1,0,"10/15/2020 0:00:00",0,1,2,0,3,4,17,0,0," ",0,0," ",0,0,0," ",0,0,1,0,0,1,57,1,0,160,70,27.34375,1,0,"Stroke (ischemic)",1,0.6,104.6274403,0,1.17,68,0,0,0,1,1,0,2,4,0,0,10.99564233,0,0,0,0,10.99564233,0.097286323,7.69230769230769,47,4,0.078431373,1.29699e-07,346916.6915,167471.258,278.8511347,94.2890642,1.10382e-08,92792.625,43304.80193,145.4989352,34.07799654,7.83712e-06,70323.80687,544405.5985,82.83528187,44.11141726,24741.66085,91057.05672,60.3178005,19.35158599,2.40081e-07,0.499931592,0.044994696,0.551136258,0.013526201,0.351605537,0.010116258,0.081639877,-0.561800332,1.12905e-05,0.648394463,2840,87,362286.3111,105547.6667,0.315679485,111203.4286,0.298369002,7.620518911,14.97525946,0.457291745,7.620518911,14.97525946,0.457291745,0.45659673,65731.125,0.45659673,65731.125,0.699581511,388551,0.699581511,388551,0.400470769,21014.54545,0.400470769,21014.54545,0.580073846,164107.6,0.580073846,164107.6,195.172534711535,3.00716783551399,0.00906432720652798,0.00094541249458189,1,0.000262181433459946,0.0861111084620158,1,5.66419305801392,59.4727856989248,5.66419300671882,0.116666664679845,38.4445641359428,1.4792501222198,0.188366357738532,338951.064516129,0.0138231453142668,215.559787604806,1.46323991491811,2.92419380255287,0.0122807015452469,3.2416667811476,1.70690290649169,135.758461027743,7.26854947401952e-05,21.779275240848,1.93840154200827,8.40778986776297,0.0156023620378853,2089.5,0.00034657326032818,0.00742672936202658,7.04249160375272,1.63735282421112,0.699168759300595,1.63735282176224,338867.564516129,0.0087719298245614,0.0263157894736842,314.784964637905,2.01960706710815,72.5939312191359,0.0026666666212536,0.00244702115513856,84.85769211145,0.00041427668746389,0.00146767517963986,2089.5,2649.83155896541,2.47817312517474,280.070030286203,0.00277800146782415,3.09255253201047,1468.25439453125,52.6629509039023,0.000459600580327936,0,1,134.011231036546,0.0087719298245614,2100,9.06329919523985e-05,0.000279643760552114,0.000961717651003883,0,67.0424127559276,1,338867.564516129,279.830409755755,8.3770106654799e-05,0.0027317523947988,355.637121693017,1222.74608512102,159.159698486328,0.000768116610752409,0.00202486900423955,0.180602629656684,414236.571428571,812.912608170959,16.889922618866,136521,78597.6328125,1.56325872534143,5.86711315413633e-06,3.6622959618528e-05,10631365,51.1002922058105,24467.22265625,4.87246141433716,136606,0.00022990886682554,51.1002936808156,163.570571899414,414142.107142857,21029.0833333333,42.3333333333333,490.738565146233,4.42827177047729,1.57497410082073,25124
"H20-14222",1,2,"10/10/2020",19752002,0,"11/19/1959 0:00:00",0,0,60,"Portugal",62,170,21.4532871972318,"ADPKD",4,2,22.8666666666667,0,1,2,1.95,38.66138131,1.32,61.74903612,2.07,35.98773267,1.39,57.6766639207598,1.1,75.43009511,8.8767155946201,0,0,1,83.52449573,6.46195795231005,0,0,0,0,1,0,"3/16/2025 0:00:00",41,1,1,0,"10/26/2020 0:00:00",0,2,1,2,5,0,24,0,0," ",0,0," ",0,0,0," ",0,0,1,0,2,1,61,0,0,174,95,31.3779891663364,1,0,"Stroke (hemorrhagic)",1,0.8,100.6873575,0,1.12,64,0,0,0,1,2,2,5,5,0,0,55.9996,1,1,1,1,55.9996,0.330828903,12.8205128205128,69,9,0.115384615,1.50597e-07,487974.8696,188060.2141,338.3334649,83.4293235,1.96431e-08,94935.16667,41779.33103,144.9294582,42.26118426,8.71938e-06,46697.71289,42242.92039,81.719169,27.30133054,23781.08907,23935.95929,56.62619318,18.54670745,3.95046e-07,0.508198589,0.073487779,0.407174875,0.110647739,0.370026456,0.013887674,0.180482107,-0.001857693,1.14416e-05,0.629973544,3995,181,495121.1029,151932.1912,0.300383787,153879.9552,0.303740642,6.558647848,15.72605472,0.409356042,6.558647848,15.72605472,0.409356042,0.441144243,100082.9643,0.441144243,100082.9643,0.49938698,849573.5,0.49938698,849573.5,0.38487664,19182.5,0.38487664,19182.5,0.516167714,207950.25,0.516167714,207950.25,204.041300112927,3.17614775312585,4.55493725327178e-06,0.000845680925235045,0.000251382254748604,0.000143144890605076,3.94427490410423e-05,5.02816983720353e-05,4.64072256088257,59.135240810818,4.64072258774099,0.000200010398930696,434.93859815848,1.66917290776501,0.173721197165921,2054,8.04351832729298e-06,39.8333333333333,1.41518979955507,3.35926968319533,2.30875380472442e-05,3.12247614031447,6.56319891180328,145.840513003953,0.00189504245007746,865.624242650635,1.76946546100986,1.84766635319042,2.0769013269636e-05,185910.833333333,0.000235071038789191,0.000579977719493675,698.578663409012,1.50398004055023,0.286440039724658,1.50398006377364,2031,0.000122424547890439,5.61913832514129e-05,379.200497786005,2.49472174379561,539.17321128676,7.40801040722021e-05,0.000167963253141733,83.2766323024055,0.000171053088174139,0.00100729395728152,185910.833333333,2895.91402541873,1.98167252540588,280.65760637397,0.000133641312814568,1.25052299061594,52366.4166666667,2631.04935689098,0.000383738536263023,0.00046194928958758,10.3578876827074,236.176806525745,5.11316681248519,185983.222222222,9.1144845025291e-06,0.000204461266779449,1.53270748727724e-05,1.47006969194848e-05,118.028401340991,10.3578876090213,2031,20,3.14301938601024e-05,0.0021043107897775,286.164830363894,3448.08571209924,661188.511548913,0.000579701846339188,0.000723208378569561,0.164170834415309,578021.805555556,950.283237600843,20.9844970703125,86529.25,1742.32525634766,1.44388670445435,4.75111841146896e-06,0.000964787013342689,37701.966796875,8.16343259811401,16048.7622070312,3.07578859329224,86581,0.00447755570304893,8.16343264383401,28.27978515625,577912.152777778,69483.5833333333,106.833333333333,390.571346651649,3.05981087684631,1.60273542300113,2118
"H20-14245 - 1",1,1,"10/10/2020",97014437,0,"5/16/1967 0:00:00",0,0,53,"Portugal",80,177,25.5354463915222,"ADPKD",4,2,22.2333333333333,1,3,1,1.7,47.60880139,2.16,35.71753278,2.06,37.80813796,2.57,28.8141092062041,0,0,0,0,0,0,0,0,0,0,0,0,1.6,50.59365322,"4/18/2022 0:00:00",18,0,0,0,"10/21/2020 0:00:00",0,1,1,1,3,0,24,1,0," ",1,6," ",0,1,1,"4/18/2022 0:00:00",2,1,0,0,1,1,74,0,0,174,70,23.1206235962479,1,0,"Stroke (hemorrhagic)",1,0.8,92.86709158,0,1.48,88,1,0,0,1,2,2,5,2,0,0,46.8135,1,1,1,1,46.8135,0.62113232,8.33333333333333,11,1,0.083333333,9.60803e-08,481940.0455,192327.4169,337.526253,87.87921135,8.73457e-09,77817.5,0,143.4224529,0,9.8526e-06,52144.58378,55956.41579,85.71412916,30.94638085,21433.29712,22527.37041,57.36891357,20.25775027,2.62037e-07,0.290612641,0.046304955,0.513759748,0.027528366,0.303709129,0.021007543,0.09012959,-0.533083624,1.06387e-05,0.696290871,1128,30,481940.0455,261123.3636,0.522057154,261123.3636,0.522057154,8.862089089,25.72410681,0.244785702,8.862089089,25.72410681,0.244785702,0.311593186,64676.45,0.311593186,64676.45,0.362290131,256827.5,0.362290131,256827.5,0.259868554,14475.92857,0.259868554,14475.92857,0.432283994,181811,0.432283994,181811,175.959119867698,2.55427298648292,2.00758472349161e-05,0.000606474744132848,0.000775988599014595,0.000161449353611585,0.00017396881784084,0.00018913561692446,3.90112924575806,50.6362762905051,3.90112921646007,0.000805533675429563,859.04014978748,1.25165145262728,0.170366730068151,361122,2.78833638541931e-05,101.671455318755,1.25996470004799,2.58695144632744,9.29377660328943e-05,2.55605344446486,1.04514966405409,142.207289349154,4.34331021133083e-05,522.317951302967,3.57782766790416,4.7947189870482,6.57013072430536e-05,650439.333333333,0.000374152925528944,0.000357836492411042,355.027170080009,1.51898157596588,0.241409814159064,1.51898159977637,361002.5,0.000357219946659099,0.000137556659209878,370.648307624449,2.11249502499898,970.387443800664,1.71271927247729e-05,8.03125843317767e-05,62.45625,0.000186389847294351,0.00135155209879053,650439.333333333,3030.14754519511,2.08829569816589,286.715567326581,2.84615454530703e-05,1.46735609521848,157100.84375,1490.20728624994,0.000344222794105594,7.50570241775502e-05,11.8761353492737,310.787957322282,5.43149769033873,650545.333333333,9.58058887201727e-05,0.000219819848329136,3.25109832028113e-06,8.22713232599205e-06,148.045669609091,11.87613518968,361002.5,327.574734797233,3.39086661476949e-05,0.00255134724377507,0,1181.24177413534,245400.9609375,0.000757384727826588,0.00318866062751937,0.17051679209659,584517.75,1002.06665182419,36.1968994140625,0,2151.69891357422,1.55882753766299,8.36300484013666e-06,5.79679587036302e-06,7692.40869140625,5.48065388202667,0,5.49101607004801,0,0.000152393047428116,5.48065390950706,15.6891489028931,584426.625,227534.25,398.5,0,0,0,0
"H20-14245 - 2",1,1,"10/10/2020",84006874,0,"9/26/1958 0:00:00",0,0,62,"Portugal",74,167,26.5337588296461,"Diabetic nephropathy",1,2,26,0,1,2,1.94,38.4197743,1.98,37.49027765,1.96,37.94980944,1.79,42.0525407500744,1.9,38.66424563,-1.6941475600372,0,0,1.53,49.52017037,1.8669074049814,0,0,0,0,1.53,0,"3/16/2025 0:00:00",40,0,0,0,"10/23/2020 0:00:00",0,1,1,1,3,2.7,24,0,0," ",0,0," ",0,0,0," ",0,0,0,0,2,1,74,0,0,174,70,23.1206235962479,1,0,"Stroke (hemorrhagic)",1,0.8,92.86709158,0,1.48,88,1,0,0,0,3,2,5,2,0,0,41.2467,1,1,1,1,41.2467,5.863783474,0,7,0,0,1.0521e-07,261248.7857,220360.9142,236.1510856,105.2504859,0,0,0,0,0,8.37171e-06,46803.69569,57299.9511,74.16253957,32.49071604,33739.36387,40278.78148,64.39979991,20.69406451,5.7114e-07,0.301592524,0.027485982,0.391826932,0.048749154,0.473625167,0.008244907,0.070148272,-0.112061025,1.00911e-05,0.526374833,557,38,261248.7857,138495.7143,0.581421846,176770.8,0.573414294,7.369764932,29.80857146,0.251754297,7.369764932,29.80857146,0.251754297,0.383006283,207907.5,0.383006283,207907.5,0.500967742,904031.5,0.500967742,904031.5,0.213780977,10256.5,0.213780977,10256.5,0.495823154,339674.8333,0.495823154,339674.8333,188.498022933329,2.93645436653903,4.06015931222834e-06,0.00127794361230946,0.000365748273708245,0.000130691508222096,3.50083276738242e-05,0.000106617189158185,8.91494274139404,76.3548387096774,8.91494234925893,0.000184099550717155,401.556087168104,1.37514230447157,0.201494510264041,55748,7.85416401805811e-06,110.258620689655,1.36162288542224,2.06071272080802,2.13479317946348e-05,2.7048480092819,1.32711653900061,138.436291686502,5.54614612102817e-05,964.284711771124,1.76293393648588,0.831755525422437,1.70449683815064e-05,170294,0.000389977472250124,0.000513098559176769,788.625319518823,1.74296581745148,0.310167324630528,1.74296582072507,55709.5,0.000154911577167552,3.87801137739922e-05,176.991521339595,2.70861148834229,547.288925315152,7.58518820260978e-05,0.000108351310247378,70.5187074829932,0.00112163151636147,0.00140471610338511,170294,1279.70981156688,2.16757965087891,0,0.000139984374069472,1.23322034723175,52535.9375,2919.43181644257,0,0.00021553609573623,26.3984498977661,3.93048086252007,11.1647637899338,170338.5,0.000151053062031962,0.000435406238895924,1.6033936600622e-05,3.25012308549492e-05,5,26.398449703027,55709.5,117.613774703476,0.000215004414939485,0.00253485424588086,0,895.130555059549,1277850.625,0.000736360717132014,0.00200200825093062,0,118337.5,410.34675777596,17.4906978607178,0,225145.390625,0,7.40325584322311e-05,3.88817473430241e-05,26232702,70.8149795532227,0,5.32514238357544,0,0.000236446121685507,70.8149821833495,232.894134521484,118289.5,64,0,0,0,0,0
"H20-16090",1,1,"11/7/2020",19718337,0,"2/22/1962 0:00:00",0,0,58,"Portugal",69,172,23.3234180638183,"ADPKD",4,1,62.1,0,1,2,1.68,46.81120033,1.54,51.96321944,1.31,63.09506044,1.31,62.703871060507,1.46,54.3743985,-4.1647362802535,0,0,2.24,32.13055709,-7.64332849262675,0,1,0,0,2.24,0,"3/16/2025 0:00:00",39,1,1,1,"11/16/2020 0:00:00",0,1,1,1,3,0,7,0,0," ",0,0," ",0,0,0," ",0,0,1,0,1,1,55,1,0,160,82,32.03125,1,0,"Stroke (hemorrhagic/aneurysm)",1,0.7,102.0736017,0,1.08,59,0,0,0,1,1,0,2,2,0,0,7.996106682,0,0,0,0,0,0.251523536,9.375,30,3,0.090909091,3.12512e-07,260607.9667,126821.0461,242.8890998,77.43137963,3.12512e-08,76880.5,12928.10613,142.2372443,10.38747587,1.40526e-05,39474.07821,45460.74784,73.36625069,26.95704664,20123.98972,28072.47824,44.76710281,14.07514814,5.41687e-07,0.527209962,0.081442991,0.554713477,0.05285887,0.263278827,0.023005092,0.146819924,-0.557310495,1.35617e-05,0.736721173,1349,52,278239.6071,93473.82143,0.320201235,99324.07692,0.325358857,6.540493527,19.84125941,0.366290651,6.540493527,19.84125941,0.366290651,0.473711594,120642.5909,0.473711594,120642.5909,0.712699014,627046,0.712699014,627046,0.345980297,11736.66667,0.345980297,11736.66667,0.62698915,251329.7,0.62698915,251329.7,119.105889908218,3.1033902390683,7.23822368404864e-06,0.00182069385349631,0.000456236595032147,0.000612937830194939,6.24201481892486e-05,0.000111209958992957,4.9673538684845,52.9498830202056,4.96735392612884,0.000321179749176721,83.7960510441182,1.7330504546577,0.168275917386537,179727.833333333,1.10242553420749e-05,280.79344237583,1.36709455044853,2.69690304656028,3.72607537842849e-05,2.85508954500735,1.25520100820742,90.4285189926743,0.000144348258842891,714.776088539484,0.45240572183372,16.6239918047053,2.85059054934871e-05,7723.5,0.000742110058548965,0.00933535340280623,583.793950641397,1.48953905105591,0.22297581247077,1.48953905524603,179675.25,0.000225314034788269,6.21407535632328e-05,114.202837288399,1.73522639274597,133.724215373831,0.000799496825041886,0.00305857672060381,56.0285082218905,0.00179700010371731,0.00262837488842126,7723.5,934.944612232043,2.72053591410319,321.333110841413,0.00174219517343973,1.23133433616351,1728.28552246094,2209.99458198349,0.000613454251204514,0.00277804797813193,17.3819100379944,326.350448258575,8.76762072363435,7751,0.000151351774175849,0.000630639967101255,0.000223871293090694,0.000486346186860702,147.329562546015,17.381910100091,179675.25,208.879607366151,0.000414366748766819,0.00583765128337596,276.13201133627,891.620147419464,433661.03515625,0.00181896678258623,0.00411819185647564,0.1927918625728,62758.3333333333,318.71866463727,16.9875984191895,76580.5,136051.265625,1.69589288884943,5.44724742984463e-05,1.76492795552353e-05,27124424,67.4653015136719,11909.4609375,4.0120988368988,76610,0.00049406506511154,67.4653003357791,225.586074829102,62718.3333333333,450589.5,210,356.434454081095,4.16466760635376,1.42083762079456,47986
"H20-16106",1,1,"11/7/2020",6011676,0,"5/1/1966 0:00:00",0,0,54,"Portugal",114,192,30.9244791666667,"Chronic glomerulonephritis (FSGS)",2,1,35.2333333333333,0,3,1,1.13,77.23796336,1.32,64.09678233,1.36,61.84124948,1.3,64.8771727130682,1.32,62.91195854,-0.982607086534102,0,0,1.12,75.67601954,2.69971170673295,0,0,0,0,1.12,0,"3/16/2025 0:00:00",42,1,1,1,"11/16/2020 0:00:00",0,1,2,2,5,0,13,0,0," ",0,0," ",0,0,0," ",0,0,1,0,2,1,55,1,0,160,82,32.03125,1,0,"Stroke (hemorrhagic/aneurysm)",1,0.7,102.0736017,0,1.08,59,0,0,0,0,1,2,3,3,0,0,23.36462498,1,1,0,0,23.36462498,0.072195259,0,6,0,0,9.95969e-08,276591.4167,96639.61235,262.9963479,54.0254968,0,0,0,0,0,1.11548e-05,48570.62574,68268.20338,75.58083585,29.99794223,22710.61344,37243.89455,50.68270988,15.85135387,1.65995e-07,0.440115823,0.027547635,0.541797937,0.006455163,0.352406485,0.011134395,0.050844851,-0.520077796,1.39452e-05,0.647593515,672,10,276591.4167,89301.83333,0.303805482,104174.4,0.3512954,7.324281696,21.0030066,0.351431861,7.324281696,21.0030066,0.351431861,0.412353593,49626.2,0.412353593,49626.2,0.543732589,171816.5,0.543732589,171816.5,0.308953062,10617.83333,0.308953062,10617.83333,0.567454389,108138.75,0.567454389,108138.75,113.066001617616,2.76544630231387,1.63521916451604e-05,0.000728779858763113,0.000501831493149639,0.000190064716617018,0.000141907385014497,0.000103022601153399,2.21298503875732,42.6190476190476,2.21298511796615,0.000731495356130741,569.286892032803,0.835381538172691,0.216057942708333,100793,5.03473295621886e-06,159.013888888889,1.25313169119358,2.61460542526654,8.42912597520752e-05,2.39038263461634,1.41724994524494,90.2267514357752,0.000169692546117104,550.780682124816,1.89214410472838,9.6524516831526,0.00534881004747355,301061,0.000813070542366857,0.000431897527250244,522.461696466822,1.91917395591736,0.374446220592386,1.91917390450419,100725.5,0.000443532365529436,9.75424526983975e-06,295.973751624492,3.23344373703003,680.067950584613,4.91338277238751e-05,0.000129424064802018,39.4,0.000290550470177428,0.0023083651528261,301061,2218.64629492637,2.42451524734497,0,9.27152326030116e-05,1.05420298913682,112766.3515625,1775.87633380825,0,0.000274174825858884,20.5076789855957,160.601786688275,18.1252458652459,301155,0.000843460041984116,0.000278362897956896,1.07368090751607e-05,8.29664513039998e-06,83.251621695604,20.50767858937,100725.5,150,5.82806959942535e-05,0.00803776479966148,0,278.308657865101,240.396911621094,0.00214432844236576,0.00735210976331337,0,344282.333333333,724.233358953064,10.5968990325928,0,33663.43359375,0,1.23171800774007e-05,2.40544010729413e-05,1175158.375,17.2647304534912,0,5.49147844314575,0,0.000608338715780734,17.2647299719394,51.93798828125,344209.166666667,31529,67.5,0,0,0,0
"H21-00130 - 1",1,1,"1/6/2021",9118296,0,"12/24/1985 0:00:00",0,1,35," ",72,180,22.2222222222222,"Chronic tubulointerstitial nephritis (NSAIDs)",4,1,32.5,0,3,1,1.66,54.79165068,1.9,46.59504858,1.66,54.79165068,1.6,56.9113782517409,1.32,70.80311253,6.94586713912955,0,0,0,0,0,0,0,0,0,1.65,0,"3/16/2025 0:00:00",38,1,1,0,"1/13/2021 0:00:00",0,1,2,2,5,4,26,0,0," ",0,0," ",0,0,0," ",0,0,0,0,1,1,67,0,0,175,100,32.6530612244898,0,0,"Head Thrauma",2,0.67,102.3357751,0,0.99,50,0,0,0,1,2,0,3,2,0,0,40.1831,1,1,1,1,40.1831,0.11127092,7.14285714285714,26,2,0.071428571,1.42569e-07,381867.0385,129895.6291,305.885291,61.26139055,1.09669e-08,110176,45778,150.7259306,36.91468335,8.24709e-06,55497.84408,56341.51747,85.72118486,28.07160076,28756.46804,38685.80241,65.27551841,17.63042703,2.85139e-07,0.337589206,0.054442539,0.457695663,0.029890727,0.407301487,0.024522342,0.118949213,-0.478721085,1.06279e-05,0.592698513,1504,52,381867.0385,234821.5385,0.621239506,234821.5385,0.621239506,8.696119427,23.31020212,0.296139201,8.696119427,23.31020212,0.296139201,0.230443668,208620.0625,0.230443668,208620.0625,0.265679342,1578868.5,0.265679342,1578868.5,0.22541,12870.28571,0.22541,12870.28571,0.265679342,1578868.5,0.265679342,1578868.5,160.776791602296,2.43481189689053,4.58419195927931e-06,0.00112366852776407,0.000380422992696837,0.000151762432755153,3.98634945781162e-05,7.54351447922214e-05,4.94333367347717,65.5647262479871,4.94333371446466,0.000209916665513331,733.762015194023,0.956347512484755,0.192775559861792,174743.333333333,1.21493311906296e-05,82.1205865075673,1.26330944018631,2.63116096235055,2.41374351287173e-05,2.56896234992165,1.17240121618876,124.46432246548,2.72992837255495e-05,831.1775438368,1.37719172841495,0.638923386017616,1.82497937898122e-05,485242.25,0.000463740035634059,0.000357650447030608,682.179286300701,1.69405059814453,0.28486727922118,1.69405060272495,174658.833333333,8.13910360331623e-05,6.66064010498318e-05,218.286401700338,2.46508824825287,844.679590038886,2.73017773774332e-05,9.54855294438251e-05,27.52,0.000433529885728529,0.00179080970898636,485242.25,1803.29538136656,2.02063767115275,376.480761715463,4.42562214340879e-05,1.21947063108513,138602.21484375,2542.94817346979,0.000281285151639949,0.000136489697997976,7.26922708399156,5.57431219810739,1.67879765205295,485334,0.000654417396702381,0.000365923605267358,5.11763757583425e-06,8.88475545081856e-06,7,7.26922709384731,174658.833333333,213.726574404775,8.91400071566447e-05,0.00419045951667561,231.74971742861,299.42135623731,1542703.84191176,0.00113684026839488,0.00258089045017859,0.181836088935114,215308,627.673904325212,10.9844989776611,64398,339500.8125,1.54829540610678,2.05170158729642e-05,1.20597650033843e-05,11714571,49.6197204589844,15331.125,4.55205688476562,64460,0.000115766376859786,49.619720696184,172.358154296875,215237.875,481.5,3,356.568709141834,0,2.12401288445553,0
"H21-00130 - 2",1,1,"1/7/2021",19607713,0,"7/1/1977 0:00:00",0,0,43,"Portugal",80,162,30.48315806,"Undetermined",5,1,18.3,0,1,2,1.88,44.90002783,1.77,48.26897868,1.69,51.02370415,1.8,47.011922940173,1.9,43.51396774,-1.7489776000865,0,0,0,0,0,0,0,0,0,2.48,0,"3/16/2025 0:00:00",35,0,0,0,"1/13/2021 0:00:00",0,2,1,2,5,6.25,26,0,0," ",0,0," ",0,0,0," ",0,0,0,0,2,1,67,0,0,175,100,32.6530612244898,0,0,"Head Thrauma",2,0.67,102.3357751,0,0.99,50,0,0,0,1,2,2,5,4,0,0,39.7419,1,1,1,1,39.7419,0.034695411,2.27272727272727,46,1,0.021276596,1.50497e-07,352855.1957,218226.2237,270.452627,124.3730644,3.27167e-09,208469,0,218.8332699,0,1.13232e-05,46619.76683,47866.43416,82.94534588,28.64345513,23162.45587,19037.31032,61.33378119,15.10043931,2.3556e-07,0.374355404,0.053103528,0.527886708,0.040645595,0.399641402,0.010749308,0.100596449,-0.521268495,1.29754e-05,0.600358598,3461,72,395008.878,218736.0976,0.52581256,229728.8158,0.526622965,8.32290143,24.3359484,0.274295305,8.32290143,24.3359484,0.274295305,0.358998799,191903.375,0.358998799,191903.375,0.374245773,1100810,0.374245773,1100810,0.327638141,12585,0.327638141,12585,0.390359456,371221.75,0.390359456,371221.75,240.855386699612,2.69253128056427,0.000147867913000581,0.00150159916080462,0.00309093953194176,0.0686531215906143,0.00128707999750315,0.00147520591593366,20.1353588104248,108.250724637681,20.1353592564182,0.00353329999766096,9.57553784067276,1.82032831146496,0.227080513687205,467784.35483871,0.000174542523654475,91.2220692053657,1.24975127616685,0,0.000405476477798497,2.61399519969798,1.24756767259597,192.58644371719,1.72757546586536e-05,476.459556989074,4.49390545274817,2.31033115372474,0.000552652576249108,247.5,0.000261405914863279,0.0322838453146128,318.325488159242,2.00365394353867,0.100398401815103,2.00365389346642,467677.096774194,0.000830746938827656,0.000529264734416458,3.60555127546399,1.19999992847443,38.492595527522,0.00796812749003984,0.0129915145727304,67.9330150572841,0,0.0010745242352445,247.5,23.6568542494924,1.97659610932873,441.736140942389,0.0571428537368774,2.33209398216931,25.1999988555908,1390.96439036818,0.000359714910298651,0.0439379978179932,13.8969489336014,396.365702604335,8.6246113916389,251,1.49206595939936e-05,0.000530984566307808,0.00478087620906146,0.00769424675945267,195.79275633855,13.8969488803547,440132.532258065,336.620234583362,0,0.00199385450492907,0,3327.26878093629,156551.096463717,0.000554952783141774,0.00105367175320889,0.174814926988096,32,12.9268360261681,37.4191265106201,0,2158.50448172433,1.5381869924594,0,4.90275140508508e-06,7783.8670828683,4.5399523803166,0,3.20596563816071,0,8.67459350178715e-05,4.53995235970292,13.8518276895796,31,157305.125,240.25,0,0,0,0
"H21-02014",1,1,"2/11/2021",19428857,0,"6/2/1962 0:00:00",1,0,58,"Portugal",74.5,163,28.04019722,"Chronic glomerulonephritis (FSGS)",2,1,47.67,0,1,2,0.83,81.66469677,0.83,81.66469677,0.82,82.86124261,0.89,74.6378376871603,1.6,36.46540679,-19.0862154485801,0,1,0,0,0,0,0,0,0,1.71,0,"3/16/2025 0:00:00",38,1,1,1,"2/23/2021 0:00:00",0,2,1,2,5,2.44,16,0,0," ",0,0," ",0,0,0," ",0,0,1,0,1,0,52,1,0,160,75,29.296875,0,0,"Stroke (unspecified)",1,0.63,106.670423,0,0.94,44,0,0,0,0,2,2,4,3,0,0,30.27093978,1,1,1,1,30.27093978,0.115595125,0,36,0,0,1.40893e-07,348230.0417,133183.4334,283.5492486,79.80334328,0,0,0,0,0,7.39686e-06,74623.14656,191378.1426,90.74863355,37.87050904,0,0,0,0,1.87857e-07,0.262342719,0.049063007,0.551976754,0.011282416,0,0,0.088886002,-0.60598695,7.53547e-06,0,1890,48,377426.8333,165665.6364,0.430343559,165665.6364,0.430343559,8.134812106,23.8209069,0.345790468,8.134812106,23.8209069,0.345790468,0.394424419,70586.96429,0.394424419,70586.96429,0.096573063,380131.5,0.096573063,380131.5,0.416423905,9173,0.416423905,9173,0.36509177,152472.25,0.36509177,152472.25,269.385719360479,2.63473862306735,1.27468673082889e-05,0.00108961556658273,0.000506126390222788,0.00222949616519031,0.000110413968464305,0.000146689559620857,10.6869510014852,144.28,10.6869509749435,0.000501148320689542,2.80852490515447,1.05923024799206,0.264016676354409,405069.916666667,1.34411776293861e-05,199.73444225623,1.58861824155175,4.35052425068629,5.79113790773558e-05,2.77102441108183,1.25126197568287,165.834790572993,3.84442972560641e-05,705.26789323796,3.12432726411116,6.26257305489461,6.42527109750081e-05,195,0.000201405685101093,0.0211240374124967,546.623599543011,2.20157122612,0.0490421463246547,2.20157122643955,404983.6875,0.000327223833474412,7.15888800561365e-05,84.441547019766,1.06666672229767,130.407232676908,0.00536398458298139,0.0135904034742942,109.25,0.003795325395002,0.000748541572601501,195,794.999043713848,2.66245274742444,0,0.0888888935248057,1.30216443037067,12.8000001907349,2136.67491860638,0,0.119957233297414,26.7903332180447,110.731791722681,17.6569663185389,261,0.00993967157299236,0.0003194346271545,0.00408684567930141,0.0261465927650189,54.2995552171741,26.7903330733877,404983.6875,317.054964833597,0.00105410627569358,0.00217222319122336,0,273.758405333407,306255.145399306,0.000582944016801164,0.000406264658952501,0,40571.5,295.108955053693,2,0,65852.9166666667,0,9.7819863880868e-06,6.97164145448369e-06,78695.6666666667,3.01799543698629,0,1.13543434937795,0,0.000148860362667283,3.0179953701183,14.8501313527425,40500.5,18854.5714285714,29.4285714285714,0,0,0,0
"H21-03829",1,1,"3/17/2021",20000652,0,"5/2/1981 0:00:00",0,0,39,"Portugal",64,160,25,"Undetermined",5,1,18.2,0,1,2,1.36,67.88805553,1.2,78.89011051,1.26,74.40384949,1.22,76.8612167514145,1.01,95.22508925,9.18193624929275,0,0,0,0,0,0,0,0,0,1,94.69945761,"3/16/2025 0:00:00",36,1,1,1,"3/25/2021 0:00:00",0,1,2,2,5,0,23,0,0," ",0,0," ",0,0,0," ",0,0,1,0,2,1,61,1,0,160,60,23.4375,0,0,"Head Thrauma",2,0.74,91.99134701,0,1.23,73,0,0,0,0,1,2,3,2,0,0,15.5212,1,0,0,0,15.5212,0.202750208,0,27,0,0,1.89964e-07,335241.3519,164143.5079,277.4244371,93.26950319,0,0,0,0,0,7.62672e-06,76541.67066,136422.9902,93.82273969,42.17046296,40570.0299,50720.70464,62.58737197,17.59071603,1.12571e-07,0.449273217,0.06368391,0.583761694,0.009081749,0.343586259,0.008909658,0.109092307,-0.641656785,8.20215e-06,0.656413741,1084,16,361512.9,133044.64,0.359607661,133044.64,0.359607661,7.98566795,24.07461466,0.313700861,7.98566795,24.07461466,0.313700861,0.483417694,156786.0833,0.483417694,156786.0833,0.707208982,666682.5,0.707208982,666682.5,0.358673582,8229.833333,0.358673582,8229.833333,0.608161806,305342.3333,0.608161806,305342.3333,115.195997360955,1.61026331043908,1.16620564305988e-05,0.00193709931331219,0.000513714782720079,0.000159476045628478,0.000101043282268963,0.000160985809487253,5.63898833592733,51.3429487179487,5.63898831203898,0.000459394848327825,99.7134155023759,1.44595814793257,0.190647963205765,6051,1.34224196279176e-05,636,1.27915836276483,2.7831774531735,5.30314679788164e-05,2.80943851011551,3.91911719223644,89.5183312411221,0.00165210844287989,664.974255096059,1.57007977107995,8.94616721409684,5.96365801769555e-05,7652,0.00071867686162371,0.00297652474531891,561.826016566187,1.6391187508901,0.202868412304459,1.63911877390318,6042,0.000329112660481597,6.41388040864493e-05,307.820338587676,1.80512928962707,458.864181603306,0.000702409139445151,0.00112796201773569,64.3857142857143,0.000358623777070246,0.00260131811135251,7652,2327.08984945674,4.34052228927612,0,0.00209169094974169,1.18238597317324,1557.82653808594,2114.1175827339,0,0.00270037512640815,29.0804857526507,709.599294349992,19.1013337568245,7679,3.78307124799627e-05,0.000702258046773899,0.000235073484780189,0.000476101565941623,357.755503102328,29.0804856413512,6042,29.1547594742265,7.10843197666904e-05,0.00633291233438314,0,1877.71399564898,277667.420758929,0.00185731534735894,0.00405011382318439,0,387648.888888889,762.050713943446,15.393798828125,0,19629.142578125,0,1.32637146420845e-05,0.000717323134899376,1017954.1875,26.6131820678711,0,3.8380700747172,0,0.00396628656420426,26.613181372549,81.756591796875,387556.944444444,666682.5,604,0,0,0,0
"H21-05181 - 2",1,1,"4/10/2021",19806943,0,"3/2/1955 0:00:00",0,0,66,"Portugal",78,170,26.98961938,"Diabetic nephropathy",1,1,63.57,0,1,2,1.44,53.58927286,1.39,55.91072121,1.81,40.728514,1.49,51.1197033648593,1.5,50.08415156,-0.517775902429648,0,0,0,0,0,0,0,0,0,2.09,0,"3/16/2025 0:00:00",35,1,0,0,"4/19/2021 0:00:00",0,2,2,2,6,0,20,0,0," ",0,0," ",0,0,0," ",0,0,0,0,2,1,75,0,0,170,77,26.643598615917,1,0,"Stroke (unspecified)",1,0.71,95.67841928,0,1.44,87,1,0,0,1,1,2,4,4,0,0,29.07358187,1,1,1,1,29.07358187,0.1915073,4.34782608695652,22,1,0.043478261,1.58018e-07,385411.4318,224319.7567,280.6543842,116.8317682,7.18262e-09,211142,0,207.8893937,0,8.54731e-06,55778.11639,103984.7641,82.01221561,28.51167863,21260.90975,25695.49053,60.63743245,20.0300395,2.87305e-07,0.418261542,0.060901774,0.476753042,0.014909003,0.35186213,0.018063816,0.127742811,-0.349835149,1.18994e-05,0.64813787,1190,40,423750.975,223116,0.562298552,232324.4211,0.552767775,7.993075011,29.06006425,0.185599098,7.993075011,29.06006425,0.185599098,0.390175261,39760.4,0.390175261,39760.4,0.603731367,104310,0.603731367,104310,0.272017539,13512.33333,0.272017539,13512.33333,0.567411844,79132.5,0.567411844,79132.5,179.068800523807,3.03092385284829,6.03863705868154e-06,0.00106684800194788,0.000332998789368197,9.55130414031449e-05,5.26754362128366e-05,6.54196563292625e-05,7.72002347310384,73.8009531819456,7.72002352853519,0.000261760880346891,546.47902232312,1.26280732911541,0.211477296111037,2036.5,1.01314841151683e-05,35.125,1.21137431108235,2.7713291569166,2.99973944637239e-05,2.67391473653728,4.81697451356714,148.945928636004,0.00063917322353096,822.105773891052,1.43640911768353,0.0279936758738219,2.08303069432677e-05,322854.4375,0.000380228520416939,0.00127802843545475,682.841106632048,1.82039662202199,0.224099142633386,1.82039658118203,2016,0.000122760976655685,5.62391079103055e-05,358.022345671328,1.91556899249554,707.690180825957,4.84794160554599e-05,0.000296521473463077,48.1180555555556,0.000125097600943769,0.00157680182085565,322854.4375,4327.03903090501,1.47125846147537,426.582880965366,8.11760468108108e-05,1.23851648128795,72049.4118652344,2543.52978663172,0.000287560725317969,0.00017436469634637,8.79892761057073,2.93078637229315,3.25467493894408,322932,0.000543456631563872,0.000396701626375069,9.43441461519825e-06,2.74281025530251e-05,10.4403065089106,8.79892760473121,2016,10.7426406871193,2.27894992853574e-05,0.00294234695829554,0,355.341666454092,948878.144886364,0.000774068988137945,0.00250803408590108,0.22022941906818,876588,1554.33677059514,12.1891479492188,0,15611.2712402344,1.82742400805343,2.94442299690684e-06,0.000862088507566477,762292.03125,22.8039739131927,0,5.61339934666951,0,0.000875842352662844,22.8039739498934,68.3273086547852,876393.5,124,1,0,0,0,0
"H21-08255 - 1",1,2,"5/24/2021",20024518,0,"5/19/1958 0:00:00",1,0,63,"Portugal",61,150,27.11111111,"Diabetic nephropathy",1,1,23.6,0,1,2,1.37,43.38687255,1.46,40.19755145,1.69,33.72554536,1.92,28.7581235157659,1.7,32.86860697,2.05524172711705,0,0,0,0,0,0,0,0,0,1.61,0,"3/16/2025 0:00:00",33,0,0,0,"5/31/2021 0:00:00",0,1,2,2,5,18,23,0,0," ",0,0," ",0,0,0," ",0,0,0,0,1,1,77,1,0,162,77,29.3400396281055,1,0,"Stroke (unspecified)",1,0.8,75.84045608,0,1.58,92,1,0,0,1,2,2,5,5,0,0,34.74215497,1,1,1,1,34.74215497,0.147326188,7.69230769230769,101,8,0.073394495,1.16244e-07,478332.5347,270562.8725,314.9075287,126.5208505,9.20743e-09,114827.375,41897.55208,168.5142454,30.28323128,6.28522e-06,69581.35021,149693.6816,94.30683236,38.97327907,27568.35426,39080.62653,64.31041413,20.8242833,2.50902e-07,0.396861454,0.055603169,0.437334037,0.072479013,0.270984949,0.019493137,0.127141188,-0.518804995,6.98157e-06,0.729015051,5461,218,503226.4323,248870.0521,0.509649881,266676.4831,0.503028961,9.425739536,31.52674231,0.276543589,9.425739536,31.52674231,0.276543589,0.472318295,383772.4667,0.472318295,383772.4667,0.643474703,4744184.5,0.643474703,4744184.5,0.391688147,19650.5,0.391688147,19650.5,0.526071727,626520.4444,0.526071727,626520.4444,170.486885855942,0,3.14746794212842e-06,0.00166405576018719,0.000250649268479762,0.00024154167476256,2.73888459340095e-05,5.08467001369513e-05,9.87598860263824,58.7584811092671,9.87598858844809,0.000145923787200904,7.98835385466842,1.6051140645829,0.185741695217719,34,6.09642280726403e-06,0,1.37458577472536,2.58716342700964,1.67708826004623e-05,2.64138525988492,4.75634756430818,124.420573511148,0.0294117647058823,1061.30075260975,1.9322057584967,0.0588235294117647,1.27785324449487e-05,454,0.000424927506043937,0.0397889435979236,841.22708834459,1.61058837175369,0.120766501649056,1.61058839079368,32.5,9.89605227737441e-05,3.60978169437183e-05,244.296090703264,1.09177121520042,109.424437567702,0.00692414527994885,0.0316783960492441,56.153979738463,0.00085761696498155,0.00167326441688457,454,1997.44606496286,0,411.746353832271,0.0426600881904926,1.2716656490471,56.8984503746033,3273.81188063647,0.000318831037712276,0.0161645783315468,13.2970760693917,328.492928664015,5.54417935722365,462.5,0.000230505156590566,0.000596829555817817,0.00465419397856288,0.00551209798518339,162.287686667999,13.297076105504,32.5,3.60555127546399,0.000256167340233453,0.00303544107585974,406.297299071548,692.850594797763,1439360.12680288,0.000856840568139666,0.00210259645773207,0.225982671923832,277343.113636364,648.333672864154,22.4329471588135,155056.333333333,1023253.6875,1.98454198038739,7.52599344813003e-05,0,297256736,149.888549804688,25925.7708333333,4.1946382522583,155104,0.0294117647058823,149.888556034863,597.214172363281,277269.727272727,135872.916666667,216.833333333333,490.987807703784,5.03758335113525,1.48805958685607,34068
"H21-08512 - 1",1,1,"5/27/2021",19057307,0,"5/22/1957 0:00:00",0,0,64,"Portugal",92,172,31.09789075,"Diabetic nephropathy",1,2,23.73,0,1,2,1.5,51.6660618,1.48,52.50501797,1.58,48.54297239,1.51,50.9379573654848,1.33,58.58546455,3.8237535922576,0,0,0,0,0,0,0,0,0,1.53,0,"3/16/2025 0:00:00",36,1,0,0,"6/4/2021 0:00:00",0,1,1,1,3,0,17,0,0," ",0,0," ",0,0,0," ",0,0,0,0,2,1,60,0,0,175,137,44.734693877551,1,1,"Stroke (unspecified)",1,0.73,104.156319,0,1.4,85,0,0,0,1,1,2,4,1,0,0,25.42524839,1,1,1,1,25.42524839,0.539931717,14.7058823529412,35,5,0.125,1.39641e-07,447596.2,200634.3075,320.7762374,97.19776511,1.99487e-08,70574.1,23298.89845,117.5562449,28.48033138,9.77489e-06,49209.69,45983.29562,84.83994422,28.96690912,35539.33867,43074.75269,62.24900848,17.81370777,3.75036e-07,0.348179125,0.062502878,0.48101907,0.029153641,0.425288693,0.008801561,0.129938462,-0.243887527,1.03674e-05,0.574711307,2450,94,460343.1618,190035.7353,0.40087079,200026.375,0.403841364,7.425307027,22.26850493,0.35050515,7.425307027,22.26850493,0.35050515,0.390034045,51542.53704,0.390034045,51542.53704,0.492827774,290078.5,0.492827774,290078.5,0.349661351,17988.39286,0.349661351,17988.39286,0.43351233,87677.76923,0.43351233,87677.76923,168.311401419551,2.72433862010983,1.49774421420412e-05,0.00123233587170479,0.000450497160462659,0.000123837427515807,0.000130892356507195,0.000121697881773184,7.40192580223083,69.3835142811777,7.40192585837544,0.000507848307065096,73.8778098527374,1.03499826341582,0.20955169390067,344712.5,5.24894918425508e-06,223.004223059025,1.3086717398632,2.67105823952903,5.81032844939574e-05,2.34939109077239,1.31690067114287,130.896830426585,9.31966393268217e-05,760.050782572814,3.31718900382039,15.7756480501715,0.00632743493716529,15353.5,0.000426089481270238,0.00414195363590697,562.532085995159,1.80905182659626,0.303384758068408,1.80905183129409,344625.208333333,0.000385824229326342,2.05779183608539e-05,389.672206919884,2.68664383888245,284.612162159,0.000599121400924845,0.00152606144922447,42.2170734808035,0.00017726611360263,0.00168535941970565,15353.5,2942.58637038363,2.74637780586878,240.450692728524,0.00155051405356547,1.34440753319525,4672.48095703125,2217.30052173482,0.000641851110334831,0.00229263715076038,31.9192247390747,224.057430698252,27.4718791722861,15289,0.000490938358879904,0.000432638323150816,0.000175299554093722,0.000298170547435756,111.076591829685,31.9192250249719,344625.208333333,282.154444601849,3.4858759337351e-05,0.00348632628006685,276.875057307758,411.902326625872,13757.4883060455,0.00096154985210341,0.00280317324463191,0.182454496078847,596439,949.667159140944,14.4352736473083,81653,56813.849609375,1.61438904007665,8.0485802932297e-06,9.40830998860615e-06,3471261.0625,41.6510143280029,18506.74609375,5.00373661518097,81661,0.000310151908900225,41.6510151816446,121.866676330566,596332.882352941,52299.5,91,376.061168225627,4.06093943119049,1.97405291666667,73074.5
"H21-08717 - 1",1,2,"5/28/2021",19582239,0,"12/11/1962 0:00:00",0,0,58,"Portugal",52,170,17.99307958,"Diabetic nephropathy",1,2,27.03,0,1,2,2,37.97387537,2.03,37.3014462,2.49,29.19319975,2.09,35.7968131260459,2.17,33.79607086,-1.00037113302295,0,0,0,0,0,0,0,0,0,2.17,33.79607086,"2/5/2025 0:00:00",44,0,0,0,"7/2/2021 0:00:00",0,1,1,1,3,2,27,0,0," ",0,0," ",0,0,0," ",0,0,0,0,1,1,69,1,0,172,87,29.40778799351,1,0,"Stroke (unspecified)",1,0.69,93.88697142,0,1.26,76,0,0,0,2,0,2,4,3,0,0,3.476940148,0,0,0,0,3.476940148,3.176280879,30.7692307692308,22,7,0.24137931,9.10891e-08,417904.9318,376709.8784,274.5579895,174.6367696,2.89829e-08,105833.5,34989.40703,151.6544514,16.22384307,7.95788e-06,63314.45291,74162.38271,92.34363017,43.41394975,36956.29457,33970.33702,73.41997184,30.6153019,7.61836e-07,0.636406134,0.038066603,0.503848753,0.161580845,0.308676788,0.025233471,0.075551647,-0.50794768,8.17823e-06,0.691323212,1922,184,509256.1944,89138.33333,0.156547576,105379.0667,0.173184108,7.242868314,26.64259867,0.320265716,7.242868314,26.64259867,0.320265716,0.477727607,31689.27273,0.477727607,31689.27273,0.558521485,66911.5,0.558521485,66911.5,0.462515015,18905.35714,0.462515015,18905.35714,0.504349643,54061.125,0.504349643,54061.125,225.1968486551,2.90130671748347,2.00829897756668e-05,0.00115741462319877,0.000559283797479872,0.00902428078408408,0.000174230905771254,0.000124687054799435,11.0261914730072,45.9497745437256,11.0261914012068,0.000776835663166162,8.45989307094077,1.30849148571639,0.171386216970241,797019.3,2.1778671318888e-05,105.181711831448,1.18439660505287,2.76163889937224,8.93828253777815e-05,2.75947030178067,1.21154397405294,191.053443678414,1.79388636109032e-05,503.959712851064,0.702585334125339,8.56917400141171,0.000118144180905753,740,0.000196432703720302,0.0909090909090909,339.422532852407,1.53999811410904,0.119319050251937,1.53999811710934,796891.55,0.000386172759848155,9.24318532605894e-05,7.7169905660283,1.16703844070435,125.039041262798,0.00307689060350092,0.0909090909090909,59.3438869463869,0.0609249559907965,0.000747897106377347,740,207.367532368147,1.99488056898117,303.740012478219,0.015986827954854,1.8741535597009,85.1938018798828,1443.29942999177,0.000166597772596852,0.0101488885425386,10.0078751775954,105.106385554737,7.01152129892455,714,0.000356518401182653,0.000334079238560294,0.0016345076200341,0.00275824033245653,51.4295634824952,10.0078752425565,796891.55,449.427399268673,0.0355059756933014,0.0018049960058443,269.784318882041,521.629509039023,53930.9933810764,0.000441803559966915,0.0012259207108179,0.141344482835731,935,93.7754917309289,10.9914741516113,64094.5,12517.6010742188,1.24996107060552,0.00304597718962308,2.68795499345905e-06,521091.375,17.4520921707153,11320.3427734375,3.83652591705322,64154,9.54634944423343e-05,17.4520920373713,65.0457344055176,929.5,9569.5,19,304.588951490216,3.19811165332794,1.54102134133372,48316
"H21-11172 - 1",1,1,"7/4/2021",19701286,0,"3/24/1955 0:00:00",0,0,66,"Portugal",63,170,21.79930796,"Hypertensive Nephrosclerosis",3,2,35.77,0,1,2,1.18,68.05412367,0.99,84.01379858,1.25,63.50688908,1,82.4920026675966,1.6,46.35171983,-18.0701414187983,0,1,0,0,0,0,0,0,0,0.93,46.35171983,"2/5/2025 0:00:00",43,1,1,1,"7/12/2021 0:00:00",0,1,1,2,4,0,18,0,0," ",0,0," ",0,0,0," ",0,0,0,0,1,0,59,1,0,160,70,27.34375,0,0,"Stroke (unspecified)",1,0.66,100.9875761,0,1.09,61,0,0,0,1,1,2,4,2,0,0,17.74892724,1,0,0,0,17.74892724,3.215806872,7.69230769230769,12,1,0.076923077,1.3245e-07,341957.25,108771.4224,286.2319344,46.44562862,1.10375e-08,83941,0,154.3923573,0,1.03201e-05,33534.45187,25866.31308,71.65987806,21.68626206,19508.19218,18018.97939,58.06198796,16.05415291,5.07726e-07,0.402654679,0.045292305,0.346078151,0.035079815,0.382943231,0.015898791,0.130873055,0.064682561,1.41121e-05,0.617056769,935,46,341957.25,172774.9167,0.490198807,172774.9167,0.490198807,7.466770645,28.81478584,0.209776315,7.466770645,28.81478584,0.209776315,0.428898219,52601.27273,0.428898219,52601.27273,0.795889114,278542.5,0.795889114,278542.5,0.368245708,15733,0.368245708,15733,0.501681232,96843.2,0.501681232,96843.2,149.717043106707,2.67909695226447,1.12681259943371e-05,0.00144968817156808,0.000875700925644283,0.000177963926588986,9.67520729672268e-05,0.000166620332604025,7.30518436431885,58.7937663991357,7.30518432520401,0.000418789495750731,635.576571408983,1.21101741669923,0.19887125253347,151840,2.80897961540876e-05,142.08,1.26322763164388,2.62848249103868,4.87738676650639e-05,2.34750499990814,1.25489201698101,120.358399378976,7.26142786325469e-05,597.330816281522,1.35062203717061,7.32496542413066,3.99261623842013e-05,420926.833333333,0.000474039196213696,0.000378885734352111,422.42805183894,1.71131581068039,0.246074065571753,1.71131580384481,151792,0.000157619575567689,0.000135274741314933,280.347442987231,2.1332418123881,846.747299414574,2.74169627680184e-05,6.98641799630935e-05,75.4,0.000353064423989588,0.00184648676279115,420926.833333333,2113.14745546074,2.01455998420715,309.125633014184,4.49496082149647e-05,1.41404154785929,103845.013020833,1724.07734393503,0.000385792848570682,9.44709253800242e-05,5.89719343185425,393.302381318967,1.061450471938,421013.5,0.000668175363390228,0.000518297311556271,5.18776324462556e-06,1.11895963148096e-05,185.010810494955,5.8971936541124,151792,193,7.22268022850978e-05,0.0038466294590055,0,383.261976670875,764127.1875,0.00112271632870256,0.0028734626560906,0.168559812616082,307476.75,682.297369940582,11.5875854492188,0,8492.63671875,1.41167372432446,1.27855242138968e-05,1.32676500540513e-05,122714.428515625,9.45214176177979,0,4.27248138189316,0,0.000435658526244731,9.45214157699128,32.8483703613281,307390.5,278542.5,310,0,0,0,0
"H21-11737 - 1",1,2,"7/13/2021",19348706,0,"8/15/1955 0:00:00",0,0,65,"Portugal",74,180,22.83950617,"Diabetic nephropathy",1,1,65.67,0,3,1,1.49,51.75953192,1.25,63.90308823,1.16,69.89792369,1.01,82.0214053513844,0.97,85.03246293,1.5055287893078,0,0,0,0,0,0,0,0,0,0.97,85.03246293,"2/5/2025 0:00:00",43,1,1,1,"7/26/2021 0:00:00",0,2,2,1,5,74,17,0,0," ",0,0," ",0,0,0," ",0,0,0,0,1,1,63,0,0,170,70,24.2214532871972,1,0,"Donor after Cardiac Death (DCD)",4,1.14,72.26534093,1,1.54,91,1,0,0,0,0,2,2,2,0,0,7.7616,0,0,0,0,7.7616,0.713053989,0,50,0,0,3.56942e-07,452562.08,173531.7001,318.2652245,90.48373814,0,0,0,0,0,1.49987e-05,55802.39029,51243.74043,87.93160335,27.90168204,32935.96573,35426.9912,63.07957918,20.48147661,8.20966e-07,0.793295,0.161538198,0.836962351,0.057862809,0.268790527,0.043579997,0.193005334,-0.402115489,1.31786e-05,0.731209473,2101,115,477733.5,46577.23404,0.095043778,72690.14286,0.135223073,5.388426966,21.46816531,0.332065489,5.388426966,21.46816531,0.332065489,0.676948251,57480.28947,0.676948251,57480.28947,0.790913658,434151.5,0.790913658,434151.5,0.649412668,10132.5,0.649412668,10132.5,0.736608681,160067.1667,0.736608681,160067.1667,129.517373622103,2.51918612530964,0.000328250598629431,0.00290214463183043,0.00443644679806001,0.000117014420979204,0.00293712926947552,0.00117334310079203,7.03832854164971,54.8277632825113,7.03832853513373,0.0104347826086956,560.846768939211,1.55810434220063,0.178044561999399,9130,0.000238789390660352,51.6,1.23821801883162,2.92893029175536,0.00116618075801749,2.7904113134429,2.96802506172488,104.430463755171,0.000613708590103266,392.448145677641,0.496262261803681,2.91695689006024,0.0585034007117862,343276.710526316,0.00136287383986577,0.000310009811199584,21.1791186629854,1.57884734206729,0.263650678980763,1.57884735623742,9211.5,0.00392252604166667,0.000388726919339164,366.81871047705,2.28771213481301,758.020247322378,4.87341604751933e-05,6.50923295888448e-05,75.2356589147287,0.000192420210397521,0.00369749144154902,471188.657894737,2867.34427965509,2.06103181838989,0,8.54778108304474e-05,18.5299564123752,90791.2196751645,979.325901807804,0,0.000617399615761315,5.33753776550293,86.6333317481014,4.71923401056851,343354.684210526,2.58366025122909e-05,0.000750081402343882,9.81527111532804e-06,6.81394495881865e-06,43.4292824319336,5.33753769715872,9211.5,58.6941223633168,3.45429853353787e-05,0.00483315517667949,0,3044.45916165304,25.7999992370606,0.00149897971102783,0.000993847936729362,0,554975.344827586,947.51101753711,9.78759956359863,0,22051.4673828125,0,3.63810351549562e-06,0.000225742805957272,952210.91875,11.5697859764099,0,1.33658789263831,0,0.00238467652069125,11.5697859331931,55.7184539794922,554870.137931034,8119.75,11.75,0,0,0,0
"H21-11737 - 2",1,2,"7/13/2021",19703646,0,"1/29/1952 0:00:00",0,0,69,"Portugal",75,176,24.21229339,"Chronic glomerulonephritis (IgA)",2,1,39.47,0,3,1,1.2,65.46246229,0.85,94.06228897,0.89,92.76502725,0.98,82.9540384346311,0.94,86.12978932,1.58787544268445,0,0,0,0,0,0,0,0,0,0.86,86.12978932,"2/5/2025 0:00:00",43,1,1,1,"7/26/2021 0:00:00",0,0,1,2,3,39.9,8,0,0," ",0,0," ",0,0,0," ",0,0,0,0,2,1,63,0,0,170,70,24.2214532871972,1,0,"Donor after Cardiac Death (DCD)",4,1.14,72.26534093,1,1.54,91,1,0,0,0,0,2,2,2,0,0,5.581513215,0,0,0,0,5.581513215,6.043142555,0,32,1,0.03030303,0,371360.9688,142874.5666,302.5105603,68.65005209,0,24963.5,0,56.85068161,0,0,0,0,0,0,33782.54333,39954.63756,60.9119225,20.24404323,0,0.895592773,0,0,0,0.265042521,0.027219541,0.190507264,0.901005456,1.92903e-05,0.734957479,1229,58,371360.9688,27002.5,0.071927449,52321,0.113774371,5.332323739,21.12792036,0.296631442,5.332323739,21.12792036,0.296631442,0.682009857,85053.29167,0.682009857,85053.29167,0.980582275,573898,0.980582275,573898,0.612153531,16963.28571,0.612153531,16963.28571,0.779808715,180379.3,0.779808715,180379.3,308.29962621035,2.79529711951344,1.74531429307493e-05,0.00124908427532108,0.000676540174607797,0.000145780100176444,0.000150256377899263,0.000195126274759395,11.9088003635406,112.166522538472,11.9088004032321,0.000610617737854908,286.45479406093,1.24401396249074,0.23580827959067,265689.7,8.51655249133197e-06,126.282427553885,1.60076967534482,2.83472954589736,7.08055269641196e-05,2.39945951615342,1.2451519133444,194.706155649641,5.12684015210134e-05,479.03435894621,0.206711957089776,10.137167704928,0.000446640638996833,94829.5,0.00031215121370484,0.000745053674187451,438.94432914947,2.04988433917363,0.238913170019233,2.04988430133228,265623,0.000584459193686449,2.52097839226088e-05,344.418456217383,2.10320711135864,428.478515134129,9.4846664558963e-05,0.00017860338180868,67.8657817109144,0.000248832238280952,0.00124410355443792,94829.5,2601.67544647588,2.32685449123383,106.547732282272,0.000195120800756902,1.09134227778269,22670.470703125,1531.00984746063,0,0.000699368174760168,27.2123785018921,418.708305311381,23.5181249138419,94890,0.000701971283058086,0.000315964205444426,2.21646865987843e-05,3.73369173300582e-05,191.815015053567,27.2123782764202,265623,256.165932574868,4.60490086793828e-05,0.00219583531798351,0,819.322943214974,4326.94946289062,0.000577638241861849,0.000494823413777859,0.2412877115273,463500.263157895,836.775803227382,4.59689974784851,0,1987.36653645833,2.15819892924275,4.4879280348701e-06,9.63339838993717e-06,46543.7161458333,6.28874476750692,0,2.15040185054143,0,0.000213951615681005,6.28874468047837,26.3116302490234,463397,573898,814,0,0,0,0
"H21-14920 - 1",1,1,"9/4/2021",19695703,0,"9/23/1958 0:00:00",0,0,62,"Portugal",99,174,32.69916766,"ADPKD",4,2,35.2,0,1,2,2.14,34.15233148,1.76,43.18189367,1.81,41.75443345,1.9,39.1481781850588,1.87,39.4097731,0.130797457470599,0,0,0,0,0,0,0,0,0,1.69,39.4097731,"2/5/2025 0:00:00",41,0,0,0,"9/22/2021 0:00:00",0,2,1,2,5,0,19,0,0," ",0,0," ",0,0,0," ",0,0,0,0,1,1,64,0,0,166,83,30.1204819277108,1,0,"Head Thrauma",2,1.04,80.18162669,0,1.21,71,0,0,0,1,2,2,5,1,0,0,41.2777,1,1,1,1,41.2777,3.645957675,15,19,3,0.136363636,1.80474e-07,366454.9737,131110.9687,300.4202968,53.823425,2.84958e-08,26026.16667,18187.33573,67.26634189,41.23395746,8.72922e-06,43855.61045,42154.25726,75.71360036,25.52114513,25644.29971,23420.61453,61.3907409,16.48886243,3.60947e-07,0.440834971,0.066135434,0.382825325,0.04196546,0.321750379,0.015929486,0.172756163,-0.353033333,1.05157e-05,0.678249621,919,38,366454.9737,167100.7895,0.468361644,167100.7895,0.468361644,8.424641862,26.30416519,0.324531748,8.424641862,26.30416519,0.324531748,0.37338129,13869.875,0.37338129,13869.875,0.458037269,27148.5,0.458037269,27148.5,0.37338129,13869.875,0.37338129,13869.875,0,0,0,0,118.806867711308,2.70804943318139,7.04307617649358e-06,0.0024337639714758,0.000420882567359811,0.000177455939627968,6.06310956411409e-05,0.0001020855495743,7.82246208190918,68.7518518518519,7.82246203362411,0.000307057338609946,518.937741983451,1.22784861747669,0.199319992642416,184131.333333333,1.39328223099002e-05,196.738584950025,1.27459170598122,2.62630295846087,3.5692825461109e-05,2.50790037884463,1.14704090657941,93.53975937889,6.32565137583184e-05,736.325105715133,3.71653200545508,4.68430277161447,2.78170453003999e-05,227843.5,0.000677161000551149,0.00071007804571259,603.592369445738,1.74101034800212,0.308887986300649,1.74101033407093,184051,0.000157895812172434,7.83400474775215e-05,350.287457187493,2.46986842155456,560.061714080238,7.01264518977427e-05,0.000177113561658421,43.5238095238095,0.000271344973654002,0.00227734933626764,227843.5,2682.35057044776,2.37790846824646,202.170998061297,8.66590092121177e-05,1.22196932915625,70393.71875,2250.37311371029,0.000826351225887706,0.000279988738253134,13.3027482032776,110.1842807536,5.04968717784011,227894,0.000783339586197353,0.000901807723459232,1.0837794858814e-05,2.94263308880612e-05,56.1697821668513,13.3027480543188,184051,220.48716600388,5.03960935109932e-05,0.00553779066401396,8.95215991281355,325.350288425444,842542.5625,0.00176793781668584,0.00370127113473986,0.17836364800155,486935.428571429,872.99271035502,17.1968994140625,534,5258.97412109375,1.55418954275527,9.83968897252895e-06,1.32236937678216e-05,79825.390625,12.320634841919,69.6000061035156,3.71950062115987,540,0.000229400627596267,12.3206344536194,33.78759765625,486839.571428571,16865.3333333333,37.3333333333333,82.9311454296764,9.05363464355469,1.17966112039857,35388
"H21-14920 - 2",1,1,"9/4/2021",19657497,0,"7/18/1952 0:00:00",0,0,69,"Portugal",75,170,25.95155709,"Undetermined",5,2,18.1,0,1,2,2.1,33.44619198,2.16,32.33443902,2.04,34.63009086,1.97,35.8880079944103,1.62,44.82174823,4.46687011779485,0,0,0,0,0,0,0,0,0,1.53,44.82174823,"2/5/2025 0:00:00",41,0,0,0,"9/15/2021 0:00:00",0,2,1,2,5,0,19,0,0," ",0,0," ",0,0,0," ",0,0,0,0,2,1,64,0,0,166,83,30.1204819277108,1,0,"Head Thrauma",2,1.04,80.18162669,0,1.21,71,0,0,0,1,1,2,4,1,0,0,81.71932842,1,1,1,0,0,5.095104415,8.33333333333333,35,3,0.078947368,2.62785e-07,276682.0143,153572.7245,240.5561379,90.92603874,2.25244e-08,112547.3333,49803.43695,160.7652781,33.15406488,9.97833e-06,45429.78668,46564.8105,79.83401285,30.09401984,25269.72849,25532.31274,58.04113804,17.53795952,2.70293e-07,0.313084326,0.072707913,0.453313222,0.03993638,0.325227725,0.004212029,0.160392219,-0.2910057,1.0873e-05,0.674772275,1329,36,293379.6818,131517.8788,0.465050474,143369.069,0.426453143,7.827371681,24.69159945,0.362363904,7.827371681,24.69159945,0.362363904,0.298284753,130266.8529,0.298284753,130266.8529,0.643749127,1902532,0.643749127,1902532,0.256324346,15291.39286,0.256324346,15291.39286,0.494099983,666819,0.494099983,666819,187.430503683734,2.52801315800737,9.47682327783657e-06,0.00121118043967494,0.000473772373806482,0.0076103500761035,8.17048233879747e-05,0.000124965615176803,8.04391074180603,67.8257374359348,8.0439107278523,0.00039175844341075,287.060412278336,1.18258684026924,0.213867106104715,1053,1.48887391385091e-05,22,1.48491235999644,6.59703061405183,4.54446260735079e-05,2.57403487397389,1.26338201889392,131.737266183397,0.00394793091110128,732.185935198002,2.20391305787278,3.72289899951033,4.31687371608944e-05,88692.4,0.000531568640906467,0.00257012314912601,561.006526164566,1.82785170811873,0.230626718482422,1.82785173700826,1068.5,0.000233459418239412,7.61116229948285e-05,11,1.96740143299103,463.66413523294,0.000181618797273152,0.00084770299881205,51.0625889046942,0.0300945125214041,0.0019614428095573,88692.4,342.698484809835,1.17994248867035,379.925192350743,0.00044386819358497,1.30869172788876,20354.5727539062,2176.46331038802,0.000684434729013598,0.000816799490237899,17.2764139175415,662.557060567578,8.73051057992626,88732.2,0.000335256762580575,0.000446643907620249,5.15204502687656e-05,0.000135053892582866,312.553995335206,17.2764139495159,1068.5,22.0227155455452,0.012251079898991,0.00391112291220119,229.366702499896,634.791936932662,653540.402483259,0.00117895850567317,0.00342889469732453,0.223556338705815,1314,166.727047688323,18.8937530517578,53524,5,1.90954418014222,0.000926637486235736,0.00112055317062711,9,1,11367.7646484375,5.23786698854887,53558,0.0127196570067664,1,1,1272.5,1902532,1472,299.473433738223,8.70877075195312,1.87990154596287,104635
"H21-15818",1,1,"9/19/2021",19075102,0,"9/20/1986 0:00:00",1,0,34,"Portugal",85,175,27.75510204,"Alport Syndrome",2,1,55.57,1,1,2,0.71,114.3515955,0.81,97.62706298,0.98,77.67494528,1.15,63.7109133068769,0,0,0,1,1,0,0,0,1,1,0,0,3.08,0,"2/5/2025 0:00:00",41,1,1,1,"10/2/2021 0:00:00",0,1,2,0,3,29.17,6,0,1,"10/25/2023",1,1,"10/25/2023 0:00:00",1,0,0," ",0,0,1,0,1,0,33,0,0,177,85,27.1314117909924,0,0,"Head Thrauma",2,0.8,119.840374,0,0.66,7,0,0,0,0,1,0,1,1,0,0,10.35713808,0,0,0,0,10.35713808,0.023324546,0,20,0,0,1.37254e-07,371433.05,175057.0252,295.5691195,83.62861711,0,0,0,0,0,6.27939e-06,55947.91967,134749.5661,81.65154298,40.03788314,34335.44797,42899.50548,63.78238641,19.10949152,1.92156e-07,0.300254121,0.050980832,0.35131882,0.02237099,0.439298081,0.001968009,0.145112727,-0.420573889,8.31144e-06,0.560701919,915,28,389402.7895,210118.3684,0.548317294,210118.3684,0.548317294,10.07228756,23.09385405,0.379959404,10.07228756,23.09385405,0.379959404,0.415947939,168430.75,0.415947939,168430.75,0.763149182,1146320,0.763149182,1146320,0.273338732,18715.625,0.273338732,18715.625,0.558557147,318145.875,0.558557147,318145.875,230.857552009386,2.6794303463977,8.40289176749093e-05,0.00157295808004256,0.00359631545492499,0.000228753254529569,0.000712210375599686,0.00120163974770317,17.6527118682861,97.5394930739758,17.6527116011719,0.00212565098647409,521.88688529231,1.16760182651109,0.234174781379684,551346.875,6.64129064053718e-05,201.336512170483,1.32098684725081,2.74350515445951,0.000250791280031023,3.05508984127553,1.22181222164903,175.526205766672,2.79055538877486e-05,434.602456101688,1.79178270702793,5.93730524365188,0.000519948121617017,271558.5,0.000279711315935245,0.000599187167664916,97.1051763700457,2.01824442545573,0.305693579500329,2.01824439017857,551259,0.00271265344553268,0.000211246564965121,256.826728514319,2.61552675565084,651.238137696522,4.66184067179232e-05,0.000138242669706819,95.0225417800233,0.000428070292537065,0.00117471623646659,271558.5,2019.21770440306,2.62851777672768,0,9.12042192701089e-05,4.47558484879855,83282.033203125,1021.17976157072,0,0.000205640221258594,27.4334354400635,677.16876052201,20.6926789077213,271622.666666667,0.000214941650294817,0.000563415732267456,1.06614812527633e-05,2.79192875458509e-05,336.933227806341,27.4334346254928,551259,373.157853145973,9.78335702152755e-05,0.00241299607482415,0,830.095021153616,7771.1220703125,0.000556623770114585,0.00150140185869931,0,271912.2,662.454703723673,28.7798471450806,0,2218.23358154297,0,2.06226160939217e-05,4.86161163688882e-06,1866.68850708008,3.19879841804504,0,4.43323079744975,0,0.000112062841549878,3.19879844954816,8.19534945487976,271846,1146320,1243,0,0,0,0
"H21-16428 - 2",1,2,"9/29/2021",19781543,0,"5/5/1953 0:00:00",0,0,68,"Portugal",85,168,30.11621315,"Undetermined",5,1,46.03,0,3,1,1.33,58.22223467,1.37,56.18833447,1.94,37.01252925,1.24,62.9366771373741,1.55,47.55648845,-7.69009434368705,0,1,0,0,0,0,0,0,0,1.53,47.55648845,"2/5/2025 0:00:00",40,1,1,1,"11/15/2021 0:00:00",0,0,1,1,2,4,27,0,0," ",0,0," ",0,0,0," ",0,0,0,0,2,1,67,0,0,170,65,22.4913494809689,0,0,"Head Thrauma",2,0.6,105.8035881,0,1.11,63,0,0,0,1,1,2,4,4,0,0,23.8055569,1,1,0,0,23.8055569,1.081850823,2.94117647058824,67,2,0.028985507,1.58106e-07,351054.8582,139683.366,289.1471766,78.89233068,4.71957e-09,109554.75,15448.75,157.176647,11.83222848,1.14568e-05,49291.85778,50331.8167,83.97201713,29.38923119,18626.33147,17951.90609,54.26712272,15.3913091,2.71375e-07,0.518227558,0.055503708,0.564724501,0.02541169,0.287649673,0.010749306,0.098284576,-0.573950816,1.30347e-05,0.712350327,4855,115,356182.0379,102361.4091,0.306036464,106641.6667,0.292299188,6.541803301,18.23484756,0.432679168,6.541803301,18.23484756,0.432679168,0.416581257,107078.775,0.416581257,107078.775,0.683268746,1360611,0.683268746,1360611,0.353423735,13160.76667,0.353423735,13160.76667,0.606053826,388832.8,0.606053826,388832.8,154.132617751519,2.97876222734375,2.13263653036527e-05,0.0013706942201608,0.000643593601954021,0.000143200435816626,0.000184764374565355,0.000156714412843314,6.19514403740565,49.7439847052517,6.1951439735113,0.000758288941637646,134.68026941463,1.1639650406153,0.185110264156947,326114.578947368,2.56498406165403e-05,249.219092743157,1.40809129411332,3.17017338808801,8.74874100811363e-05,2.88447806784889,1.25650562218831,108.735308773334,6.57917119276415e-05,528.852368284713,1.73682090837625,14.1687040988244,0.000130684044838546,6210.5,0.000505557039294547,0.027027027027027,408.224457730609,1.63098212083181,0.140616126059724,1.63098214088588,326025.289473684,0.000370404432424716,0.00011353657515545,339.367924691904,1.2755309343338,601.873199689312,0.000479309793896789,0.027027027027027,78.4880299909076,0.000224725027066201,0.00180655427427391,6210.5,2559.37999216087,2.77164687608418,346.870283737153,0.00184859555700551,1.67138084132378,880.116333007812,1607.19156006124,0.00029677848704248,0.00126536514822849,8.89324074132102,43.664964836534,4.41682871306058,6259,9.76194155344545e-05,0.00047963539460013,0.000203791489748171,0.000406878351460518,22.2783955983723,8.89324074992305,326025.289473684,284.306593599989,4.59600697406895e-05,0.00402804372630138,294.905951954958,1434.96464556282,252542.813180106,0.00118023704979402,0.00301568335204532,0.190426369337669,450506.181818182,827.646846206564,24.1544174194336,94106,302553.15625,1.69818342386461,7.17549993351293e-06,9.11219132802815e-06,83448552,133.868103027344,16711.970703125,4.45483750104904,94135,0.000253861024630309,133.868096328951,377.737823486328,450409.818181818,2771.25,8,409.140191958016,0,1.59267804280234,0
"H21-16984 - 1",1,2,"10/7/2021",14026851,0,"9/18/1971 0:00:00",1,0,50,"Portugal",52,151,22.80601728,"Anti-GBM disease",2,1,69.93,0,1,2,0.92,75.85613879,0.94,73.92353066,0.84,84.60596476,0.86,81.7404409701523,0.82,85.47841877,1.86898889992385,0,0,0,0,0,0,0,0,0,0.83,85.47841877,"2/5/2025 0:00:00",40,1,1,1,"10/18/2021 0:00:00",0,1,2,2,5,6,15,0,0," ",0,0," ",0,0,0," ",0,0,0,0,1,0,37,0,0,170,60,20.7612456747405,0,0,"Anoxia",5,1.88,46.60716168,0,0.94,44,0,0,0,1,1,0,2,3,0,0,21.40964036,1,1,0,0,21.40964036,0.026959127,5,38,1,0.025641026,2.51579e-07,276848.5132,100999.672,260.2392306,66.40220924,6.6205e-09,92797,0,154.9870962,0,1.21817e-05,40880.78451,43326.45869,72.87967208,22.48792249,31368.85799,55841.20044,54.26597417,15.71414093,2.97922e-07,0.374213413,0.069649259,0.497998178,0.015769459,0.396266548,0.007572745,0.139858462,-0.418019054,1.25498e-05,0.603733452,1840,45,284325.1486,135730.9459,0.486104715,138436.6389,0.478872149,7.515998198,27.14813701,0.218803778,7.515998198,27.14813701,0.218803778,0.351140668,67607.18182,0.351140668,67607.18182,0.625542635,368427.5,0.625542635,368427.5,0.277274653,15882.5,0.277274653,15882.5,0.439779886,129676.8,0.439779886,129676.8,168.997387506298,2.75826461414445,5.77931619003824e-06,0.00115993013445224,0.000335238100447737,0.0146646783986223,4.98641920107743e-05,6.97932865796999e-05,6.44645915031433,60.5684158437911,6.44645936835871,0.000249080808276072,433.05435378227,1.07871140702873,0.199140096091713,294640.272727273,1.25236530515412e-05,142.100757357213,1.31296408463562,3.46657009499122,2.88746700533629e-05,2.66620265641629,1.13793460338141,129.237640302855,5.84138135276912e-05,713.410086646053,3.1579173523007,7.87853607661373,2.1567645135227e-05,186985.909090909,0.000420869214772761,0.00074673406094512,624.381115795102,1.75772740840912,0.224032199743167,1.75772740878177,294562.045454545,0.000101111088555118,6.77407283004705e-05,7.81024967590665,1.9490603316914,541.153001442611,6.32118951808807e-05,0.000161364192304773,40.7777777777778,0.0769230769230769,0.00146166896564245,186985.909090909,65.8345237791561,2.23072918978604,320.609680367204,0.000111353821762622,1.1510712423358,41459.6751598011,2229.11139358865,0.000480613813670477,0.000218249940812973,7.30293332735697,267.422520367312,2.31830894991348,187045.727272727,0.000847869946128283,0.000383904034392286,1.28434049419593e-05,3.16130838322444e-05,129.629398995286,7.3029332472361,294562.045454545,271.7221986891,0.0417159795761108,0.00369395953728255,0,352.776695296637,880257.429166667,0.00102917588284621,0.00271768294196812,0.209430640104357,218,24.0836566998461,14,0,76903.734375,1.7793460203358,0.00739634474483105,8.56647257458197e-06,5277273.5,34.778621673584,0,4.743812084198,0,0.000261828283682866,34.7786231621403,105.08837890625,213,69989.125,102.25,0,0,0,0
"H21-16984 - 2",1,2,"10/8/2021",19790856,0,"1/11/1970 0:00:00",0,0,51,"Portugal",67,168,23.73866213,"Undetermined",5,2,74.23,0,1,2,1.54,54.27540885,2.46,30.9389692,2.82,26.26207508,1.51,55.2274033443266,0,0,0,1,1,0,0,0,1,0,0,0,4.44,0,"2/5/2025 0:00:00",40,1,1,0,"11/4/2021 0:00:00",0,2,2,1,5,0,26,1,3,"5/14/2024",1,3,"5/14/2024 0:00:00",1,0,0," ",0,0,1,0,2,0,37,0,0,170,60,20.7612456747405,0,0,"Anoxia",5,1.88,46.60716168,0,0.94,44,0,0,0,1,1,2,4,4,0,0,20.44236526,1,1,0,0,20.44236526,0.693165626,2.77777777777778,72,2,0.027027027,2.44776e-07,247518.8194,105512.8719,244.2050163,72.07350805,6.79934e-09,187543.75,1173.75,212.6052287,2.452902985,1.2198e-05,36191.71433,43632.14934,67.56867999,21.9989096,28098.94394,29417.46911,58.6075922,17.5849314,5.03151e-07,0.360842381,0.060586728,0.441467123,0.027078993,0.380651291,0.013150522,0.137239501,-0.257533285,1.28278e-05,0.619348709,3588,148,261517.8309,110728.8235,0.430066736,116135.8889,0.419192573,8.124221252,25.64986441,0.254092062,8.124221252,25.64986441,0.254092062,0.416299998,64688.27273,0.416299998,64688.27273,0.632592769,360553,0.632592769,360553,0.315277982,16987.64286,0.315277982,16987.64286,0.593088527,148164.375,0.593088527,148164.375,178.129146370276,0,1.35964408227674e-05,0.00059964181453642,0.000590136404077901,0.000174820565624425,0.000116958528611284,0.000163820638758949,4.98538875579834,79.1979166666667,4.985388762698,0.000522255979956202,19.5325432503751,1.14242682511729,0.214048644035313,33,1.78489440205974e-05,0,1.22368332175701,2.68957841597765,6.07193985159229e-05,2.91929425067649,9.54534875646434,150.263099069436,0,613.654754262581,2.33842399157543,0,6.04802692962135e-05,2752,0.000431334097719481,0.0515762144628425,513.184257206312,1.80440539121628,0.167565400349512,1.80440540348266,46.5,0.000340484619792248,8.82583870297506e-05,255.388194808001,1.46452963352203,189.981780021475,0.00137074573583733,0.0306590076995222,57.968253968254,0.000442013784669486,0.00187274610735412,2752,1895.91866602772,0,427.483319898141,0.00499961183279678,1.21738274520948,441.948852539062,1886.26564676899,0.000279415462851714,0.00720978735488413,20.3413594055176,212.192848513531,12.0211768342693,2710,0.00064076090660462,0.00022577191058497,0.00057119591047342,0.00188429596138309,102.289191463088,20.3413594524401,46.5,5.3851648071345,9.38700735362923e-05,0.00262000696647689,436.902649133445,366.05452121618,289819.68375,0.000783987404846821,0.00260284261410877,0.199289042842008,259694.772727273,614.076547803151,15.1886310577393,186370,74128.4375,1.7552740662763,2.40255462292045e-05,0,4353871.5,28.424165725708,36584.4609375,6.48831844329834,186425,0,28.4241651705565,103.51318359375,259618.147727273,56038.4,71,546.070515497062,0,1.74244908256334,0
"H21-17233 - 2",1,2,"10/9/2021",19710792,0,"8/19/1961 0:00:00",0,0,60,"Portugal",75,178,23.67125363,"Alport Syndrome",2,1,42.37,0,1,2,1.42,56.56826868,1.58,49.76573194,1.98,37.95951649,1.99,37.4967995379391,1.65,46.36979164,4.43649605103045,0,0,0,0,0,0,0,0,0,1.75,46.36979164,"2/5/2025 0:00:00",40,0,0,0,"10/18/2021 0:00:00",0,2,2,1,5,0,17,0,0," ",0,0," ",0,0,0," ",0,0,0,0,2,1,76,0,0,170,70,24.2214532871972,1,0,"Stroke (unspecified)",1,0.7,95.49340897,0,1.53,91,1,0,0,1,2,2,5,4,0,0,21.91,1,1,0,0,21.91,0.158852673,7.14285714285714,28,2,0.066666667,1.76464e-07,266093.6607,134713.7994,245.8374357,91.15836792,1.26046e-08,144412,2135,195.3484088,2.828280012,1.16592e-05,39145.72784,37835.15054,69.12376567,25.54906553,20818.40817,25235.68992,49.33149186,15.69440581,2.83603e-07,0.518519176,0.046955919,0.456408675,0.035507472,0.217409098,0.018775449,0.102881304,0.248597501,1.07514e-05,0.782590902,1850,45,286054.6538,106751,0.366743766,116479.0435,0.372222091,5.144485616,21.01749575,0.32759951,5.144485616,21.01749575,0.32759951,0.467575869,185785.7,0.467575869,185785.7,0.553323861,609221,0.553323861,609221,0.349830649,24683.5,0.349830649,24683.5,0.644193698,427439,0.644193698,427439,221.46473583636,2.2706103459954,3.44375148932914e-05,0.00104925220149608,0.00100839411436889,0.000173449426505281,0.000301158765533058,0.000236433116548795,9.41644096374512,69.5752252252252,9.41644097186567,0.00125256319677475,369.386023989379,1.42268137307313,0.195132014075885,342,3.50361266541837e-05,39,1.38302777621382,3.02045399200022,0.000143402608280237,2.84126658569468,5.72932334766706,164.943552805947,0.00578823075657002,469.370004832119,2.39004643685933,0.76404647380985,0.000601517151933052,147907.333333333,0.000249211081787551,0.000798935226566272,343.934719957308,1.73689615726471,0.417504843299734,1.7368961399858,339,0.000468628658595561,0.00014555672868849,311.281387384507,3.59988713264465,520.991429408628,0.000126416527680022,0.000251602441210457,97.8908450704225,0.000245690816115685,0.0010637291866997,147907.333333333,2302.31455487186,1.72772824764252,396.646172043865,0.000212679603035113,1.77858811106662,62791.0364583333,1391.85678118655,0.000249430934425465,0.00788100711295215,9.66378885507584,656.475027668727,4.58458483521016,147968.333333333,4.37196257744289e-05,0.000360158970440084,2.46667480280836e-05,1.17229184798955e-05,323.51970573676,9.66378887722751,339,9.21954445729289,5.01538321692155e-05,0.00251132114190854,399.838621761399,2336.34437123978,228347.935379028,0.000559050751021029,0.00140415965101541,0.164829766761224,371052.125,745.536063245779,20.1968994140625,146547,2950.76611328125,1.42269379642965,9.44439098271928e-06,0.00505183698141087,10470.9853515625,4.20183992385864,26149.298828125,4.32980370521545,146588,0.0146198830409357,4.20184002871689,11.9968986511231,370962,609221,1119,468.382181494979,0,1.49998846028366,0
"H21-17666 - 1",1,2,"10/16/2021",20042085,0,"7/11/1956 0:00:00",1,0,65,"Portugal",73,163,27.47562949,"Chronic glomerulonephritis (IgA)",2,2,21.3,0,1,2,1.54,37.2388402,0.8,81.71711529,0.97,64.84775273,0.95,66.0772069944697,1.05,57.87497679,-4.10111510223485,0,0,0,0,0,0,0,0,0,1.05,57.87497679,"2/5/2025 0:00:00",40,1,1,1,"10/22/2021 0:00:00",0,1,1,1,3,11,16,0,0," ",0,0," ",0,0,0," ",0,0,0,0,1,1,65,0,0,178,85,26.8274207802045,0,0,"Stroke (unspecified)",1,1.26,63.29497143,0,1.28,77,0,0,0,1,1,2,4,4,0,0,25.84147307,1,1,1,1,25.84147307,0.278261873,9.09090909090909,63,6,0.086956522,2.54281e-07,273942.6111,127513.0844,252.7101417,73.05312366,2.42172e-08,78285.16667,8824.323787,135.7801739,12.32521982,1.13982e-05,32821.21052,30949.20215,69.48202473,24.91614143,13454.27615,10754.17729,50.34830693,13.76746695,6.29647e-07,0.412463044,0.069658275,0.374103581,0.053777983,0.282802974,0.006232585,0.186200504,-0.006771866,1.63275e-05,0.717197026,2824,156,278348.6129,104228.9032,0.385222306,108022.661,0.375152494,6.030820469,22.21668046,0.312844643,6.030820469,22.21668046,0.312844643,0.438310453,65413,0.438310453,65413,0.578354664,206421,0.578354664,206421,0.285607532,10172,0.285607532,10172,0.574046382,114516.1111,0.574046382,114516.1111,266.623656458913,2.04006764424848,1.50687147894777e-05,0.00120260644429412,0.000525130852327064,0.000159007788497639,0.000130501025993487,0.000144533631808977,15.0094254612923,82.2161210749116,15.0094256668048,0.000618266215740374,364.806945687954,1.18631271891478,0.239452717691892,772,1.61674961612929e-05,29,1.44563248237957,2.73480683660054,7.13355133754702e-05,2.84922278770762,1.75223548603468,185.899608659739,0.00423786306628291,572.462312885616,2.10123248922414,2.50457700423008,6.436272812902e-05,153068.666666667,0.000295408185068886,0.00172593942945999,462.123968994684,2.10204909741879,0.292222240552165,2.10204908873382,770.5,0.000314868932093473,8.18334705343748e-05,314.4835349436,2.49965318044027,547.714224972608,0.000112188700491251,0.000471835779249791,89.350729831364,0.000273291931531096,0.00119213672749094,153068.666666667,2385.36639465102,1.22747921943665,281.884953961143,0.000223574629681451,1.24008382285327,43594.7664930556,1751.30766958227,0.000353480852114536,0.000408226238043588,17.1467208685698,47.5249123241882,10.858221360694,153121.333333333,5.1886990533136e-05,0.000416607844454941,2.61383632000741e-05,6.7017791944304e-05,24.3515913237718,17.1467207618329,770.5,15.2643375224738,5.52288962196752e-05,0.00271281074908451,262.788662550371,1888.5540482051,164798.12181713,0.000708094275080607,0.00134622821992428,0.193275918480748,391233.461538462,777.037168429092,19.539146900177,83370.5,1452.09114074707,1.6987282751167,1.07684737353214e-05,0.00158999898890757,3861.14245605469,3.5055678486824,19191.916015625,4.53452536463737,83426,0.0106177453550032,3.50556788105266,9.99147439002991,391144.634615385,2168.5,5,408.375351343395,7.77241516113281,2.05019933934676,50830
"H21-17666 - 2",1,2,"10/16/2021",19710194,0,"8/7/1962 0:00:00",1,0,59,"Portugal",69,145,32.81807372,"Chronic pyelonephritis",4,1,41.77,0,1,2,1.21,51.62791813,1.23,50.62218928,1.07,59.83654703,1.07,59.4655604339382,1.13,55.00851261,-2.2285239119691,0,0,0,0,0,0,0,0,0,0.9,55.00851261,"2/5/2025 0:00:00",40,1,1,0,"10/28/2021 0:00:00",0,1,2,1,4,2.6,18,0,0," ",0,0," ",0,0,0," ",0,0,0,0,2,1,65,0,0,178,85,26.8274207802045,0,0,"Stroke (unspecified)",1,1.26,63.29497143,0,1.28,77,0,0,0,1,1,2,4,4,0,0,23.6393,1,1,0,0,23.6393,0.277222225,6.66666666666667,120,7,0.05511811,2.25168e-07,252545.7125,117990.5271,239.5027401,69.37365605,1.31348e-08,92156.28571,49106.90733,137.9669417,56.55194965,1.22773e-05,33396.54218,30103.47721,68.66419713,23.34663609,26791.33447,38078.65916,56.19487666,17.41043467,3.52763e-07,0.345588387,0.056865178,0.410018619,0.02255526,0.533464423,0.002813498,0.138689257,0.148806279,1.41185e-05,0.466535577,6543,188,259628.9397,116127.0172,0.449848247,124492.1333,0.444472629,6.589939318,24.42172301,0.269086244,6.589939318,24.42172301,0.269086244,0.53944713,163669.0769,0.53944713,163669.0769,0.546553276,785904,0.546553276,785904,0.360784153,17960.875,0.360784153,17960.875,0.618852897,228428.2778,0.618852897,228428.2778,354.769172743477,2.73820366134049,1.85801185815098e-05,0.000777406531763937,0.00109085082928297,0.000186194751543771,0.000160349963024573,0.000316772530597001,12.6627354621887,69.6289515806322,12.6627357364723,0.000707107860886438,12.1102665073909,1.1990008632951,0.230091143699531,171731.233333333,4.47272599581532e-05,222.831221018285,2.1003758999273,2.56207473419973,8.18555569577578e-05,2.56167345492933,1.51920926034771,173.797847309339,0.000178175240793638,504.156328537898,1.6188816961528,12.0609154359774,7.67116397359301e-05,862,0.000176430369734971,0.5,374.369708204577,1.9870593547821,0.113754359953994,1.98705935283508,171651.45,0.000284589633663405,0.000201187560109991,291.599437180377,1.12720227241516,122.81990515337,0.00251938060882988,0.5,97.6584582441113,0.00030357966902847,0.000652767982420326,862,2243.43033654491,2.87906370957692,349.949574934153,0.0128091167319905,1.42018567544764,99.1938018798828,1482.57504016291,0.00040974960603934,0.00689744217621396,9.75666177683863,366.991343886125,3.45513266787938,872,1.64056175716911e-05,0.000251891374068354,0.0012926631564394,0.00246959705965235,183.210334752346,9.75666172614842,187671.85,196.05887249774,6.08832927097117e-05,0.00206915557416621,18.7264271480981,3415.24004103179,408522.433997845,0.00044603482082089,0.00134290754511576,0.191310185325009,345093.616666667,744.329543308744,35.5813941955566,1778.5,3142.16190592448,1.70570259683777,1.33929421561551e-05,3.28028000196491e-05,28885.2578125,7.97156540552775,234.190689086914,4.84766864776611,1787,0.000560616687852852,7.9715653367836,21.0552984873454,345007.1,171807.357142857,195.857142857143,133.729807330312,4.46758699417114,1.20716850044801,41585.5
"H21-18700 -1",1,2,"10/29/2021",1009184,0,"10/4/1995 0:00:00",1,0,26,"Portugal",61,150,27.11111111,"Undetermined",5,1,15.23,0,1,2,1.31,57.62815993,2.05,33.6709736,2.12,32.34128522,1.83,38.3458167312568,2.01,33.83935028,-2.2532332256284,0,0,0,0,0,0,0,0,0,2.02,33.83935028,"2/5/2025 0:00:00",39,0,0,0,"11/5/2021 0:00:00",0,1,2,1,4,0,20,0,0," ",0,0," ",0,0,0," ",0,0,1,0,2,1,76,0,0,165,100,36.7309458218549,1,0,"Stroke (unspecified)",1,0.67,96.7650254,0,1.46,88,1,0,0,0,2,2,4,4,0,0,5.726787401,0,0,0,1,0,0.064466642,0,76,0,0,1.88922e-07,297425.1974,138598.0645,264.1256468,84.55960574,0,0,0,0,0,1.21159e-05,40646.42347,40314.31336,74.08137028,25.6068293,17426.75679,22913.5243,50.54394769,17.81903076,2.9084e-07,0.533860383,0.056190167,0.492466663,0.043533328,0.258257938,0.00978736,0.114099434,0.091123174,1.32157e-05,0.741742062,4874,117,317188.7042,109500.7465,0.343584651,113031.7059,0.341296749,5.975918371,22.53520606,0.35661939,5.975918371,22.53520606,0.35661939,0.4475431,446364.2778,0.4475431,446364.2778,0.737576783,313705.5,0,7176114,0.386539283,9468.384615,0.386539283,9468.384615,0.645805507,1582293.6,0.645805507,1582293.6,119.78941637538,2.33869791912718,2.23123879139112e-05,0.00209466862001018,0.000764189873546301,0.000193191324856807,0.000183536161093183,0.000231498126213529,6.53328941418574,56.0562513145434,6.53328938945479,0.000796752548213879,241.374083506793,1.20321700085664,0.195134496786066,177,1.64926327379671e-05,21,1.2259075309185,2.95637540712706,9.58817735076242e-05,2.65891310394995,15.6794913733768,98.7398422737391,0.00564971751412429,530.648005813517,2.5543514792906,0.0451977401129944,0.000225534949786284,82443.2142857143,0.000658373688443964,0.0131676133928261,401.669944995486,1.71591230539175,0.220715701147968,1.71591230768779,170.5,0.000552110997918048,7.49123772299357e-05,308.358800507566,1.92509072167533,340.146018777951,0.000618819907822967,0.00804271436124423,72.0183552441732,0.00028157854173111,0.0021962098573669,82443.2142857143,2311.65317109965,1.15238094329834,0,0.00265454555226992,1.479112700659,21641.8934555054,1567.13001346469,0,0.00229028350394352,23.4958482980728,1719.70162954007,17.0800199551861,82481.4285714286,5.42012952050549e-05,0.00071643295141411,0.000297980188110718,0.000678027537820875,7176114,23.4958483759543,170.5,2.82842712474619,5.76997493808154e-05,0.0057660178611279,0,1724.61813272305,72341.8675422668,0.00174336227618272,0.00332177333906439,0,370844.057692308,749.011803229213,25.3782952626546,0,41154,0,1.01022868872081e-05,0.0065106267982957,1797023.625,12.1099767684937,0,3.70976068423345,0,0.00564971751412429,12.1099764475174,55.1814002990723,370752.057692308,7176114,10053,0,0,0,0
"H21-20678",1,2,"11/29/2021",19766552,0,"11/24/1975 0:00:00",0,0,46,"Portugal",82,175,26.7755102,"ADPKD",4,2,35.97,0,1,2,1.54,55.98970014,1.52,56.8749072,1.47,59.20415744,1.35,65.1675624447039,1.11,81.40337463,8.11790609264805,0,0,0,0,0,0,0,0,0,1.12,81.40337463,"2/5/2025 0:00:00",38,1,1,1,"11/29/2021 0:00:00",0,1,2,1,4,0,15,0,0," ",0,0," ",0,0,0," ",0,0,1,0,1,0,44,0,0,175,85,27.7551020408163,0,0,"Head Thrauma",2,1.12,83.07558239,0,0.79,24,0,0,0,0,1,0,1,1,0,0,22.15565861,1,1,0,0,22.15565861,0.008411048,0,58,0,0,1.67055e-07,363063.8534,125831.8407,296.3050792,75.52704499,0,0,0,0,0,1.24744e-05,43498.03602,71177.07952,75.77062492,32.53153808,25999.90478,108177.5562,56.93256783,18.30380821,2.16019e-07,0.487115267,0.060651627,0.542611856,0.022973402,0.396729202,0.010792686,0.111777187,-0.538495917,1.32336e-05,0.603270798,4331,75,375573.7411,151750.4107,0.394261241,154034.4909,0.399678879,6.588629792,20.90847167,0.320475039,6.588629792,20.90847167,0.320475039,0.472520291,38887,0.472520291,38887,0.757089641,195887.5,0.757089641,195887.5,0.425670126,10961.54545,0.425670126,10961.54545,0.601358244,115682,0.601358244,115682,206.621615230721,1.55674799275932,9.84089247834579e-06,0.00135805861524101,0.000465590501097867,0.000891420416367379,8.47134157133601e-05,0.000129429506926999,10.7486248811086,76.8694546444877,10.7486249067143,0.000421762640962561,667.418397080732,1.19317489875602,0.210981331727448,2716,1.16071534538258e-05,50.6666666666667,1.38579675141207,2.57063931021028,4.90243095666666e-05,2.68570684322895,3.31252855843693,149.28926543232,0.000368188512518409,666.338890391889,1.48389493240254,0.00220913107511046,5.35046621563672e-05,415990.025641026,0.00031554560864337,0.000337608231355809,535.531610947471,1.83527781565984,0.244197691937611,1.83527779521473,2739,0.000289076332188151,6.2992003542881e-05,34.4383507154451,2.09978620822613,791.952861768815,2.78147884095816e-05,7.24708950293641e-05,65.0974603353636,0.00195956847246955,0.00118282225580888,415990.025641026,1144.19090885901,1.72582650184631,0,4.5848186991623e-05,1.25222507521236,101671.365184295,2028.1066599366,0,0.000110065993429619,21.7182941997752,314.091148116909,13.9064215104235,416086.820512821,0.000821752862969177,0.000455925644756525,5.3286271313638e-06,1.02311827923121e-05,156.742018547846,21.7182942679376,2739,15,0.000633171118941962,0.00259952011949791,0,327.195466394088,239166.618566176,0.000736378431637878,0.00185159193281725,0,22857,507.825292425119,14.288631439209,0,1569.55200195312,0,6.54807651731898e-05,0.000635429492579644,28899.59765625,7.5613808631897,0,4.15504046281179,0,0.000368188512518409,7.56138086244113,22.7875957489014,22835,192211,207.5,0,0,0,0
"H21-20818 - 1",1,2,"12/2/2021",19092975,0,"4/1/1964 0:00:00",1,0,57,"Portugal",59,165,21.67125803,"Chronic glomerulonephritis (IgA)",2,1,32.07,0,1,2,1.8,32.45652847,1.56,38.53714652,1.49,40.71979193,1.34,45.9623585805042,1.18,52.87710147,3.4573714447479,0,0,0,0,0,0,0,0,0,1.25,52.87710147,"2/5/2025 0:00:00",38,0,0,0,"12/9/2021 0:00:00",0,1,1,0,2,0,20,0,0," ",0,0," ",0,0,0," ",0,0,0,0,1,1,73,1,0,150,55,24.4444444444444,0,0,"Stroke (unspecified)",1,0.71,89.72282357,0,1.61,93,1,0,0,1,2,2,5,4,0,0,36.94753565,1,1,1,1,36.94753565,0.221370951,16.6666666666667,29,5,0.147058824,1.13927e-07,397082.8966,221941.8738,296.7452379,100.7464638,1.96425e-08,95880.7,33832.73427,157.4912084,33.43829063,1.07013e-05,41696.3772,45363.88268,74.27904851,24.66992767,21512.91719,21283.66879,58.78341803,15.71572333,4.71421e-07,0.4916038,0.045238351,0.446203537,0.025454562,0.331108814,0.022617952,0.101385011,-0.437867311,1.3303e-05,0.668891186,2724,120,411260.2143,164717.7857,0.413483081,164717.7857,0.413483081,6.966717039,19.22375449,0.402545966,6.966717039,19.22375449,0.402545966,0.455586524,42663.81481,0.455586524,42663.81481,0.607763875,448839,0.607763875,448839,0.423079016,15043.69048,0.423079016,15043.69048,0.569362805,139334.25,0.569362805,139334.25,140.416079780288,2.66189913640797,0.0075187969924812,0.00164909061678559,0.0699999988079071,0.000167234784400048,0.2,0.0509999990463257,6.87175112962723,70.9967220472321,6.87175107620966,0.2,1129.55930524694,0.984364426858092,0.208032870537836,388549.416666667,0.00998242815634362,164.919388009941,1.39822468239872,2.62497672378159,0.0075187969924812,1.73205080756888,1.37888743239081,103.209508700005,6.32397770541675e-05,57.6821613386513,0,12.1224378683449,0.0122931754147565,1068608.75,0.000657935230397427,0.000179579358751854,4.65042188844128,1.81982560455799,0.287246645590593,1.81982558618788,388457.958333333,0.0105263156102116,0.0210526312204232,278.800732325998,2.48989021778107,1211.31259315075,1.29919729639017e-05,4.37941414432698e-05,81.6352896246944,0.000319522353787172,0.00224615738900506,1068608.75,2236.08627978801,2.47963591416677,264.234390109817,2.01975261496712e-05,12.4036405131374,307003.375,77.6629509039023,0.000653959732783909,7.36431254700078e-05,1.01999998092651,15.8600685584404,0.153383455778423,1068739,0.000197043048711484,0.000601610542533266,2.32988010126458e-06,3.37662125496553e-06,9.8488578017961,1.01999998092651,388457.958333333,301.008986748589,6.88489786176332e-05,0.00534006103704536,397.993151708796,932.604176105717,143.387603759766,0.00165092737513464,0.00410534741712596,0.165096368177622,336985.071428571,745.940673632348,22.4716633690728,130397.5,118435.21875,1.50119303237048,1.57100052935712e-05,6.95086410148082e-06,7315372.5,36.2333717346191,25191.984375,4.62224070727825,130442.5,0.00023444612969696,36.2333701509688,121.041870117188,336898.071428571,1322.5,1,417.620367376089,7.17274141311646,1.70193128754054,92506
"H21-20818 - 2",1,2,"12/2/2021",20035459,0,"4/5/1960 0:00:00",0,0,61,"Portugal",67,168,23.73866213,"Diabetic nephropathy",1,1,16.07,0,1,2,1.32,61.3661921,1.42,56.21754542,1.23,66.79312439,1.35,59.3630713984752,1.21,66.86093191,3.7489302557624,0,0,0,0,0,0,0,0,0,1.46,66.86093191,"2/5/2025 0:00:00",38,1,1,0,"12/13/2021 0:00:00",0,1,1,0,2,0,23,0,0," ",0,0," ",0,0,0," ",0,0,0,0,2,1,73,1,0,150,55,24.4444444444444,0,0,"Stroke (unspecified)",1,0.71,89.72282357,0,1.61,93,1,0,0,1,1,2,4,3,0,0,20.0742,1,1,0,0,20.0742,0.480886866,13.6363636363636,37,7,0.159090909,1.3354e-07,310865.6622,134030.8999,262.8874563,87.80381353,2.52643e-08,231951.5,268545.2258,202.9313772,121.192287,1.19211e-05,43891.7413,43699.69426,77.94421684,24.5299066,30083.9146,32562.3551,59.22388252,18.46723114,4.18666e-07,0.438111797,0.041512978,0.523239829,0.023747237,0.297356398,0.012664492,0.079338337,-0.457083503,1.13192e-05,0.702643602,3303,116,338231.8824,121419.5294,0.347700399,121419.5294,0.347700399,7.1149476,22.55242791,0.38389281,7.1149476,22.55242791,0.38389281,0.553137533,223317.6667,0.553137533,223317.6667,0.577926718,2293172,0.577926718,2293172,0.45997275,16510.41667,0.45997275,16510.41667,0.646302316,430124.9167,0.646302316,430124.9167,168.673407598991,2.91680353502586,0.00498797801824716,0.00172529804538649,0.0769230769230769,0.000178978359845458,0.0324218571186066,0.0769230769230769,10.1825349330902,59.8378806104347,10.182534827768,0.0437498092651367,11.9586010607298,1.28528064368085,0.197656061151719,285650.923076923,0.00568654789374425,296.719517596059,1.36039169897063,2.7376333527787,0.00673073988694411,2.46485223966579,1.26371694964255,123.580421014964,0.000103423790468395,71.5492446004889,1.03874527756308,18.407044047493,0.00725645375398039,975,0.000450863111290162,0.0136833237733612,4.74134740405303,1.65187535683314,0.138158244718212,1.65187536511863,285573.653846154,0.00480769230769231,0.010562016413762,303.330208596784,1.21565210819244,133.403797248082,0.00234893899442672,0.00575725373474657,70.8977272727273,0.000272815266546785,0.00172706708360831,975,2307.03615605563,2.82043744967534,267.347030112373,0.0113477474312741,15.0904876827475,141.693695068359,123.325901807804,0.000739905606915175,0.0109448235220016,1,232.048944505654,0.0625,1023.5,0.000159882442831082,0.000626710489444805,0.00129333294630036,0.00153767154990145,116.484151623287,1,285573.653846154,256.328237471554,5.56534988514791e-05,0.00294201611479545,284.008521280522,988.35743110038,192.796722412109,0.000884587035305629,0.00264518569317271,0.185815892042814,370919.666666667,762.387201477612,20.7844543457031,78804.5,520649.09375,1.6410468601125,1.14116223389114e-05,1.07528567819596e-05,93431864,94.8556442260742,15022.2060546875,4.39132833480835,78839.5,0.000362537934565825,94.8556472654545,245.255828857422,370829.833333333,58234.25,67.25,354.826519697191,4.82071959972382,1.61670489468403,307337
"H21-21740 - 1",1,2,"12/17/2021",19715328,0,"2/5/1971 0:00:00",0,0,50,"Portugal",100,173,33.41240937,"Chronic glomerulonephritis (unspecified)",2,1,42.53,0,1,2,2.11,37.42743199,2.86,25.98302651,2,39.91103418,2.28,33.8926988062295,0,0,0,1,1,0,0,0,1,0,0,0,3,0,"2/5/2025 0:00:00",38,0,0,0,"12/27/2021 0:00:00",0,1,0,1,2,0,8,1,3,"2/13/2023",1,3,"2/13/2023 0:00:00",1,0,0," ",0,0,1,0,2,1,55,1,0,165,70,25.7116620752984,1,0,"Stroke (unspecified)",1,0.5,110.695584,0,1.08,59,0,0,0,0,1,2,3,2,0,0,18.82978575,1,0,0,0,18.82978575,0.714370439,0,47,0,0,2.2732e-07,315629.2979,147449.055,265.0919976,84.42445205,0,0,0,0,0,1.14531e-05,47407.26225,41149.62816,86.40044063,31.20176966,0,0,0,0,2.32157e-07,0.413133133,0.071748912,0.54295861,0.010520163,0,0,0.132144348,-0.331156475,1.16731e-05,0,2368,48,329651.2111,121265.0222,0.350140783,125551.3953,0.353453003,7.788744328,22.42669703,0.372074679,7.788744328,22.42669703,0.372074679,0.449031196,33861.61111,0.449031196,33861.61111,0.737283159,134806,0.737283159,134806,0.388404082,12838.42857,0.388404082,12838.42857,0.661226098,107442.75,0.661226098,107442.75,106.20853877,2.6077172010058,1.38842811449736e-05,0.00218813091062852,0.000449041405038267,0.000138918448874133,0.000121434347778212,0.00012475500790754,5.93825101852417,53.6482070561018,5.93825096182924,0.000555731843838415,5.07735005369248,1.03683937434599,0.184573721846464,139653.875,1.15123933430293e-05,204.010998479105,1.15523690843568,2.64022812131358,6.35975077580612e-05,2.82067537455556,1.32227349889807,93.2131518596456,0.000100223743014328,679.711590260792,2.48793555121452,7.09429851821218,0.000271275760862615,136.25,0.00072188486323666,0.541666666666667,502.627584947031,1.65250039100647,0.108697946871393,1.65250037873971,139582.5,0.000326209961475628,5.89265170605218e-05,326.635706632037,1.14749997854233,67.6433379017633,0.0147960262101036,0.541666666666667,161.65625,0.000260265704618108,0.00255845571713468,136.25,2476.84218220662,2.71906162798405,0,0.101437497138977,1.36220622043646,15.8999996185303,2008.50613708916,0,0.0177211971764202,22.9081089313214,200.025551178224,16.4126642564649,140,9.12708473455745e-05,0.000765831494805603,0.0085270025530569,0.00855353974157094,102.591422643416,22.9081091578294,139582.5,179.279948175057,5.15927528618572e-05,0.00620429718147347,0,1481.14841174689,163308.596367469,0.00193558012606607,0.00390843480184408,0,425605.458333333,815.645721358102,18.1782970428467,0,3800.86482747396,0,1.03887035172353e-05,1.98926807682877e-05,44852.1783854167,9.52661371231079,0,3.83835917711258,0,0.000387976796184993,9.52661374976041,26.1762301127116,425508,80079.5,98,0,0,0,0
"H22-01782 - 1",1,2,"1/27/2022",19753584,0,"11/11/1971 0:00:00",0,0,50,"Portugal",57,160,22.265625,"ADPKD",4,1,32.37,0,1,2,1.15,77.53388893,1.23,71.5225257,1.41,60.71081192,1.15,77.0531788161621,0.98,92.20504043,7.57593080691895,0,0,0,0,0,0,0,0,0,0.87,92.20504043,"2/5/2025 0:00:00",36,1,1,1,"2/4/2022 0:00:00",0,2,2,1,5,6,15,0,0," ",0,0," ",0,0,0," ",0,0,1,0,1,0,56,1,0,153,74,31.6117732496049,0,0,"Stroke (unspecified)",1,0.8,86.42155879,0,1.09,60,0,0,0,0,2,2,4,3,0,0,8.110896935,0,0,0,1,0,0.199354601,0,32,0,0,1.38656e-07,311558.4688,176734.6473,248.2534595,116.1030033,0,0,0,0,0,1.02042e-05,44720.58408,40884.80868,78.477585,26.72763208,31842.27252,30225.9356,67.39878202,17.11175884,3.11976e-07,0.407546218,0.043199401,0.456337923,0.0415653,0.496472262,0.009945592,0.094665375,-0.372236086,1.15803e-05,0.503527738,2355,72,368508.963,130410.5926,0.348304484,135071.1154,0.349233911,7.482915458,22.15188707,0.391515969,7.482915458,22.15188707,0.391515969,0.521708436,221773.8214,0.521708436,221773.8214,0.642542013,1811085,0.60682394,589351.5,0.456569302,16302.5,0.456569302,16302.5,0.58684757,427245.1429,0.58684757,427245.1429,393.44072717916,4.15296160095115,0.00614830120673725,0.000981132733394288,0.35,0.000292956419855357,0.0496031741301219,0.35,16.5114208327399,78.0406286313479,16.5114207544667,0.0595238095238095,658.60209304946,1.50678455334662,0.21513348522385,12074,0.00812711560170779,207.430128205128,2.02546783661052,3.06905909573902,0.00740711294853448,5.89742702555409,6.72351269676811,189.281985094822,0.000668921693213466,78.7495906889536,2.4411033779271,4.0105967580481,0.00945911656066103,434076.2,0.000240141408990458,0.000292501728149466,6.18843895147467,1.88797703054216,0.267100014508091,1.88797703644466,12048.75,0.00589653893040759,0.0235861557216304,266.428760726262,2.3082448164622,832.160383807234,2.82702707316222e-05,6.24626356960118e-05,108.108695652174,0.000364762010294233,0.000955093820993485,434076.2,2148.60588876212,2.03757292032242,0,4.99996287435787e-05,12.7767289967639,115033.239583333,139.31675682619,0,0.000117688056814693,1,87.7422952463521,0.0163247999151958,434166.6,1.90400719449286e-05,0.000332054108075008,5.80678772875151e-06,9.24445681192033e-06,43.3530210536821,1,12048.75,29.3970004168535,7.88311483621996e-05,0.00192451759414367,0,5417.63318550685,281.35969543457,0.000484402925184904,0.00114719249748516,0,310087.454545455,725.814327200578,35.968994140625,0,413253.15625,0,9.95365227662109e-06,0.000423788609452515,77321168,89.2209167480469,0,4.45471816592746,0,0.00185145541794916,89.2209188277296,287.917846679688,310009.272727273,8139.66666666667,17,0,0,0,0
"H22-01981 -1",1,2,"2/1/2022",19747818,0,"1/8/1953 0:00:00",0,0,69,"Portugal",84,177,26.81221871,"Chronic glomerulonephritis (IgA)",2,1,60.97,0,1,2,1.39,54.8772161,1.93,37.01187282,1.39,54.8772161,1.41,53.6100101178243,1.11,70.55360911,8.47179949608785,0,0,0,0,0,0,0,0,0,1.27,70.55360911,"2/5/2025 0:00:00",36,1,0,0,"2/14/2022 0:00:00",0,2,2,1,5,0,24,0,0," ",0,0," ",0,0,0," ",0,0,0,0,1,1,73,1,0,158,53,21.2305720237141,0,0,"Stroke (unspecified)",1,0.91,66.61365754,0,1.63,94,1,0,0,0,1,0,1,3,0,0,20.74889303,1,1,0,0,20.74889303,0.002204885,0,54,0,0,2.17142e-07,338277.5185,149920.4123,285.3353687,73.12410547,0,0,0,0,0,1.3881e-05,45384.09111,43720.65764,79.98385954,25.16134955,22887.05385,20312.94824,61.5606253,18.38242745,4.10157e-07,0.566734736,0.073454262,0.629976766,0.01644204,0.339894738,0.010715604,0.116598367,-0.557126943,1.44297e-05,0.660105262,3452,102,341260.0472,80525.96226,0.228715434,87209.75,0.231963436,5.241896945,23.55720529,0.320914207,5.241896945,23.55720529,0.320914207,0.577526738,101327.3333,0.577526738,101327.3333,0.60682394,589351.5,0.642542013,1811085,0.591535282,10368.5,0.591535282,10368.5,0.566319902,174094.4,0.566319902,174094.4,0,0,0,0,0,0,0,0,0,0,0,0,0,0,0,0,0,0,0,0,0,0,0,0,0,0,0,0,0,0,0,0,0,0,0,0,0,0,0,0,0,0,0,0,0,0,0,0,0,0,0,0,0,0,0,0,0,0,0,0,0,0,0,0,0,0,0,0,0,0,0,0,0,0,0,0,0,0,0,0,0,0,0,0,0,0,0,0,0,0,0,0,0,0,0,0,0,0,0,0
"H22-03995",1,1,"3/1/2022",20028748,0,"5/23/1996 0:00:00",1,0,25,"Portugal",67,165,24.6097337,"Undetermined",5,2,24.4,0,1,2,0.81,103.2474401,0.77,109.7166263,1.2,64.42342648,0.84,98.2257071938078,1.05,74.22174035,-12.0019834219039,0,1,0,0,0,0,0,0,0,1.04,74.22174035,"2/5/2025 0:00:00",35,1,1,1,"3/8/2022 0:00:00",0,0,1,0,1,0,7,0,0," ",0,0," ",0,0,0," ",0,0,1,0,2,0,50,0,0,170,65,22.4913494809689,1,0,"Head Thrauma",2,0.5,124.2596887,0,0.93,42,0,0,0,0,2,2,4,3,0,0,28.03887646,1,1,1,1,28.03887646,0.277792077,0,10,0,0,1.11974e-07,348561.95,274872.4712,250.6427292,166.7108944,0,0,0,0,0,7.41268e-06,72940.26133,184957.8614,87.42568064,40.64383175,35880.9841,33429.4053,67.99812702,18.90003621,1.79158e-07,0.300865151,0.039029886,0.540682875,0.008552302,0.43587137,0,0.072186282,-0.536796536,8.64256e-06,0.56412863,662,16,435648.75,270284.25,0.613790866,305612.7143,0.58795705,9.939656612,30.35337703,0.29435732,9.939656612,30.35337703,0.29435732,0.373631367,67693.1,0.373631367,67693.1,0.370965033,209635,0.370965033,209635,0.312293574,16441.75,0.312293574,16441.75,0.414523228,101860.6667,0.414523228,101860.6667,169.353076179842,3.35493935493882,0.00581081042418609,0.000792927942741232,1,0.000124991765288458,0.0447916636864344,1,4.65195798873901,175.076923076923,4.65195816770309,0.0833333333333333,6.6336853311544,0.880651331184177,0.336701928193226,192911,0.00876985111752072,378.745762711864,1.17473643227047,2.84363135984722,0.0108108108108108,5.58292576384333,1.26137828962785,144.162615142978,9.78933034046819e-05,75.2614947119846,2.35572667129166,12.3689162359845,0.0101401403546333,245.5,0.000426173849796035,0.0823529397740084,3.73986181350193,2.83237934112549,0.102325579916784,2.83237922547781,192850.5,0.00540540540540541,0.0216216216216216,326.234638391993,1.01538455486298,66.7457723375982,0.00542635649673699,0.0602076123742496,103.2,0.000625763522415932,0.00151792300837996,245.5,2527.4667269841,3.29434657096863,0,0.0390532521101145,20.1241378599257,26.3999996185303,133.242640687119,0,0.013953488372093,1,209.7711465304,0.00540540540540541,258,0.000462728539686484,0.00024297283969179,0.0039355990498565,0.0057390900545342,105.383990128899,1,192850.5,209.773687577828,0.00014276172630074,0.00404081696575681,0,446.433549546129,259.587585449219,0.00124445489504635,0.00292944457729157,0,470435.142857143,827.85269128192,13.1968994140625,0,54916.9140625,0,4.43330832009701e-05,1.707702811643e-05,1058935.125,17.8593616485596,0,6.51278877258301,0,0.000370866303389257,17.8593615603866,52.150390625,470334.214285714,47973.5,64.5,0,0,0,0
"H22-05628",1,2,"3/23/2022",17025316,0,"7/7/1965 0:00:00",1,0,56,"Portugal",73,150,32.44444444,"ADPKD",4,2,31.8,0,1,2,0.98,67.74212081,0.84,81.50700527,1.12,57.71230932,1.54,39.1385027149538,1.12,56.64550199,8.7534996375231,0,0,0,0,0,0,0,0,0,1.05,56.64550199,"2/5/2025 0:00:00",34,0,0,0,"4/1/2022 0:00:00",0,2,2,2,6,6.25,18,0,0," ",0,0," ",0,0,0," ",0,0,1,0,2,1,60,0,0,180,90,27.7777777777778,0,0,"Head Thrauma",2,1.2,69.23112757,0,0.97,47,0,0,0,1,2,2,5,5,0,0,5.525184921,0,0,0,1,0,1.936645421,11.4285714285714,69,7,0.092105263,1.22624e-07,439638.1377,218100.1985,312.6190802,113.9289404,1.24402e-08,143924.5,76544.00484,165.0860142,64.02594951,8.85029e-06,60656.79006,61552.2268,89.02586051,35.63263272,18549.59996,15924.7358,55.87280097,17.39039989,2.64798e-07,0.489190163,0.053910401,0.536830126,0.053960662,0.302171558,0.013953689,0.100423576,-0.031773462,1.05438e-05,0.697828442,4980,149,466298.2692,137263.6,0.307019615,141343.7619,0.294118958,7.047364134,22.24985842,0.360283589,7.047364134,22.24985842,0.360283589,0.488727091,144094.6944,0.488727091,144094.6944,0.48581398,972945,0.48581398,972945,0.412798779,16095.90909,0.412798779,16095.90909,0.608043009,345235.6429,0.608043009,345235.6429,0,0,0,0,0,0,0,0,0,0,0,0,0,0,0,0,0,0,0,0,0,0,0,0,0,0,0,0,0,0,0,0,0,0,0,0,0,0,0,0,0,0,0,0,0,0,0,0,0,0,0,0,0,0,0,0,0,0,0,0,0,0,0,0,0,0,0,0,0,0,0,0,0,0,0,0,0,0,0,0,0,0,0,0,0,0,0,0,0,0,0,0,0,0,0,0,0,0,0,0
"H22-08315 - 1",1,2,"5/4/2022",14028897,0,"3/28/1957 0:00:00",0,0,65,"Portugal",89,173,29.73704434,"Hypertensive Nephrosclerosis",3,1,87.73,0,1,2,1.78,41.81285858,2.41,29.06654493,1.37,57.24653194,1.3,60.5871929773098,0,0,0,0,0,0,0,0,0,0,0,0,1.3,0,"2/5/2025 0:00:00",33,1,1,1,"5/12/2022 0:00:00",0,1,2,2,5,0,17,0,0," ",1,6," ",0,1,1,"9/28/2023 0:00:00",1,0,0,0,1,1,65,1,0,165,70,25.7116620752984,0,1,"Head Thrauma",2,0.56,101.2182156,0,1.38,83,0,0,0,1,2,2,5,3,0,0,35.40493096,1,1,1,1,35.40493096,0.403629111,16.2162162162162,62,12,0.162162162,8.53158e-08,419818.1532,181191.2068,316.5428726,81.35414514,1.65127e-08,130202.5,49082.8477,168.4960261,34.4202827,7.04819e-06,69438.79529,80564.09433,92.76139818,37.22615866,60534.59909,96432.4279,75.34156239,30.08484209,2.76588e-07,0.40559924,0.035817138,0.489417766,0.057718794,0.712169015,0.026309238,0.073183159,-0.227429304,7.3754e-06,0.287830985,5122,201,419818.1532,161884.371,0.392340716,163069.05,0.393417766,7.636996229,33.16857648,0.282412667,7.636996229,33.16857648,0.282412667,0.466594572,488085.9286,0.466594572,488085.9286,0.589897743,6391430,0.589897743,6391430,0.46930828,14056.95,0.46930828,14056.95,0.459810302,1673158.375,0.459810302,1673158.375,0,0,0,0,0,0,0,0,0,0,0,0,0,0,0,0,0,0,0,0,0,0,0,0,0,0,0,0,0,0,0,0,0,0,0,0,0,0,0,0,0,0,0,0,0,0,0,0,0,0,0,0,0,0,0,0,0,0,0,0,0,0,0,0,0,0,0,0,0,0,0,0,0,0,0,0,0,0,0,0,0,0,0,0,0,0,0,0,0,0,0,0,0,0,0,0,0,0,0,0
"H22-08315 - 2",1,2,"5/4/2022",19302739,0,"11/29/1951 0:00:00",0,0,70,"Portugal",72,174,23.78121284,"Chronic glomerulonephritis (IgA)",2,1,64.1,0,1,2,1.48,50.58185659,1.36,55.98376915,1.28,60.20836874,1.32,57.6659032963116,1.35,55.43770963,-1.1140968331558,0,0,0,0,0,0,0,0,0,1.2,55.43770963,"2/5/2025 0:00:00",33,1,1,0,"5/27/2022 0:00:00",0,2,2,0,4,6,18,0,0," ",0,0," ",0,0,0," ",0,0,0,0,2,1,65,1,0,165,70,25.7116620752984,0,1,"Head Thrauma",2,0.56,101.2182156,0,1.38,83,0,0,0,1,1,2,4,3,0,0,21.9225,1,1,0,0,21.9225,0.076145337,12.8205128205128,110,9,0.075630252,1.60586e-07,283538.8409,276097.5121,202.3754727,153.1567375,1.31389e-08,155705.7778,59665.68794,193.6080498,42.84118924,6.60301e-06,75039.79836,81563.66199,90.83599727,37.40281265,85439.8235,119777.3659,77.56039541,37.42446409,2.64237e-07,0.506627688,0.045532409,0.495488553,0.026540375,0.239506121,0.018065522,0.091893967,0.003041994,5.52702e-06,0.760493879,4523,181,419875.1781,113677.5342,0.269303724,125404.8308,0.267891798,6.375502921,30.8868537,0.299397548,6.375502921,30.8868537,0.299397548,0.415069647,82750.58333,0.415069647,82750.58333,0.547504774,458273,0.547504774,458273,0.384718924,15708.75,0.384718924,15708.75,0.453008051,166552.875,0.453008051,166552.875,0,0,0,0,0,0,0,0,0,0,0,0,0,0,0,0,0,0,0,0,0,0,0,0,0,0,0,0,0,0,0,0,0,0,0,0,0,0,0,0,0,0,0,0,0,0,0,0,0,0,0,0,0,0,0,0,0,0,0,0,0,0,0,0,0,0,0,0,0,0,0,0,0,0,0,0,0,0,0,0,0,0,0,0,0,0,0,0,0,0,0,0,0,0,0,0,0,0,0,0
"H22-11514 - 2",1,2,"6/22/2022",6004348,0,"8/28/1978 0:00:00",1,0,43,"Portugal",53,161,20.44674202,"Lupus",2,1,70.7,0,1,2,0.79,95.12412369,0.79,95.12412369,0.85,87.12453389,0.91,79.7797186017522,0.95,74.8293253,-2.4751966508761,0,0,0,0,0,0,0,0,0,0.83,74.8293253,"2/5/2025 0:00:00",32,1,1,1,"7/8/2022 0:00:00",0,0,0,0,0,14,17,0,0," ",0,0," ",0,0,0," ",0,0,1,0,2,0,41,0,0,170,80,27.681660899654,1,1,"Anoxia",5,0.96,101.8386339,0,1.1,62,0,0,0,1,1,2,4,4,0,0,10.03127438,0,0,0,0,10.03127438,0.546324991,7.89473684210526,70,5,0.066666667,1.24103e-07,570139.3071,244606.914,355.1083922,111.2904876,8.8645e-09,193899.7,55849.31745,214.6648296,37.38196004,1.2233e-05,39168.1163,33609.54802,77.32157941,26.45954849,33958.71053,47752.71803,65.75914177,22.12124113,3.43942e-07,0.39009449,0.070755966,0.479143741,0.04599502,0.722029176,0,0.147671691,-0.265896932,1.24081e-05,0.277970824,6900,194,578401.1087,219482.7101,0.376975301,225412.4627,0.367399172,8.294711853,27.85096317,0.303214094,8.294711853,27.85096317,0.303214094,0.433103065,305776.9737,0.433103065,305776.9737,0.626170846,2628740.5,0.626170846,2628740.5,0.276057958,14944.4,0.276057958,14944.4,0.607597629,628924.2778,0.607597629,628924.2778,0,0,0,0,0,0,0,0,0,0,0,0,0,0,0,0,0,0,0,0,0,0,0,0,0,0,0,0,0,0,0,0,0,0,0,0,0,0,0,0,0,0,0,0,0,0,0,0,0,0,0,0,0,0,0,0,0,0,0,0,0,0,0,0,0,0,0,0,0,0,0,0,0,0,0,0,0,0,0,0,0,0,0,0,0,0,0,0,0,0,0,0,0,0,0,0,0,0,0,0
"H22-12296 - 1",1,2,"7/5/2022",21010063,0,"3/5/1960 0:00:00",0,0,62,"Portugal",78,172,26.36560303,"Chronic glomerulonephritis (FSGS)",2,1,22.03,0,1,2,1.07,78.46145399,1.37,58.32465849,1.18,69.76835388,1.03,81.6227472013853,0.92,92.3141913,5.34572204930735,0,0,0,0,0,0,0,0,0,1.08,92.3141913,"2/5/2025 0:00:00",31,1,1,1,"7/12/2022 0:00:00",0,1,1,0,2,0,19,0,0," ",0,0," ",0,0,0," ",0,0,0,0,1,1,75,0,0,170,90,31.1418685121107,1,0,"Stroke (unspecified)",1,0.61,100.1669391,0,1.38,83,0,0,0,1,2,2,5,5,0,0,6.142382157,0,0,0,1,0,0.775050864,1.92307692307692,103,2,0.019047619,1.697e-07,362605.7961,188395.5134,283.2199354,98.83433343,3.29514e-09,140200.5,5245,187.5976033,0.373139095,1.14325e-05,36779.22669,44122.96443,73.73761416,24.62173607,16358.24191,17124.15098,52.4484374,16.4267969,3.06448e-07,0.435191448,0.061534104,0.420478112,0.067779657,0.33602958,0.009469244,0.146343179,-0.372968404,1.38705e-05,0.66397042,6939,186,380558.1582,168167.6327,0.43993631,175782.8172,0.438797003,7.13292306,25.84422988,0.207853875,7.299003583,26.8934831,0.196894569,0.388748595,491166.7895,0.388748595,491166.7895,0.52354239,8073510.5,0.52354239,8073510.5,0.338302384,16619.89286,0.338302384,16619.89286,0.529997988,1819898.1,0.529997988,1819898.1,0,0,0,0,0,0,0,0,0,0,0,0,0,0,0,0,0,0,0,0,0,0,0,0,0,0,0,0,0,0,0,0,0,0,0,0,0,0,0,0,0,0,0,0,0,0,0,0,0,0,0,0,0,0,0,0,0,0,0,0,0,0,0,0,0,0,0,0,0,0,0,0,0,0,0,0,0,0,0,0,0,0,0,0,0,0,0,0,0,0,0,0,0,0,0,0,0,0,0,0
"H22-15750 - 1",1,2,"8/30/2022",14022977,0,"9/18/1962 0:00:00",0,0,59,"Portugal",77,172,26.02758248,"ADPKD",4,2,25.47,0,1,2,1.18,71.08230447,1.19,70.36611183,1,86.70016178,1,86.162620779669,1.01,84.08746048,-1.0375801498345,0,0,0,0,0,0,0,0,0,0.98,84.08746048,"2/5/2025 0:00:00",29,1,1,1,"9/16/2022 0:00:00",0,0,2,2,4,2,24,0,0," ",0,0," ",0,0,0," ",0,0,0,0,1,1,60,0,0,170,80,27.681660899654,0,0,"Stroke (unspecified)",1,0.7,105.4847113,0,0.99,50,0,0,0,1,1,2,4,1,0,0,9.859261374,0,0,0,0,0,0.267550494,10,17,2,0.105263158,1.10355e-07,275743.9412,133401.2659,239.4739984,79.75531315,1.29829e-08,107895.25,25355.25,149.5881895,20.58818954,8.93224e-06,42434.10429,38410.53176,76.14870675,27.79027897,21483.43762,21542.62249,56.00775713,15.63703915,3.31064e-07,0.443875104,0.030429652,0.379031722,0.058493603,0.365383641,0.011973906,0.0802826,-0.214968717,1.20174e-05,0.634616359,1376,51,292461.9375,103093.4375,0.363514064,107822.6667,0.352681566,7.191311625,27.19893605,0.328500526,7.191311625,27.19893605,0.328500526,0.477561904,29182.25,0.477561904,29182.25,0.55372705,72805,0.55372705,72805,0.482118816,16732.11111,0.482118816,16732.11111,0.463891168,66532.66667,0.463891168,66532.66667,0,0,0,0,0,0,0,0,0,0,0,0,0,0,0,0,0,0,0,0,0,0,0,0,0,0,0,0,0,0,0,0,0,0,0,0,0,0,0,0,0,0,0,0,0,0,0,0,0,0,0,0,0,0,0,0,0,0,0,0,0,0,0,0,0,0,0,0,0,0,0,0,0,0,0,0,0,0,0,0,0,0,0,0,0,0,0,0,0,0,0,0,0,0,0,0,0,0,0,0
"H22-15750 - 2",1,2,"8/30/2022",19692052,0,"1/4/1985 0:00:00",0,2,37,"Bangladesh",65,170,22.49134948,"atipical HUS",4,1,89.97,0,3,1,0.99,100.618964,1.12,86.77216785,1.04,94.84229788,0.96,103.756565528121,0.83,113.4665094,4.8549719359395,0,0,0,0,0,0,0,0,0,0.91,113.4665094,"2/5/2025 0:00:00",29,1,1,1,"9/6/2022 0:00:00",0,1,2,2,5,6.38,26,0,0," ",0,0," ",0,0,0," ",0,0,0,0,2,1,60,0,0,170,80,27.681660899654,0,0,"Stroke (unspecified)",1,0.7,105.4847113,0,0.99,50,0,0,0,1,1,2,4,2,0,0,14.2896,0,0,0,0,14.2896,0.10282866,3.7037037037037,110,4,0.035087719,2.23037e-07,360485.5318,188552.0058,287.7551484,105.0756094,8.11043e-09,136453.125,43696.17146,190.3605725,28.58500381,1.10119e-05,41706.75161,40170.09148,78.32705077,27.75092714,29328.50784,30943.08654,60.26392271,16.22503555,2.71699e-07,0.486374171,0.080401527,0.459271971,0.023426155,0.471475342,0.01355602,0.175062996,0.09015416,1.20789e-05,0.528524658,5431,134,367138.0417,128852.8796,0.345894287,139621.2323,0.345813354,6.414629567,25.30783108,0.340431692,6.414629567,25.30783108,0.340431692,0.473289175,140350.6765,0.473289175,140350.6765,0.791666291,800755.5,0.791666291,800755.5,0.365091921,12726.54167,0.365091921,12726.54167,0.732962582,446648.6,0.732962582,446648.6,0,0,0,0,0,0,0,0,0,0,0,0,0,0,0,0,0,0,0,0,0,0,0,0,0,0,0,0,0,0,0,0,0,0,0,0,0,0,0,0,0,0,0,0,0,0,0,0,0,0,0,0,0,0,0,0,0,0,0,0,0,0,0,0,0,0,0,0,0,0,0,0,0,0,0,0,0,0,0,0,0,0,0,0,0,0,0,0,0,0,0,0,0,0,0,0,0,0,0,0
"H22-15991 - 1",1,2,"9/3/2022",19072146,0,"6/21/1957 0:00:00",1,0,65,"Portugal",81,169,28.36035153,"Diabetic nephropathy",1,1,50.07,0,1,2,2.17,24.67569144,1.99,27.37772267,1.42,41.04639293,1.6,35.3489098434572,1.69,32.69293742,-1.3279862117286,0,0,0,0,0,0,0,0,0,1.29,32.69293742,"2/5/2025 0:00:00",29,0,0,0,"9/20/2022 0:00:00",0,1,0,1,2,36,18,0,0," ",0,0," ",0,0,0," ",0,0,0,0,1,1,74,0,0,175,85,27.7551020408163,1,0,"Stroke (unspecified)",1,0.85,91.18229207,0,1.39,84,0,0,0,1,2,2,5,4,0,0,33.3596,1,1,1,1,33.3596,0.973908728,10.7142857142857,53,8,0.131147541,1.19366e-07,360721.8962,156745.7168,293.2199728,83.56282463,1.80175e-08,74076.125,38059.12494,133.3156506,51.95250037,1.07835e-05,43687.80472,39129.28527,80.93376473,26.04068607,24016.6394,33850.55613,57.88105446,16.13571679,3.13054e-07,0.35939981,0.04305796,0.47110687,0.037328369,0.355850034,0.031673529,0.091397436,-0.448388419,1.22758e-05,0.644149966,4788,139,367249.9135,167106.3846,0.459515474,173171,0.439612181,6.994852046,23.62277427,0.26900458,6.994852046,23.62277427,0.26900458,0.408373927,363534.9474,0.408373927,363534.9474,0.57405512,5234570.5,0.57405512,5234570.5,0.346231544,15891.70833,0.346231544,15891.70833,0.514903727,959494.7857,0.514903727,959494.7857,0,0,0,0,0,0,0,0,0,0,0,0,0,0,0,0,0,0,0,0,0,0,0,0,0,0,0,0,0,0,0,0,0,0,0,0,0,0,0,0,0,0,0,0,0,0,0,0,0,0,0,0,0,0,0,0,0,0,0,0,0,0,0,0,0,0,0,0,0,0,0,0,0,0,0,0,0,0,0,0,0,0,0,0,0,0,0,0,0,0,0,0,0,0,0,0,0,0,0,0
"H22-15991 - 2",1,2,"9/2/2022",19042317,0,"4/22/1958 0:00:00",1,0,64,"Portugal",64,162,24.38652644,"ADPKD",4,1,60.73,0,1,2,1.4,42.01151821,1.06,58.66174542,0.95,66.90424787,0.83,78.1856949402795,0.74,88.62187467,5.21808986486025,0,0,0,0,0,0,0,0,0,0.7,88.62187467,"2/5/2025 0:00:00",29,1,1,1,"9/16/2022 0:00:00",0,1,1,2,4,8,15,0,0," ",0,0," ",0,0,0," ",0,0,0,0,2,1,74,0,0,175,85,27.7551020408163,1,0,"Stroke (unspecified)",1,0.85,91.18229207,0,1.39,84,0,0,0,1,2,2,5,4,0,0,44.839,1,1,1,1,44.839,2.101312737,13.1578947368421,67,10,0.12987013,2.21539e-07,309987.0672,154360.4484,255.1945091,88.03290517,3.30655e-08,110859.55,31128.04088,165.9399911,29.68197003,1.27137e-05,37164.06528,28221.72365,77.16917292,24.46804979,27899.65206,41737.84614,56.41207037,18.85640738,4.86062e-07,0.40972826,0.068674096,0.472491644,0.036576971,0.308450048,0.011381865,0.145344573,-0.377394158,1.20745e-05,0.691549952,3845,147,333923.0887,151709.1613,0.430177922,151709.1613,0.430177922,7.731958433,32.12288279,0.153120688,7.731958433,32.12288279,0.153120688,0.344861338,81231.78947,0.344861338,81231.78947,0.181646943,753366.5,0.181646943,753366.5,0.326793673,12684.5,0.326793673,12684.5,0.412615083,338284.125,0.412615083,338284.125,0,0,0,0,0,0,0,0,0,0,0,0,0,0,0,0,0,0,0,0,0,0,0,0,0,0,0,0,0,0,0,0,0,0,0,0,0,0,0,0,0,0,0,0,0,0,0,0,0,0,0,0,0,0,0,0,0,0,0,0,0,0,0,0,0,0,0,0,0,0,0,0,0,0,0,0,0,0,0,0,0,0,0,0,0,0,0,0,0,0,0,0,0,0,0,0,0,0,0,0
"H22-17837 - 1",1,2,"9/30/2022",15031765,0,"4/6/1956 0:00:00",1,0,66,"Portugal",65,156,26.70940171,"Chronic glomerulonephritis (unspecified)",2,2,36.83,0,1,2,0.91,69.57774242,0.95,66.07720699,0.99,62.88655011,1.14,52.7634487949557,1.18,49.99868387,-1.38238246247785,0,0,0,0,0,0,0,0,0,1.44,49.99868387,"2/5/2025 0:00:00",28,1,0,0,"10/14/2022 0:00:00",0,1,1,2,4,4.26,18,0,0," ",0,0," ",0,0,0," ",0,0,0,0,1,1,74,0,0,168,81,28.6989795918367,0,0,"Stroke (unspecified)",1,0.5,107.0301365,0,1.2,71,0,0,0,1,2,2,5,4,0,0,8.069799222,0,0,0,1,0,0.270756563,4.65116279069767,84,4,0.045454545,1.22555e-07,397094.2202,204639.0665,300.1590355,100.5225328,5.83593e-09,164181.125,31591.28558,199.5186022,15.37294244,9.7781e-06,48743.68815,49709.75015,79.75770287,25.34093283,34666.37585,41469.18779,61.13259637,16.92864837,3.67664e-07,0.414728897,0.048665704,0.476620771,0.062916944,0.400773964,0.013061842,0.102105713,0.037401779,1.04569e-05,0.599226036,6702,252,406769.2134,121510.9024,0.308512072,128332.9351,0.297574138,6.062120546,31.24331042,0.262681719,6.061644215,31.22439859,0.263153528,0.371697013,33494.80556,0.371697013,33494.80556,0.509592948,157941,0.509592948,157941,0.322491817,9075.227273,0.322491817,9075.227273,0.449019464,71868.42857,0.449019464,71868.42857,0,0,0,0,0,0,0,0,0,0,0,0,0,0,0,0,0,0,0,0,0,0,0,0,0,0,0,0,0,0,0,0,0,0,0,0,0,0,0,0,0,0,0,0,0,0,0,0,0,0,0,0,0,0,0,0,0,0,0,0,0,0,0,0,0,0,0,0,0,0,0,0,0,0,0,0,0,0,0,0,0,0,0,0,0,0,0,0,0,0,0,0,0,0,0,0,0,0,0,0
"H22-17837 - 2",1,2,"9/30/2022",97008060,0,"10/6/1954 0:00:00",0,0,67,"Portugal",61,162,23.24340802,"Other",6,1,24.97,0,1,2,0.99,83.49291303,0.88,94.24716747,0.75,98.9084901,0.88,93.6628350343408,0.67,100.4441066,3.3906357828296,0,0,0,0,0,0,0,0,0,0.6,100.4441066,"2/5/2025 0:00:00",28,1,1,1,"10/7/2022 0:00:00",0,1,1,1,3,2.04,22,0,0," ",0,0," ",0,0,0," ",0,0,0,0,2,1,74,0,0,168,81,28.6989795918367,0,0,"Stroke (unspecified)",1,0.5,107.0301365,0,1.2,71,0,0,0,1,2,2,5,4,0,0,43.13689842,1,1,1,1,43.13689842,0.376181439,5,122,10,0.075757576,1.48738e-07,400502.7254,197659.1943,304.620209,103.8576994,1.21917e-08,76385.3,51623.24105,131.9784957,68.50822336,1.06897e-05,46010.06723,43105.56005,83.87295796,25.23817763,26517.00161,24536.39561,64.06758275,15.67714889,2.96258e-07,0.419012635,0.059570111,0.491831697,0.045226887,0.432420049,0.01861559,0.121118894,0.108825785,1.18765e-05,0.567579951,8768,243,427632.4825,123533.0263,0.280785933,132068.8447,0.291851216,5.730889632,28.08813084,0.26624915,5.788016382,28.91459076,0.258631496,0.429717902,1251989.938,0.429717902,1251989.938,0.473295963,7657531.5,0.473295963,7657531.5,0.425799386,19239,0.425799386,19239,0.431024073,1662906.917,0.431024073,1662906.917,0,0,0,0,0,0,0,0,0,0,0,0,0,0,0,0,0,0,0,0,0,0,0,0,0,0,0,0,0,0,0,0,0,0,0,0,0,0,0,0,0,0,0,0,0,0,0,0,0,0,0,0,0,0,0,0,0,0,0,0,0,0,0,0,0,0,0,0,0,0,0,0,0,0,0,0,0,0,0,0,0,0,0,0,0,0,0,0,0,0,0,0,0,0,0,0,0,0,0,0
"H22-19768 - 1",1,2,"10/27/2022",18012841,0,"11/30/1969 0:00:00",0,0,52,"Portugal",71,165,26.07897153,"Diabetic nephropathy",1,1,52.23,0,3,1,2.06,38.04401082,1.34,63.73840669,1.67,48.94036405,1.5,55.3243655922698,1.43,57.865631,1.2706327038651,0,0,0,0,0,0,0,0,0,1.39,57.865631,"2/5/2025 0:00:00",27,1,1,0,"11/25/2022 0:00:00",0,2,1,1,4,2.13,14,1,0," ",0,0," ",0,0,0," ",0,0,0,0,1,1,76,0,0,165,100,36.7309458218549,1,1,"Stroke (unspecified)",1,0.7,95.49340897,0,1.9,99,1,0,0,1,3,2,6,5,0,0,59.7912,1,1,1,1,59.7912,0.102996562,4.76190476190476,125,6,0.045801527,1.96431e-07,527774.312,263945.0199,343.904048,124.5368612,9.42867e-09,180763.8333,109168.5237,169.2759288,79.20854295,1.06167e-05,52684.65534,48799.85665,88.67513135,31.34288118,16486.5,0,68.46897107,0,4.65148e-07,0.437934908,0.103671018,0.559336145,0.031815573,0.258587427,0,0.185346537,-0.226411715,1.0823e-05,0.741412573,6756,296,583602.6429,94593.94643,0.164200009,101976.5743,0.170607896,5.249203405,33.66226138,0.187173795,5.249203405,33.66226138,0.187173795,0.536605636,177236.5161,0.536605636,177236.5161,0.880649153,2537692,0.880649153,2537692,0.516335585,18869.04167,0.516335585,18869.04167,0.549407773,277258.0789,0.549407773,277258.0789,0,0,0,0,0,0,0,0,0,0,0,0,0,0,0,0,0,0,0,0,0,0,0,0,0,0,0,0,0,0,0,0,0,0,0,0,0,0,0,0,0,0,0,0,0,0,0,0,0,0,0,0,0,0,0,0,0,0,0,0,0,0,0,0,0,0,0,0,0,0,0,0,0,0,0,0,0,0,0,0,0,0,0,0,0,0,0,0,0,0,0,0,0,0,0,0,0,0,0,0
"H22-19768 - 2",1,2,"10/27/2022",20045515,0,"9/6/1954 0:00:00",0,0,68,"Portugal",85,170,29.41176471,"Chronic glomerulonephritis (unspecified)",2,2,28.4,0,1,2,8.36,6.413030518,3.47,18.42109617,2.68,25.11591975,2.98,21.9760844371814,2.99,21.61734685,-0.179368793590699,1,1,0,0,0,1,1,0,0,2.44,21.61734685,"2/5/2025 0:00:00",27,0,0,0,"12/9/2022 0:00:00",0,1,1,2,4,0,19,1,0," ",0,0," ",0,0,0," ",0,0,0,0,2,1,76,0,0,165,100,36.7309458218549,1,1,"Stroke (unspecified)",1,0.7,95.49340897,0,1.9,99,1,0,0,0,3,2,5,4,0,0,81.22915609,1,1,1,1,0,0.018305018,0,110,0,0,1.54155e-07,514088.85,261775.9949,338.3339363,109.0915474,0,0,0,0,0,1.00187e-05,54144.18604,55312.61126,90.25415984,32.24706871,16947.7879,10250.5065,61.21904716,16.84876066,3.32133e-07,0.444563891,0.07924925,0.542452126,0.035633045,0.496072771,0.009252293,0.146094459,-0.359931014,1.06949e-05,0.503927229,7149,237,523569.9444,132720.8148,0.260864572,137510.8558,0.264446926,5.786862126,36.90210536,0.175805866,5.786862126,36.90210536,0.175805866,0.466846052,202245.62,0.466846052,202245.62,0.503735067,2080857.5,0.503735067,2080857.5,0.392906512,25389.5,0.392906512,25389.5,0.49019538,258094.9211,0.49019538,258094.9211,0,0,0,0,0,0,0,0,0,0,0,0,0,0,0,0,0,0,0,0,0,0,0,0,0,0,0,0,0,0,0,0,0,0,0,0,0,0,0,0,0,0,0,0,0,0,0,0,0,0,0,0,0,0,0,0,0,0,0,0,0,0,0,0,0,0,0,0,0,0,0,0,0,0,0,0,0,0,0,0,0,0,0,0,0,0,0,0,0,0,0,0,0,0,0,0,0,0,0,0
"H22-20281 - 2",1,2,"11/4/2022",19007473,0,"3/14/1965 0:00:00",1,0,57,"Portugal",51.3,160,20.0390625,"Undetermined",5,2,41.87,0,1,2,0.88,76.60372097,1.05,61.97291343,0.86,78.74644029,0.84,80.499451529777,0.7,98.94831466,9.22443156511149,0,0,0,0,0,0,0,0,0,0.71,98.94831466,"2/5/2025 0:00:00",27,1,1,1,"11/15/2022 0:00:00",0,0,0,0,0,0,22,0,0," ",0,0," ",0,0,0," ",0,0,0,0,2,0,43,0,0,172,63,21.295294753921,0,0,"Head Thrauma",2,0.75,114.8306318,0,0.82,29,0,0,0,0,2,2,4,3,0,0,9.137863306,0,0,0,1,0,0.554741766,0,46,0,0,1.0824e-07,464736.2174,289720.387,319.5963238,123.3272188,0,0,0,0,0,6.66855e-06,79728.6265,82343.13231,103.9856491,39.28930149,0,0,0,0,2.30599e-07,0.413668241,0.050303262,0.531674621,0.039904239,0,0,0.094612871,-0.016096451,6.77679e-06,0,2834,98,504308.2857,120274.2857,0.251735181,125309.475,0.254929402,5.69426625,39.09451075,0.174384933,5.69426625,39.09451075,0.174384933,0.468303016,195807.1364,0.468303016,195807.1364,0.587847235,1025308.5,0.587847235,1025308.5,0.43789381,21467.25,0.43789381,21467.25,0.504794062,405015,0.504794062,405015,0,0,0,0,0,0,0,0,0,0,0,0,0,0,0,0,0,0,0,0,0,0,0,0,0,0,0,0,0,0,0,0,0,0,0,0,0,0,0,0,0,0,0,0,0,0,0,0,0,0,0,0,0,0,0,0,0,0,0,0,0,0,0,0,0,0,0,0,0,0,0,0,0,0,0,0,0,0,0,0,0,0,0,0,0,0,0,0,0,0,0,0,0,0,0,0,0,0,0,0
"H22-20323 - 1",1,2,"11/6/2022",5011847,0,"3/3/1958 0:00:00",0,0,64,"Portugal",95,178,29.98358793,"Diabetic nephropathy",1,2,24.17,0,1,2,0.88,96.02212868,2.39,29.5418296,1.17,69.61323812,1.35,58.2657498719751,1.35,57.54549431,-0.36012778098755,0,0,0,0,0,0,0,0,0,1.32,57.54549431,"2/5/2025 0:00:00",27,1,1,0,"11/14/2022 0:00:00",0,1,2,2,5,0,12,0,0," ",0,0," ",0,0,0," ",0,0,0,0,1,1,61,0,0,169,71,24.8590735618501,1,0,"Head Thrauma",2,0.6,109.8263225,0,1.09,60,0,0,0,0,1,2,3,3,0,0,5.288717648,0,0,0,0,0,0.065643059,0,100,1,0.00990099,1.48387e-07,424151.32,219973.758,308.9030604,102.2748712,1.48387e-09,241075.5,0,232.4069706,0,1.02372e-05,55181.94282,66385.44026,84.23357816,30.37701219,37212.7,87232.25176,52.89112356,22.57275013,1.67677e-07,0.460887067,0.062938406,0.564908423,0.023265339,0.528252661,0,0.111413468,-0.392429538,1.04226e-05,0.471747339,6899,113,440907.4635,113947.5104,0.251700907,118949.1758,0.256097638,6.467513194,19.01292242,0.291933086,6.467513194,19.01292242,0.291933086,0.448259142,68303.92857,0.448259142,68303.92857,0.498872852,338915.5,0.498872852,338915.5,0.436089827,17605.7,0.436089827,17605.7,0.478682431,195049.5,0.478682431,195049.5,0,0,0,0,0,0,0,0,0,0,0,0,0,0,0,0,0,0,0,0,0,0,0,0,0,0,0,0,0,0,0,0,0,0,0,0,0,0,0,0,0,0,0,0,0,0,0,0,0,0,0,0,0,0,0,0,0,0,0,0,0,0,0,0,0,0,0,0,0,0,0,0,0,0,0,0,0,0,0,0,0,0,0,0,0,0,0,0,0,0,0,0,0,0,0,0,0,0,0,0
"H22-20323 - 2",1,2,"11/6/2022",19061301,0,"4/29/1960 0:00:00",1,0,62,"Portugal",56,154,23.61275089,"ADPKD",4,1,25.27,0,1,2,0.61,101.0207349,0.65,99.48621196,0.72,94.47677033,0.69,97.4566268216216,0.56,101.2182156,1.8807943891892,0,0,0,0,0,0,0,0,0,0.66,101.2182156,"2/5/2025 0:00:00",27,1,1,1,"11/14/2022 0:00:00",0,1,2,1,4,0,13,0,0," ",0,0," ",0,0,0," ",0,0,0,0,2,1,61,0,0,169,71,24.8590735618501,1,0,"Head Thrauma",2,0.6,109.8263225,0,1.09,60,0,0,0,1,1,2,4,3,0,0,24.1074,1,1,0,0,24.1074,0.417285862,4.76190476190476,84,5,0.056179775,1.0017e-07,429046.0952,259578.5777,298.1610674,130.4040033,5.96253e-09,155151.8,85280.49887,182.1658892,43.01149632,9.54124e-06,57068.78465,72504.36675,85.24749177,31.95829453,24358.06579,26878.01414,61.35791283,23.11535155,1.87223e-07,0.502226182,0.042977742,0.544506721,0.017876403,0.448595741,0.015042543,0.078929681,-0.475576459,1.09888e-05,0.551404259,8001,157,473421.5789,152582.0658,0.315299737,157794.2329,0.316799306,7.021476032,21.60880667,0.268369744,7.020671381,21.60532317,0.268491865,0.432068772,104320.2917,0.432068772,104320.2917,0.490043485,538980.5,0.490043485,538980.5,0.409664954,24441,0.409664954,24441,0.454472591,184199.5833,0.454472591,184199.5833,0,0,0,0,0,0,0,0,0,0,0,0,0,0,0,0,0,0,0,0,0,0,0,0,0,0,0,0,0,0,0,0,0,0,0,0,0,0,0,0,0,0,0,0,0,0,0,0,0,0,0,0,0,0,0,0,0,0,0,0,0,0,0,0,0,0,0,0,0,0,0,0,0,0,0,0,0,0,0,0,0,0,0,0,0,0,0,0,0,0,0,0,0,0,0,0,0,0,0,0
"H22-21560 - 2",1,2,"11/23/2022",9020992,0,"1/2/1960 0:00:00",0,0,62,"Portugal",72,155,29.96878252,"Chronic glomerulonephritis (FSGS)",2,1,21.87,0,1,2,2.26,31.98797575,2.83,24.42154651,2.61,26.91214266,2.34,30.4899595791719,2.93,22.9917865,-3.74908653958595,1,1,0,0,0,1,1,0,0,2.95,22.9917865,"2/5/2025 0:00:00",26,0,0,0,"12/22/2022 0:00:00",0,2,2,2,6,0,17,1,0," ",0,0," ",0,0,0," ",0,0,0,0,2,1,74,0,0,155,72,29.9687825182102,1,0,"Meningitis",3,0.9,89.62182486,0,1.54,91,1,0,0,0,1,2,3,3,0,0,10.69233996,0,0,0,0,10.69233996,0.307185965,0,38,0,0,1.06682e-07,371917.1842,249589.6647,274.8201947,135.6147506,0,0,0,0,0,6.85575e-06,54147.4998,55909.62123,86.61057389,30.20711968,20531.94608,24843.24237,56.55418468,17.96903242,3.20047e-07,0.459427235,0.039677024,0.371221663,0.043061238,0.282225201,0.01938164,0.106882296,-0.23863378,1.12164e-05,0.717774799,2442,114,439826.8281,211666.8125,0.475268262,224007.5333,0.481529477,7.954324579,33.97534915,0.256491221,7.954324579,33.97534915,0.256491221,0.433419699,42929.75,0.433419699,42929.75,0.344837947,257473.5,0.344837947,257473.5,0.474984742,17299.88889,0.474984742,17299.88889,0.308724571,119819.3333,0.308724571,119819.3333,0,0,0,0,0,0,0,0,0,0,0,0,0,0,0,0,0,0,0,0,0,0,0,0,0,0,0,0,0,0,0,0,0,0,0,0,0,0,0,0,0,0,0,0,0,0,0,0,0,0,0,0,0,0,0,0,0,0,0,0,0,0,0,0,0,0,0,0,0,0,0,0,0,0,0,0,0,0,0,0,0,0,0,0,0,0,0,0,0,0,0,0,0,0,0,0,0,0,0,0
"H22-21587",1,2,"11/22/2022",19759661,0,"8/27/1989 0:00:00",0,0,33,"Portugal",75,172,25.35154137,"Alport Syndrome",2,1,51.33,0,3,1,1.13,88.01404339,0.98,104.4178663,1.03,98.36519009,0.91,113.421510528353,0.89,113.8983747,0.238432085823504,0,0,0,0,0,0,0,0,0,0.96,113.8983747,"2/5/2025 0:00:00",26,1,1,1,"11/30/2022 0:00:00",0,1,2,1,4,9,22,0,0," ",0,0," ",0,0,0," ",0,0,1,0,2,0,35,0,0,165,100,36.7309458218549,1,0,"Stroke (unspecified)",1,0.79,118.8094362,0,0.86,34,0,0,0,0,1,2,3,3,0,0,15.10004955,1,0,0,0,15.10004955,5.918214968,0,78,0,0,1.11355e-07,441075.4038,277103.4562,299.0393578,145.2990759,0,0,0,0,0,8.1603e-06,60012.94655,60521.47146,87.50706374,30.83817119,31339.53055,32634.06583,63.88074926,17.5722151,2.25565e-07,0.38535023,0.049115818,0.489723683,0.02428928,0.427565185,0.018506209,0.100292919,0.148169263,9.4156e-06,0.572434815,5716,158,505607.2941,202495.3088,0.407976742,204447.7612,0.403333644,7.04126195,36.41436076,0.193174501,7.04126195,36.41436076,0.193174501,0.482989902,277159.4444,0.482989902,277159.4444,0.45214895,3069990.5,0.45214895,3069990.5,0.383999365,20883.08333,0.383999365,20883.08333,0.532485171,405297.625,0.532485171,405297.625,0,0,0,0,0,0,0,0,0,0,0,0,0,0,0,0,0,0,0,0,0,0,0,0,0,0,0,0,0,0,0,0,0,0,0,0,0,0,0,0,0,0,0,0,0,0,0,0,0,0,0,0,0,0,0,0,0,0,0,0,0,0,0,0,0,0,0,0,0,0,0,0,0,0,0,0,0,0,0,0,0,0,0,0,0,0,0,0,0,0,0,0,0,0,0,0,0,0,0,0
"H22-21589",1,2,"11/22/2022",1008830,0,"5/27/1974 0:00:00",0,0,48,"Portugal",68.5,164,25.46847115,"Chronic glomerulonephritis (IgA)",2,2,42.4,1,3,1,1.03,89.60377807,1.29,68.39484017,1.23,72.41772171,1.04,88.021745521072,1.22,71.77879641,-8.121474555536,0,1,0,0,0,0,0,0,0,1.14,71.77879641,"2/5/2025 0:00:00",26,1,1,1,"11/29/2022 0:00:00",0,1,2,2,5,54.17,19,0,0," ",0,0," ",0,0,0," ",0,0,1,0,1,0,35,0,0,165,100,36.7309458218549,1,0,"Stroke (unspecified)",1,0.79,118.8094362,0,0.86,34,0,0,0,0,0,0,0,0,0,0,11.93295167,0,0,0,0,11.93295167,0.0044762,0,43,0,0,1.74306e-07,381874.1512,169555.1019,290.0099771,97.60446611,0,0,0,0,0,1.26878e-05,42251.1107,36728.90125,83.80382191,28.18365616,10616.5,2113.370679,46.67102403,8.6928428,3.85094e-07,0.480077391,0.066562853,0.536075155,0.030164592,0.213889253,0,0.124167018,-0.409100684,1.2868e-05,0.786110747,3130,95,410457.6125,148511.125,0.35863221,151225.1795,0.356191728,5.635348036,23.22390187,0.305938133,5.635348036,23.22390187,0.305938133,0.522671881,147734.6923,0.522671881,147734.6923,0.684122369,1302075,0.684122369,1302075,0.456805728,13783.11111,0.456805728,13783.11111,0.670870725,449125.75,0.670870725,449125.75,0,0,0,0,0,0,0,0,0,0,0,0,0,0,0,0,0,0,0,0,0,0,0,0,0,0,0,0,0,0,0,0,0,0,0,0,0,0,0,0,0,0,0,0,0,0,0,0,0,0,0,0,0,0,0,0,0,0,0,0,0,0,0,0,0,0,0,0,0,0,0,0,0,0,0,0,0,0,0,0,0,0,0,0,0,0,0,0,0,0,0,0,0,0,0,0,0,0,0,0
"H22-21858 - 1",1,2,"11/28/2022",20039027,0,"6/14/1956 0:00:00",0,0,66,"Portugal",79,170,27.33564014,"Undetermined",5,1,26.33,0,1,2,2.43,28.60127057,1.9,38.42452731,2.24,31.53662636,1.91,37.9465071276684,1.99,35.67682025,-1.1348434388342,0,0,0,0,0,0,0,0,0,2.1,35.67682025,"2/5/2025 0:00:00",26,0,0,0,"12/9/2022 0:00:00",0,2,2,0,4,7,17,1,0," ",0,0," ",0,0,0," ",0,0,0,0,1,1,69,0,0,170,70,24.2214532871972,0,0,"Head Thrauma",2,0.97,84.50526166,0,1.2,71,0,0,0,1,2,2,5,3,0,0,36.8358,1,1,1,1,36.8358,0.422746881,7.14285714285714,79,5,0.05952381,1.3509e-07,476853.2975,192379.8637,345.0099476,86.84467048,8.55001e-09,85297.9,54695.28976,131.6660297,57.80360392,1.36561e-05,40769.29045,38417.62686,80.7675571,25.41437044,30227.57221,30681.57422,67.24466701,18.74719331,3.4713e-07,0.532115991,0.064418157,0.556748267,0.024296305,0.328305571,0.018655143,0.11570428,0.154778516,1.29551e-05,0.671694429,7986,203,482964.2756,104431.7436,0.215003629,107516.8933,0.214123874,5.677750005,24.22791473,0.349868316,5.691037768,24.08221967,0.353012848,0.39861813,279007.5938,0.39861813,279007.5938,0.427772107,2105886,0.427772107,2105886,0.331912069,21960.07143,0.331912069,21960.07143,0.450500623,478933.4444,0.450500623,478933.4444,0,0,0,0,0,0,0,0,0,0,0,0,0,0,0,0,0,0,0,0,0,0,0,0,0,0,0,0,0,0,0,0,0,0,0,0,0,0,0,0,0,0,0,0,0,0,0,0,0,0,0,0,0,0,0,0,0,0,0,0,0,0,0,0,0,0,0,0,0,0,0,0,0,0,0,0,0,0,0,0,0,0,0,0,0,0,0,0,0,0,0,0,0,0,0,0,0,0,0,0
"H22-21858 - 2",1,2,"11/28/2022",20034874,0,"3/1/1967 0:00:00",1,0,55,"Portugal",57.5,160,22.4609375,"ADPKD",4,1,29.1,0,1,2,1.28,49.47423913,1.09,59.99558466,1.4,44.43011574,0.76,91.9080959784134,0.94,70.33550992,-10.7862930292067,0,1,0,0,0,0,0,0,0,0.85,70.33550992,"2/5/2025 0:00:00",26,1,1,1,"12/5/2022 0:00:00",0,2,1,1,4,2.27,21,0,0," ",0,0," ",0,0,0," ",0,0,0,0,2,1,69,0,0,170,70,24.2214532871972,0,0,"Head Thrauma",2,0.97,84.50526166,0,1.2,71,0,0,0,1,2,2,5,4,0,0,15.12620772,1,0,0,1,0,0.544742023,11.1111111111111,53,6,0.101694915,1.32186e-07,390016.9717,206836.0933,291.652849,113.7273825,1.49644e-08,133430.9167,7223.589709,184.1927555,6.784454784,1.13655e-05,53195.62245,55975.39744,86.40186948,28.11158814,29366.46701,33782.28423,64.67866149,22.94256571,4.33968e-07,0.53735541,0.051554627,0.604593118,0.021166188,0.315949689,0.016206232,0.085271608,-0.16234032,1.11125e-05,0.684050311,4557,174,412645.13,112931.06,0.312400465,119151.7447,0.285282848,6.338486192,25.84845211,0.32259333,6.338486192,25.84845211,0.32259333,0.411614278,165493.9286,0.411614278,165493.9286,0.487278084,1095174.5,0.487278084,1095174.5,0.366406186,12807.9,0.366406186,12807.9,0.436729884,250319.5,0.436729884,250319.5,0,0,0,0,0,0,0,0,0,0,0,0,0,0,0,0,0,0,0,0,0,0,0,0,0,0,0,0,0,0,0,0,0,0,0,0,0,0,0,0,0,0,0,0,0,0,0,0,0,0,0,0,0,0,0,0,0,0,0,0,0,0,0,0,0,0,0,0,0,0,0,0,0,0,0,0,0,0,0,0,0,0,0,0,0,0,0,0,0,0,0,0,0,0,0,0,0,0,0,0
"H22-22159 - 1",1,2,"12/1/2022",19340835,0,"11/24/1967 0:00:00",1,0,55,"Portugal",62,170,21.4532872,"ADPKD",4,2,22.87,0,1,2,1.59,38.13770352,1.43,43.31395515,1.63,37.01740429,1.32,47.3850520913361,1.43,42.51330022,-2.43587593566805,0,0,0,0,0,0,0,0,0,1.3,42.51330022,"2/5/2025 0:00:00",26,0,0,0,"12/7/2022 0:00:00",0,1,2,0,3,33,11,0,0," ",0,0," ",0,0,0," ",0,0,0,0,1,1,70,1,0,165,63,23.1404958677686,0,0,"Stroke (unspecified)",1,0.57,97.70147335,0,1.3,78,0,0,0,2,1,0,3,4,0,0,7.267948495,0,0,0,0,7.267948495,0.169177325,33.3333333333333,12,0,0,7.48897e-08,407021.9583,123078.1026,326.6404153,55.39138689,0,0,0,0,0,7.7698e-06,69796.70402,81848.30545,89.96740934,32.57394732,32446.36012,45351.90923,64.31982402,19.86011123,1.24816e-07,0.399113885,0.03048174,0.542306655,0.015541791,0.433275527,0.013322167,0.056207571,-0.202933383,1.07582e-05,0.566724473,1245,20,407021.9583,194930.8333,0.493739613,198524.7273,0.512235262,7.732590692,28.80350588,0.251942882,7.732590692,28.80350588,0.251942882,0.36872073,252786.4,0.36872073,252786.4,0.376610981,1181139.5,0.376610981,1181139.5,0.366748167,20698.125,0.366748167,20698.125,0.376610981,1181139.5,0.376610981,1181139.5,0,0,0,0,0,0,0,0,0,0,0,0,0,0,0,0,0,0,0,0,0,0,0,0,0,0,0,0,0,0,0,0,0,0,0,0,0,0,0,0,0,0,0,0,0,0,0,0,0,0,0,0,0,0,0,0,0,0,0,0,0,0,0,0,0,0,0,0,0,0,0,0,0,0,0,0,0,0,0,0,0,0,0,0,0,0,0,0,0,0,0,0,0,0,0,0,0,0,0,0
"H22-22159 - 2",1,2,"12/1/2022",21023646,0,"6/25/1956 0:00:00",0,0,66,"Portugal",74,167,26.53375883,"Diabetic nephropathy",1,2,26,0,1,2,1.41,54.96040439,1.8,41.00018805,1.43,54.03928694,1.79,41.0192967104176,1.42,53.48891872,6.2348110047912,0,0,0,0,0,0,0,0,0,1.63,53.48891872,"2/5/2025 0:00:00",26,0,0,0,"12/8/2022 0:00:00",0,2,2,0,4,18,15,0,0," ",0,0," ",0,0,0," ",0,0,0,0,2,1,70,1,0,165,63,23.1404958677686,0,0,"Stroke (unspecified)",1,0.57,97.70147335,0,1.3,78,0,0,0,0,2,2,4,3,0,0,27.81367176,1,1,1,1,27.81367176,1.026454531,0,53,0,0,2.51226e-07,325314.4717,148674.6714,281.4310551,77.12300205,0,0,0,0,0,1.21821e-05,39213.35681,34489.80128,77.31273013,24.70774168,38941.82228,42754.63899,63.34715502,18.28598812,2.32265e-07,0.292293725,0.081727399,0.477700361,0.012586703,0.375013492,0.008688519,0.171085069,-0.023322541,1.18421e-05,0.624986508,2570,49,325314.4717,157812.9245,0.480675018,167131.898,0.479264152,7.413850687,29.23390373,0.181571494,7.413850687,29.23390373,0.181571494,0.287986619,85640.1875,0.287986619,85640.1875,0.442664957,309779,0.442664957,309779,0.202039835,14773.625,0.202039835,14773.625,0.373933403,156506.75,0.373933403,156506.75,0,0,0,0,0,0,0,0,0,0,0,0,0,0,0,0,0,0,0,0,0,0,0,0,0,0,0,0,0,0,0,0,0,0,0,0,0,0,0,0,0,0,0,0,0,0,0,0,0,0,0,0,0,0,0,0,0,0,0,0,0,0,0,0,0,0,0,0,0,0,0,0,0,0,0,0,0,0,0,0,0,0,0,0,0,0,0,0,0,0,0,0,0,0,0,0,0,0,0,0
"H22-22273",1,2,"12/3/2022",20019160,0,"5/28/1977 0:00:00",0,0,45,"Portugal",80,177,25.53544639,"ADPKD",4,2,22.23,0,1,2,1.51,57.68483801,1.64,52.24219266,1.61,53.41250702,1.4,62.7739364989758,1.42,60.95158142,-0.911177539487902,0,0,0,0,0,0,0,0,0,1.39,60.95158142,"2/5/2025 0:00:00",26,1,1,1,"12/9/2022 0:00:00",0,1,1,2,4,2,13,0,0," ",0,0," ",0,0,0," ",0,0,1,0,1,0,45,1,0,165,75,27.5482093663912,0,0,"Head Thrauma",2,1.04,67.54623648,0,0.86,33,0,0,0,1,1,2,4,4,0,0,18.58578277,1,0,0,0,18.58578277,0.21682725,7.69230769230769,25,1,0.038461538,8.25111e-08,342004.34,123628.0159,288.7354618,59.51565405,3.30044e-09,83184,0,143.8923209,0,9.49538e-06,57706.25287,109503.3142,83.07513204,32.51717039,33755.74196,48574.56407,66.48955314,19.53878505,1.28717e-07,0.484014321,0.028219155,0.547942658,0.016836042,0.414619353,0.005167554,0.051500197,-0.567748354,1.1033e-05,0.585380647,2877,39,342004.34,136048.24,0.411660738,136048.24,0.411660738,8.14657216,21.17983609,0.404215701,8.14657216,21.17983609,0.404215701,0.511905436,145823.4444,0.511905436,145823.4444,0.589181239,646885,0.589181239,646885,0.467248588,19389.21429,0.467248588,19389.21429,0.668204406,588343.25,0.668204406,588343.25,0,0,0,0,0,0,0,0,0,0,0,0,0,0,0,0,0,0,0,0,0,0,0,0,0,0,0,0,0,0,0,0,0,0,0,0,0,0,0,0,0,0,0,0,0,0,0,0,0,0,0,0,0,0,0,0,0,0,0,0,0,0,0,0,0,0,0,0,0,0,0,0,0,0,0,0,0,0,0,0,0,0,0,0,0,0,0,0,0,0,0,0,0,0,0,0,0,0,0,0
"H22-22506 - 2",1,2,"12/4/2022",21020180,0,"10/4/1957 0:00:00",0,0,65,"Portugal",69,172,23.32341806,"ADPKD",4,1,62.1,0,1,2,2.09,34.48564228,1.27,62.69738062,1.38,56.74909743,1.2,66.6953198264752,1.24,63.32931891,-1.6830004582376,0,0,0,0,0,0,0,0,0,1.44,63.32931891,"2/5/2025 0:00:00",26,1,1,1,"12/14/2022 0:00:00",0,1,1,1,3,2.17,16,0,0," ",0,0," ",0,0,0," ",0,0,0,0,2,1,78,1,0,162,70,26.6727632982777,1,1,"Head Thrauma",2,0.64,90.40022653,0,1.96,99,1,0,0,1,1,2,4,1,0,0,24.41684343,1,1,0,0,24.41684343,0.662523462,6.81818181818182,83,6,0.06741573,1.7633e-07,347269.4639,143104.6926,289.6056547,68.17163616,1.27468e-08,47529.33333,13136.18691,112.2936313,17.21841166,1.15039e-05,39584.55078,35527.28431,77.29184848,25.88972069,20105.65611,21094.3239,58.64614285,17.21297996,3.08047e-07,0.428214247,0.061234082,0.455378693,0.056177748,0.344562311,0.004328207,0.134468484,-0.394097764,1.34775e-05,0.655437689,5415,145,347269.4639,135073.0482,0.398535344,144144.2368,0.39584089,6.688960231,23.01460459,0.317780105,6.688960231,23.01460459,0.317780105,0.518073193,193063.2,0.518073193,193063.2,0.588207414,771147,0.588207414,771147,0.30575838,16887,0.30575838,16887,0.659616401,310514,0.659616401,310514,419.104114495654,2.69774334926186,5.97266071039403e-06,0.000987055652535822,0.000332736177215212,0.000402095853983548,5.17391169536709e-05,7.90349023137519e-05,18.8911482493083,106.422497775899,18.8911481776892,0.000247978192441216,307.991209575126,1.58854641112964,0.251297094769963,246739,8.96561665019891e-06,145.137352385416,2.10507607141683,2.40392366702721,2.86233214115344e-05,2.76707744652481,1.23065074769385,195.584128267576,4.99407613011039e-05,827.036756170562,3.17910514396508,4.87863541400728,2.23960926888708e-05,98010.75,0.000206420511788116,0.00142919838663494,677.809264078012,2.1141863266627,0.291625953299044,2.11418630529719,246662,0.000158544714273835,4.7424930780567e-05,229.064412639047,2.51737240950267,397.40479469037,0.000136866096518848,0.000431236124087943,73.8622076023392,0.000796443427887206,0.0010340338363343,98010.75,1733.81924497394,2.40562702655792,266.794307835234,0.000251684782405199,1.22457299760175,29621.3567708333,2519.47753194829,0.000512598361666063,0.000587196966798415,16.0573106606801,57.1535150984815,7.8406499170099,98039.3333333333,0.000415490626098096,0.00034729049072474,2.91695641015502e-05,7.17344113376587e-05,28.8617393793236,16.0573105932429,246662,248.608698781514,0.000158926659700699,0.00133683545886099,218.273022975581,542.684319105795,709927.623697917,0.000327653604922592,0.000975212304691492,0.20299861069654,218208,583.73781383586,17.3989664713542,44095,158368.942708333,1.70149450679194,1.46201463006171e-05,1.06197397133588e-05,20104088.6666667,77.9982325236003,7931.18237304688,5.99494791030884,44121,0.000202827791880452,77.998231338374,220.607671101888,218143.5,3968,9,259.121652450307,4.43900299072266,1.62310285351832,18900
"H22-23447",1,2,"12/20/2022",9106423,0,"5/8/1990 0:00:00",0,0,32,"Portugal",114,192,30.92447917,"Other",6,1,35.23,0,3,1,1.84,49.33620332,1.5,63.04310602,1.53,61.56266273,1.44,65.7977608848814,1.49,62.37643759,-1.7106616474407,0,0,0,0,0,0,0,0,0,1.43,62.37643759,"2/5/2025 0:00:00",26,1,1,1,"12/27/2022 0:00:00",0,2,2,2,6,0,10,0,0," ",0,0," ",0,0,0," ",0,0,1,0,1,0,27,0,0,183,90,26.8744961031981,0,0,"Head Thrauma",2,0.86,121.7093225,0,0.61,3,0,0,0,0,1,0,1,1,0,0,13.0134007,0,0,0,0,13.0134007,0.01458348,0,70,0,0,1.47849e-07,341952.9857,150139.5251,284.9257102,86.90888317,0,0,0,0,0,1.37436e-05,42427.78646,50338.03744,79.86562927,27.07519191,17586.43662,43471.32843,57.44567172,13.72446713,1.81643e-07,0.440682511,0.050557392,0.583111225,0.033060841,0.57306638,0.001115659,0.086702827,-0.610479851,1.42294e-05,0.42693362,6507,86,351976.3382,117459.9265,0.331470928,123025.2969,0.328728025,7.127791355,21.98925186,0.395779591,7.127791355,21.98925186,0.395779591,0.559267775,115531.381,0.559267775,115531.381,0.790336938,569219,0.790336938,569219,0.484800351,7327.769231,0.484800351,7327.769231,0.680277339,291362.25,0.680277339,291362.25,0,0,0,0,0,0,0,0,0,0,0,0,0,0,0,0,0,0,0,0,0,0,0,0,0,0,0,0,0,0,0,0,0,0,0,0,0,0,0,0,0,0,0,0,0,0,0,0,0,0,0,0,0,0,0,0,0,0,0,0,0,0,0,0,0,0,0,0,0,0,0,0,0,0,0,0,0,0,0,0,0,0,0,0,0,0,0,0,0,0,0,0,0,0,0,0,0,0,0,0
"H22-23525",1,2,"12/21/2022",20040341,0,"2/1/2000 0:00:00",0,1,22,"Angola",72,180,22.22222222,"Other",6,1,32.5,0,3,1,1.96,48.66871762,2.02,46.93918507,2.17,43.07303838,1.6,61.7038413817542,1.94,48.36064561,-6.6715978858771,0,1,0,0,0,0,0,0,0,1.8,48.36064561,"2/5/2025 0:00:00",26,1,1,1,"12/27/2022 0:00:00",0,2,0,0,2,0,11,0,0," ",0,0," ",0,0,0," ",0,0,1,0,1,0,17,0,0,173,65,21.7180660897457,0,0,"Anoxia",5,1.7,59.5557257,0,0.74,17,0,0,0,0,1,0,1,0,0,0,16.79121949,1,0,0,0,16.79121949,0.70748047,0,24,0,0,1.36997e-07,212781.75,136380.4851,212.7514229,101.4416846,0,0,0,0,0,7.27799e-06,55952.10745,160483.8564,71.48240733,37.08386299,39444.77575,67847.33051,56.44751992,23.75585371,1.5983e-07,0.233981186,0.029150565,0.407218965,0.009697721,0.450400025,0.003456288,0.071584498,-0.434915276,8.17142e-06,0.549599975,1275,28,212781.75,159944.1579,0.669633916,172481.7647,0.611088751,8.591811539,30.62874186,0.149309867,8.591811539,30.62874186,0.149309867,0.366450016,64210.5,0.366450016,64210.5,0.584375603,397416,0.584375603,397416,0.335317789,16609.71429,0.335317789,16609.71429,0.584375603,397416,0.584375603,397416,0,0,0,0,0,0,0,0,0,0,0,0,0,0,0,0,0,0,0,0,0,0,0,0,0,0,0,0,0,0,0,0,0,0,0,0,0,0,0,0,0,0,0,0,0,0,0,0,0,0,0,0,0,0,0,0,0,0,0,0,0,0,0,0,0,0,0,0,0,0,0,0,0,0,0,0,0,0,0,0,0,0,0,0,0,0,0,0,0,0,0,0,0,0,0,0,0,0,0,0
"XH13-06026 2",0,0,"5/8/2013",0,0," ",0,0,0," ",0,0,0," ",4,0,0,0,0,0,0,0,0,0,0,0,0,0,0,0,0,0,0,0,0,0,0,0,0,0,0,0," ",0,0,0,0," ",0,0,0,0,0,0,0,0,0," ",0,0," ",0,0,0," ",0,0,0,0,0,1,65,0,0,170,80,27.681660899654,1,0,"Stroke (unspecified)",1,0.9,94.78134145,0,1.43,86,1,0,0,2,3,4,9,9,0,0,89.5899,1,1,1,1,89.5899,10.75833736,24,45,13,0.224137931,1.79744e-07,468130.9556,245063.7919,314.5546058,115.5397959,5.1926e-08,202405.5,110626.9266,208.0232126,93.14977987,1.60052e-05,50781.95208,58304.23768,82.7328323,37.32876148,31230.57541,42275.24577,61.31471613,26.00747467,9.7461e-07,0.839412068,0.084143584,0.81277412,0.201181529,0.341595089,0.019540202,0.103526407,-0.538620998,1.51143e-05,0.658404911,4007,244,525425.9359,88658.05128,0.174123273,136008.7727,0.272386006,5.796473516,15.38723402,0.373010472,5.796473516,15.38723402,0.373010472,0.796834506,120161.8214,0.796834506,120161.8214,0.968513888,654829.5,0.968513888,654829.5,0.688710882,15635.5,0.688710882,15635.5,0.90495813,224688.1429,0.90495813,224688.1429,0,0,0,0,0,0,0,0,0,0,0,0,0,0,0,0,0,0,0,0,0,0,0,0,0,0,0,0,0,0,0,0,0,0,0,0,0,0,0,0,0,0,0,0,0,0,0,0,0,0,0,0,0,0,0,0,0,0,0,0,0,0,0,0,0,0,0,0,0,0,0,0,0,0,0,0,0,0,0,0,0,0,0,0,0,0,0,0,0,0,0,0,0,0,0,0,0,0,0,0
"XH14-13191 2",0,0,"10/1/2014",0,0," ",0,0,0," ",0,0,0," ",0,0,0,0,0,0,0,0,0,0,0,0,0,0,0,0,0,0,0,0,0,0,0,0,0,0,0,0," ",0,0,0,0," ",0,0,0,0,0,0,0,0,0," ",0,0," ",0,0,0," ",0,0,0,0,0,1,65,0,0,170,80,27.681660899654,1,0,"Stroke (unspecified)",1,0.9,94.78134145,0,1.43,86,1,0,0,1,3,2,6,5,0,0,8.416163962,0,0,0,1,0,0.581710019,5.88235294117647,16,1,0.058823529,2.52546e-07,492199.625,240486.1396,338.8349607,99.91243381,1.57841e-08,268487.5,0,232.5510697,0,2.66909e-05,50325.89917,48305.87821,80.7742288,29.97286394,35289.92257,42477.65664,61.50072488,18.97778739,1.70469e-06,0.790543332,0.124303011,1.343245942,0.131152214,0.370042973,0.017027264,0.092539279,-0.295243646,2.27777e-05,0.629957027,1691,108,492199.625,48531.5,0.103052072,75254.85714,0.174861419,4.886459666,22.33697564,0.278949581,4.886459666,22.33697564,0.278949581,0.694399958,64105.41667,0.694399958,64105.41667,0.980845428,1035544,0.980845428,1035544,0.637143804,13127.57895,0.637143804,13127.57895,0.911973342,257821.2,0.911973342,257821.2,0,0,0,0,0,0,0,0,0,0,0,0,0,0,0,0,0,0,0,0,0,0,0,0,0,0,0,0,0,0,0,0,0,0,0,0,0,0,0,0,0,0,0,0,0,0,0,0,0,0,0,0,0,0,0,0,0,0,0,0,0,0,0,0,0,0,0,0,0,0,0,0,0,0,0,0,0,0,0,0,0,0,0,0,0,0,0,0,0,0,0,0,0,0,0,0,0,0,0,0
"XH16-00908 1",0,0,"1/22/2016",0,0," ",0,0,0," ",0,0,0," ",0,0,0,0,0,0,0,0,0,0,0,0,0,0,0,0,0,0,0,0,0,0,0,0,0,0,0,0," ",0,0,0,0," ",0,0,0,0,0,0,0,0,0," ",0,0," ",0,0,0," ",0,0,0,0,0,1,65,0,0,170,80,27.681660899654,1,0,"Stroke (unspecified)",1,0.9,94.78134145,0,1.43,86,1,0,0,1,1,2,4,6,0,0,14.98746591,0,0,0,0,14.98746591,0.496400228,12.1212121212121,59,7,0.106060606,2.30326e-07,371488.7203,181523.2019,292.1540175,81.87783087,2.73268e-08,98034.85714,39413.26316,140.9483152,36.47309607,1.37883e-05,50516.11283,47283.31148,85.44121358,29.60113833,0,0,0,0,2.6546e-07,0.639853949,0.085563406,0.696531948,0.013211835,0,0,0.122842041,0.175240215,1.4046e-05,0,3532,68,388331.1509,71115.16981,0.187852604,98438.17647,0.233193016,5.411196553,26.756048,0.347815475,5.411196553,26.756048,0.347815475,0.671495355,37330.76087,0.671495355,37330.76087,0.992530156,281102,0.992530156,281102,0.626534118,16677.09375,0.626534118,16677.09375,0.774263895,84539.14286,0.774263895,84539.14286,0,0,0,0,0,0,0,0,0,0,0,0,0,0,0,0,0,0,0,0,0,0,0,0,0,0,0,0,0,0,0,0,0,0,0,0,0,0,0,0,0,0,0,0,0,0,0,0,0,0,0,0,0,0,0,0,0,0,0,0,0,0,0,0,0,0,0,0,0,0,0,0,0,0,0,0,0,0,0,0,0,0,0,0,0,0,0,0,0,0,0,0,0,0,0,0,0,0,0,0
"XH17-04464 1",0,0,"3/31/2017",0,0," ",0,0,0," ",0,0,0," ",0,0,0,0,0,0,0,0,0,0,0,0,0,0,0,0,0,0,0,0,0,0,0,0,0,0,0,0," ",0,0,0,0," ",0,0,0,0,0,0,0,0,0," ",0,0," ",0,0,0," ",0,0,0,0,0,1,65,0,0,170,80,27.681660899654,1,0,"Stroke (unspecified)",1,0.9,94.78134145,0,1.43,86,1,0,0,1,2,2,5,6,0,0,41.5741,1,1,1,1,41.5741,6.046343742,2.63157894736842,37,1,0.026315789,2.98644e-07,294465.2027,168530.2924,249.4437382,91.84599241,8.07145e-09,362163,0,278.8207309,0,1.64577e-05,44867.82418,42807.81345,79.86753839,32.08385821,29249.5625,23114.80648,57.88562958,12.26800262,7.50645e-07,0.657070476,0.087940144,0.738420425,0.03459911,0.478559107,0,0.119092242,0.079312544,1.67628e-05,0.521440893,2039,93,314672.4848,70922.42424,0.22439412,102800.3636,0.291496855,5.585358323,22.97775613,0.285296728,5.585358323,22.97775613,0.285296728,0.575880511,58612.97826,0.575880511,58612.97826,0.636077536,362893.5,0.636077536,362893.5,0.548797277,12231.95455,0.548797277,12231.95455,0.60070681,101128.9167,0.60070681,101128.9167,0,0,0,0,0,0,0,0,0,0,0,0,0,0,0,0,0,0,0,0,0,0,0,0,0,0,0,0,0,0,0,0,0,0,0,0,0,0,0,0,0,0,0,0,0,0,0,0,0,0,0,0,0,0,0,0,0,0,0,0,0,0,0,0,0,0,0,0,0,0,0,0,0,0,0,0,0,0,0,0,0,0,0,0,0,0,0,0,0,0,0,0,0,0,0,0,0,0,0,0
"XH17-04464 2",0,0,"3/31/2017",0,0," ",0,0,0," ",0,0,0," ",0,0,0,0,0,0,0,0,0,0,0,0,0,0,0,0,0,0,0,0,0,0,0,0,0,0,0,0," ",0,0,0,0," ",0,0,0,0,0,0,0,0,0," ",0,0," ",0,0,0," ",0,0,0,0,0,1,65,0,0,170,80,27.681660899654,1,0,"Stroke (unspecified)",1,0.9,94.78134145,0,1.43,86,1,0,0,1,1,2,4,6,0,0,22.2403,1,1,0,0,22.2403,6.131063013,8,45,4,0.081632653,3.43936e-07,301712.9778,181709.466,255.6823992,95.82657758,3.05721e-08,215050.375,35224.76933,226.5184274,36.06108765,2.02234e-05,41534.37113,42783.84647,76.66468767,30.56606237,19723.98739,17726.28663,54.36525778,16.0245739,1.06238e-06,0.667168682,0.103769916,0.839967418,0.056066175,0.382344322,0.038950159,0.123540406,-0.162171523,2.0309e-05,0.617655678,2646,139,336051.1622,76329.43243,0.215337151,110524.7917,0.282843224,5.592018078,23.59748669,0.265240469,5.592018078,23.59748669,0.265240469,0.485035322,96228.93333,0.485035322,96228.93333,0.536455834,530571.5,0.536455834,530571.5,0.365626787,9247.214286,0.365626787,9247.214286,0.58951779,172337.9375,0.58951779,172337.9375,0,0,0,0,0,0,0,0,0,0,0,0,0,0,0,0,0,0,0,0,0,0,0,0,0,0,0,0,0,0,0,0,0,0,0,0,0,0,0,0,0,0,0,0,0,0,0,0,0,0,0,0,0,0,0,0,0,0,0,0,0,0,0,0,0,0,0,0,0,0,0,0,0,0,0,0,0,0,0,0,0,0,0,0,0,0,0,0,0,0,0,0,0,0,0,0,0,0,0,0
"XH17-13729 1",0,0,"10/28/2017",0,0," ",0,0,0," ",0,0,0," ",0,0,0,0,0,0,0,0,0,0,0,0,0,0,0,0,0,0,0,0,0,0,0,0,0,0,0,0," ",0,0,0,0," ",0,0,0,0,0,0,0,0,0," ",0,0," ",0,0,0," ",0,0,0,0,0,1,73,0,0,170,70,24.2214532871972,1,0,"Stroke (unspecified)",1,1.36,54.94891375,0,1.68,95,1,0,0,1,1,2,4,6,0,0,10.5614595,0,0,0,0,10.5614595,4.746998834,13.6363636363636,37,6,0.139534884,4.86059e-07,409955.4595,195835.9336,297.7688467,117.290747,7.88203e-08,265348.8333,152271.0184,238.0642135,73.13865997,3.32228e-05,40703.90826,37419.35733,76.64685246,29.17272813,19656.71832,19977.22128,56.79021963,20.00387271,9.06434e-07,0.778402164,0.199262428,1.352296612,0.024859559,0.286808015,0.011956368,0.147351126,0.008541162,2.15232e-05,0.713191985,2529,69,470893.9828,22679.65517,0.046545511,69172,0.143292029,5.097031916,24.2794984,0.238374169,5.097031916,24.2794984,0.238374169,0.679213665,39390,0.679213665,39390,0.948203534,156232,0.948203534,156232,0.601710423,16273.75,0.601710423,16273.75,0.834220149,85622.5,0.834220149,85622.5,0,0,0,0,0,0,0,0,0,0,0,0,0,0,0,0,0,0,0,0,0,0,0,0,0,0,0,0,0,0,0,0,0,0,0,0,0,0,0,0,0,0,0,0,0,0,0,0,0,0,0,0,0,0,0,0,0,0,0,0,0,0,0,0,0,0,0,0,0,0,0,0,0,0,0,0,0,0,0,0,0,0,0,0,0,0,0,0,0,0,0,0,0,0,0,0,0,0,0,0
"XH17-13729 2",0,0,"10/28/2017",0,0," ",0,0,0," ",0,0,0," ",0,0,0,0,0,0,0,0,0,0,0,0,0,0,0,0,0,0,0,0,0,0,0,0,0,0,0,0," ",0,0,0,0," ",0,0,0,0,0,0,0,0,0," ",0,0," ",0,0,0," ",0,0,0,0,0,1,73,0,0,170,70,24.2214532871972,1,0,"Stroke (unspecified)",1,1.36,54.94891375,0,1.68,95,1,0,0,1,1,2,4,6,0,0,11.26347718,0,0,0,0,11.26347718,4.340034322,16.6666666666667,32,7,0.179487179,6.38328e-07,428186.75,309834.5711,293.2128663,155.6870741,1.39634e-07,148253.5,118023.8931,151.5277594,75.87712523,4.30872e-05,40929.43796,38722.38239,76.79255769,29.19055896,16919.83424,13947.78102,54.4346986,18.33760961,2.49347e-06,0.782460197,0.273323723,1.763533273,0.121272454,0.235039609,0.007625273,0.154986428,-0.248510187,2.43943e-05,0.764960391,2160,125,496442.2593,18422.85185,0.036493612,115088,0.255196201,4.894836071,23.44485225,0.249798076,4.894836071,23.44485225,0.249798076,0.690615626,36842.20833,0.690615626,36842.20833,0.82921827,154443.5,0.82921827,154443.5,0.654733572,15625,0.654733572,15625,0.762379734,79276.625,0.762379734,79276.625,0,0,0,0,0,0,0,0,0,0,0,0,0,0,0,0,0,0,0,0,0,0,0,0,0,0,0,0,0,0,0,0,0,0,0,0,0,0,0,0,0,0,0,0,0,0,0,0,0,0,0,0,0,0,0,0,0,0,0,0,0,0,0,0,0,0,0,0,0,0,0,0,0,0,0,0,0,0,0,0,0,0,0,0,0,0,0,0,0,0,0,0,0,0,0,0,0,0,0,0
"XH18-04021 1",0,0,"3/11/2018",0,0," ",0,0,0," ",0,0,0," ",0,0,0,0,0,0,0,0,0,0,0,0,0,0,0,0,0,0,0,0,0,0,0,0,0,0,0,0," ",0,0,0,0," ",0,0,0,0,0,0,0,0,0," ",0,0," ",0,0,0," ",0,0,0,0,0,1,76,0,0,170,70,24.2214532871972,1,0,"Stroke (unspecified)",1,0.9,88.5139593,0,1.59,93,1,0,0,0,1,2,3,5,0,0,26.59771566,1,1,1,1,26.59771566,3.084485806,0,14,0,0,1.73074e-07,309270.7143,254872.6656,213.0583607,73.27194411,0,0,0,0,0,1.60093e-05,31315.97722,35312.66253,64.70671177,23.48795272,16337.95805,15899.16679,51.56596658,20.07282395,8.77732e-07,0.578531506,0.053526701,0.501348113,0.100079289,0.228689101,0.020877848,0.106765539,-0.207582147,1.48082e-05,0.771310899,1295,71,309270.7143,116698.6429,0.279404226,158276.3,0.368256085,7.142825398,35.04212628,0.119673385,7.142825398,35.04212628,0.119673385,0.297586038,24219.77273,0.297586038,24219.77273,0.305443925,108154.5,0.305443925,108154.5,0.304155973,13045,0.304155973,13045,0.268021329,74506.25,0.268021329,74506.25,0,0,0,0,0,0,0,0,0,0,0,0,0,0,0,0,0,0,0,0,0,0,0,0,0,0,0,0,0,0,0,0,0,0,0,0,0,0,0,0,0,0,0,0,0,0,0,0,0,0,0,0,0,0,0,0,0,0,0,0,0,0,0,0,0,0,0,0,0,0,0,0,0,0,0,0,0,0,0,0,0,0,0,0,0,0,0,0,0,0,0,0,0,0,0,0,0,0,0,0
"XH18-05254 1",0,0,"4/2/2018",0,0," ",0,0,0," ",0,0,0," ",0,0,0,0,0,0,0,0,0,0,0,0,0,0,0,0,0,0,0,0,0,0,0,0,0,0,0,0," ",0,0,0,0," ",0,0,0,0,0,0,0,0,0," ",0,0," ",0,0,0," ",0,0,0,0,0,1,66,0,0,170,70,24.2214532871972,1,0,"Stroke (unspecified)",1,0.9,94.19369713,0,1.36,82,0,0,0,1,3,2,6,4,0,0,58.18872781,1,1,1,1,58.18872781,0.685551414,3.57142857142857,53,2,0.036363636,2.11352e-07,383683.2642,184611.4755,290.5652325,98.99655217,7.97554e-09,241328.25,6616.25,257.5954366,3.404563418,1.60986e-05,59412.09586,69155.06025,85.31016685,32.91286872,25734.43789,23730.43756,59.42445307,17.86563836,4.14728e-07,0.691740381,0.081092108,0.956452674,0.063685717,0.34252332,0.010874713,0.084784234,-0.797900691,1.51532e-05,0.65747668,4037,104,406078.67,60273.16,0.139172461,96586.80769,0.219210225,6.563761343,19.42760784,0.290328094,6.563761343,19.42760784,0.290328094,0.439037838,178898.0882,0.439037838,178898.0882,0.204472661,763510.5,0.204472661,763510.5,0.451045006,20200.78571,0.451045006,20200.78571,0.43063282,289986.2,0.43063282,289986.2,0,0,0,0,0,0,0,0,0,0,0,0,0,0,0,0,0,0,0,0,0,0,0,0,0,0,0,0,0,0,0,0,0,0,0,0,0,0,0,0,0,0,0,0,0,0,0,0,0,0,0,0,0,0,0,0,0,0,0,0,0,0,0,0,0,0,0,0,0,0,0,0,0,0,0,0,0,0,0,0,0,0,0,0,0,0,0,0,0,0,0,0,0,0,0,0,0,0,0,0
"XH18-05254 2",0,0,"4/2/2018",0,0," ",0,0,0," ",0,0,0," ",0,0,0,0,0,0,0,0,0,0,0,0,0,0,0,0,0,0,0,0,0,0,0,0,0,0,0,0," ",0,0,0,0," ",0,0,0,0,0,0,0,0,0," ",0,0," ",0,0,0," ",0,0,0,0,0,1,66,0,0,170,70,24.2214532871972,1,0,"Stroke (unspecified)",1,0.9,94.19369713,0,1.36,82,0,0,0,1,1,2,4,5,0,0,12.86866493,0,0,0,0,12.86866493,0.624023907,8.82352941176471,33,3,0.083333333,2.45518e-07,495257.6061,353170.3657,316.7498927,145.3697148,2.23199e-08,129367.1667,35789.22945,181.3438733,23.98053951,1.09293e-05,84684.8499,103010.6954,103.3058098,40.3353901,0,0,0,0,2.67838e-07,0.733334694,0.121594861,0.925545221,0.035204483,0,0,0.131376466,-0.754951117,1.11971e-05,0,1469,36,543169.8,61666.86667,0.103958919,110267.0714,0.177015316,6.747062422,17.81117377,0.314819525,6.747062422,17.81117377,0.314819525,0.674825042,19611,0.674825042,19611,0.5238712,38569.5,0.5238712,38569.5,0.794320622,12444.8,0.794320622,12444.8,0.376086091,37526.5,0.376086091,37526.5,0,0,0,0,0,0,0,0,0,0,0,0,0,0,0,0,0,0,0,0,0,0,0,0,0,0,0,0,0,0,0,0,0,0,0,0,0,0,0,0,0,0,0,0,0,0,0,0,0,0,0,0,0,0,0,0,0,0,0,0,0,0,0,0,0,0,0,0,0,0,0,0,0,0,0,0,0,0,0,0,0,0,0,0,0,0,0,0,0,0,0,0,0,0,0,0,0,0,0,0
"XH18-09538 1",0,0,"6/16/2018",0,0," ",0,0,0," ",0,0,0," ",0,0,0,0,0,0,0,0,0,0,0,0,0,0,0,0,0,0,0,0,0,0,0,0,0,0,0,0," ",0,0,0,0," ",0,0,0,0,0,0,0,0,0," ",0,0," ",0,0,0," ",0,0,0,0,0,1,66,0,0,167,99,35.4978665423644,1,0,"Stroke (unspecified)",1,0.9,94.19369713,0,1.29,78,0,0,0,1,3,2,6,5,0,0,63.9995,1,1,1,1,63.9995,2.344696273,17.8571428571429,51,10,0.163934426,1.46369e-07,360023.7941,182226.7671,281.4157175,98.25446069,2.86997e-08,100715.8,54492.87051,145.793329,56.46862143,1.09116e-05,48043.94503,50105.70548,81.19836964,31.31134386,27934.7563,32413.64153,60.93698629,20.53018703,3.67357e-07,0.448452842,0.052696186,0.524238098,0.028148284,0.322209993,0.008026494,0.100519566,-0.34578217,1.12567e-05,0.677790007,3802,128,379276.7188,165189.4167,0.429752106,174951.8667,0.427724747,7.94934844,22.95522895,0.349585862,7.94934844,22.95522895,0.349585862,0.427235573,142954.3333,0.427235573,142954.3333,0.610936819,1291099.5,0.610936819,1291099.5,0.40288428,12986.75,0.40288428,12986.75,0.455065622,291488.7143,0.455065622,291488.7143,0,0,0,0,0,0,0,0,0,0,0,0,0,0,0,0,0,0,0,0,0,0,0,0,0,0,0,0,0,0,0,0,0,0,0,0,0,0,0,0,0,0,0,0,0,0,0,0,0,0,0,0,0,0,0,0,0,0,0,0,0,0,0,0,0,0,0,0,0,0,0,0,0,0,0,0,0,0,0,0,0,0,0,0,0,0,0,0,0,0,0,0,0,0,0,0,0,0,0,0
"XH18-09538 2",0,0,"6/16/2018",0,0," ",0,0,0," ",0,0,0," ",0,0,0,0,0,0,0,0,0,0,0,0,0,0,0,0,0,0,0,0,0,0,0,0,0,0,0,0," ",0,0,0,0," ",0,0,0,0,0,0,0,0,0," ",0,0," ",0,0,0," ",0,0,0,0,0,1,66,0,0,167,99,35.4978665423644,1,0,"Stroke (unspecified)",1,0.9,94.19369713,0,1.29,78,0,0,0,1,2,2,5,5,0,0,30.994,1,1,1,1,30.994,0.139120626,5,40,3,0.069767442,1.51642e-07,347916.2875,226249.9789,261.6597765,129.957633,1.13731e-08,73495.83333,54134.12174,106.228807,70.26929554,7.87401e-06,63722.79754,76484.77683,87.76437608,35.38988756,43325.14222,62057.43136,66.4760923,22.89568725,1.93343e-07,0.544416076,0.052758686,0.50175366,0.008578395,0.323861452,0.011655967,0.105148582,-0.288053421,7.76833e-06,0.676138548,2077,51,386452.6111,158418.4444,0.405455316,175671.2188,0.386015785,7.530707141,21.68609475,0.369676822,7.530707141,21.68609475,0.369676822,0.424900995,53270.88889,0.424900995,53270.88889,0.656461184,173292,0.656461184,173292,0.378690194,21511,0.378690194,21511,0.517322598,116790.6667,0.517322598,116790.6667,0,0,0,0,0,0,0,0,0,0,0,0,0,0,0,0,0,0,0,0,0,0,0,0,0,0,0,0,0,0,0,0,0,0,0,0,0,0,0,0,0,0,0,0,0,0,0,0,0,0,0,0,0,0,0,0,0,0,0,0,0,0,0,0,0,0,0,0,0,0,0,0,0,0,0,0,0,0,0,0,0,0,0,0,0,0,0,0,0,0,0,0,0,0,0,0,0,0,0,0
"XH18-09539 1",0,0,"6/16/2018",0,0," ",0,0,0," ",0,0,0," ",0,0,0,0,0,0,0,0,0,0,0,0,0,0,0,0,0,0,0,0,0,0,0,0,0,0,0,0," ",0,0,0,0," ",0,0,0,0,0,0,0,0,0," ",0,0," ",0,0,0," ",0,0,0,0,0,1,68,0,0,170,70,24.2214532871972,1,0,"Stroke (unspecified)",1,0.9,93.02931609,0,1.4,85,0,0,0,1,2,2,5,5,0,0,30.95348501,1,1,1,1,30.95348501,5.612583896,9.09090909090909,20,1,0.047619048,8.38118e-08,298831.4,113783.6308,266.8032398,69.09979177,0,24715,0,64.93843238,0,9.19835e-06,44489.31959,44783.051,76.55098628,28.09617041,29906.94581,31974.08633,58.10342392,18.35117239,3.43629e-07,0.363161612,0.025045608,0.409228289,0.033055453,0.340076369,0.014667682,0.061202045,0.03773915,9.66849e-06,0.659923631,2195,82,298831.4,133578.1,0.436507099,140239.1053,0.445817368,7.022079688,24.3309525,0.319377701,7.022079688,24.3309525,0.319377701,0.565603109,372914.5,0.565603109,372914.5,0.511582901,1576987.5,0.511582901,1576987.5,0.522805243,7969.5,0.522805243,7969.5,0.587002042,555387,0.587002042,555387,0,0,0,0,0,0,0,0,0,0,0,0,0,0,0,0,0,0,0,0,0,0,0,0,0,0,0,0,0,0,0,0,0,0,0,0,0,0,0,0,0,0,0,0,0,0,0,0,0,0,0,0,0,0,0,0,0,0,0,0,0,0,0,0,0,0,0,0,0,0,0,0,0,0,0,0,0,0,0,0,0,0,0,0,0,0,0,0,0,0,0,0,0,0,0,0,0,0,0,0
"XH18-09539 2",0,0,"6/16/2018",0,0," ",0,0,0," ",0,0,0," ",0,0,0,0,0,0,0,0,0,0,0,0,0,0,0,0,0,0,0,0,0,0,0,0,0,0,0,0," ",0,0,0,0," ",0,0,0,0,0,0,0,0,0," ",0,0," ",0,0,0," ",0,0,0,0,0,1,68,0,0,170,70,24.2214532871972,1,0,"Stroke (unspecified)",1,0.9,93.02931609,0,1.4,85,0,0,0,3,3,2,8,7,0,0,74.2085,1,1,1,1,74.2085,1.507145458,57.5,17,23,0.575,1.18544e-07,247872.5,153716.8034,235.360831,85.70254532,1.60383e-07,89396.80435,50756.84711,128.8663329,58.73920602,7.98426e-06,47424.85852,57328.14024,77.05097787,31.06158267,16091.39153,14406.62996,52.4512703,15.45377852,5.22987e-07,0.392279896,0.029383712,0.378652582,0.068102646,0.24984601,0.053603678,0.077600718,-0.013912622,1.07142e-05,0.75015399,1145,75,263309.7813,121489.1875,0.424409444,127131.8667,0.426116683,7.616487881,31.18168732,0.196314455,7.616487881,31.18168732,0.196314455,0.412196974,103580.375,0.412196974,103580.375,0.569216277,299989.5,0.569216277,299989.5,0.38541418,9921.666667,0.38541418,9921.666667,0.446631996,223998.7143,0.446631996,223998.7143,0,0,0,0,0,0,0,0,0,0,0,0,0,0,0,0,0,0,0,0,0,0,0,0,0,0,0,0,0,0,0,0,0,0,0,0,0,0,0,0,0,0,0,0,0,0,0,0,0,0,0,0,0,0,0,0,0,0,0,0,0,0,0,0,0,0,0,0,0,0,0,0,0,0,0,0,0,0,0,0,0,0,0,0,0,0,0,0,0,0,0,0,0,0,0,0,0,0,0,0
"XH18-14173 1",0,0,"9/18/2018",0,0," ",0,0,0," ",0,0,0," ",0,0,0,0,0,0,0,0,0,0,0,0,0,0,0,0,0,0,0,0,0,0,0,0,0,0,0,0," ",0,0,0,0," ",0,0,0,0,0,0,0,0,0," ",0,0," ",0,0,0," ",0,0,0,0,0,1,69,0,0,170,70,24.2214532871972,1,0,"Stroke (unspecified)",1,0.9,92.45253433,0,1.43,86,1,0,0,1,2,2,5,6,0,0,48.2034,1,1,1,1,48.2034,2.161370624,2.5,80,2,0.024390244,2.97375e-07,253936.325,123701.3188,237.4845077,78.84182644,7.43437e-09,128739.75,9147.75,187.6031035,5.43834287,1.76083e-05,42519.86542,58556.30449,73.92361172,28.65089954,23151.03618,30133.1355,52.62756436,17.45847669,6.54224e-07,0.494121926,0.075514239,0.748702528,0.122517277,0.376702268,0.069786132,0.100860136,-0.645380546,1.71517e-05,0.623297732,4737,176,277447.1972,73792.26761,0.249949061,90348.33929,0.293004819,6.23095563,23.15487416,0.257185012,6.23095563,23.15487416,0.257185012,0.393038025,49762.92308,0.393038025,49762.92308,0.328487963,234396,0.328487963,234396,0.461822154,19194.25,0.461822154,19194.25,0.312789874,85426.375,0.312789874,85426.375,0,0,0,0,0,0,0,0,0,0,0,0,0,0,0,0,0,0,0,0,0,0,0,0,0,0,0,0,0,0,0,0,0,0,0,0,0,0,0,0,0,0,0,0,0,0,0,0,0,0,0,0,0,0,0,0,0,0,0,0,0,0,0,0,0,0,0,0,0,0,0,0,0,0,0,0,0,0,0,0,0,0,0,0,0,0,0,0,0,0,0,0,0,0,0,0,0,0,0,0
"XH18-14173 2",0,0,"9/18/2018",0,0," ",0,0,0," ",0,0,0," ",0,0,0,0,0,0,0,0,0,0,0,0,0,0,0,0,0,0,0,0,0,0,0,0,0,0,0,0," ",0,0,0,0," ",0,0,0,0,0,0,0,0,0," ",0,0," ",0,0,0," ",0,0,0,0,0,1,69,0,0,170,70,24.2214532871972,1,0,"Stroke (unspecified)",1,0.9,92.45253433,0,1.43,86,1,0,0,1,3,2,6,6,0,0,95.061,1,1,1,1,95.061,2.231938152,10.7142857142857,56,6,0.096774194,6.48175e-07,300840.4107,206864.0484,234.0380237,128.4848792,6.94474e-08,92416.83333,58631.90197,139.3552713,63.86659296,3.80224e-05,50255.84612,48725.66252,85.52576172,32.74197502,28261.18765,41063.5126,57.68696731,19.88924332,1.64359e-06,0.722311218,0.194997345,1.910849409,0.14356011,0.253401166,0.043490007,0.102047469,-1.492864729,1.69537e-05,0.746598834,3285,142,387638.3605,77269.5814,0.184190275,91794.05714,0.211601436,5.680862175,21.87327281,0.301707177,5.680862175,21.87327281,0.301707177,0.493285499,100034.2321,0.493285499,100034.2321,0.921883654,762901.5,0.921883654,762901.5,0.460744366,19393.46875,0.460744366,19393.46875,0.536673676,207555.25,0.536673676,207555.25,0,0,0,0,0,0,0,0,0,0,0,0,0,0,0,0,0,0,0,0,0,0,0,0,0,0,0,0,0,0,0,0,0,0,0,0,0,0,0,0,0,0,0,0,0,0,0,0,0,0,0,0,0,0,0,0,0,0,0,0,0,0,0,0,0,0,0,0,0,0,0,0,0,0,0,0,0,0,0,0,0,0,0,0,0,0,0,0,0,0,0,0,0,0,0,0,0,0,0,0
"XH19-01267 1",0,0,"1/22/2019",0,0," ",0,0,0," ",0,0,0," ",0,0,0,0,0,0,0,0,0,0,0,0,0,0,0,0,0,0,0,0,0,0,0,0,0,0,0,0," ",0,0,0,0," ",0,0,0,0,0,0,0,0,0," ",0,0," ",0,0,0," ",0,0,0,0,0,1,77,0,0,170,70,24.2214532871972,1,0,"Stroke (unspecified)",1,0.9,87.96517275,0,1.62,93,1,0,0,2,3,2,7,6,0,0,69.77234142,1,1,1,1,69.77234142,2.701826199,30.7692307692308,23,8,0.258064516,2.54473e-07,317276.2391,169681.5416,263.284059,97.50041201,8.85124e-08,92855.375,22083.26513,151.5273484,19.08763216,1.81893e-05,36091.37622,40424.61462,70.32718477,29.31278135,25381.53384,43581.43139,59.16954231,22.06391967,6.30651e-07,0.554406469,0.080738263,0.656476633,0.028399495,0.306120412,0.027709565,0.122987261,-0.212045207,1.36971e-05,0.693879588,1644,57,359421.225,112727.45,0.304997705,129132.5882,0.326703717,7.388864935,25.14903326,0.312037324,7.388864935,25.14903326,0.312037324,0.301047702,71822.9,0.301047702,71822.9,0.247647326,469109,0.247647326,469109,0.301992592,16993.5625,0.301992592,16993.5625,0.297268143,291140.25,0.297268143,291140.25,0,0,0,0,0,0,0,0,0,0,0,0,0,0,0,0,0,0,0,0,0,0,0,0,0,0,0,0,0,0,0,0,0,0,0,0,0,0,0,0,0,0,0,0,0,0,0,0,0,0,0,0,0,0,0,0,0,0,0,0,0,0,0,0,0,0,0,0,0,0,0,0,0,0,0,0,0,0,0,0,0,0,0,0,0,0,0,0,0,0,0,0,0,0,0,0,0,0,0,0
"XH19-01267 2",0,0,"1/22/2019",0,0," ",0,0,0," ",0,0,0," ",0,0,0,0,0,0,0,0,0,0,0,0,0,0,0,0,0,0,0,0,0,0,0,0,0,0,0,0," ",0,0,0,0," ",0,0,0,0,0,0,0,0,0," ",0,0," ",0,0,0," ",0,0,0,0,0,1,77,0,0,170,70,24.2214532871972,1,0,"Stroke (unspecified)",1,0.9,87.96517275,0,1.62,93,1,0,0,3,3,4,10,6,0,0,61.12284772,1,1,1,1,61.12284772,9.708505495,50,8,7,0.466666667,8.40127e-08,229033.125,99454.69301,231.0774853,53.50066168,7.35111e-08,106199.9286,50466.34415,156.3400005,55.00601226,1.298e-05,30927.42193,34627.40979,67.87696886,28.34361131,19889.86172,20338.69367,55.91777542,19.27327958,7.35111e-07,0.53535973,0.019241691,0.401436772,0.336743096,0.273128376,0.016140124,0.04793206,-0.260523602,1.34421e-05,0.726871624,1236,70,229033.125,111991.75,0.47496023,124212.2857,0.491883162,6.941616834,30.24982514,0.215232608,6.941616834,30.24982514,0.215232608,0.292058722,18667.4,0.292058722,18667.4,0.455698468,102426.5,0.455698468,102426.5,0.273876528,9360.833333,0.273876528,9360.833333,0.455698468,102426.5,0.455698468,102426.5,0,0,0,0,0,0,0,0,0,0,0,0,0,0,0,0,0,0,0,0,0,0,0,0,0,0,0,0,0,0,0,0,0,0,0,0,0,0,0,0,0,0,0,0,0,0,0,0,0,0,0,0,0,0,0,0,0,0,0,0,0,0,0,0,0,0,0,0,0,0,0,0,0,0,0,0,0,0,0,0,0,0,0,0,0,0,0,0,0,0,0,0,0,0,0,0,0,0,0,0
"XH19-08240 1",0,0,"5/29/2019",0,0," ",0,0,0," ",0,0,0," ",0,0,0,0,0,0,0,0,0,0,0,0,0,0,0,0,0,0,0,0,0,0,0,0,0,0,0,0," ",0,0,0,0," ",0,0,0,0,0,0,0,0,0," ",0,0," ",0,0,0," ",0,0,0,0,0,1,58,0,0,170,70,24.2214532871972,1,0,"Stroke (unspecified)",1,0.9,98.99879402,0,1.2,70,0,0,0,1,3,2,6,6,0,0,94.5505,1,1,1,1,94.5505,1.101363504,6.66666666666667,89,5,0.053191489,1.99642e-07,354630.0056,220737.104,274.905601,111.7037633,1.12158e-08,87954.4,64294.87034,130.9049915,67.78114188,9.38767e-06,55389.18065,75797.20901,81.12760733,30.25588565,28856.95066,26670.28244,63.84583118,22.73653386,4.91254e-07,0.509278214,0.070799086,0.519975127,0.077531417,0.196872624,0.026339999,0.136158602,-0.345157843,8.9581e-06,0.803127376,4185,219,378006.8675,56043.22892,0.141768807,71312.55357,0.1666415,4.57135494,35.93978523,0.140493066,4.57135494,35.93978523,0.140493066,0.339732805,121214.6897,0.339732805,121214.6897,0.883985765,2747090.5,0.883985765,2747090.5,0.320636429,15025.89474,0.320636429,15025.89474,0.376015921,322973.4,0.376015921,322973.4,0,0,0,0,0,0,0,0,0,0,0,0,0,0,0,0,0,0,0,0,0,0,0,0,0,0,0,0,0,0,0,0,0,0,0,0,0,0,0,0,0,0,0,0,0,0,0,0,0,0,0,0,0,0,0,0,0,0,0,0,0,0,0,0,0,0,0,0,0,0,0,0,0,0,0,0,0,0,0,0,0,0,0,0,0,0,0,0,0,0,0,0,0,0,0,0,0,0,0,0
"XH19-08240 2",0,0,"5/29/2019",0,0," ",0,0,0," ",0,0,0," ",0,0,0,0,0,0,0,0,0,0,0,0,0,0,0,0,0,0,0,0,0,0,0,0,0,0,0,0," ",0,0,0,0," ",0,0,0,0,0,0,0,0,0," ",0,0," ",0,0,0," ",0,0,0,0,0,1,58,0,0,170,70,24.2214532871972,1,0,"Stroke (unspecified)",1,0.9,98.99879402,0,1.2,70,0,0,0,1,3,2,6,6,0,0,90.6469,1,1,1,1,90.6469,0.499919681,10.5263157894737,36,4,0.1,2.31186e-07,346595.3194,195899.3397,267.2662281,110.8980362,2.56873e-08,110369.375,79010.57189,133.5132909,76.95583899,1.81417e-05,60035.60655,64187.34274,85.76568445,29.6334529,31201.13855,33115.36036,63.74196298,18.59949656,9.56853e-07,0.644274477,0.080127959,1.089146348,0.088095171,0.285583032,0.026076522,0.073569506,-0.875592517,1.17066e-05,0.714416968,2825,149,377146.6818,32830.90909,0.085258804,42253,0.112765845,4.006786738,30.72057133,0.229208541,4.006786738,30.72057133,0.229208541,0.400689545,114510.7308,0.400689545,114510.7308,0.825077433,633060.5,0.825077433,633060.5,0.33461287,16915.4,0.33461287,16915.4,0.620945129,439828.5,0.620945129,439828.5,0,0,0,0,0,0,0,0,0,0,0,0,0,0,0,0,0,0,0,0,0,0,0,0,0,0,0,0,0,0,0,0,0,0,0,0,0,0,0,0,0,0,0,0,0,0,0,0,0,0,0,0,0,0,0,0,0,0,0,0,0,0,0,0,0,0,0,0,0,0,0,0,0,0,0,0,0,0,0,0,0,0,0,0,0,0,0,0,0,0,0,0,0,0,0,0,0,0,0,0
"XH19-16710 1",0,0,"11/8/2019",0,0," ",0,0,0," ",0,0,0," ",0,0,0,0,0,0,0,0,0,0,0,0,0,0,0,0,0,0,0,0,0,0,0,0,0,0,0,0," ",0,0,0,0," ",0,0,0,0,0,0,0,0,0," ",0,0," ",0,0,0," ",0,0,0,0,0,1,80,0,0,170,70,24.2214532871972,1,0,"Stroke (unspecified)",1,0.9,86.33914372,0,1.87,95,1,0,0,1,2,2,5,4,0,0,8.310109906,0,0,0,1,0,0.474236244,9.52380952380952,80,7,0.08045977,2.27634e-07,363462.1,179410.9414,277.4836637,100.4918099,1.9918e-08,80480.85714,46811.22481,132.8850158,39.4008848,1.35613e-05,49992.08865,48661.72677,81.16550942,27.79312532,30978.18973,33817.44463,58.81973015,20.20780584,5.34941e-07,0.630838216,0.082736502,0.677958883,0.027089378,0.304095988,0.008318262,0.122037639,-0.101501817,1.35655e-05,0.695904012,4766,188,419598.6406,33621.65625,0.082062298,51166.5,0.135305982,4.723301685,26.14234909,0.235983205,4.723301685,26.14234909,0.235983205,0.637238916,156032.3611,0.637238916,156032.3611,0.996769023,1281354.5,0.996769023,1281354.5,0.559169526,22770.28571,0.559169526,22770.28571,0.910481782,622449.625,0.910481782,622449.625,0,0,0,0,0,0,0,0,0,0,0,0,0,0,0,0,0,0,0,0,0,0,0,0,0,0,0,0,0,0,0,0,0,0,0,0,0,0,0,0,0,0,0,0,0,0,0,0,0,0,0,0,0,0,0,0,0,0,0,0,0,0,0,0,0,0,0,0,0,0,0,0,0,0,0,0,0,0,0,0,0,0,0,0,0,0,0,0,0,0,0,0,0,0,0,0,0,0,0,0
"XH19-16710 2",0,0,"11/8/2019",0,0," ",0,0,0," ",0,0,0," ",0,0,0,0,0,0,0,0,0,0,0,0,0,0,0,0,0,0,0,0,0,0,0,0,0,0,0,0," ",0,0,0,0," ",0,0,0,0,0,0,0,0,0," ",0,0," ",0,0,0," ",0,0,0,0,0,1,80,0,0,170,70,24.2214532871972,1,0,"Stroke (unspecified)",1,0.9,86.33914372,0,1.7,95,1,0,0,1,3,2,6,5,0,0,11.21988665,0,0,0,1,0,1.788587716,4.25531914893617,91,4,0.042105263,2.99965e-07,412682.044,196127.6746,301.5553736,97.59697654,1.31853e-08,104025.875,31292.67223,158.3278338,23.15808798,2.04405e-05,60664.07458,58283.55721,92.38838359,32.14843507,0,0,0,0,7.02116e-07,0.73787406,0.123790178,1.240002418,0.06732089,0,0,0.099830594,-0.881529685,2.07536e-05,0,6201,213,549115.1176,25026.64706,0.04630355,74821.5,0.124213404,4.429186916,19.74664283,0.371093857,4.429186916,19.74664283,0.371093857,0.719731924,116004.1818,0.719731924,116004.1818,0.961069587,978823,0.961069587,978823,0.680525444,20160.55556,0.680525444,20160.55556,0.746874871,182357.4615,0.746874871,182357.4615,0,0,0,0,0,0,0,0,0,0,0,0,0,0,0,0,0,0,0,0,0,0,0,0,0,0,0,0,0,0,0,0,0,0,0,0,0,0,0,0,0,0,0,0,0,0,0,0,0,0,0,0,0,0,0,0,0,0,0,0,0,0,0,0,0,0,0,0,0,0,0,0,0,0,0,0,0,0,0,0,0,0,0,0,0,0,0,0,0,0,0,0,0,0,0,0,0,0,0,0
"XH19-17342 1",0,0,"11/19/2019",0,0," ",0,0,0," ",0,0,0," ",0,0,0,0,0,0,0,0,0,0,0,0,0,0,0,0,0,0,0,0,0,0,0,0,0,0,0,0," ",0,0,0,0," ",0,0,0,0,0,0,0,0,0," ",0,0," ",0,0,0," ",0,0,0,0,0,1,83,0,0,170,70,24.2214532871972,1,0,"Stroke (unspecified)",1,0.81,87.48296151,0,1.75,96,1,0,0,0,2,2,4,4,0,0,1.82927877,0,0,0,1,0,0.156208926,0,61,1,0.016129032,1.58651e-07,262131.5082,93073.9934,252.2414373,59.98561257,2.60084e-09,155285,0,194.5507646,0,1.02941e-05,48216.03727,58732.65265,78.55782115,26.67062709,26454.57753,32077.5586,59.31082329,16.98915254,5.25369e-07,0.421588828,0.041587474,0.49634172,0.06170499,0.644107702,0.049870029,0.083787987,-0.316649984,1.0909e-05,0.355892298,3958,202,270930.5763,49195.47458,0.179753252,37166.5,0.142212895,5.808769819,25.0439657,0.387269074,5.808769819,25.0439657,0.387269074,0.55223965,180639,0.55223965,180639,0.94116518,1101229.5,0.94116518,1101229.5,0.232493388,12949.5,0.232493388,12949.5,0.643595725,228550.2857,0.643595725,228550.2857,0,0,0,0,0,0,0,0,0,0,0,0,0,0,0,0,0,0,0,0,0,0,0,0,0,0,0,0,0,0,0,0,0,0,0,0,0,0,0,0,0,0,0,0,0,0,0,0,0,0,0,0,0,0,0,0,0,0,0,0,0,0,0,0,0,0,0,0,0,0,0,0,0,0,0,0,0,0,0,0,0,0,0,0,0,0,0,0,0,0,0,0,0,0,0,0,0,0,0,0
"XH19-17591 1",0,0,"11/22/2019",0,0," ",0,0,0," ",0,0,0," ",0,0,0,0,0,0,0,0,0,0,0,0,0,0,0,0,0,0,0,0,0,0,0,0,0,0,0,0," ",0,0,0,0," ",0,0,0,0,0,0,0,0,0," ",0,0," ",0,0,0," ",0,0,0,0,0,1,79,0,0,170,80,27.681660899654,0,0,"Stroke (unspecified)",1,1.25,58.57438541,0,1.69,95,1,0,0,1,2,2,5,6,0,0,44.14958693,1,1,1,1,44.14958693,2.18234295,6.89655172413793,54,6,0.1,2.74399e-07,285855.6574,126328.0423,259.4750774,76.06575467,3.04888e-08,121278.6667,39529.00444,169.927897,32.36268149,1.42078e-05,38477.29202,38009.71639,73.6961905,24.23693643,20331.332,21194.34135,56.20085566,16.30346551,6.85997e-07,0.507404319,0.078438443,0.54667609,0.025989393,0.315987115,0.020445081,0.143482483,-0.372860981,1.51384e-05,0.684012885,2796,135,296772.3654,100813.5769,0.337801426,107450.8125,0.341503458,4.938450159,21.82369165,0.329030465,4.938450159,21.82369165,0.329030465,0.392780156,66888.41176,0.392780156,66888.41176,0.474896323,528669,0.474896323,528669,0.41133638,15377.16667,0.41133638,15377.16667,0.371904405,124838.5625,0.371904405,124838.5625,0,0,0,0,0,0,0,0,0,0,0,0,0,0,0,0,0,0,0,0,0,0,0,0,0,0,0,0,0,0,0,0,0,0,0,0,0,0,0,0,0,0,0,0,0,0,0,0,0,0,0,0,0,0,0,0,0,0,0,0,0,0,0,0,0,0,0,0,0,0,0,0,0,0,0,0,0,0,0,0,0,0,0,0,0,0,0,0,0,0,0,0,0,0,0,0,0,0,0,0
"XH19-17591 2",0,0,"11/22/2019",0,0," ",0,0,0," ",0,0,0," ",0,0,0,0,0,0,0,0,0,0,0,0,0,0,0,0,0,0,0,0,0,0,0,0,0,0,0,0," ",0,0,0,0," ",0,0,0,0,0,0,0,0,0," ",0,0," ",0,0,0," ",0,0,0,0,0,1,79,0,0,170,80,27.681660899654,0,0,"Stroke (unspecified)",1,1.25,58.57438541,0,1.69,95,1,0,0,1,2,2,5,6,0,0,28.81451187,1,1,1,1,28.81451187,0.661761184,13.1578947368421,67,13,0.1625,2.19595e-07,269558.0224,126911.5736,250.8753504,72.10579122,4.26079e-08,118777.1538,108563.5585,148.5937432,82.85468899,1.37591e-05,33208.52454,31038.23902,69.94394389,23.92192968,17909.8056,16573.59666,54.2657558,16.49831514,5.24405e-07,0.379567132,0.059193506,0.456918787,0.023754973,0.314702211,0.023264431,0.129549294,-0.158818387,1.52447e-05,0.685297789,4198,160,273625.7045,139361.5758,0.500431735,148836.1833,0.497608965,7.28208204,24.83315853,0.269439957,7.28208204,24.83315853,0.269439957,0.337273846,28530.57576,0.337273846,28530.57576,0.645251487,114653.5,0.645251487,114653.5,0.304463466,18818.06,0.304463466,18818.06,0.439806285,58882.1875,0.439806285,58882.1875,0,0,0,0,0,0,0,0,0,0,0,0,0,0,0,0,0,0,0,0,0,0,0,0,0,0,0,0,0,0,0,0,0,0,0,0,0,0,0,0,0,0,0,0,0,0,0,0,0,0,0,0,0,0,0,0,0,0,0,0,0,0,0,0,0,0,0,0,0,0,0,0,0,0,0,0,0,0,0,0,0,0,0,0,0,0,0,0,0,0,0,0,0,0,0,0,0,0,0,0
"XH21-20855 1",0,0,"12/2/2021",0,0," ",0,0,0," ",0,0,0," ",0,0,0,0,0,0,0,0,0,0,0,0,0,0,0,0,0,0,0,0,0,0,0,0,0,0,0,0," ",0,0,0,0," ",0,0,0,0,0,0,0,0,0," ",0,0," ",0,0,0," ",0,0,0,0,0,0,57,0,0,170,80,27.681660899654,0,0,"Anoxia",5,1.6,49.94338153,0,1.04,55,0,0,0,0,1,2,3,5,0,0,21.04812354,1,1,0,0,21.04812354,0.243371724,0,60,0,0,2.40135e-07,449663.325,238725.3583,314.896479,123.0187959,0,0,0,0,0,1.20308e-05,47751.72372,40267.60342,82.2318419,25.18909245,24072.24417,24833.56805,54.45540944,15.78785098,3.08173e-07,0.456113192,0.107979901,0.574489687,0.014877292,0.239494445,0.009265228,0.187957945,-0.109698205,1.1462e-05,0.760505555,3006,77,489398.8455,111293.3091,0.232928955,121397.7755,0.233313,5.323302476,31.71115128,0.20308793,5.323302476,31.71115128,0.20308793,0.332602506,47664.13636,0.332602506,47664.13636,0.444376321,145324.5,0.444376321,145324.5,0.313596052,17466.14286,0.313596052,17466.14286,0.365863801,100510.625,0.365863801,100510.625,0,0,0,0,0,0,0,0,0,0,0,0,0,0,0,0,0,0,0,0,0,0,0,0,0,0,0,0,0,0,0,0,0,0,0,0,0,0,0,0,0,0,0,0,0,0,0,0,0,0,0,0,0,0,0,0,0,0,0,0,0,0,0,0,0,0,0,0,0,0,0,0,0,0,0,0,0,0,0,0,0,0,0,0,0,0,0,0,0,0,0,0,0,0,0,0,0,0,0,0
"XH21-20855 2",0,0,"12/2/2021",0,0," ",0,0,0," ",0,0,0," ",0,0,0,0,0,0,0,0,0,0,0,0,0,0,0,0,0,0,0,0,0,0,0,0,0,0,0,0," ",0,0,0,0," ",0,0,0,0,0,0,0,0,0," ",0,0," ",0,0,0," ",0,0,0,0,0,0,57,0,0,170,80,27.681660899654,0,0,"Anoxia",5,1.6,49.94338153,0,1.04,55,0,0,0,1,1,2,4,8,0,0,16.13369261,1,0,0,0,16.13369261,4.757289242,8.82352941176471,63,5,0.073529412,3.01974e-07,386500.9524,179792.7771,297.6768311,87.32685961,2.39662e-08,227704.2,50318.33065,245.4788312,26.67477159,1.58033e-05,34282.38232,38088.1027,68.1001152,23.8820089,21442.05868,22453.97684,52.80275869,17.44376765,3.73873e-07,0.525953876,0.116713404,0.541775746,0.007705853,0.304584357,0.009523164,0.215427518,0.202437059,1.54541e-05,0.695415643,3297,78,400719.8333,78772.83333,0.200145874,87253.09615,0.219630263,5.060630873,29.25364133,0.201713523,5.060630873,29.25364133,0.201713523,0.361883702,31465.41667,0.361883702,31465.41667,0.245610509,109409.5,0.245610509,109409.5,0.409120698,18148.33333,0.409120698,18148.33333,0.220172713,71416.66667,0.220172713,71416.66667,0,0,0,0,0,0,0,0,0,0,0,0,0,0,0,0,0,0,0,0,0,0,0,0,0,0,0,0,0,0,0,0,0,0,0,0,0,0,0,0,0,0,0,0,0,0,0,0,0,0,0,0,0,0,0,0,0,0,0,0,0,0,0,0,0,0,0,0,0,0,0,0,0,0,0,0,0,0,0,0,0,0,0,0,0,0,0,0,0,0,0,0,0,0,0,0,0,0,0,0
"XH22-04453 1",0,0,"3/8/2022",0,0," ",0,0,0," ",0,0,0," ",0,0,0,0,0,0,0,0,0,0,0,0,0,0,0,0,0,0,0,0,0,0,0,0,0,0,0,0," ",0,0,0,0," ",0,0,0,0,0,0,0,0,0," ",0,0," ",0,0,0," ",0,0,0,0,0,1,68,0,0,173,85,28.4005479635136,1,0,"Stroke (unspecified)",1,1.52,49.60192531,0,1.47,88,1,0,0,1,3,2,6,6,0,0,78.8102,1,1,1,1,78.8102,4.783193325,18.5185185185185,50,13,0.206349206,7.54064e-08,504404.74,271662.9886,321.1065863,115.2282093,1.96057e-08,123909.5769,109688.8218,153.2714596,81.07032823,7.607e-06,61569.68309,72654.06875,89.71191057,40.31392113,34403.34763,40076.35922,68.46675659,27.6698423,1.97565e-07,0.374022853,0.038035343,0.468360402,0.041230483,0.350101399,0.013670266,0.081209562,-0.232227508,8.31351e-06,0.649898601,5044,131,546724.0435,190678.9783,0.343734507,198259.4545,0.356584621,7.333395685,31.03790272,0.25807271,7.333395685,31.03790272,0.25807271,0.313544149,143444.9583,0.313544149,143444.9583,0.385405027,995001.5,0.385405027,995001.5,0.278941528,19444.83333,0.278941528,19444.83333,0.34814677,267445.0833,0.34814677,267445.0833,0,0,0,0,0,0,0,0,0,0,0,0,0,0,0,0,0,0,0,0,0,0,0,0,0,0,0,0,0,0,0,0,0,0,0,0,0,0,0,0,0,0,0,0,0,0,0,0,0,0,0,0,0,0,0,0,0,0,0,0,0,0,0,0,0,0,0,0,0,0,0,0,0,0,0,0,0,0,0,0,0,0,0,0,0,0,0,0,0,0,0,0,0,0,0,0,0,0,0,0
"XH22-04453 2",0,0,"3/8/2022",0,0," ",0,0,0," ",0,0,0," ",0,0,0,0,0,0,0,0,0,0,0,0,0,0,0,0,0,0,0,0,0,0,0,0,0,0,0,0," ",0,0,0,0," ",0,0,0,0,0,0,0,0,0," ",0,0," ",0,0,0," ",0,0,0,0,0,1,68,0,0,173,85,28.4005479635136,1,0,"Stroke (unspecified)",1,1.52,49.60192531,0,1.47,88,1,0,0,2,3,2,7,7,0,0,69.4805,1,1,1,1,69.4805,6.103210528,27.2727272727273,33,11,0.25,9.13228e-08,573831.1818,305887.8349,348.0038624,121.3849732,3.04409e-08,168271.1364,86588.46797,188.0852919,70.08381533,7.00971e-06,57512.87544,70683.64323,92.60004942,38.33669041,33265.89468,42540.94244,67.83222804,28.1627737,2.51829e-07,0.406437223,0.052403844,0.403148761,0.08354999,0.302355618,0.014848966,0.129986369,-0.269144485,8.02921e-06,0.697644382,2533,91,610739.5323,251944.5484,0.448338089,251944.5484,0.448338089,7.821851361,30.64575811,0.274253403,7.821851361,30.64575811,0.274253403,0.28017004,57042.8,0.28017004,57042.8,0.520151089,261406.5,0.520151089,261406.5,0.225812334,10001.14286,0.225812334,10001.14286,0.407004686,166806.6667,0.407004686,166806.6667,0,0,0,0,0,0,0,0,0,0,0,0,0,0,0,0,0,0,0,0,0,0,0,0,0,0,0,0,0,0,0,0,0,0,0,0,0,0,0,0,0,0,0,0,0,0,0,0,0,0,0,0,0,0,0,0,0,0,0,0,0,0,0,0,0,0,0,0,0,0,0,0,0,0,0,0,0,0,0,0,0,0,0,0,0,0,0,0,0,0,0,0,0,0,0,0,0,0,0,0
"XH22-08601 1",0,0,"5/8/2022",0,0," ",0,0,0," ",0,0,0," ",0,0,0,0,0,0,0,0,0,0,0,0,0,0,0,0,0,0,0,0,0,0,0,0,0,0,0,0," ",0,0,0,0," ",0,0,0,0,0,0,0,0,0," ",0,0," ",0,0,0," ",0,0,0,0,0,1,65,0,0,168,80,28.3446712018141,1,1,"Anoxia",5,1.64,46.13188967,0,1.73,96,1,0,0,1,2,2,5,6,0,0,12.11313569,0,0,0,1,0,0.088828412,2.4390243902439,82,2,0.023809524,1.6342e-07,464053.061,224375.9266,332.3932178,110.921,3.98586e-09,153128.75,8831.25,204.1015095,9.358088555,9.39865e-06,50165.70388,50518.02397,81.55590612,27.88259485,40826.13212,49766.42224,63.15682537,20.81433846,3.30826e-07,0.478601328,0.075835641,0.471490097,0.051121702,0.397546573,0.031820135,0.16084249,0.043275031,9.63013e-06,0.602453427,4716,166,480645.0316,142015.0886,0.302264339,151681.7397,0.299953355,6.130480186,24.69918606,0.263519168,6.130480186,24.69918606,0.263519168,0.351127204,490168.5625,0.351127204,490168.5625,0.590829985,2211390,0.590829985,2211390,0.11379581,31078,0.11379581,31078,0.385031689,555752.9286,0.385031689,555752.9286,0,0,0,0,0,0,0,0,0,0,0,0,0,0,0,0,0,0,0,0,0,0,0,0,0,0,0,0,0,0,0,0,0,0,0,0,0,0,0,0,0,0,0,0,0,0,0,0,0,0,0,0,0,0,0,0,0,0,0,0,0,0,0,0,0,0,0,0,0,0,0,0,0,0,0,0,0,0,0,0,0,0,0,0,0,0,0,0,0,0,0,0,0,0,0,0,0,0,0,0
"XH22-08601 2",0,0,"5/8/2022",0,0," ",0,0,0," ",0,0,0," ",0,0,0,0,0,0,0,0,0,0,0,0,0,0,0,0,0,0,0,0,0,0,0,0,0,0,0,0," ",0,0,0,0," ",0,0,0,0,0,0,0,0,0," ",0,0," ",0,0,0," ",0,0,0,0,0,1,65,0,0,168,80,28.3446712018141,1,1,"Anoxia",5,1.64,46.13188967,0,1.73,96,1,0,0,1,2,0,3,5,0,0,24.9518,1,1,0,1,0,0.020520834,3.125,64,3,0.044776119,1.14208e-07,425805.7188,236346.6675,312.4799886,118.3697485,5.35348e-09,44434.33333,39427.64438,55.28178127,38.75037195,1.0309e-05,47359.94911,41982.27983,82.84703866,28.55176387,33209.43333,31245.86479,66.94022677,18.35187253,1.9451e-07,0.52631899,0.048630258,0.488234766,0.027992771,0.611796082,0.006157434,0.09960425,-0.180955647,1.05318e-05,0.388203918,5777,109,446687.7459,125002.377,0.287288944,134423.8214,0.282041436,6.530723275,21.40809562,0.276993178,6.530723275,21.40809562,0.276993178,0.532976835,226804.0625,0.532976835,226804.0625,0.586298547,771361.5,0.586298547,771361.5,0.43331808,22960.5,0.43331808,22960.5,0.592772089,349110.2,0.592772089,349110.2,0,0,0,0,0,0,0,0,0,0,0,0,0,0,0,0,0,0,0,0,0,0,0,0,0,0,0,0,0,0,0,0,0,0,0,0,0,0,0,0,0,0,0,0,0,0,0,0,0,0,0,0,0,0,0,0,0,0,0,0,0,0,0,0,0,0,0,0,0,0,0,0,0,0,0,0,0,0,0,0,0,0,0,0,0,0,0,0,0,0,0,0,0,0,0,0,0,0,0,0
"XH22-13097 1",0,0,"7/14/2022",0,0," ",0,0,0," ",0,0,0," ",0,0,0,0,0,0,0,0,0,0,0,0,0,0,0,0,0,0,0,0,0,0,0,0,0,0,0,0," ",0,0,0,0," ",0,0,0,0,0,0,0,0,0," ",0,0," ",0,0,0," ",0,0,0,0,0,1,77,1,0,160,80,31.25,1,0,"Stroke (unspecified)",1,0.94,62.49647121,0,1.62,93,1,0,0,1,1,2,4,5,0,0,27.51584115,1,1,1,1,27.51584115,2.306839227,10,19,1,0.05,1.32911e-07,402905.6316,146481.8277,309.5450895,59.79698702,6.99532e-09,209446.5,0,215.9282288,0,1.22348e-05,39812.99371,39012.42391,73.53493561,26.57607788,38225.47553,72462.75738,63.13836353,28.99271825,2.2385e-07,0.515931184,0.05355059,0.487104305,0.025899593,0.259717597,0.015003128,0.109936598,-0.111070798,8.82641e-06,0.740282403,1749,32,402905.6316,163019.7895,0.398379874,171151.5,0.40668011,6.961241698,29.29235669,0.219871074,6.961241698,29.29235669,0.219871074,0.323896958,100690.1667,0.323896958,100690.1667,0.292161166,263538.5,0.292161166,263538.5,0.339764854,19266,0.339764854,19266,0.292161166,263538.5,0.292161166,263538.5,0,0,0,0,0,0,0,0,0,0,0,0,0,0,0,0,0,0,0,0,0,0,0,0,0,0,0,0,0,0,0,0,0,0,0,0,0,0,0,0,0,0,0,0,0,0,0,0,0,0,0,0,0,0,0,0,0,0,0,0,0,0,0,0,0,0,0,0,0,0,0,0,0,0,0,0,0,0,0,0,0,0,0,0,0,0,0,0,0,0,0,0,0,0,0,0,0,0,0,0
"XH22-13097 2",0,0,"7/14/2022",0,0," ",0,0,0," ",0,0,0," ",0,0,0,0,0,0,0,0,0,0,0,0,0,0,0,0,0,0,0,0,0,0,0,0,0,0,0,0," ",0,0,0,0," ",0,0,0,0,0,0,0,0,0," ",0,0," ",0,0,0," ",0,0,0,0,0,1,77,1,0,160,80,31.25,1,0,"Stroke (unspecified)",1,0.94,62.49647121,0,1.62,93,1,0,0,2,3,2,7,6,0,0,71.2888,1,1,1,1,71.2888,7.175241116,33.3333333333333,24,12,0.333333333,1.58284e-07,219209.75,185683.6474,192.5914978,124.0017404,7.91418e-08,195033.6667,167683.9197,182.4733703,54.08221332,9.40469e-06,37795.26648,32373.73844,72.36157087,24.17144767,22864.68619,22988.61229,59.42156776,22.48903009,3.29758e-07,0.45625601,0.034697315,0.3554526,0.139738321,0.217321066,0.008879528,0.097614463,-0.142245722,9.55232e-06,0.782678934,1426,50,290490.9167,136611.5,0.485780701,158904.5714,0.510226062,8.230010194,31.51553769,0.177197174,8.230010194,31.51553769,0.177197174,0.331084451,184956.8125,0.331084451,184956.8125,0.384626723,1008153.5,0.384626723,1008153.5,0.363429467,17015.25,0.363429467,17015.25,0.320302779,240937.3333,0.320302779,240937.3333,0,0,0,0,0,0,0,0,0,0,0,0,0,0,0,0,0,0,0,0,0,0,0,0,0,0,0,0,0,0,0,0,0,0,0,0,0,0,0,0,0,0,0,0,0,0,0,0,0,0,0,0,0,0,0,0,0,0,0,0,0,0,0,0,0,0,0,0,0,0,0,0,0,0,0,0,0,0,0,0,0,0,0,0,0,0,0,0,0,0,0,0,0,0,0,0,0,0,0,0
"XH22-17417 1",0,0,"9/25/2022",0,0," ",0,0,0," ",0,0,0," ",0,0,0,0,0,0,0,0,0,0,0,0,0,0,0,0,0,0,0,0,0,0,0,0,0,0,0,0," ",0,0,0,0," ",0,0,0,0,0,0,0,0,0," ",0,0," ",0,0,0," ",0,0,0,0,0,1,79,1,0,155,70,29.1363163371488,1,1,"Stroke (unspecified)",1,1,57.30689857,0,2.4,100,1,0,0,3,3,2,8,7,0,0,56.5655,1,1,1,1,56.5655,0.870653843,60,19,18,0.486486486,1.91079e-07,365440.9737,297201.363,241.7029245,162.0544466,1.81023e-07,151272.1667,34858.18385,192.5152961,22.01955393,8.06557e-06,61332.39214,66364.29301,88.56858721,39.74473566,40561.02099,54952.36688,65.5913191,24.11500316,1.01574e-06,0.511702526,0.069828278,0.494680467,0.072666246,0.290461382,0.020052966,0.141158348,-0.387133499,7.53562e-06,0.709538618,802,101,514119.0385,115758.1538,0.206906576,132351.9091,0.232590802,6.283692241,32.77290407,0.233110429,6.283692241,32.77290407,0.233110429,0.360510671,226370.625,0.360510671,226370.625,0.466203103,1252623.5,0.466203103,1252623.5,0.191162784,31580.5,0.191162784,31580.5,0.384703226,254197.7857,0.384703226,254197.7857,0,0,0,0,0,0,0,0,0,0,0,0,0,0,0,0,0,0,0,0,0,0,0,0,0,0,0,0,0,0,0,0,0,0,0,0,0,0,0,0,0,0,0,0,0,0,0,0,0,0,0,0,0,0,0,0,0,0,0,0,0,0,0,0,0,0,0,0,0,0,0,0,0,0,0,0,0,0,0,0,0,0,0,0,0,0,0,0,0,0,0,0,0,0,0,0,0,0,0,0
"XH22-17417 2",0,0,"9/25/2022",0,0," ",0,0,0," ",0,0,0," ",0,0,0,0,0,0,0,0,0,0,0,0,0,0,0,0,0,0,0,0,0,0,0,0,0,0,0,0," ",0,0,0,0," ",0,0,0,0,0,0,0,0,0," ",0,0," ",0,0,0," ",0,0,0,0,0,1,79,1,0,155,70,29.1363163371488,1,1,"Stroke (unspecified)",1,1,57.30689857,0,2.4,100,1,0,0,2,2,2,6,7,0,0,51.34871743,1,1,1,1,51.34871743,3.395585533,43.4782608695652,29,20,0.408163265,8.84778e-08,615039.6379,309824.488,364.5795564,131.4453688,6.10192e-08,127584.125,67076.66194,161.6237435,66.75938527,6.18124e-06,65538.10192,69988.96293,94.78834185,38.5421842,33069.17582,42212.56221,66.20240014,23.16475931,5.55275e-07,0.444417598,0.054417372,0.405107015,0.09370638,0.257475108,0.025608157,0.134328388,-0.305986689,6.6843e-06,0.742524892,2026,182,701467,205938.24,0.315851861,213544.75,0.327016401,7.42938305,40.37729557,0.191829203,7.42938305,40.37729557,0.191829203,0.370667115,165421.05,0.370667115,165421.05,0.39945618,1538756.5,0.39945618,1538756.5,0.348199331,15429.61111,0.348199331,15429.61111,0.389049848,288141.3182,0.389049848,288141.3182,0,0,0,0,0,0,0,0,0,0,0,0,0,0,0,0,0,0,0,0,0,0,0,0,0,0,0,0,0,0,0,0,0,0,0,0,0,0,0,0,0,0,0,0,0,0,0,0,0,0,0,0,0,0,0,0,0,0,0,0,0,0,0,0,0,0,0,0,0,0,0,0,0,0,0,0,0,0,0,0,0,0,0,0,0,0,0,0,0,0,0,0,0,0,0,0,0,0,0,0
"XH22-17953 2",0,0,"10/3/2022",0,0," ",0,0,0," ",0,0,0," ",0,0,0,0,0,0,0,0,0,0,0,0,0,0,0,0,0,0,0,0,0,0,0,0,0,0,0,0," ",0,0,0,0," ",0,0,0,0,0,0,0,0,0," ",0,0," ",0,0,0," ",0,0,0,0,0,0,58,1,0,160,52,20.3125,0,0,"Stroke (unspecified)",1,1.2,52.46994022,0,1.36,82,0,0,0,1,3,2,6,6,0,0,69.8621,1,1,1,1,69.8621,2.862054157,11.1111111111111,65,8,0.109589041,1.35715e-07,410354.6923,242114.9265,297.605679,103.4431756,1.67034e-08,113423.625,68376.93901,148.6706194,72.85291299,1.04667e-05,58549.28855,67079.67032,91.62074624,34.65596379,32257.30767,39452.55589,62.54986226,27.36955882,4.17584e-07,0.585156607,0.055691207,0.61282038,0.041388725,0.225576174,0.018882058,0.090876885,-0.57415034,9.51101e-06,0.774423826,5013,200,433252.4918,110395.0164,0.259994467,125116.0392,0.290749053,5.144822187,20.11397403,0.281707167,6.278479651,22.62987883,0.247175783,0.398317283,374975.3333,0.398317283,374975.3333,0.434474516,3614723.5,0.434474516,3614723.5,0.403343367,25700.5,0.403343367,25700.5,0.393919458,680590.8125,0.393919458,680590.8125,0,0,0,0,0,0,0,0,0,0,0,0,0,0,0,0,0,0,0,0,0,0,0,0,0,0,0,0,0,0,0,0,0,0,0,0,0,0,0,0,0,0,0,0,0,0,0,0,0,0,0,0,0,0,0,0,0,0,0,0,0,0,0,0,0,0,0,0,0,0,0,0,0,0,0,0,0,0,0,0,0,0,0,0,0,0,0,0,0,0,0,0,0,0,0,0,0,0,0,0
"XH22-20454 1",0,0,"11/7/2022",0,0," ",0,0,0," ",0,0,0," ",0,0,0,0,0,0,0,0,0,0,0,0,0,0,0,0,0,0,0,0,0,0,0,0,0,0,0,0," ",0,0,0,0," ",0,0,0,0,0,0,0,0,0," ",0,0," ",0,0,0," ",0,0,0,0,0,1,74,0,0,170,80,27.681660899654,1,0,"Stroke (unspecified)",1,0.9,89.62182486,0,1.44,87,1,0,0,0,1,2,3,5,0,0,17.03565644,1,0,0,0,17.03565644,0.166147528,0,47,0,0,1.44971e-07,396015.8617,233730.8381,276.5952038,105.1539279,0,0,0,0,0,1.18136e-05,50003.53538,72867.54916,85.58034136,31.84233275,22398.20905,18723.36063,65.28158951,20.68014508,3.17701e-07,0.55889334,0.057410622,0.590719491,0.016023745,0.297532166,0.027800417,0.097187622,-0.611828863,1.26788e-05,0.702467834,3830,103,431315.5349,148852.3488,0.336198163,158235.45,0.340979755,6.284662065,22.34220736,0.315319735,6.284662065,22.34220736,0.315319735,0.500454825,140074.4167,0.500454825,140074.4167,0.443122567,328087.5,0.443122567,328087.5,0.482177261,15837.25,0.482177261,15837.25,0.509593607,202193,0.509593607,202193,0,0,0,0,0,0,0,0,0,0,0,0,0,0,0,0,0,0,0,0,0,0,0,0,0,0,0,0,0,0,0,0,0,0,0,0,0,0,0,0,0,0,0,0,0,0,0,0,0,0,0,0,0,0,0,0,0,0,0,0,0,0,0,0,0,0,0,0,0,0,0,0,0,0,0,0,0,0,0,0,0,0,0,0,0,0,0,0,0,0,0,0,0,0,0,0,0,0,0,0
"XH22-20454 2",0,0,"11/7/2022",0,0," ",0,0,0," ",0,0,0," ",0,0,0,0,0,0,0,0,0,0,0,0,0,0,0,0,0,0,0,0,0,0,0,0,0,0,0,0," ",0,0,0,0," ",0,0,0,0,0,0,0,0,0," ",0,0," ",0,0,0," ",0,0,0,0,0,1,74,0,0,170,80,27.681660899654,1,0,"Stroke (unspecified)",1,0.9,89.62182486,0,1.44,87,1,0,0,1,2,2,5,6,0,0,7.263584759,0,0,0,1,0,1.050028075,2.7027027027027,75,1,0.013157895,2.27261e-07,429773.66,228075.441,292.0625693,104.6156885,3.03015e-09,388642,0,316.204048,0,8.03293e-06,64023.96492,72867.21779,91.1550733,36.08670859,33770.25654,36506.19879,68.01982932,23.0869456,2.18171e-07,0.564374585,0.097670923,0.514300004,0.050250197,0.319262148,0.0131883,0.189910407,-0.557572297,8.57548e-06,0.680737852,2651,72,446963.0139,112875.2361,0.255569888,117988.2353,0.263736003,6.641798818,29.97431784,0.226419939,6.641798818,29.97431784,0.226419939,0.521128193,515423.1923,0.521128193,515423.1923,0.605108201,3626780,0.605108201,3626780,0.504736967,20880.75,0.504736967,20880.75,0.528413182,735219.8333,0.528413182,735219.8333,0,0,0,0,0,0,0,0,0,0,0,0,0,0,0,0,0,0,0,0,0,0,0,0,0,0,0,0,0,0,0,0,0,0,0,0,0,0,0,0,0,0,0,0,0,0,0,0,0,0,0,0,0,0,0,0,0,0,0,0,0,0,0,0,0,0,0,0,0,0,0,0,0,0,0,0,0,0,0,0,0,0,0,0,0,0,0,0,0,0,0,0,0,0,0,0,0,0,0,0
"XH22-20769 1",0,0,"11/10/2022",0,0," ",0,0,0," ",0,0,0," ",0,0,0,0,0,0,0,0,0,0,0,0,0,0,0,0,0,0,0,0,0,0,0,0,0,0,0,0," ",0,0,0,0," ",0,0,0,0,0,0,0,0,0," ",0,0," ",0,0,0," ",0,0,0,0,0,1,63,0,0,168,82,29.0532879818594,1,0,"Stroke (unspecified)",1,1.5,51.98838981,0,1.39,84,0,0,0,2,3,2,7,7,0,0,17.6441,1,0,0,1,0,5.026763105,20,36,8,0.181818182,9.18056e-08,524364.6667,448341.9017,288.9688759,192.8621842,2.04013e-08,97590.6875,92856.55056,122.2825392,67.48596603,7.59947e-06,57064.19178,78101.53926,84.05561962,43.54914826,33566.9928,54872.22953,63.47250035,34.06250203,4.36077e-07,0.501489068,0.048139631,0.43365741,0.056937065,0.33203461,0.0192448,0.111008437,-0.017043921,7.95441e-06,0.66796539,2980,171,672521.2143,128481.5,0.209403641,144554.375,0.210578634,6.278399339,24.98638917,0.241463527,6.278399339,24.98638917,0.241463527,0.455310864,119614.1154,0.455310864,119614.1154,0.55795058,593515,0.55795058,593515,0.445579527,27790.5,0.445579527,27790.5,0.458230266,147161.2,0.458230266,147161.2,0,0,0,0,0,0,0,0,0,0,0,0,0,0,0,0,0,0,0,0,0,0,0,0,0,0,0,0,0,0,0,0,0,0,0,0,0,0,0,0,0,0,0,0,0,0,0,0,0,0,0,0,0,0,0,0,0,0,0,0,0,0,0,0,0,0,0,0,0,0,0,0,0,0,0,0,0,0,0,0,0,0,0,0,0,0,0,0,0,0,0,0,0,0,0,0,0,0,0,0
"XH22-20769 2",0,0,"11/10/2022",0,0," ",0,0,0," ",0,0,0," ",0,0,0,0,0,0,0,0,0,0,0,0,0,0,0,0,0,0,0,0,0,0,0,0,0,0,0,0," ",0,0,0,0," ",0,0,0,0,0,0,0,0,0," ",0,0," ",0,0,0," ",0,0,0,0,0,1,63,0,0,168,82,29.0532879818594,1,0,"Stroke (unspecified)",1,1.5,51.98838981,0,1.39,84,0,0,0,2,3,2,7,7,0,0,52.504,1,1,1,1,52.504,3.342178302,41.6666666666667,47,21,0.308823529,8.72355e-08,453670.2979,484821.7972,245.7895301,223.9762917,3.89776e-08,109661.1905,69673.38917,146.0111635,65.89802464,5.0578e-06,85278.13174,130754.5456,97.36411182,51.34894123,59529.56633,87898.50884,74.65632639,39.40260883,2.70987e-07,0.403275528,0.039576143,0.431319851,0.097838112,0.534578313,0.023169301,0.091755904,-0.206033565,5.25938e-06,0.465421687,2725,146,735262.8393,220789.0357,0.326834573,266004.3478,0.307097576,6.7301315,26.1680914,0.236138971,6.7301315,26.1680914,0.236138971,0.413995576,623226.4643,0.413995576,623226.4643,0.533768326,3769169.5,0.533768326,3769169.5,0.318635185,29725.75,0.318635185,29725.75,0.452139732,860626.75,0.452139732,860626.75,0,0,0,0,0,0,0,0,0,0,0,0,0,0,0,0,0,0,0,0,0,0,0,0,0,0,0,0,0,0,0,0,0,0,0,0,0,0,0,0,0,0,0,0,0,0,0,0,0,0,0,0,0,0,0,0,0,0,0,0,0,0,0,0,0,0,0,0,0,0,0,0,0,0,0,0,0,0,0,0,0,0,0,0,0,0,0,0,0,0,0,0,0,0,0,0,0,0,0,0
"XH22-22084 1",0,0,"11/29/2022",0,0," ",0,0,0," ",0,0,0," ",0,0,0,0,0,0,0,0,0,0,0,0,0,0,0,0,0,0,0,0,0,0,0,0,0,0,0,0," ",0,0,0,0," ",0,0,0,0,0,0,0,0,0," ",0,0," ",0,0,0," ",0,0,0,0,0,1,63,0,0,170,90,31.1418685121107,1,1,"Anoxia",5,1.27,63.48211864,0,1.58,92,1,0,0,0,2,2,4,4,0,0,48.2366,1,1,1,1,48.2366,0.254531679,0,37,0,0,1.40561e-07,453556.8514,231476.7795,318.1877416,124.0409436,0,0,0,0,0,7.24081e-06,65205.00236,67736.86694,92.3915952,32.2092509,40746.64441,49414.04557,67.51240358,22.45937662,3.41906e-07,0.470651597,0.063752552,0.472136887,0.02531935,0.380475219,0.019447257,0.135029806,0.063824816,8.18118e-06,0.619524781,1906,90,493555.0735,126740.2941,0.236021898,130108.8788,0.241049202,6.108146739,24.46305762,0.3115697,6.108146739,24.46305762,0.3115697,0.404090258,239689.125,0.404090258,239689.125,0.468640817,2770566,0.468640817,2770566,0.315186678,16475.125,0.315186678,16475.125,0.433724784,314093.7917,0.433724784,314093.7917,0,0,0,0,0,0,0,0,0,0,0,0,0,0,0,0,0,0,0,0,0,0,0,0,0,0,0,0,0,0,0,0,0,0,0,0,0,0,0,0,0,0,0,0,0,0,0,0,0,0,0,0,0,0,0,0,0,0,0,0,0,0,0,0,0,0,0,0,0,0,0,0,0,0,0,0,0,0,0,0,0,0,0,0,0,0,0,0,0,0,0,0,0,0,0,0,0,0,0,0
"XH22-22084 2",0,0,"11/29/2022",0,0," ",0,0,0," ",0,0,0," ",0,0,0,0,0,0,0,0,0,0,0,0,0,0,0,0,0,0,0,0,0,0,0,0,0,0,0,0," ",0,0,0,0," ",0,0,0,0,0,0,0,0,0," ",0,0," ",0,0,0," ",0,0,0,0,0,1,63,0,0,170,90,31.1418685121107,1,1,"Anoxia",5,1.27,63.48211864,0,1.58,92,1,0,0,1,2,2,5,5,0,0,47.4039,1,1,1,1,47.4039,1.146220397,5.55555555555556,35,2,0.054054054,1.58209e-07,571061.7286,359621.3497,350.6297872,149.9435447,9.04052e-09,241229,16688.5,262.3829242,8.497123077,9.13544e-06,47479.56927,40059.09847,85.31883828,30.69987905,23331.32985,18733.0707,64.18415123,19.58867138,4.15864e-07,0.440631045,0.090347114,0.433746785,0.039724541,0.442726565,0.038437217,0.208294602,-0.011046312,1.1949e-05,0.557273435,2021,92,644629.2097,172418.8065,0.272979925,172418.8065,0.272979925,6.434053473,21.46986993,0.300345403,6.434053473,21.46986993,0.300345403,0.450305957,77058.76471,0.450305957,77058.76471,0.662959161,509252,0.662959161,509252,0.389580161,22897.91667,0.389580161,22897.91667,0.483429118,106601.0455,0.483429118,106601.0455,0,0,0,0,0,0,0,0,0,0,0,0,0,0,0,0,0,0,0,0,0,0,0,0,0,0,0,0,0,0,0,0,0,0,0,0,0,0,0,0,0,0,0,0,0,0,0,0,0,0,0,0,0,0,0,0,0,0,0,0,0,0,0,0,0,0,0,0,0,0,0,0,0,0,0,0,0,0,0,0,0,0,0,0,0,0,0,0,0,0,0,0,0,0,0,0,0,0,0,0
"XH23-01369 1",0,0,"1/19/2023",0,0," ",0,0,0," ",0,0,0," ",0,0,0,0,0,0,0,0,0,0,0,0,0,0,0,0,0,0,0,0,0,0,0,0,0,0,0,0," ",0,0,0,0," ",0,0,0,0,0,0,0,0,0," ",0,0," ",0,0,0," ",0,0,0,0,0,1,71,0,0,170,85,29.4117647058824,1,1,"Stroke (unspecified)",1,1.21,64.01258601,0,1.9,99,1,0,0,1,1,2,4,5,0,0,19.79875754,1,0,0,0,19.79875754,2.136318923,5.26315789473684,114,5,0.042016807,1.66315e-07,328390.1535,166918.1898,270.8439604,95.51396502,7.29453e-09,243031.1,156895.7462,220.961676,73.07214067,1.41032e-05,37947.43069,47221.26398,76.9638599,28.59761175,17327.47805,17243.41861,51.38589169,16.93254769,3.45761e-07,0.431671366,0.054616318,0.535182042,0.014292218,0.283649835,0.031674306,0.10205185,-0.325189449,1.49908e-05,0.716350165,9667,237,349461.5748,190547.9346,0.551350959,195821,0.546457108,8.207976044,33.18514577,0.204404733,8.225749657,33.58479148,0.202286623,0.360553601,57314.57813,0.360553601,57314.57813,0.573400113,356510,0.573400113,356510,0.325940256,20838.85,0.343095006,20838.85,0.41824251,118107.4583,0.41824251,118107.4583,0,0,0,0,0,0,0,0,0,0,0,0,0,0,0,0,0,0,0,0,0,0,0,0,0,0,0,0,0,0,0,0,0,0,0,0,0,0,0,0,0,0,0,0,0,0,0,0,0,0,0,0,0,0,0,0,0,0,0,0,0,0,0,0,0,0,0,0,0,0,0,0,0,0,0,0,0,0,0,0,0,0,0,0,0,0,0,0,0,0,0,0,0,0,0,0,0,0,0,0
"XH23-01369 2",0,0,"1/19/2023",0,0," ",0,0,0," ",0,0,0," ",0,0,0,0,0,0,0,0,0,0,0,0,0,0,0,0,0,0,0,0,0,0,0,0,0,0,0,0," ",0,0,0,0," ",0,0,0,0,0,0,0,0,0," ",0,0," ",0,0,0," ",0,0,0,0,0,1,71,0,0,170,85,29.4117647058824,1,1,"Stroke (unspecified)",1,1.21,64.01258601,0,1.9,99,1,0,0,1,3,4,8,8,0,0,57.6766,1,1,1,1,57.6766,18.07315014,11.2903225806452,117,14,0.106870229,1.64385e-07,266735.9744,144830.6563,243.6088294,80.37914293,1.967e-08,144975.1071,65783.01752,190.122569,48.10904466,1.11374e-05,34106.22707,32820.25945,70.99324771,24.87188377,14355.81503,17903.45284,47.59520353,18.61964284,5.6762e-07,0.406406138,0.043847364,0.379855637,0.062292547,0.229612102,0.044744648,0.115431654,0.22888364,1.26546e-05,0.770387898,7927,404,273571.3991,132401.3158,0.469647063,144838.402,0.473919847,7.784831727,41.83285656,0.101050807,7.780452445,41.67791596,0.101765091,0.346429658,398524.4219,0.346429658,398524.4219,0.487505174,9642421.5,0.487505174,9642421.5,0.30733698,17789.18421,0.30733698,17789.18421,0.403565109,954983.6154,0.403565109,954983.6154,0,0,0,0,0,0,0,0,0,0,0,0,0,0,0,0,0,0,0,0,0,0,0,0,0,0,0,0,0,0,0,0,0,0,0,0,0,0,0,0,0,0,0,0,0,0,0,0,0,0,0,0,0,0,0,0,0,0,0,0,0,0,0,0,0,0,0,0,0,0,0,0,0,0,0,0,0,0,0,0,0,0,0,0,0,0,0,0,0,0,0,0,0,0,0,0,0,0,0,0
"XH23-03908 1",0,0,"2/20/2023",0,0," ",0,0,0," ",0,0,0," ",0,0,0,0,0,0,0,0,0,0,0,0,0,0,0,0,0,0,0,0,0,0,0,0,0,0,0,0," ",0,0,0,0," ",0,0,0,0,0,0,0,0,0," ",0,0," ",0,0,0," ",0,0,0,0,0,1,65,0,0,185,97,28.3418553688824,1,1,"Stroke (unspecified)",1,0.87,95.75672287,0,1.48,89,1,0,0,1,1,2,4,6,0,0,17.02907057,1,0,0,0,17.02907057,6.160294484,9.09090909090909,23,3,0.115384615,8.80215e-08,706367.4783,456155.1104,373.1603968,186.909804,1.14811e-08,218686,32948.30576,219.5695397,16.5997154,6.54421e-06,60539.85263,59944.70128,87.68625676,33.32963876,289438.5,0,144.4991349,0,2.75546e-07,0.534862951,0.062175537,0.396185412,0.018437637,4.418874665,0,0.156935452,0.20007836,6.64587e-06,-3.418874665,1710,72,850760.9737,212343.9474,0.25460639,212343.9474,0.25460639,6.380185934,37.5220404,0.198604157,6.380185934,37.5220404,0.198604157,0.400547007,220534,0.400547007,220534,0.586977546,628687,0.586977546,628687,0.307331738,16457.5,0.307331738,16457.5,0.586977546,628687,0.586977546,628687,0,0,0,0,0,0,0,0,0,0,0,0,0,0,0,0,0,0,0,0,0,0,0,0,0,0,0,0,0,0,0,0,0,0,0,0,0,0,0,0,0,0,0,0,0,0,0,0,0,0,0,0,0,0,0,0,0,0,0,0,0,0,0,0,0,0,0,0,0,0,0,0,0,0,0,0,0,0,0,0,0,0,0,0,0,0,0,0,0,0,0,0,0,0,0,0,0,0,0,0
"XH23-03908 2",0,0,"2/20/2023",0,0," ",0,0,0," ",0,0,0," ",0,0,0,0,0,0,0,0,0,0,0,0,0,0,0,0,0,0,0,0,0,0,0,0,0,0,0,0," ",0,0,0,0," ",0,0,0,0,0,0,0,0,0," ",0,0," ",0,0,0," ",0,0,0,0,0,1,65,0,0,185,97,28.3418553688824,1,1,"Stroke (unspecified)",1,0.87,95.75672287,0,1.48,89,1,0,0,1,1,4,6,6,0,0,6.04483779,0,0,0,0,0,7.652406704,13.3333333333333,28,4,0.125,1.54452e-07,730596.375,556511.2385,370.9523984,186.835289,2.20645e-08,331953,62579.06917,294.757972,28.51294327,5.11345e-06,65893.63916,64142.59233,91.73384207,36.69979906,33393.78571,22333.5847,71.89135684,24.04587784,2.31677e-07,0.439479901,0.112841749,0.336943817,0.075035207,0.113329094,0.040793946,0.334897817,0.219117985,5.26863e-06,0.886670906,927,42,786195.1346,155435.0385,0.210280396,173941.7391,0.199556013,5.793141015,39.22826548,0.200083436,5.793141015,39.22826548,0.200083436,0.378583217,729558.5,0.378583217,729558.5,0,5725178,0,5725178,0.273649795,33664.33333,0.273649795,33664.33333,0.441543271,1077505.583,0.441543271,1077505.583,0,0,0,0,0,0,0,0,0,0,0,0,0,0,0,0,0,0,0,0,0,0,0,0,0,0,0,0,0,0,0,0,0,0,0,0,0,0,0,0,0,0,0,0,0,0,0,0,0,0,0,0,0,0,0,0,0,0,0,0,0,0,0,0,0,0,0,0,0,0,0,0,0,0,0,0,0,0,0,0,0,0,0,0,0,0,0,0,0,0,0,0,0,0,0,0,0,0,0,0
"XH23-06547 1",0,0,"3/25/2023",0,0," ",0,0,0," ",0,0,0," ",0,0,0,0,0,0,0,0,0,0,0,0,0,0,0,0,0,0,0,0,0,0,0,0,0,0,0,0," ",0,0,0,0," ",0,0,0,0,0,0,0,0,0," ",0,0," ",0,0,0," ",0,0,0,0,0,1,75,0,0,178,71,22.4087867693473,0,0,"Stroke (unspecified)",1,0.77,93.36278839,0,1.3,78,0,0,0,1,2,2,5,4,0,0,9.239862765,0,0,0,1,0,6.691247928,4.08163265306122,99,4,0.038834951,2.12643e-07,340062.1263,172382.6628,281.8787575,87.77394287,8.59163e-09,102405.625,11840.69219,156.7940766,11.17441484,8.51645e-06,52529.92585,77151.04571,78.3703725,34.55972731,65147.725,104107.2117,69.80079367,24.04430014,3.50109e-07,0.39452363,0.072311741,0.447368433,0.010996871,0.662302754,0.000570386,0.161638005,0.107111144,8.80662e-06,0.337697246,3965,163,359931.9946,88363.68817,0.260774135,93107.70115,0.27096316,5.104672849,28.34219941,0.303363103,5.104672849,28.34219941,0.303363103,0.417827622,84182.88889,0.417827622,84182.88889,0.782378778,1050139,0.782378778,1050139,0.379558447,17283.26923,0.379558447,17283.26923,0.517327477,258121.9,0.517327477,258121.9,0,0,0,0,0,0,0,0,0,0,0,0,0,0,0,0,0,0,0,0,0,0,0,0,0,0,0,0,0,0,0,0,0,0,0,0,0,0,0,0,0,0,0,0,0,0,0,0,0,0,0,0,0,0,0,0,0,0,0,0,0,0,0,0,0,0,0,0,0,0,0,0,0,0,0,0,0,0,0,0,0,0,0,0,0,0,0,0,0,0,0,0,0,0,0,0,0,0,0,0
"XH23-06547 2",0,0,"3/25/2023",0,0," ",0,0,0," ",0,0,0," ",0,0,0,0,0,0,0,0,0,0,0,0,0,0,0,0,0,0,0,0,0,0,0,0,0,0,0,0," ",0,0,0,0," ",0,0,0,0,0,0,0,0,0," ",0,0," ",0,0,0," ",0,0,0,0,0,1,75,0,0,178,71,22.4087867693473,0,0,"Stroke (unspecified)",1,0.77,93.36278839,0,1.3,78,0,0,0,2,1,2,5,5,0,0,15.0296,1,0,0,0,0,0.407566939,20,8,2,0.2,8.63015e-08,356061.8125,200179.1414,276.4702683,140.7806477,2.15754e-08,109600,14351.5,154.5873099,13.10586232,8.59779e-06,45636.05772,54957.97874,72.85274373,27.08839916,48495.26908,76675.75733,62.25457507,23.27218556,5.50172e-07,0.560113815,0.030728669,0.392369103,0.059370551,0.288872441,0.008745239,0.07831572,-0.230978549,6.43327e-06,0.711127559,797,51,469906.5833,104387,0.220966403,104387,0.220966403,4.823903372,26.29480011,0.281064277,4.823903372,26.29480011,0.281064277,0.516619009,36256.5,0.516619009,36256.5,0.516619009,36256.5,0.516619009,36256.5,0,0,0,0,0.516619009,36256.5,0.516619009,36256.5,0,0,0,0,0,0,0,0,0,0,0,0,0,0,0,0,0,0,0,0,0,0,0,0,0,0,0,0,0,0,0,0,0,0,0,0,0,0,0,0,0,0,0,0,0,0,0,0,0,0,0,0,0,0,0,0,0,0,0,0,0,0,0,0,0,0,0,0,0,0,0,0,0,0,0,0,0,0,0,0,0,0,0,0,0,0,0,0,0,0,0,0,0,0,0,0,0,0,0,0
"XH23-08067 1",0,0,"4/14/2023",0,0," ",0,0,0," ",0,0,0," ",0,0,0,0,0,0,0,0,0,0,0,0,0,0,0,0,0,0,0,0,0,0,0,0,0,0,0,0," ",0,0,0,0," ",0,0,0,0,0,0,0,0,0," ",0,0," ",0,0,0," ",0,0,0,0,0,1,75,0,0,163,85,31.9921713274869,0,0,"Stroke (unspecified)",1,0.82,91.60564343,0,1.34,81,0,0,0,1,2,2,5,6,0,0,72.70575552,1,1,1,1,0,0.230228658,12.5,22,2,0.083333333,6.76082e-07,262881.5,242223.479,204.2278054,147.6753314,6.1462e-08,125060.25,14483.75,170.0983659,13.74939723,5.80201e-05,59751.83686,71406.5021,90.01236057,37.50437895,35748.38806,45632.968,64.03490782,21.26620054,5.83889e-06,0.615590254,0.177729325,3.466806771,0.295254235,0.262471667,0.019070656,0.051266002,-3.16374593,9.66393e-06,0.737528333,1888,190,435231.1667,45611,0.104820347,61554.66667,0.150083358,4.464380627,19.95635565,0.318769296,4.464380627,19.95635565,0.318769296,0.686509898,345966.9091,0.686509898,345966.9091,0.887077292,3052643,0.887077292,3052643,0.563820297,23968.41667,0.563820297,23968.41667,0.833737419,732365.1,0.833737419,732365.1,0,0,0,0,0,0,0,0,0,0,0,0,0,0,0,0,0,0,0,0,0,0,0,0,0,0,0,0,0,0,0,0,0,0,0,0,0,0,0,0,0,0,0,0,0,0,0,0,0,0,0,0,0,0,0,0,0,0,0,0,0,0,0,0,0,0,0,0,0,0,0,0,0,0,0,0,0,0,0,0,0,0,0,0,0,0,0,0,0,0,0,0,0,0,0,0,0,0,0,0
"XH23-08067 2",0,0,"4/14/2023",0,0," ",0,0,0," ",0,0,0," ",0,0,0,0,0,0,0,0,0,0,0,0,0,0,0,0,0,0,0,0,0,0,0,0,0,0,0,0," ",0,0,0,0," ",0,0,0,0,0,0,0,0,0," ",0,0," ",0,0,0," ",0,0,0,0,0,1,75,0,0,163,85,31.9921713274869,0,0,"Stroke (unspecified)",1,0.82,91.60564343,0,1.34,81,0,0,0,1,1,2,4,5,0,0,22.7832,1,1,0,0,22.7832,0.747777586,9.52380952380952,41,4,0.088888889,8.31596e-08,470457.6585,253882.9223,323.0468506,128.2503293,8.11313e-09,111087.375,27942.64513,164.6697773,13.35531549,8.2186e-06,65807.39956,82015.18704,93.28154591,40.15822769,34566.9783,38353.06879,67.32196222,21.24240524,3.79289e-07,0.469465016,0.03912308,0.540844984,0.014682861,0.421210568,0.020656681,0.072336957,-0.162975156,8.85863e-06,0.578789432,4052,187,530187.125,107599.3889,0.202710965,112904.8529,0.210564912,5.159734927,25.57409206,0.264382168,5.159734927,25.57409206,0.264382168,0.469150887,77606.65789,0.469150887,77606.65789,0.541699592,206636.5,0.541699592,206636.5,0.481687718,20507.3125,0.481687718,20507.3125,0.460033192,119133.4545,0.460033192,119133.4545,0,0,0,0,0,0,0,0,0,0,0,0,0,0,0,0,0,0,0,0,0,0,0,0,0,0,0,0,0,0,0,0,0,0,0,0,0,0,0,0,0,0,0,0,0,0,0,0,0,0,0,0,0,0,0,0,0,0,0,0,0,0,0,0,0,0,0,0,0,0,0,0,0,0,0,0,0,0,0,0,0,0,0,0,0,0,0,0,0,0,0,0,0,0,0,0,0,0,0,0
"XH23-11571 1",0,0,"6/1/2023",0,0," ",0,0,0," ",0,0,0," ",0,0,0,0,0,0,0,0,0,0,0,0,0,0,0,0,0,0,0,0,0,0,0,0,0,0,0,0," ",0,0,0,0," ",0,0,0,0,0,0,0,0,0," ",0,0," ",0,0,0," ",0,0,0,0,0,1,53,0,0,175,95,31.0204081632653,1,1,"Stroke (unspecified)",1,1.32,64.49666163,0,1.42,86,1,0,0,1,2,2,5,5,0,0,17.0366,1,0,0,1,0,0.451084057,9.67741935483871,68,9,0.116883117,1.18648e-07,466075.4779,281774.1159,307.9989407,131.8031269,1.57034e-08,126639.7222,178641.0749,128.1341286,117.1825764,6.78734e-06,65467.04794,154509.0755,91.51607543,36.36789622,21795.26925,18981.43461,60.08057792,17.2458275,3.26281e-07,0.451814492,0.055298738,0.444347166,0.01997021,0.292678126,0.027651758,0.1244494,-0.166785327,9.60525e-06,0.707321874,3890,187,472999.5597,236088.6418,0.50684941,277732.3519,0.498536997,8.044034928,38.61978092,0.204708191,8.044034928,38.61978092,0.204708191,0.417443065,132378.6,0.417443065,132378.6,0.550042715,960654.5,0.550042715,960654.5,0.451927363,24650.08333,0.451927363,24650.08333,0.406553287,166398.1316,0.406553287,166398.1316,0,0,0,0,0,0,0,0,0,0,0,0,0,0,0,0,0,0,0,0,0,0,0,0,0,0,0,0,0,0,0,0,0,0,0,0,0,0,0,0,0,0,0,0,0,0,0,0,0,0,0,0,0,0,0,0,0,0,0,0,0,0,0,0,0,0,0,0,0,0,0,0,0,0,0,0,0,0,0,0,0,0,0,0,0,0,0,0,0,0,0,0,0,0,0,0,0,0,0,0
"XH23-12347 1",0,0,"6/13/2023",0,0," ",0,0,0," ",0,0,0," ",0,0,0,0,0,0,0,0,0,0,0,0,0,0,0,0,0,0,0,0,0,0,0,0,0,0,0,0," ",0,0,0,0," ",0,0,0,0,0,0,0,0,0," ",0,0," ",0,0,0," ",0,0,0,0,0,1,61,1,0,155,70,29.1363163371488,0,1,"Anoxia",5,0.7,98.33483511,0,1.41,85,0,0,0,0,1,2,3,3,0,0,14.58939577,0,0,0,0,14.58939577,0.509804385,0,22,0,0,1.65632e-07,271534.0455,248661.8454,216.5571202,150.4425745,0,0,0,0,0,1.2174e-05,56291.01701,57709.74171,84.49087856,29.20648409,33642.2056,39852.50309,63.97062643,21.43418017,2.63506e-07,0.613651832,0.044974763,0.685284686,0.04455184,0.27949156,0.004755633,0.065629313,0.189301863,9.67021e-06,0.72050844,1617,35,386036.4,91573.93333,0.230135553,111121.25,0.261712194,5.871165851,25.66620445,0.413770909,5.871165851,25.66620445,0.413770909,0.492687509,62068.07143,0.492687509,62068.07143,0.656442028,305698,0.656442028,305698,0.465395089,21463.08333,0.465395089,21463.08333,0.656442028,305698,0.656442028,305698,0,0,0,0,0,0,0,0,0,0,0,0,0,0,0,0,0,0,0,0,0,0,0,0,0,0,0,0,0,0,0,0,0,0,0,0,0,0,0,0,0,0,0,0,0,0,0,0,0,0,0,0,0,0,0,0,0,0,0,0,0,0,0,0,0,0,0,0,0,0,0,0,0,0,0,0,0,0,0,0,0,0,0,0,0,0,0,0,0,0,0,0,0,0,0,0,0,0,0,0
"XH23-12347 2",0,0,"6/13/2023",0,0," ",0,0,0," ",0,0,0," ",0,0,0,0,0,0,0,0,0,0,0,0,0,0,0,0,0,0,0,0,0,0,0,0,0,0,0,0," ",0,0,0,0," ",0,0,0,0,0,0,0,0,0," ",0,0," ",0,0,0," ",0,0,0,0,0,1,61,1,0,155,70,29.1363163371488,0,1,"Anoxia",5,0.7,98.33483511,0,1.41,85,0,0,0,1,1,2,4,4,0,0,20.9259,1,1,0,0,20.9259,0.017477459,6.45161290322581,58,4,0.064516129,1.82242e-07,396750.2241,161442.1452,302.520465,90.13126053,1.25684e-08,164424.375,21949.88983,199.3679965,17.30323633,1.19054e-05,39051.21536,36520.54121,75.30823664,24.56938035,52651.48364,59237.10459,76.04290691,23.32309933,3.17353e-07,0.544539733,0.072304658,0.464922177,0.031058356,0.808015479,0,0.155519917,0.18595636,1.22365e-05,0.191984521,3789,101,424498.8704,121340.6111,0.28292203,125489.6346,0.283432532,6.37730642,22.46840561,0.391384206,6.37730642,22.46840561,0.391384206,0.560779711,62696.67742,0.560779711,62696.67742,0.714162867,266099,0.714162867,266099,0.506859087,16080.83333,0.506859087,16080.83333,0.635439036,127241.6923,0.635439036,127241.6923,0,0,0,0,0,0,0,0,0,0,0,0,0,0,0,0,0,0,0,0,0,0,0,0,0,0,0,0,0,0,0,0,0,0,0,0,0,0,0,0,0,0,0,0,0,0,0,0,0,0,0,0,0,0,0,0,0,0,0,0,0,0,0,0,0,0,0,0,0,0,0,0,0,0,0,0,0,0,0,0,0,0,0,0,0,0,0,0,0,0,0,0,0,0,0,0,0,0,0,0
"XH23-12632 1",0,0,"6/16/2023",0,0," ",0,0,0," ",0,0,0," ",0,0,0,0,0,0,0,0,0,0,0,0,0,0,0,0,0,0,0,0,0,0,0,0,0,0,0,0," ",0,0,0,0," ",0,0,0,0,0,0,0,0,0," ",0,0," ",0,0,0," ",0,0,0,0,0,1,61,1,0,147,68,31.4683696607895,0,0,"Stroke (unspecified)",1,1.3,46.78353336,0,1.41,85,0,0,0,2,3,2,7,6,0,0,60.2699,1,1,1,1,60.2699,2.08951954,22.2222222222222,64,19,0.228915663,1.46867e-07,455436.5156,233574.7835,321.2149089,104.6320837,4.36011e-08,113471.5526,53899.45731,158.4731357,56.83958958,1.3335e-05,38883.38358,39970.94012,79.26720195,30.87209959,26489.75,23060.79672,74.02125253,39.60245162,2.7308e-07,0.410871427,0.066888469,0.518511456,0.034673286,0.152764412,0,0.129000947,0.147765436,1.35132e-05,0.847235588,5811,119,462056.6694,114941.4355,0.262419429,130785.7736,0.265509819,6.057196543,26.0637269,0.273751482,6.057196543,26.0637269,0.273751482,0.406337061,226413.9286,0.406337061,226413.9286,0.587280787,1482578,0.587280787,1482578,0.353115512,17415.27273,0.353115512,17415.27273,0.464880765,456312.45,0.464880765,456312.45,0,0,0,0,0,0,0,0,0,0,0,0,0,0,0,0,0,0,0,0,0,0,0,0,0,0,0,0,0,0,0,0,0,0,0,0,0,0,0,0,0,0,0,0,0,0,0,0,0,0,0,0,0,0,0,0,0,0,0,0,0,0,0,0,0,0,0,0,0,0,0,0,0,0,0,0,0,0,0,0,0,0,0,0,0,0,0,0,0,0,0,0,0,0,0,0,0,0,0,0
"XH23-12632 2",0,0,"6/16/2023",0,0," ",0,0,0," ",0,0,0," ",0,0,0,0,0,0,0,0,0,0,0,0,0,0,0,0,0,0,0,0,0,0,0,0,0,0,0,0," ",0,0,0,0," ",0,0,0,0,0,0,0,0,0," ",0,0," ",0,0,0," ",0,0,0,0,0,1,61,1,0,147,68,31.4683696607895,0,0,"Stroke (unspecified)",1,1.3,46.78353336,0,1.41,85,0,0,0,2,2,2,6,6,0,0,87.3794,1,1,1,1,87.3794,4.366567885,27.5862068965517,88,32,0.266666667,1.40554e-07,499388.3409,251449.3502,330.8566562,123.2779024,5.11106e-08,147994.0625,61142.07968,191.8109185,47.16437004,9.19192e-06,45103.89096,49309.56604,80.95785873,36.66137697,18477.975,11058.0063,57.57674573,17.45475152,2.37984e-07,0.33830919,0.070191111,0.414591488,0.021572089,0.192822975,0.001436939,0.169301862,0.306212562,9.3868e-06,0.807177025,5755,149,535860.6159,166013.7805,0.325700893,177023.1842,0.328598493,6.851483625,28.42518912,0.265134185,6.851483625,28.42518912,0.265134185,0.379596349,101116.1897,0.379596349,101116.1897,0.225720112,542253,0.225720112,542253,0.348352446,18254.54167,0.348352446,18254.54167,0.40165087,159606.7647,0.40165087,159606.7647,0,0,0,0,0,0,0,0,0,0,0,0,0,0,0,0,0,0,0,0,0,0,0,0,0,0,0,0,0,0,0,0,0,0,0,0,0,0,0,0,0,0,0,0,0,0,0,0,0,0,0,0,0,0,0,0,0,0,0,0,0,0,0,0,0,0,0,0,0,0,0,0,0,0,0,0,0,0,0,0,0,0,0,0,0,0,0,0,0,0,0,0,0,0,0,0,0,0,0,0
"XH23-16567 1",0,0,"8/18/2023",0,0," ",0,0,0," ",0,0,0," ",0,0,0,0,0,0,0,0,0,0,0,0,0,0,0,0,0,0,0,0,0,0,0,0,0,0,0,0," ",0,0,0,0," ",0,0,0,0,0,0,0,0,0," ",0,0," ",0,0,0," ",0,0,0,0,0,1,70,1,0,165,70,25.7116620752984,1,1,"Stroke (unspecified)",1,0.7,92.98188056,0,1.85,98,1,0,0,0,3,0,3,3,0,0,60.365,1,1,1,1,60.365,0.06359926,0,7,0,0,8.1991e-08,272579.2857,108108.1704,255.5049008,51.96663702,0,0,0,0,0,7.01609e-06,44407.68447,42919.17187,79.93325896,28.42856475,24204.85166,23928.88179,60.67355644,17.46007264,5.73937e-07,0.340670408,0.022349052,0.311568231,0.11365202,0.363419797,0.00852496,0.071730844,-0.346700455,9.87078e-06,0.636580203,599,49,272579.2857,133322.5714,0.479604352,133322.5714,0.479604352,8.462024239,43.42140223,0.165689885,8.462024239,43.42140223,0.165689885,0.406634002,128707.8636,0.406634002,128707.8636,0.413086721,1123581,0.413086721,1123581,0.369167575,18079.8125,0.369167575,18079.8125,0.506544474,423716,0.506544474,423716,0,0,0,0,0,0,0,0,0,0,0,0,0,0,0,0,0,0,0,0,0,0,0,0,0,0,0,0,0,0,0,0,0,0,0,0,0,0,0,0,0,0,0,0,0,0,0,0,0,0,0,0,0,0,0,0,0,0,0,0,0,0,0,0,0,0,0,0,0,0,0,0,0,0,0,0,0,0,0,0,0,0,0,0,0,0,0,0,0,0,0,0,0,0,0,0,0,0,0,0
"XH23-18901 1",0,0,"9/22/2023",0,0," ",0,0,0," ",0,0,0," ",0,0,0,0,0,0,0,0,0,0,0,0,0,0,0,0,0,0,0,0,0,0,0,0,0,0,0,0," ",0,0,0,0," ",0,0,0,0,0,0,0,0,0," ",0,0," ",0,0,0," ",0,0,0,0,0,1,72,1,0,158,64,25.6369171607114,0,1,"Stroke (unspecified)",1,0.7,91.83247947,0,1.85,98,1,0,0,1,2,2,5,4,0,0,32.1325,1,1,1,1,32.1325,7.904796692,8.33333333333333,22,2,0.083333333,2.80644e-07,393604.6591,159006.0975,295.6680477,80.50294252,2.55131e-08,150643.25,14907.75,200.7967302,8.583307102,1.7604e-05,42184.50145,43494.53093,76.94961241,31.99298912,17641.0483,22046.7507,56.71345772,21.10000146,8.16418e-07,0.594682207,0.110462677,0.74261661,0.049000611,0.238997855,0.026433113,0.148747921,-0.219680469,1.43606e-05,0.761002145,1380,64,412168.5714,116899.0476,0.299802444,116899.0476,0.299802444,6.399449867,31.12420321,0.288048341,6.399449867,31.12420321,0.288048341,0.394510236,90130.04167,0.394510236,90130.04167,0.608651669,463913.5,0.608651669,463913.5,0.32829503,17871.5625,0.32829503,17871.5625,0.526940648,234647,0.526940648,234647,0,0,0,0,0,0,0,0,0,0,0,0,0,0,0,0,0,0,0,0,0,0,0,0,0,0,0,0,0,0,0,0,0,0,0,0,0,0,0,0,0,0,0,0,0,0,0,0,0,0,0,0,0,0,0,0,0,0,0,0,0,0,0,0,0,0,0,0,0,0,0,0,0,0,0,0,0,0,0,0,0,0,0,0,0,0,0,0,0,0,0,0,0,0,0,0,0,0,0,0
"XH23-18901 2",0,0,"9/22/2023",0,0," ",0,0,0," ",0,0,0," ",0,0,0,0,0,0,0,0,0,0,0,0,0,0,0,0,0,0,0,0,0,0,0,0,0,0,0,0," ",0,0,0,0," ",0,0,0,0,0,0,0,0,0," ",0,0," ",0,0,0," ",0,0,0,0,0,1,72,1,0,158,64,25.6369171607114,0,1,"Stroke (unspecified)",1,0.7,91.83247947,0,1.85,98,1,0,0,1,3,2,6,4,0,0,67.96611582,1,1,1,1,67.96611582,0.666485861,4.34782608695652,43,4,0.085106383,1.55193e-07,434719.1512,193538.5356,326.164067,84.25239749,1.44365e-08,69893.125,69361.9567,105.0440097,91.80961841,1.12749e-05,46280.62276,44201.28303,82.63123805,30.30086663,28074.6815,31112.53937,62.3172128,18.88858415,4.54751e-07,0.415729532,0.06746532,0.521811412,0.052852731,0.527476938,0.009487906,0.129290617,-0.280821191,1.38806e-05,0.472523062,3124,126,434719.1512,103303,0.235305982,103303,0.235305982,6.396907539,29.75909848,0.302529256,6.396907539,29.75909848,0.302529256,0.326146249,76761.2381,0.326146249,76761.2381,0.500876686,1024190.5,0.500876686,1024190.5,0.28501519,17067.1875,0.28501519,17067.1875,0.457765638,267782.2,0.457765638,267782.2,0,0,0,0,0,0,0,0,0,0,0,0,0,0,0,0,0,0,0,0,0,0,0,0,0,0,0,0,0,0,0,0,0,0,0,0,0,0,0,0,0,0,0,0,0,0,0,0,0,0,0,0,0,0,0,0,0,0,0,0,0,0,0,0,0,0,0,0,0,0,0,0,0,0,0,0,0,0,0,0,0,0,0,0,0,0,0,0,0,0,0,0,0,0,0,0,0,0,0,0
"XH23-19921 1",0,0,"10/5/2023",0,0," ",0,0,0," ",0,0,0," ",0,0,0,0,0,0,0,0,0,0,0,0,0,0,0,0,0,0,0,0,0,0,0,0,0,0,0,0," ",0,0,0,0," ",0,0,0,0,0,0,0,0,0," ",0,0," ",0,0,0," ",0,0,0,0,0,1,73,0,0,160,74,28.90625,1,1,"Stroke (unspecified)",1,0.81,93.09654258,0,1.99,99,1,0,0,1,1,2,4,5,0,0,25.032117,1,1,1,1,25.032117,0.656826638,11.7647058823529,30,4,0.117647059,1.56917e-07,367932.6,159984.0562,291.7202679,85.24329071,2.09223e-08,82464.375,50498.69092,124.0216005,59.18946373,9.69748e-06,47872.9617,46637.24503,82.36937602,27.64442363,19551.25912,23920.57719,52.9898097,17.19473777,5.70132e-07,0.461777198,0.057734917,0.464246936,0.044764345,0.238486741,0.037134828,0.124362515,-0.278806969,1.15864e-05,0.761513259,1854,109,380609.2931,145605.8966,0.371445889,145605.8966,0.371445889,7.228346728,24.76551668,0.31708674,7.228346728,24.76551668,0.31708674,0.40656413,38793.1,0.40656413,38793.1,0.637450543,189312,0.637450543,189312,0.370470964,17884.22727,0.370470964,17884.22727,0.505820335,96292.5,0.505820335,96292.5,0,0,0,0,0,0,0,0,0,0,0,0,0,0,0,0,0,0,0,0,0,0,0,0,0,0,0,0,0,0,0,0,0,0,0,0,0,0,0,0,0,0,0,0,0,0,0,0,0,0,0,0,0,0,0,0,0,0,0,0,0,0,0,0,0,0,0,0,0,0,0,0,0,0,0,0,0,0,0,0,0,0,0,0,0,0,0,0,0,0,0,0,0,0,0,0,0,0,0,0
"XH23-19921 2",0,0,"10/5/2023",0,0," ",0,0,0," ",0,0,0," ",0,0,0,0,0,0,0,0,0,0,0,0,0,0,0,0,0,0,0,0,0,0,0,0,0,0,0,0," ",0,0,0,0," ",0,0,0,0,0,0,0,0,0," ",0,0," ",0,0,0," ",0,0,0,0,0,1,73,0,0,160,74,28.90625,1,1,"Stroke (unspecified)",1,0.81,93.09654258,0,1.99,99,1,0,0,1,1,2,4,4,0,0,4.234388793,0,0,0,0,0,0.431090532,6.25,32,2,0.058823529,8.09065e-08,346775.5,189076.0912,275.4480524,111.8098069,5.05666e-09,130545.5,30072.5,172.3716196,35.31323785,9.23093e-06,47030.08231,47073.11308,82.87749524,30.08061469,29701.76649,30687.40284,64.11864768,20.13500529,5.99214e-07,0.433699974,0.028056402,0.434131361,0.080422922,0.430726369,0.041182858,0.064626526,-0.084090367,1.12716e-05,0.569273631,3651,237,382634.1207,123005.931,0.304252429,131127,0.314572982,6.74221274,30.78891712,0.22988476,6.74221274,30.78891712,0.22988476,0.440443624,44068.60526,0.440443624,44068.60526,0.66929523,194501,0.66929523,194501,0.407219109,20434.20833,0.407219109,20434.20833,0.497399936,84584.71429,0.497399936,84584.71429,0,0,0,0,0,0,0,0,0,0,0,0,0,0,0,0,0,0,0,0,0,0,0,0,0,0,0,0,0,0,0,0,0,0,0,0,0,0,0,0,0,0,0,0,0,0,0,0,0,0,0,0,0,0,0,0,0,0,0,0,0,0,0,0,0,0,0,0,0,0,0,0,0,0,0,0,0,0,0,0,0,0,0,0,0,0,0,0,0,0,0,0,0,0,0,0,0,0,0,0
"XH23-24126 1",0,0,"12/4/2023",0,0," ",0,0,0," ",0,0,0," ",0,0,0,0,0,0,0,0,0,0,0,0,0,0,0,0,0,0,0,0,0,0,0,0,0,0,0,0," ",0,0,0,0," ",0,0,0,0,0,0,0,0,0," ",0,0," ",0,0,0," ",0,0,0,0,0,1,65,1,0,155,93,38.7096774193548,0,0,"Stroke (unspecified)",1,2.9,17.42382153,0,1.37,83,0,0,0,1,2,2,5,4,0,0,83.32773607,1,1,1,1,0,0.037309453,11.1111111111111,19,1,0.05,1.04634e-07,440136.4211,290545.6038,290.9619261,101.2690512,5.50705e-09,31035,0,70.80254233,0,8.61853e-06,79918.12748,160245.7458,91.78489075,47.13179431,27058.50339,32005.9064,63.81585455,32.67786066,2.91873e-07,0.552679182,0.046053179,0.688776538,0.032767978,0.264366707,0.017886615,0.066862293,-0.70156986,9.07556e-06,0.735633293,1565,53,463345.8056,99080.11111,0.210054113,113789.0667,0.230666898,6.615542804,21.21966223,0.305204185,6.615542804,21.21966223,0.305204185,0.495057983,104013.5,0.495057983,104013.5,0.27004885,498092.5,0.27004885,498092.5,0.46445765,23192.5,0.46445765,23192.5,0.501858057,121973.7222,0.501858057,121973.7222,0,0,0,0,0,0,0,0,0,0,0,0,0,0,0,0,0,0,0,0,0,0,0,0,0,0,0,0,0,0,0,0,0,0,0,0,0,0,0,0,0,0,0,0,0,0,0,0,0,0,0,0,0,0,0,0,0,0,0,0,0,0,0,0,0,0,0,0,0,0,0,0,0,0,0,0,0,0,0,0,0,0,0,0,0,0,0,0,0,0,0,0,0,0,0,0,0,0,0,0
"XH23-24126 2",0,0,"12/4/2023",0,0," ",0,0,0," ",0,0,0," ",0,0,0,0,0,0,0,0,0,0,0,0,0,0,0,0,0,0,0,0,0,0,0,0,0,0,0,0," ",0,0,0,0," ",0,0,0,0,0,0,0,0,0," ",0,0," ",0,0,0," ",0,0,0,0,0,1,65,1,0,155,93,38.7096774193548,0,0,"Stroke (unspecified)",1,2.9,17.42382153,0,1.37,83,0,0,0,2,1,2,5,7,0,0,23.028,1,1,0,0,23.028,6.987012643,21.7391304347826,36,10,0.217391304,1.47507e-07,486974.1944,266873.0324,332.8313945,118.6340618,4.09741e-08,143747.2,43302.6151,187.5361636,31.73148842,1.03378e-05,48607.96651,63941.1605,80.14919851,42.38727506,21812.99871,28353.424,58.30044753,29.06792762,5.16274e-07,0.514415014,0.071832005,0.502497889,0.061445742,0.349190469,0.030130499,0.142949864,-0.319981865,1.14347e-05,0.650809531,2523,126,510515.2059,128314.2353,0.265944488,135340.6563,0.267635996,6.433991032,26.88989991,0.262247664,6.433991032,26.88989991,0.262247664,0.44242296,66239.23913,0.44242296,66239.23913,0.586062208,487442.5,0.586062208,487442.5,0.392693299,17310.85,0.392693299,17310.85,0.480676545,103876.4615,0.480676545,103876.4615,0,0,0,0,0,0,0,0,0,0,0,0,0,0,0,0,0,0,0,0,0,0,0,0,0,0,0,0,0,0,0,0,0,0,0,0,0,0,0,0,0,0,0,0,0,0,0,0,0,0,0,0,0,0,0,0,0,0,0,0,0,0,0,0,0,0,0,0,0,0,0,0,0,0,0,0,0,0,0,0,0,0,0,0,0,0,0,0,0,0,0,0,0,0,0,0,0,0,0,0
"XH23-24396 1",0,0,"12/6/2023",0,0," ",0,0,0," ",0,0,0," ",0,0,0,0,0,0,0,0,0,0,0,0,0,0,0,0,0,0,0,0,0,0,0,0,0,0,0,0," ",0,0,0,0," ",0,0,0,0,0,0,0,0,0," ",0,0," ",0,0,0," ",0,0,0,0,0,1,66,1,0,157,97,39.3525092295833,1,0,"Stroke (unspecified)",1,0.63,97.77546975,0,1.29,78,0,0,0,0,2,2,4,5,0,0,43.54204037,1,1,1,1,43.54204037,1.751624386,0,13,0,0,7.67352e-08,491810.3462,242790.0581,332.4253149,117.6475603,0,0,0,0,0,9.85162e-06,36670.82834,39167.93733,66.72455768,24.26245732,22639.47619,21302.56912,55.96525647,16.60512585,2.24303e-07,0.418783874,0.037739186,0.361267237,0.042577491,0.377113578,0.006780135,0.104463352,0.12917568,1.05633e-05,0.622886422,1669,38,530528.625,229018.3333,0.419007721,237534.8182,0.412183021,7.18480663,35.86368334,0.140591226,7.18480663,35.86368334,0.140591226,0.416911891,40282.66667,0.416911891,40282.66667,0.525225731,48856,0.525225731,48856,0.339395525,23580.5,0.339395525,23580.5,0.455670075,48633.75,0.455670075,48633.75,0,0,0,0,0,0,0,0,0,0,0,0,0,0,0,0,0,0,0,0,0,0,0,0,0,0,0,0,0,0,0,0,0,0,0,0,0,0,0,0,0,0,0,0,0,0,0,0,0,0,0,0,0,0,0,0,0,0,0,0,0,0,0,0,0,0,0,0,0,0,0,0,0,0,0,0,0,0,0,0,0,0,0,0,0,0,0,0,0,0,0,0,0,0,0,0,0,0,0,0
"XH23-24396 2",0,0,"12/6/2023",0,0," ",0,0,0," ",0,0,0," ",0,0,0,0,0,0,0,0,0,0,0,0,0,0,0,0,0,0,0,0,0,0,0,0,0,0,0,0," ",0,0,0,0," ",0,0,0,0,0,0,0,0,0," ",0,0," ",0,0,0," ",0,0,0,0,0,1,66,1,0,157,97,39.3525092295833,1,0,"Stroke (unspecified)",1,0.63,97.77546975,0,1.29,78,0,0,0,1,2,2,5,4,0,0,45.7686,1,1,1,1,45.7686,0.822620691,4.16666666666667,48,2,0.04,1.23821e-07,453254.2396,210016.0239,323.4776311,92.91300407,5.15919e-09,121898.25,116.75,166.5982465,15.34680019,9.75861e-06,47653.37576,48048.05212,80.7619248,28.82967939,32462.77564,38891.67046,60.71927991,17.61234477,2.08947e-07,0.313765515,0.056122223,0.465030851,0.017881879,0.484119173,0.044393346,0.120684946,0.105891374,1.01449e-05,0.515880827,3783,81,462860.5319,242325.8723,0.523919327,246303.6522,0.520791418,7.755203018,43.40812967,0.128587828,7.755203018,43.40812967,0.128587828,0.305127661,90323.36667,0.305127661,90323.36667,0.574607213,403132,0.574607213,403132,0.264105589,21528.95,0.264105589,21528.95,0.387171804,227912.2,0.387171804,227912.2,0,0,0,0,0,0,0,0,0,0,0,0,0,0,0,0,0,0,0,0,0,0,0,0,0,0,0,0,0,0,0,0,0,0,0,0,0,0,0,0,0,0,0,0,0,0,0,0,0,0,0,0,0,0,0,0,0,0,0,0,0,0,0,0,0,0,0,0,0,0,0,0,0,0,0,0,0,0,0,0,0,0,0,0,0,0,0,0,0,0,0,0,0,0,0,0,0,0,0,0
"XH24-11187 1",0,0,"5/27/2024",0,0," ",0,0,0," ",0,0,0," ",0,0,0,0,0,0,0,0,0,0,0,0,0,0,0,0,0,0,0,0,0,0,0,0,0,0,0,0," ",0,0,0,0," ",0,0,0,0,0,0,0,0,0," ",0,0," ",0,0,0," ",0,0,0,0,0,1,75,0,0,165,68,24.9770431588613,1,1,"Stroke (unspecified)",1,0.93,85.62966563,0,2.13,100,1,0,0,2,1,2,5,4,0,0,23.63302403,1,1,0,0,23.63302403,4.299999028,27.2727272727273,24,5,0.172413793,1.03872e-07,408128.4167,449154.5927,253.237504,186.4336788,2.16399e-08,165998.3,86614.51208,191.3964813,53.41523152,9.23592e-06,50438.92549,61099.16519,81.16075292,31.57768336,32512.76362,30185.07515,65.73561842,18.41221136,3.41911e-07,0.391896128,0.042392985,0.465850066,0.022167039,0.368095889,0.014522466,0.09100135,-0.304139735,9.97538e-06,0.631904111,2134,79,575656.6765,208648.5882,0.44464735,240439.1538,0.512603777,8.805906147,45.42582017,0.172704817,8.805906147,45.42582017,0.172704817,0.418484356,70297.35714,0.418484356,70297.35714,0.671573794,350787,0.671573794,350787,0.366980446,16260.86364,0.40367849,16260.86364,0.475138656,129737.5,0.475138656,129737.5,0,0,0,0,0,0,0,0,0,0,0,0,0,0,0,0,0,0,0,0,0,0,0,0,0,0,0,0,0,0,0,0,0,0,0,0,0,0,0,0,0,0,0,0,0,0,0,0,0,0,0,0,0,0,0,0,0,0,0,0,0,0,0,0,0,0,0,0,0,0,0,0,0,0,0,0,0,0,0,0,0,0,0,0,0,0,0,0,0,0,0,0,0,0,0,0,0,0,0,0
"XH24-11187 2",0,0,"5/27/2024",0,0," ",0,0,0," ",0,0,0," ",0,0,0,0,0,0,0,0,0,0,0,0,0,0,0,0,0,0,0,0,0,0,0,0,0,0,0,0," ",0,0,0,0," ",0,0,0,0,0,0,0,0,0," ",0,0," ",0,0,0," ",0,0,0,0,0,1,75,0,0,165,68,24.9770431588613,1,1,"Stroke (unspecified)",1,0.93,85.62966563,0,2.13,100,1,0,0,2,2,2,6,4,0,0,40.32,1,1,1,1,40.32,2.672782354,26.6666666666667,50,15,0.230769231,1.17576e-07,389199.6,219382.1627,290.5217246,100.2262818,3.52727e-08,107278.5333,69197.5554,146.044017,62.27957205,9.81758e-06,51647.01269,51961.48896,87.70166806,36.00022531,0,0,0,0,3.4097e-07,0.397159828,0.045760438,0.507048465,0.027206841,0,0,0.090248648,-0.090320983,9.97042e-06,0,4175,145,405392.3958,155197.2708,0.38810886,167101.3636,0.40812494,7.514429069,43.69535998,0.176218576,7.514429069,43.69535998,0.176218576,0.491552598,109847.8333,0.491552598,109847.8333,0.672735564,329933.5,0.672735564,329933.5,0.395333828,18743,0.395333828,18743,0.539661983,155400.25,0.539661983,155400.25,0,0,0,0,0,0,0,0,0,0,0,0,0,0,0,0,0,0,0,0,0,0,0,0,0,0,0,0,0,0,0,0,0,0,0,0,0,0,0,0,0,0,0,0,0,0,0,0,0,0,0,0,0,0,0,0,0,0,0,0,0,0,0,0,0,0,0,0,0,0,0,0,0,0,0,0,0,0,0,0,0,0,0,0,0,0,0,0,0,0,0,0,0,0,0,0,0,0,0,0
"XH24-15014 1",0,0,"7/13/2024",0,0," ",0,0,0," ",0,0,0," ",0,0,0,0,0,0,0,0,0,0,0,0,0,0,0,0,0,0,0,0,0,0,0,0,0,0,0,0," ",0,0,0,0," ",0,0,0,0,0,0,0,0,0," ",0,0," ",0,0,0," ",0,0,0,0,0,1,63,0,0,160,70,27.34375,1,1,"Stroke (unspecified)",1,0.7,103.5348351,0,1.7,95,1,0,0,1,2,2,5,4,0,0,36.9651,1,1,1,1,36.9651,1.299007338,8.57142857142857,66,5,0.070422535,1.38245e-07,383290.4924,208880.8225,293.2038658,111.9540992,1.04731e-08,113786.2,75601.30023,138.7153483,69.27519134,1.38413e-05,39892.27656,37142.9304,78.4906846,27.8191685,21326.21779,18469.12368,55.11026036,14.38866937,1.44529e-07,0.407368803,0.05298813,0.552160671,0.023505155,0.37759515,0.006777085,0.095965057,-0.054455345,1.48918e-05,0.62240485,6608,69,413223.7213,175681.7377,0.43817774,188212.6964,0.432506089,7.924944861,36.94130987,0.170490613,7.924944861,36.94130987,0.170490613,0.410870382,149728.8333,0.410870382,149728.8333,0.631242055,933674.5,0.631242055,933674.5,0.345185065,13955.08333,0.345185065,13955.08333,0.542241017,421276.3333,0.542241017,421276.3333,0,0,0,0,0,0,0,0,0,0,0,0,0,0,0,0,0,0,0,0,0,0,0,0,0,0,0,0,0,0,0,0,0,0,0,0,0,0,0,0,0,0,0,0,0,0,0,0,0,0,0,0,0,0,0,0,0,0,0,0,0,0,0,0,0,0,0,0,0,0,0,0,0,0,0,0,0,0,0,0,0,0,0,0,0,0,0,0,0,0,0,0,0,0,0,0,0,0,0,0
"XH24-15014 2",0,0,"7/13/2024",0,0," ",0,0,0," ",0,0,0," ",0,0,0,0,0,0,0,0,0,0,0,0,0,0,0,0,0,0,0,0,0,0,0,0,0,0,0,0," ",0,0,0,0," ",0,0,0,0,0,0,0,0,0," ",0,0," ",0,0,0," ",0,0,0,0,0,1,63,0,0,160,70,27.34375,1,1,"Stroke (unspecified)",1,0.7,103.5348351,0,1.7,95,1,0,0,1,2,2,5,4,0,0,46.51,1,1,1,1,46.51,1.114857138,5,75,4,0.050632911,1.51141e-07,508580.3067,222106.8625,342.9258313,91.21100575,8.06085e-09,144035,70757.51379,163.388093,55.63120594,9.45941e-06,57278.70196,53392.84473,91.33129353,33.34653973,15599.5874,15949.58668,54.09174826,17.34873455,2.13613e-07,0.44710931,0.076867313,0.541822644,0.023905238,0.247910447,0.016006626,0.141868034,-0.409169554,1.14125e-05,0.752089553,4694,106,514547.4662,231580.1216,0.451510057,234407.4932,0.446501159,7.82559534,42.85329834,0.169008299,7.82559534,42.85329834,0.169008299,0.396381042,183102.5227,0.396381042,183102.5227,0.675484532,1838172,0.675484532,1838172,0.346384222,20833.95455,0.346384222,20833.95455,0.446377862,345371.0909,0.446377862,345371.0909,0,0,0,0,0,0,0,0,0,0,0,0,0,0,0,0,0,0,0,0,0,0,0,0,0,0,0,0,0,0,0,0,0,0,0,0,0,0,0,0,0,0,0,0,0,0,0,0,0,0,0,0,0,0,0,0,0,0,0,0,0,0,0,0,0,0,0,0,0,0,0,0,0,0,0,0,0,0,0,0,0,0,0,0,0,0,0,0,0,0,0,0,0,0,0,0,0,0,0,0
"XH24-16739 1",0,0,"8/7/2024",0,0," ",0,0,0," ",0,0,0," ",0,0,0,0,0,0,0,0,0,0,0,0,0,0,0,0,0,0,0,0,0,0,0,0,0,0,0,0," ",0,0,0,0," ",0,0,0,0,0,0,0,0,0," ",0,0," ",0,0,0," ",0,0,0,0,0,1,78,1,0,160,60,23.4375,0,0,"Stroke (unspecified)",1,0.3,108.5107262,0,1.47,88,1,0,0,1,2,2,5,5,0,0,39.55622037,1,1,1,1,39.55622037,1.339789004,4,48,2,0.04,1.77133e-07,355257.25,204909.5325,281.641035,89.33279472,7.38054e-09,63865,10229,133.5702908,9.485642295,1.00043e-05,50026.71265,53139.23517,87.30316467,27.14024818,0,0,0,0,2.98912e-07,0.310455046,0.062927761,0.500483285,0.048116027,0,0,0.125733992,-0.491143025,1.01888e-05,0,2711,81,375852.5222,197981.7111,0.554973304,202228.0909,0.563400131,8.980389019,43.60570989,0.157760492,8.980389019,43.60570989,0.157760492,0.334992105,45589.85714,0.334992105,45589.85714,0.540762828,214968,0.540762828,214968,0.302190345,16014.65,0.33576705,16014.65,0.416996505,119527.875,0.416996505,119527.875,0,0,0,0,0,0,0,0,0,0,0,0,0,0,0,0,0,0,0,0,0,0,0,0,0,0,0,0,0,0,0,0,0,0,0,0,0,0,0,0,0,0,0,0,0,0,0,0,0,0,0,0,0,0,0,0,0,0,0,0,0,0,0,0,0,0,0,0,0,0,0,0,0,0,0,0,0,0,0,0,0,0,0,0,0,0,0,0,0,0,0,0,0,0,0,0,0,0,0,0
"XH24-17428 1",0,0,"8/20/2024",0,0," ",0,0,0," ",0,0,0," ",0,0,0,0,0,0,0,0,0,0,0,0,0,0,0,0,0,0,0,0,0,0,0,0,0,0,0,0," ",0,0,0,0," ",0,0,0,0,0,0,0,0,0," ",0,0," ",0,0,0," ",0,0,0,0,0,1,70,0,0,170,72,24.9134948096886,1,0,"Stroke (unspecified)",1,1.26,61.35700752,0,1.54,91,1,0,0,1,2,2,5,5,0,0,46.3712,1,1,1,1,46.3712,2.452916735,18.1818181818182,80,18,0.183673469,1.19255e-07,448357.1,306430.4269,300.5472422,147.1294674,2.68325e-08,221172.6389,152229.2964,210.7920865,90.1987105,9.32876e-06,53854.63391,55681.91542,89.31251995,36.36440975,20031.3,20212.32541,52.64108459,23.42255778,2.02734e-07,0.453438503,0.053469028,0.502396829,0.026374402,0.126150069,0,0.106427878,0.084089334,9.46734e-06,0.873849931,6258,136,490780.5616,184412.3014,0.383375113,196154.6324,0.364960325,7.946365751,30.16468233,0.29357448,7.946365751,30.16468233,0.29357448,0.507323241,139262.7885,0.507323241,139262.7885,0.416220179,959826,0.416220179,959826,0.424036011,20384.17857,0.424036011,20384.17857,0.604491675,277954.5,0.604491675,277954.5,0,0,0,0,0,0,0,0,0,0,0,0,0,0,0,0,0,0,0,0,0,0,0,0,0,0,0,0,0,0,0,0,0,0,0,0,0,0,0,0,0,0,0,0,0,0,0,0,0,0,0,0,0,0,0,0,0,0,0,0,0,0,0,0,0,0,0,0,0,0,0,0,0,0,0,0,0,0,0,0,0,0,0,0,0,0,0,0,0,0,0,0,0,0,0,0,0,0,0,0
"XH24-17428 2",0,0,"8/20/2024",0,0," ",0,0,0," ",0,0,0," ",0,0,0,0,0,0,0,0,0,0,0,0,0,0,0,0,0,0,0,0,0,0,0,0,0,0,0,0," ",0,0,0,0," ",0,0,0,0,0,0,0,0,0," ",0,0," ",0,0,0," ",0,0,0,0,0,1,70,0,0,170,72,24.9134948096886,1,0,"Stroke (unspecified)",1,1.26,61.35700752,0,1.54,91,1,0,0,1,3,2,6,4,0,0,89.48795835,1,1,1,1,0,1.973669824,12.8205128205128,73,11,0.130952381,1.0515e-07,567952.2534,319313.386,352.1262314,140.2750992,1.58445e-08,157710.0909,109278.7164,182.7419283,78.9080386,1.02312e-05,49019.17563,50773.59745,88.43693176,35.25096433,65443.5,0,99.32774033,0,2.67916e-07,0.477061427,0.059720024,0.501525598,0.017852946,0.373590334,0,0.119076722,0.169612543,1.0351e-05,0.626409666,7103,186,618042.6866,226026.2388,0.357933418,229262.3788,0.362228949,7.588431406,29.82226837,0.308498024,7.588431406,29.82226837,0.308498024,0.511088444,103465.1333,0.511088444,103465.1333,0.412320775,1164719,0.412320775,1164719,0.459567989,19188.64706,0.459567989,19188.64706,0.578461348,213672.8462,0.578461348,213672.8462,0,0,0,0,0,0,0,0,0,0,0,0,0,0,0,0,0,0,0,0,0,0,0,0,0,0,0,0,0,0,0,0,0,0,0,0,0,0,0,0,0,0,0,0,0,0,0,0,0,0,0,0,0,0,0,0,0,0,0,0,0,0,0,0,0,0,0,0,0,0,0,0,0,0,0,0,0,0,0,0,0,0,0,0,0,0,0,0,0,0,0,0,0,0,0,0,0,0,0,0
"XH24-18297 2",0,0,"8/30/2024",0,0," ",0,0,0," ",0,0,0," ",0,0,0,0,0,0,0,0,0,0,0,0,0,0,0,0,0,0,0,0,0,0,0,0,0,0,0,0," ",0,0,0,0," ",0,0,0,0,0,0,0,0,0," ",0,0," ",0,0,0," ",0,0,0,0,0,1,81,1,0,153,80,34.1748899995728,1,0,"Stroke (unspecified)",1,0.7,86.83348712,0,1.7,95,1,0,0,2,1,0,3,5,0,0,12.9576,0,0,0,0,12.9576,0.24547188,46.1538461538462,14,12,0.461538462,1.07165e-07,322689.1071,165579.712,272.5965688,104.101101,9.18558e-08,62320.54167,28217.90874,112.8385378,36.71690424,1.28828e-05,46887.8366,73150.37314,73.79377719,28.11253199,24654.91312,35320.4573,54.43537063,19.06911447,6.12372e-07,0.491890043,0.034581014,0.604045563,0.028585785,0.279736461,0.016938318,0.057249016,-0.120327897,1.1753e-05,0.720263539,1683,80,347483.6154,125796.1538,0.353067878,133755.6667,0.353503446,7.537260106,29.94448445,0.225738455,7.537260106,29.94448445,0.225738455,0.456865052,41242.5,0.456865052,41242.5,0.567287498,89214,0.567287498,89214,0.402563183,6925.333333,0.402563183,6925.333333,0.497591454,66980.375,0.497591454,66980.375,0,0,0,0,0,0,0,0,0,0,0,0,0,0,0,0,0,0,0,0,0,0,0,0,0,0,0,0,0,0,0,0,0,0,0,0,0,0,0,0,0,0,0,0,0,0,0,0,0,0,0,0,0,0,0,0,0,0,0,0,0,0,0,0,0,0,0,0,0,0,0,0,0,0,0,0,0,0,0,0,0,0,0,0,0,0,0,0,0,0,0,0,0,0,0,0,0,0,0,0
"XH24-18298 1",0,0,"8/31/2024",0,0," ",0,0,0," ",0,0,0," ",0,0,0,0,0,0,0,0,0,0,0,0,0,0,0,0,0,0,0,0,0,0,0,0,0,0,0,0," ",0,0,0,0," ",0,0,0,0,0,0,0,0,0," ",0,0," ",0,0,0," ",0,0,0,0,0,0,36,1,0,165,90,33.0578512396694,0,0,"Stroke (unspecified)",1,1.47,47.15952585,0,0.9,39,0,0,0,1,3,2,6,5,0,0,59.2871,1,1,1,1,59.2871,3.112132341,5.55555555555556,70,4,0.054054054,1.87648e-07,338813.8857,155403.5518,278.3040083,83.77354928,1.07227e-08,129686.75,19058.34587,178.0461079,13.58614941,1.35938e-05,37802.6195,35020.50777,73.84253321,27.95540561,0,0,0,0,4.93246e-07,0.274172439,0.063577754,0.513879679,0.024401394,0,0,0.123721089,-0.163177246,1.37921e-05,0,5071,184,348770.0294,113032.1912,0.314883145,117110.7692,0.315123096,6.798296709,30.03821074,0.211853787,6.798296709,30.03821074,0.211853787,0.380627226,81422.65217,0.380627226,81422.65217,0.480033509,421739,0.480033509,421739,0.389040598,15151.31818,0.389040598,15151.31818,0.372914969,142171.375,0.372914969,142171.375,0,0,0,0,0,0,0,0,0,0,0,0,0,0,0,0,0,0,0,0,0,0,0,0,0,0,0,0,0,0,0,0,0,0,0,0,0,0,0,0,0,0,0,0,0,0,0,0,0,0,0,0,0,0,0,0,0,0,0,0,0,0,0,0,0,0,0,0,0,0,0,0,0,0,0,0,0,0,0,0,0,0,0,0,0,0,0,0,0,0,0,0,0,0,0,0,0,0,0,0
"XH24-18298 2",0,0,"8/31/2024",0,0," ",0,0,0," ",0,0,0," ",0,0,0,0,0,0,0,0,0,0,0,0,0,0,0,0,0,0,0,0,0,0,0,0,0,0,0,0," ",0,0,0,0," ",0,0,0,0,0,0,0,0,0," ",0,0," ",0,0,0," ",0,0,0,0,0,0,36,1,0,165,90,33.0578512396694,0,0,"Stroke (unspecified)",1,1.47,47.15952585,0,0.9,39,0,0,0,1,2,2,5,5,0,0,35.01877906,1,1,1,1,35.01877906,3.048577495,3.77358490566038,102,4,0.037735849,1.85969e-07,335880.1373,159107.8622,283.6629178,82.46238625,7.2929e-09,139152.875,59806.1537,172.3139831,28.03375183,1.15447e-05,43838.30425,45934.8327,75.75162877,30.47244272,16766.76314,19765.00781,51.44024518,18.59627691,3.93817e-07,0.328008949,0.062463294,0.50609849,0.0402283,0.368818095,0.023328856,0.123421222,-0.319028952,1.26519e-05,0.631181905,6332,216,339203.3317,131152.6535,0.397652135,134632.1596,0.387594191,7.213986403,30.53429939,0.193389669,7.213986403,30.53429939,0.193389669,0.265609823,394957.6563,0.265609823,394957.6563,0.578491195,5454383,0.578491195,5454383,0.157736491,20228.5,0.157736491,20228.5,0.3015676,519867.375,0.3015676,519867.375,0,0,0,0,0,0,0,0,0,0,0,0,0,0,0,0,0,0,0,0,0,0,0,0,0,0,0,0,0,0,0,0,0,0,0,0,0,0,0,0,0,0,0,0,0,0,0,0,0,0,0,0,0,0,0,0,0,0,0,0,0,0,0,0,0,0,0,0,0,0,0,0,0,0,0,0,0,0,0,0,0,0,0,0,0,0,0,0,0,0,0,0,0,0,0,0,0,0,0,0
