"Slide_number","Allocated_Discarded","Number_of_Sections_Per_Slide","Transplant_date_OR_Harvest_date","Recipient_code","RECIPIENT_DATA","Recipient_birth_date","Recipient_Sex","Recipient_Race","Recipient_age_at_transplantation_date","Country_of_birth","Recipient_weight_Kg","Recipient_height_cm","Recipient_BMI_Kgm2","Recipient_CKD_ethiology","CKD_etiology_code","Pre_transplant_Renal_Replacement_Therapy","Pretransplant_time_on_Renal_Replacement_Therapy_months","Recipient_previous_kidney_transplant","Imunossupression_code","Antibody_induction_therapy","Cr1M","eGFR_CKD_EPI_1M","Cr3M","eGFR_CKD_EPI_3M","Cr6M","eGFR_CKD_EPI_6M","Cr12M","eGFR_CKD_EPI_12M","Cr3years","eGFR_CKD_EPI_3years","eGFR_Variation_1Y_3Y_total","eGFR_less30_OR_Dialysis__3Y","eGFR_less_30_dialysis_Decline_sup_5ml__3Y","Cr5years","eGFR_CKD_EPI_5years","eGFR_Variation_1Y_5Y_total","eGFR_less30_OR_Dialysis__5Y","eGFR_less_30_dialysis_Decline_sup_5ml__5Y","Cr10years","eGFRMDRD_10years","Cr_at_last_Followup","eGFR_CKD_EPI_last_follow_up","Last_follow_up_date","Follow_up_time_Months","eGFR_12M_ABOVE_50_CKD_EPI","eGFR_12M_ABOVE_55_CKD_EPI","eGFR_12M_ABOVE_60_CKD_EPI","Transplant_admission_discharge_date","Blood_units_needed_during_admission","HLA_A_mismatches","HLA_B_mismatches","HLA_DR_mismatches","Total_HLA_mismatches","PRA_Panel_Reactive_Antibodies","Cold_Ischemia_hours","Delayed_Graft_Function","Graft_loss_Returned_to_Dialysis","Return_to_dialysis_date","Graft_loss","Graft_loss_code","Graft_loss_date","Graft_loss_death_censored","Death_With_a_Functioning_Graft","Death","Death_date","Cause_of_death","FollowUp_Status","Biopsy_type_Allocation_0_Preimplantation_1","DONOR_VARIABLES","Kidney_used","Expanded_criteria_donor","Donor_age","Donor_Sex_0_Male_1_Female","Donor_race","Donor_height","Donor_weight_Kg","Donor_BMI","Donor_Hypertension_History","Donor_Diabetes_History","Donor_cause_of_death","Donor_cause_of_death_code","Donor_final_creatinine","Donor_eGFR_CKD_EPI_final_creatinine","Donation_after_Cardiac_Death_donor","KDRI_2024","KDPI_2024","KDPI_SUP_85_2024","Donor_HCV_Status","REMUZZI_CALCULATIONS","Glomerular_GT1","Vascular_GT1","IFTA_GT1","REMUZZI_GT1","REMUZZI_OnCall_RP","AI_FEATURES","COMPUTATIONAL_MORPHOMETRIC","Fibrointimal_thickening_AI_All_Estimations","Fibro15","Fibro20","Fibro25","Fibro25_human","Fibrointimal_thickening__AI_After_Human_Revision","IFTA_AI_PERCENTAGE","Glomerulosclerosis_PERCENTAGE_AI_PLUS_HUMAN_GT","Glomerulus_count","sGlomerulus_count","Glomerulosclerosis_ratio","Glomerular_density_count","Average_glomerular_area_","Std_glomerular_area","Average_glomerular_radius","Std_glomerular_radius","Glomerulosclerosis_density_count","Average_sclglomerular_area","Std_sclglomerular_area","Average_sclglomerular_radius","Std_sclglomerular_radius","Cortical_tubular_density","Averag_cortical_tubular_area","Std_cortical_tubular_area","Average_cortical_tubular_radius","Std_cortical_tubular_radius","Average_medullary_tubular_area","Std_medullary_tubular_area","Average_medullary_tubular_radius","Std_medullary_tubular_radius","Cortical_arterialolar_density","Average_lumen_to_wall_ratio","Cortical_glomerular_density_area","Cortical_tubular_density_area","Cortical_artery_density_area","Medullary_tubular_density_area","Medullary_arteriole_density_area","Gloms_cortex_tubules_ratio_","Cortical_interstitial_density","Total_nephron_density_count","Medullary_interstitial_density","Cortical_tubule_count","Cortical_artery_arteriole_count","Glom_Area","Glomerular_Mesangial_Area","Glomerular_Mesangial_Fraction","Glomerular_Mesangial_Area_Reviewed_MF01","Glomerular_Mesangial_Fraction_Reviewed_MF01","Average_TBM_Thickness_TF_Cortical","Average_Cell_Thickness_TF_Cortical","Luminal_Fraction_TF_Cortical","TUBULAR_Average_TBM_Thickness_TF_CT_Rev","TUBULAR_Average_Cell_Thickness_TF_CT_Rev","TUBULAR_Luminal_Fraction_TF_Rev","VASCULAR_Luminal_ratio_V_Mean","VASCULAR_Arterial_Area_V_Mean","VASCULAR_Luminal_ratio_Mean_Rev","VASCULAR_Arterial_Area_Mean_Rev","VASCULAR_Luminal_ratio_V_ARTERY_Max_AREA","VASCULAR_Arterial_Area_V_ARTERY_Max_AREA","VASCULAR_Luminal_ratio_V_MaxAr_Rev","VASCULAR_Arterial_Area_V_MaxAr_Rev","VASCULAR_Luminal_ratio_V_INF35000_ARTERIOLAR","VASCULAR_Arterial_Area_V_INF35000_ARTERIOLAR","VASCULAR_Luminal_ratio_V_INF35_Rev","VASCULAR_Arterial_Area_V_INF35_Rev","VASCULAR_Luminal_ratio_V_SUP35000_ARTERY_MEAN","VASCULAR_Arterial_Area_V_SUP35000_ARTERY_MEAN","VASCULAR_Luminal_ratio_V_SUP35_Rev","VASCULAR_Arterial_Area_V_SUP35_Rev","glomeruli_hc4_feat18","arteries_hc4_feat54","glomeruli_hc4_feat12","arteries_hc2_feat10","arteries_hc3_feat57","glomeruli_hc2_feat52","glomeruli_hc4_feat56","arteries_hc4_feat46","arteries_hc4_feat56","glomeruli_hc2_feat5","glomeruli_hc4_feat6","arteries_hc2_feat57","glomeruli_hc1_feat23","glomeruli_hc2_feat8","arteries_hc4_feat18","glomeruli_hc2_feat54","arteries_hc4_feat15","glomeruli_hc2_feat7","arteries_hc2_feat11","glomeruli_hc4_feat58","arteries_hc3_feat10","glomeruli_hc4_feat59","arteries_hc4_feat13","glomeruli_hc4_feat10","glomeruli_hc2_feat21","arteries_hc4_feat16","scl_gloms_hc2_feat26","glomeruli_hc2_feat53","glomeruli_hc1_feat5","glomeruli_hc2_feat19","arteries_hc4_feat23","arteries_hc2_feat22","arteries_hc4_feat26","scl_gloms_hc1_feat59","glomeruli_hc1_feat26","glomeruli_hc4_feat14","arteries_hc2_feat12","scl_gloms_hc1_feat52","arteries_hc4_feat10","arteries_hc4_feat50","arteries_hc4_feat5","glomeruli_hc1_feat59","arteries_hc3_feat16","arteries_hc3_feat21","arteries_hc2_feat46","glomeruli_hc4_feat53","arteries_hc3_feat53","arteries_hc4_feat53","glomeruli_hc4_feat2","scl_gloms_hc1_feat13","arteries_hc1_feat50","arteries_hc1_feat3","arteries_hc4_feat11","arteries_hc2_feat25","scl_gloms_hc2_feat10","scl_gloms_hc1_feat10","arteries_hc1_feat53","scl_gloms_hc2_feat27","arteries_hc4_feat17","arteries_hc3_feat51","glomeruli_hc1_feat4","glomeruli_hc1_feat27","scl_gloms_hc2_feat59","scl_gloms_hc4_feat2","arteries_hc3_feat12","glomeruli_hc3_feat15","scl_gloms_hc1_feat53","glomeruli_hc1_feat14","glomeruli_hc1_feat49","glomeruli_hc1_feat20","scl_gloms_hc4_feat3","scl_gloms_hc2_feat58","scl_gloms_hc3_feat11","scl_gloms_hc2_feat52","scl_gloms_hc2_feat23","scl_gloms_hc4_feat52","glomeruli_hc1_feat15","glomeruli_hc1_feat17","glomeruli_hc3_feat51","scl_gloms_hc3_feat10","scl_gloms_hc2_feat53","scl_gloms_hc1_feat18","scl_gloms_hc4_feat1","arteries_hc2_feat56","scl_gloms_hc3_feat52","arteries_hc1_feat4","scl_gloms_hc4_feat9","scl_gloms_hc2_feat20","scl_gloms_hc4_feat12","scl_gloms_hc1_feat58","scl_gloms_hc2_feat14","scl_gloms_hc3_feat58","arteries_hc2_feat16","scl_gloms_hc3_feat12","glomeruli_hc1_feat24"
"H11-02415 - 1",1,3,"2/23/2011",19507187,0,"5/3/1946 0:00:00",0,0,64,"Portugal",69,172,23.3234180638183,"Undetermined",5,1,57,0,1,2,1.7,44.46068651,1.67,45.42083402,1.25,64.30175914,1.3,60.9651770751759,1.23,64.34661618,1.69071955241205,0,0,1.26,61.73979425,0.193654293706025,0,0,1.75,38.2928862265749,2.58,25.10768933,"9/23/2021 0:00:00",127,1,1,1,"3/4/2011 0:00:00",0,1,2,2,5,0,17,0,1,"9/23/2021",1,1,"9/23/2021 0:00:00",1,0,0," ",0,0,0,0,1,1,73,1,0,160,57,22.265625,1,0,"Stroke (hemorrhagic)",1,0.8,77.75081792,0,1.72,96,1,0,0,1,1,0,2,4,0,0,14.32538675,0,0,0,0,14.32538675,1.142312871,8.33333333333333,35,1,0.027777778,0,312955.3,126222.3563,276.0590913,71.78185892,0,55433.5,0,124.4869471,0,0,0,0,0,0,30299.66026,29608.45021,64.756991,24.93232118,0,0.812160342,0,0,0,0.236131273,0.015184189,0.120972941,8.012368386,1.91771e-05,0.763868727,2205,86,342797.5,44220,0.162880575,66199.13043,0.206535103,6.21702522,23.13592206,0.296422026,6.130906503,22.67927096,0.303273734,0.530753899,25054.97059,0.530753899,25054.97059,0.766721703,89698.5,0.766721703,89698.5,0.520590317,9381.75,0.520590317,9381.75,0.58727845,65333.625,0.555146495,62670.7,0,78.9602173264881,0,1.18454062365907,0.555146495464009,1.30971952887311,68.4105255059483,9.33333333333333,39.5823535024084,0.000111977016239678,2.24351811408997,0.43536362968141,5.43575476552976e-05,0.000478278248143274,5.26666657129924,499.728339958979,1.69062908490499,5.54531048288416e-05,2.50359659943635,2029,0.885021837277613,0.0393915567333547,0.000341487442823686,0,1250280.2625,0.00103422343615093,0,648.615689649991,6.55630821062067e-05,5.12509150879038,0.00119487818275086,0.000302388333118748,0.004722544958717,0.0325795773313971,0.000270278736489269,0,15924.9166015625,1.01659726376284,0.646343255195163,6395,0.0039943523862394,0.144540778916288,0.000214551850348202,357478.303125,18.4,526.159821717945,352.076989921288,95.7968573027127,2.24351822250639,3.86404995448056e-05,6972.25,1361.88885498047,1.6906290717898,0.00122179449170697,0,0.365732321525149,107.708803087549,0,0.0026879449553404,1039.63424894594,7.45997637742307e-06,62.0660759852483,0,0,54511.4484375,2.42478164037069,268.952359147037,0.000105955924684801,92.3232008197943,12.2944667911179,0,0,0,0,0,0,2.30243978133568,0.000373942933381641,1175.24990300789,0,0,7.19689989089966,0,51.1540569809607,0,0.00024434852832758,0,0,0,1806,0,0,0.000896409552030498,0,12.2944668072921
"H11-11431 - 1",1,2,"9/21/2011",19480101199,0,"1/19/1948 0:00:00",0,0,63,"Portugal",64,165,23.5078053259871,"Undetermined",5,1,31,0,2,2,1.84,40.68501589,1.85,40.42125594,2.01,36.59153334,2.1,34.5025914961238,2.27,31.03714935,-1.7327210730619,0,0,2.76,24.24487454,-2.56442923903095,1,1,0,0,2.12,32.69572448,"11/14/2018 0:00:00",86,0,0,0,"10/12/2011 0:00:00",0,1,1,1,3,0,13,0,0," ",1,6," ",0,1,1,"12/23/2018 0:00:00",1,1,0,0,1,1,72,1,0,160,80,31.25,0,0,"Head Thrauma",2,1,59.85686382,0,1.26,75,0,0,0,1,1,2,4,3,0,0,17.37183162,1,0,0,0,17.37183162,1.146927687,20,15,4,0.210526316,1.61077e-07,390234.5333,219671.5421,287.8569107,65.9737243,4.2954e-08,111636.875,27021.42211,166.2712459,27.87243762,2.34743e-05,31644.48262,29833.87892,69.86014019,24.35160951,18113.21884,16316.85969,54.06998065,16.51412213,5.79879e-07,0.659490065,0.062857953,0.742833419,0.039904707,0.231835883,0.016598525,0.084619178,-0.593507527,1.96315e-05,0.768164117,2186,54,314109.5,71867,0.211629664,89417.33333,0.210029125,4.577644178,19.71261298,0.292939524,4.531656058,19.36678384,0.294633852,0.582445203,91384.33333,0.582445203,91384.33333,0.864306517,1068357.5,0.864306517,1068357.5,0.534177865,15221.79167,0.534177865,15221.79167,0.678979877,243709.4167,0.678979877,243709.4167,16.7891473770142,704.665546870095,684420.4375,0.457435004554256,0.541575353703954,1.14753481390805,344.254160496845,3357,315.336328386058,2.50192108930161e-05,1.4504422545433,0.641914549213191,5.48187188690721e-05,0.000130758599227234,11.5875988006592,816.777565923072,1.93824017047882,1.50121033200758e-05,1.68182268054387,173331.5,0.54384911179103,0.205322075720412,1.81408933842503e-06,0.80966752379428,5719805.5,1.08453739440502e-05,0.000567929833157641,936.367635796958,4.77321099547988e-05,9.65015710067147,2.20415022681025e-05,0.00018029620366843,0.00015664035461404,0.524491342422982,0.000271320458016173,7.05917784574128e-06,38769.3307617188,1.46340415263914,0.530956726975947,1068437,1.24417257225227e-05,0.229089053252874,0.000416576360711346,52521.5619419643,242.6,1551.48118025004,164.990600391778,2110.08383171302,1.45044229228273,3.43878570528829e-05,12970.8,2183.12866210938,1.93824013017408,0.000813389168191113,1.50758950401849,1.71822367858974,158.039525067515,26.1968994140625,3.95906821349204e-05,489.111007747734,5.35648158118985e-06,44.9147310256958,0.352984809627145,1.32356713249602,8731.79973493304,1.6007221142451,405.647708222957,2.27861373494231e-05,59.296114122916,9.00323483069582,22446.375,44732,2.69025872479081,1.15828778352676,0.000141073142119986,1.11156864333611,2.27071100473404,0.000140989799219901,1574.29124471764,1.36520113061655,432.572021213346,13.1968994140625,0.15127628386575,113.600133171229,1.35767473475288,0.000144754645738151,5.19689989089966,6.50728084961086,208424.328125,46027,4.34153754032075e-05,30020,9.82486889707986e-05,114454.3671875,9.00323492288589
"H11-15201 - 2",1,3,"12/17/2011",19790699,0,"2/4/1952 0:00:00",0,0,59,"Portugal",62,170,21.4532871972318,"Undetermined",5,1,32,0,2,2,1.74,44.60266515,1.53,52.04633957,1.9,40.13429021,2,37.5044590274056,2.19,33.21880057,-2.1428292287028,0,0,1.98,37.02683933,-0.1194049243514,0,0,1.7,0,1.9,37.22025762,"3/21/2023 0:00:00",135,0,0,0,"1/2/2012 0:00:00",0,1,1,1,3,0,25,0,0," ",0,0," ",0,0,0," ",0,0,0,0,2,1,73,0,0,170,78,26.9896193771626,1,0,"Stroke (hemorrhagic)",1,1.1,70.88177417,0,1.5,90,1,0,0,1,2,2,5,3,0,0,39.0721,1,1,1,1,39.0721,1.008737699,11.1111111111111,48,4,0.076923077,4.87107e-07,240648.1979,128990.4761,233.4378838,95.16293181,4.05922e-08,92864.5,5630.905833,153.3609585,7.205303471,2.71055e-05,35447.27668,30452.56765,73.07009347,24.07436382,35400.36136,44707.45465,55.22824186,19.54214531,7.10364e-07,0.513588335,0.11722133,0.960814515,0.027558204,0.304369019,0.00230864,0.122002039,-0.128532407,1.64031e-05,0.695630981,2671,70,268955.5,59607,0.226112379,73088.85714,0.247114793,5.955322818,42.11099601,0,5.575215144,20.86946464,0.343435365,0.452868202,46665.75,0.452868202,46665.75,0.335861267,166547,0.335861267,166547,0.434483092,13165.625,0.434483092,13165.625,0.477381681,91332.58333,0.477381681,91332.58333,15.9734667096819,91.2165509871121,252479.306026786,0.741119851412327,0.412791228371197,8.6243554937278,281.055176342281,20.5,45.7199486928646,0.0243383741740024,2.07489508560726,0.541972133918091,0.000148275729541428,0.0385546529189849,6.09844994544983,10.6314752696236,1.8506453037262,0.00437660310757772,2.34153523601654,73224.7142857143,1.5097438497213,0.243563874472905,0.000232770995285746,0.845945424385103,1936.73223876953,0.000756457610593515,0.000625551066258793,97.8759208710231,0.000201035008917318,2.17042007743178,0.00143776096307791,9.52674556958691e-05,0.00484962476026364,0.396412785038378,0.000647344793979944,3.06236700474171e-05,41466.48828125,1.33953521765164,0.596499626492204,8770,0.00164766783107693,0.099286447001525,0.000146924986158489,529992.25,113.666666666667,662.873988691327,481.020959211367,120.209441504303,2.07489509066213,3.12495569843166e-05,14648.5,3123.62815348307,1.85064531669584,0.000557062060865488,0.59062265005213,1.74031907314065,157.968255749189,30.5906982421875,0.00236611396909022,1360.64449173591,2.29832751275932e-05,43.8110275268555,0.15492020080249,1.53880965487054,199783.252604167,1.90249407291412,400.962941517587,0.000578890120591032,88.9484225368463,9.92187568631974,16314.4599609375,12915,2.27315464391479,1.29615818983486,0.000122205274323784,1.28410519209654,1.62147924635145,0.00146463160399086,160.556349186104,0.984582208395399,372.79669969934,12.7875995635986,0.167348391196224,106.548781502548,1.16556834473724,0.00014652374046089,7.59069967269897,5.97608226657396,158081.203125,37263,7.81916835094784e-05,15804,0.000203185692000117,95181.53125,9.92187563578288
"H12-05837 - 1",1,2,"5/5/2012",19758339,0,"7/24/1981 0:00:00",0,0,30,"Portugal",89,185,26.0043827611395,"Chronic glomerulonephritis (IgA)",2,1,61,0,1,2,1.57,60.43235868,1.4,69.34185974,1.6,59.07519295,1.8,50.9707605976482,1.48,63.66958905,6.3494142261759,0,0,1.74,51.78273588,0.202993820587949,0,0,1.89,0,2.16,38.06858897,"4/23/2024 0:00:00",144,1,0,0,"5/14/2012 0:00:00",0,1,0,2,3,0,15,0,0," ",0,0," ",0,0,0," ",0,0,0,0,1,1,49,0,0,170,90,31.1418685121107,1,0,"Stroke (hemorrhagic - aneurysm rupture)",1,0.8,108.4893318,0,0.96,46,0,0,0,0,1,2,3,3,0,0,11.1849656,0,0,0,0,11.1849656,0.589310431,0,77,0,0,4.76595e-07,328691.2338,178458.8639,270.1442735,95.1699441,0,0,0,0,0,1.61361e-05,37524.6705,32216.20248,75.44621351,22.78373614,0,0,0,0,3.58993e-07,0.483112343,0.156652475,0.605503046,0.018168799,0,0,0.258714594,0.035689104,1.66127e-05,0,2607,58,373174.5,59990,0.171555315,81948.03704,0.222183698,8.191637207,45.01114345,0.005192261,6.074105978,19.95809384,0.246609251,0.49996569,60472.86667,0.49996569,60472.86667,0.687211135,265421,0.687211135,265421,0.4834762,15646.38889,0.4834762,15646.38889,0.524699925,127712.5833,0.524699925,127712.5833,8.67981238987135,395.853481353727,45163.5527051843,0,0.530586044415963,1.25347306226374,164.015183937929,465,153.362389231547,4.85987658836931e-05,1.83768676156583,0.894427190999916,3.86354129354925e-05,0.000261249587157983,16.8968982696533,645.40034366736,2.89992046356201,2.9788321618115e-05,0,15616,0.674381274911557,0.106173552903645,1.26780008915626e-05,0.302933458865392,5357902.65217391,7.44922297734992e-05,0,803.095227378635,4.24360457051559e-05,13.6173460238431,9.66551393497735e-05,0.0132995426654816,0.000585811729248205,0,0.000201049928812719,0.000837315517972783,0,0,1.23594903800019,233844.5,6.46193103935133e-05,0.275433812378378,0.000154108581563911,342924.484375,2,471.172268235861,501.60856551718,911.420456122677,1.83768675641692,0,17600,3041.16687011719,2.89992048416832,0.0333333333333333,0,0,172.70079312076,0,0.000173461051627879,1251.37197795538,4.82959015444314e-06,37.9836190541585,0,0,47947.9125976562,0,0,2.0281630457302e-05,69.5992292172349,6.94186222397634,0,0,0,0,0,0,2.749205438296,0.000127358769079905,41.4852813742386,0,0,0,0,5,0,0.000106037735678858,0,0,0,0,0,0,0,0,6.94186222553253
"H12-05837 - 2",1,2,"5/5/2012",1508,0,"11/28/1952 0:00:00",0,0,59,"Portugal",68,169,23.8086901719127,"ADPKD",4,1,62,1,1,2,1.61,48.95858492,1.7,45.86497934,1.3,63.28312035,1.4,57.5393905342541,1.22,67.03244929,4.74652937787295,0,0,1.25,64.30175914,1.69059215143647,0,0,1.6,0,1.81,39.37359625,"5/9/2024 0:00:00",144,1,1,0,"6/4/2012 0:00:00",0,0,2,1,3,6,17,1,0," ",0,0," ",0,0,0," ",0,0,0,0,2,1,49,0,0,170,90,31.1418685121107,1,0,"Stroke (hemorrhagic - aneurysm rupture)",1,0.8,108.4893318,0,0.96,46,0,0,0,1,2,2,5,4,0,0,35.3975,1,1,1,1,35.3975,4.643874818,14.2857142857143,25,4,0.137931034,-7.68001093142036e-07,432723.8,199473.3526,296.475927,100.4853456,-1.2288017e-07,140132.25,46397.62556,195.1178637,33.52639641,0,0,0,0,0,21175.93569,17923.43911,62.1030129,20.14788141,0,0.838058329,0,0,0,0.295031155,0.009143516,0.235201421,0.828145855,2.7237e-05,0.704968845,1000,27,449600.5,66870,0.134763967,81247.47059,0.185774919,6.193156185,18.4353325,0.279390318,6.084599279,17.63163298,0.296732814,0.533621604,76497.8,0.533621604,76497.8,0.539838021,215014.5,0.539838021,215014.5,0.571517827,9832.25,0.571517827,9832.25,0.508357455,120941.5,0.508357455,120941.5,14.0199615955353,495.582934025422,346121.529296875,1.10619564157936,0.921442675250927,4.648787260998,332.417552570056,416,246.398051940351,0.000988291090691996,1.66243021190166,0.492617171272961,2.92316953984725e-05,0.00350877192982456,12.5906982421875,70.0464634853432,2.66750454902649,0.00035799522673031,2.59904586113206,101868.75,0.444538340177978,0.212536932980573,1.24006533821137e-05,0.722749458086486,91034.3828125,5.85314408543885e-05,0.00121901425977332,325.631107128625,3.19822793817008e-05,5.4316457525358,0.000351198324731173,8.14277758502297e-05,0.00131187339503409,0.253558410115004,0.000162357388153662,1.56511748864415e-05,81225.21875,1.08945696560709,1.07936528113523,215110,5.96597009092385e-05,0.0979484640943913,0.000962585126626806,20385.84375,183.5,914.937977948383,104.582386108742,553.831270008047,1.6624301840278,1.30320375994525e-05,13671,2247.0390625,2.66750457399386,0.000366395259710298,2.00473607708187,0.979018791144074,141.437880220088,34.36279296875,0.000144652499881521,297.764501987817,3.64514270759656e-06,67.1068557103475,0.574819147447313,1.26623324757788,2675.67626953125,2.53352546691895,508.722029986016,4.21270303831045e-05,97.9017366616486,11.9093714141429,11827.884765625,59555,2.91079974863497,1.15468132832521,0.000313264099194711,1.12974540295348,1.85427334904671,0.000217187817463367,1288.46285989408,1.40779530755193,391.25931850691,12.9875984191894,0.139338462945892,94.0239300782059,1.14397063823216,0.000109723217528667,4.39379978179932,8.83060214090603,178550.296875,47127,5.09606169925537e-05,67346,0.000172126954657732,262286.34375,11.9093712965647
"H12-06008 - 1",1,2,"5/8/2012",14030372,0,"9/6/1951 0:00:00",0,0,60,"Portugal",66,163,24.8409800895781,"Chronic pyelonephritis",4,1,26,0,6,0,1.35,60.10607627,1.2,69.23112757,1.1,76.85067353,1.2,68.8018945765631,1.1,75.43009511,3.31410026671845,0,0,1.06,77.88374461,2.27046250835922,0,0,0,0,1.13,70.79289901,"9/10/2019 0:00:00",88,1,1,1,"5/17/2012 0:00:00",0,1,1,0,2,2,15,0,0," ",1,6," ",0,1,1,"6/29/2020 0:00:00",2,1,0,0,1,1,68,0,0,170,60,20.7612456747405,1,0,"Stroke (hemorrhagic)",1,0.8,96.39797036,0,1.47,88,1,0,0,1,2,2,5,4,0,0,28.8814149,1,1,1,1,28.8814149,2.678810451,5.88235294117647,35,2,0.054054054,5.6798e-07,455265.4,333303.8177,293.0455786,136.5003516,3.2456e-08,294527,18570.5,282.5660636,14.29754143,2.40823e-05,42703.62163,40210.05925,80.0594324,27.46924437,12294.03427,8788.575699,50.74809131,16.07538678,6.16664e-07,0.669976045,0.258581441,1.028402848,0.02282197,0.246724486,0.021606117,0.251439833,-0.265651545,2.19155e-05,0.753275514,1484,38,507349,38886,0.131152489,148543.0667,0.288824012,5.659675434,22.71755391,0.334251903,5.659675434,22.71755391,0.334251903,0.558823962,20865.22727,0.558823962,20865.22727,0.24590043,46427,0.24590043,46427,0.601921997,16322.66667,0.601921997,16322.66667,0.364882804,41306.75,0.364882804,41306.75,11.5474068568303,74.8932581075656,183090.168870192,0.662855443021492,0.605198997866339,1.25204453487774,400.527067662766,18,37.4833296279826,6.67178453368723e-05,1.9738510113496,0.551931425196148,0.000390752132898388,0.000326028017819094,10.5907001495361,666.338811467799,2.63499808311462,3.71711973337232e-05,2.04874925539306,65360.3076923077,0.459900350262798,0.0834149743331152,0.000369150754148869,0.239778614273641,1937959.30989583,0.00148370694165538,0.000175324374002736,826.893080492676,0.000593764969014256,3.76844026470075,0.00162249424105001,0.000148666474967557,0.00690952291464746,0.639736823194053,0.00136260633086556,2.95998634746342e-05,22896.7778320312,1.15773020895066,1.58033437346771,7138,0.00189900412083779,0.0860836180087823,0.000518846952456994,44931.9140625,90.5,1082.71802280699,144.670660316683,121.87778685546,1.97385102128658,2.11457236152138e-05,16610.5,2913.21020507812,2.63499807470509,0.000740444969023428,0.871151750234548,5.32958925281245,236.108906914565,24.9689960479736,0.00247388464133056,430.029743623842,6.79312790338771e-05,48.7951605319977,0.181927224037122,0,6274.53033447266,2.38891535997391,681.645075269031,0.00102451921515861,113.510653290151,11.3119645696418,0,50204,0,1.10520955993311,3.34140216751107e-05,0,1.94722251594067,0.00261581803274538,371.941125496954,0,627.153220456998,45.968994140625,0,79.5661148103613,0,9.22865764605396e-05,0,4.75869108807999,0,200300,2.34600603957242e-05,0,0.000272735697807305,0,11.311964571476
"H12-09036 - 1",1,1,"7/11/2012",3005054,0,"9/10/1948 0:00:00",0,0,63,"Portugal",67,162,25.5296448712087,"CAKUT",4,1,45,0,2,2,1.8,41.77234646,1.5,51.98838981,1.8,41.77234646,1.9,38.9054594803115,1.5,51.02738867,6.06096459484425,0,0,1.61,46.29347566,1.84700404492212,0,0,1.86,0,1.33,55.5619262,"3/20/2024 0:00:00",140,0,0,0,"7/20/2012 0:00:00",0,2,1,1,4,0,20,0,0," ",0,0," ",0,0,0," ",0,0,0,0,1,1,73,1,0,160,60,23.4375,1,0,"Stroke (hemorrhagic)",1,0.6,94.71733696,0,1.68,95,1,0,0,1,1,0,2,2,0,0,18.10524532,1,0,0,0,18.10524532,0.106929116,4.34782608695652,22,1,0.043478261,5.43394e-07,353676.1591,145732.8241,288.7811619,69.08680042,2.46997e-08,112088,0,166.7393175,0,1.87718e-05,35644.56908,28985.8927,75.19925718,22.82872459,19400.42159,19380.75819,53.51871438,14.35875854,5.43394e-07,0.488612584,0.192185595,0.669112785,0.024228678,0.252942842,0.002953989,0.287224515,-0.771268584,1.55854e-05,0.747057158,760,22,363619.5,144596.5,0.44221615,154003.619,0.430268334,7.915616377,20.39762201,0.321005788,7.915616377,20.39762201,0.321005788,0.366775169,55148.57692,0.366775169,55148.57692,0.554433006,338035,0.554433006,338035,0.347390979,20214.38889,0.347390979,20214.38889,0.410389596,133750.5,0.410389596,133750.5,18.5463573455811,124.810187207635,461210.44375,1.60183054053015,0.51769639710611,1.30628165812453,229.851334112725,32.6666666666667,62.3584155660706,0.000154956549400358,1.60817184448242,0.554433006134231,6.94188471113074e-05,0.000735500412438547,16.9250653584798,349.995814728898,4.13586632410685,8.66820818874098e-05,3.60091854814047,120653,1.07810751897072,0.528727407058812,0.000276881286788792,1.97371188562633,1229905.3125,0.00111486014501871,0,448.446037334415,3.71450770438892e-05,9.56663348803166,0.00251124162207607,0.000124004460844624,0.00720389186089616,0.636901363214617,0.000345668129511663,2.7270884024134e-05,541628.5625,1.28358360950577,2.70293653809053,14946.6666666667,0.000899573508401518,0.301712678424217,0.0010686349817746,25513.220703125,585,622.628406440115,123.135489132583,152.324679726085,1.60817185770833,3.84672355941028e-05,40508.625,7128.53552246094,4.13586625930104,0.000337092607809663,0,3.25417428431285,270.058618733429,0,0.00171437086665685,383.764501987817,4.31246155776828e-06,82.1900465829032,0,0,11081.8671875,3.25966995103019,429.519374688912,2.03352805256945e-05,115.861870201052,15.8559742435379,0,0,0,0,0,0,2.70263038362776,0.000117378511971515,2577.26559306421,0,0,28.9844970703125,0,208.201825160108,0,4.71984787680098e-05,0,0,0,71389,0,0,5.08311786697472e-05,0,15.8559744698661
"H12-12801 - 2",1,3,"10/12/2012",19250461,0,"7/30/1951 0:00:00",1,0,61,"Portugal",80,157,32.4556777151203,"Chronic pyelonephritis",4,1,33,0,2,2,1.7,33.90676343,1.4,42.80272305,1.5,39.4017518,1.4,42.5373461636107,2.09,25.97445691,-8.28144462680535,1,1,2.44,21.30356141,-5.30844618840267,1,1,0,0,4.54,9.972469655,"10/25/2019 0:00:00",84,0,0,0,"11/1/2012 0:00:00",1,1,1,1,3,0,16,1,0," ",1,6," ",0,1,1,"11/30/2019 0:00:00",1,1,0,0,2,1,67,0,0,170,85,29.4117647058824,1,0,"Stroke (hemorrhagic)",1,0.8,96.99936643,0,1.27,76,0,0,0,1,1,2,4,4,0,0,18.03480859,1,0,0,0,18.03480859,0.23649067,3.84615384615385,73,3,0.039473684,2.72045e-07,325336.5,132050.0116,273.1399673,66.81263428,1.11799e-08,77918.66667,8451.286927,145.0688007,8.26900251,1.46122e-05,43296.74892,40337.3243,79.30910688,29.38746027,0,0,0,0,4.58378e-07,0.524988418,0.088506265,0.632660171,0.033039967,0,0,0.139895428,-0.225761509,1.48954e-05,0,3921,123,339287.75,57948,0.178578261,69288.66667,0.196651048,5.624374241,26.49139538,0.252945479,5.624374241,26.49139538,0.252945479,0.560687158,50636.84,0.560687158,50636.84,0.77486962,206381.5,0.77486962,206381.5,0.573785901,19225.4,0.573785901,19225.4,0.541039044,97754,0.541039044,97754,10.9318373285491,208.587192788413,136855.872306034,0.115206683900886,0.653363039232496,1.23496894932283,296.881026397485,116.833333333333,91.9070787265583,0.000138010312574667,2.18325468178453,0.8420235871127,6.22703137302719e-05,0.000662665179512059,18.4881143569946,428.355403687905,3.33692133426666,7.56260475285144e-05,1.0840959786668,57417.7586206897,0.536645523261037,0.158366673999902,6.23302771140409e-05,0.378038146808184,2443580.5578125,0.000334391256299396,0.000687762724938349,521.214634619487,5.00008435448434e-05,12.5089359086946,0.00032134972070972,0.000452563152578339,0.00155342466441726,0.250087979338276,0.000290306037757027,3.01897721841277e-05,1385.95860290527,1.16811062965882,1.6005846997013,58842.8333333333,0.000285907444441499,0.250764783185687,8.2835893919207e-05,1510533.15,43,759.868962132693,520.17797687523,404.416574961251,2.18325469185502,3.03471061403623e-05,17495.9,3524.84926757812,3.33692135718706,0.00174209709249296,0.493156637097062,1.11528649248837,165.807971275957,36.9534912109375,0.000693627130942353,1443.94900346546,5.71717880398034e-06,66.7321911687436,0.0296322763138306,0,67842.6890625,0,353.613470999578,2.13759709039123e-05,104.200358935231,14.3289955402689,0,2488,1.48174330392144,1.14101511942657,0.00011420879154571,0,2.55719190058501,0.000126503844142196,45.4852813742386,0.214756468672351,349.599183189854,12,0,67.2562820960064,1.17085113313979,0.000122293931387737,0,6.13643855853341,0,20964,9.13495804782205e-05,231,0.000277793776152741,14174.3564453125,14.3289956631868
"H12-15143 - 1",1,3,"12/2/2012",19690230,0,"2/20/1958 0:00:00",1,1,54,"Guinea Bissau",89,173,29.7370443382672,"Undetermined",5,1,53,0,1,2,2.8,19.45998304,4.4,11.31328905,2.2,25.99111304,1.9,30.7983015065515,1.6,37.3839419,3.29282019672425,0,0,1.63,36.10787512,1.32739340336213,0,0,0,0,2.5,21.09823607,"1/5/2021 0:00:00",97,0,0,0,"1/10/2013 0:00:00",0,2,2,1,5,0,18,1,0," ",1,6," ",0,1,1,"5/1/2021 0:00:00",1,0,0,0,1,1,65,0,0,170,70,24.2214532871972,1,0,"Stroke (hemorrhagic)",1,0.8,98.21343773,0,1.31,79,0,0,0,1,2,0,3,4,0,0,11.487668,0,0,0,1,0,0.10080244,5,57,2,0.033898305,2.41509e-07,370774.5789,156164.4164,289.2024628,85.09461447,8.47402e-09,113670.5,13889.5,167.6642951,2.276871171,1.21475e-05,47687.67213,38773.77655,81.23103056,25.02346933,22935.97744,26623.87877,53.28516922,15.6168738,4.91493e-07,0.534573755,0.089545568,0.579286094,0.069555156,0.2739235,0.015242982,0.154579177,-0.271533399,1.22501e-05,0.7260765,2867,116,377643,55452,0.156973617,72779.95455,0.179829106,5.091448245,29.27403448,0.227259565,5.091448245,29.27403448,0.227259565,0.534301352,166346.475,0.534301352,166346.475,0.530413003,1462090.5,0.530413003,1462090.5,0.43211815,15335.66667,0.43211815,15335.66667,0.617905789,289900.7727,0.617905789,289900.7727,0,368.211436481517,0,0.769512611506405,0.530413003135134,1.21197515516708,21.8403296678416,434.285714285714,171.637699349038,5.24438057042995e-05,1.40723955631256,0.466387745059698,3.48220587746825e-05,0.000252519908864286,9.33754260199411,665.228265472588,1.84961158888681,2.86961997731403e-05,2.15677424873338,65,0.850747760155977,0.0210219922380336,1.53215499300005e-05,0,2432197.46143617,7.55824766874578e-05,0.000498303366021043,798.18270418105,0.000193928146669983,5.83089649734528,0.000162701802494641,0.000232920576579225,0.000738129793837464,0.208921291941047,0.000177998761566358,0,27307.1876395089,1.54853817405206,0.358275733259628,222946.714285714,0.000168928279993256,0.101622288114323,9.16173193380779e-06,46124636,65,196.767242937451,1453.41954894097,727.391146973522,1.40723951725539,1.7255560542102e-05,10512.6,2174.944921875,1.8496115839934,0.00107984225332645,0.740119354095503,0.857169967481586,131.421614689099,27.1968994140625,0.000499366729507622,4762.06969364581,2.20231429248496e-05,70.3007888793945,0.139244946432688,0,1244020.375,2.83359465003014,503.359361917399,3.02753971520748e-05,161.717391304348,13.7530073350871,0,13894,0,1.01644154881326,9.63899856388736e-05,0,2.10653185844421,0.00017812556702633,1482.95195167733,0,360.084115533497,10.1968994140625,0,87.1846571844263,0,0.000203577093065382,0,5.26086899265285,0,26650,6.3436150383178e-05,0,0.000364534055789626,0,13.7530069351196
"H13-03641 - 1",1,2,"3/16/2013",19084846,0,"1/16/1943 0:00:00",1,0,70,"Portugal",65,153,27.7670981246529,"Chronic glomerulonephritis (unspecified)",2,1,63,0,2,2,1.1,54.05610523,1.3,44.23682519,1.3,44.23682519,1.3,43.9625568783178,0,0,0,0,0,0,0,0,0,0,0,0,1.27,45.20604163,"1/24/2014 0:00:00",10,0,0,0,"5/3/2013 0:00:00",1,1,2,1,4,0,18,0,0," ",1,6," ",0,1,1,"6/4/2020 0:00:00",1,2,0,0,1,1,63,0,0,170,75,25.9515570934256,0,0,"Anoxia",5,1.3,61.72823435,0,1.13,65,0,0,0,0,0,2,2,2,0,0,5.738222322,0,0,0,0,5.738222322,0.06135675,0,27,0,0,1.72057e-07,353607.4259,137640.2829,292.2363838,68.86788,0,0,0,0,0,1.31401e-05,47768.60378,55589.1782,75.39293345,28.3424681,28894.39904,65206.30576,59.2787573,18.86790086,5.03427e-07,0.752597169,0.06084076,0.62768348,0.09845001,0.416537813,0.020226536,0.096929045,-0.168622916,1.34836e-05,0.583462187,2062,79,338145,52814,0.174637356,87488.9375,0.213805855,5.422339917,16.84074069,0.382547466,5.422339917,16.84074069,0.382547466,0.603910063,45802.86842,0.603910063,45802.86842,0.673158875,510340.5,0.673158875,510340.5,0.564118373,11895.23333,0.564118373,11895.23333,0.753128903,172956.5,0.753128903,172956.5,6.37151217460632,91.492683119761,22905.4519882202,0.352086567423945,0.673158875042584,1.13174752862454,268.10586065548,19,45.254833995939,5.58465413201393e-05,2.00554735958576,0.784571812374748,9.62592782525848e-05,0.000290717484755889,1.39999997615814,584.84980564019,1.02739727497101,3.34050606941956e-05,1.88290450185428,21437,0.299031564442233,0.0650846140279423,9.37577363543537e-05,0.066940398646739,2542018.3203125,0.000127760538068821,0,657.208870539426,0.000123793633661239,8.14138543588656,0.000842415637223462,0.000286616874915976,0.00328939670508237,0,0.000514486528943577,0.000653602223894593,18759.4829101562,0,0.00684431465595912,10958,0.00131653544372335,0.0156782356588944,1.8785882332445e-05,12624971,88.5,737.079005284549,1284.25372193269,153.193124655793,2.00554733887438,0,10789.1538461538,1948.6780865009,1.02739726027397,0.00105948013778153,0,0,128.951720480665,0,0.01917808186518,4025.53145495419,1.3890944921728e-05,61.8366953531901,0,0,152663.6875,2.17843601107597,0,0.0248731924647889,96.6086841209792,11.4665647126139,0,0,0,0,0,0,1.1878487666448,0.0414871504701931,2765.52585502745,0,0,0,0,80.6469682686987,0,0.000170379151248736,0,0,0,0,0,0,0.000173143971297067,0,11.4665648142497
"H13-04616 - 1",1,2,"4/7/2013",9003708,0,"9/11/1987 0:00:00",0,0,25,"Moldavia",87,183,25.9786795664248,"Undetermined",5,1,49,0,2,2,2,46.62492768,1.7,56.665074,2.1,43.9734978,1.9,49.2775193573988,1.52,63.61,7.1662403213006,0,0,0,0,0,0,0,0,0,1.52,63.67133983,"7/20/2015 0:00:00",27,0,0,0,"4/26/2013 0:00:00",1,2,1,2,5,0,22,1,0," ",0,0," ",0,0,0," ",0,2,0,0,1,1,51,0,0,170,90,31.1418685121107,1,0,"Stroke (hemorrhagic)",1,1.8,45.00916566,0,1.14,65,0,0,0,1,2,2,5,5,0,0,43.5912,1,1,1,1,43.5912,1.653952273,13.3333333333333,26,4,0.133333333,1.31796e-07,435693.1346,124427.5026,322.9869243,53.07093024,2.02762e-08,137403.125,79095.82649,186.4857054,42.54799249,1.25814e-05,55022.69259,55024.48426,86.1081272,31.42270518,24443,7951,59.11969962,1.69148356,2.88936e-07,0.534938295,0.057422434,0.692263045,0.02450686,1.635037961,0,0.082948865,-0.362494315,1.27417e-05,-0.635037961,2482,57,412580.75,107181.5,0.245931151,126260.1579,0.263047972,5.858607718,15.65606008,0.40179707,5.858607718,15.65606008,0.40179707,0.527113649,47634.38462,0.527113649,47634.38462,0.415058987,345789.5,0.415058987,345789.5,0.552440514,14885.5625,0.552440514,14885.5625,0.486590666,100032.5,0.486590666,100032.5,9.19586594899496,26.7718752942673,47490.4361979167,1.81699661407614,0.502170553697758,1.22586602018183,220.701601378353,9,14.3178210632763,4.26221060707068e-05,1.98003685474396,0.488208918193547,3.34294280767405e-05,0.000227470460957399,0,667.869297204454,0,2.58380386691298e-05,3.3322360171189,18599.6666666667,1.14882133536155,0.0887995016581301,0,0.224657023051233,3446902.21428571,0,0.000315474743287303,811.467015509535,4.228305661425e-05,8.0544392348064,0.00247457847800306,6.32524005418869e-05,0.00716012524020287,0.0898209641170677,0.000171650550407434,7.54638548791614e-05,457613.578125,2.03641324004608,0,1210,0.0115663193641825,0.314260764373738,0.000401347793435886,129221.665108817,539,603.076085647709,279.676171134568,59.4387244598087,1.98003684874401,5.88292859509413e-05,8036.375,1412.39561462402,0,0.000344805674252169,0.967492056253088,0.634120869048072,115.135047659941,36.5751953125,0,755.250195398404,4.79043700441113e-06,31.3271299997966,0.321819958918103,1.59337666205679,45578.7890973772,2.32073194980621,330.249798928232,1.72265409903072e-05,66.2446842781797,6.06964086630261,35860.53515625,72931,1.68514013171559,1.28393165422866,6.70547457054818e-05,1.35451882618275,2.59783999125163,0.000113592289790979,2819.64186694891,0.301796184331254,609.669421089019,13.7875995635986,0.176788739899874,209.63789231196,1.13065752240619,0.000203676031812933,9.59070014953613,7.77412624960108,237099.328125,3557,3.01240280543196e-05,2932,9.29416187580149e-05,24340.1640625,6.06964087486267
"H13-04616 - 2",1,2,"4/7/2013",16000972,0,"12/10/1965 0:00:00",0,0,47,"Portugal",78,184,23.038752362949,"Chronic glomerulonephritis (unspecified)",2,1,47,0,1,2,1.4,62.38473809,1.8,46.14291138,1.3,68.18674766,1.2,74.5956488865486,1.26,69.48392167,-2.5558636082743,0,0,1.18,74.24522919,-0.0876049241371497,0,0,1.5,0,1.45,55.70111123,"5/24/2024 0:00:00",134,1,1,1,"5/14/2013 0:00:00",0,2,2,2,6,0,20,1,0," ",0,0," ",0,0,0," ",0,0,0,0,2,1,51,0,0,170,90,31.1418685121107,1,0,"Stroke (hemorrhagic)",1,1.8,45.00916566,0,1.14,65,0,0,0,1,2,2,5,4,0,0,28.06469037,1,1,1,1,28.06469037,1.006474504,6.25,29,2,0.064516129,-4.25963566307986e-06,517793.2069,273647.0643,342.5051815,100.0907895,-2.93767976764128e-07,208646,9100,239.4019135,2.494758673,0,0,0,0,0,24393.01238,24481.18217,63.25717749,16.94359367,0,0.863892272,0,0,0,0.326002485,0.030369838,0.208916607,4.95405131,2.72239e-05,0.673997515,1250,37,529163,69089,0.090389465,98393.38462,0.156922551,4.954120706,13.13099127,0.457154304,4.954120706,13.13099127,0.457154304,0.493549293,187716.5,0.493549293,187716.5,0.680190065,787117.5,0.680190065,787117.5,0.403817713,7471.25,0.403817713,7471.25,0.553370347,307880,0.553370347,307880,7.69689965248108,78.2981497170732,14218.3874511719,0.74521041955626,0.489960487496909,1.23035320617801,213.596036178248,15,39.3954312071844,2.33530932809697e-05,2.2940194606781,0.680190065444335,0.000192375692171765,0.000130012245080761,7.19689989089966,871.799003775509,1.9663599729538,1.48088362751088e-05,2.33212015756545,8263.5,1.64523367397065,0.0457301821324272,0.000287059850066248,0.0749353638580179,7306787.953125,0.00105064231983937,0.000507081975483155,1063.36959732934,0.000131140759417965,9.84047531443013,0.00173934049751979,4.38091895146727e-05,0.0054361885025376,0.632059775690818,0.000706606147711082,0.000266121397904283,586710.125,1.0917952994653,0.635837562728102,6850,0.00201106797228205,0.279516418785033,0.000251910894206053,230922.0703125,2224,523.929418910602,459.680642879657,111.709245433033,2.29401948797785,3.41651744228365e-05,8122,1363.85583496094,1.96635995696953,0.000232201330157638,4.73287889778529,4.63197781028773,106.860848306082,18.5875968933106,0.00324916473629781,1146.30927060974,1.51584909872572e-05,55.544189453125,0.7144103680435,0,114764.81640625,1.61369563341141,528.338673622563,7.9824185959989e-05,72.0961538461538,15.1220756421184,0,155560,0,1.14416459142935,0.00011214299110386,0,2.88420748710632,0.000403559116856357,2033.40357749586,0,564.539593637136,36.968994140625,0,291.821863471536,0,0.000193234955962143,0,4.11071345755129,0,126125,4.21888019089951e-05,0,1.92866042682812e-05,0,15.1220760345459
"H13-05503 - 1",1,2,"4/24/2013",19725235,0,"9/30/1951 0:00:00",1,0,61,"Portugal",63,160,24.609375,"Undetermined",5,1,74,0,1,2,1,64.09513135,0.9,72.73342361,1,64.09513135,1,63.6977415373697,0.85,76.45736178,6.37981012131515,0,0,0.77,85.02196416,5.33105565565757,0,0,0.92,0,0.91,66.80865885,"4/9/2024 0:00:00",132,1,1,1,"5/2/2013 0:00:00",0,2,2,1,5,0,19,0,0," ",0,0," ",0,0,0," ",0,0,0,0,1,1,62,0,0,170,80,27.681660899654,1,0,"Stroke (ischemic)",1,1.8,42.03295075,0,1.35,82,0,0,0,1,0,2,3,2,0,0,9.302603962,0,0,0,0,9.302603962,0.47636067,2.77777777777778,70,1,0.014084507,3.28282e-07,416328.2714,220749.2575,309.7838583,104.8315847,4.68974e-09,68923,0,115.2605744,0,1.83322e-05,58645.46457,73454.72782,85.28136539,30.21337437,31893.63372,29321.85706,63.99485598,17.53290032,7.40979e-07,0.69980367,0.136672954,1.075099694,0.049372072,0.372768054,0.022956911,0.127125842,-0.840696075,1.84324e-05,0.627231946,3909,158,391443.25,25189,0.051513851,69977.1875,0.153364843,4.850588129,16.18154059,0.398588925,4.850588129,16.18154059,0.398588925,0.738635457,37392.54688,0.738635457,37392.54688,0.971268671,346235.5,0.971268671,346235.5,0.723240328,18634.90741,0.723240328,18634.90741,0.821769154,138683.8,0.821769154,138683.8,0,163.946294379716,0,0.0666927226605524,0.971268671304911,1.32838332384818,24.5593299475614,129.875,80.0535258997959,0.000145986481095178,1.31628519296646,0.881690052578902,2.02486085853296e-05,0.000584806836827916,6.96957015991211,495.680072058177,1.6216489225626,6.62173332060204e-05,1.10359491748886,11123.5,0.144727817763762,0.0374308460183157,3.80444508715233e-05,0,2653711.5203683,0.000151767051217969,0,605.030746414494,2.40529868194024e-05,10.2005186012386,0.000293646766921677,0.000564018699602134,0.00124432498357495,0.0314408833045573,0.000125015614755567,0,768.246883816189,1.54469375207698,0.234967725438631,58180.875,0.000413524655742619,0.059622330180257,1.84691994419456e-05,9624236,29.1111111111111,87.2918847229132,801.841116839504,433.420476108084,1.31628518538042,2.59734140794497e-05,18891.0714285714,3609.73447091239,1.62164889733384,0.00215337387118032,0,0.482560063399626,184.668449466238,0,0.001408620705169,2264.04999872455,2.73347070591085e-06,63.695515352137,0,0,50127.05859375,2.36600094774495,369.548779526546,2.16712478077113e-05,68.5469354178916,10.3045960499585,0,0,0,0,0,0,1.91959483483258,0.000128420446700341,2572.00971827162,0,0,7.393798828125,0,54.767213338109,0,0.000120190315077249,0,0,0,2167,0,0,0.000292008044046715,0,10.3045960314134
"H13-05628 - 2",1,2,"4/29/2013",19768006,0,"2/6/1952 0:00:00",1,0,61,"Portugal",57,162,21.7192501143118,"ADPKD",4,1,70,0,1,2,0.9,72.73342361,0.9,72.73342361,1.1,57.16810805,0.8,83.2560974527622,0.77,86.08612293,1.4150127386189,0,0,0.78,83.71561667,0.114879804309449,0,0,0.84,0,0.82,75.86197484,"4/15/2024 0:00:00",132,1,1,1,"5/6/2013 0:00:00",0,2,1,2,5,0,21,0,0," ",0,0," ",0,0,0," ",0,0,0,0,2,1,65,1,0,160,65,25.390625,1,0,"Stroke (hemorrhagic)",1,0.6,99.54914625,0,1.37,83,0,0,0,1,2,0,3,5,0,0,5.09529932,0,0,0,1,0,0.163800126,3.7037037037037,52,1,0.018867925,5.727e-07,298724.0192,149880.863,267.6501875,79.54710869,1.10135e-08,156211,0,188.6080592,0,3.52541e-05,37012.59778,38054.60584,73.35271325,23.03849276,21103.61733,21926.63645,55.85001564,13.8517603,1.99344e-06,0.681849314,0.17107912,1.304844505,0.241590167,0.358570735,0.008829939,0.131110733,-0.967322693,2.10668e-05,0.641429265,3201,181,273673,48774,0.162657747,58400.64286,0.178591358,5.510553595,17.41689281,0.412005349,5.510553595,17.41689281,0.412005349,0.633258049,79498.07609,0.633258049,79498.07609,0.902937806,1801233.5,0.902937806,1801233.5,0.551417119,16283.25758,0.551417119,16283.25758,0.841008101,239966.4615,0.841008101,239966.4615,0,12.4711711404911,0,0.187941505843924,0.902937806292138,1.17430238210909,20.6155281280883,1.5,6.67132504145527,6.2485527417706e-05,1.36662042140961,0.75651639481512,0.000108064462927301,0.000298125710342065,0,621.157148744553,0,3.40647218539313e-05,1.39696059193651,6,0.303727610618781,0.00183542367696543,0,0,3147045.52586207,0,0,724.209340612813,0.000120867938581185,8.20123915787653,0.0160435038132039,0.000304053791401217,0.0381553783550498,0.00750907426493653,0.000452787364822343,0,12110.986046531,1.38381207615311,0,142,0.105448474486669,0.0954555020363414,6.21562386287118e-06,75621336,108.409090909091,295.82847563668,1863.60277838571,17.5161695189997,1.36662043695864,1.23895493864115e-05,16041.7619047619,3516.10005987258,0,0.00129712132253778,0,0.220732209335624,164.325957157232,0,0,5344.95194463972,1.38681189050237e-05,55.6709601458381,0,0,547138.5625,4.09289784431458,525.826437813617,0.0031412774825467,113.733815671485,13.2497816344247,0,0,0,0,0,0,1.78052440811606,0.00489275474241338,2299.06487579299,0,0,10.5968990325928,0,92.7993028693223,0,0.000176812886672356,0,0,0,1173,0,0,0.000160628770755861,0,13.2497817207785
"H13-09897 - 1",1,2,"7/26/2013",19530801150,0,"8/8/1953 0:00:00",0,1,59,"Portugal",75,179,23.4075091289286,"Undetermined",5,2,33,0,2,1,1.1,77.33012028,1.4,57.89836037,1.7,45.86497934,2.1,35.371684822315,1.62,47.69785705,6.1630861138425,0,0,1.3,61.34551929,6.49345861692125,0,0,1.77,0,1.76,40.88714977,"5/21/2024 0:00:00",130,0,0,0,"8/2/2013 0:00:00",0,1,1,1,3,0,16,0,0," ",0,0," ",0,0,0," ",0,0,0,0,1,0,71,1,0,160,75,29.296875,1,0,"Stroke (ischemic)",1,0.9,68.34770789,0,1.51,90,1,0,0,0,2,2,4,3,0,0,41.9768,1,1,1,1,41.9768,0.048195867,0,50,0,0,1.29042e-07,352523.77,161431.6827,284.5908654,97.37884428,0,0,0,0,0,1.16344e-05,36486.01985,30253.3112,73.71508283,21.34448943,20755.90022,21214.88838,54.23632247,14.85689443,3.27766e-07,0.333237136,0.045490263,0.424492908,0.031791965,0.310674933,0.014403758,0.107163777,-0.03902883,1.19947e-05,0.689325067,4508,127,424849.5,157826.5,0.468815788,178561.0667,0.468598636,6.449465075,27.10142902,0.207793877,6.449465075,27.10142902,0.207793877,0.345450901,51456.29825,0.345450901,51456.29825,0.494818997,505121.5,0.494818997,505121.5,0.305657303,15079.05405,0.305657303,15079.05405,0.419069057,118754.2,0.419069057,118754.2,10.9984493255615,104.213424099731,6079.48254394531,3.34825436265528,0.413354289546402,2.37997143558798,18.9031242374328,27.5,52.0020937994351,0.000396327035996123,2.26799130439758,0.455276031905094,8.24843918734469e-05,0.00139946275070465,14.2571929295858,312.99104233973,3.99485666222043,0.000157434087543174,5.45441657881976,1937.5,3.3787025644142,0.294302055375961,0.000412953523235468,1.07832719800206,154080.822167969,0.00144994642386743,0,497.108332602692,5.57424679333571e-05,0.98906629035599,0.00296114530226351,0.00012454624607702,0.00875188388555862,0,0.000351300191977102,0.00153471718359734,876616.755208333,0,2.82208255441773,11727.6666666667,0.0015848541748493,0.345520325581964,0.000489793999140245,176792.064761513,468,300.302545520825,345.909678247614,136.35052829673,2.26799127931361,0,15262.1428571429,3293.53891427176,3.99485664135884,0.000387382492660195,0,0,168.38970198814,0,0.00205853113780508,922.163398487404,6.41410001524352e-06,70.4024013172496,0,0,181012.764597039,3.85274397581816,0,2.53064571465294e-05,148.419755642998,16.3878865451479,0,0,0,0,0,0,3.17901815067638,0.000139429845041338,2349.79717456819,0,0,0,0,208.074920110863,0,0.000141096094813758,0,0,0,0,0,0,0.00012351990142241,0,16.3878864808516
"H14-10806 - 1",1,2,"8/5/2014",19671190,0,"11/7/1945 0:00:00",1,0,68,"Portugal",45,153,19.2233756247597,"Undetermined",5,1,61,0,1,2,0.9,69.63490339,0.8,80.20658109,0.82,77.86483469,0.8,79.7093002861342,1.17,49.88752195,-14.9108891680671,0,1,1.01,58.77969148,-5.23240220153355,0,1,0,0,1.01,56.89145125,"2/6/2024 0:00:00",114,1,1,1,"8/12/2014 0:00:00",1,1,2,1,4,0,20,0,0," ",0,0," ",0,0,0," ",0,0,0,0,1,1,73,1,0,160,70,27.34375,0,0,"Head Thrauma",2,0.6,94.71733696,0,1.25,75,0,0,0,0,2,2,4,1,0,0,45.48193238,1,1,1,1,45.48193238,0.082976329,0,27,0,0,2.07957e-07,390468.3333,147871.1171,299.0357708,77.19921544,0,0,0,0,0,1.09601e-05,47252.75123,48999.52345,81.56923789,30.79963551,25468.73772,27021.42101,58.32687397,17.45676296,2.61871e-07,0.423788526,0.081200536,0.517894519,0.064988888,0.271512021,0.014640384,0.156789719,-0.596503625,1.09606e-05,0.728487979,1423,34,429566.5,188070,0.453182453,208660.2083,0.495233927,7.991993907,30.64878191,0.225814438,7.991993907,30.64878191,0.225814438,0.333846453,29804.54545,0.333846453,29804.54545,0.473702943,101878.5,0.473702943,101878.5,0.284022641,13185.3125,0.284022641,13185.3125,0.466709953,74122.5,0.466709953,74122.5,7.92608642578125,315.5897623754,29594.8670654297,0.658698449817626,0.0392232270276368,1.24009686444147,169.425697639254,204,155.544205935162,6.23130396392919e-05,1.76779186725616,0.632663800284913,3.81735651998261e-05,0.00036291808328272,26.1968994140625,659.61925612086,5.79695558547974,4.21902015568576e-05,2.78895936083296,9127.33333333333,2.5300269549985,0.056542526441101,5.68780657726208e-05,0.188814566409861,470211.683948864,0.000257036464389,0,804.956955398948,4.03679631874861e-05,1.0363059371068,0.000519264892179481,6.85500402929699e-05,0.00159203876917824,0,0.000222530774727583,0.0003712624473622,55982.78125,0,3.76163086617804,101919,0.000156161460009488,0.381264470406622,0.0229992763601619,4,188,624.424112674572,98.9051114566134,411.828166704499,1.76779187738738,0,17598.75,3440.23975372314,5.7969555643759,0.000296468989458319,0,0,168.978444362871,0,0.000396112488305171,201.899494936612,4.60500540314249e-06,42.0346018473307,0,0,1055.02124023438,1.82243740558624,0,1.65483648600536e-05,83.8371859799164,7.17449894983176,0,0,0,0,0,0,3.16051432490349,0.00010169946869235,1105.20919882224,0,0,0,0,113.595774569303,0,0.000129509668881082,0,0,0,0,0,0,0.00016454285292755,0,7.17449899514516
"H14-11086 - 2",1,2,"8/11/2014",99002504,0,"12/30/1963 0:00:00",0,0,50,"Portugal",77,163,28.9811434378411,"Undetermined",5,1,17,0,5,2,2,39.91103418,1.7,48.50542012,1.63,51.01570009,1.5,56.0168208846447,1.47,56.68199817,0.332588642677649,0,0,1.38,60.3905569,1.09343400383882,0,0,0,0,1.75,43.95122457,"4/2/2024 0:00:00",116,1,1,0,"9/8/2014 0:00:00",4,2,1,0,3,0,18,0,0," ",0,0," ",0,0,0," ",0,0,0,0,2,1,53,0,0,170,55,19.0311418685121,1,0,"Stroke (hemorrhagic)",1,0.5,121.9627585,0,1.12,63,0,0,0,0,1,2,3,3,0,0,7.974794542,0,0,0,0,0,0.28792698,0,28,0,0,2.16665e-07,529924.2679,272088.864,341.737474,107.181583,0,0,0,0,0,9.72671e-06,45118.40613,82117.24697,71.96377603,29.32757654,21812.79964,25992.9593,51.10867277,16.51172989,2.78569e-07,0.549450837,0.11481602,0.43885361,0.072687461,0.283279671,0.013854498,0.261627152,0.072926593,1.09472e-05,0.716720329,1257,36,569757,231360,0.385411522,226795.2083,0.388859832,6.704538948,27.5157468,0.296563492,6.704538948,27.5157468,0.296563492,0.518133923,279995.7222,0.518133923,279995.7222,0.711725394,2343183.5,0.711725394,2343183.5,0.494882249,19526.07143,0.494882249,19526.07143,0.599514783,1191639.5,0.599514783,1191639.5,20.1167972882589,146.889460286639,624369.78125,1.0831384591225,0.273506723897123,3.98140598921875,376.504720294555,64,67.2309452558864,0.00084423452626462,1.79709913333257,0.711725393816338,5.376553428293e-05,0.00215905001799208,3.59689998626709,91.0981420578884,1.4975780248642,0.00024869435463815,3.6630645296296,200088.333333333,3.36950794274642,0.380025007457988,4.77057219949094e-05,1.12957303099683,254159.46875,0.000114580147370894,0,362.698688395977,2.70932053684593e-05,10.5346708426594,0.000256748231857422,6.49672542606975e-05,0.00107641361043446,0,0.000263475459071527,1.62464641759186e-05,2538218,0,0.0114970785640674,31392,0.00049106950661175,0.378113539409684,0.00171348320365103,6459.7685546875,2200,913.420524022362,117.19830679767,287.204735667319,1.79709911981454,0,22544.6666666667,4496.44868977865,1.4975779679801,0.000193353857073822,0,0,208.396609143872,0,0.0149248962085771,381.80613254816,3.12674017860468e-06,83.1725228049538,0,0,34561.04296875,3.8608238697052,0,1.35247266678534e-05,113.022520329904,16.7955673393124,0,0,0,0,0,0,3.50347456065091,9.21848748811389e-05,1258.17249199221,0,0,0,0,635.97877323068,0,8.81841060551342e-05,0,0,0,0,0,0,1.20219298969582e-05,0,16.7955673391169
"H14-12052 - 2",1,1,"9/4/2014",19078464,0,"9/25/1958 0:00:00",1,0,55,"Portugal",71,163,26.7228725206067,"ADPKD",4,1,20,0,1,2,1,66.53207791,1,66.53207791,1.05,62.74858381,0.9,75.0307121425563,1.17,54.08851158,-10.4711002812781,0,1,1.03,62.24742346,-3.19582217063907,0,0,0,0,1.72,32.49932276,"4/17/2024 0:00:00",115,1,1,1,"9/15/2014 0:00:00",0,1,1,1,3,2,20,0,0," ",0,0," ",0,0,0," ",0,0,0,0,2,1,68,0,0,170,80,27.681660899654,1,0,"Stroke (hemorrhagic)",1,0.9,93.02931609,0,1.31,79,0,0,0,0,1,2,3,3,0,0,13.21940546,0,0,0,0,13.21940546,0.18839923,0,11,0,0,2.08942e-07,447209.8636,150333.4309,334.8052699,62.38352331,0,0,0,0,0,1.00102e-05,59814.81499,59070.88753,90.08343971,33.15624104,30134.40136,40125.63853,63.14054189,27.82280906,4.55874e-07,0.608113496,0.093441101,0.59876067,0.099543558,0.174263826,0.033297605,0.156057512,-0.521889347,8.77464e-06,0.825736174,527,24,431113,144750,0.391165997,155683.0909,0.367724853,6.569129663,20.0338347,0.355522799,6.569129663,20.0338347,0.355522799,0.474389665,55800.2,0.474389665,55800.2,0.803483987,318899.5,0.803483987,318899.5,0.370595332,14850.21429,0.370595332,14850.21429,0.716576442,151350.1667,0.716576442,151350.1667,15.9813976287842,102.017927964895,407668.90625,0.819279396207194,0.897337209658388,1.14802564398913,286.190495998732,23.3333333333333,50.4508049567016,3.07970556959374e-05,1.70014643669128,0.803483987148388,7.06746800873183e-05,0.000155008081028301,10.5896657307943,705.015444681426,3.01397482554118,1.76934744799116e-05,2.62736840947929,130058,0.234887775614098,0.391165996968312,0.000332706026980988,1.22583594811826,1083322.09375,0.00118925453257301,0,808.097568391905,6.99064047659752e-05,2.40314986938551,0.00276352862307131,0.000125837670571284,0.00797973629805385,0,0.000326456484467217,1.98721866538286e-05,261370.609375,0,1.86178694932865,9321,0.00129394144062618,0.400091463503923,0.000208805696439554,326164.447265625,577,685.068084704708,224.611925518563,114.760656435153,1.70014644244281,0,35817.5,5709.90704345703,3.01397484997952,0.000408925215714628,0,0,234.806713083398,0,0.00202242528798424,673.61226509632,7.90026438863683e-06,26.273645401001,0,0,5302.24523925781,2.15290135145187,0,2.93458057201799e-05,58.92051992329,5.70923688508366,0,0,0,0,0,0,2.8277086019516,0.00015477645240622,2932.90342521158,0,0,0,0,173.104014973657,0,5.8289151376872e-05,0,0,0,0,0,0,4.44523106080202e-05,0,5.70923686027527
"H14-15235 - 1",1,2,"11/9/2014",13005588,0,"9/8/1947 0:00:00",0,0,67,"Portugal",68,170,23.5294117647059,"Diabetic nephropathy",1,1,51,0,2,1,1.7,43.63883435,1.9,38.18629524,2.13,33.29326005,2.04,34.8461369115083,1.85,38.69926799,1.92656553924585,0,0,0,0,0,1,1,0,0,2.28,29.88950955,"11/25/2018 0:00:00",49,0,0,0,"11/25/2014 0:00:00",0,2,2,2,6,57,22,0,0," ",1,6," ",0,1,1,"12/15/2018 0:00:00",2,0,0,0,1,1,57,0,0,170,82,28.3737024221453,1,0,"Stroke (ischemic)",1,0.9,99.61641579,0,1.1,62,0,0,0,2,1,2,5,5,0,0,40.98462533,1,1,1,0,0,1.169200159,46.6666666666667,16,14,0.466666667,7.26961e-08,400010.2813,191715.7392,295.7102446,84.32793867,6.36091e-08,76763.78571,27895.71042,126.328928,32.03795431,1.17904e-05,45276.37534,39575.42423,81.88652324,29.40836015,0,0,0,0,2.63523e-07,0.255057732,0.029079173,0.533826248,0.01120367,0,0,0.054473104,-0.288281719,1.19249e-05,0,2595,58,328230.25,150030,0.445421273,179675.4375,0.463502715,7.982520205,32.46153403,0.173165409,7.982520205,32.46153403,0.173165409,0.282007045,39288.83333,0.282007045,39288.83333,0.366358332,158392,0.366358332,158392,0.255941918,14430.14286,0.255941918,14430.14286,0.37323499,126294.25,0.37323499,126294.25,24.3813972473145,385.195905247237,395815.21875,3.64249791750674,0.191474224608759,1.76807563081172,199.399679747007,281,146,0.000193914170634703,2.31071639060974,0.380111648235857,8.63176422831862e-05,0.000781601487050637,19.5782966613769,296.652018535261,4.21801948547363,8.89130502089288e-05,5.23352572458796,93735.3333333333,4.63457000225328,0.425778612356637,2.66112708461792e-05,1.80944387864155,576145.5625,0.000123518479930456,0.00173933156063717,524.503204803302,5.94233298366691e-05,4.83696626312829,0.00027902296298022,8.61281816733557e-05,0.00100339909955612,0.83720849557997,0.000430833259198926,3.78722616519837e-05,343261.71875,1.30694528908774,2.50712773256364,158505,0.000119838855986298,0.470878923795142,0.00158402398828401,2902.40588378906,157,728.441540801901,168.682757111202,596.424136848926,2.31071638028027,0.000101506656272291,12906.75,2585.91064453125,4.21801960716674,0.00029711999700709,4.57609067460288,4.90229417107674,148.626130081793,11.6504993438721,0.000207808865670098,478.682286887658,6.82667469378645e-06,59.6000046730042,0.847008630752875,1.48894221030459,81846.3912760417,3.61133164167404,315.430868055293,2.57362003548922e-05,102.936031829193,11.6803432397549,15705.3447265625,78691.2857142857,6.13504872423537,1.50744155372467,0.000436613284658721,1.50671859873219,4.16261059045792,0.00015979943299176,3157.41740418913,4.43611215444712,424.476748693412,27.6821718215942,0.168326381960971,120.702112657567,16.3647515014365,0.000147489586980907,7.09844994544983,2.8512351893131,251429.9140625,49348.75,7.54525417880887e-05,144,0.000296955549463194,576.694580078125,11.6803431510925
"H14-15379 - 2",1,2,"11/12/2014",6007619,0,"9/25/1948 0:00:00",0,0,69,"Portugal",85,171,29.0687732977668,"Diabetic nephropathy",1,1,31,0,1,2,2.4,28.49419171,2.3,29.98723539,1.92,37.24331734,1.9,37.4804246905571,2.06,33.59434243,-1.94304113027855,0,0,0,0,0,0,0,0,0,2.06,34.17385053,"12/25/2017 0:00:00",37,0,0,0,"11/21/2014 0:00:00",0,1,1,1,3,3,21,0,0," ",1,6," ",0,1,1,"12/25/2017 0:00:00",1,1,0,0,2,1,69,0,0,170,80,27.681660899654,1,0,"Stroke (ischemic)",1,0.7,99.74254616,0,1.28,77,0,0,0,1,1,2,4,4,0,0,19.15668873,1,0,0,0,19.15668873,0.508853106,8.33333333333333,45,5,0.1,2.57676e-07,299637.6111,165816.7406,251.38577,99.10508001,2.86306e-08,117951.4,59563.70322,144.767743,72.27378912,1.60503e-05,35726.67677,28807.39316,75.39009174,22.83895122,30114.53243,36656.25091,59.802128,17.30856596,4.52364e-07,0.444402471,0.077209324,0.573425004,0.021233569,0.352997437,0.012318244,0.134645896,-0.166900391,1.446e-05,0.647002563,2803,79,312449.5,118546,0.384344435,156557.3939,0.43118717,6.641476043,26.39041787,0.253188727,6.641476043,26.39041787,0.253188727,0.482265998,54462.13333,0.482265998,54462.13333,0.403497088,449465,0.403497088,449465,0.467313898,16467.36364,0.467313898,16467.36364,0.523384273,158947.75,0.523384273,158947.75,7.29689955711365,187.985157562647,3314.46380615234,3.23113043519378,0.40349708779389,1.56320428874269,25.6653721972312,111.666666666667,92.2329001675438,0.00011139021212841,1.93567168712616,0.319032388269812,8.85587972712109e-05,0.000536081509606837,8.79276609420776,392.502028501156,1.92397125562032,6.11100343744282e-05,4.62941710437396,1310,4.10449285436245,0.288227384494235,3.2245392980092e-05,0.731242736771475,1246700.91875,0.000150277325734679,0.0138888888888889,585.977872860655,5.87720076846183e-05,6.94959110696682,0.00023152699494677,0.00040014233598628,0.00103893730089906,0.0267665070806748,0.00036875400303744,0.00204776957537393,58672.5595703125,1.35494779522589,0.304524976576015,62151.6666666667,0.000280087496830536,0.450065937352271,8.44553058791636e-05,2586583.5,26.375,172.581915225504,1373.80644174965,438.69872943712,1.93567168555497,1.98336024607568e-05,15704.3333333333,3436.33463541667,1.92397126433955,0.00128716920678089,0,0.34748470959673,159.448158659162,1,0.00111143884282574,3242.08867069207,6.75304032193045e-06,48.8122556132655,0.072463768115942,1.95637291445335,1845277.375,4.42625188827515,534.495052776325,2.63785275934839e-05,111.769545278016,11.120902826862,30384.427734375,5,7.65563134906728,47.5409703907335,0.0138888888888889,1.26452357103323,4.26911012588009,0.000149893232023758,402.638131010374,6.31336122965354,70.8493319132135,14.5906982421875,0.217461890557568,63.2160978155567,1.66350783906286,0.000136835839294562,9.1968994140625,1,186920.21875,4386,0,118823.5,0.00114220639478689,903938.28125,11.1209027997909
"H14-17337 - 2",1,2,"12/20/2014",19716291,0,"5/4/1958 0:00:00",0,0,56,"Portugal",72,170,24.9134948096886,"Chronic glomerulonephritis (unspecified)",2,1,43,0,2,2,2.1,36.26266993,2,38.44916705,1.72,46.07748796,1.5,53.9650286776293,1.28,64.47152518,5.25324825118535,0,0,1.11,75.54927798,5.39606232559268,0,0,0,0,1.04,79.2939512,"2/16/2024 0:00:00",110,1,0,0,"12/31/2014 0:00:00",2,2,1,1,4,0,23,0,0," ",0,0," ",0,0,0," ",0,0,0,0,2,1,64,0,0,170,90,31.1418685121107,1,0,"Stroke (hemorrhagic)",1,0.7,102.8929191,0,1.18,69,0,0,0,1,2,2,5,3,0,0,37.9442,1,1,1,1,37.9442,0.328092896,8.33333333333333,45,3,0.0625,1.38794e-07,338252.3,211209.7158,259.6682031,124.9117105,9.2529e-09,94296,25837.71699,159.3210405,24.97610965,8.88587e-06,53447.37956,49742.69269,84.89090583,29.22154282,27713.53612,29868.60889,61.09259248,15.15707656,2.18985e-07,0.292167626,0.046947232,0.474926489,0.01213466,0.560332648,0.002952473,0.098851576,-0.271974441,9.46534e-06,0.439667352,2881,71,348375.5,161482,0.507309248,200317.4063,0.480842677,8.401057941,33.46782895,0.19104803,8.401057941,33.46782895,0.19104803,0.415574184,92386.88462,0.415574184,92386.88462,0.597642716,345646,0.597642716,345646,0.314501732,21215.64286,0.314501732,21215.64286,0.533492044,175420,0.533492044,175420,0,124.736746929362,0,3.02396498219708,0.574042589813041,1.25008128287122,11.6619037896906,31.3333333333333,62.5020699912119,5.12925482169427e-05,1.15380072593689,0.570442962657255,0.000624292759154591,0.000241002401677539,14.6635653177897,696.122924710596,4.18591324488322,2.7815142971549e-05,5.78937535010146,0,2.3342664919183,0,0.00034059401778317,0,2877108.02586207,0.0011486702232603,0.00249984853454195,849.67655091539,0.000580943277375436,6.33799683117154,0.00206246009489329,7.94230389315001e-05,0.00656981838724228,0.800070550736688,0.00196884095007999,0,993514.96875,1.09737992654056,2.73276339463714,15925,0.001310582058324,0.929449574779892,0.00022678400878641,1194086.08333333,399.5,64.8754848873212,434.412233377084,153.661193240666,1.15380076872997,6.62527226915906e-05,30952.6,6750.39443359375,4.18591333410894,0.000280572578123067,4.34707130454073,4.1549071666058,277.99192031619,18.1813983917236,0.0017185379605093,1261.40115370178,6.56198408283157e-05,27.8121461073558,0.880647568746771,0,271492.8203125,1.33717139561971,334.684037010858,0.000190703260431771,108.835740148775,7.12183893186175,0,115050,5.09194896965912,1.06048201113676,0.00044220745784781,0,5.85971260070801,0.000687898734674792,161.154328932551,3.80305397045308,420.584406136792,23.9720954895019,0,184.149122691589,1.02215507484391,6.95388895717025e-05,0,3.21617492566685,0,63506,4.81089798930422e-05,55983,9.9611321266736e-05,277246.4375,7.12183896700541
"H15-00504 - 1",1,2,"1/14/2015",8013082,0,"2/28/1947 0:00:00",0,0,67,"Portugal",62,168,21.9671201814059,"Diabetic nephropathy",1,1,67,0,1,2,0.9,93.60969621,1.3,60.21155238,1.41,54.61964989,1.4,54.7466055408156,1.32,58.0256624,1.6395284295922,0,0,1.27,60.02640637,1.3199502072961,0,0,0,0,1.47,49.369164,"5/16/2022 0:00:00",88,1,0,0,"1/23/2015 0:00:00",0,1,2,2,5,0,25,0,0," ",1,6," ",0,1,1,"11/19/2022 0:00:00",4,1,0,0,1,1,70,0,0,170,80,27.681660899654,1,0,"Stroke (ischemic)",1,0.5,109.726142,0,1.25,74,0,0,0,0,1,2,3,3,0,0,22.3038,1,1,0,0,22.3038,1.130601971,0,33,0,0,2.56232e-07,461496.6364,182442.9617,337.1075759,85.1563472,0,0,0,0,0,1.80294e-05,41984.57709,33716.41146,83.0625363,24.08298509,0,0,0,0,2.32938e-07,0.46446192,0.118250234,0.756957555,0.006986396,0,0,0.156217787,-0.031398106,1.82857e-05,0,2322,30,475916,80382,0.223813712,110038.16,0.225599034,5.431608221,22.42939024,0.426728271,5.431608221,22.42939024,0.426728271,0.537021173,26519.33333,0.537021173,26519.33333,0.72922399,157216.5,0.72922399,157216.5,0.512995821,10182.1875,0.512995821,10182.1875,0.72922399,157216.5,0.72922399,157216.5,15.4542646408081,84.2918961507742,157211.6640625,0.710651900947295,0.456806516429646,2.96537577605403,220.770455625333,12,41.3823704754364,0.000395457980767736,2.0105584859848,0.729223989869186,3.91289221573521e-05,0.0015794575214386,9.59069943428039,184.250400612338,2.85567045211792,0.000183396316433883,2.58190556210011,54494.8333333333,2.2022327197555,0.27766252539855,0.000461454159404438,0.872722905100983,1548917.875,0.00153311780343372,0,546.371674704077,3.97221418664793e-05,21.2087560932194,0.00256903328821619,0.000302241818495159,0.00881456972947761,0,0.000214556314146992,4.93519007720873e-05,111778.4375,0,1.68628336629163,6158.5,0.00229289551077231,0.0560490540727764,0.00103906079451514,35808.3430989583,206,596.952217450573,153.964012576833,93.0905784462132,2.01055846186632,0,8636,1445.58357747396,2.85567054666069,0.000900257883527243,0,0,128.841222652828,0,0.00267829590724185,458.885329232572,4.60260731675695e-06,77.5116339789496,0,0,31929.0546875,2.37755440263187,0,0.000194212788475994,131.202757790388,14.0329424481657,0,0,0,0,0,0,1.74646902084351,0.000773421268976019,2870.76093533396,0,0,0,0,194.558474500598,0,0.00016798153664373,0,0,0,0,0,0,7.87958473401043e-05,0,14.0329424540202
"H15-06802 - 1",1,1,"5/25/2015",19617487,0,"1/21/1945 0:00:00",1,0,70,"Portugal",46,156,18.9020381328074,"ADPKD",4,1,69,0,1,2,1.5,37.25687826,1.8,29.93566895,2.49,20.28041123,1.7,31.8622367523197,3.43,13.55376673,-9.15423501115985,1,1,2.17,23.18778447,-2.16861307057992,1,1,0,0,2.4,20.04381683,"1/17/2024 0:00:00",104,0,0,0,"6/2/2015 0:00:00",0,2,2,1,5,0,18,0,0," ",0,0," ",0,0,0," ",0,0,0,0,1,1,72,1,0,160,60,23.4375,1,0,"Stroke (ischemic)",1,0.8,78.23588038,0,1.65,94,1,0,0,1,1,2,4,2,0,0,10.98961376,0,0,0,0,10.98961376,2.197233949,7.69230769230769,36,3,0.076923077,4.32715e-07,327811.4167,174610.8804,269.7406101,93.23493589,3.60596e-08,94342.5,61061.23431,145.6964933,56.87001414,1.64792e-05,39268.03538,37018.49449,73.82196599,25.80706157,0,0,0,0,5.40894e-07,0.79228871,0.141848898,0.647106884,0.019680735,0,0,0.219204743,-0.501036136,1.6948e-05,0,1371,45,358789,31563.5,0.098163244,51190.875,0.173772999,5.05621441,19.54541319,0.259902673,5.05621441,19.54541319,0.259902673,0.797323628,42522.8,0.797323628,42522.8,0.980070859,273880.5,0.980070859,273880.5,0.754997219,15598.95,0.754997219,15598.95,0.881976445,96370.5,0.881976445,96370.5,11.6519391059875,156.552989324052,60455.1627929688,0.171627528125753,0.980070858574649,1.26143782849389,179.624154639295,99.875,76.0816668507911,0.000103446142089939,1.75903177261353,0.813448967765846,3.27861625417749e-05,0.000490798201144796,5.91996228694916,429.71715736727,1.57203736901283,5.52816504567036e-05,1.57014735682555,12755.4,0.312119992846924,0.0904174990863884,5.4855752897366e-05,0.443369689415143,452065.903125,0.000199058277371024,0.000399790728215958,529.286719662213,3.51109814117628e-05,2.44430068769231,0.000338985288896213,0.000513010165609172,0.00160347913920244,0.0092684673216914,0.000192440795234689,8.65953203201704e-05,2918.68668619792,1.56492229405937,0.261768031428861,36782.25,0.00044195408105363,0.0915714892933249,3.20705948862757e-05,5721975,38,508.390680466682,836.350033596208,294.278803444014,1.75903178413876,2.58487289380169e-05,6834.33333333333,1059.63671875,1.5720373754907,0.00198942527737032,1.51536244363294,0.0239876209854049,105.642726105069,30.5751953125,0.00133415376644172,2147.07647738325,3.9891110905533e-06,63.0160509109497,0.336139244009076,0,85523.375,1.41332483291626,322.392918048963,2.52487203260817e-05,68.996288682223,10.6662965626172,0,60737,1.45456190478523,1.087293397322,8.18588702560653e-05,0,1.97810096144676,0.000146700754527903,146.379725676967,0.178134126682249,501.069703622235,3.59689998626709,0,48.7242788901016,1.31871860269198,0.000229043189905892,0,6.26040250137294,0,466,3.95403717778416e-05,740,0.000357630754427801,9278.650390625,10.6662964344025
"H15-09412 - 1",1,2,"7/18/2015",19103036,0,"2/27/1945 0:00:00",0,0,70,"Portugal",84,172,28.3937263385614,"Hypertensive Nephrosclerosis",3,1,48,0,2,2,1.9,37.48042469,1.9,37.48042469,1.89,37.71852137,1.9,37.2480460574757,1.36,54.94891375,8.85043384626215,0,0,0,0,0,0,0,0,0,1.68,42.27730286,"7/17/2019 0:00:00",48,0,0,0,"7/24/2015 0:00:00",0,2,2,1,5,0,19,0,0," ",1,6," ",0,1,1,"11/3/2019 0:00:00",1,0,0,0,1,1,71,1,0,160,85,33.203125,0,0,"Head Thrauma",2,0.6,95.90284574,0,1.14,65,0,0,0,1,2,2,5,3,0,0,36.08192335,1,1,1,1,36.08192335,2.760476269,16.6666666666667,32,6,0.157894737,1.57095e-07,309233.1406,188891.1203,247.4929084,111.0470523,2.94554e-08,70539.83333,46666.29975,111.0573938,55.80551307,1.04027e-05,45685.49504,74463.36173,78.6648436,28.37853418,14170.63804,9754.009128,51.91819444,16.21532203,2.70008e-07,0.221347182,0.04857909,0.475250581,0.014541365,0.131230033,0.001104239,0.102217844,-0.465586963,1.04835e-05,0.868769967,2119,55,346721,172865.5,0.559039553,203895.8889,0.548457214,9.685192814,35.12253295,0.208840203,9.685192814,35.12253295,0.208840203,0.221681779,32229.3,0.221681779,32229.3,0.356550729,106204.5,0.356550729,106204.5,0.206638393,20968.45455,0.206638393,20968.45455,0.263051091,63196.625,0.263051091,63196.625,28.2933146953583,108.309837553159,1432807.359375,3.96882559250405,0.280820605405243,12.9439444632508,333.30503838967,24,54.1202365109392,0.0282533664507987,2.45751786231995,0.356550728625176,0.000163978877683963,0.0516989176983585,16,6.69119826237188,3.22348880767822,0.00668958572799761,6.06448879979865,268832.75,5.2288366313403,0.558528286357364,0.00032494846851595,2.91036753580109,40.7922468185425,0.00161290322580645,0.0220127735894157,73.7066299886994,9.36867508938091e-05,0.114219450496393,0.00257155600017686,0.000152922238549942,0.00752970925250252,0.935676137027384,0.000638736732258397,2.02390916855387e-05,421663.90625,1.51377824084596,1.88892546622984,9920,0.00139335178593707,0.619990831588282,0.00064158412027653,55218.4110107422,170,893.289072835953,265.08308448288,116.747902876405,2.4575178895072,6.08915812217655e-05,20814.6666666667,4067.63126627604,3.22348883966971,0.000570297600261544,1.6083747624984,6.63277762313501,174.561349462638,4.99689960479736,0.00275245140202993,797.76049737446,1.07700780204045e-05,32.8547093527658,1.63282482903735,2.09746849734212,242826.65234375,3.37293904168265,495.394556913944,4.23517207837665e-05,93.8978347389852,8.32901269833091,8236.7587890625,3104,10.7367679639411,3.52287127934079,0.00680297271795735,1.38607735368602,5.33297709056309,0.000222185547851321,1262.98417785601,9.41447398254187,418.344995024903,40.5534915924072,0.242029818672499,169.118301789014,1.44678961024558,8.90972300459467e-05,7.99069976806641,1.54427482168055,218219.6875,120207,0.0013784671335701,64096,0.000259691824876581,627578.46875,8.32901273454939
"H15-09412 - 2",1,2,"7/18/2015",98007670,0,"3/21/1955 0:00:00",1,0,60,"Portugal",71,154,29.9375948726598,"Chronic glomerulonephritis (unspecified)",2,1,20,0,2,1,1.1,57.52476157,1.3,47.07540085,1.14,55.11124573,1.26,48.5713738499248,0.98,64.85623533,8.1424307400376,0,0,0.84,77.07009037,7.1246791300188,0,0,0,0,0.88,71.01966237,"5/21/2024 0:00:00",106,0,0,0,"7/26/2015 0:00:00",0,2,2,2,6,0,17,0,0," ",0,0," ",0,0,0," ",0,0,0,0,2,1,71,1,0,160,85,33.203125,0,0,"Head Thrauma",2,0.6,95.90284574,0,1.14,65,0,0,0,1,3,2,6,3,0,0,69.2043,1,1,1,1,69.2043,1.225554083,16.6666666666667,30,5,0.142857143,1.01305e-07,387781.8833,219318.2917,292.4099429,96.86360827,1.68841e-08,71918.4,18677.98784,135.2604936,19.97495603,1.2761e-05,36793.3837,42679.80206,75.08511564,25.32171836,15781.68421,16917.21787,49.68012625,17.19671948,3.57943e-07,0.202128465,0.039284125,0.469520905,0.050536415,0.196090927,0.002346242,0.083668532,-0.506986889,1.28746e-05,0.803909073,3779,106,383046.75,172780.5,0.498723831,213428.7778,0.471418741,9.644552831,30.11378139,0.279305041,9.644552831,30.11378139,0.279305041,0.21530659,186775.0938,0.21530659,186775.0938,0.278194666,1371306,0.278194666,1371306,0.171552786,14896,0.171552786,14896,0.346568002,702412.375,0.346568002,702412.375,21.9550394330706,248.308087007849,561239.544642857,7.08362192435055,0,1.41243120661063,297.89407702349,75,124.450793488832,0.000119753517973022,2.70134316171919,0.384282122102422,9.73927104069233e-05,0.000537417427411226,22.9813957214356,439.797889414954,6.17938756942749,6.15976245214632e-05,10.69855745031,135139.857142857,1.55479825776199,0.362658075438376,0.00011131023271958,1.46995727576686,965921.99609375,0.000413967319128804,0.0066433775575422,608.560796750429,5.18343844235803e-05,4.62355325736814,0.000872361475936996,2.0824892028767e-05,0.00237215268588598,1.02080017442494,0.000416502944573352,3.59581462983575e-05,9584482.5,1.23424337324616,3.83797678555345,55515,0.000281198842536243,0.577504242155032,0.055118963636201,1,1948,754.634113604043,9.86684535584131,284.836024500364,2.70134311670587,0.000249217925723526,18845.9166666667,3907.07771809896,6.17938750725058,8.37060101842777e-05,8.34170305955831,10.1406774260316,177.739387833306,10.4953498840332,0.000666513797025393,30.142135623731,5.92535037522467e-06,45.6127377918788,0.964731049565683,2.28033683023739,90.1782989501953,4.83277177810669,268.85791908562,2.42503184386522e-05,120.065221099065,9.80739492259275,17002.19140625,87787.5,8.87578356219784,1.15994400493417,0.00174538879504155,1.32911761723011,5.32093729291643,0.000129708362559717,379.568542494924,6.99080240925478,368.157154911198,40.5441932678223,0.272344445790418,450.230948306245,1.15663231867495,0.00011828468145096,12.7875995635986,2.67755108686872,535376.4375,46819,0.00012438972489229,57687,5.18996618472125e-05,482833.75,9.80739494732448
"H15-10995 - 2",1,2,"8/29/2015",9004620,0,"6/12/1956 0:00:00",0,0,59,"Portugal",68,169,23.8086901719127,"Hypertensive Nephrosclerosis",3,1,62,0,2,2,1.9,40.13429021,2.2,33.65988988,2.06,36.42329602,2,37.5044590274056,1.81,41.75443345,2.1249872112972,0,0,2.3,30.9343836,-1.6425188568514,0,0,0,0,2.44,28.14208299,"4/2/2024 0:00:00",103,0,0,0,"9/14/2015 0:00:00",0,1,2,1,4,0,15,1,0," ",0,0," ",0,0,0," ",0,0,0,0,2,1,68,1,0,160,75,29.296875,1,0,"Stroke (ischemic)",1,0.8,80.20658109,0,1.41,85,0,0,0,0,2,2,4,2,0,0,50.20325443,1,1,1,1,50.20325443,0.365160215,0,22,0,0,1.80625e-07,345188.2955,170807.4637,278.4383635,79.61575608,0,0,0,0,0,1.1289e-05,43138.71564,41505.21741,80.82116507,29.05397491,21234.05427,17236.65931,54.74890542,17.62554381,2.05255e-07,0.354735677,0.062349524,0.486994781,0.009169798,0.212249035,0.003838882,0.128029141,-0.185867885,1.08765e-05,0.787750965,1375,25,382203,210268.5,0.552992055,179327.9524,0.511134155,7.594862434,27.49885625,0.207647892,7.594862434,27.49885625,0.207647892,0.315823806,26170.91667,0.315823806,26170.91667,0.525633915,64485.5,0.525633915,64485.5,0.247897133,13146.625,0.247897133,13146.625,0.451677152,52219.5,0.451677152,52219.5,24.1157630284627,140.408549444231,1087581.02083333,4.22386400590354,0.525633915228842,1.51394540520338,367.278632293626,38.5,69.4247114110051,0.000117918900386528,2.50840830802917,0.377720388726096,6.89815956704961e-05,0.000475701450034881,19.1875982284546,403.432596472406,5.10674715042114,5.41710764041335e-05,6.47393556859137,239094,2.89520091707219,0.438142534017261,0.000285823373915426,1.99142945280688,1361842.796875,0.00106439583151727,0,611.465011103627,5.82519086048475e-05,7.01172885414545,0.00230545009530284,0.000234324359073146,0.00777904456541771,0,0.000318889595747707,1.59855595805855e-05,168853.1875,0,3.87466723974619,19208,0.00088681966972298,0.596209203892959,0.000359496937886472,563759.25,44,934.00958135787,311.554417075356,171.925951352827,2.50840829810577,0,7138.5,1592.99462890625,5.10674726998273,0.000745136928195736,0,0,106.411916212497,0,0.0013859644272273,954.489465456345,6.73087552912363e-06,26.8548452854156,0,0,186815.734375,5.72441744804382,0,2.28601919374463e-05,102.482115268372,5.77962692804013,0,0,0,0,0,0,5.09851306676865,0.000126323624262839,1329.20624022941,0,0,0,0,78.7146746166177,0,0.000267950924867152,0,0,0,0,0,0,0.000900540324194517,0,5.77962702512741
"H15-14813 - 1",1,1,"11/18/2015",19168800,0,"1/28/1953 0:00:00",0,0,62,"Portugal",96,168,34.0136054421769,"Obstructive uropathy (lithiasis)",4,1,27,0,1,2,3.1,21.8918696,1.6,48.41421627,1.53,51.08426723,1.38,57.4593850652804,2.68,25.58892901,-15.9352280276402,1,1,3.33,19.47505832,-9.4960816863201,1,1,0,0,3.33,19.37358179,"12/2/2020 0:00:00",60,1,1,0,"1/4/2016 0:00:00",0,2,2,1,5,0,29,0,1,"6/6/2021",1,1,"6/6/2021 0:00:00",1,0,0," ",0,0,0,0,1,1,78,0,0,170,66,22.8373702422145,1,0,"Stroke (ischemic)",1,0.8,90.58531818,0,1.65,94,1,0,0,1,0,2,3,3,0,0,21.5564,1,1,0,0,21.5564,0.841095284,10,9,0,0,2.40843e-07,336244.1667,150333.7018,286.5131375,69.15200501,0,0,0,0,0,1.50928e-05,55062.84397,65248.36687,79.1880874,29.41522871,36040.30048,36222.0865,60.6367664,19.30517476,4.01405e-07,0.681104847,0.080982056,0.831054051,0.010876376,0.374727144,0.026284673,0.097444992,-0.617733688,1.27813e-05,0.625272856,564,15,379710.5,65514.5,0.163756979,64881.5,0.181049608,5.462834937,21.8604524,0.378976016,5.462834937,21.8604524,0.378976016,0.601466009,32601.35714,0.601466009,32601.35714,0.616962913,61779,0.616962913,61779,0.493233578,14436.625,0.493233578,14436.625,0.745775917,56821,0.745775917,56821,11.4573656717936,191.223468206531,81986.5677083333,1.42698007615786,0.633052623769321,1.16304509773376,238.85741737011,65,92.655275079188,0.0001717271143679,2.12830281257629,0.439004800546962,4.45223796669224e-05,0.00108149045459994,8.59379959106445,375.309218338653,1.88391971588135,0.000123928297914721,2.76875798475252,36128.6666666667,0.888414309884064,0.178823854999523,3.41605417302462e-05,0.417959207472984,2069586.875,0.000155828747412726,0,436.501546523061,3.85579592060001e-05,16.2456875574011,0.00034863572125346,0.00061698875682171,0.00142144230326914,0,0.000211338080644479,5.33215108513548e-05,14763.8308919271,0,0.277281117829652,55149,0.000289239103392679,0.177238710706143,0.000233987318132456,697578.46875,23.6666666666667,542.041557695492,327.420330507483,373.969612630786,2.12830281692171,0,29406,6676.6669921875,1.88391971999353,0.00209195283387383,0,0,220.327692598458,0,0.0010587408637507,923.941738241592,4.3909811784091e-06,69.0655088424683,0,0,52309.060546875,2.44296216964722,0,2.21028659777947e-05,98.0705621776578,14.5360685972694,0,0,0,0,0,0,2.21681728959084,0.000129485014411024,2345.85613127271,0,0,0,0,43.5642571193539,0,6.76552973531066e-05,0,0,0,0,0,0,0.00108509203259895,0,14.5360686779022
"H16-00638 - 2",1,2,"1/18/2016",17008699,0,"6/5/1972 0:00:00",1,0,43,"Portugal",65,161,25.0761930481077,"Undetermined",5,1,21,0,1,2,1.4,47.87287786,1.4,47.87287786,1.36,49.56743988,1.61,40.2301007026701,1.23,54.88504467,7.32747198366495,0,0,1.27,52.16433501,2.98355857683248,0,0,0,0,1.4,45.27531678,"5/24/2024 0:00:00",100,0,0,0,"1/27/2016 0:00:00",0,0,0,0,0,0,17,0,0," ",0,0," ",0,0,0," ",0,0,0,0,2,1,46,0,0,170,92,31.8339100346021,1,0,"Stroke (ischemic)",1,0.8,110.5325163,0,0.93,43,0,0,0,1,1,2,4,4,0,0,47.27664609,1,1,1,0,0,7.858209301,13.3333333333333,25,4,0.137931034,1.51957e-07,434229.5,169297.7885,321.3209466,80.06977762,2.43132e-08,164755.25,27995.91929,188.751738,36.18744808,1.0485e-05,45093.72174,45311.3043,76.31282668,31.82994701,41472.65654,40939.71336,68.5036688,20.98129286,3.40384e-07,0.351339405,0.065984313,0.472809885,0.011006955,0.471627781,0.010929448,0.139557812,0.141048934,1.08429e-05,0.528372219,1725,56,396934.5,187527,0.396113057,169875.4,0.373053771,6.785123903,30.00868935,0.248235805,6.785123903,30.00868935,0.248235805,0.249509709,31604.75,0.249509709,31604.75,0.293178919,103739,0.293178919,103739,0.21417699,12165.78571,0.21417699,12165.78571,0.331952719,76962.33333,0.331952719,76962.33333,26.4837214946747,226.427884931034,1333571.4296875,3.91876370773073,0,1.15583535340526,378.470580622508,92.6666666666667,115.927859753973,3.20789113216215e-05,2.32478299736977,0.215536868182511,9.52995601741503e-05,0.000161762519636315,28.2573649088542,815.503832066511,5.479429880778,1.85293903875886e-05,5.04292802616285,268359,1.67343388771524,0.492877272603719,7.7326797266857e-05,2.44202726123114,2117386.35416667,0.000393320409943651,0.00141473419042695,942.266638919482,7.87451853881661e-05,3.50067165898407,0.000553668639758223,0.000329655533803954,0.00204385652314393,0.736665746409644,0.000409180819942922,1.36309893140973e-05,58209.352734375,1.2138529268245,3.55318757718668,76969.3333333333,0.000267758068391427,0.455432890360569,0.012747192869381,0,26.6,899.802453607497,53.9746230990815,440.654357974728,2.32478303085451,2.42961152298788e-05,13407,2776.4033203125,5.47942993219109,0.00100148778399036,5.60599780104786,3.32161924115575,139.166601054671,10.5907001495361,0.000609714898960342,127.947222151364,9.009246397913e-06,41.4275197982788,0.856021192390263,1.79196728602491,655.986083984375,2.51968203272138,535.243868659137,3.42466774348937e-05,112.455085169422,9.43428613587859,27196.6875,121017,5.72687093568551,1.77729937364635,0.000318459607113373,1.73664919731555,4.65800714492798,0.000234843201109815,2007.02606040143,4.77947619178865,570.436339152779,25.1658954620361,0.203726609786061,58.684406665638,1.12957156220115,0.000133863025004319,10.9844989776611,2.38398865382046,496961.15625,136085,5.67668580651431e-05,165150,0.00127832277243916,953758.8125,9.434286236763
"H16-03611 - 1",1,2,"3/23/2016",19488578,0,"2/14/1948 0:00:00",0,0,68,"Portugal",81,167,29.0437089892072,"Undetermined",5,1,52,0,1,2,1.7,43.36827358,1.2,65.87086163,1.16,68.60586628,1,81.4722728271009,1.22,63.38347124,-9.04440079355045,0,1,1.72,41.45449847,-10.0044435892752,0,1,0,0,1.09,71.29830049,"12/9/2021 0:00:00",69,1,1,1,"4/7/2016 0:00:00",0,1,0,0,1,8,19,0,0," ",1,6," ",0,1,1,"2/28/2022 0:00:00",4,1,0,0,1,1,47,1,0,160,75,29.296875,1,0,"Stroke (hemorrhagic)",1,0.7,107.2806757,0,1.01,51,0,0,0,1,0,2,3,3,0,0,10.97906548,0,0,0,0,10.97906548,0.243157598,7.40740740740741,50,4,0.074074074,3.01502e-07,361558.63,168032.8588,288.5062137,86.02351234,2.41202e-08,159030.5,40943.89581,205.0293247,22.56049683,1.94288e-05,41892.15394,43627.09253,76.93324007,28.6373606,29862.96429,16173.68173,63.97824329,13.70605026,4.34163e-07,0.638906788,0.109010628,0.813913649,0.021066721,0.864622332,0,0.133933898,0.018497126,1.98342e-05,0.135377668,3222,72,421593.75,62656.5,0.153659688,64158.52632,0.172294987,4.850077127,20.17452976,0.407180857,4.850077127,20.17452976,0.407180857,0.588658325,30473.21429,0.588658325,30473.21429,0.696434012,255923,0.696434012,255923,0.578902998,12818.36842,0.578902998,12818.36842,0.681333928,198194.25,0.681333928,198194.25,11.6166423479716,186.998597334736,164600.222135417,0.414677154541016,0.921336939180351,1.2001587934817,341.63974541558,75.5,78.0888470457739,0.000114691071610066,2.07048951387405,0.69643401159956,7.28521259322014e-05,0.000543433361225992,5.49922490119934,470.543958975705,1.53902748227119,6.24191260163713e-05,2.03776469070928,74260.2,0.0269840084897161,0.160937502523927,5.51849132731841e-05,0.359760667529395,2576750.1,0.000182243318856268,0.000424745860793107,555.870064810864,9.22165897003816e-05,12.1633348866877,0.000394123656754611,0.000175120636820793,0.00157895356815777,0.289201965672929,0.000338831640298862,2.48292360594809e-05,106157.3515625,1.11157825393306,0.242485831211484,51230,0.000578678048536395,0.199245409916603,0.000206304845824707,39743.314453125,293,875.479439590343,115.104138830313,324.459852169199,2.07048952257284,2.12952026833249e-05,11731.3571428571,2189.0590297154,1.53902747738335,0.000522710859775543,0.445914245907625,1.04951279149476,146.543429494569,52.9534912109375,0.00163220311395291,334.149278298667,1.05728552353709e-05,43.7994186878204,0.107496390711907,1.59483569878165,209.07209777832,0,409.055827909943,5.1067873212221e-05,95.4780918798202,9.38882144839244,22547.787109375,18689,1.05999994277954,1.17668336169755,8.47972295821861e-05,1.14452300962802,2.1827989667654,0.0002911251750803,129.651280605346,9.66293619070208e-05,511.667845416957,14.393798828125,0.180005006381624,190.128903641713,1.08604337078692,0.00015561325601179,7.59069967269897,10.5717558614273,88832.1015625,34045,8.57816298178921e-05,88,4.6875e-05,21.1999988555908,9.38882148265839
"H16-03611 - 2",1,2,"3/22/2016",10004850,0,"9/4/1970 0:00:00",0,0,45,"Portugal",74,169,25.9094569517874,"ADPKD",4,1,44,0,1,2,1.3,69.04019214,1.4,63.16556299,1.53,56.78116478,1.32,67.3665472736572,1.1,82.80561159,7.7195321581714,0,0,1.47,57.74949283,-2.4042636109143,0,0,0,0,1.47,56.45683229,"4/24/2024 0:00:00",97,1,1,1,"3/30/2016 0:00:00",0,2,0,2,4,11,16,0,0," ",0,0," ",0,0,0," ",0,0,0,0,2,1,47,1,0,160,75,29.296875,1,0,"Stroke (hemorrhagic)",1,0.7,107.2806757,0,1.01,51,0,0,0,0,0,2,2,2,0,0,11.66133595,0,0,0,0,11.66133595,0.097557038,0,30,0,0,1.45192e-07,317376.9833,168344.1792,263.2457574,96.7431543,0,0,0,0,0,1.44514e-05,50816.36537,50653.05788,83.54638262,31.97465206,51716.70513,28929.13411,74.35169731,15.11255141,2.90384e-07,0.586231651,0.046080534,0.734368807,0.011517734,0.958954614,0,0.06274849,-0.13940406,1.46364e-05,0.041045386,2986,60,371994,68903,0.211530108,83944.47826,0.228617845,5.614707716,21.20942738,0.420590771,5.614707716,21.20942738,0.420590771,0.582253581,49700.94444,0.582253581,49700.94444,0.998740044,288415,0.998740044,288415,0.533003482,11779.71429,0.533003482,11779.71429,0.754628927,182425.25,0.754628927,182425.25,20.7720966339111,330.644351745954,313044.71875,0.744514795449562,0.437680446084497,1.76486644640948,193.263800399024,355,156.244219949322,0.000197219071662017,1.99021446704865,0.60516372529456,0.00016955841725,0.000829953651952985,8.68914937973022,271.322338624618,1.63536244630814,9.55466944433817e-05,2.33243029473343,58518.5,1.61213406083955,0.380066942226282,6.60865321544526e-06,2.04174818986912,754748.395833333,3.59487841219282e-05,0,475.521002264021,0.000243840299843888,7.50713510796708,0.000154612622202613,0.000297042990148692,0.00054403580262166,0,0.000777914518283633,5.28145477684499e-05,73398.5361328125,0,0.199444807463417,254693,7.03421820919745e-05,0.0185016699046609,0.00138874798299281,26488.1598074777,114,512.565013574969,121.843302066711,1037.69910634784,1.99021444842484,0,11126.6666666667,1983.02931722005,1.63536241409499,0.000971559932516849,0,0,125.492281702731,0,0.000312563215393948,362.999752413778,2.77921744611897e-05,47.0046539306641,0,0,15551.2740652902,2.14167724847794,0,0.00558271880474849,76.8621724125632,9.36542262309248,0,0,0,0,0,0,1.40626020431519,0.0109934204021418,2481.34132599177,0,0,0,0,123.228159464013,0,0.000162622806094508,0,0,0,0,0,0,0.000157610357751542,0,9.36542272567749
"H16-04365 - 1",1,2,"4/8/2016",19059320,0,"12/27/1955 0:00:00",0,0,60,"Portugal",59,167,21.1552942020151,"Undetermined",5,2,60,0,1,2,1.3,62.890765,1.4,57.53939053,1.51,52.5468351,1.5,52.6390910948694,1.27,63.48211864,5.4215137725653,0,0,1.26,63.29497143,2.66397008378265,0,0,0,0,1.25,62.6477723,"3/6/2024 0:00:00",95,1,0,0,"4/28/2016 0:00:00",0,1,2,1,4,0,20,0,0," ",0,0," ",0,0,0," ",0,0,0,0,1,1,70,0,0,170,70,24.2214532871972,1,0,"Stroke (hemorrhagic)",1,1.6,46.06433916,0,1.65,94,1,0,0,1,2,2,5,3,0,0,35.1988,1,1,1,1,35.1988,0.236431779,14.2857142857143,37,5,0.119047619,2.10664e-07,318349.2973,201303.6383,262.8291464,111.8523488,2.84681e-08,73460.5,45115.69842,125.061992,55.57425803,1.76559e-05,28350.94099,33795.86179,66.58909943,22.94345916,10933.66667,10339.7112,45.90783583,15.53480797,4.61183e-07,0.59337264,0.067064663,0.50056142,0.01876364,0.29628751,0.03803841,0.13397889,-0.147447855,1.8004e-05,0.70371249,3101,81,326482.5,74061,0.283767017,124081.1429,0.324321984,5.711279619,19.65553261,0.300047095,5.711279619,19.65553261,0.300047095,0.597558973,51391.70588,0.597558973,51391.70588,0.89052772,247117,0.89052772,247117,0.579031108,15771.15,0.579031108,15771.15,0.624027353,102278.2143,0.624027353,102278.2143,17.3722044740404,3.18489311561261,204499.930873326,0.549253719956128,0.684002203600067,1.2944964385675,181.027812395328,1,4,9.14353165455857e-05,1.6150090609278,0.514495755427526,3.0438923088507e-05,0.000462812766389845,2,518.99054319587,1.23636364936829,5.40279470467782e-05,1.26896549093312,57270.6428571429,0.668282334299401,0.420875241743719,0.0213166146442808,1.53072113613147,2905195.9375,0.0344827586206896,0.00190514388849895,658.682106592712,2.77686092244923e-05,10.2124404241124,0.142857142857143,0.0223844069153515,0.142857142857143,0.481036434788304,0.000176086741299221,0.000260890975130564,36.7999992370605,1.24624179292085,0.937931060791016,58,0.142857142857143,0.348807538419785,0.000114186702917765,2533203.83333333,0,466.27042098079,475.936333736461,27.3965306604208,1.61500906857187,3.7893340872663e-05,32600.5833333333,6129.21150716146,1.2363636710427,0.047714923744771,0.249642962295581,2.92415019536439,262.432920241666,19,0.0454545454545455,1481.81269752191,3.18510263772863e-06,41.8111859730312,0.0583660525520991,1.32185176818876,98641.2864583333,0,428.508160599487,1.28143533393573e-05,75.8937574385383,7.14000601714971,14057.8935546875,773,1.41895115629156,3.92120833607925,0.000525576198374772,1.28231118757689,2.65982040337154,7.94793595292138e-05,91.4142135623731,0.00539765321886634,270.614979913104,22.2798480987549,0.142790764488807,5.8309518948453,3.00597954009538,6.95345794049377e-05,6.59069967269897,5.24157138336007,302356.375,55195.5,0.00105972504575305,573,0.0298507462686567,133.381408691406,7.14000609942845
"H16-04650 - 2",1,2,"4/14/2016",19021820,0,"5/16/1959 0:00:00",0,0,56,"Portugal",77,168,27.281746031746,"Chronic glomerulonephritis (IgA)",2,2,22,0,2,2,1.5,54.30169921,1.3,64.47493424,1.41,58.48708753,1.3,64.0751896499452,1.09,78.1822402,7.0535252750274,0,0,1.18,70.2036163,1.5321066625137,0,0,0,0,1.85,39.92406908,"5/10/2024 0:00:00",97,1,1,1,"4/21/2016 0:00:00",0,1,1,0,2,0,19,0,0," ",0,0," ",0,0,0," ",0,0,0,0,2,1,61,0,0,170,85,29.4117647058824,1,0,"Stroke (hemorrhagic)",1,0.8,100.6873575,0,1.15,66,0,0,0,0,1,2,3,3,0,0,40.21828685,1,1,1,0,0,0.873499068,0,41,0,0,2.32859e-07,354245.2683,164172.0349,276.732593,95.51311378,0,0,0,0,0,1.23074e-05,40517.75265,43439.82721,74.52510894,27.44644182,26644.25299,25000.84247,54.97733714,17.77499607,1.81744e-07,0.387626822,0.082489153,0.49866994,0.009092784,0.224377015,0.001649525,0.165418339,-0.292057789,1.0588e-05,0.775622985,2167,32,385416,170149.5,0.453252322,174366.6216,0.43906619,7.597448979,24.24806485,0.275461852,7.597448979,24.24806485,0.275461852,0.409680399,24105.58333,0.409680399,24105.58333,0.518194933,62732.5,0.518194933,62732.5,0.387977492,16380.2,0.387977492,16380.2,0.518194933,62732.5,0.518194933,62732.5,3,59.4944749962499,335.138008117676,3.10939117775364,0.518194932669922,1.27347492657405,3.17958680155873,13,29.0688837074973,5.27605260670545e-05,1.1176221370697,0.461295317563607,0.0001688927081213,0.000248691109494095,11.7875995635986,637.159790462981,3.43485331535339,2.85661595611927e-05,5.02256168414156,401.5,2.62851124994026,1.53113499344692,0.000743153032313586,1.16394361838316,1801675.46679688,0.00255032444041511,0,807.149283419503,0.000144929820479726,4.26318203055079,0.00388484427092642,0.000369604667315923,0.00935806116507204,0,0.000632350390537491,0.0087479253115495,95977.0078125,0,2.37511705227715,4622,0.00323326475038303,0.243749498543609,0.00039187622823929,353384.46875,52.5,67.8196508701823,438.885518609155,99.3965240014862,1.11762212873339,0,7689,1797.45672607422,3.43485325895651,0.00112335158132683,0,0,124.241567330696,0,0.00368823515757154,1074.63160108008,1.65847257878389e-05,82.5736567179362,0,0,164983.765625,1.16410255432129,0,0.000190196838105683,193.684797203431,21.7359324572526,0,0,0,0,0,0,2.54709462324778,0.000852630200901045,34.7989898732233,0,0,0,0,73.9077309698491,0,0.000266698861643926,0,0,0,0,0,0,0.000685549689996257,0,21.7359326680501
"H16-08527 - 2",1,2,"7/6/2016",13009438,0,"12/4/1958 0:00:00",0,0,57,"Portugal",66,157,26.7759341149742,"Chronic glomerulonephritis (Crescentic GN)",2,1,25,0,2,2,2.1,36.03784138,1.8,43.36056344,2,38.21078222,1.7,46.1511162611432,1.29,63.47624795,8.6625658444284,0,0,1.92,38.90052035,-1.8126489777858,0,0,0,0,1.7,44.66300089,"3/14/2022 0:00:00",68,0,0,0,"7/15/2016 0:00:00",0,2,1,2,5,2,15,0,0," ",1,6," ",0,1,1,"3/17/2022 0:00:00",1,1,0,0,2,1,66,1,0,160,83,32.421875,0,0,"Head Thrauma",2,0.8,81.21046918,0,1.09,61,0,0,0,0,2,2,4,3,0,0,44.58805472,1,1,1,1,44.58805472,1.012554591,0,32,0,0,1.9476e-07,279425.25,133609.5281,254.58345,75.64091652,0,0,0,0,0,1.37975e-05,31884.5805,35299.76546,66.55262875,22.07961517,14175.04704,25693.22646,47.48620685,14.04986352,3.65174e-07,0.288162311,0.05442074,0.439927431,0.017152956,0.394089393,0.004583507,0.123703902,-0.286133755,1.65351e-05,0.605910607,2267,60,261414.5,146207.5,0.560246684,159831.1034,0.522266421,8.644154806,31.81790759,0.171218635,8.644154806,31.81790759,0.171218635,0.33641489,24279.03846,0.33641489,24279.03846,0.262169617,70778,0.262169617,70778,0.328381294,17805.09091,0.328381294,17805.09091,0.380599671,59885.75,0.380599671,59885.75,25.87984589168,104.793675746201,661008.430803571,3.45129635412673,0.262169616719253,1.19122460180619,223.440430537394,9,50.0099990001999,9.7896634083504e-05,2.3396075793675,0.438394126477602,7.87402706244414e-05,0.000482818081054726,12.3844985961914,527.499742230828,3.56058502197266,5.58719664672078e-05,5.40385205302292,123781.5,4.99412076271186,0.586282298846937,0.000388032369439043,3.14494568435988,3004668.6875,0.00134966200917517,0,624.26681999223,4.76221389581664e-05,11.8160715915588,0.00214244513458391,0.000333766530166356,0.00702709849826748,0,0.00036575958590151,4.42942795626763e-05,115192.37109375,0,2.20751612562663,9176,0.0020625005258578,0.549900828484915,0.000437853107344633,106502.9453125,44.75,583.915841067439,432.734489701976,112.735476554344,2.33960756781327,0,14022.8571428571,2943.71562848772,3.56058498308139,0.000945757756603087,0,0,149.363544475958,0,0.00217692012589056,1105.80317395533,5.48150155982033e-06,47.4443435668945,0,0,353583.75,1.94691121578217,0,2.03555509491399e-05,121.476975254922,10.2417406381571,0,0,0,0,0,0,5.0732409954071,0.000107546827990447,804.386868351903,0,0,0,0,77.2539095717779,0,0.000148207643356642,0,0,0,0,0,0,0.000681074531936836,0,10.2417407035828
"H16-09934 - 1",1,2,"8/6/2016",15047412,0,"5/3/1953 0:00:00",0,0,63,"Portugal",72,165,26.4462809917355,"Diabetic nephropathy",1,2,23,0,1,2,1.4,56.4757796,1.3,61.72823435,1.29,62.30289469,1.2,67.5300971745037,1.2,66.69531983,-0.417388672251846,0,0,0.93,89.43989924,5.47745051637408,0,0,0,0,1.04,76.97137467,"11/28/2023 0:00:00",88,1,1,1,"8/13/2016 0:00:00",0,1,1,1,3,2,17,0,0," ",0,0," ",0,0,0," ",0,0,0,0,1,1,65,0,0,170,89,30.7958477508651,1,0,"Stroke (hemorrhagic)",1,0.7,102.254983,0,1.2,71,0,0,0,1,1,2,4,4,0,0,9.697128725,0,0,0,0,0,0.224598857,12.5,28,3,0.096774194,1.82656e-07,414664.8929,220248.8958,297.3776317,103.6865532,1.95703e-08,144675.6667,105211.2341,157.8712723,105.579329,8.96973e-06,48800.15891,64396.71628,80.4825555,30.95422553,124340.7857,243213.7659,78.22260808,60.27030197,4.43594e-07,0.575159808,0.075741183,0.437724365,0.032688999,2.928480825,0,0.173033967,-0.269010209,9.19979e-06,-1.928480825,1375,68,408369.25,61352,0.193902563,122581.5789,0.298272423,5.664411246,20.78331857,0.270312579,5.664411246,20.78331857,0.270312579,0.687743406,50813.30769,0.687743406,50813.30769,0.957946474,355487.5,0.957946474,355487.5,0.634398541,16734.075,0.634398541,16734.075,0.865559624,164410.75,0.865559624,164410.75,4.99534606933594,4.0073362905333,5730.59814453125,0.280137401870147,0.928298001986881,1.23907349241982,87.0352629601814,2,7.21110255092798,3.45433102987623e-05,1.79842686653137,0.774246513177772,4.48944510452651e-05,0.000182165133195516,4,699.1746292318,1.64286231994629,2.07876869272901e-05,1.62619289131283,2339.5,0.365138598150943,0.0783539096778719,0.0140415582901392,0.183538880067057,4461668.83653846,0.0341880341880342,0.000446886192062492,860.556471490404,4.16843493285657e-05,9.42360362638351,1,0.000469302098160936,1,0,0.000253213472644695,0.000463382880937917,8353.37627234826,15.5247948937525,1.43223897819845,117,0.0816326567104885,0.347468962095749,2.67359188669682e-05,7029460.75,69.9230769230769,261.406456457456,794.430825051116,43.3719478076431,1.79842689163598,0,26352.8,4604.85263671875,1.64286235734528,0.00199362653610989,0.799563017244199,0,215.992311965394,46.3782958984375,0.0392156862745098,2243.34141264695,4.80473993845759e-06,50.1357144442472,0.203853443691452,0,119970.87890625,4.56229078769684,135.709288061291,2.2231354103723e-05,69.2576533226418,8.21779749868257,0,37375,3.83681644554439,1.27753409135768,9.86583757978979e-05,0,2.66325117241253,0.000127433857074813,1467.10678118655,2.78566183238489,549.325682483211,0,0,75.2229303657664,1.20952430432943,8.32572230972797e-05,0,10.2388647729353,0,0,4.16063972855186e-05,174679,0.0003372820219135,696086.75,8.21779762614857
"H16-09934 - 2",1,2,"8/6/2016",17016122,0,"10/22/1957 0:00:00",0,0,58,"Portugal",77,162,29.3400396281055,"Diabetic nephropathy",1,1,18,0,1,2,1.4,58.2595697,1.2,70.0976438,1.41,57.76409589,1.3,63.283120348576,1.44,55.28189251,-4.000613919288,0,0,1.64,46.70928935,-4.143457749644,0,0,0,0,1.4,55.31129915,"2/26/2024 0:00:00",91,1,1,1,"8/17/2016 0:00:00",0,1,1,0,2,0,19,1,0," ",0,0," ",0,0,0," ",0,0,0,0,2,1,65,0,0,170,89,30.7958477508651,1,0,"Stroke (hemorrhagic)",1,0.7,102.254983,0,1.2,71,0,0,0,0,1,2,3,3,0,0,18.17581335,1,0,0,0,18.17581335,0.535186515,0,29,0,0,1.85648e-07,302483.0862,240531.627,239.1355388,153.1339991,0,0,0,0,0,7.86765e-06,61027.36493,97822.99774,82.59382869,32.99848208,30130.42473,115232.0795,61.73959643,33.98175785,3.32887e-07,0.537735256,0.056155484,0.480141872,0.026983491,0.583420444,0.016648437,0.116956023,-0.179249605,9.00842e-06,0.416579556,1229,52,0,0,0,103808.9474,0.246800553,6.06206866,21.37003963,0.275421712,6.06206866,21.37003963,0.275421712,0.637726305,51598.97619,0.637726305,51598.97619,0.983793661,212679,0.983793661,212679,0.619693606,17816.125,0.619693606,17816.125,0.661769902,96642.77778,0.661769902,96642.77778,15.9149055480957,117.606483240874,168039.550292969,0.466250667800556,0.823944823523087,1.17256164392615,194.8620499192,38.1428571428571,59.0919963935392,3.20611458486512e-05,1.68073512613773,0.718939679653157,0.0712091088754016,0.000169036947723651,8.22015380859375,733.49832649506,2.07166635990143,1.93510359954766e-05,1.90751262535968,76384,0.560006924504818,0.266312973007452,0.000158278828145129,1.11036940456351,3382569.43333333,0.000616013090710927,0,848.101874472113,0.0385782442587178,6.92808056736414,0.00101668563690714,0.000448773310910798,0.00384740818182996,0,0.079945817677551,0.000105420144200858,8958.29915364583,0,0.731883523426826,14641.1428571429,0.00112646912820113,0.899813015786661,7.49709790025987e-05,2801179.359375,37,482.980100011871,605.621379373812,156.623371957597,1.68073511701668,0,35385.4285714286,6083.80301339286,2.07166638930461,0.00144133093537604,0,0,282.48423966859,0,0.0020069374022417,1634.56367132979,0.00341985565321684,2.2393798828125,0,0,91639.111328125,0,0,0.00821113931606763,12.0766666666667,1.19719474221798,0,0,0,0,0,0,1.49873561859131,0.0181610485021653,107.828427124746,0,0,0,0,53.4824978781648,0,4.85801143895844e-05,0,0,0,0,0,0,0.000371308793924677,0,1.19719474315643
"H17-01673 - 2",1,2,"2/5/2017",19634416,0,"1/16/1959 0:00:00",0,0,58,"Portugal",96,173,32.075912994086,"Undetermined",5,1,80,0,1,2,3.2,21.60433692,3,23.34400727,2.67,26.8477195,2.53,28.4626467277991,2.55,27.84643968,-0.30810352389955,1,1,3.01,22.53907469,-1.48089300944978,1,1,0,0,2.15,33.26154036,"5/22/2024 0:00:00",87,0,0,0,"3/10/2017 0:00:00",0,1,2,2,5,20,19,0,0," ",0,0," ",0,0,0," ",0,0,0,0,2,1,64,1,0,160,90,35.15625,0,0,"Head Thrauma",2,0.8,82.22692221,0,1.09,61,0,0,0,0,3,0,3,4,0,0,9.027472037,0,0,0,1,0,0.010478177,0,20,0,0,1.5363e-07,249885.1,108221.1902,231.2894989,77.95651146,0,0,0,0,0,1.92191e-05,30407.42626,29103.54348,66.55259755,21.28637762,20363.3929,19118.22275,55.34800038,16.10270805,4.68571e-07,0.4084906,0.038389845,0.584403714,0.041407944,0.311459368,0.012751401,0.065690624,-0.495758147,1.82155e-05,0.688540632,2502,61,300310.5,44892,0.214355825,70552.41667,0.246684289,5.362101656,23.32368708,0.222246712,5.362101656,23.32368708,0.222246712,0.412058933,245800.5833,0.412058933,245800.5833,0.738546412,2796205.5,0.738546412,2796205.5,0.373745655,9782.9,0.373745655,9782.9,0.603625321,1425889,0.603625321,1425889,0,1496.34760491064,0,2.69209917741177,0.559016994374947,2.8284878607582,49.2442890089805,6886,747.420229857341,0.00435233578201412,1.39084386825562,0.304825553397754,4.71969254685338e-05,0.014971059114126,22.5906982421875,43.6777844823925,2.9817111492157,0.00153194073959988,3.89327623569458,0,0.829470140253195,0,1.06625097774735e-06,0,15731.890625,8.07836603993769e-06,0,123.54208319326,7.74328795757454e-05,4.15967494050767,5.11468246500726e-06,0.0005764228807706,5.35727279191546e-05,0,0.00023812743909967,0,24509.2375837054,0,1.07344926270649,2796444,5.9154259535744e-06,0.246684288964051,0.00182047587864267,3900.97241210938,14.8571428571429,141.026666700179,210.857150509492,2595.46890296813,1.3908438186015,0,29660.3333333333,7278.41927083333,2.98171121757018,0.00183728287758287,0,0,225.19600481425,0,2.24392111278633e-05,460.001046020527,8.85248659954653e-06,34.5374695460002,0,0,2823.51635742188,1.55820010105769,0,2.99227856390976e-05,96.2058628576139,6.85731003119618,0,0,0,0,0,0,2.62043170134226,0.000177768134370057,1985.05049182336,0,0,0,0,46.8780158001828,0,0.000100011307451012,0,0,0,0,0,0,0.00157359156478347,0,6.8573100566864
"H17-02019 - 1",1,3,"2/11/2017",8003577,0,"6/18/1958 0:00:00",1,0,58,"Portugal",60,150,26.6666666666667,"Obstructive uropathy (lithiasis)",4,1,68,0,2,2,1.5,40.14380679,1.5,40.14380679,1.24,50.44545487,1.6,36.9218180590117,1.27,48.11279387,5.59548790549415,0,0,1.83,30.65361645,-1.56705040225292,0,0,0,0,1.44,40.12795926,"5/27/2024 0:00:00",87,0,0,0,"2/22/2017 0:00:00",1,2,2,2,6,6,15,0,0," ",0,0," ",0,0,0," ",0,0,0,0,1,1,67,0,0,170,80,27.681660899654,1,0,"Stroke (ischemic)",1,1.5,50.71101886,0,1.47,88,1,0,0,1,2,2,5,3,0,0,28.46750202,1,1,1,1,28.46750202,0.411942566,18.75,44,9,0.169811321,1.65447e-07,349215.3523,208396.4073,257.7979564,122.8310372,3.38414e-08,89590.88889,26693.37047,130.8193227,32.75624324,7.10669e-06,54845.02143,55281.20703,87.34288827,31.5592292,30593.87421,42462.86819,64.49567111,24.3338981,2.63211e-07,0.292618295,0.057776584,0.389766823,0.02387408,0.398145707,0.003652548,0.148233714,-0.416503722,7.7863e-06,0.601854293,1890,70,413910.0405,216300.8649,0.554404434,230724.6765,0.53204585,9.59312079,33.30868587,0.245507129,9.59312079,33.30868587,0.245507129,0.367595445,68810.22222,0.367595445,68810.22222,0.694558028,266303,0.694558028,266303,0.306965104,13165.83333,0.306965104,13165.83333,0.488856128,180099,0.488856128,180099,27.3288241299716,363.724978237823,1239141.34943182,1.78427524935901,0.219589041914795,3.72866370006535,359.176158056664,214,179.428761324606,0.00303503673251067,2.79796758565036,0.694558027557018,0.000169285799509364,0.00807371395506054,26.8860473632812,60.451067262609,6.11394834518433,0.000898729067070212,5.2835833805776,241283,3.54924275185003,0.420388158827358,5.57283524186403e-05,2.13404645617336,87420.2099609375,0.000243039289133986,0.00344341675689602,220.722186087773,0.000113313600618407,7.08821081267942,0.000591094947218062,0.000139334709263226,0.00187377297625854,0.96382633557779,0.000730409544724748,2.50109003949894e-05,475300.59375,2.0865163508506,3.98666996599517,137072,0.000164535237500931,0.604617525420863,0.00183758498838087,4439.50103759766,171,981.184316621539,115.998550086019,466.219009292888,2.79796755401809,9.33792744909601e-05,22190.5,6220.04833984375,6.11394839896405,0.000417612881561526,3.22965221441639,7.93457069728813,227.287420887433,8.78759956359863,0.000358276245108025,350.523646969432,1.29367198206038e-05,41.2744801594661,0.707958228303925,1.97031791395638,30653.0634765625,3.96693143844605,508.787543843308,4.24020292246363e-05,134.751637203588,9.19339362621703,20011.3828125,11796,6.64579344860527,2.1827145167237,0.000930048268416832,1.32635843529366,5.79470172295204,0.000194980463666434,751.933462890951,5.67564483701004,223.355850583812,51.5596942901611,0.219007557042693,204.071066052981,1.58845838775992,0.000111598206048348,10.2891492843628,2.37348311373433,706090.625,93893.5,0.000357413730929025,95193.25,9.74874374414795e-05,587415.53125,9.19339361557594
"H17-03700 - 2",1,2,"3/17/2017",19757484,0,"11/2/1961 0:00:00",1,0,55,"Portugal",64,167,22.9481157445588,"ADPKD",4,1,45,0,2,2,1.1,59.34168382,1.2,53.458109,1.18,54.54722716,0.97,68.581029263742,1.28,48.55971186,-10.010658701871,0,1,1.27,48.41295418,-5.0420187709355,0,1,0,0,1.4,42.39209086,"5/22/2024 0:00:00",86,1,1,1,"3/24/2017 0:00:00",0,1,2,0,3,0,21,0,0," ",0,0," ",0,0,0," ",0,0,0,0,2,1,69,0,0,170,90,31.1418685121107,1,0,"Stroke (hemorrhagic)",1,0.7,99.74254616,0,1.28,77,0,0,0,0,1,2,3,3,0,0,22.56777209,1,1,0,0,22.56777209,0.164593578,0,34,0,0,3.36459e-07,206256.1618,99347.08616,215.1048972,65.58941555,0,0,0,0,0,1.34386e-05,35187.83984,47716.83413,73.26464999,24.67291573,10474.56259,7966.732255,45.60677028,13.66471124,2.96876e-07,0.339736806,0.069396766,0.472874352,0.021309569,0.256976862,0.003220641,0.146755191,-0.455617705,1.76965e-05,0.743023138,1358,30,212502.5606,122855.1212,0.584584779,134520.8214,0.593077515,9.490267753,35.81657141,0.163646701,9.490267753,35.81657141,0.163646701,0.360674319,68199,0.360674319,68199,0.695735393,286675.5,0.695735393,286675.5,0.243847891,16295.33333,0.243847891,16295.33333,0.711153605,223910,0.711153605,223910,19.6875610351562,121.522978762718,297487.171875,1.44901044120663,0.297962595946625,1.32951468878681,290.431477952772,22,61.5520269416114,0.000154539683097841,2.91409850120544,0.71115360481449,0.000124344865736368,0.000654987939708453,23.8922119140625,370.681562897883,6.68245124816895,7.56678961995224e-05,4.40580211023594,50247.5,3.37621354715181,0.816767877461489,0.000497757046569811,0.925892403669633,380117.767578125,0.00178581183337575,0,489.110914619346,6.47404368218755e-05,2.65293782187792,0.00425064127730988,0.000252004970561937,0.011495604912223,0,0.000504355970565309,4.60813768722204e-05,327689.640625,0,5.42396191458302,15532,0.00142845884770369,0.616292746322221,0.000829801717180436,40107.423828125,192,682.33135669085,240.148804439404,156.367597937337,2.91409845376892,0,8560,1721.91607666016,6.68245116439003,0.000700520597138421,0,0,114.659302557984,0,0.00222556048888179,632.733585439879,7.47304756072737e-06,44.1118718927557,0,0,83851.3203125,2.00664305686951,0,3.17081968833129e-05,126.921895390772,10.7795136099936,0,0,0,0,0,0,6.07389337366278,0.000162273501611464,47.142135623731,0,0,0,0,213.502523736496,0,0.000208166693606087,0,0,0,0,0,0,0.000100599700925079,0,10.7795136191628
"H17-05601 - 2",1,2,"4/27/2017",11015447,0,"6/19/1953 0:00:00",0,0,63,"Portugal",86,180,26.5432098765432,"Undetermined",5,2,35,0,2,2,1.1,75.43009511,1.1,75.43009511,1.09,76.26127818,1.09,71,0,0,0,0,0,0,0,0,0,0,0,0,1.16,70.14615161,"11/24/2017 0:00:00",7,1,1,1,"5/8/2017 0:00:00",0,2,0,0,2,16,19,0,0," ",1,6," ",0,1,1,"12/15/2017 0:00:00",1,1,0,0,2,1,52,0,0,170,75,25.9515570934256,1,0,"Stroke (ischemic)",1,2.5,30.15775097,0,1.19,70,0,0,0,1,1,2,4,4,0,0,25.17714945,1,1,1,1,25.17714945,0.375859016,6.25,63,5,0.073529412,1.44596e-07,375569.6984,211860.6651,290.1315391,110.3573899,1.14759e-08,166616.2,221793.7487,149.8091618,114.165735,1.03467e-05,43165.2398,46544.39442,77.26040594,26.77334361,33924.79025,38426.75744,53.43017275,16.15538567,3.02964e-07,0.31621485,0.05430605,0.446616931,0.027293631,0.250307807,0.0255735,0.121594248,-0.287701439,9.81166e-06,0.749692193,4508,132,398485.5593,211306.0847,0.49771999,222902.3393,0.520361797,6.92186362,24.73234753,0.237589168,6.92186362,24.73234753,0.237589168,0.28221586,31586.175,0.28221586,31586.175,0.526422804,282133.5,0.526422804,282133.5,0.255125764,15187.77778,0.255125764,15187.77778,0.526026728,179171.75,0.526026728,179171.75,14.193797826767,113.481929763003,22252.0012207031,3.46844790776182,0.526422803936799,1.21261868799096,31.4144232783307,22.6666666666667,55.9682081825464,5.31765079530675e-05,2.48535931110382,0.292827895757567,0.00281325178517048,0.000245605096307607,19.7573652267456,694.210249494028,5.3789005279541,2.83707820042037e-05,4.9262557452776,6134.5,3.12780521679977,0.620656742844185,0.000461356647378622,2.45396400483627,1362784.44921875,0.00168120318848312,0.00269999986591519,830.043888023984,0.00688670606029277,2.74785743941364,0.0048242320132871,0.000271031629952642,0.0133642310488256,0.807080253146637,0.00691703149370928,0.000775893238014711,84993.4474826389,1.48085097632234,4.34699958573352,12006.8333333333,0.00141327438477046,0.290981281905842,0.000111949650691771,4039933.5,40.6666666666667,431.766870643712,795.762967202091,134.734524877736,2.48535934124887,5.49078703532725e-05,9798,2257.36676025391,5.37890046866351,0.000785974684678914,0.437337943246789,4.49010403166946,118.218587132605,6.59069967269897,0.00207816765262364,2123.80735803743,0.000763026787912596,9.78759956359863,0.470588235294118,1.74241852857742,882798,3.05448771440066,449.326658202726,0.00701773393003246,65.3333333333333,3.98075136649735,2984.76293945312,1856,4.36779368226746,6.08860449200867,0.00101303409621736,4.65529262109561,1.10880196094513,0.0139044296892383,1419.43624624487,2.65285947046504,317.283534110161,34.2565937042236,0.198244084713943,75.6220011700495,1.36922644906884,0.000212419181888597,6.39379978179932,2.47281627662843,67592.5703125,86369.5,0.00138613119482357,398515,0.000870552576761474,1594816.875,3.98075127601623
"H17-07256 - 1",1,2,"6/2/2017",19464534,0,"8/1/1964 0:00:00",1,0,52,"Portugal",72,150,32,"Undetermined",5,2,13,0,2,2,1.8,33.48166942,2,29.5051696,1.65,37.16664651,1.71,35.3865130757431,0,0,0,0,0,0,0,0,0,0,0,0,1.71,35.18899498,"6/25/2018 0:00:00",13,0,0,0,"6/12/2017 0:00:00",0,2,1,1,4,3,22,0,0," ",1,6," ",0,1,1,"8/9/2018 0:00:00",4,1,0,0,1,1,63,1,0,160,100,39.0625,1,0,"Stroke (hemorrhagic)",1,0.8,82.73990965,0,1.26,75,0,0,0,1,2,2,5,3,0,0,43.58120282,1,1,1,1,43.58120282,0.096386421,12.1212121212121,58,8,0.121212121,2.34016e-07,297569.6121,171446.0628,250.4420275,90.392141,3.2278e-08,132634.875,28087.64488,162.7364892,25.76257134,9.22344e-06,53350.29221,72442.76514,83.65269677,31.80509442,0,0,0,0,3.42954e-07,0.237741746,0.069635951,0.492073486,0.02039319,0,0,0.141515348,-0.465881638,9.48974e-06,0,2286,85,313267.1545,170655.4182,0.549147543,183282.14,0.543545324,8.174428695,34.5749384,0.164625463,8.174428695,34.5749384,0.164625463,0.30504739,81974.91176,0.30504739,81974.91176,0.584643599,897706,0.584643599,897706,0.245978962,12030.80769,0.245978962,12030.80769,0.49701978,309293.25,0.49701978,309293.25,29.1375725428263,115.37899138582,1284495.07708333,2.01221932944661,0.584643599332815,1.98670536551947,299.669575286912,20.1428571428571,58.3935763962422,0.000359162097751338,2.45952875614166,0.467811840051023,0.000112252518893602,0.0013806074982752,19.9840537479946,308.071842666687,5.55224984032767,0.000158389660652556,4.09959700116596,226100.2,5.51792440641797,0.582167692051554,0.000434856862008909,3.2951040036487,344952.847547743,0.00156209892409478,0.00753571964512918,425.289365652481,7.81919812912083e-05,3.00598713726006,0.00398841221887741,0.00014442918847772,0.0104289550583744,0.776932999621884,0.000422033343062094,2.36661816662642e-05,256232.276041667,1.67933645159857,4.3784013739344,13468,0.00121610346134584,0.396366003186984,6.97114645762828e-05,8197046,157.666666666667,813.179496233845,2150.05820156348,148.277644704264,2.45952873243324,5.72645619144484e-05,10394.5,2650.29427083333,5.5522498557071,0.000526489335553717,10.6523040989252,4.27043431312171,137.0327150513,5.69689989089966,0.00197678051145267,5286.79047303223,8.96898810506366e-06,71.3795077006022,0.983895570932032,1.77675701766556,4954290.5,0,472.189303262174,3.87857579416644e-05,183.597494193143,18.7297667785406,19210.296875,148818,7.22449572303489,1.7934519023608,0.00238668948427127,1.63600567179118,4.20631085501777,0.000196994610672054,235.213203435596,5.35890491417013,588.948044900514,32.6736469268799,0.208521990263335,127.315884451957,1.2922586329353,0.000217528875244619,9.59070014953613,1.79864772003967,567611.25,80251,9.376370876945e-05,115194.333333333,0.000163824352267479,819337.75,18.7297670576308
"H17-14151 - 1",1,2,"11/8/2017",19705057,0,"8/10/1957 0:00:00",0,0,60,"Portugal",72,175,23.5102040816327,"ADPKD",4,2,27,0,2,2,3.8,17.3611538,3.5,19.16184166,2.95,23.52515433,2.69,26.1165109515339,0,0,0,1,1,0,0,0,1,1,0,0,6.81,8.555534299,"10/30/2018 0:00:00",12,0,0,0,"11/30/2017 0:00:00",2,1,2,1,4,0,28,0,0," ",1,6," ",0,1,1,"11/1/2018 0:00:00",4,1,0,0,1,1,81,0,0,170,60,20.7612456747405,1,0,"Stroke (ischemic)",1,0.3,119.56315,0,1.62,94,1,0,0,1,1,2,4,2,0,0,14.15367739,0,0,0,0,14.15367739,0.561592119,5.88235294117647,31,2,0.060606061,1.80309e-07,417365.3226,209861.1204,306.9791314,68.74243655,1.16328e-08,145277.25,14463.25,185.5263782,16.03006553,1.22843e-05,37235.91832,32480.47724,74.62048158,24.2535361,17539.35421,14330.24687,52.65340564,12.35398039,2.44289e-07,0.316797333,0.075254674,0.457416059,0.019231481,0.383482584,0.007281031,0.164521278,-0.202766233,1.35997e-05,0.616517416,2112,42,417365.3226,218397.3548,0.531390763,223165.1,0.522932933,8.12156356,25.80223551,0.273780671,8.12156356,25.80223551,0.273780671,0.283991403,54681.5,0.283991403,54681.5,0.574236765,390398,0.574236765,390398,0.232276515,14459.1875,0.232276515,14459.1875,0.42189777,161941,0.42189777,161941,25.5751962661743,155.468569358987,2298340.375,2.04419820972194,0,1.32311106706205,391.959842886085,43.4285714285714,77.0306825731899,0.000128404953588894,2.5432505607605,0.574236765442107,6.60639446181928e-05,0.000604021544578479,18.1018834795271,420.300774502866,4.98525619506836,7.01989831966033e-05,4.71339174475522,491041.5,1.46744192800214,0.472036090898259,0.000283850558043512,2.20981398280652,739162.202148438,0.000989051799200137,0.00121422376409367,557.415363871057,4.73636576448541e-05,3.70639832376516,0.00206414230534975,9.92756163321319e-05,0.00603269388598782,0.848166098429832,0.000327900022525802,9.90156029198151e-06,798255.3125,1.37551211750838,3.52513642795964,26693.5714285714,0.00108258190007593,0.558842385625306,0.0290072579537669,0,495,1565.83887460817,30.8609626212558,196.789948161823,2.54325055518492,4.5390056507852e-05,12164,3435.87231445312,4.98525616344547,0.00031498240708019,3.78772455932872,4.64707949995415,151.249449806291,35,0.00140670865727882,62.3492424049175,5.47627700769619e-06,44.8760491371155,0.768928355676863,0,181.962799072266,1.77980661392212,480.563658926289,1.97641338158614e-05,126.785415706853,9.04426614604349,0,122829,0,1.21752198920206,0.000390681476047116,0,5.05381137132645,0.000109960086029816,2076.71904628287,0,499.479225535407,43.36279296875,0,214.953483340001,0,0.00020418149078794,0,11.2613931049436,0,110952,4.79501762795179e-05,0,8.85809869504773e-05,0,9.0442661523819
"H17-15066 - 2",1,2,"11/28/2017",99017373,0,"12/28/1959 0:00:00",1,0,57,"Portugal",71,159,28.084332107116,"CAKUT",4,1,11,0,1,2,1.4,43.8808902,1.2,52.79728338,1.23,51.25579081,1.3,47.6646097790312,1.2,51.82132991,2.0783600654844,0,0,1.07,58.73047334,2.7664658902422,0,0,0,0,1.07,57.98643851,"1/16/2024 0:00:00",74,0,0,0,"12/5/2017 0:00:00",0,1,0,0,1,0,23,0,0," ",0,0," ",0,0,0," ",0,0,0,0,2,1,75,0,0,170,75,25.9515570934256,1,0,"Stroke (hemorrhagic - aneurysm rupture)",1,0.6,100.6682074,0,1.42,86,1,0,0,0,2,2,4,3,0,0,32.92765069,1,1,1,1,32.92765069,0.082230309,0,17,0,0,1.63323e-07,298236.1765,100676.5356,265.7503287,71.00040089,0,0,0,0,0,1.12501e-05,44429.68702,39047.61119,77.83416532,23.59409477,26333.66924,18085.19957,64.36466511,15.25854153,3.26646e-07,0.456086404,0.048708885,0.499837791,0.014223096,0.339239416,0.006877556,0.097449383,-0.339169595,1.19523e-05,0.660760584,1171,34,316722.75,104625.5,0.335121911,104625.5,0.335121911,6.768943268,23.42513094,0.283810248,6.768943268,23.42513094,0.283810248,0.462675183,56161.09091,0.462675183,56161.09091,0.592138114,190693.5,0.592138114,190693.5,0.371714967,16565.78571,0.371714967,16565.78571,0.621855561,125452.875,0.621855561,125452.875,14.4875984191894,115.299427922509,96066.21875,1.08165738604371,0.566251538816744,4.27633448004119,243.142332633888,40,57.2450871254468,0.00649658595915321,2.054358959198,0.677459583798166,5.34586721383401e-05,0.0179856115107914,16,28.4475634245358,4.12365341186523,0.00203004466098254,2.7966789767154,47532.5,1.69381213854283,0.215570953811069,0.000310726652992633,0.435660887590397,2477.85278320312,0.00120563634993595,0,121.651296345501,4.13821738390923e-05,1.00603036264845,0.00205291053935293,0.000284019414067484,0.00611620795107034,0,0.000283587257344734,5.6446116769219e-05,93602.70703125,0,3.16444014439379,13271,0.00131801608180212,0.299040178609677,0.00011029791114238,2641423.8125,165,560.37793829405,541.959229368805,147.19855244338,2.05435892894007,0,17143.1666666667,2680.32521565755,4.12365329499705,0.000866247804385083,0,0,167.899314029886,0,0.00157109190887667,1559.69256762417,4.76491088101617e-06,55.7104250590006,0,0,280397,3.27514543533325,0,2.00438428180099e-05,109.022279680107,10.5581482889295,0,0,0,0,0,0,2.55417312516107,0.000125071240664154,1978.84756006279,0,0,0,0,117.441499837407,0,9.27199967963608e-05,0,0,0,0,0,0,0.000148797091407555,0,10.5581482781304
"H17-16126 - 1",1,2,"12/20/2017",19651038,0,"5/9/1961 0:00:00",0,0,56,"Portugal",81,164,30.116002379536,"Diabetic nephropathy",1,1,103,0,1,2,1.3,64.47493424,1.1,78.78648196,1.03,85.25468635,1.26,66.5238336539292,1.44,55.9738162,-5.2750087269646,0,1,1.9,39.63816777,-6.7214164709823,0,1,0,0,1.9,39.16278937,"4/17/2024 0:00:00",76,1,1,1,"1/8/2018 0:00:00",0,1,1,1,3,4,19,1,0," ",0,0," ",0,0,0," ",0,0,0,0,1,1,54,0,0,170,81,28.0276816608997,1,0,"Stroke (ischemic)",1,0.6,114.7132264,0,0.99,49,0,0,0,1,2,2,5,4,0,0,33.4538,1,1,1,1,33.4538,0.195292697,16.6666666666667,30,5,0.142857143,1.3371e-07,229229.9,146629.4442,215.8617307,98.38350081,2.22851e-08,135106.5,85368.21406,150.8226957,21.18288141,1.17398e-05,36610.77126,38624.7633,70.28688765,23.97031765,30098.71101,26910.80182,65.50755019,22.64888246,2.62964e-07,0.353828151,0.030650418,0.429802096,0.021207722,0.372605661,0.031165053,0.071312863,-0.065321761,1.1914e-05,0.627394339,2634,59,254034.1481,130829.1481,0.493436368,137986.44,0.485039188,7.883728768,34.13471882,0.162842474,7.883728768,34.13471882,0.162842474,0.47812586,87251.65789,0.47812586,87251.65789,0.675685469,1221420.5,0.675685469,1221420.5,0.448830737,12895,0.448830737,12895,0.58798257,366089.125,0.58798257,366089.125,2.1968994140625,235.384486660175,46.5968627929688,2.16652892798316,0.675685468565734,2.13180558048101,14.422205101856,122.333333333333,113.708772903987,0.066435926100787,1.75150382518768,0.46423834544263,0.000367287166831657,0.117647058823529,20.9198811848958,11.5048704439719,4.27876456578573,0.0103092783505155,2.71262925355179,189,1.86880587716663,0.166666666666667,0.000120889863185197,0.0408386176976063,0,0.000541383846334731,0.00350225923972604,24.5261470151704,0.000183644688618234,0,0.00104363035198767,0.000899690311091187,0.00291173313460955,0.831436297801476,0.00136461620043348,0.0359543694390191,2959.478515625,1.263888088698,2.191956233759,69313,0.000438819463623156,0.433300626621274,2.74706944669428e-05,56161828,3,52.9981235287936,2057.0565808162,342.260442432911,1.75150387786156,4.78538157672326e-05,16243.6428571429,2548.17759050642,4.27876454405221,0.00204977144434023,5.94555404566651,3.87548931523864,168.063924528056,9.39688110351562,0.00097990795563505,4869.1567799111,2.10564299133979e-05,44.0161958582261,0.925457933859849,1.74671275221457,2282823,4.27941231294112,425.130365286773,8.14466140153437e-05,110.425444697114,9.89796020562615,15084.611328125,92579.5,10.9861008984581,1.25404518082451,0.000962319039794304,1.13133916916371,3.40696841828963,0.000365276767458817,2254.56381536859,9.57635126338244,402.058824429948,19,0.197349564709365,10.770329614269,3.15413027210678,0.000129987059931854,8.59378051757812,2.49882003055564,798109.375,81630,8.5657292273245e-05,296668,0.00526631524238195,2868624.75,9.89796023509082
"H17-16126 - 2",1,2,"12/20/2017",19661009,0,"1/26/1983 0:00:00",1,0,34,"Portugal",69,164,25.6543723973825,"CAKUT",4,1,37,0,1,2,1,75.81449506,1.1,67.62091213,1.37,51.96220432,1.64,41.6139193911487,1.89,34.66530767,-3.47430586057435,0,0,3.05,19.27912866,-5.58369768278717,1,1,0,0,6.52,7.679654346,"6/26/2023 0:00:00",66,0,0,0,"12/28/2017 0:00:00",0,2,0,0,2,6,22,0,1,"6/26/2023",1,1,"6/26/2023 0:00:00",1,0,0," ",0,0,0,0,2,1,54,0,0,170,81,28.0276816608997,1,0,"Stroke (ischemic)",1,0.6,114.7132264,0,0.99,49,0,0,0,1,2,2,5,5,0,0,51.93620719,1,1,1,1,0,2.282531716,6.25,30,3,0.090909091,1.67286e-07,300601.9333,124711.406,271.1860039,67.02649681,1.67286e-08,114688.8333,81047.23181,128.6946954,88.17600977,1.00037e-05,36924.18395,32988.61264,73.54701838,23.83706468,0,0,0,0,2.67658e-07,0.224103831,0.050286557,0.369379016,0.0100603,0,0,0.136138098,0.011850187,1.01877e-05,0,1794,48,300601.9333,178554.7,0.578915848,184115.3448,0.580314787,7.697961628,36.86307427,0.150014985,7.697961628,36.86307427,0.150014985,0.325151668,26229.66667,0.325151668,26229.66667,0.517237312,61785,0.517237312,61785,0.292076835,19772.92857,0.292076835,19772.92857,0.440913585,48828.25,0.440913585,48828.25,19.8292863633898,163.483879638468,371027.741319444,2.09321494760286,0.517237312074836,1.19182205280516,217.48594278273,67,82.4196578493262,4.28670679300557e-05,1.84579310152266,0.337457669749556,0.00120341656523362,0.000224916222785322,17.7906970977783,630.545348903501,4.08291721343994,2.56937619777714e-05,3.10773659902713,99089.1111111111,2.8527788786619,0.513455067939759,0.000150206651954968,1.91901277715157,644403.961348684,0.000654502873143195,0.00213390942643356,744.671531194514,0.000536496915964141,1.70110179165154,0.00182554206471101,0.000904727216328715,0.00477908508361983,1.91397849462366,0.00426159412970734,4.06529093181161e-05,11249.1845703125,16.3796268379401,2.55982187201089,27182,0.000472349545441688,0.538346613545817,0.000433072271090805,211374.84375,14,552.369615613647,429.596586318658,212.57344579089,1.84579309085536,0.0127180231114229,27306,4554.91611328125,4.08291738792395,0.00256202869426403,5.89808393164064,1.09375,227.780921553924,14.1968994140625,0.00104393246671625,1065.47727214752,6.10472174515121e-05,56.9689903259277,0.92824660952151,0,176355.9375,2.78102993965149,47.8702712622013,0.000280307942010886,71.2941176470588,16.0872734795781,0,161462,7.16512129892345,1.43289540689853,0.000542865701856316,0,4.19060373306274,0.00113670884964857,1697.43982566929,6.20589912577237,563.997987277897,2,0,38.6207464251736,1.47647053139815,5.73395675857333e-05,0,3.61168540038329,0,178,4.72488146268381e-05,158424,0.00223108452978453,1055580,16.087272644043
"H18-01953 - 1",1,2,"2/2/2018",8004474,0,"9/10/1950 0:00:00",1,0,67,"Portugal",48,158,19.2276878705336,"Chronic glomerulonephritis (unspecified)",2,1,71,0,1,2,1.2,49.61368684,1.51,37.65708161,1.38,41.95310342,1.36,42.4298306826558,1.29,44.64864888,1.1094090986721,0,0,1.51,36.504098,-1.48143317066395,0,0,0,0,1.47,37.39106426,"1/4/2024 0:00:00",71,0,0,0,"2/9/2018 0:00:00",0,2,2,1,5,0,26,1,0," ",0,0," ",0,0,0," ",0,0,0,0,1,1,78,1,0,160,50,19.53125,1,0,"Stroke (hemorrhagic)",1,0.9,65.43602377,0,1.99,99,1,0,0,1,3,0,4,3,0,0,73.1096,1,1,1,1,73.1096,0.048945085,11.1111111111111,15,2,0.117647059,2.20943e-07,250863.1,105317.0702,231.0628773,76.99359337,2.9459e-08,117874.25,174.75,173.7612648,3.467401097,1.34039e-05,40104.51813,70929.3277,70.40180422,30.63916595,13363.16886,14477.38217,46.77413226,14.03404609,2.20943e-07,0.438890152,0.055426398,0.537555498,0.022021259,0.325066941,0.002447771,0.103108234,-0.58340636,2.09005e-05,0.674933059,910,15,268709.1786,161617.1429,0.593400984,161617.1429,0.593400984,9.380934829,37.40944703,0.129033429,9.380934829,37.40944703,0.129033429,0.367881137,68883.75,0.367881137,68883.75,0.292791029,382769.5,0.292791029,382769.5,0.382899158,6106.6,0.382899158,6106.6,0.292791029,382769.5,0.292791029,382769.5,17.6501057942708,87.8214740082623,245832.484375,4.86910963483784,0.370116605098803,1.30682279257605,256.076188611117,24.5,44.2150912327381,6.98530858043217e-05,2.05434620380402,0.292791028503899,0.013218578365114,0.000355834576413701,12.6953277587891,482.284982129862,3.51060783863068,4.03405026253548e-05,6.49032104486238,93110.6666666667,2.14180238785282,0.331171420191412,0.000446476360253405,0.878767016750522,336972.1953125,0.00161468169646382,0.00463631687767443,611.156300685905,0.0121162153425671,1.51011337201388,0.00292753414240705,7.92585701951174e-05,0.00870491812227701,0.840071538111887,0.0291665395100911,3.8532407941434e-05,1864240.875,1.3275104111909,2.33639989433155,7860,0.00161830769533537,0.944007858546169,0.0298137049521169,0,1028,689.618394477102,45.8157245918222,115.866932068408,2.05434623190297,6.50849797923094e-05,7301.5,1163.32232666016,3.51060793613119,0.000237354034550802,4.9321438853185,6.59493099787686,107.915137584786,15.9813842773438,0.00243648727449867,98.3847763108502,0.00123996355844985,4.19998168945312,0.947301544273988,0,531.1669921875,5.55312951405843,447.017088936094,0.00246702121184753,26.25,1.90347523159451,0,111828,0,1.08877751781109,0.00119826549511216,0,1.91687548160553,0.00668841623431467,2978.10794685291,0,406.964680184919,35.78759765625,0,308.598444584544,0,0.000191625692377252,0,4.13042138091094,0,98876,5.67009560127248e-05,0,0.000111714114483893,0,1.90347528457642
"H18-05054 - 1",1,2,"3/28/2018",19058063,0,"10/9/1947 0:00:00",0,0,70,"Portugal",83,175,27.1020408163265,"ADPKD",4,1,81,0,1,2,2.2,31.43414176,2,35.24299673,1.96,36.10784244,1.69,42.869041295702,1.53,47.70633842,2.418648562149,0,0,2.11,32.03795891,-2.7077705964255,0,0,0,0,2,33.88250035,"2/8/2024 0:00:00",70,0,0,0,"4/13/2018 0:00:00",0,1,2,2,5,6,20,0,0," ",0,0," ",0,0,0," ",0,0,0,0,1,1,72,0,0,170,80,27.681660899654,0,0,"Head Thrauma",2,0.7,97.89881334,0,1.1,63,0,0,0,0,1,0,1,3,0,0,19.73650748,1,0,0,0,19.73650748,0.012332456,0,21,0,0,2.06329e-07,405499.2857,222243.5112,299.8541968,123.8779495,0,0,0,0,0,1.35686e-05,69100.08943,78533.37304,92.97396526,36.91365645,40018.43951,40174.66574,73.12351245,23.0431407,3.73356e-07,0.652170887,0.083666063,0.937588412,0.015073103,0.393166843,0.012028055,0.089235385,-0.668565326,1.19026e-05,0.606833157,1381,38,456378.9444,87074.5,0.236008237,103297.3846,0.227414763,6.545166562,22.62731977,0.365091773,6.545166562,22.62731977,0.365091773,0.472589463,51428.78571,0.472589463,51428.78571,0.551001853,219905,0.551001853,219905,0.427406179,10208.5,0.427406179,10208.5,0.585547674,154479.5,0.585547674,154479.5,44.9720916748047,193.465272241847,404024.1875,0.950556953479809,0.523546077624265,1.1410646406391,98.4123975929862,191,83.4386001800126,3.51109955538311e-05,2.17470502853394,0.551001853004789,7.08480573151666e-05,0.000199631747747822,24.3782958984375,777.669624053765,4.41257381439209,2.28871445946347e-05,2.60208400741699,3,0.730004339994056,0.00386100386100386,4.95077226760324e-05,7.32471922079806,4044465.53409091,0.000273516991085253,0,887.494261365074,6.04713776961199e-05,6.87829839338885,0.00033635979533454,5.2141891465688e-05,0.00118790719210271,0,0.000312843623010434,0.000176083307191974,209093.0625,0,2.15561573674113,89129,0.000162647574510185,0.256935154548214,0.000512990299700657,59606.6015625,424,786.28533737684,163.275130021714,641.75854506669,2.17470502567141,0,6307.66666666667,1034.00260416667,4.41257378103397,0.000238187193777873,0,0,103.056572183858,0,0.000559892880237879,472.223917448001,7.04168187218212e-06,77.052498953683,0,0,12937.3388671875,1.21216076612473,0,0.000892828452267233,168.808875364404,17.3386548166392,0,0,0,0,0,0,1.84746241569519,0.00193879064597883,195.240115370178,0,0,0,0,200.262327960103,0,0.000238267027478509,0,0,0,0,0,0,6.44699861877066e-05,0,17.338654926845
"H18-09647 - 2",1,2,"6/19/2018",19546514,0,"8/5/1956 0:00:00",0,0,61,"Portugal",62,155,25.8064516129032,"Undetermined",5,2,55,0,5,2,1.4,57.18264631,1.18,70.2036163,1.08,78.07453137,1.09,76.7370478721273,1.04,80.18162669,1.72228940893635,0,0,1.02,81.05739616,1.08008707196817,0,0,0,0,1,82.10301041,"5/8/2024 0:00:00",71,1,1,1,"7/6/2018 0:00:00",0,2,1,1,4,4,23,0,0," ",0,0," ",0,0,0," ",0,0,0,0,2,1,75,1,0,160,80,31.25,1,0,"Stroke (hemorrhagic)",1,0.5,97.74850958,0,1.43,86,1,0,0,0,0,0,0,2,0,0,10.27922101,0,0,0,0,10.27922101,0.02731676,0,24,0,0,1.98755e-07,403370.9792,174449.9204,311.9041219,73.45396778,0,0,0,0,0,1.17845e-05,45972.69642,54611.93951,77.2690013,31.5142724,18638.49712,16874.55372,55.81233161,14.79820697,2.56725e-07,0.506777934,0.080171943,0.541765564,0.064616506,0.349936805,0.004192827,0.147982723,-0.30541516,1.54983e-05,0.650063195,1423,31,403370.9792,136650.4583,0.334044023,136650.4583,0.334044023,6.180331662,21.147141,0.331710068,6.180331662,21.147141,0.331710068,0.459488721,158907.6364,0.459488721,158907.6364,0.996560609,1235935.5,0.996560609,1235935.5,0.41149303,17885.5625,0.41149303,17885.5625,0.587477229,534966.5,0.587477229,534966.5,9.29379940032959,404.720905761846,24747.0478515625,0.607155236429644,0.532208112423512,1.14181436523152,189.553318268843,682,203,8.63606665575612e-05,2.25813889503479,0.996560608899579,4.0743313142101e-05,0.000450147901034894,15.1968994140625,472.816100540743,3.38350319862366,5.11949473551433e-05,2.40474899398957,18997,1.32962638163204,0.143587032277893,1.02773943059725e-05,0.188178093560601,1437805.65625,4.61605969724089e-05,0,534.915738653407,2.58600143063674e-05,6.62691954768347,0.000223371017853416,4.8899912400926e-06,0.000629898384870486,0,0.000239513690146132,0.000159911968808369,750579.875,0,1.41513554468468,329218,4.54046604181803e-05,0.301545223706875,0.00137494311461953,65135.5061848958,2047,439.798167158157,147.743834354456,1101.65810759103,2.25813889027901,0,24486.1666666667,3809.75427246094,3.38350322998823,3.10297256968584e-05,0,0,215.087638919019,0,0.000110367186762404,406.757070462288,2.9653185438519e-06,76.1066377427843,0,0,12348.8235677083,2.95336066351997,0,1.40658463936269e-05,109.162306311958,13.0976371292465,0,0,0,0,0,0,2.38409774833255,8.92559804918607e-05,2384.08837842015,0,0,0,0,183.806963959476,0,6.32579461819039e-05,0,0,0,0,0,0,1.08369504795679e-05,0,13.0976371765137
"H18-11055 - 1",1,1,"7/16/2018",9351987,0,"3/16/1954 0:00:00",1,0,64,"Portugal",74,167,26.5337588296461,"ADPKD",4,2,49,0,1,2,1.4,42.01151821,1.26,47.67353597,1.3,45.91874357,1.32,44.8055996553748,0.92,68.24543456,11.7199174523126,0,0,1.3,44.51280458,-0.0731987688436995,0,0,0,0,1.15,51.30240637,"1/12/2024 0:00:00",66,0,0,0,"7/24/2018 0:00:00",0,0,1,1,2,12,20,0,0," ",0,0," ",0,0,0," ",0,0,0,0,1,1,82,0,0,170,90,31.1418685121107,1,0,"Stroke (hemorrhagic)",1,0.6,96.3796361,0,1.54,91,1,0,0,0,3,2,5,4,0,0,71.1736,1,1,1,1,71.1736,3.314607568,0,27,1,0.035714286,1.78868e-07,281360.3148,149874.4312,241.2682693,100.7137124,6.62473e-09,97015.5,0,99.45853407,0,1.39252e-05,33713.59848,35192.98356,69.01924396,23.13777881,20616.51835,30065.05152,53.98340372,16.31932867,2.98113e-07,0.44511689,0.05032627,0.469467964,0.042594178,0.317815008,0.007021852,0.107198519,-0.191921917,1.46794e-05,0.682184992,2102,45,303863.34,125118.56,0.414134507,128434.7391,0.428666656,7.115961645,28.33151503,0.192101937,7.115961645,28.33151503,0.192101937,0.385820862,123227.25,0.385820862,123227.25,0.201025475,2030155.5,0.201025475,2030155.5,0.384518024,13380.10714,0.384518024,13380.10714,0.388860819,379537.25,0.388860819,379537.25,21.1832569122314,188.069315573363,620148.025,0.962876263786765,0.201025475270491,12.3196368377479,257.931397960459,96.4,93.4671293559279,0.166666666666667,1.40456938743591,0.647928484290293,0.000111604064013405,0.166666666666667,17.3088382720947,2.74039916484282,3.89148163795471,0.0140845070422535,1.93285862546125,122078.4,2.97671178765504,0.61488254676619,0.000127283359156799,2.33021247271056,0,0.000544026635921816,0,33.7607225013312,0.000134895180204476,0,0.00111343241090487,0.00532870169948129,0.00341539185208346,0.825806185609516,0.000454515233349904,2.42884870053649e-05,523.8046875,2.84846909837536,2.09555133883397,40678.8,0.000479803467562905,0.367373561717733,1.49577449450827e-05,2376400.25,3,668.72207685219,2154.21265833279,266.456758027104,1.40456938967938,4.69594054044453e-05,17756.5384615385,2785.8039456881,3.89148168108848,0.0117533084224252,0,3.72599388497362,170.310058215679,0,0.00102081040865013,6219.4462812612,1.5317424971695e-05,58.4682228088379,0,0,6043674.5,1.07948708534241,605.980080964011,0.000118774572538925,99.81400761445,12.2714714731881,0,0,0,0,0,0,2.46904344558716,0.000476533760162491,62.4852813742386,0,0,29.9844970703125,0,14.560219778561,0,0.000122249801526918,0,0,0,80116,0,0,0.0117533084224252,0,12.2714715321859
"H18-11055 - 2",1,1,"7/16/2018",1005330,0,"6/3/1960 0:00:00",1,0,58,"Portugal",73,162,27.8158817253467,"ADPKD",4,1,61,0,1,2,1.4,43.60882868,0.99,66.09457756,1.22,51.43944425,1.57,37.7700425578374,1.83,31.03728572,-3.3663784189187,0,0,1.98,27.88847703,-2.47039138195935,1,1,0,0,1.6,35.85372822,"2/20/2024 0:00:00",67,0,0,0,"8/13/2017 0:00:00",0,0,1,1,2,0,22,1,0," ",0,0," ",0,0,0," ",0,0,0,0,2,1,82,0,0,170,90,31.1418685121107,1,0,"Stroke (hemorrhagic)",1,0.6,96.3796361,0,1.54,91,1,0,0,1,2,2,5,4,0,0,50.4542,1,1,1,1,50.4542,0.684284159,11.7647058823529,32,6,0.157894737,1.1783e-07,398051.1719,199195.3398,299.82492,108.2017149,2.20931e-08,81884.33333,71604.55069,121.150539,77.66518036,1.1864e-05,47154.29252,45687.76734,83.88491051,28.17109761,0,0,0,0,3.16668e-07,0.467740033,0.046902386,0.559439109,0.025931655,0,0,0.083838233,-0.111206589,1.20039e-05,0,3222,86,437215.5172,103693.1034,0.238410433,106625.1786,0.236033422,6.097109489,27.56760417,0.190815666,6.097109489,27.56760417,0.190815666,0.455263507,163940.4643,0.455263507,163940.4643,0.587797936,1308869,0.587797936,1308869,0.35542121,13146.85714,0.35542121,13146.85714,0.555105804,314734.0714,0.555105804,314734.0714,17.1733618649569,87.4414352638114,553274.4375,1.37677709500759,0.587797935809591,1.29947149309009,365.859513362227,17.3333333333333,44.8674826981644,2.87873728279483e-05,1.55484132333235,0.549657115367582,7.91255308907267e-05,0.000181833096337692,9.13126627604167,745.074405587852,2.57897162437439,2.08795299828372e-05,3.12876367120623,140327.636363636,1.37851904338094,0.28553475597238,0.00032387841207733,1.12451615507189,3830769.41666667,0.00115391458903341,0.0118644065776114,957.34786539819,7.97378463473958e-05,7.34550769421537,0.00173064254608241,0.000131723071319213,0.00570265341091324,0.653121271402085,0.000370798215477587,1.38454938162369e-05,185035.631510417,1.25342401177459,1.22280767427242,8068.66666666667,0.0015847102070624,0.226832963824045,1.67998074488013e-05,42139292,368.666666666667,854.201716705691,1519.39862552328,117.574788723888,1.5548413283303,3.00982887808141e-05,16986.75,2826.91796875,2.5789716417768,0.000485073280085945,0.321125161307199,3.13612594956259,168.144849674688,1.39999997615814,0.00245455157338502,4445.83001155152,9.26022419733326e-06,40.7169710795085,0.025974025974026,1.73952713199321,1804460.75,1.5799263715744,500.810628061123,4.63221457499602e-05,87.7764074224753,8.36815735970958,22045.02734375,4,2.20149915659487,10.2498834221658,0.00899166879007372,1.31993153606792,2.47802393966251,0.000259937221437165,861.946235953754,1.1048651606482,83.3453254442173,24.1968975067139,0.196521781341374,192.613835981693,3.62020736273559,9.12493612162081e-05,9.1968994140625,1.06101692329019,112396.484375,100240,0.0254399751095062,5042,0.000144261844839353,28996.4367675781,8.36815728081597
"H18-17466 - 1",1,2,"11/16/2018",19713864,0,"8/12/1951 0:00:00",0,0,67,"Portugal",82,170,28.3737024221453,"Chronic glomerulonephritis (unspecified)",2,1,49,0,1,2,2.7,25.04813124,2.72,24.82728115,3.53,18.15859325,2.93,22.5667852002142,4.18,14.55114895,-4.0078181251071,1,1,4.01,15.10544633,-1.86533471755355,1,1,0,0,4.01,15.06323004,"1/22/2024 0:00:00",62,0,0,0,"12/17/2018 0:00:00",0,2,1,2,5,0,11,1,1,"1/22/2024",1,1,"1/22/2024 0:00:00",1,0,0," ",0,0,0,0,1,1,66,0,0,170,80,27.681660899654,1,0,"Stroke (hemorrhagic)",1,1,83.00664386,0,1.3,78,0,0,0,0,1,2,3,4,0,0,20.65092874,1,1,0,0,20.65092874,0.27831469,0,35,0,0,3.11347e-07,441122.6429,164264.6016,314.0775208,73.36910257,0,0,0,0,0,2.30841e-05,57043.4183,65044.74463,82.15092397,33.16555464,29408.71574,32727.37718,62.62600601,20.96882987,6.04902e-07,0.809509497,0.137342124,1.316798332,0.019582918,0.316923966,0.012419395,0.104300044,-0.244100544,1.88332e-05,0.683076034,2595,68,441122.6429,38393.2,0.088013988,61574.21429,0.138821351,4.710925337,17.25333869,0.408383241,4.710925337,17.25333869,0.408383241,0.662670923,16958.19048,0.662670923,16958.19048,1,41147.5,1,41147.5,0.645804469,15748.725,0.645804469,15748.725,1,41147.5,1,41147.5,17.9844970703125,128.797556961549,270340.71875,0.115736051616245,0.606015287912768,1.22376274847061,238.62313383241,96,56.5154846037792,2.56201275093902e-05,1.87744688987732,0.852812619794259,0.000181455358918037,0.000165508487877335,10.5968990325928,782.455598519689,3.13784003257752,1.91323925568168e-05,1.34207607166953,89916,0.672217392130711,0.311179711509178,7.62314764243116e-05,0.935140556952655,7594281.22727273,0.000257443735304231,0,950.673062992606,0.000203573983645999,12.9246228759529,0.000252163101805333,0.000373453658421876,0.00110152334925523,0,0.000857605874232259,3.12736862030809e-05,2097.12195914132,0,0.864998549936835,41162,0.000309395986584721,0.0961149393332865,0.000851029794592574,32183.9866071429,46.2857142857143,774.632698595585,117.76815127601,449.458871201825,1.87744693308412,0,21175.1666666667,3524.74556477865,3.13783998523839,0.00161183447690528,0,0,192.824927323284,0,0.000933894336176326,349.301566466951,2.31100800085568e-05,41.7581424713135,0,0,5570.9775390625,1.89452288831983,0,0.000200372552295623,80.1880294473578,8.83940401986984,0,0,0,0,0,0,2.14402592182159,0.000944802173265711,2467.99193828179,0,0,0,0,60.111934454687,0,7.55984689411152e-05,0,0,0,0,0,0,0.00023028560506815,0,8.83940410614014
"H18-17995 - 1",1,2,"11/27/2018",17016765,0,"2/13/1953 0:00:00",0,0,65,"Portugal",61,160,23.828125,"Hypertensive Nephrosclerosis",3,1,15,0,1,2,1.4,55.77765086,1.54,49.74953173,1.68,44.81699404,1.85,39.6740723209737,2.25,30.9807422,-4.34666506048685,0,0,4.18,14.55114895,-6.28073084274343,1,1,0,0,4.18,14.47983091,"11/29/2023 0:00:00",60,0,0,0,"12/5/2018 0:00:00",0,0,2,2,4,27,19,0,1,"11/29/2023",1,1,"11/29/2023 0:00:00",1,0,0," ",0,0,0,0,1,1,72,0,0,170,60,20.7612456747405,1,0,"Stroke (hemorrhagic)",1,0.8,94.02944217,0,1.57,92,1,0,0,1,2,2,5,4,0,0,36.32047687,1,1,1,1,36.32047687,1.26478137,6.25,29,2,0.064516129,1.81111e-07,347432.6724,113666.8457,297.5914653,70.15334778,1.24904e-08,101077.5,5195,163.5177496,5.517749615,1.05544e-05,42952.26036,45415.088,74.78757455,28.57555739,22233.19798,34415.59018,49.8069832,15.64536449,4.37165e-07,0.451731165,0.062923999,0.45333619,0.082980107,0.349351461,0.012628164,0.138802065,-0.272857553,1.1819e-05,0.650648539,1690,70,347432.6724,113134.4828,0.318387276,117155.0357,0.327796832,6.248083408,26.80488568,0.252180425,6.248083408,26.80488568,0.252180425,0.449066501,251718.05,0.449066501,251718.05,0.477170016,1213053,0.477170016,1213053,0.413337929,9365.785714,0.413337929,9365.785714,0.532433166,817206.6667,0.532433166,817206.6667,1.39999389648438,90.1337304316728,194.799926757812,2.49039118392289,0.491247049936386,1.15115260267065,28.4604989415154,23,45.4324407847001,4.11272799719677e-05,2.03733086585998,0.257247877713763,9.31621553139546e-05,0.000218363279399196,12.489143371582,653.274432899992,3.67056310176849,2.47734582344406e-05,2.82753800485108,559,3.29298858355967,0.0549196836469028,0.000521713933309626,0.0191393129060535,1084238.63352273,0.00171771587636328,0.00142143022951857,749.254257469579,9.37381892754613e-05,2.78049331297251,0.00338909502723804,0.00158982511923688,0.0100934340513768,0.847754593144981,0.000466136414189536,0.00539611954438059,1566.4560546875,1.16933142818792,2.46435927660085,9121.25,0.00199031091821157,0.322886715768749,4.92625772081888e-05,20436623,3,285.242524897171,1464.31884770999,122.024630120501,2.03733088694462,4.36114084704693e-05,89012,16562.2870686849,3.67056310031374,0.00158982511923688,2.32236171637979,3.93501391736097,368.878135469974,30.7782287597656,0.00258514994831612,4485.3112883124,1.06053104405203e-05,33.7775192260742,0.537574635621724,0,3842939.25,2.41831414516156,398.785835155384,4.16146381658226e-05,82.0401610028092,6.82765926514946,0,51544,0,1.25439255606373,0.000255246726832247,0,3.20840007066727,0.000236560046087928,2368.33953675329,0,392.432506639661,27.36279296875,0,11.6619037896906,0,7.07719315527083e-05,0,5.52685720512169,0,90093,5.43883903485893e-05,0,0.012067882737977,0,6.82765924930573
"H18-19213 - 2",1,2,"12/21/2018",19806256,0,"12/30/1955 0:00:00",0,0,62,"Portugal",72,173,24.0569347455645,"ADPKD",4,2,27,0,1,2,2.2,33.03768957,1.66,46.3219869,1.47,53.59645723,1.28,62.8874397034838,0.93,91.12432495,14.1184426232581,0,0,0.85,95.23959899,8.08803982162905,0,0,0,0,0.85,94.55497612,"2/27/2024 0:00:00",62,1,1,1,"1/11/2019 0:00:00",0,1,2,0,3,0,18,0,0," ",0,0," ",0,0,0," ",0,0,0,0,2,1,65,0,0,170,85,29.4117647058824,1,0,"Stroke (hemorrhagic)",1,0.8,98.21343773,0,1.23,73,0,0,0,1,2,2,5,4,0,0,51.2108,1,1,1,1,51.2108,0.984539215,3.03030303030303,67,2,0.028985507,1.88047e-07,353510.194,178562.3372,283.4474542,89.25129923,5.61336e-09,82545,5448.5,140.6267165,3.623066888,1.37527e-05,39740.47776,43324.19606,74.42078946,30.97016956,23120.69183,28531.52213,61.62735164,19.34506808,3.33995e-07,0.315347514,0.066476676,0.546539701,0.023603721,0.668389,0.003967539,0.121631925,-0.305300121,1.50347e-05,0.331611,4900,119,353510.194,125698,0.332066829,138730,0.353499581,6.973452907,22.8199964,0.305358905,6.973452907,22.8199964,0.305358905,0.362453792,59732.625,0.362453792,59732.625,0.487115734,444371.5,0.487115734,444371.5,0.348499488,18062.1875,0.348499488,18062.1875,0.418271007,226414.375,0.418271007,226414.375,11.7309112846851,72.4113441424827,95748.188627243,2.41285285676405,0.288895860260525,1.23203811467147,159.437234216768,12,36.6314906162163,3.64717002639402e-05,2.3110179156065,0.520570637512743,0.00010208126051676,0.000191755075227078,9.49224972724914,698.330365160412,2.78127598762512,2.18853651713569e-05,4.86289705156679,34384.4375,5.52446216786544,0.25947126621494,0.000506725266251948,0.71712947100258,1865483.17095588,0.00170926852621335,0.00202551441347309,853.564409843338,6.43838650289025e-05,3.78389882823018,0.00312490424031124,0.000124940596817615,0.00922511109488769,0.725792246018172,0.000402191422957465,0.000392067739144804,1000908.75,1.24853456713717,1.74216544752566,5471,0.00283673718964343,0.208498528283859,0.000934144870106755,31230.767578125,688.5,495.578610661363,292.985481427031,96.4241187772225,2.31101791410913,4.37695352837176e-05,20197.7692307692,3599.22981144832,2.78127602886218,0.000348743356687901,3.1759210517791,2.89618638953264,176.298737993751,12.9875984191894,0.00274415703733418,770.490451653955,7.41278812081842e-06,84.224912405014,0.80694973182959,0,193347.557291667,8.04576969146729,374.973188855298,0.000574049557829548,165.595686289949,21.2245260581202,0,62213,0,1.25338642193482,0.000419171579316937,0,2.22562029212713,0.00120158266850722,2039.89061915812,0,351.454596214959,17.5906982421875,0,267.14367281492,0,9.24785966308233e-05,0,2.687728148881,0,63865,6.29868596056479e-05,0,7.29140767580865e-05,0,21.2245262265205
"H19-00319 - 1",1,2,"1/8/2019",17025944,0,"12/24/1952 0:00:00",0,0,65,"Portugal",84,164,31.2314098750744,"Diabetic nephropathy",1,1,14,0,2,2,2.9,23.27749622,3.86,16.51616058,4.42,14.03806145,3.69,17.32531802676,0,0,0,1,1,0,0,0,1,1,0,0,3.69,17.21468886,"1/6/2020 0:00:00",12,0,0,0,"1/31/2019 0:00:00",0,2,2,0,4,2,21,1,3,"1/6/2020",1,3,"1/6/2020 0:00:00",1,0,1,"7/20/2020 0:00:00",1,1,0,0,1,1,65,0,0,170,100,34.6020761245675,1,0,"Stroke (hemorrhagic)",1,1.2,67.11141057,0,1.33,80,0,0,0,0,1,2,3,3,0,0,27.38412264,1,1,1,1,27.38412264,0.457948493,0,50,0,0,1.06801e-07,467753.49,220164.0057,324.4377765,100.7013863,0,0,0,0,0,7.31376e-06,75530.91866,172417.5659,95.46411862,41.44393113,55937,32614,63.22438272,10.75534423,2.17875e-07,0.33492429,0.049956703,0.552414728,0.018909749,0.182898977,0,0.090433329,-0.50900915,7.41514e-06,0.817101023,3424,102,487045.1458,222501.7083,0.456347048,225907.1064,0.447840105,8.372843644,27.08498818,0.345398557,8.372843644,27.08498818,0.345398557,0.379514175,124533.4667,0.379514175,124533.4667,0.376668162,959497,0.376668162,959497,0.359182372,17016.15,0.359182372,17016.15,0.420177782,339568.1,0.420177782,339568.1,31.4335950215658,165.228330245413,720996.583333333,0.00256204386996256,0.573869609581296,1.23488560101209,185.615301924252,56.375,82.5215783505656,3.17245833306992e-05,2.03987995783488,0.376668162143946,0.00138850850011205,0.000163399588485479,20.0563976764679,800.465010805181,4.96459436416626,1.88296018666497e-05,1.12977896582166,111995,3.25542207781695,0.774809711972919,0.000188783653295129,4.87246767996486,2609403.61,0.000767870302225054,0,982.125201821183,0.00290688517387152,4.14537608965504,0.00181974363420385,3.92315335911307e-05,0.00558061905016643,0,0.00373902141128132,7.5723197899575e-05,2459.52880859375,0,3.48409292148307,29721.125,0.000607029744451514,0.17262113625507,5.40609915204401e-05,7930776,89,467.066875196574,1471.15065365215,225.774963659173,2.03987994224941,0,10682.2,2397.53466796875,4.96459435203085,0.000142424414015502,0,0,143.198988945939,0,0.00108069240061862,3506.84097937106,0.000326649773070116,8.09379959106445,0,0,2010893.75,3.48826156854629,0,0.00130321896622441,100.6,2.98237063300256,0,0,0,0,0,0,1.74651169776917,0.0036169984852066,2323.94440867313,0,0,0,0,204.009803685999,0,0.000179568880358811,0,0,0,0,0,0,3.12504231828139e-06,0,2.98237073421478
"H19-00319 - 2",1,2,"1/8/2019",19272907,0,"5/6/1962 0:00:00",0,0,56,"Portugal",79,160,30.859375,"Undetermined",5,1,16,0,2,2,1.8,43.63107611,1.94,39.88052389,2.15,35.25305664,1.84,42.231891715273,1.83,41.98349604,-0.124197837636501,0,0,2.19,33.42604203,-2.20146242131825,0,0,0,0,2.19,33.27255942,"2/1/2024 0:00:00",61,0,0,0,"1/15/2019 0:00:00",0,2,1,1,4,4,22,0,0," ",0,0," ",0,0,0," ",0,0,0,0,2,1,65,0,0,170,100,34.6020761245675,1,0,"Stroke (hemorrhagic)",1,1.2,67.11141057,0,1.33,80,0,0,0,1,2,2,5,5,0,0,46.26961844,1,1,1,1,46.26961844,1.230716236,4.34782608695652,47,3,0.06,9.75772e-08,427343.7021,188782.9481,314.5674704,89.98196129,6.22833e-09,64952.33333,35519.10638,118.2477751,47.58988354,9.46706e-06,54705.25461,55000.48382,90.17974799,35.69971473,22206.31962,16171.59477,61.48236171,19.58343614,1.99307e-07,0.342829618,0.041698982,0.517897923,0.022121097,0.259428105,0.006494578,0.080515831,-0.370885489,9.68315e-06,0.740571895,4560,96,427343.7021,188811.1702,0.440761417,199783.0682,0.432422321,7.960067612,24.64060632,0.333216608,7.960067612,24.64060632,0.333216608,0.388621542,54708.86538,0.388621542,54708.86538,0.384562199,363895,0.384562199,363895,0.4080738,13900.27778,0.4080738,13900.27778,0.344853963,146528.1875,0.344853963,146528.1875,23.7215276131263,122.476644321242,1012526.65504808,3.29359274150663,0.459188083781914,6.21000961467444,379.687382663641,26.3333333333333,61.2376458027192,0.00213039928758648,2.13537160249857,0.289928252779625,0.000146389716541994,0.00739436586138228,14.7719648679097,46.6296617459381,3.85893175999324,0.00085731778102983,4.66726571174597,261487.346153846,3.50073685074204,0.451443127169358,0.000299223614576725,1.73970755629102,5125.369140625,0.00113130972502751,0.00129782622403438,289.570647771292,0.000115994679385942,0.523103606922331,0.00241709468642975,0.000296965748861861,0.00690183448989058,0.170616113744076,0.000564393906103667,1.63986680279114e-05,185484.451526989,1.87338649833082,2.11332449214918,14882.75,0.00118938255822729,0.264389429982913,0.000114411708071663,3416581,121.090909090909,942.734762914989,874.050409838478,148.754283982577,2.13537162959407,0.000149990095863483,336,34,3.85893172095333,0.000847894520904346,2.89369700210116,1.02368241047467,60.1733423823076,16.7782974243164,0.0020824617693271,2412.5804819966,1.32807421367535e-05,70.2500047683716,0.798373730198606,0,1153621.3125,4.09874355792999,195.179621628269,8.3587560683423e-05,171.395494897024,17.1076933044664,0,69122,4.88940371713444,1.23788080674054,0.000311009438321142,0,2.7280470430851,0.000404452598167699,1955.80497714579,3.65786965443805,369.846934762383,9.79999923706055,0,94.092439571851,1.26022659291905,0.00297619047619048,0,4.02072989586556,0,2538,6.09781184547594e-05,75101,0.000716680771799987,341798.65625,17.107693195343
"H19-04533 - 1",1,2,"3/23/2019",19508593,0,"12/24/1956 0:00:00",0,0,62,"Portugal",71,168,25.15589569161,"Undetermined",5,1,16,0,1,2,1.67,45.98933394,1.73,44.08202752,1.75,43.47816703,1.53,50.7675447759982,1.63,46.47171896,-2.1479129079991,0,0,0,0,0,1,1,0,0,2.72,24.99615797,"11/21/2022 0:00:00",44,1,0,0,"4/1/2019 0:00:00",0,1,1,1,3,4,11,0,0," ",1,6," ",0,1,1,"1/10/2023 0:00:00",4,1,0,0,1,1,64,0,0,170,70,24.2214532871972,1,0,"Stroke (hemorrhagic)",1,1,84.04557832,0,1.35,81,0,0,0,1,2,2,5,4,0,0,47.7917,1,1,1,1,47.7917,0.680401302,10,55,5,0.083333333,2.62178e-07,325848.6364,139919.1514,280.4987812,67.59637658,2.38344e-08,112073.6,53333.5148,160.5893317,45.62090021,1.67508e-05,26952.33281,22989.66338,66.07124683,22.16545676,11335.10276,8594.866784,46.76615664,13.1906112,3.0508e-07,0.49821092,0.085430306,0.451472687,0.037278435,0.306569971,0.011328803,0.189225856,0.217922567,2.0838e-05,0.693430029,3514,64,325848.6364,107415.7818,0.316638826,110646.4151,0.317444003,6.353169848,22.54081522,0.315468288,6.353169848,22.54081522,0.315468288,0.406422265,218940.5417,0.406422265,218940.5417,0.602057184,1482162,0.602057184,1482162,0.355149567,16630.91667,0.355149567,16630.91667,0.457694964,421250.1667,0.457694964,421250.1667,4.99689960479736,1312.48868171292,4125.681640625,1.97226750530066,0.0346687622640768,1.28091822465675,158.644256120415,2992,608.822634270442,8.07778693719191e-05,2.99847269058227,0.156173761888606,4.51074083939067e-05,0.000389501875567805,27.9844970703125,505.110559730349,4.18089866638184,4.46673174318996e-05,2.21609178480211,10941,0.293762489463434,0.109222137922773,2.82034275744723e-06,0.0411633755437657,2351994.06944444,1.88777293905001e-05,0.000697534828237562,637.053743153397,3.96894439683292e-05,9.29736153084003,0.000178316500041021,0.00244498777506113,0.00056629676844674,0.776685457071327,0.000215110815805171,0.000451758987141476,806.657409667969,1.10741110947466,1.87069956449237,1482408,1.09826357525189e-05,0.349137677348588,5.80967283431853e-05,148614.03125,2,405.177038800605,366.14998896713,1482.69408343968,2.99847267556606,4.49838152080135e-05,117677.777777778,25612.8051893446,4.18089879509353,0.00244498777506113,2.26869024289577,5.69466567820684,386.991104553674,12.393798828125,4.21905674010573e-05,1102.15346238077,4.56958301542345e-06,45.604767481486,0.304741962334825,1.57176421419473,25266.51171875,2.79328698582119,503.134293658696,1.69221598119689e-05,99.2517521476938,9.42415097017702,16659.12890625,23431,1.99009837013824,1.12994557545759,0.000163385737645417,1.22547959516714,2.75893289954574,9.82728636564484e-05,1470.53566523292,0.519583772373862,333.023536613839,44.0751953125,0.174989011735696,9.05538513813742,1.75525394603229,6.76633721832899e-05,7.59069967269897,2.90303780848998,423738.78125,134934,6.91046198416293e-05,2454,0.0171149144254279,21234.349609375,9.4241508907742
"H19-05840 - 2",1,2,"4/14/2019",11007466,0,"11/6/1960 0:00:00",0,0,58,"Portugal",86,175,28.0816326530612,"Diabetic nephropathy",1,1,32,0,2,2,1.29,64.27073449,1.38,59.27424239,1.61,49.26402185,1.58,50.0762044079805,1.67,46.27624666,-1.89997887399025,0,0,1.63,47.05337204,-0.755708091995125,0,0,0,0,1.63,46.94813984,"3/18/2024 0:00:00",59,1,0,0,"4/22/2019 0:00:00",0,2,1,0,3,4,18,1,0," ",0,0," ",0,0,0," ",0,0,0,0,2,0,62,0,0,160,65,25.390625,0,0,"Head Thrauma",2,0.6,109.1453993,0,1.09,60,0,0,0,1,1,2,4,2,0,0,15.97998931,1,0,0,0,15.97998931,1.658802267,15,37,6,0.139534884,1.42529e-07,544023.8378,271478.3393,353.4628861,116.8668175,2.31128e-08,203913,37864.39908,210.6894055,21.81301822,8.1203e-06,43967.91675,42638.40636,76.76346695,28.07890971,37732.96181,50117.31491,57.86998757,23.80742962,1.73346e-07,0.528452359,0.077539158,0.357032642,0.06167105,0.159786862,0.006358682,0.217176664,-0.146685138,7.44491e-06,0.840213138,2108,45,574599.2714,215998.9714,0.384165517,215998.9714,0.384165517,7.979603857,30.19367153,0.294217163,7.979603857,30.19367153,0.294217163,0.52103799,65148.3,0.52103799,65148.3,0.6776702,491652.5,0.6776702,491652.5,0.491720927,15432.9375,0.491720927,15432.9375,0.638306244,264009.75,0.638306244,264009.75,17.9844970703125,153.299576840503,688560.65625,2.66407470396226,0.677670199506874,10.0583943779059,482.425065610062,42,77.466257840059,0.00794752604431576,2.55084455013275,0.410187682731168,7.74677637349735e-05,0.0138888888888889,22.6329193115234,15.3792934070936,5.09561586380005,0.00172413793103448,4.04479746513705,315806.5,1.54806395919886,0.275024856703291,0.000198640487591034,0.599957834355809,309.344024658203,0.000863428241536838,0.00110349197433648,154.690998342075,4.28959365034779e-05,0.266675883326037,0.00197181406306044,0.000907444815531382,0.00554707764714917,0.742269565046018,0.000337612763531988,1.2359342997507e-05,25535.5627441406,1.19355379355356,2.99338220109295,26608,0.000662174849277245,0.417397044283779,5.04129506528393e-05,15185879,14.5,1609.4329322627,1097.34690942495,221.440788629448,2.55084457942767,3.47777996016443e-05,18444,3813.80834960938,5.09561595722044,0.00237686859266618,6.48426843944275,4.85146836793001,179.783064855644,11.4906768798828,0.00150333737218505,2863.35064736294,4.98222365454892e-06,75.0579076306573,0.785853538044547,1.56561435975827,761262,2.44548468589783,555.916827637102,1.961992131517e-05,129.206468922647,17.5702986601029,43912.3515625,121911,9.60306409109077,1.33470282113184,0.000250613074997287,1.87412721408225,3.68597683413275,0.000107294550431538,1906.61442892487,7.59616865521166,515.484628436098,37,0.177588674576374,45.7909875906213,1.52012518946681,9.71243402699901e-05,8.393798828125,2.59536912781569,1256960.75,150654,6.26488521719541e-05,198996,0.00173100310073461,1767375.6875,17.5702986881651
"H19-07811 - 1",1,2,"5/22/2019",19029209,0,"2/22/1960 0:00:00",0,0,59,"Portugal",64,164,23.7953599048186,"Diabetic nephropathy",1,2,42,0,1,2,1.19,70.36611183,1.27,65.08118361,1.32,62.13426859,0.93,94.0024909492175,1.02,83.09916865,-5.45166114960875,0,1,0.87,96.3541184,0.587906862695625,0,0,0,0,0.87,96.33015118,"3/7/2024 0:00:00",58,1,1,1,"6/3/2019 0:00:00",0,1,1,1,3,0,10,0,0," ",0,0," ",0,0,0," ",0,0,0,0,1,1,54,1,0,160,60,23.4375,1,0,"Stroke (ischemic)",1,0.5,111.3861784,0,1.17,68,0,0,0,1,1,2,4,4,0,0,19.39499997,1,0,0,0,19.39499997,1.717603557,9.52380952380952,39,3,0.071428571,1.36167e-07,235736.4231,129893.1769,228.3530465,85.65367944,1.04744e-08,110628.6667,34307.45082,157.6244487,19.48161092,1.06525e-05,43426.03605,39817.1225,76.42041552,26.37650768,19786.27059,19857.49837,54.44312365,14.80382994,3.45656e-07,0.441084066,0.032099618,0.462595034,0.045812867,0.364475165,0.012230378,0.069390322,-0.01788392,1.26958e-05,0.635524835,3051,99,264666.0294,86657.14706,0.311543829,92893.09677,0.314565402,6.753846272,30.27689642,0.242480476,6.753846272,30.27689642,0.242480476,0.462852085,53174.35484,0.462852085,53174.35484,0.529814588,423650,0.529814588,423650,0.431919937,13327.77273,0.431919937,13327.77273,0.538464003,150577.1111,0.538464003,150577.1111,3,4.03009616141954,56.1938018798828,0.21787679684631,0.596565208119078,1.18495802498009,3.16227766016838,1,4.24264068711928,5.72647007584868e-05,0,0.670658646751098,0.000551872433773672,0.000274524164424377,0,621.898274093057,0,3.13511045248321e-05,1.20185530792587,10,1.1453435099218,0.303030303030303,0,1.56093894110786,1470172.29779412,0,0.000666274248010394,733.778358827467,0.000465172304726146,4.12054006632618,0.0407094861331739,0.000930075000591414,0.0789473684210526,0.183243139625758,0.00161209414614459,0.0433594153987037,3720.89546508789,1.16328791007633,0,44,0.177777787049611,0.0968429729881728,0.000101520521537064,3807761.025,22.6,17.7012042095316,856.38009523847,15.748476855773,0,5.57236799190814e-05,19469.45,4244.7541809082,0,0.00294056458599879,1.44109559980642,1.71907556880139,195.377563598747,41.3782958984375,0,2198.44958031634,5.32576621036548e-05,49.4635667800903,0.365923388557689,0,214060.1234375,2.84791782323052,318.478667639187,0.000447722676161773,153.536218450146,16.1434700434434,0,55549,3.99290391691682,1.44075473856413,0.000146870820098173,0,1.6750645339489,0.00178139687535105,1571.85125105112,2.93702422607441,530.818021421331,21.1968994140625,0,51.4599155958692,1.5206114011129,0.000142685761486381,0,9.12126533717635,0,12427,4.16183238909404e-05,70372,0.000267944460732835,329877.75,16.143470287323
"H19-07811 - 2",1,2,"5/23/2019",19801515,0,"10/10/1957 0:00:00",0,0,61,"Portugal",68,174,22.4600343506408,"Diabetic nephropathy",1,2,51,0,1,2,0.92,94.63951367,1.2,68.80189458,1.14,73.16983422,1.24,65.7371486927197,1.07,77.49154802,5.87719966364015,0,0,1.34,58.42343621,-1.82842812067993,0,0,0,0,1.34,58.37258895,"11/30/2023 0:00:00",54,1,1,1,"6/6/2019 0:00:00",1,2,2,1,5,0,21,0,0," ",0,0," ",0,0,0," ",0,0,0,0,2,1,54,1,0,160,60,23.4375,1,0,"Stroke (ischemic)",1,0.5,111.3861784,0,1.17,68,0,0,0,1,1,2,4,4,0,0,19.9860271,1,0,0,0,19.9860271,0.659936676,16.6666666666667,80,16,0.166666667,1.81342e-07,284342.2813,133003.4144,252.1215009,85.54581385,3.62683e-08,158831.9063,59375.1684,193.8881212,47.90246809,1.50242e-05,41112.56329,40539.79013,76.7583925,27.88935908,24155.40443,22064.84514,56.31229884,16.02594873,3.78551e-07,0.52222336,0.051563102,0.617681589,0.015247387,0.249831233,0.006957766,0.08347845,0.049787155,1.3816e-05,0.750168767,6628,167,306659.7432,72668.78378,0.24472928,75962.55714,0.245489638,5.509793858,30.84326814,0.20231184,5.509793858,30.84326814,0.20231184,0.4849895,49043.43939,0.4849895,49043.43939,0.606928422,527703.5,0.606928422,527703.5,0.466472517,15382.65217,0.466472517,15382.65217,0.527578559,126463.25,0.527578559,126463.25,17.729768037796,27.768137830154,304195.591796875,1.21487061882675,0.606928422481347,1.23585875549438,250.003928749621,8,13.9283882771841,4.84862089554353e-05,2.08081789314747,0.519322566279857,0.0003016360577258,0.000246014489456895,2,643.492757413629,1.07499992847443,2.82059466701897e-05,2.83358275719047,73311.875,0.665302695203033,0.280247147150548,0.000721476462063373,1.1542032318835,2701918.23333333,0.00134228187919463,0.000498623290162065,791.777797044026,0.000446814581208585,6.86025610336421,0.00238201849990421,0.000348205478752031,0.00709637300467785,0.0635102827301166,0.0011547711913745,3.25451201042821e-05,68768.9137573242,1.27948339451531,0.0173154357295708,1490,0.00690614475923426,0.23509883638357,1.8935862731364e-05,13555776,77.25,641.357385459072,996.049347711746,74.1314564524112,2.08081788032499,1.40062055840871e-05,12790.2,2768.84191080729,1.07499996821086,0.00126228233054775,1.48111146153906,0.347541612871782,140.631564924469,32.3100792566935,0.0833333333333333,2803.99530830361,5.17684288367483e-05,33.7136958440145,0.277620537762062,1.63723177736566,351127.46875,0,478.952612335033,0.000204161768766551,114.87055091953,9.05619977035213,48163.265625,49778.1666666667,3.79319508620135,1.18204631158494,8.47727318277403e-05,1.15723068617756,2.52004778385162,0.000811570783591672,116.04010639674,2.36160500544851,523.043427022652,9.89431595802307,0.18663988367177,95.4116908859073,1.80741361646093,0.000168593363034826,10.1984491348267,5.41855108491049,149541.32421875,8166.83333333333,3.1889609939765e-05,16276.5,0.00035364265734488,107914.17578125,9.05619955062866
"H19-09323 - 1",1,2,"6/19/2019",18025908,0,"5/25/1954 0:00:00",0,0,65,"Portugal",72,165,26.4462809917355,"Chronic glomerulonephritis (unspecified)",2,1,61,0,1,2,3.24,20.37791987,2.65,25.93694455,3.07,21.73941293,3.39,19.1810870758568,0,0,0,1,1,0,0,0,1,1,0,0,4.16,14.90427242,"6/21/2021 0:00:00",24,0,0,0,"8/14/2019 0:00:00",0,2,2,0,4,8,28,1,1,"8/5/2021",1,1,"8/5/2021 0:00:00",1,0,0," ",0,0,0,0,1,1,71,1,0,160,55,21.484375,1,0,"Stroke (hemorrhagic)",1,0.6,95.90284574,0,1.61,93,1,0,0,1,1,2,4,4,0,0,89.2917,1,1,1,0,0,1.091639339,20,24,5,0.172413793,3.04305e-07,244522.8958,143361.3682,229.798486,90.19763958,6.33969e-08,130601.1,46114.47256,172.7685929,21.65209745,1.37444e-05,36009.69419,31841.60125,73.73922687,27.23724928,30317.27248,42634.80304,58.60960504,18.78736591,1.90191e-07,0.484502173,0.074409579,0.49493343,0.003281976,0.244509215,0.019760802,0.1503426,-0.236074478,9.61469e-06,0.755490785,1084,15,266532.25,64701.18182,0.253810027,68955.9,0.247558052,5.16475029,24.79745954,0.308329562,5.16475029,24.79745954,0.308329562,0.493277166,18249.41667,0.493277166,18249.41667,0.253531433,38338,0.253531433,38338,0.541226313,14231.7,0.541226313,14231.7,0.253531433,38338,0.253531433,38338,17.8796343369917,95.9133330215229,218908.228338068,2.06849296378115,0.382178429602779,29.7442548169261,195.227453296746,14,47.5078940808788,0,2.54512875730341,0.253531433092346,5.84770911519055e-05,0,6.19689989089966,2.76097213610969,1.91275179386139,0,3.33049330853653,41518.6363636364,3.2551097884976,0.27762474098467,0.000223009419827607,1.49374196024259,36,0.00072250202762034,0.00120699543765444,82.1230587588792,5.951806773797e-05,0.371134020618557,0.00245700113378202,0.000129369684608546,0.0074487895716946,0.111533139442685,0.000306136372744925,6.60844247786772e-05,79355.6640625,1.46841692969479,0.739722240439548,8577,0.00165923230380933,0.229995312870661,0.000841066742420296,41370.4765625,72,491.210761172444,229.40459584434,114.50666663483,2.545128800281,9.83049037971135e-06,12892,3315.25341796875,1.91275178059994,0.000620049985826556,2.00838369430074,0.310630746869594,135.915345466991,29.5907001495361,0.00186822426617415,618.21529547665,6.8532797088216e-06,59.9350291165439,0.361703952540919,2.0714937720213,78106.359375,0,587.226134664373,2.38205070569639e-05,117.690479237878,11.4192312367639,25574.662109375,25303,1.84460598674392,1.04287364572823,0.000257183315509255,1.31574932744258,2.98696500604803,0.000129200581443065,487.574639149334,0.295261414782865,305.213125051849,8.69689989089966,0.226280388856816,92.4175308044962,1.30332997045422,0.000172978058960943,11.9968986511231,6.30510623164464,49137.20703125,20276.5,0.000100047767930461,9025,0.000395800694225106,30282.896484375,11.4192310680043
"H19-10049 - 1",1,2,"7/4/2019",19038428,0,"8/22/1955 0:00:00",0,0,63,"Portugal",62,165,22.77318640955,"Undetermined",5,2,27,1,2,1,1.93,38.4190929,1.84,40.68501589,1.86,40.16061405,1.59,48.1768411363712,1.6,47.22466388,-0.4760886281856,0,0,1.5,50.39661055,0.554942353407199,0,0,0,0,1.5,0,"3/16/2025 0:00:00",57,0,0,0,"7/12/2019 0:00:00",0,1,1,1,3,0,25,0,0," ",0,0," ",0,0,0," ",0,0,0,0,1,0,77,0,0,170,84,29.0657439446367,0,0,"Head Thrauma",2,0.8,91.15045097,0,1.23,74,0,0,0,2,1,2,5,2,0,0,13.41581955,0,0,0,0,13.41581955,1.919014027,25,17,6,0.260869565,9.84174e-08,360666.1765,183133.4647,285.7637729,100.289617,3.47356e-08,107170.8333,34326.01622,157.9018573,35.62775319,9.78964e-06,45176.26523,45839.57897,77.56796575,28.45164881,32900.27643,38386.37881,60.23826387,18.96777996,2.66306e-07,0.396770304,0.035495828,0.442259229,0.052197822,0.399489975,0.016630717,0.080260231,-0.130344825,1.07967e-05,0.600510025,1691,46,383196.4688,128655.8125,0.326738038,128655.8125,0.326738038,6.930287833,22.8333045,0.392686102,6.930287833,22.8333045,0.392686102,0.453776749,26133.84615,0.453776749,26133.84615,0.592415896,128011,0.592415896,128011,0.428613904,15311.31818,0.428613904,15311.31818,0.592172399,85657.75,0.592172399,85657.75,11.3937997817993,172.749974355961,76056.51953125,1.61526287218421,0.0928476690885259,66.6694241846439,306.190648318389,59.25,85.6273819066173,0.0765432053142124,3.05639064311981,0.592415895544305,5.96470465368384e-05,0.111111111111111,14.7868232727051,1.87670045566717,3.60241502523422,0.0109289617486339,3.63155457019931,56140,3.44263313762817,0.169693980399393,0.00010706310205512,0.229874341902627,12,0.000439143942850886,0.00235976912327036,125.118538746389,3.36205396147172e-05,0.0655737704918033,0.00131542743023979,0.000258313237803236,0.00356949567420971,0.745416018602199,0.000247913608694495,6.62126201553333e-05,206798.875,1.36394654309525,1.79473645216431,34292.5,0.000457353613958416,0.358388447277135,0.0118065133457161,3,203,669.520657413976,54.3667572754129,255.471033930545,3.0563906380046,3.96564890399981e-05,10560.5714285714,1903.80212402344,3.6024150133856,0.000714475563958208,1.93879090341238,3.46798665207678,134.881407115752,40.7720909118652,0.000887847099958592,140.361435713737,3.84484851718685e-06,76.2855339050293,0.27848450945455,1.77764026145066,2853.94287109375,3.40719163417816,460.371205949306,1.55610479236823e-05,150.478947389602,18.4225847451054,27235.2470703125,10081,9.38138945684061,1.49736979537435,0.000713068324805603,1.14107696294318,3.29894189039866,9.53962151216369e-05,1984.15200551795,7.7135477033278,272.087542330969,25.972095489502,0.202341972766961,155.900609363787,1.40010221722217,0.000186123067290541,10.1984491348267,12.3203947939576,704706.71875,90050,0.000319522902696169,84214,0.000126510587580169,738718.75,18.4225846926371
"H19-10049 - 2",1,2,"7/3/2019",16024033,0,"11/10/1949 0:00:00",0,0,69,"Portugal",77,175,25.1428571428571,"Chronic glomerulonephritis (anti-GMB)",2,2,32,0,2,2,2.53,26.74639207,2.41,28.35237085,2.94,22.33536405,2.54,26.4550364614982,2.19,31.21575701,2.3803602742509,0,0,2.01,34.17193134,1.92922371962545,0,0,0,0,2.1,0,"3/6/2025 0:00:00",55,0,0,0,"7/24/2019 0:00:00",0,2,2,2,6,0,22,0,0," ",0,0," ",0,0,0," ",0,0,0,0,2,0,77,0,0,170,84,29.0657439446367,0,0,"Head Thrauma",2,0.8,91.15045097,0,1.23,74,0,0,0,0,2,2,4,1,0,0,35.46019642,1,1,1,1,35.46019642,0.344559491,0,34,0,0,1.64494e-07,346603.7941,144457.6902,289.1434191,84.77545235,0,0,0,0,0,1.05711e-05,45008.12517,45282.53325,79.39874707,27.81440727,23488.51148,28608.72726,61.4784662,16.9599443,2.75769e-07,0.345900324,0.057014187,0.475787544,0.049643632,0.518630462,0.00517119,0.119831188,-0.404058049,1.2778e-05,0.481369538,2185,57,356745.5455,169518.4545,0.482806979,177829.6452,0.475392098,7.231612435,22.98935269,0.339762621,7.231612435,22.98935269,0.339762621,0.384354792,82888.21429,0.384354792,82888.21429,0.549784085,261485.5,0.549784085,261485.5,0.308283231,13757.125,0.308283231,13757.125,0.48578354,175063,0.48578354,175063,19.1475971221924,292.493667877278,533309.59375,2.02851451893013,0.260037039195425,7.93395655004653,324.96850207357,271,141.449637680695,0.00120304709931317,2.42530560493469,0.597838950885577,8.40243206413677e-05,0.00381844224166029,23.5844955444336,45.3226057825717,5.39437437057495,0.000435433589518195,4.48718135248592,155985.8,3.39885190066312,0.379531574069205,3.52723338057014e-05,1.27453197767249,56014.0078125,0.000154212544835607,0,359.587585013811,4.72196470055626e-05,4.69325578655216,0.000321131445079348,0.000240957786109774,0.00112450860020583,0,0.000373601736899079,2.85170835369612e-05,395996.9765625,0,3.60620811128911,152935,9.89052115119093e-05,0.473430195027105,0.00118969440752838,12939.1472981771,286.5,770.461396188979,147.312895440272,676.031117498016,2.4253055995437,0,13859,2373.044921875,5.39437433366915,0.000706601051444299,0,0,140.383457747323,0,0.000230680029581995,437.565872752686,5.42094207006751e-06,59.4692295074463,0,0,46239.7877604167,4.26351428031921,0,2.01047921336123e-05,106.481214464188,13.5259034182412,0,0,0,0,0,0,4.05948722362518,0.00011048508466468,1579.02099474892,0,0,0,0,190.397900842337,0,0.000111403846492997,0,0,0,0,0,0,0.000146552252906881,0,13.5259034156799
"H19-11364 - 2",1,2,"7/30/2019",19355139,0,"3/27/1957 0:00:00",1,0,62,"Portugal",77,162,29.3400396281055,"Undetermined",5,1,16,0,2,2,1.7,33.6965415,1.64,35.1812622,1.5,39.15746094,1.49,39.2283015069539,1.3,45.63404736,3.20287292652305,0,0,1.24,47.69940637,2.11777621576153,0,0,0,0,1.24,0,"3/16/2025 0:00:00",54,0,0,0,"8/14/2019 0:00:00",0,1,1,1,3,2,23,0,0," ",0,0," ",0,0,0," ",0,0,0,0,2,1,76,1,0,160,69,26.953125,1,0,"Stroke (ischemic)",1,0.7,89.57612681,0,1.63,94,1,0,0,1,2,0,3,4,0,0,45.4993,1,1,1,1,45.4993,0,8.33333333333333,22,2,0.083333333,1.32925e-07,353225.7273,123290.6226,289.8409286,61.75692604,1.20841e-08,19418.25,18102.25,49.44157002,40.49729811,9.83043e-06,58327.35495,55270.82549,91.48210099,30.49053977,26843.85413,27074.15526,60.76103653,17.87972962,3.20229e-07,0.388065995,0.046952636,0.573382985,0.017848968,0.344919102,0.003231898,0.08188704,-0.587394801,1.09204e-05,0.655080898,1627,53,353225.7273,146684.0909,0.405812717,146684.0909,0.405812717,7.566159923,22.94827653,0.27747295,7.566159923,22.94827653,0.27747295,0.341079741,87660.15,0.341079741,87660.15,0.444245148,340086,0.444245148,340086,0.318464744,20587.42857,0.318464744,20587.42857,0.393848068,244163.1667,0.393848068,244163.1667,20.8813972473145,145.214103570706,257198.423828125,4.30073402529699,0.442612662307358,1.24074912811721,192.356173371251,36,72.4603343101396,3.82891340889304e-05,2.45023995637894,0.258226386985502,9.09843116509736e-05,0.000183324513128407,16.2906980514526,700.451252310955,4.08840048313141,2.11196527369264e-05,5.90220421701676,69352.5,3.75812880427172,0.397204132915187,0.000205075085086158,1.44829580207077,1683612.90625,0.000783876223449309,0.0255751991271973,859.628721359475,6.56190495096198e-05,3.58791451645224,0.00181359690970895,0.000233020806131867,0.0058137634693985,0.725576684745672,0.00040404728345223,6.02766404196478e-05,149992.79296875,1.3724011575001,2.47412069285281,21119,0.000854010964766465,0.41055267654484,0.000108551723316577,1408375.6875,56.6,553.654462620715,752.94202965617,182.938187162486,2.45023993720243,9.9718705672728e-05,9435,2084.24365234375,4.08840055210892,0.000715523796091047,1.91747551623544,2.5737397689736,115.670619104693,3.19689989089966,0.00129266495156407,2199.17846174305,7.53399943649485e-06,53.333594640096,0.851063829787234,0,1228111.3125,2.4247031211853,266.203628279,3.0453709024831e-05,119.958815622534,12.0972683925693,0,1120,0,7.87639402051405,0.0111722164154053,0,3.658207654953,0.000192783833626777,2212.92162544043,0,118.157284971961,17.1813983917236,0,78.7897049399801,0,0.000210787723098536,0,1.39652709960938,0,27224,0.00230171288746601,0,0.000889790352470814,0,12.0972684224447
"H19-16473 - 2",1,2,"11/5/2019",2002674,0,"5/20/1955 0:00:00",1,0,64,"Portugal",53,159,20.9643605870021,"ADPKD",4,1,55,0,1,2,1.2,50.54806367,0.98,64.45412668,1.11,55.50529876,1.06,58.2980425946335,0.9,70.06933326,5.88564533268325,0,0,1.02,59.55205808,0.313503871341625,0,0,0,0,1.05,0,"3/16/2025 0:00:00",50,1,1,0,"11/20/2019 0:00:00",0,1,1,2,4,2,24,0,0," ",0,0," ",0,0,0," ",0,0,0,0,2,1,76,0,0,170,75,25.9515570934256,1,0,"Stroke (hemorrhagic)",1,1,78.00146846,0,1.58,92,1,0,0,1,1,2,4,4,0,0,21.68220359,1,1,0,0,21.68220359,0.254373544,6.12244897959184,93,7,0.07,2.31043e-07,355643.543,211644.2704,270.1473297,116.3642817,1.73903e-08,68862.78571,19921.39504,120.2460834,36.38515379,9.27899e-06,45765.68072,49104.9664,77.41791907,25.89176208,26277.63216,29060.83403,55.77875862,12.80482591,1.34154e-07,0.376110122,0.082169014,0.424659387,0.007703579,0.431427435,0.001598735,0.193493929,-0.331618385,9.75625e-06,0.568572565,3735,54,393704.756,122334.3452,0.311114933,127063.4625,0.310934478,6.470773207,20.424479,0.330855492,6.470773207,20.424479,0.330855492,0.357921451,23419.03333,0.357921451,23419.03333,0.64341411,105326,0.64341411,105326,0.324463066,11675.95833,0.324463066,11675.95833,0.491754988,70391.33333,0.491754988,70391.33333,19.1800865385267,90.1730170841772,624011.325,0.536106727358097,0.372528065902585,1.50481664334089,323.215002809149,22.8571428571429,45.320415013293,0.000131015250502882,1.6531311194102,0.643414110327478,0.0176733905730629,0.000496959863869244,10.7937992640904,558.060002905079,3.17289934839521,5.67410948093473e-05,2.01779777311674,131365.933333333,2.03275337650496,0.389269739827573,0.000411589268181896,1.49657017623084,2201858.51842949,0.00138332628858731,0.0011271225155726,713.556167149699,0.0361385112446795,6.60798566180578,0.00277807733333645,0.000155244906297094,0.00875348259023585,0.573101196639911,0.0293393560657551,1.83712536795012e-05,56518.515625,1.32794686980726,2.09581288644463,8298.28571428571,0.00172768393296055,0.659322479901973,0.000372076617272434,181924.645833333,195,836.219582216823,266.325486372238,115.859831687475,1.6531311106467,4.29763240930584e-05,13180.75,2665.25869750977,3.1728993701304,0.000570998059398832,1.25668032535358,2.35016288111213,140.988044711162,29.7875938415527,0.00210305795794491,801.796031280393,0.00291281435411878,2.49948330720266,0.333766418962813,1.48613757137647,90329.6692708333,1.44717133045197,359.093424007987,0.00360053823116656,20.1888888888889,1.2765055842715,13532.974609375,21065,2.23700699842118,2.84806444817221,0.000236501054286019,1.27868710904336,1.45460585753123,0.00873864871018457,48.1519480409052,0.779563044904351,508.671913712152,13.7844982147217,0.167039650576536,115.524889093217,4.19373398404193,0.000144449607753679,5.86563316980998,6.25025008986681,95434.4244791667,43494,9.09165049299762e-05,7246,8.91049455702622e-05,18419.515625,1.27650556961695
"H19-18272 - 1",1,2,"12/3/2019",93000490,0,"6/22/1959 0:00:00",0,0,60,"Portugal",65,171,22.2290619335864,"Chronic glomerulonephritis (IgA)",2,1,15,1,3,1,1.71,45.26093984,1.74,44.32612862,2.03,36.84034213,1.45,54.8247032955789,1.34,59.52372745,2.34951207721055,0,0,1.47,52.60573109,-0.554743051394725,0,0,0,0,1.47,0,"3/16/2025 0:00:00",52,1,0,0,"12/10/2019 0:00:00",0,2,2,2,6,2,25,0,0," ",0,0," ",0,0,0," ",0,0,0,0,1,1,75,1,0,160,70,27.34375,1,0,"Stroke (ischemic)",1,1.1,52.40101671,0,1.73,96,1,0,0,0,1,2,3,3,0,0,9.884021453,0,0,0,0,0,0.230577995,0,119,0,0,2.76292e-07,301833.2017,138459.2036,262.3963853,81.4110487,0,0,0,0,0,1.60575e-05,37718.73417,37574.61963,71.36955747,23.71050464,0,0,0,0,3.57555e-07,0.583212734,0.083394224,0.605667252,0.019870816,0,0,0.137689834,-0.288347758,1.63338e-05,0,6916,154,309454.7457,18846.2069,0.06132638,31182.5,0.120930846,4.465156556,25.74032735,0.210434719,4.465156556,25.74032735,0.210434719,0.641026037,108182.6563,0.641026037,108182.6563,0.989359174,605466,0.989359174,605466,0.51554952,12510.625,0.51554952,12510.625,0.766502553,203854.6875,0.766502553,203854.6875,2,119.29807765533,38.4000015258789,0.108814692519522,0.569815523118933,1.45030321994542,5,30,57.8303263206544,0.000144709058043383,1.07301580905914,0.907393759530156,2.74347431065457e-05,0.000683004481679568,9.29379940032959,390.288633292394,2.22594213485718,7.7888873303687e-05,1.46367322927552,84,0.276986927704039,0.126410835214447,0.000192712200789714,0.0574850322243696,1112520.30452128,0.00079588377563941,0,532.604356615941,4.52955730236081e-05,6.53743206824319,0.000656768798536599,8.25013506690247e-05,0.00294745809382177,0,0.000155695396715903,0.0332179946057937,37945.2934570312,0,0.970794011489366,12140.5,0.00161494267588716,0.0635341135850203,0.000640418458897644,29963.457421875,693,143.044983795427,119.305678923838,128.769138339894,1.07301584879557,0,71673,15196.847265625,2.22594225140147,0.000384847018589723,0,0,378.791040413903,0,0.00183261042462197,349.506637611548,5.159384529109e-06,42.2312081745693,0,0,2174.78432617187,0,0,3.08865989255059e-05,68.3015843373116,7.42527388189931,0,0,0,0,0,0,1.86805622747966,0.000166677541311869,149.414213562373,0,0,0,0,239.386963613412,0,3.37468102314471e-05,0,0,0,0,0,0,2.25643462695414e-05,0,7.42527388845171
"H19-18272 - 2",1,2,"12/3/2019",15053370,0,"1/17/1961 0:00:00",1,0,58,"Portugal",65,162,24.7675659198293,"ADPKD",4,1,33,0,1,2,1.24,50.44545487,1.33,46.37736773,1.51,39.82499481,1.29,47.8100727684365,1.5,39.4017518,-4.20416048421825,0,0,1.3,46.20521591,-0.401214214609125,0,0,0,0,1.3,0,"3/16/2025 0:00:00",54,0,0,0,"12/10/2019 0:00:00",0,1,2,1,4,10,25,0,0," ",0,0," ",0,0,0," ",0,0,0,0,2,1,75,1,0,160,70,27.34375,1,0,"Stroke (ischemic)",1,1.1,52.40101671,0,1.73,96,1,0,0,1,1,2,4,3,0,0,10.68498865,0,0,0,0,10.68498865,0.321635414,2.27272727272727,88,2,0.022222222,2.39462e-07,334344.0682,134332.4282,276.1435488,72.32472242,5.44232e-09,48348.25,5190.75,106.1324673,4.289450831,1.65283e-05,36850.24695,34432.65187,77.43128519,27.10930373,17583.1926,16039.83386,54.79477751,16.5739767,4.40828e-07,0.536869206,0.080062718,0.609072828,0.017850757,0.322325085,0.022186847,0.131450156,-0.193423314,1.73221e-05,0.677674915,6074,162,345605.5588,58209.71765,0.168515076,63921.81081,0.180923443,4.955176624,23.26901617,0.2549932,4.955176624,23.26901617,0.2549932,0.513603121,85636.75,0.513603121,85636.75,0.761265394,481150,0.761265394,481150,0.430991802,14910.21429,0.430991802,14910.21429,0.629258967,184653.9,0.629258967,184653.9,0,82.9548308280705,0,0.932901119984299,0.746108231472937,1.27301840189547,7,9.33333333333333,41.391179949071,8.89324554726163e-05,1,0.460477899170981,3.16090698334104e-05,0.000428518020222689,7.5312663714091,492.024936674501,2.24519010384878,4.89269446090252e-05,2.39305483182079,0,0.44087352945104,0,0.000365864498475183,0,725570.97486413,0.00121791983439407,0.000775611238781683,622.523443735269,4.41884338798432e-05,2.97677125630731,0.0016999486568572,0.00023787927578608,0.00632359003463804,0.0336950634117186,0.000174871544829628,0,45315.248046875,1.43316631409983,1.07533330754651,6532.66666666667,0.00250491704788475,0.169605207023943,3.41631793936112e-05,12085595.5,81,10.7184552923683,965.975144968756,100.082411246297,1,2.79715391613866e-05,13334,3095.78002929688,2.24519010133295,0.00100327992581214,0.0350023276368092,0.151158194922422,141.763367907133,28.7968940734863,0.00255878825409377,2412.80378669997,5.0357945947056e-06,40.6334904140896,0.0140879337311012,0,149039.609375,1.73777750291322,313.409543770669,1.88984243408183e-05,80.399754985593,7.40832452930219,0,608,0,1.33190995261394,0.000203057844251992,0,2.47216114468045,0.000116098891166682,1805.87876399667,0,270.850894316721,4.19999980926514,0,107.163717840617,0,0.000143848760778514,0,7.53913151799181,0,1804,0.00104079513628948,0,0.000304376200325927,0,7.40832454893324
"H20-02897 - 1",1,2,"2/14/2020",19292924,0,"12/1/1951 0:00:00",0,0,68,"Portugal",61,162,23.2434080170706,"Other",6,1,24.9666666666667,0,1,2,1.95,36.78487681,2.12,33.27421408,1.99,35.89939651,2.01,35.2512533680444,1.33,57.14600142,10.9473740259778,0,0,1.51,48.46558563,3.3035830654889,0,0,0,0,1.51,0,"12/30/2025 0:00:00",51,0,0,0,"2/21/2020 0:00:00",0,1,2,2,5,4.17,18,0,0," ",0,0," ",0,0,0," ",0,0,0,0,1,1,69,1,0,160,75,29.296875,0,0,"Anoxia",5,0.8,79.70930029,0,1.19,70,0,0,0,1,2,2,5,4,0,0,52.9647,1,1,1,1,52.9647,0.246024434,12.962962962963,94,14,0.12962963,2.94474e-07,260279.1436,117847.791,240.0304912,71.11626295,4.38578e-08,89059,33763.29126,151.2441666,33.04956139,1.32513e-05,43624.34669,46886.72128,77.34001751,28.19623381,19470.7731,20576.56247,53.76371509,17.41715615,3.85322e-07,0.500539112,0.076645362,0.578080022,0.033687468,0.320960046,0.02526588,0.132586077,-0.580149754,1.50412e-05,0.679039954,4230,123,268315.7143,76120.16484,0.28627369,81997.90244,0.285055297,6.556762509,20.53784897,0.38657784,6.556762509,20.53784897,0.38657784,0.399690372,154183.5606,0.399690372,154183.5606,0.487761444,1889383,0.487761444,1889383,0.309618726,13565.2381,0.309618726,13565.2381,0.557315752,400265.625,0.557315752,400265.625,0,0,0,0,0,0,0,0,0,0,0,0,0,0,0,0,0,0,0,0,0,0,0,0,0,0,0,0,0,0,0,0,0,0,0,0,0,0,0,0,0,0,0,0,0,0,0,0,0,0,0,0,0,0,0,0,0,0,0,0,0,0,0,0,0,0,0,0,0,0,0,0,0,0,0,0,0,0,0,0,0,0,0,0,0,0,0,0,0,0,0,0,0,0,0
"H20-04374 - 1",1,2,"3/6/2020",19709165,0,"5/25/1961 0:00:00",1,0,58,"Portugal",73,176,23.566632231405,"ADPKD",4,1,42.5666666666667,0,3,1,1.3,47.66460978,1.54,38.895844,1.19,52.9994925,1.37,44.4797539804034,0.97,66.48121696,11.0007314897983,0,0,1.29,46.63536437,0.538902597399149,0,0,0,0,1.29,0,"3/16/2025 0:00:00",49,0,0,0,"3/13/2020 0:00:00",0,1,2,2,5,0,24,0,0," ",0,0," ",0,0,0," ",0,0,0,0,1,1,64,1,0,160,70,27.34375,1,0,"Stroke (hemorrhagic)",1,1.2,50.54806367,0,1.48,89,1,0,0,1,2,2,5,3,0,0,25.50621462,1,1,1,1,25.50621462,4.602240522,5.88235294117647,64,4,0.058823529,1.77092e-07,445600.0234,249451.2327,318.3117759,109.1072618,1.10683e-08,91206.75,4913.655875,143.4766837,6.55295651,1.21557e-05,47907.13487,44787.0008,81.97079389,29.94769647,0,0,0,0,3.12678e-07,0.493065901,0.07891229,0.582345692,0.020595306,0,0,0.135507639,-0.094053214,1.23439e-05,0,4393,113,471215.9667,112953.1333,0.236462456,121665.1481,0.24534384,6.204401949,22.17072084,0.331462147,6.204401949,22.17072084,0.331462147,0.534313541,54075.59091,0.534313541,54075.59091,0.583350961,161271.5,0.583350961,161271.5,0.590556561,19165,0.590556561,19165,0.435888255,115169.125,0.435888255,115169.125,11.9274238348007,380.23731777625,113293.116333008,0.353846162230104,0.438185227465772,1.20036317595089,207.514952213531,370.666666666667,187.096458664299,2.23605753270711e-05,1.52240239828825,0.186907725406399,6.25557870636126e-05,0.000124123627042248,11.3281656901042,803.577501882806,2.38666645685832,1.4269162531294e-05,1.23846156780536,41600.25,1.39685714934641,0.217962593649972,1.8492851618329e-05,0.600922149256297,2771464.06428571,8.76323349304388e-05,0.000872672761878273,960.524933262589,5.74327069911977e-05,4.3081495537284,0.00019245705653983,0.0120879123499105,0.000919455175740077,0.344879145355552,0.000301219019409806,6.07068514592874e-05,32.2000007629395,1.24424656272168,0.984208727390222,132302,9.39189225129209e-05,0.129262818437089,0.000388620061173336,103620.994791667,1,528.106916299975,212.159705485496,445.324201008037,1.52240239505989,3.34427281117362e-05,22775.75,3549.75326538086,2.38666644855421,0.021978021978022,1.56071684845006,1.80149288302544,179.0850698479,25.9689960479736,0.000212276698727603,682.184174680499,6.58299762688521e-06,60.6578871409098,0.48326905719209,1.44665798813041,48426.6477864583,1.59643375873566,393.762039542106,6.51848640113927e-05,105.197069607235,11.9015590458601,15547.2333984375,44172,3.00471234111647,1.54700969308141,0.0001697410329935,1.56201983281559,1.79812375704447,0.000281429015121466,434.693434175952,1.80629648426272,425.304412582208,17.1813983917236,0.167108068816035,15.1327459504216,1.24219308541661,9.19851597531325e-05,6,5.05115378637677,165921.625,33445,5.44215767258763e-05,31046,0.021978021978022,150818.53125,11.9015589952469
"H20-04374 - 2",1,2,"3/6/2020",19209543,0,"10/27/1960 0:00:00",0,0,59,"Portugal",65,173,21.7180660897457,"ANCA vasculitis",2,2,36.1666666666667,0,1,2,1.48,54.16339138,1.4,57.89836037,1.39,58.39856124,1.33,61.1923217041336,1.39,57.3190686,-1.9366265520668,0,0,1.48,52.50501797,-2.1718259335334,0,0,0,0,1.48,0,"3/16/2025 0:00:00",46,1,1,1,"3/17/2020 0:00:00",0,2,1,2,5,0,24,0,0," ",0,0," ",0,0,0," ",0,0,0,0,2,1,64,1,0,160,70,27.34375,1,0,"Stroke (hemorrhagic)",1,1.2,50.54806367,0,1.48,89,1,0,0,1,2,2,5,3,0,0,38.15709359,1,1,1,1,38.15709359,3.169488305,2.5,82,1,0.012048193,2.34756e-07,445785.811,235668.1925,314.7554627,94.0986051,2.86288e-09,99650.5,0,165.1302516,0,1.89494e-05,42460.10568,38832.15006,81.33334891,29.93182509,22607.44286,24491.41271,60.49089154,18.55610907,4.49472e-07,0.670770434,0.104651006,0.804593954,0.030992038,0.333069035,0.009024599,0.130066856,-0.081344468,1.86537e-05,0.666930965,6619,157,468580.5694,89068.05556,0.19898934,149411,0.307662244,6.158984548,18.12036361,0.385747516,6.158984548,18.12036361,0.385747516,0.390864197,137842.881,0.390864197,137842.881,0.536561264,1046878,0.536561264,1046878,0.314296348,13285.95455,0.314296348,13285.95455,0.475088831,274855.5,0.475088831,274855.5,17.3103088802761,13.0628054597942,586936.525173611,1.61145899230367,0.536561264414244,1.86131019014989,345.603273487775,4,24.5967477524977,0.000146810735462609,1.61434531211853,0.514142423115566,3.54724253231201e-05,0.000627041858047136,10.393798828125,457.656837756847,2.8042049407959,7.24052019589261e-05,3.12867093327576,161144.777777778,2.78191523906941,0.333991407659116,0.00293020369989122,1.16993244327657,4139174.19444444,0.0108608138224922,0,680.31424276412,4.07103447165297e-05,18.0504804899043,0.0138708578912835,8.06908535172982e-05,0.0336515777989438,0.880105970366431,0.000195747092096695,1.78975793476975e-05,497873.25,1.1257367221533,2.2181642665883,957,0.0107573702221825,0.0776356398472569,3.20668048778508e-05,21073052,882.8,867.966680346968,1582.75254987034,101.141086267705,1.61434530346748,6.35566869091108e-05,24170.8571428571,3703.16302490234,2.8042050239432,0.000317072860631372,0,5.56381604686857,185.749745811071,0,0.0137302494427015,4151.83592873718,4.68034642837041e-06,54.2455860137939,0,0,2912773.75,6.04058218002319,379.183514761795,0.000117742050795867,69.1866145908541,9.17048655819924,0,0,0,0,0,0,1.66782209078471,0.000433260962290938,1156.4934700697,0,0,29.9844989776611,0,232.634887825379,0,8.38341618506839e-05,0,0,0,87703,0,0,6.76059921071753e-05,0,9.17048654556274
"H20-08233 - 1",1,2,"6/23/2020",19779957,0,"5/19/1971 0:00:00",1,0,49,"Portugal",71,165,26.078971533517,"Diabetic nephropathy",1,1,52.2333333333333,0,1,2,1.02,67.43990143,1.2,55.49062773,0.97,71.6326556,0.92,75.8561387871226,1.02,66.19328036,-4.8314292135613,0,0,0.95,71.19734006,-1.16469968178065,0,0,0,0,0.95,0,"2/15/2025 0:00:00",44,1,1,1,"7/2/2020 0:00:00",0,2,1,2,5,0,18,0,0," ",0,0," ",0,0,0," ",0,0,1,0,1,0,35,0,0,174,65,21.4691504822301,0,0,"Head Thrauma",2,0.6,129.1019015,0,0.72,15,0,0,0,0,0,0,0,2,0,0,6.086860933,0,0,0,0,6.086860933,0.006963796,0,64,0,0,2.69236e-07,268083.0391,105313.7594,258.3400923,66.45150835,0,0,0,0,0,2.00286e-05,29548.61783,29989.54232,67.84988453,25.25783396,25688.16667,33743.39513,55.70496635,30.63424103,1.76686e-07,0.508807285,0.072177474,0.591817386,0.008526459,0.35500752,0,0.121959029,-0.414249436,2.0286e-05,0.64499248,4761,42,272049.4841,55251.36508,0.207106383,56433.78689,0.204233851,5.337144425,21.43886894,0.266795588,5.337144425,21.43886894,0.266795588,0.510061496,50211.6,0.510061496,50211.6,0.850404414,459597,0.850404414,459597,0.463846754,11442.95455,0.463846754,11442.95455,0.637152037,156825.375,0.637152037,156825.375,9.34302425384521,153.075906437292,33697.7309570312,0.111732845561859,0.378056063126334,1.14906652614651,185.119256439504,59.75,75.6330358315116,5.86034885105999e-05,2.69864350557327,0.8504044144671,9.0791121013403e-05,0.000278809823044739,10.0914742946625,611.873804313154,2.2768594622612,3.20649496378987e-05,1.4859042990786,20532.25,1.45532958911823,0.146389933636748,5.85092024810258e-05,0.228217469911254,1966775.33079268,0.000241024359089679,0,699.260241737422,0.000135563297651258,5.90565107504717,0.000542751975579399,0.0001603521323068,0.00187390320660246,0,0.00043126395451032,0.000134198990302718,51363.25390625,0,0.848127509543378,47991.5,0.000447784838598327,0.244225428846556,0.00118948988466438,11375.22265625,204,462.087262094225,110.597936703584,391.993791685344,2.69864352501018,0,12408,2409.01374511719,2.27685945506601,0.000485318031581808,0,0,150.009084791178,0,0.000654949301371798,337.935064736294,1.56094658389005e-05,33.5950058831109,0,0,11821.45703125,1.62282490730286,0,5.27923902287842e-05,97.3564909829397,6.79369697417624,0,0,0,0,0,0,2.50131613016129,0.000302271381672294,775.705627484771,0,0,0,0,262.230814360174,0,0.000141685575952999,0,0,0,0,0,0,1.39154697554363e-05,0,6.79369698630439
"H20-08288 - 1",1,1,"6/24/2020",19533043,0,"2/23/1978 0:00:00",0,0,42,"Portugal",85,170,29.4117647058824,"Chronic glomerulonephritis (unspecified)",2,2,28.4,0,1,2,1.17,79.82041893,1.39,64.911146,1.16,80.64685761,1.24,73.9826710864133,1.1,84.36509346,5.19121118679335,0,0,1.06,87.10938762,3.28167913339668,0,0,0,0,1.06,0,"3/16/2025 0:00:00",47,1,1,1,"7/15/2020 0:00:00",0,1,2,1,4,0,14,1,0," ",0,0," ",0,0,0," ",0,0,1,0,1,0,25,0,0,174,59,19.4873827454089,0,0,"Anoxia",5,0.9,121.5522926,0,0.73,16,0,0,0,0,1,0,1,3,0,0,17.8086,1,0,0,0,17.8086,0,0,14,0,0,1.45448e-07,331916.3571,167864.9512,276.1278711,111.1574119,0,0,0,0,0,1.02749e-05,58613.64813,156567.0548,81.16829129,41.75927324,21510.81886,22392.99444,60.73577268,20.35881492,1.35059e-07,0.52315146,0.048276686,0.602248601,0.011987588,0.50922971,0.000681598,0.080160727,-0.59368948,1.40974e-05,0.49077029,989,13,386543.5,148107.75,0.393661201,148107.75,0.393661201,8.071088685,19.21818112,0.431725097,8.071088685,19.21818112,0.431725097,0.488580497,119609.25,0.488580497,119609.25,0.658977737,211941,0.658977737,211941,0.318183257,27277.5,0.318183257,27277.5,0.658977737,211941,0.658977737,211941,0,0,0,0,0,0,0,0,0,0,0,0,0,0,0,0,0,0,0,0,0,0,0,0,0,0,0,0,0,0,0,0,0,0,0,0,0,0,0,0,0,0,0,0,0,0,0,0,0,0,0,0,0,0,0,0,0,0,0,0,0,0,0,0,0,0,0,0,0,0,0,0,0,0,0,0,0,0,0,0,0,0,0,0,0,0,0,0,0,0,0,0,0,0,0
"H20-08454 - 1",1,2,"6/28/2020",9168386,0,"5/15/1991 0:00:00",0,0,29,"Portugal",76,172,25.6895619253651,"Undetermined",5,2,19.1,0,1,2,1.64,57.70819863,1.7,55.27279547,1.51,63.72029809,1.59,59.5213234056624,1.46,65.1213936,2.8000350971688,0,0,1.45,64.84903158,1.3319270435844,0,0,0,0,1.45,0,"3/16/2025 0:00:00",46,1,1,0,"7/8/2020 0:00:00",0,2,2,2,6,2.04,10,0,0," ",0,0," ",0,0,0," ",0,0,1,0,1,0,43,0,0,174,70,23.1206235962479,0,0,"Head Thrauma",2,0.7,117.2483252,0,0.77,21,0,0,0,1,2,0,3,4,0,0,35.2158,1,1,1,1,35.2158,0.050527331,7.14285714285714,26,2,0.071428571,1.22342e-07,500979.6731,187606.3536,353.6607509,86.22620167,9.41091e-09,142650.5,4013,191.5488975,0.140956175,1.31517e-05,31358.98801,28755.03215,70.54291826,23.56917447,21243.88761,26591.88174,58.48396536,17.52888267,3.29382e-07,0.43841494,0.061290738,0.412425252,0.011763083,0.442871166,0.00646854,0.148610536,0.052032567,1.60306e-05,0.557128834,2795,70,500979.6731,223469.1923,0.475494214,229622.88,0.463185396,7.616169585,16.95050773,0.405292875,7.616169585,16.95050773,0.405292875,0.387867968,35091.94231,0.387867968,35091.94231,0.552269927,302213.5,0.552269927,302213.5,0.352548794,15253.79545,0.352548794,15253.79545,0.582123427,144201.75,0.582123427,144201.75,21.2041870117188,311.76887271087,829725.525,2.12258935512148,0.443947576201014,1.13498748084452,396.215034816883,86,155.139740750555,3.68931972880832e-05,2.24528269767761,0.552269927374333,7.26136038381685e-05,0.000190731581096855,18.9824301401774,822.181717423721,4.65040286382039,2.21525237419311e-05,4.49480501968366,224206,2.90723879608643,0.382849192766463,5.29942751895672e-05,1.41820460075911,2071412.54375,0.000217957429427427,0.000686463709047456,928.416969839231,9.08026321540605e-05,3.3632592853834,0.000786004393756787,0.000144847804823629,0.00226079208709453,0.483310792534487,0.000321683718884022,1.40602620280879e-05,641669.375,1.11365045570745,2.0112656003007,91582.3333333333,0.000199871470647141,0.457325313761933,0.00102460920827264,67745.3284505208,470,920.013277663466,192.753609577198,368.85521740186,2.24528269324097,2.30860205430759e-05,11940.5384615385,2268.10825758714,4.65040292268871,0.000472365581690186,3.58099939681436,1.94963750612869,137.183545999625,9.78759956359863,0.000522461092527598,540.939714283277,1.04365478579116e-05,28.3772614796956,0.671264493210649,0,58866.6642795139,5.80997880299886,444.982630695008,3.76839706423191e-05,172.319835017203,6.43239969013923,0,98450,0,1.22423964098069,0.000157995785180642,0,4.19003772735596,0.000189440087475772,1627.70911421986,0,479.347261816453,19.5907001495361,0,269.016728104406,0,0.00015506841162498,0,2.25270380005962,0,67005,3.91374020985347e-05,0,0.000117028484141637,0,6.43239974975586
"H20-10380_1",1,1,"8/4/2020",14003757,0,"10/2/1949 0:00:00",0,0,70,"Portugal",51.3,160,20.0390625,"Undetermined",5,2,41.8666666666667,0,1,2,1.74,41.65332994,1.69,43.13648752,1.52,48.98876813,1.6,45.7787402618091,1.2,63.85402917,9.03764445409545,0,0,1.38,53.32721247,1.88711805204773,0,0,0,0,1.38,0,"3/16/2025 0:00:00",45,0,0,0,"8/12/2020 0:00:00",0,1,2,1,4,8,12,0,0," ",0,0," ",0,0,0," ",0,0,0,0,1,1,63,1,0,160,68,26.5625,1,0,"Stroke (hemorrhagic)",1,0.6,100.7951313,0,1.3,78,0,0,0,2,3,2,7,4,0,0,62.4181,1,1,1,1,62.4181,0.273072577,25,6,2,0.25,1.19154e-07,229654.75,168206.2744,197.0971011,123.536362,3.97178e-08,276760.25,8412.25,255.26092,15.58405415,8.47976e-06,65108.91335,88017.3166,90.56150985,33.48741324,0,0,0,0,1.7873e-07,0.338348997,0.027364175,0.552107945,0.028824243,0,0,0.049563088,-0.575064273,8.63863e-06,0,427,9,275552.7,144187.2,0.474082799,141909.6667,0.476268069,7.581061576,24.28326578,0.338512498,7.581061576,24.28326578,0.338512498,0.340957763,173726.6429,0.340957763,173726.6429,0.419914892,1041597.5,0.419914892,1041597.5,0.336657167,12684.3,0.336657167,12684.3,0.351709254,576332.5,0.351709254,576332.5,14.5907001495361,247.152040017622,14804.171875,5.26090748342158,0.265753645318366,13.3454245234396,67.1192967781993,208,109.402925006601,0.0585034007117862,2.69180488586426,0.419914891662353,6.87674359517847e-05,0.0952380952380952,21,4.1267322984694,4.5206093788147,0.0118343195266272,8.02917778295439,6048,2.99695302044998,0.328481425157506,4.06741769881296e-05,0.794172623518052,1,0.000188947472602617,0.000980647810221602,55.0729944176638,5.45879074784523e-05,0.00591715976331361,0.000338706831660733,3.80291205717091e-05,0.00120222494357643,0.430013412934277,0.000367714153565612,0.000777702880184393,5480371.5,1.15990046801564,3.03352074373324,111142,0.000139932909290198,1.4658203125,0.00167280026764804,1945.23901367188,1770,387.277485488137,94.632621252039,637.948640564377,2.69180499763705,2.56496314296313e-05,14389.75,2824.73461914062,4.52060930397823,0.000146768869338848,6.60906521253213,3.19058336839153,159.292454953435,79.9286804199219,0.00028157305479948,291.007142674936,6.24080011371081e-06,36.561243057251,0.677400241477484,0,17915.78515625,4.18980622291565,650.101010678822,2.1549284966153e-05,115.426599326599,7.05884276983832,0,181779,0,1.46118965232047,0.000327501864947299,0,5.14325404167175,0.000123331184091156,2235.90690681467,0,708.617489477242,40,0,418.001196170537,0,0.000135822210167716,0,26.6933661325547,0,122628,7.23452064895932e-05,0,4.45359376529928e-05,0,7.05884289741516
"H20-10380_2",1,1,"8/4/2020",79006376,0,"4/4/1963 0:00:00",1,0,57,"Portugal",64,160,25,"Undetermined",5,1,14.93,0,1,2,1.51,40.0734502,1.8,32.45652847,1.73,34.03876139,1.57,38.0056777599491,2.5,21.47820776,-8.26373499997455,1,1,2.55,20.714565,-4.32277818998728,1,1,0,0,2.55,0,"3/16/2025 0:00:00",42,0,0,0,"8/20/2020 0:00:00",0,0,2,0,2,0,13,0,0," ",0,0," ",0,0,0," ",0,0,0,0,1,1,63,1,0,160,68,26.5625,1,0,"Stroke (hemorrhagic)",1,0.6,100.7951313,0,1.3,78,0,0,0,0,2,2,4,5,0,0,43.4352361,1,1,1,1,43.4352361,0.555090326,0,10,0,0,1.18268e-07,382437.5,161746.5066,290.3898818,103.9914252,0,0,0,0,0,1.07269e-05,53920.45424,48391.99855,89.14391393,29.18688379,31674.23762,28423.27519,69.81296234,22.28231978,2.83843e-07,0.367954525,0.045230151,0.578400144,0.00674063,0.399167962,0.002515623,0.078198719,-0.546545445,1.13282e-05,0.600832038,907,24,424926.6667,149593.3333,0.34369995,149593.3333,0.34369995,7.29274277,21.99837731,0.411491215,7.29274277,21.99837731,0.411491215,0.423916327,19065.125,0.423916327,19065.125,0.361623495,41569,0.361623495,41569,0.444680604,11563.83333,0.444680604,11563.83333,0.361623495,41569,0.361623495,41569,13.9844989776611,78.0867799186166,100201.078125,2.813939693246,0.408505292875508,1.26650418331524,267.441582406327,28,38.8329756778952,4.46855225862287e-05,3.36243224143982,0.361623495030025,1,0.000239519503980606,8.59379959106445,670.56140309587,2.81427311897278,2.73858347685065e-05,4.36403477606516,52972,2.83781868046972,0.204701740691291,0.000319585864066861,0.387174230876233,3270693.16071429,0.000975902747111566,0,839.841626069328,0,7.63965458727538,0.00261921811222832,0.000284131704192224,0.00748752079866888,0,1,6.45410263636991e-05,117073.9609375,0,1.73439252178912,8806,0.00150018973228259,1.4,0.000852138415549977,31507.384765625,104,588.203130562911,181.404698960977,144.28006738301,3.36243227988624,0,9761,1886.2373046875,2.8142731798185,0.0008641627499324,0,0,157.685301385677,0,0.00158352673504044,495.487373415292,0,1,0,0,45915.90625,2.33327841758728,0,0.0346122469220843,0,1,0,0,0,0,0,0,1.21142864227295,0.0571428571428571,2685.99826689645,0,0,0,0,99.7045635866283,0,0.00016658812465146,0,0,0,0,0,0,0.000552445549100168,0,1
"H20-10632",1,1,"8/6/2020",19754798,0,"8/31/1969 0:00:00",1,0,50,"Portugal",95,178,29.9835879308168,"Diabetic nephropathy",1,2,24.1666666666667,0,1,2,0.86,82.25039341,0.79,91.07173615,0.74,98.50495154,0.71,102.878612721639,0.78,90.76524398,-6.0566843708195,0,1,0.61,105.5158196,0.65930171959025,0,0,0,0,0.61,0,"3/16/2025 0:00:00",46,1,1,1,"8/17/2020 0:00:00",0,1,2,1,4,0,14,0,0," ",0,0," ",0,0,0," ",0,0,1,0,1,0,18,0,0,174,72,23.7812128418549,0,0,"Anoxia",5,1.5,68.77834293,0,0.72,14,0,0,0,0,1,2,3,3,0,0,9.68203326,0,0,0,0,0,1.348855998,0,40,0,0,1.5557e-07,500598.6,233617.1152,341.4850756,107.8372298,0,0,0,0,0,7.71626e-06,81574.77243,265251.5542,92.5165965,49.31402867,48056.60821,89379.01801,67.87104734,21.10325877,1.47791e-07,0.587270616,0.077878042,0.629452469,0.011608748,0.33781573,0.019015747,0.123723468,-0.707610182,7.62089e-06,0.66218427,1984,38,526844.5789,139719.8421,0.271527296,139719.8421,0.271527296,7.322060117,18.14400369,0.470530687,7.322060117,18.14400369,0.470530687,0.490902663,138869.4,0.490902663,138869.4,0.633040779,823281,0.633040779,823281,0.442870131,17196.07143,0.442870131,17196.07143,0.602978572,422773.8333,0.602978572,422773.8333,19.3302341807972,383.060802672099,312485.460582386,1.68981960802938,0.633040779453736,1.19248770338167,258.981940970011,188,179.921064302065,3.53926427295277e-05,2.36697662960399,0.332758124391665,0.00139360916628741,0.000175616012722399,23.6891489028931,823.858099865896,4.39041435718536,2.02090955663873e-05,2.83262899647588,82251.6363636364,1.25799668461992,0.308045267490822,2.07724916277356e-05,1.15995708778648,5764112.83333333,0.000110854522257123,0,975.580829559832,0.00354819048282712,9.08726432018514,0.000327300634800661,0.000382647108524404,0.00107246427735239,0,0.00464561926167685,3.96473069587838e-05,16678.51953125,0,1.9416371149714,222607,9.4751697817107e-05,0.0363879598662207,4.24483914467292e-05,11313743,18,636.450098985665,1748.1510045814,803.216327722146,2.36697661432553,0,18441.1666666667,4053.8271077474,4.39041433309153,0.00164102305032562,0,0,178.143829661439,0,0.000255728175143644,4666.22279708908,0.000402990466882108,15.5906982421875,0,0,1035878.5,0,0,0,39.0909090909091,4.67695248482196,0,0,0,0,0,0,0,0,45.8994949366117,0,0,0,0,51.0881590977792,0,0.000121736546397071,0,0,0,0,0,0,0.00119428567007078,0,4.67695236206055
"H20-11613 - 1",1,2,"8/27/2020",4008508,0,"6/30/1958 0:00:00",1,0,62,"Portugal",56,154,23.6127508854782,"ADPKD",4,1,25.2666666666667,0,1,2,0.6,101.4239599,0.71,96.07580142,0.81,82.02420157,0.85,76.9343547758865,0.8,81.71711529,2.39138025705675,0,0,0.8,80.70696427,0.943152373528374,0,0,0,0,0.8,0,"3/16/2025 0:00:00",41,1,1,1,"9/3/2020 0:00:00",0,1,0,1,2,0,17,0,0," ",0,0," ",0,0,0," ",0,0,0,0,1,1,68,0,0,174,69,22.7903289734443,0,0,"Head Thrauma",2,0.6,105.1476058,0,1.08,59,0,0,0,1,2,2,5,3,0,0,50.3458,1,1,1,1,50.3458,1.083654264,2.77777777777778,71,2,0.02739726,1.34e-07,458066.2958,218737.8369,325.5308755,109.3968796,3.77464e-09,166786.25,5061.25,199.9522539,0.310074024,9.54607e-06,52328.62732,49027.7186,79.87574027,28.73340743,28965.10797,34677.08145,58.42771883,17.70082076,2.35915e-07,0.490451726,0.061380808,0.499532881,0.033130761,0.327599053,0.007724376,0.122876411,0.218347754,9.93916e-06,0.672400947,5058,125,485172.2239,184853.209,0.383757145,184853.209,0.383757145,6.530442109,26.79337874,0.24532677,6.530442109,26.79337874,0.24532677,0.428665549,113412.5357,0.428665549,113412.5357,0.522631991,637979,0.522631991,637979,0.388335224,21151.92857,0.388335224,21151.92857,0.468995875,205673.1429,0.468995875,205673.1429,19.8766939798991,820.771077014332,560388.989322917,2.07348467405474,0.436504422859222,1.7649052248211,274.69937415297,685,410.813826446969,0.00512273207656052,2.15614150365194,0.542483461437852,5.92932181777704e-05,0.0141001583044501,28.5906982421875,68.5934313615243,5.70797395706177,0.00162856204605596,4.29128277900531,139469.433333333,2.57775808126517,0.418325154933831,8.9454478105051e-06,1.68682319392598,52080.7734375,4.48068966178397e-05,0.00111642370317835,117.246314580172,3.26282880553928e-05,7.47656627975799,0.000303080834113774,0.000140567129353239,0.000932312675290044,0.814047338483248,0.000268714697068149,3.02182093642466e-05,443624.697916667,1.28786790584334,2.96918210212714,638087,3.31665541052033e-05,0.355729028196446,0.00159439481623531,14011.861328125,299.333333333333,710.139206404736,120.716772299255,991.401786875798,2.15614150453211,3.01557476670223e-05,32198.25,6460.57537841797,5.70797418662875,0.000453706915662436,3.82144187318798,3.87428990494252,238.586953254437,30.1813983917236,8.61370574389312e-05,358.791413922398,3.77919935355308e-06,80.1755368000752,0.785079610449838,0,22794.9453125,2.93069338798523,531.975259232577,1.56521978811232e-05,145.646090116203,17.4800657142374,0,126967,0,1.24414956462334,0.000237911298023294,0,3.25189714818387,9.34656165996491e-05,370.329473145273,0,506.834195110786,24.9689960479736,0,189.310770317814,0,5.89191529791111e-05,0,6.43169423226308,0,139892,4.54461013413228e-05,0,0.000109333913395119,0,17.4800657581639
"H20-11613 - 2",1,2,"8/27/2020",19707332,0,"10/2/1957 0:00:00",1,0,62,"Portugal",75,172,25.3515413737155,"Chronic glomerulonephritis (IgA)",2,2,37.3,0,1,2,1.14,54.42998476,1.21,50.67358028,1.58,36.79048643,1.58,36,0,0,0,0,0,0,0,0,0,0,0,0,1.66,34.376918,"2/17/2021 0:00:00",6,0,0,0,"9/23/2020 0:00:00",0,1,0,1,2,0,20,0,0," ",1,6," ",0,1,1,"2/17/2021 0:00:00",2,1,0,0,2,1,68,0,0,174,69,22.7903289734443,0,0,"Head Thrauma",2,0.6,105.1476058,0,1.08,59,0,0,0,1,3,2,6,4,0,0,14.40773584,0,0,0,1,0,0.405829563,15.5555555555556,78,14,0.152173913,1.4529e-07,435245.0769,215714.7529,312.067157,98.30486226,2.60776e-08,145802.0714,82538.42066,175.6912364,70.18508814,8.10269e-06,55082.12621,72951.65223,84.3631878,35.23479723,20843.78876,27128.52028,55.09403067,17.6617481,4.32143e-07,0.444819736,0.063236552,0.446313129,0.074848907,0.287645198,0.010821647,0.141686515,-0.21977718,1.10542e-05,0.712354802,4350,232,440860.2273,216618.5844,0.508919063,232227.7465,0.511479457,7.553512041,23.35737248,0.259431525,7.508250199,24.08187759,0.252659563,0.348629523,253797.0455,0.348629523,253797.0455,0.306097023,2598177.5,0.306097023,2598177.5,0.357144298,17169.88889,0.357144298,17169.88889,0.310313033,1318619.25,0.310313033,1318619.25,28.9410861968994,81.1237359329014,1171850.51458333,2.15273397667403,0.306097023009264,1.4394136696402,275.560220612838,17.5,40.1289723195068,0.000172001734930618,1.81479427814484,0.276107395985053,0.00372258638480745,0.000880762205648412,15.6891489028931,411.911796823676,3.68552577495575,0.000101635606265218,3.22471657809318,232378.233333333,4.05573926329604,0.701439933353081,0.000478123738695726,3.64401265383474,2502163.40909091,0.00191459344248805,0.00159974751946517,562.664905335365,0.00514933922711541,13.1213995239191,0.00241109854055829,0.000555993098940353,0.00787158580289633,0.663350928502784,0.00947095483422754,3.83569243119615e-05,15833.3583984375,1.33684256143904,2.23986399449083,8757,0.00191885953448976,0.0882404029876672,1.59899977300812e-05,22743092,18,727.483705300254,2292.19324196008,133.250626758042,1.81479428122575,2.51001464480299e-05,24142.7142857143,4220.17815290179,3.68552575188646,0.0017675050985724,8.07039549827006,1.21091527702447,208.365311527397,15.3198986053467,0.0031226752035815,6418.33376235774,0.000592078233756929,23.7720966339111,0.675312107612601,1.63714387559596,10538149,3.30129410823186,483.187058467142,0.0105159316107492,68,9.34369163969123,7056.84399414062,144190.833333333,2.64117401274876,1.24632235786772,0.000425283299626434,2.61532243209621,1.12520468235016,0.0205317746813052,2977.76275976911,2.33866068970264,590.274206710731,18.1906982421875,0.186487424648547,46.0977222864644,1.75778677280695,6.98954807750696e-05,6.09534978866577,3.93065069512457,155635.4765625,66056.2,5.26418291752341e-05,37020,0.00171185564135792,2123.50390625,9.3436918258667
"H20-11850 - 2",1,2,"9/1/2020",19461038,0,"4/27/1960 0:00:00",0,0,60,"Portugal",68.5,164,25.4684711481261,"Alport Syndrome",2,1,51.3333333333333,0,1,2,3.86,17.03782427,3.35,20.1959893,4,16.32476397,3.11,21.9434760954105,2.25,31.95927037,5.00789713729475,0,0,2.27,31.23078019,2.32182602364738,0,0,0,0,2.27,0,"3/16/2025 0:00:00",43,0,0,0,"9/18/2020 0:00:00",0,0,2,2,4,0,21,0,0," ",0,0," ",0,0,0," ",0,0,0,0,2,1,66,1,0,160,50,19.53125,1,0,"Stroke (hemorrhagic)",1,0.8,81.21046918,0,1.61,93,1,0,0,1,2,2,5,4,0,0,8.270300543,0,0,0,1,0,3.874253676,5,79,4,0.048192771,1.79464e-07,399197.8544,306938.4546,270.7991098,153.6737267,9.08681e-09,265179.5,139795.8229,252.5868616,70.38556218,8.87327e-06,50406.23425,54462.2803,83.57056565,35.35080553,21438.62356,25676.39364,57.63308938,20.59721709,4.2708e-07,0.519937362,0.071641836,0.447268087,0.066944124,0.261709126,0.031456505,0.160176499,0.163882772,1.06722e-05,0.738290874,3906,188,463220.0735,118311.8824,0.26975525,132305.65,0.274555363,6.57831091,24.19216804,0.296573049,6.57831091,24.19216804,0.296573049,0.431376007,43457.87931,0.431376007,43457.87931,0.42021025,200617,0.42021025,200617,0.404214293,14519.375,0.404214293,14519.375,0.49173537,107765.6667,0.49173537,107765.6667,18.141344944636,324.880450592395,518788.419704861,2.14442191122669,0.4947110845694,16.6528641309999,397.715361035343,253.333333333333,151.970601912148,0.0262701877486131,2.30642588271035,0.491283399791523,0.000398997466379409,0.0381084860698338,22.5793304443359,7.91972066880975,4.45440165201823,0.00390227055592953,4.04846463161519,159810.833333333,1.81010906404263,0.279126105217677,2.67679042755239e-05,0.89689980466368,320.335054570978,0.000134842272596124,0.00083263826225304,108.275115162086,0.000343437993180462,0.637026797340266,0.00035982503914278,0.000256615633311071,0.00117804401484167,0.691863506846709,0.00120247325460058,1.47401905424003e-05,138746.700892857,1.16084293422126,2.34405300154315,174494.333333333,9.69877647614862e-05,0.254446205949861,0.00104792002386887,54051.1606889205,102.142857142857,1044.09451160975,156.756005212439,722.084522266804,2.3064258763657,1.46121533612262e-05,12574.375,2257.76950073242,4.45440164468022,0.000803922788165386,3.96444401103088,4.0300317938565,143.382461829939,27.393798828125,0.00025647537707771,448.423494425115,3.8228280868881e-05,52.7718466712583,0.539434569720552,1.74458198119661,25427.978959517,6.08317470550537,830.300913296738,0.000131812693471742,131.288912899623,11.4707289076639,26140.81640625,74309,5.44380435932706,1.21680952217261,0.000170347523906673,1.22429335168305,2.51237078251377,0.000545661759241107,2973.81049609901,3.8789800537409,462.207233507953,48.78759765625,0.202742573107976,107.512016387848,1.14890850182343,0.000177890970397048,10.5968990325928,5.6044334156535,572598.5,320027,6.83962425103027e-05,189338,0.00029044835339226,1286234.875,11.4707287819155
"H20-12526 - 1",1,1,"9/13/2020",19782090,0,"4/10/1958 0:00:00",1,0,62,"Portugal",79,170,27.3356401384083,"Chronic glomerulonephritis (unspecified)",2,1,26.3333333333333,0,1,2,1.42,41.81942152,1.32,45.64942556,1.17,52.75953998,1.57,36.842020834194,2.15,24.95139662,-5.945312107097,1,1,1.52,37.3599848,0.129490991451499,0,0,0,0,1.52,0,"3/16/2025 0:00:00",43,0,0,0,"10/12/2020 0:00:00",0,1,0,1,2,39,16,1,0," ",0,0," ",0,0,0," ",0,2,0,0,0,1,66,0,0,174,72,23.7812128418549,1,0,"Stroke (ischemic)",1,0.9,94.19369713,0,1.31,79,0,0,0,0,2,2,4,4,0,0,46.4931,1,1,1,1,46.4931,2.142782574,0,19,0,0,2.84334e-07,253178.3158,166325.3274,223.5657654,99.41264939,0,0,0,0,0,1.16727e-05,45849.42115,45307.70269,80.53380598,26.99726371,28348.91438,33659.18857,62.57115867,20.73008327,2.84334e-07,0.312942172,0.071987318,0.535185509,0.03544327,0.399540203,0.024759202,0.134509094,-0.521328575,1.29384e-05,0.600459797,780,19,253178.3158,106799.1053,0.442285389,130336.4,0.421295666,7.382425251,26.14198907,0.275411796,7.382425251,26.14198907,0.275411796,0.400483478,262005.125,0.400483478,262005.125,0.135936538,1018336,0.135936538,1018336,0.320099885,7868.666667,0.320099885,7868.666667,0.448713634,414487,0.448713634,414487,26.5857376098633,846.028285300889,1130872.6375,2.14371675318687,0.577516957355067,1.16820186165292,337.244476370371,1496.5,424.947049661554,0.000109697385770157,2.63953847885132,0.320099884790751,0.000287230881817059,0.00055628544350127,61.2798442840576,486.72814215223,9.38855171203613,6.39760623363821e-05,3.14572846005338,209030.8,0.152132895083978,0.426181154510957,1.00937063698133e-05,2.30989438786211,376018.825,6.50936412756049e-05,0,566.793469722066,0.000212050319493302,1.50802509465087,0.000244255558137003,0.000599170570112413,0.000853700378204909,0,0.000977669204004909,2.11818964011606e-05,16879.1282552083,0,7.09503449122552,917914,1.87369172695949e-05,0.306768610922932,7.38417282170951e-05,1264570.4453125,24.3333333333333,919.312050661253,476.506599711532,1410.78261785218,2.63953844754347,0,49133,8823.2685546875,9.38855193979341,0.00183794591181067,0,0,503.062558187603,0,8.76022020749791e-05,1229.3803384216,2.4392176456938e-05,74.2471787588937,0,0,16015.326171875,6.38898062705994,0,0.000179676506331637,310.280655208233,20.6595548425935,0,0,0,0,0,0,3.95216495650155,0.000783484014993803,756.573159852919,0,0,0,0,44.7989910403689,0,3.11553222270844e-05,0,0,0,0,0,0,0.00144834368841348,0,20.6595548902239
"H20-14058",1,2,"10/7/2020",19690413,0,"8/19/1985 0:00:00",1,1,35," ",57.5,160,22.4609375,"ADPKD",4,1,29.1,0,1,2,2.01,32.59987767,1.25,57.6446788,1.46,47.84403642,1.26,56.7421225640754,1.69,39.39890674,-8.6716079120377,0,1,1.49,45.26084723,-2.87031883351885,0,0,0,0,1.49,0,"3/16/2025 0:00:00",41,1,1,0,"10/15/2020 0:00:00",0,1,2,0,3,4,17,0,0," ",0,0," ",0,0,0," ",0,0,1,0,0,1,57,1,0,160,70,27.34375,1,0,"Stroke (ischemic)",1,0.6,104.6274403,0,1.17,68,0,0,0,1,1,0,2,4,0,0,10.99564233,0,0,0,0,10.99564233,0.097286323,7.69230769230769,47,4,0.078431373,1.29699e-07,346916.6915,167471.258,278.8511347,94.2890642,1.10382e-08,92792.625,43304.80193,145.4989352,34.07799654,7.83712e-06,70323.80687,544405.5985,82.83528187,44.11141726,24741.66085,91057.05672,60.3178005,19.35158599,2.40081e-07,0.499931592,0.044994696,0.551136258,0.013526201,0.351605537,0.010116258,0.081639877,-0.561800332,1.12905e-05,0.648394463,2840,87,362286.3111,105547.6667,0.315679485,111203.4286,0.298369002,7.620518911,14.97525946,0.457291745,7.620518911,14.97525946,0.457291745,0.45659673,65731.125,0.45659673,65731.125,0.699581511,388551,0.699581511,388551,0.400470769,21014.54545,0.400470769,21014.54545,0.580073846,164107.6,0.580073846,164107.6,0,319.343790714824,0,1.93840154200827,0.699581510544416,3.09255253201047,19.7989898732233,144.5,158.646532000579,0.0861111084620158,2.01960706710815,0.496777034747703,8.88248817769442e-05,0.116666664679845,16.889922618866,7.04249160375272,3.40819191932678,0.0122807015452469,3.41081684413075,0,1.10549344568325,0,4.16310485925153e-05,0,1,0.000200119415729012,0.00070718292404838,21.779275240848,8.3770106654799e-05,0.0087719298245614,0.000648757717569946,0.000503262866586213,0.00201769638529103,0.919542245801727,0.00035088590564981,0,41837.03515625,1.11653732684068,1.51896241993863,108042.25,0.000180545273843567,0.192524297223492,4.62758231210937e-05,10631365,42.3333333333333,72.5939312191359,1001.59332578061,412.632948472526,2.0196071451599,8.56115314714921e-05,21015,3934.59658203125,3.40819181114135,0.00155447826149202,3.14409712055107,4.99098109934259,195.172534711535,14.9844989776611,0.000435930843041906,2581.05209076561,9.5444222503954e-06,98.5572684151786,0.614901736729148,1.56695158243147,429635.65625,3.47352884661767,312.708642943946,0.000100403034265495,314.579035419142,24.4573350584641,23093.732421875,83947,4.42827154344268,1.37988566213241,0.000131231160177157,1.29494702334287,2.33457798617227,0.000386676103048339,2146.44613635791,3.64988269794721,490.738565146233,26.793794631958,0.174695768505946,67.0424127559276,1.14539434732613,8.80206687376355e-05,7,2.78065712161971,507897.8125,62916,4.30517948465566e-05,25124,0.000728630490953624,124461,24.4573351996286
"H20-14222",1,2,"10/10/2020",19752002,0,"11/19/1959 0:00:00",0,0,60,"Portugal",62,170,21.4532871972318,"ADPKD",4,2,22.8666666666667,0,1,2,1.95,38.66138131,1.32,61.74903612,2.07,35.98773267,1.39,57.6766639207598,1.1,75.43009511,8.8767155946201,0,0,1,83.52449573,6.46195795231005,0,0,0,0,1,0,"3/16/2025 0:00:00",41,1,1,0,"10/26/2020 0:00:00",0,2,1,2,5,0,24,0,0," ",0,0," ",0,0,0," ",0,0,1,0,2,1,61,0,0,174,95,31.3779891663364,1,0,"Stroke (hemorrhagic)",1,0.8,100.6873575,0,1.12,64,0,0,0,1,2,2,5,5,0,0,55.9996,1,1,1,1,55.9996,0.330828903,12.8205128205128,69,9,0.115384615,1.50597e-07,487974.8696,188060.2141,338.3334649,83.4293235,1.96431e-08,94935.16667,41779.33103,144.9294582,42.26118426,8.71938e-06,46697.71289,42242.92039,81.719169,27.30133054,23781.08907,23935.95929,56.62619318,18.54670745,3.95046e-07,0.508198589,0.073487779,0.407174875,0.110647739,0.370026456,0.013887674,0.180482107,-0.001857693,1.14416e-05,0.629973544,3995,181,495121.1029,151932.1912,0.300383787,153879.9552,0.303740642,6.558647848,15.72605472,0.409356042,6.558647848,15.72605472,0.409356042,0.441144243,100082.9643,0.441144243,100082.9643,0.49938698,849573.5,0.49938698,849573.5,0.38487664,19182.5,0.38487664,19182.5,0.516167714,207950.25,0.516167714,207950.25,11.9024759928385,960.31305611107,94457.1664496528,1.76946546100986,0.554068021091311,1.25052299061594,209.912233337637,1164,475.037893225372,3.94427490410423e-05,2.49472174379561,0.525109119220978,4.52118082391879e-05,0.000200010398930696,20.9844970703125,698.578663409012,3.56235980987549,2.30875380472442e-05,3.57012853889986,37882,0.863249536031788,0.202890642348661,4.19264914045897e-06,0.485834191228413,2561914.97554348,2.46972900830825e-05,0.00143210274780774,865.624242650635,3.14301938601024e-05,5.11316681248519,0.000159426924087966,0.000324988379066597,0.000650335469247176,0.405485796247882,0.000233182180964446,0.00010493924243829,117091.575520833,1.50509107457438,1.63868019626489,849668,1.67428299772055e-05,0.270359445212264,0.00113794552809691,37701.966796875,106.833333333333,539.17321128676,114.254858559635,1127.73201888619,2.49472174804905,3.78513005670304e-05,23400.4,4089.35864257812,3.56235991925208,0.00105201373990731,4.63933023098912,1.73848787453025,204.041300112927,15.9922332763672,5.368993688131e-05,354.099025766973,3.61101297480189e-06,79.9502266777886,0.630601047567347,1.38520737544448,7655.79809570312,2.15722417831421,413.648508801947,1.76176691366773e-05,173.719148508362,15.4555327110559,24381.931640625,53442.5,3.05981081588249,1.3655325420548,0.000342656833865055,1.13076219192951,2.67149007320404,0.000118086212583506,315.325901807804,1.9128906621246,390.571346651649,17.940673828125,0.157947230947068,118.028401340991,3.14230325452679,6.72247241214648e-05,5.89533996582031,3.78340212543987,441900.375,35278.25,0.000119739120673187,2118,0.000346203480085322,20127.435546875,15.4555327097575
"H20-14245 - 1",1,1,"10/10/2020",97014437,0,"5/16/1967 0:00:00",0,0,53,"Portugal",80,177,25.5354463915222,"ADPKD",4,2,22.2333333333333,1,3,1,1.7,47.60880139,2.16,35.71753278,2.06,37.80813796,2.57,28.8141092062041,0,0,0,0,0,0,0,0,0,0,0,0,1.6,50.59365322,"4/18/2022 0:00:00",18,0,0,0,"10/21/2020 0:00:00",0,1,1,1,3,0,24,1,0," ",1,6," ",0,1,1,"4/18/2022 0:00:00",2,1,0,0,1,1,74,0,0,174,70,23.1206235962479,1,0,"Stroke (hemorrhagic)",1,0.8,92.86709158,0,1.48,88,1,0,0,1,2,2,5,2,0,0,46.8135,1,1,1,1,46.8135,0.62113232,8.33333333333333,11,1,0.083333333,9.60803e-08,481940.0455,192327.4169,337.526253,87.87921135,8.73457e-09,77817.5,0,143.4224529,0,9.8526e-06,52144.58378,55956.41579,85.71412916,30.94638085,21433.29712,22527.37041,57.36891357,20.25775027,2.62037e-07,0.290612641,0.046304955,0.513759748,0.027528366,0.303709129,0.021007543,0.09012959,-0.533083624,1.06387e-05,0.696290871,1128,30,481940.0455,261123.3636,0.522057154,261123.3636,0.522057154,8.862089089,25.72410681,0.244785702,8.862089089,25.72410681,0.244785702,0.311593186,64676.45,0.311593186,64676.45,0.362290131,256827.5,0.362290131,256827.5,0.259868554,14475.92857,0.259868554,14475.92857,0.432283994,181811,0.432283994,181811,29.5762284596761,270.559143574828,2104642.08333333,3.57782766790416,0.33651307549109,1.46735609521848,411.529546463606,160,134.825813552153,0.00017396881784084,2.11249502499898,0.443819559936749,0.000101591244219942,0.000805533675429563,36.1968994140625,355.027170080009,6.20860481262207,9.29377660328943e-05,5.52364708576921,401061.666666667,3.49042899749124,0.616685048042539,6.86655844259115e-05,3.22937441580074,790199.28125,0.000400328467938491,0,522.317951302967,3.39086661476949e-05,5.43149769033873,0.00105204312675139,9.88956195540596e-05,0.00336567411257282,0.790464869727246,0.000403992798677061,1.36660341726645e-05,810486.9375,1.20930713902151,4.44980465725851,90418,0.000189877398603614,0.484128624540465,0.00156734963552863,7692.40869140625,398.5,970.387443800664,126.751356987733,431.862454688147,2.11249503244338,5.70389184806692e-05,20140.6666666667,3445.83666992188,6.20860498580335,0.000298183527077408,0,3.47977327045641,175.959119867698,0,0.000558559647769621,382.272384310961,3.96834867517166e-06,94.3658981323242,0,0,36997.3081054688,5.41006684303284,346.727182436635,1.73268661128812e-05,123.976519243852,23.7547703391045,0,0,0,0,0,0,4.84057247638702,9.98035639121642e-05,2244.36727856101,0,0,21,0,148.045669609091,0,8.48508218747421e-05,0,0,0,61512,0,0,0.000117603766162028,0,23.7547707557678
"H20-14245 - 2",1,1,"10/10/2020",84006874,0,"9/26/1958 0:00:00",0,0,62,"Portugal",74,167,26.5337588296461,"Diabetic nephropathy",1,2,26,0,1,2,1.94,38.4197743,1.98,37.49027765,1.96,37.94980944,1.79,42.0525407500744,1.9,38.66424563,-1.6941475600372,0,0,1.53,49.52017037,1.8669074049814,0,0,0,0,1.53,0,"3/16/2025 0:00:00",40,0,0,0,"10/23/2020 0:00:00",0,1,1,1,3,2.7,24,0,0," ",0,0," ",0,0,0," ",0,0,0,0,2,1,74,0,0,174,70,23.1206235962479,1,0,"Stroke (hemorrhagic)",1,0.8,92.86709158,0,1.48,88,1,0,0,0,3,2,5,2,0,0,41.2467,1,1,1,1,41.2467,5.863783474,0,7,0,0,1.0521e-07,261248.7857,220360.9142,236.1510856,105.2504859,0,0,0,0,0,8.37171e-06,46803.69569,57299.9511,74.16253957,32.49071604,33739.36387,40278.78148,64.39979991,20.69406451,5.7114e-07,0.301592524,0.027485982,0.391826932,0.048749154,0.473625167,0.008244907,0.070148272,-0.112061025,1.00911e-05,0.526374833,557,38,261248.7857,138495.7143,0.581421846,176770.8,0.573414294,7.369764932,29.80857146,0.251754297,7.369764932,29.80857146,0.251754297,0.383006283,207907.5,0.383006283,207907.5,0.500967742,904031.5,0.500967742,904031.5,0.213780977,10256.5,0.213780977,10256.5,0.495823154,339674.8333,0.495823154,339674.8333,24.2860469818115,255.53059438502,620309.03125,1.76293393648588,0.50096774247409,1.23322034723175,197.895151590379,95.5,125.558929502959,3.50083276738242e-05,2.70861148834229,0,0.000483881397075139,0.000184099550717155,17.4906978607178,788.625319518823,4.39328896999359,2.13479317946348e-05,1.76293393648588,95019.5,2.51576048966518,0.557476092380993,7.78515252519879e-05,3.65630605842078,6617173.5,0.00031544803386934,0,964.284711771124,0.000215004414939485,11.1647637899338,0.00106083768058055,0,0.00296688555176815,0,0.00203321086175094,4.89019486552381e-05,114.590705871582,0,2.26092655984722,57536.5,0.000272889593561065,0.768603207181455,3.25106609109827e-05,26232702,0,547.288925315152,1227.62624021454,284.021729375568,2.70861144017175,0,20475,4125.60009765625,4.3932888700622,0,0,0,188.498022933329,0,0.00061173886831317,3726.12438406675,2.49319350046499e-05,13.8922491073608,0,0,2274569.5,3.46514630317688,0,9.04386840050775e-05,158.298001126126,3.43638147645153,0,0,0,0,0,0,8.01458215713501,0.000355013540220195,897.518902707867,0,0,0,0,5,0,8.51265356508658e-05,0,0,0,0,0,0,0.0615384615384615,0,3.43638145923615
"H20-16090",1,1,"11/7/2020",19718337,0,"2/22/1962 0:00:00",0,0,58,"Portugal",69,172,23.3234180638183,"ADPKD",4,1,62.1,0,1,2,1.68,46.81120033,1.54,51.96321944,1.31,63.09506044,1.31,62.703871060507,1.46,54.3743985,-4.1647362802535,0,0,2.24,32.13055709,-7.64332849262675,0,1,0,0,2.24,0,"3/16/2025 0:00:00",39,1,1,1,"11/16/2020 0:00:00",0,1,1,1,3,0,7,0,0," ",0,0," ",0,0,0," ",0,0,1,0,1,1,55,1,0,160,82,32.03125,1,0,"Stroke (hemorrhagic/aneurysm)",1,0.7,102.0736017,0,1.08,59,0,0,0,1,1,0,2,2,0,0,7.996106682,0,0,0,0,0,0.251523536,9.375,30,3,0.090909091,3.12512e-07,260607.9667,126821.0461,242.8890998,77.43137963,3.12512e-08,76880.5,12928.10613,142.2372443,10.38747587,1.40526e-05,39474.07821,45460.74784,73.36625069,26.95704664,20123.98972,28072.47824,44.76710281,14.07514814,5.41687e-07,0.527209962,0.081442991,0.554713477,0.05285887,0.263278827,0.023005092,0.146819924,-0.557310495,1.35617e-05,0.736721173,1349,52,278239.6071,93473.82143,0.320201235,99324.07692,0.325358857,6.540493527,19.84125941,0.366290651,6.540493527,19.84125941,0.366290651,0.473711594,120642.5909,0.473711594,120642.5909,0.712699014,627046,0.712699014,627046,0.345980297,11736.66667,0.345980297,11736.66667,0.62698915,251329.7,0.62698915,251329.7,11.9844989776611,207.783079252704,16262.353515625,0.45240572183372,0.712699014387283,1.23133433616351,39.4588393138977,111.5,100.443575351295,6.24201481892486e-05,1.73522639274597,0.80771297995834,0.00027312310375011,0.000321179749176721,16.9875984191895,583.793950641397,3.81153070926666,3.72607537842849e-05,2.09126062092341,5307,0.679449791196946,0.687123713342397,8.41109010918599e-05,2.09809747330989,2949380.3125,0.000357087410293746,0.0015270822796697,714.776088539484,0.000414366748766819,8.76762072363435,0.000938589508345404,4.21460725437586e-05,0.00301481273286477,0.912019986646852,0.00122061936964755,0.000873822275001692,203914.640625,1.15259151100169,2.15698926226915,51681.5,0.000310509387371599,0.272766173987738,3.060993678356e-05,27124424,210,133.724215373831,1390.09184282176,321.534223357393,1.73522642817363,0.000116268546488022,8587.6,1464.82670898438,3.8115306158371,0.000176879458699588,3.79374388134708,9.3563625647264,119.105889908218,6.19689989089966,0.000645357722754214,3539.69379311345,4.6526021805275e-05,30.3126621246338,0.88371060518017,0,426114.21875,2.25544404983521,370.365815759579,0.000146710461947509,87.4366395377049,6.68063591537643,0,67675,4.16466759842599,1.29081178366906,0.000458478222579542,0,2.51659977436066,0.000617166929763577,1584.06024441762,3.38147404966579,356.434454081095,49.3658905029297,0,147.329562546015,1.05244285395885,0.000201216013664461,0,1.86050461665229,0,84692,7.05812548446715e-05,47986,3.01523697839247e-05,206909.015625,6.68063592910767
"H20-16106",1,1,"11/7/2020",6011676,0,"5/1/1966 0:00:00",0,0,54,"Portugal",114,192,30.9244791666667,"Chronic glomerulonephritis (FSGS)",2,1,35.2333333333333,0,3,1,1.13,77.23796336,1.32,64.09678233,1.36,61.84124948,1.3,64.8771727130682,1.32,62.91195854,-0.982607086534102,0,0,1.12,75.67601954,2.69971170673295,0,0,0,0,1.12,0,"3/16/2025 0:00:00",42,1,1,1,"11/16/2020 0:00:00",0,1,2,2,5,0,13,0,0," ",0,0," ",0,0,0," ",0,0,1,0,2,1,55,1,0,160,82,32.03125,1,0,"Stroke (hemorrhagic/aneurysm)",1,0.7,102.0736017,0,1.08,59,0,0,0,0,1,2,3,3,0,0,23.36462498,1,1,0,0,23.36462498,0.072195259,0,6,0,0,9.95969e-08,276591.4167,96639.61235,262.9963479,54.0254968,0,0,0,0,0,1.11548e-05,48570.62574,68268.20338,75.58083585,29.99794223,22710.61344,37243.89455,50.68270988,15.85135387,1.65995e-07,0.440115823,0.027547635,0.541797937,0.006455163,0.352406485,0.011134395,0.050844851,-0.520077796,1.39452e-05,0.647593515,672,10,276591.4167,89301.83333,0.303805482,104174.4,0.3512954,7.324281696,21.0030066,0.351431861,7.324281696,21.0030066,0.351431861,0.412353593,49626.2,0.412353593,49626.2,0.543732589,171816.5,0.543732589,171816.5,0.308953062,10617.83333,0.308953062,10617.83333,0.567454389,108138.75,0.567454389,108138.75,12.393798828125,71.1948450661753,112945.6328125,1.89214410472838,0.543732589257458,1.05420298913682,282.200283486746,15,38.4187454245971,0.000141907385014497,3.23344373703003,0.535572487185594,0.000120120775047255,0.000731495356130741,10.5968990325928,522.461696466822,3.17647051811218,8.42912597520752e-05,3.64423014018605,61991,1.8634435938009,0.205908437160575,0.000595960697582023,0.375041532807026,4082258.5,0.00198816116934198,0,550.780682124816,5.82806959942535e-05,18.1252458652459,0.00434014731051375,0.000544382792675311,0.0127281588861165,0,0.000420347977151716,5.52733422760288e-05,55023.9453125,0,2.24438797197467,5330,0.00270447049245818,0.420382768817427,9.760725918181e-05,1175158.375,67.5,680.067950584613,688.238588991977,95.8973571214568,3.23344377240143,0,7950,1717.66064453125,3.17647049671402,0.00152607801225212,0,0,113.066001617616,0,0.00281383405007774,1734.28549673674,6.74699910565392e-06,65.6191240946452,0,0,320318.5,3.26416897773743,0,2.8425979710375e-05,123.96271422303,18.5780853045981,0,0,0,0,0,0,4.13116749127706,0.000153645753936468,1249.26616075298,0,0,0,0,83.251621695604,0,0.000241405529046209,0,0,0,0,0,0,0.00054978515140659,0,18.5780852635701
"H21-00130 - 1",1,1,"1/6/2021",9118296,0,"12/24/1985 0:00:00",0,1,35," ",72,180,22.2222222222222,"Chronic tubulointerstitial nephritis (NSAIDs)",4,1,32.5,0,3,1,1.66,54.79165068,1.9,46.59504858,1.66,54.79165068,1.6,56.9113782517409,1.32,70.80311253,6.94586713912955,0,0,0,0,0,0,0,0,0,1.65,0,"3/16/2025 0:00:00",38,1,1,0,"1/13/2021 0:00:00",0,1,2,2,5,4,26,0,0," ",0,0," ",0,0,0," ",0,0,0,0,1,1,67,0,0,175,100,32.6530612244898,0,0,"Head Thrauma",2,0.67,102.3357751,0,0.99,50,0,0,0,1,2,0,3,2,0,0,40.1831,1,1,1,1,40.1831,0.11127092,7.14285714285714,26,2,0.071428571,1.42569e-07,381867.0385,129895.6291,305.885291,61.26139055,1.09669e-08,110176,45778,150.7259306,36.91468335,8.24709e-06,55497.84408,56341.51747,85.72118486,28.07160076,28756.46804,38685.80241,65.27551841,17.63042703,2.85139e-07,0.337589206,0.054442539,0.457695663,0.029890727,0.407301487,0.024522342,0.118949213,-0.478721085,1.06279e-05,0.592698513,1504,52,381867.0385,234821.5385,0.621239506,234821.5385,0.621239506,8.696119427,23.31020212,0.296139201,8.696119427,23.31020212,0.296139201,0.230443668,208620.0625,0.230443668,208620.0625,0.265679342,1578868.5,0.265679342,1578868.5,0.22541,12870.28571,0.22541,12870.28571,0.265679342,1578868.5,0.265679342,1578868.5,25.4798450469971,75.7077416903985,802898.4375,1.37719172841495,0.265679341712564,1.21947063108513,357.972405286465,25,37.6430604494374,3.98634945781162e-05,2.46508824825287,0.142857142857143,0.000104938396041886,0.000209916665513331,10.9844989776611,682.179286300701,3.37155842781067,2.41374351287173e-05,1.58279144142476,200035.5,6.72965563102646,0.418863259589493,0.000554076980741277,1.70855854506777,777519.694852941,0.00180517649591802,0.00529857751393827,831.1775438368,8.91400071566447e-05,1.67879765205295,0.00670570694670385,0.00206185567010309,0.0163265306122449,0.888550470010388,0.00048675451016992,2.23373664903562e-05,667.93798828125,1.40843360354361,2.85460468878389,6085,0.00169040089429811,0.53795850606846,5.25657467660983e-05,11714571,3,844.679590038886,1561.09569619226,102.789352181858,2.4650882546797,4.38072059343936e-05,16727,3320.99243164062,3.37155852702834,0.00206185567010309,7.96368193453304,5.79061164367323,160.776791602296,8.1968994140625,0.00213208442889385,4791.57308551453,1.01597157430407e-05,32.4689955711365,0.976272555048293,0,10625958,5.9221986134847,530.248155887754,3.6008424921195e-05,117.197823633373,7.26199613847435,0,62870,0,1.53859393270533,0.00142684889055485,0,4.31773966550827,0.000210573821487166,1570.2276084313,0,356.568709141834,37.181396484375,0,7,0,0.000128840425974652,0,2.20733520271089,0,138573,0.000165490019373881,0,0.0103028857830873,0,7.2619960308075
"H21-00130 - 2",1,1,"1/7/2021",19607713,0,"7/1/1977 0:00:00",0,0,43,"Portugal",80,162,30.48315806,"Undetermined",5,1,18.3,0,1,2,1.88,44.90002783,1.77,48.26897868,1.69,51.02370415,1.8,47.011922940173,1.9,43.51396774,-1.7489776000865,0,0,0,0,0,0,0,0,0,2.48,0,"3/16/2025 0:00:00",35,0,0,0,"1/13/2021 0:00:00",0,2,1,2,5,6.25,26,0,0," ",0,0," ",0,0,0," ",0,0,0,0,2,1,67,0,0,175,100,32.6530612244898,0,0,"Head Thrauma",2,0.67,102.3357751,0,0.99,50,0,0,0,1,2,2,5,4,0,0,39.7419,1,1,1,1,39.7419,0.034695411,2.27272727272727,46,1,0.021276596,1.50497e-07,352855.1957,218226.2237,270.452627,124.3730644,3.27167e-09,208469,0,218.8332699,0,1.13232e-05,46619.76683,47866.43416,82.94534588,28.64345513,23162.45587,19037.31032,61.33378119,15.10043931,2.3556e-07,0.374355404,0.053103528,0.527886708,0.040645595,0.399641402,0.010749308,0.100596449,-0.521268495,1.29754e-05,0.600358598,3461,72,395008.878,218736.0976,0.52581256,229728.8158,0.526622965,8.32290143,24.3359484,0.274295305,8.32290143,24.3359484,0.274295305,0.358998799,191903.375,0.358998799,191903.375,0.374245773,1100810,0.374245773,1100810,0.327638141,12585,0.327638141,12585,0.390359456,371221.75,0.390359456,371221.75,4.39379978179932,848.58634242598,193.125595092773,4.49390545274817,0.287318156134267,2.33209398216931,6.08276253029822,1313,423.220857791203,0.00128707999750315,1.19999992847443,0.264332887264598,0.040033008903265,0.00353329999766096,37.4191265106201,318.325488159242,6.19954125086467,0.000405476477798497,6.37508467416824,89,3.34787509564794,0.35959595959596,8.68251569264174e-06,0.769424681644516,1538627.89236802,5.13725528975078e-05,0,476.459556989074,0,8.6246113916389,0.000281898399427412,0.000102458002142579,0.000870932987974019,0.892430049551732,0.0686531215906143,0.0193125593662262,725723.171875,1.36616056627093,3.7165638835723,762155.666666667,2.1752274666988e-05,0,0.00150594354022358,7783.8670828683,240.25,38.492595527522,135.721221842947,1126.45269806064,1.19999994550433,4.41212281681543e-05,38085.5,8984.39990234375,6.19954128838284,0.000376133362471273,0,7.52081645323834,240.855386699612,0,8.75112663130941e-05,402.332024100607,0,2.19689989089966,0,0,38324.759765625,4.36471612222733,603.482496452189,0,0,1.28105628490448,0,0,0,0,0,0,0,0,2571.96269445189,0,0,61.3162841796875,0,195.79275633855,0,6.25458808867338e-05,0,0,0,186044,0,0,0.000251599591733884,0,1.28105628490448
"H21-02014",1,1,"2/11/2021",19428857,0,"6/2/1962 0:00:00",1,0,58,"Portugal",74.5,163,28.04019722,"Chronic glomerulonephritis (FSGS)",2,1,47.67,0,1,2,0.83,81.66469677,0.83,81.66469677,0.82,82.86124261,0.89,74.6378376871603,1.6,36.46540679,-19.0862154485801,0,1,0,0,0,0,0,0,0,1.71,0,"3/16/2025 0:00:00",38,1,1,1,"2/23/2021 0:00:00",0,2,1,2,5,2.44,16,0,0," ",0,0," ",0,0,0," ",0,0,1,0,1,0,52,1,0,160,75,29.296875,0,0,"Stroke (unspecified)",1,0.63,106.670423,0,0.94,44,0,0,0,0,2,2,4,3,0,0,30.27093978,1,1,1,1,30.27093978,0.115595125,0,36,0,0,1.40893e-07,348230.0417,133183.4334,283.5492486,79.80334328,0,0,0,0,0,7.39686e-06,74623.14656,191378.1426,90.74863355,37.87050904,0,0,0,0,1.87857e-07,0.262342719,0.049063007,0.551976754,0.011282416,0,0,0.088886002,-0.60598695,7.53547e-06,0,1890,48,377426.8333,165665.6364,0.430343559,165665.6364,0.430343559,8.134812106,23.8209069,0.345790468,8.134812106,23.8209069,0.345790468,0.394424419,70586.96429,0.394424419,70586.96429,0.096573063,380131.5,0.096573063,380131.5,0.416423905,9173,0.416423905,9173,0.36509177,152472.25,0.36509177,152472.25,17.393798828125,52.515882662159,989.517822265625,3.12432726411116,0.117047479846158,1.30216443037067,33.0605505096331,4,25.4950975679639,0.000110413968464305,1.06666672229767,0.265663880234119,0.000880691031342802,0.000501148320689542,2,546.623599543011,1.1728812456131,5.79113790773558e-05,4.26671342887822,171,5.1597667047985,0.876923076923077,0.000312935230953335,3.79125602400623,5297212.63888889,0.000533617929562433,0,705.26789323796,0.00105410627569358,17.6569663185389,0.00230628541372355,0.000620584431925146,0.00756839820295526,0,0.0025747075301683,0.0470638669770339,62183.9884905134,0,0.0369263590972477,3748,0.00566084815926628,0.0506405689450561,0.000145563242479723,78695.6666666667,29.4285714285714,130.407232676908,1127.12282545063,99.3301912426563,1.06666668256124,0,36883.3333333333,10281.4591471354,1.1728813042075,0.00169881728752812,0,0,269.385719360479,0,0.0169491525423729,2837.69988976786,0.000127127518665166,39.1658954620361,0,0,1167634.1875,5.50061321258545,0,0.000108894577393165,208.941463414634,11.4285933734023,0,0,0,0,0,0,0.707814753055573,0.000337984598599947,2415.15782079963,0,0,0,0,54.2995552171741,0,7.24950433794271e-05,0,0,0,0,0,0,0.00297187231975484,0,11.4285931587219
"H21-03829",1,1,"3/17/2021",20000652,0,"5/2/1981 0:00:00",0,0,39,"Portugal",64,160,25,"Undetermined",5,1,18.2,0,1,2,1.36,67.88805553,1.2,78.89011051,1.26,74.40384949,1.22,76.8612167514145,1.01,95.22508925,9.18193624929275,0,0,0,0,0,0,0,0,0,1,94.69945761,"3/16/2025 0:00:00",36,1,1,1,"3/25/2021 0:00:00",0,1,2,2,5,0,23,0,0," ",0,0," ",0,0,0," ",0,0,1,0,2,1,61,1,0,160,60,23.4375,0,0,"Head Thrauma",2,0.74,91.99134701,0,1.23,73,0,0,0,0,1,2,3,2,0,0,15.5212,1,0,0,0,15.5212,0.202750208,0,27,0,0,1.89964e-07,335241.3519,164143.5079,277.4244371,93.26950319,0,0,0,0,0,7.62672e-06,76541.67066,136422.9902,93.82273969,42.17046296,40570.0299,50720.70464,62.58737197,17.59071603,1.12571e-07,0.449273217,0.06368391,0.583761694,0.009081749,0.343586259,0.008909658,0.109092307,-0.641656785,8.20215e-06,0.656413741,1084,16,361512.9,133044.64,0.359607661,133044.64,0.359607661,7.98566795,24.07461466,0.313700861,7.98566795,24.07461466,0.313700861,0.483417694,156786.0833,0.483417694,156786.0833,0.707208982,666682.5,0.707208982,666682.5,0.358673582,8229.833333,0.358673582,8229.833333,0.608161806,305342.3333,0.608161806,305342.3333,10.7906990051269,271.277228519347,14609.3115234375,1.57007977107995,0.598209916037143,1.18238597317324,17.0293863659264,280,138.924439894498,0.000101043282268963,1.80512928962707,0.707208981611321,8.52621254387225e-05,0.000459394848327825,15.393798828125,561.826016566187,2.67243719100952,5.30314679788164e-05,4.33397707373415,6499,1.97662796616806,0.849320439100889,1.66887556109853e-05,1.90250182620621,5748269.92857143,9.61307331867374e-05,0,664.974255096059,7.10843197666904e-05,19.1013337568245,0.000214049120332604,9.35638656713583e-05,0.000877636111251027,0,0.000382669582516187,0.000914910892108539,1046902.5,0,1.17892710167735,160134,8.89750880678768e-05,0.390049797702913,0.000283927546607716,1017954.1875,604,458.864181603306,364.735006880845,797.805797920535,1.80512924459552,0,8240,1544.7510172526,2.67243725404151,0.000323797035930414,0,0,115.195997360955,0,0.000217912839785468,1127.2173875177,8.19918609432813e-06,54.3812262217204,0,0,176676.9375,0,0,2.88520797606571e-05,174.240794543736,12.644493189036,0,0,0,0,0,0,4.24983678923713,0.000148308431235857,381.468037431535,0,0,0,0,357.755503102328,0,0.00021985088500178,0,0,0,0,0,0,4.25739621781336e-05,0,12.6444932619731
"H21-05181 - 2",1,1,"4/10/2021",19806943,0,"3/2/1955 0:00:00",0,0,66,"Portugal",78,170,26.98961938,"Diabetic nephropathy",1,1,63.57,0,1,2,1.44,53.58927286,1.39,55.91072121,1.81,40.728514,1.49,51.1197033648593,1.5,50.08415156,-0.517775902429648,0,0,0,0,0,0,0,0,0,2.09,0,"3/16/2025 0:00:00",35,1,0,0,"4/19/2021 0:00:00",0,2,2,2,6,0,20,0,0," ",0,0," ",0,0,0," ",0,0,0,0,2,1,75,0,0,170,77,26.643598615917,1,0,"Stroke (unspecified)",1,0.71,95.67841928,0,1.44,87,1,0,0,1,1,2,4,4,0,0,29.07358187,1,1,1,1,29.07358187,0.1915073,4.34782608695652,22,1,0.043478261,1.58018e-07,385411.4318,224319.7567,280.6543842,116.8317682,7.18262e-09,211142,0,207.8893937,0,8.54731e-06,55778.11639,103984.7641,82.01221561,28.51167863,21260.90975,25695.49053,60.63743245,20.0300395,2.87305e-07,0.418261542,0.060901774,0.476753042,0.014909003,0.35186213,0.018063816,0.127742811,-0.349835149,1.18994e-05,0.64813787,1190,40,423750.975,223116,0.562298552,232324.4211,0.552767775,7.993075011,29.06006425,0.185599098,7.993075011,29.06006425,0.185599098,0.390175261,39760.4,0.390175261,39760.4,0.603731367,104310,0.603731367,104310,0.272017539,13512.33333,0.272017539,13512.33333,0.567411844,79132.5,0.567411844,79132.5,31.5493927001953,99.5123629124629,1405434.5546875,1.43640911768353,0.567411843652277,1.23851648128795,265.011367534602,21,50.0075186576696,5.26754362128366e-05,1.91556899249554,0.135457092295719,2.94612017691729e-05,0.000261760880346891,12.1891479492188,682.841106632048,3.14943826198578,2.99973944637239e-05,1.74026489257812,242641.75,1.824437256824,0.757949232476421,0.000352579184055425,4.44943256747885,1471674.30113636,0.00135372121439207,0,822.105773891052,2.27894992853574e-05,3.25467493894408,0.00257949705931232,0.00793650793650794,0.00749223500793588,0.903979312500592,0.000167287898885688,3.48124530534359e-05,180.987548828125,1.48144619437099,2.05568490182434,9027.5,0.00141923066924587,0.256390536899235,0.000227173109209508,762292.03125,1,707.690180825957,367.069108714443,115.228971490269,1.9155689838109,4.69004532040882e-05,21007,4435.92504882812,3.14943831077406,0.00793650793650794,0,8.43884545097315,179.068800523807,0,0.00208343401680076,1064.1272900944,2.61661662556796e-06,83.7255859375,0,0,142964.525390625,3.10858201980591,631.959585589955,9.37018607897744e-06,147.360175695461,14.7449779015681,0,0,0,0,0,0,2.58104586601257,6.02079943084664e-05,395.791413922398,0,0,51.7410888671875,0,10.4403065089106,0,8.98440737703598e-05,0,0,0,190868,0,0,0.0253722175719246,0,14.7449779510498
"H21-08255 - 1",1,2,"5/24/2021",20024518,0,"5/19/1958 0:00:00",1,0,63,"Portugal",61,150,27.11111111,"Diabetic nephropathy",1,1,23.6,0,1,2,1.37,43.38687255,1.46,40.19755145,1.69,33.72554536,1.92,28.7581235157659,1.7,32.86860697,2.05524172711705,0,0,0,0,0,0,0,0,0,1.61,0,"3/16/2025 0:00:00",33,0,0,0,"5/31/2021 0:00:00",0,1,2,2,5,18,23,0,0," ",0,0," ",0,0,0," ",0,0,0,0,1,1,77,1,0,162,77,29.3400396281055,1,0,"Stroke (unspecified)",1,0.8,75.84045608,0,1.58,92,1,0,0,1,2,2,5,5,0,0,34.74215497,1,1,1,1,34.74215497,0.147326188,7.69230769230769,101,8,0.073394495,1.16244e-07,478332.5347,270562.8725,314.9075287,126.5208505,9.20743e-09,114827.375,41897.55208,168.5142454,30.28323128,6.28522e-06,69581.35021,149693.6816,94.30683236,38.97327907,27568.35426,39080.62653,64.31041413,20.8242833,2.50902e-07,0.396861454,0.055603169,0.437334037,0.072479013,0.270984949,0.019493137,0.127141188,-0.518804995,6.98157e-06,0.729015051,5461,218,503226.4323,248870.0521,0.509649881,266676.4831,0.503028961,9.425739536,31.52674231,0.276543589,9.425739536,31.52674231,0.276543589,0.472318295,383772.4667,0.472318295,383772.4667,0.643474703,4744184.5,0.643474703,4744184.5,0.391688147,19650.5,0.391688147,19650.5,0.526071727,626520.4444,0.526071727,626520.4444,2.24922496080399,173.634372407776,235.125965118408,1.9322057584967,0.643474702688694,1.2716656490471,5.88415776431139,67.25,86.314781846526,2.73888459340095e-05,1.09177121520042,0.579751543455281,0.000475322188737992,0.000145923787200904,22.4329471588135,841.22708834459,5.1995165348053,1.67708826004623e-05,4.23986953338567,232.25,2.44342802077849,0.674836516963626,0.000171114614438078,0.752514731408784,3835331.62620192,0.000732201397277722,0.00183670363870075,1061.30075260975,0.000256167340233453,5.54417935722365,0.00178143232680236,0.000284180856989346,0.00542306882031533,0.983238407458511,0.00134754850665603,0.00798822879650185,228713.721354167,1.0990788685915,3.82926895504597,32655,0.000452030824195624,0.555130288600746,8.4690083604576e-06,297256736,216.833333333333,109.424437567702,3116.53317118509,240.078889707784,1.09177120785491,5.49112467598717e-05,16694.5,3144.83435058594,5.19951651038762,0.000824992457785102,4.45844978612263,6.99080572226678,170.486885855942,20.1886310577393,0.000987269821772696,9370.15540574505,2.9989241245498e-05,41.055886702104,0.800006890010387,1.56681251375386,11592898,1.53115320205688,452.541716716649,0.000107914441816234,85.9112425290548,9.06219146560655,14480.5305989583,121356,5.0375835295011,1.22090073177284,0.000450791160035413,1.25184234949044,4.56008736111901,0.00043771347882336,27.0355339059327,3.11158068979534,490.987807703784,40.5906982421875,0.177002717923468,162.287686667999,1.19875832243437,9.8651414649974e-05,7.3937996228536,4.28377029296072,433673.5625,142163,4.59493908919163e-05,34068,0.000224829449042088,199019.8125,9.06219139153307
"H21-08512 - 1",1,1,"5/27/2021",19057307,0,"5/22/1957 0:00:00",0,0,64,"Portugal",92,172,31.09789075,"Diabetic nephropathy",1,2,23.73,0,1,2,1.5,51.6660618,1.48,52.50501797,1.58,48.54297239,1.51,50.9379573654848,1.33,58.58546455,3.8237535922576,0,0,0,0,0,0,0,0,0,1.53,0,"3/16/2025 0:00:00",36,1,0,0,"6/4/2021 0:00:00",0,1,1,1,3,0,17,0,0," ",0,0," ",0,0,0," ",0,0,0,0,2,1,60,0,0,175,137,44.734693877551,1,1,"Stroke (unspecified)",1,0.73,104.156319,0,1.4,85,0,0,0,1,1,2,4,1,0,0,25.42524839,1,1,1,1,25.42524839,0.539931717,14.7058823529412,35,5,0.125,1.39641e-07,447596.2,200634.3075,320.7762374,97.19776511,1.99487e-08,70574.1,23298.89845,117.5562449,28.48033138,9.77489e-06,49209.69,45983.29562,84.83994422,28.96690912,35539.33867,43074.75269,62.24900848,17.81370777,3.75036e-07,0.348179125,0.062502878,0.48101907,0.029153641,0.425288693,0.008801561,0.129938462,-0.243887527,1.03674e-05,0.574711307,2450,94,460343.1618,190035.7353,0.40087079,200026.375,0.403841364,7.425307027,22.26850493,0.35050515,7.425307027,22.26850493,0.35050515,0.390034045,51542.53704,0.390034045,51542.53704,0.492827774,290078.5,0.492827774,290078.5,0.349661351,17988.39286,0.349661351,17988.39286,0.43351233,87677.76923,0.43351233,87677.76923,18.4798469543457,112.875917295757,38075.6689453125,3.31718900382039,0.465503728423569,1.34440753319525,51.3594186658637,32.5,55.8792697772972,0.000130892356507195,2.68664383888245,0.433400412900322,7.54078335245704e-05,0.000507848307065096,14.4352736473083,562.532085995159,4.23892843723297,5.81032844939574e-05,5.18249666496337,8726,4.21571852106369,0.565212535159913,0.000360537955985861,2.45948473661381,9527675.25,0.00123493709194467,0.0202898547269296,760.050782572814,3.4858759337351e-05,27.4718791722861,0.00409340081180252,0.000297072957926507,0.0113389043178493,0.751313678853919,0.000301006268059002,0.000575323576601186,173681.378004808,1.20081119408803,3.15833905549882,11921.25,0.00119642937056564,0.480781758085127,0.000169700094540837,3471261.0625,91,284.612162159,649.850144299661,134.752418810089,2.68664392149944,7.77452239914302e-05,17406,3629.21899414062,4.23892835657071,0.000863462308366212,17.0142479274072,2.97670922645926,168.311401419551,1.39999997615814,0.00168672081936179,1947.16774773065,4.01855082350738e-06,72.9098120296703,1.0303724296719,1.82221824872848,1077236.5,4.03515424331029,288.735883454633,1.7075755021665e-05,142.202701288809,18.1471406443827,6986.384765625,84133,4.06093947759886,1.35823418650392,0.0149968482445979,2.68649447970026,4.58496266252854,9.63476452164553e-05,2227.17564500952,3.19553774920349,376.061168225627,24.5751953125,0.210445953540123,111.076591829685,1.71676788465367,0.000111606758903079,6.19689989089966,1.0347825202389,131643.34375,40749,0.000266408802097284,73074.5,0.000473300768993551,292994.703125,18.1471407834221
"H21-08717 - 1",1,2,"5/28/2021",19582239,0,"12/11/1962 0:00:00",0,0,58,"Portugal",52,170,17.99307958,"Diabetic nephropathy",1,2,27.03,0,1,2,2,37.97387537,2.03,37.3014462,2.49,29.19319975,2.09,35.7968131260459,2.17,33.79607086,-1.00037113302295,0,0,0,0,0,0,0,0,0,2.17,33.79607086,"2/5/2025 0:00:00",44,0,0,0,"7/2/2021 0:00:00",0,1,1,1,3,2,27,0,0," ",0,0," ",0,0,0," ",0,0,0,0,1,1,69,1,0,172,87,29.40778799351,1,0,"Stroke (unspecified)",1,0.69,93.88697142,0,1.26,76,0,0,0,2,0,2,4,3,0,0,3.476940148,0,0,0,0,3.476940148,3.176280879,30.7692307692308,22,7,0.24137931,9.10891e-08,417904.9318,376709.8784,274.5579895,174.6367696,2.89829e-08,105833.5,34989.40703,151.6544514,16.22384307,7.95788e-06,63314.45291,74162.38271,92.34363017,43.41394975,36956.29457,33970.33702,73.41997184,30.6153019,7.61836e-07,0.636406134,0.038066603,0.503848753,0.161580845,0.308676788,0.025233471,0.075551647,-0.50794768,8.17823e-06,0.691323212,1922,184,509256.1944,89138.33333,0.156547576,105379.0667,0.173184108,7.242868314,26.64259867,0.320265716,7.242868314,26.64259867,0.320265716,0.477727607,31689.27273,0.477727607,31689.27273,0.558521485,66911.5,0.558521485,66911.5,0.462515015,18905.35714,0.462515015,18905.35714,0.504349643,54061.125,0.504349643,54061.125,6.39379978179932,126.047433346476,1240.71166992188,0.702585334125339,0.596455826440609,1.8741535597009,8,36.25,62.1466955954282,0.000174230905771254,1.16703844070435,0.523547590382274,0.00594268955263932,0.000776835663166162,10.9914741516113,339.422532852407,2.59744799137115,8.93828253777815e-05,2.01809112749963,444,1.15790698750568,0.6,0.000152202636791852,1.73769141445641,1092956.84982639,0.000648658583640384,0.0018907940290376,503.959712851064,0.0355059756933014,7.01152129892455,0.00121402019521722,0.000829377470784352,0.00396136694674487,0.780315857532291,0.0112366802547463,0.0031260057101174,6736.38818359375,2.20423632527653,1.11671776562522,17946.75,0.000803098719013241,0.130057803468208,0.0001707839928028,521091.375,19,125.039041262798,381.108207577525,184.329567751482,1.1670383819162,2.43758000408958e-05,34108.25,5838.61499023438,2.59744795320826,0.00285515170521074,4.60264120319855,3.03972413772172,225.1968486551,20.3751964569092,0.00150385210551567,1032.71634149718,0.00405995250741964,5.69689965248108,0.664706020017318,1.7524224799499,76016.890625,2.08357665538788,669.25223606636,0.0265000015497208,17.625,2.27930867030239,21490.7275390625,42604,3.19811166422938,1.12900910161273,0.000468412592575651,1.2405145911667,0.530000030994416,0.0349999994039536,3364.95766748895,2.16746203449497,304.588951490216,20.78759765625,0.202658408332101,51.4295634824952,1.19921843095611,4.91015910680182e-05,8.19534969329834,5.04761412803916,606146.65625,120240.5,0.000139351350216141,48316,0.000979422130433529,166993.484375,2.27930873632431
"H21-11172 - 1",1,1,"7/4/2021",19701286,0,"3/24/1955 0:00:00",0,0,66,"Portugal",63,170,21.79930796,"Hypertensive Nephrosclerosis",3,2,35.77,0,1,2,1.18,68.05412367,0.99,84.01379858,1.25,63.50688908,1,82.4920026675966,1.6,46.35171983,-18.0701414187983,0,1,0,0,0,0,0,0,0,0.93,46.35171983,"2/5/2025 0:00:00",43,1,1,1,"7/12/2021 0:00:00",0,1,1,2,4,0,18,0,0," ",0,0," ",0,0,0," ",0,0,0,0,1,0,59,1,0,160,70,27.34375,0,0,"Stroke (unspecified)",1,0.66,100.9875761,0,1.09,61,0,0,0,1,1,2,4,2,0,0,17.74892724,1,0,0,0,17.74892724,3.215806872,7.69230769230769,12,1,0.076923077,1.3245e-07,341957.25,108771.4224,286.2319344,46.44562862,1.10375e-08,83941,0,154.3923573,0,1.03201e-05,33534.45187,25866.31308,71.65987806,21.68626206,19508.19218,18018.97939,58.06198796,16.05415291,5.07726e-07,0.402654679,0.045292305,0.346078151,0.035079815,0.382943231,0.015898791,0.130873055,0.064682561,1.41121e-05,0.617056769,935,46,341957.25,172774.9167,0.490198807,172774.9167,0.490198807,7.466770645,28.81478584,0.209776315,7.466770645,28.81478584,0.209776315,0.428898219,52601.27273,0.428898219,52601.27273,0.795889114,278542.5,0.795889114,278542.5,0.368245708,15733,0.368245708,15733,0.501681232,96843.2,0.501681232,96843.2,23.4741617838542,86.4701666744736,1152864.27083333,1.35062203717061,0.399866865363223,1.41404154785929,318.437817251084,15,42.0475920832573,9.67520729672268e-05,2.1332418123881,0.795889113596688,7.41218894234524e-05,0.000418789495750731,11.5875854492188,422.42805183894,3.17717385292053,4.87738676650639e-05,3.75708198153232,233096,2.55117474103369,0.558618920863884,0.000333456533681836,2.77931403371325,208719.375,0.00121616136116905,0,597.330816281522,7.22268022850978e-05,1.061450471938,0.0025857564579452,0.000182590186669711,0.00674771136598624,0.912664847928902,0.000401887223628739,1.83288996497701e-05,376365.6875,1.12042925386108,1.58558584320555,9528,0.00140195310273917,0.406543531309158,0.000420088478952687,122714.428515625,310,846.747299414574,308.824260789299,140.946120055133,2.13324179881629,6.71280180911743e-05,14378.25,2885.57232666016,3.17717390411409,0.000523266276258945,0,4.65834878619392,149.717043106707,0,0.00243692648774317,844.931269327043,8.42742563319939e-06,53.3712615966797,0,0,118474.4703125,1.72708308696747,346.353402347418,2.8511252697157e-05,160.572085600727,9.67321026718087,0,0,0,0,0,0,3.81510502099991,0.000151050492030672,1511.27730804128,0,0,26.7720947265625,0,185.010810494955,0,0.000130530957501403,0,0,0,76610,0,0,6.67031085499608e-05,0,9.67321002483368
"H21-11737 - 1",1,2,"7/13/2021",19348706,0,"8/15/1955 0:00:00",0,0,65,"Portugal",74,180,22.83950617,"Diabetic nephropathy",1,1,65.67,0,3,1,1.49,51.75953192,1.25,63.90308823,1.16,69.89792369,1.01,82.0214053513844,0.97,85.03246293,1.5055287893078,0,0,0,0,0,0,0,0,0,0.97,85.03246293,"2/5/2025 0:00:00",43,1,1,1,"7/26/2021 0:00:00",0,2,2,1,5,74,17,0,0," ",0,0," ",0,0,0," ",0,0,0,0,1,1,63,0,0,170,70,24.2214532871972,1,0,"Donor after Cardiac Death (DCD)",4,1.14,72.26534093,1,1.54,91,1,0,0,0,0,2,2,2,0,0,7.7616,0,0,0,0,7.7616,0.713053989,0,50,0,0,3.56942e-07,452562.08,173531.7001,318.2652245,90.48373814,0,0,0,0,0,1.49987e-05,55802.39029,51243.74043,87.93160335,27.90168204,32935.96573,35426.9912,63.07957918,20.48147661,8.20966e-07,0.793295,0.161538198,0.836962351,0.057862809,0.268790527,0.043579997,0.193005334,-0.402115489,1.31786e-05,0.731209473,2101,115,477733.5,46577.23404,0.095043778,72690.14286,0.135223073,5.388426966,21.46816531,0.332065489,5.388426966,21.46816531,0.332065489,0.676948251,57480.28947,0.676948251,57480.28947,0.790913658,434151.5,0.790913658,434151.5,0.649412668,10132.5,0.649412668,10132.5,0.736608681,160067.1667,0.736608681,160067.1667,6.85826299065038,448.521878288696,31631.6510587993,0.496262261803681,0.725747685676798,18.5299564123752,273.188194197488,645,222.182357535426,0.00293712926947552,2.28771213481301,0.655526205283619,3.03118065566648e-05,0.0104347826086956,9.78759956359863,21.1791186629854,2.01285219192505,0.00116618075801749,1.8667217697451,44130.5789473684,0.244718681977707,0.0979293399617578,4.63560115685523e-06,0.0988726296327761,24280.458984375,2.25408542375192e-05,0,392.448145677641,3.45429853353787e-05,4.71923401056851,0.000109426156817829,0.000852650330295294,0.000451013865609298,0,0.000162394287695538,0.000159646465135807,4140.630859375,0,0.361145792071227,434216,4.10013014905631e-05,0.0922698747408304,0.000104585568001939,952210.91875,11.75,758.020247322378,547.737347050942,1280.6553067136,2.28771214001766,0,11044.4444444444,1962.7796359592,2.01285226295455,0.00311544677024752,0,0,129.517373622103,0,0.000125631837493404,1388.89375106131,3.99070544744266e-06,63.6265749438056,0,0,28147.1692382813,3.71826338768005,0,2.34735892864677e-05,117.042532767588,11.8862554582922,0,0,0,0,0,0,1.97192548883372,0.000129795653804122,451.539105243401,0,0,0,0,43.4292824319336,0,0.000169677354816108,0,0,0,0,0,0,0.000785606533867603,0,11.8862554615942
"H21-11737 - 2",1,2,"7/13/2021",19703646,0,"1/29/1952 0:00:00",0,0,69,"Portugal",75,176,24.21229339,"Chronic glomerulonephritis (IgA)",2,1,39.47,0,3,1,1.2,65.46246229,0.85,94.06228897,0.89,92.76502725,0.98,82.9540384346311,0.94,86.12978932,1.58787544268445,0,0,0,0,0,0,0,0,0,0.86,86.12978932,"2/5/2025 0:00:00",43,1,1,1,"7/26/2021 0:00:00",0,0,1,2,3,39.9,8,0,0," ",0,0," ",0,0,0," ",0,0,0,0,2,1,63,0,0,170,70,24.2214532871972,1,0,"Donor after Cardiac Death (DCD)",4,1.14,72.26534093,1,1.54,91,1,0,0,0,0,2,2,2,0,0,5.581513215,0,0,0,0,5.581513215,6.043142555,0,32,1,0.03030303,0,371360.9688,142874.5666,302.5105603,68.65005209,0,24963.5,0,56.85068161,0,0,0,0,0,0,33782.54333,39954.63756,60.9119225,20.24404323,0,0.895592773,0,0,0,0.265042521,0.027219541,0.190507264,0.901005456,1.92903e-05,0.734957479,1229,58,371360.9688,27002.5,0.071927449,52321,0.113774371,5.332323739,21.12792036,0.296631442,5.332323739,21.12792036,0.296631442,0.682009857,85053.29167,0.682009857,85053.29167,0.980582275,573898,0.980582275,573898,0.612153531,16963.28571,0.612153531,16963.28571,0.779808715,180379.3,0.779808715,180379.3,17.3813972473144,171.605081030217,88051.6953125,0.206711957089776,0.503172512598416,1.09134227778269,151.16216457831,76,89.420164834965,0.000150256377899263,2.10320711135864,0.98058227476663,3.74258079722636e-05,0.000610617737854908,4.59689974784851,438.94432914947,1.42861354351044,7.08055269641196e-05,1.8570400528169,13519,0.303229063230899,0.142561122857339,3.91038296980934e-05,0.927934401016967,3823813.875,0.000123049372841762,0,479.03435894621,4.60490086793828e-05,23.5181249138419,0.000236928833433915,2.97482148237223e-05,0.000925466976113579,0.000520760310052677,0.000191920692913691,0.000142554222244768,118664.859375,2.96539776193046,0.0763490915522728,43771,0.00046162668617571,0.0816847475057774,0.000528748608949206,46543.7161458333,814,428.478515134129,129.989182183748,312.809853409289,2.10320722730541,0,54534.1666666667,13343.1466471354,1.42861354246961,0.000139277480556768,0,0,308.29962621035,0,0.00224249663794326,393.618999274831,5.3012096376744e-06,65.5224069294177,0,0,3517.40384928385,1.89116311073303,315.956406848615,3.76031884592149e-05,120.25413445244,12.6316309079983,0,0,0,0,0,0,1.97026718917646,0.000194661061896022,1944.67283425828,0,0,0,0,191.815015053567,0,6.60469696290209e-05,0,0,0,13,0,0,1.77466065023437e-05,0,12.6316308473286
"H21-14920 - 1",1,1,"9/4/2021",19695703,0,"9/23/1958 0:00:00",0,0,62,"Portugal",99,174,32.69916766,"ADPKD",4,2,35.2,0,1,2,2.14,34.15233148,1.76,43.18189367,1.81,41.75443345,1.9,39.1481781850588,1.87,39.4097731,0.130797457470599,0,0,0,0,0,0,0,0,0,1.69,39.4097731,"2/5/2025 0:00:00",41,0,0,0,"9/22/2021 0:00:00",0,2,1,2,5,0,19,0,0," ",0,0," ",0,0,0," ",0,0,0,0,1,1,64,0,0,166,83,30.1204819277108,1,0,"Head Thrauma",2,1.04,80.18162669,0,1.21,71,0,0,0,1,2,2,5,1,0,0,41.2777,1,1,1,1,41.2777,3.645957675,15,19,3,0.136363636,1.80474e-07,366454.9737,131110.9687,300.4202968,53.823425,2.84958e-08,26026.16667,18187.33573,67.26634189,41.23395746,8.72922e-06,43855.61045,42154.25726,75.71360036,25.52114513,25644.29971,23420.61453,61.3907409,16.48886243,3.60947e-07,0.440834971,0.066135434,0.382825325,0.04196546,0.321750379,0.015929486,0.172756163,-0.353033333,1.05157e-05,0.678249621,919,38,366454.9737,167100.7895,0.468361644,167100.7895,0.468361644,8.424641862,26.30416519,0.324531748,8.424641862,26.30416519,0.324531748,0.37338129,13869.875,0.37338129,13869.875,0.458037269,27148.5,0.458037269,27148.5,0.37338129,13869.875,0.37338129,13869.875,0,0,0,0,40.3782958984375,84.5317374969609,967111.25,3.71653200545508,0.458037269409203,1.22196932915625,255.947260192408,21,42.3792402008342,6.06310956411409e-05,2.46986842155456,0.342115509948581,9.52142539841279e-05,0.000307057338609946,17.1968994140625,603.592369445738,4.68593740463257,3.5692825461109e-05,4.83534309956098,146014,3.66434145623206,0.640852163875643,0.000648303459412364,4.24368895188114,1760297.1875,0.00237920578501141,0.107692305858319,736.325105715133,5.03960935109932e-05,5.04968717784011,0.00734387607459562,0.000433505954536311,0.0192677701812193,0.898300008386146,0.000352609489061611,4.65009239838283e-05,64091.9557291667,1.30848483368887,3.87815126504566,7228,0.00168192243158687,0.40648969486527,0.00105244416705395,79825.390625,37.3333333333333,560.061714080238,269.931877209703,109.827170922189,2.46986838181116,0.000127206439874668,8679.33333333333,1718.47762044271,4.68593736939987,0.00116968665657207,1.70022673430266,4.43149058602447,118.806867711308,1.39999997615814,0.00287477422501881,683.75440072005,5.78965445299896e-06,81.6999053955078,1.18539325842697,0,99545.5,4.76365518569946,264.53768477495,2.61456185794088e-05,215.389269111874,22.2028927455215,0,633,9.05363482202288,9.26381412277657,0.0816568044515757,0,4.49665866579328,0.00015230443181741,1609.02828184915,7.9678956985048,82.9311454296764,28.78759765625,0,56.1697821668513,1.18520244193813,0.000202332056173216,0,1.06153847621037,0,37491,0.00419188055217776,35388,0.00106325924127039,285633.125,22.2028931209019
"H21-14920 - 2",1,1,"9/4/2021",19657497,0,"7/18/1952 0:00:00",0,0,69,"Portugal",75,170,25.95155709,"Undetermined",5,2,18.1,0,1,2,2.1,33.44619198,2.16,32.33443902,2.04,34.63009086,1.97,35.8880079944103,1.62,44.82174823,4.46687011779485,0,0,0,0,0,0,0,0,0,1.53,44.82174823,"2/5/2025 0:00:00",41,0,0,0,"9/15/2021 0:00:00",0,2,1,2,5,0,19,0,0," ",0,0," ",0,0,0," ",0,0,0,0,2,1,64,0,0,166,83,30.1204819277108,1,0,"Head Thrauma",2,1.04,80.18162669,0,1.21,71,0,0,0,1,1,2,4,1,0,0,81.71932842,1,1,1,0,0,5.095104415,8.33333333333333,35,3,0.078947368,2.62785e-07,276682.0143,153572.7245,240.5561379,90.92603874,2.25244e-08,112547.3333,49803.43695,160.7652781,33.15406488,9.97833e-06,45429.78668,46564.8105,79.83401285,30.09401984,25269.72849,25532.31274,58.04113804,17.53795952,2.70293e-07,0.313084326,0.072707913,0.453313222,0.03993638,0.325227725,0.004212029,0.160392219,-0.2910057,1.0873e-05,0.674772275,1329,36,293379.6818,131517.8788,0.465050474,143369.069,0.426453143,7.827371681,24.69159945,0.362363904,7.827371681,24.69159945,0.362363904,0.298284753,130266.8529,0.298284753,130266.8529,0.643749127,1902532,0.643749127,1902532,0.256324346,15291.39286,0.256324346,15291.39286,0.494099983,666819,0.494099983,666819,26.02509765625,115.111329805704,333437.025,2.20391305787278,0,1.30869172788876,128.838470858509,37.5,70.5,8.17048233879747e-05,1.96740143299103,0.643749127291308,0.00328800035298559,0.00039175844341075,18.8937530517578,561.006526164566,4.69293761253357,4.54446260735079e-05,6.400514245336,58787,0.989230019705636,0.718713872526641,0.000272516833414679,3.69454139588429,2655662.328125,0.00110474432944759,0.00332335109557917,732.185935198002,0.012251079898991,8.73051057992626,0.00187436427136028,4.25917802296956e-05,0.00620070482238654,0.968370384733834,0.0104931794333683,0.000197592931325671,4193821.75,1.55080087212516,3.85539597498953,17149.5,0.00115951157907025,0.261689587426326,0.0392303466796875,9,1472,463.66413523294,34.7099542336676,217.543762288188,1.96740142151307,0.000136171580033927,21382,4624.91960261418,4.69293753805472,0.000104539036786752,6.22464781171814,20.7529566228923,187.430503683734,10.78759765625,0.00136311643948784,49.4142135623731,0.00136123109988789,10,0.891375831402735,0,55.3968811035156,0,589.188319639853,0.0056632635205291,146,3.13346422481637,0,47710,8.70877110212292,1.30565348184468,0.00103489616661988,0,1.21760165691376,0.013023199037064,130.662950903902,7.40073465214594,299.473433738223,104.309906005859,0,312.553995335206,1.06208877323234,0.000138955943479961,0,3.35927301149492,0,169796,0.000170144611437496,104635,2.74024853257949e-05,805273.9375,3.13346433639526
"H21-15818",1,1,"9/19/2021",19075102,0,"9/20/1986 0:00:00",1,0,34,"Portugal",85,175,27.75510204,"Alport Syndrome",2,1,55.57,1,1,2,0.71,114.3515955,0.81,97.62706298,0.98,77.67494528,1.15,63.7109133068769,0,0,0,1,1,0,0,0,1,1,0,0,3.08,0,"2/5/2025 0:00:00",41,1,1,1,"10/2/2021 0:00:00",0,1,2,0,3,29.17,6,0,1,"10/25/2023",1,1,"10/25/2023 0:00:00",1,0,0," ",0,0,1,0,1,0,33,0,0,177,85,27.1314117909924,0,0,"Head Thrauma",2,0.8,119.840374,0,0.66,7,0,0,0,0,1,0,1,1,0,0,10.35713808,0,0,0,0,10.35713808,0.023324546,0,20,0,0,1.37254e-07,371433.05,175057.0252,295.5691195,83.62861711,0,0,0,0,0,6.27939e-06,55947.91967,134749.5661,81.65154298,40.03788314,34335.44797,42899.50548,63.78238641,19.10949152,1.92156e-07,0.300254121,0.050980832,0.35131882,0.02237099,0.439298081,0.001968009,0.145112727,-0.420573889,8.31144e-06,0.560701919,915,28,389402.7895,210118.3684,0.548317294,210118.3684,0.548317294,10.07228756,23.09385405,0.379959404,10.07228756,23.09385405,0.379959404,0.415947939,168430.75,0.415947939,168430.75,0.763149182,1146320,0.763149182,1146320,0.273338732,18715.625,0.273338732,18715.625,0.558557147,318145.875,0.558557147,318145.875,34.2387612660726,180.404778225328,1277354.89583333,1.79178270702793,0.139951513712666,4.47558484879855,257.936602442719,57,91.9627119977293,0.000712210375599686,2.61552675565084,0.763149181897671,0.000148427563482518,0.00212565098647409,28.7798471450806,97.1051763700457,6.21542310714722,0.000250791280031023,4.8045942769605,177023.666666667,4.79896318867566,0.652068634923628,0.000158575996993936,4.61714134703234,626305.3125,0.000710123801853505,0,434.602456101688,9.78335702152755e-05,20.6926789077213,0.00196952667310585,8.54897682414276e-05,0.00527416419683205,0,0.000587449665905739,4.21300282545532e-05,2054300.375,0,4.50205321434817,43094.5,0.000448562441156496,0.473373931430431,0.00206083770460218,1866.68850708008,1243,651.238137696522,114.313832361542,305.851569233849,2.61552675498883,0,31932,7559.5126953125,6.21542306509269,0.000217998580286338,0,0,230.857552009386,0,0.000976691787457822,367.220346110533,1.13516381055697e-05,59.4465156555176,0,0,46288.8046875,5.64764189720154,0,4.2547388076942e-05,246.058509555341,15.3898880668878,0,0,0,0,0,0,5.26367301940918,0.00020794262576134,2815.30082810714,0,0,0,0,336.933227806341,0,6.45582227841363e-05,0,0,0,0,0,0,3.00013367043759e-05,0,15.3898880004883
"H21-16428 - 2",1,2,"9/29/2021",19781543,0,"5/5/1953 0:00:00",0,0,68,"Portugal",85,168,30.11621315,"Undetermined",5,1,46.03,0,3,1,1.33,58.22223467,1.37,56.18833447,1.94,37.01252925,1.24,62.9366771373741,1.55,47.55648845,-7.69009434368705,0,1,0,0,0,0,0,0,0,1.53,47.55648845,"2/5/2025 0:00:00",40,1,1,1,"11/15/2021 0:00:00",0,0,1,1,2,4,27,0,0," ",0,0," ",0,0,0," ",0,0,0,0,2,1,67,0,0,170,65,22.4913494809689,0,0,"Head Thrauma",2,0.6,105.8035881,0,1.11,63,0,0,0,1,1,2,4,4,0,0,23.8055569,1,1,0,0,23.8055569,1.081850823,2.94117647058824,67,2,0.028985507,1.58106e-07,351054.8582,139683.366,289.1471766,78.89233068,4.71957e-09,109554.75,15448.75,157.176647,11.83222848,1.14568e-05,49291.85778,50331.8167,83.97201713,29.38923119,18626.33147,17951.90609,54.26712272,15.3913091,2.71375e-07,0.518227558,0.055503708,0.564724501,0.02541169,0.287649673,0.010749306,0.098284576,-0.573950816,1.30347e-05,0.712350327,4855,115,356182.0379,102361.4091,0.306036464,106641.6667,0.292299188,6.541803301,18.23484756,0.432679168,6.541803301,18.23484756,0.432679168,0.416581257,107078.775,0.416581257,107078.775,0.683268746,1360611,0.683268746,1360611,0.353423735,13160.76667,0.353423735,13160.76667,0.606053826,388832.8,0.606053826,388832.8,7,260.917276103107,14088.076171875,1.73682090837625,0.683268745687156,1.67138084132378,14,176.8,128.488296427595,0.000184764374565355,1.2755309343338,0.405130388731166,5.92174758546346e-05,0.000758288941637646,24.1544174194336,408.224457730609,4.32958850860596,8.74874100811363e-05,2.72222424528696,9773,1.96339586242375,1.57362531197166,5.11565640787709e-05,2.25085096211455,776780.94140625,0.000246943264873143,0.000614141429775453,528.852368284713,4.59600697406895e-05,4.41682871306058,0.000666302515267195,0.00122238571472585,0.00191502253113666,0.536336982564488,0.000266336382374526,0.000460349168798153,4617.21069335938,1.32749524269497,2.21233290734697,123181.6,0.000203546788961101,0.312974215335266,2.33475368396307e-05,83448552,8,601.873199689312,1522.66785450929,570.711605622855,1.27553091740263,3.04338082501641e-05,13330.3333333333,2529.61955769857,4.32958850906693,0.00309596728706343,2.40067190736708,2.23521108321808,154.132617751519,16.1813983917236,0.00048752925654029,4497.05627484771,5.28593037668073e-06,63.4958470662435,0.53165579240431,0,2671592.75,2.33957432445727,460.468651493326,2.06798268101247e-05,161.8913034931,14.1011988787772,0,50032,0,1.38735820435562,0.000161967220338248,0,3.12136508479263,0.000122438790525675,2167.17226833949,0,409.140191958016,21.796895980835,0,22.2783955983723,0,0.000133715960917759,0,4.26751229932063,0,67044,6.88439285742257e-05,0,0.00360051429873341,0,14.1011988899925
"H21-16984 - 1",1,2,"10/7/2021",14026851,0,"9/18/1971 0:00:00",1,0,50,"Portugal",52,151,22.80601728,"Anti-GBM disease",2,1,69.93,0,1,2,0.92,75.85613879,0.94,73.92353066,0.84,84.60596476,0.86,81.7404409701523,0.82,85.47841877,1.86898889992385,0,0,0,0,0,0,0,0,0,0.83,85.47841877,"2/5/2025 0:00:00",40,1,1,1,"10/18/2021 0:00:00",0,1,2,2,5,6,15,0,0," ",0,0," ",0,0,0," ",0,0,0,0,1,0,37,0,0,170,60,20.7612456747405,0,0,"Anoxia",5,1.88,46.60716168,0,0.94,44,0,0,0,1,1,0,2,3,0,0,21.40964036,1,1,0,0,21.40964036,0.026959127,5,38,1,0.025641026,2.51579e-07,276848.5132,100999.672,260.2392306,66.40220924,6.6205e-09,92797,0,154.9870962,0,1.21817e-05,40880.78451,43326.45869,72.87967208,22.48792249,31368.85799,55841.20044,54.26597417,15.71414093,2.97922e-07,0.374213413,0.069649259,0.497998178,0.015769459,0.396266548,0.007572745,0.139858462,-0.418019054,1.25498e-05,0.603733452,1840,45,284325.1486,135730.9459,0.486104715,138436.6389,0.478872149,7.515998198,27.14813701,0.218803778,7.515998198,27.14813701,0.218803778,0.351140668,67607.18182,0.351140668,67607.18182,0.625542635,368427.5,0.625542635,368427.5,0.277274653,15882.5,0.277274653,15882.5,0.439779886,129676.8,0.439779886,129676.8,23.7408051924272,62.2660257054169,572928.450284091,3.1579173523007,0.625542635301073,1.1510712423358,213.182754609442,18,34.6554469023269,4.98641920107743e-05,1.9490603316914,0.39333919879339,0.0216662775386464,0.000249080808276072,14,624.381115795102,4.24867630004883,2.88746700533629e-05,5.44030929499927,109944.363636364,2.49050591692694,0.597871696788802,0.000659322827443952,3.16205954175994,817459.859375,0.00217256362507759,0,713.410086646053,0.0417159795761108,2.31830894991348,0.00262944705155445,0.000182547275640937,0.00828869796447317,0.581182581333448,0.0484378771348433,4.53729203415475e-05,222204.828125,1.17186901890346,3.30386672680012,6444,0.00212282900589364,0.0938967136150235,9.38220154523919e-05,5277273.5,102.25,541.153001442611,977.50224404442,136.599184915515,1.94906033331037,6.22396612700407e-05,17795.8,3555.04248046875,4.24867634953103,0.000570396216244472,0,4.24399796993129,168.997387506298,0,0.00279385352225105,2504.50793488832,0.00497530031641689,3.19689989089966,0,0,917798.75,3.37791993401267,375.712551582869,0.0127968504315331,13,1.42997429587624,0,0,0,0,0,0,1.61240315437317,0.0238095238095238,2062.83172833973,0,0,32.7720947265625,0,129.629398995286,0,0.000117183617465599,0,0,0,53932,0,0,0.000356462354440343,0,1.42997431755066
"H21-16984 - 2",1,2,"10/8/2021",19790856,0,"1/11/1970 0:00:00",0,0,51,"Portugal",67,168,23.73866213,"Undetermined",5,2,74.23,0,1,2,1.54,54.27540885,2.46,30.9389692,2.82,26.26207508,1.51,55.2274033443266,0,0,0,1,1,0,0,0,1,0,0,0,4.44,0,"2/5/2025 0:00:00",40,1,1,0,"11/4/2021 0:00:00",0,2,2,1,5,0,26,1,3,"5/14/2024",1,3,"5/14/2024 0:00:00",1,0,0," ",0,0,1,0,2,0,37,0,0,170,60,20.7612456747405,0,0,"Anoxia",5,1.88,46.60716168,0,0.94,44,0,0,0,1,1,2,4,4,0,0,20.44236526,1,1,0,0,20.44236526,0.693165626,2.77777777777778,72,2,0.027027027,2.44776e-07,247518.8194,105512.8719,244.2050163,72.07350805,6.79934e-09,187543.75,1173.75,212.6052287,2.452902985,1.2198e-05,36191.71433,43632.14934,67.56867999,21.9989096,28098.94394,29417.46911,58.6075922,17.5849314,5.03151e-07,0.360842381,0.060586728,0.441467123,0.027078993,0.380651291,0.013150522,0.137239501,-0.257533285,1.28278e-05,0.619348709,3588,148,261517.8309,110728.8235,0.430066736,116135.8889,0.419192573,8.124221252,25.64986441,0.254092062,8.124221252,25.64986441,0.254092062,0.416299998,64688.27273,0.416299998,64688.27273,0.632592769,360553,0.632592769,360553,0.315277982,16987.64286,0.315277982,16987.64286,0.593088527,148164.375,0.593088527,148164.375,17.0906991958618,99.5000733834282,12620.9926757812,2.33842399157543,0.632592768778707,1.21738274520948,23.8248277173145,18.3333333333333,49.5376230484788,0.000116958528611284,1.46452963352203,0.548810538467894,0.000149288000755373,0.000522255979956202,15.1886310577393,513.184257206312,4.64590732256571,6.07193985159229e-05,4.5325707061778,2707,2.10760405227779,0.98726907674345,0.000498769842814473,4.47806192610481,3139026.395625,0.00161838663723744,0.00155361324759558,613.654754262581,9.38700735362923e-05,12.0211768342693,0.00410301283943812,0.000396650276534973,0.0112807196130078,0.764041490587783,0.000594644190292038,0.00217766706737371,137232.3546875,1.32250747445562,3.63340977638631,9491.33333333333,0.00159761011801034,0.498603918123428,7.70567747502856e-05,4353871.5,71,189.981780021475,945.643563847818,120.979713993672,1.46452966082815,4.75588275523963e-05,21220.5,4428.19506835938,4.64590732170376,0.00113222168156058,8.94221335657771,6.80833134684148,178.129146370276,22.399995803833,0.00207734660839596,2423.90072042589,1.09017233244736e-05,39.4043358456005,0.904823737726029,0,760027.3125,1.31505751609802,565.349885770394,4.21889928747243e-05,117.011661767018,9.91028504495178,0,168632,0,1.24986771442137,0.000378992574392534,0,4.69062162529339,0.000218079862128968,28.4142135623731,0,546.070515497062,40,0,102.289191463088,0,9.36639040129758e-05,0,5.46431489717714,0,144188,7.31024635493234e-05,0,0.000461808678690677,0,9.91028508814898
"H21-17233 - 2",1,2,"10/9/2021",19710792,0,"8/19/1961 0:00:00",0,0,60,"Portugal",75,178,23.67125363,"Alport Syndrome",2,1,42.37,0,1,2,1.42,56.56826868,1.58,49.76573194,1.98,37.95951649,1.99,37.4967995379391,1.65,46.36979164,4.43649605103045,0,0,0,0,0,0,0,0,0,1.75,46.36979164,"2/5/2025 0:00:00",40,0,0,0,"10/18/2021 0:00:00",0,2,2,1,5,0,17,0,0," ",0,0," ",0,0,0," ",0,0,0,0,2,1,76,0,0,170,70,24.2214532871972,1,0,"Stroke (unspecified)",1,0.7,95.49340897,0,1.53,91,1,0,0,1,2,2,5,4,0,0,21.91,1,1,0,0,21.91,0.158852673,7.14285714285714,28,2,0.066666667,1.76464e-07,266093.6607,134713.7994,245.8374357,91.15836792,1.26046e-08,144412,2135,195.3484088,2.828280012,1.16592e-05,39145.72784,37835.15054,69.12376567,25.54906553,20818.40817,25235.68992,49.33149186,15.69440581,2.83603e-07,0.518519176,0.046955919,0.456408675,0.035507472,0.217409098,0.018775449,0.102881304,0.248597501,1.07514e-05,0.782590902,1850,45,286054.6538,106751,0.366743766,116479.0435,0.372222091,5.144485616,21.01749575,0.32759951,5.144485616,21.01749575,0.32759951,0.467575869,185785.7,0.467575869,185785.7,0.553323861,609221,0.553323861,609221,0.349830649,24683.5,0.349830649,24683.5,0.644193698,427439,0.644193698,427439,8.26149948438009,336.705519846543,10846.7073313395,2.39004643685933,0.26984126984127,1.77858811106662,178.414586528831,284,164.347193465541,0.000301158765533058,3.59988713264465,0.5533238614569,8.47932358370817e-05,0.00125256319677475,20.1968994140625,343.934719957308,4.13613891601562,0.000143402608280237,4.33092409697316,21499.3333333333,3.00866605312995,0.150868542394537,1.68320470272886e-05,0.0837769570986905,661350.97265625,8.21914272333964e-05,0.00063171818275177,469.370004832119,5.01538321692155e-05,4.58458483521016,0.000326570416659118,6.79947208886091e-05,0.000981163286653747,0.669574140584915,0.000386024644794776,0.00333661103652079,1456307.875,1.16047643082795,1.59241265820209,245730,7.10615318141641e-05,0.38136758983672,0.00112694208211337,10470.9853515625,1119,520.991429408628,175.125381517175,979.381901355546,3.59988723224718,3.00415986237385e-05,28574.5,5562.24780273438,4.13613896053104,0.000225837525687811,3.10308782096761,3.00914665741587,221.46473583636,16.5844974517822,0.000213484339408309,499.889393668845,5.76768115734901e-06,62.9731640815735,0.655946556394877,0,51234.57421875,2.20397138595581,460.298534035034,2.1955103646107e-05,109.671929089679,13.9075028002222,0,96127,0,1.17142806123037,0.000121696487642972,0,3.46190978586674,0.000120281631600647,123.213203435596,0,468.382181494979,24.9844989776611,0,323.51970573676,0,6.29104692110913e-05,0,3.1948979640422,0,95265,4.29580780264773e-05,0,4.85378753967524e-05,0,13.9075026512146
"H21-17666 - 1",1,2,"10/16/2021",20042085,0,"7/11/1956 0:00:00",1,0,65,"Portugal",73,163,27.47562949,"Chronic glomerulonephritis (IgA)",2,2,21.3,0,1,2,1.54,37.2388402,0.8,81.71711529,0.97,64.84775273,0.95,66.0772069944697,1.05,57.87497679,-4.10111510223485,0,0,0,0,0,0,0,0,0,1.05,57.87497679,"2/5/2025 0:00:00",40,1,1,1,"10/22/2021 0:00:00",0,1,1,1,3,11,16,0,0," ",0,0," ",0,0,0," ",0,0,0,0,1,1,65,0,0,178,85,26.8274207802045,0,0,"Stroke (unspecified)",1,1.26,63.29497143,0,1.28,77,0,0,0,1,1,2,4,4,0,0,25.84147307,1,1,1,1,25.84147307,0.278261873,9.09090909090909,63,6,0.086956522,2.54281e-07,273942.6111,127513.0844,252.7101417,73.05312366,2.42172e-08,78285.16667,8824.323787,135.7801739,12.32521982,1.13982e-05,32821.21052,30949.20215,69.48202473,24.91614143,13454.27615,10754.17729,50.34830693,13.76746695,6.29647e-07,0.412463044,0.069658275,0.374103581,0.053777983,0.282802974,0.006232585,0.186200504,-0.006771866,1.63275e-05,0.717197026,2824,156,278348.6129,104228.9032,0.385222306,108022.661,0.375152494,6.030820469,22.21668046,0.312844643,6.030820469,22.21668046,0.312844643,0.438310453,65413,0.438310453,65413,0.578354664,206421,0.578354664,206421,0.285607532,10172,0.285607532,10172,0.574046382,114516.1111,0.574046382,114516.1111,29.288718117608,385.606084022745,663976.675347222,2.10123248922414,0.220352572082623,1.24008382285327,178.079090980892,256.25,174.341885631956,0.000130501025993487,2.49965318044027,0.29037395206952,8.87372861302841e-05,0.000618266215740374,19.539146900177,462.123968994684,3.52561670541763,7.13355133754702e-05,2.95040714271304,96944.7777777778,3.49843458063183,0.636704166734133,1.89619524871294e-05,4.42984590263437,2352475.77430556,0.000105451768066757,0.00475677265553102,572.462312885616,5.52288962196752e-05,10.858221360694,0.000356776457649748,0.00127582758322529,0.00109145935585547,0.367359290634528,0.000384440771716614,9.54983062760587e-05,4570.1806640625,1.31463333798228,1.434235571781,185657,9.62998060121506e-05,0.405327824817442,0.00208484748966189,3861.14245605469,5,547.714224972608,106.066090200613,669.62080034233,2.4996532209531,4.24847109397793e-05,41821.875,9674.17947387695,3.52561676405775,0.00303020674606849,8.18511240500563,2.12240878229671,266.623656458913,18.5751972198486,0.000287926630334483,337.714249456123,6.41418418968358e-06,60.7342936442449,0.865354052092767,1.54584506687519,29145.2807617188,1.33806705474853,366.374780376431,2.40824279370294e-05,137.008092725013,14.2982583198008,15104.4521484375,72145,7.77241532536783,1.55400673446146,0.00107014273864512,1.19836841002384,3.99903024159945,0.000131463032109697,115.734018715768,6.54508980542159,408.375351343395,17.4614976247152,0.175933888721856,24.3515913237718,1.16906713996583,8.0094219014554e-05,6.59069967269897,4.1789072503201,423837.25,29132.3333333333,0.00013872250455815,50830,0.00385921829048244,393556.25,14.2982584513151
"H21-17666 - 2",1,2,"10/16/2021",19710194,0,"8/7/1962 0:00:00",1,0,59,"Portugal",69,145,32.81807372,"Chronic pyelonephritis",4,1,41.77,0,1,2,1.21,51.62791813,1.23,50.62218928,1.07,59.83654703,1.07,59.4655604339382,1.13,55.00851261,-2.2285239119691,0,0,0,0,0,0,0,0,0,0.9,55.00851261,"2/5/2025 0:00:00",40,1,1,0,"10/28/2021 0:00:00",0,1,2,1,4,2.6,18,0,0," ",0,0," ",0,0,0," ",0,0,0,0,2,1,65,0,0,178,85,26.8274207802045,0,0,"Stroke (unspecified)",1,1.26,63.29497143,0,1.28,77,0,0,0,1,1,2,4,4,0,0,23.6393,1,1,0,0,23.6393,0.277222225,6.66666666666667,120,7,0.05511811,2.25168e-07,252545.7125,117990.5271,239.5027401,69.37365605,1.31348e-08,92156.28571,49106.90733,137.9669417,56.55194965,1.22773e-05,33396.54218,30103.47721,68.66419713,23.34663609,26791.33447,38078.65916,56.19487666,17.41043467,3.52763e-07,0.345588387,0.056865178,0.410018619,0.02255526,0.533464423,0.002813498,0.138689257,0.148806279,1.41185e-05,0.466535577,6543,188,259628.9397,116127.0172,0.449848247,124492.1333,0.444472629,6.589939318,24.42172301,0.269086244,6.589939318,24.42172301,0.269086244,0.53944713,163669.0769,0.53944713,163669.0769,0.546553276,785904,0.546553276,785904,0.360784153,17960.875,0.360784153,17960.875,0.618852897,228428.2778,0.618852897,228428.2778,5.39379978179932,833.204546254901,1684.02807617188,1.6188816961528,0.35106440341554,1.42018567544764,6.70820393249937,934,414.656484333719,0.000160349963024573,1.12720227241516,0.642296645807763,0.000117632045124999,0.000707107860886438,35.5813941955566,374.369708204577,5.68507146835327,8.18555569577578e-05,4.21103312900855,966,2.92619544917926,1.12064965197216,7.23279572774658e-06,1.93122485799527,546027.992911503,4.52682006475168e-05,0.0535714285714286,504.156328537898,6.08832927097117e-05,3.45513266787938,0.000243714189628547,0.000278693968634672,0.000647201791327122,0.861007515446583,0.00044521403900957,0.00275382178518778,298259.608816964,1.20177668908897,2.50639509142979,786013,2.23730977312175e-05,0.457459441749463,0.00109730655464508,28885.2578125,195.857142857143,122.81990515337,154.845671688522,1204.70106023178,1.12720229408958,7.71639765068268e-05,46974.5,10836.1831054688,5.68507129211732,0.00078158902266373,2.44106333283786,7.62280496430064,354.769172743477,3,0.000102678523759874,465.751322481387,7.05019464123766e-06,62.190470123291,1.01433792521788,1.51295578502801,44780.0690104167,3.22593814134598,420.551017853946,2.90381328989582e-05,124.218612362033,16.4853237980226,25002.826171875,1804,4.46758688334493,7.14123448497188,0.0254444501229695,1.40819758793224,4.42012175321579,0.000153909387119473,1579.85294039691,3.24092691938588,133.729807330312,40.4767456054688,0.172431674646426,183.210334752346,1.45891937033292,5.17980484289653e-05,9.58914947509766,1.4248891557966,1022064.46875,98764,0.00184652785162842,41585.5,0.000157087619175632,200423.6171875,16.4853238423665
"H21-18700 -1",1,2,"10/29/2021",1009184,0,"10/4/1995 0:00:00",1,0,26,"Portugal",61,150,27.11111111,"Undetermined",5,1,15.23,0,1,2,1.31,57.62815993,2.05,33.6709736,2.12,32.34128522,1.83,38.3458167312568,2.01,33.83935028,-2.2532332256284,0,0,0,0,0,0,0,0,0,2.02,33.83935028,"2/5/2025 0:00:00",39,0,0,0,"11/5/2021 0:00:00",0,1,2,1,4,0,20,0,0," ",0,0," ",0,0,0," ",0,0,1,0,2,1,76,0,0,165,100,36.7309458218549,1,0,"Stroke (unspecified)",1,0.67,96.7650254,0,1.46,88,1,0,0,0,2,2,4,4,0,0,5.726787401,0,0,0,1,0,0.064466642,0,76,0,0,1.88922e-07,297425.1974,138598.0645,264.1256468,84.55960574,0,0,0,0,0,1.21159e-05,40646.42347,40314.31336,74.08137028,25.6068293,17426.75679,22913.5243,50.54394769,17.81903076,2.9084e-07,0.533860383,0.056190167,0.492466663,0.043533328,0.258257938,0.00978736,0.114099434,0.091123174,1.32157e-05,0.741742062,4874,117,317188.7042,109500.7465,0.343584651,113031.7059,0.341296749,5.975918371,22.53520606,0.35661939,5.975918371,22.53520606,0.35661939,0.4475431,446364.2778,0.4475431,446364.2778,0.737576783,313705.5,0,7176114,0.386539283,9468.384615,0.386539283,9468.384615,0.645805507,1582293.6,0.645805507,1582293.6,21.349725314549,372.065306857752,282849.755371094,2.5543514792906,84.380092438916,1.479112700659,118.513941917155,292,188014,0.000183536161093183,1.92509072167533,0,9.45673962460207e-05,0.000796752548213879,25.3782952626546,401.669944995486,3.97246408462524,9.58817735076242e-05,5.98161929057575,47821.7142857143,0.0231067739810302,0.639034258788587,2.60703024314972e-05,3.12606354082648,3062217.89746094,0.000168202474356102,0,530.648005813517,5.76997493808154e-05,17.0800199551861,0.000462167594654003,2.26436746425649e-05,0.00143955950885194,0,0.000392184538538191,0.00081763182416264,18331426,0,1.87739460606195,188077.666666667,0.000104764776051613,0.358873490259613,2.33286481631606e-05,1797023.625,10053,340.146018777951,1746.94470171494,640.920801467661,1.92509072615741,0,9483.38461538462,1869.8295710637,3.97246398395137,8.25179247259616e-05,0,0,119.78941637538,0,0.000347890475197408,3532.7718241315,6.62872713087817e-06,70.12484058967,0,0,3961.95678710938,1.1878377199173,0,2.6067683243046e-05,137.267298622296,16.9430479880786,0,0,0,0,0,0,3.53313058156234,0.000143760210574532,119.941125496954,0,0,0,0,7176114,0,0.000198800144347279,0,0,0,0,0,0,9.0486384653527e-06,0,16.9430479361461
"H21-20678",1,2,"11/29/2021",19766552,0,"11/24/1975 0:00:00",0,0,46,"Portugal",82,175,26.7755102,"ADPKD",4,2,35.97,0,1,2,1.54,55.98970014,1.52,56.8749072,1.47,59.20415744,1.35,65.1675624447039,1.11,81.40337463,8.11790609264805,0,0,0,0,0,0,0,0,0,1.12,81.40337463,"2/5/2025 0:00:00",38,1,1,1,"11/29/2021 0:00:00",0,1,2,1,4,0,15,0,0," ",0,0," ",0,0,0," ",0,0,1,0,1,0,44,0,0,175,85,27.7551020408163,0,0,"Head Thrauma",2,1.12,83.07558239,0,0.79,24,0,0,0,0,1,0,1,1,0,0,22.15565861,1,1,0,0,22.15565861,0.008411048,0,58,0,0,1.67055e-07,363063.8534,125831.8407,296.3050792,75.52704499,0,0,0,0,0,1.24744e-05,43498.03602,71177.07952,75.77062492,32.53153808,25999.90478,108177.5562,56.93256783,18.30380821,2.16019e-07,0.487115267,0.060651627,0.542611856,0.022973402,0.396729202,0.010792686,0.111777187,-0.538495917,1.32336e-05,0.603270798,4331,75,375573.7411,151750.4107,0.394261241,154034.4909,0.399678879,6.588629792,20.90847167,0.320475039,6.588629792,20.90847167,0.320475039,0.472520291,38887,0.472520291,38887,0.757089641,195887.5,0.757089641,195887.5,0.425670126,10961.54545,0.425670126,10961.54545,0.601358244,115682,0.601358244,115682,21.8405097081111,86.2945985524548,839230.202724359,1.48389493240254,0.793033249053308,1.25222507521236,326.99530544168,15.3333333333333,43.1085134503498,8.47134157133601e-05,2.09978620822613,0.674928181072355,0.000348095579951238,0.000421762640962561,14.288631439209,535.531610947471,3.89293654759725,4.90243095666666e-05,3.92279510795277,184260.769230769,0.00844617838812498,0.447300636014246,0.000561688912874325,2.06360125077732,4064703.03676471,0.00203982272982639,0,666.338890391889,0.000633171118941962,13.9064215104235,0.00367523880657958,0.000188585910903216,0.0104144205067499,0,0.00111963932612975,2.02984623414549e-05,286436.578125,0,2.6503848052015,7580.83333333333,0.00222504190455859,0.095905408364353,0.000321322005085642,28899.59765625,207.5,791.952861768815,102.973864778213,110.562263118665,2.09978619581483,0,24885.6666666667,5295.62646484375,3.89293652281254,0.000551591907001535,0,0,206.621615230721,0,0.00298686218300735,421.267027304759,7.06385944481779e-05,20.3751964569092,0,0,36.7999992370605,3.59765338897705,0,0.00070966991444457,91.0714285714286,6.33464314416419,0,0,0,0,0,0,1.4966938495636,0.00246415357558068,617.635605693432,0,0,0,0,156.742018547846,0,8.45046982110005e-05,0,0,0,0,0,0,0.000114152331733763,0,6.33464336395264
"H21-20818 - 1",1,2,"12/2/2021",19092975,0,"4/1/1964 0:00:00",1,0,57,"Portugal",59,165,21.67125803,"Chronic glomerulonephritis (IgA)",2,1,32.07,0,1,2,1.8,32.45652847,1.56,38.53714652,1.49,40.71979193,1.34,45.9623585805042,1.18,52.87710147,3.4573714447479,0,0,0,0,0,0,0,0,0,1.25,52.87710147,"2/5/2025 0:00:00",38,0,0,0,"12/9/2021 0:00:00",0,1,1,0,2,0,20,0,0," ",0,0," ",0,0,0," ",0,0,0,0,1,1,73,1,0,150,55,24.4444444444444,0,0,"Stroke (unspecified)",1,0.71,89.72282357,0,1.61,93,1,0,0,1,2,2,5,4,0,0,36.94753565,1,1,1,1,36.94753565,0.221370951,16.6666666666667,29,5,0.147058824,1.13927e-07,397082.8966,221941.8738,296.7452379,100.7464638,1.96425e-08,95880.7,33832.73427,157.4912084,33.43829063,1.07013e-05,41696.3772,45363.88268,74.27904851,24.66992767,21512.91719,21283.66879,58.78341803,15.71572333,4.71421e-07,0.4916038,0.045238351,0.446203537,0.025454562,0.331108814,0.022617952,0.101385011,-0.437867311,1.3303e-05,0.668891186,2724,120,411260.2143,164717.7857,0.413483081,164717.7857,0.413483081,6.966717039,19.22375449,0.402545966,6.966717039,19.22375449,0.402545966,0.455586524,42663.81481,0.455586524,42663.81481,0.607763875,448839,0.607763875,448839,0.423079016,15043.69048,0.423079016,15043.69048,0.569362805,139334.25,0.569362805,139334.25,25.4767465591431,211.871107812704,1254855.875,0,0.60776387505538,12.4036405131374,543.646903317794,82.4444444444444,103.341405003178,0.2,2.48989021778107,1,0.000112439254192802,0.2,22.4716633690728,4.65042188844128,4.96845621532864,0.0075187969924812,0,363971.5,2.00418896101292,0.340474071298802,0.000110065599742944,1.17332349919067,20.3999996185303,0.000483119181608805,0.00158830843446106,57.6821613386513,6.88489786176332e-05,0.153383455778423,0.00126225332595704,0.000835030843626778,0.00338384868201165,0.782565816966151,0.000450128326756929,1.04303221033996e-05,0,1.09780020014898,2.8138125168527,57209.2222222222,0.000377994163388282,0.473313148427621,6.01100803939974e-05,7315372.5,1,1211.31259315075,1302.95443024245,335.111943845703,2.48989028527814,9.90264630739558e-05,11717.75,2475.62174606323,4.96845625875662,0.00165803765350918,7.18278723198216,4.75148759795485,140.416079780288,18.5875968933106,0.000869535449258293,3204.5567081236,7.93369216222857e-06,50.1583636147635,0.861858777099696,1.46945487612282,899716.5,3.5584824681282,290.076566348802,3.15090042157157e-05,122.966975994218,13.0762491848581,8752.0732421875,112365.5,7.17274159721536,1.04929000643415,0.000386248914359596,1.15042631929321,4.35848307609558,0.000161010916854682,2423.86822245743,6.1302647384523,417.620367376089,31.3782958984375,0.167324460715549,9.8488578017961,1.51982240167497,0.000187369934788479,5.59999990463257,4.47165981454651,281780.5,46817,8.66447542972114e-05,92506,0,653228.75,13.0762491226196
"H21-20818 - 2",1,2,"12/2/2021",20035459,0,"4/5/1960 0:00:00",0,0,61,"Portugal",67,168,23.73866213,"Diabetic nephropathy",1,1,16.07,0,1,2,1.32,61.3661921,1.42,56.21754542,1.23,66.79312439,1.35,59.3630713984752,1.21,66.86093191,3.7489302557624,0,0,0,0,0,0,0,0,0,1.46,66.86093191,"2/5/2025 0:00:00",38,1,1,0,"12/13/2021 0:00:00",0,1,1,0,2,0,23,0,0," ",0,0," ",0,0,0," ",0,0,0,0,2,1,73,1,0,150,55,24.4444444444444,0,0,"Stroke (unspecified)",1,0.71,89.72282357,0,1.61,93,1,0,0,1,1,2,4,3,0,0,20.0742,1,1,0,0,20.0742,0.480886866,13.6363636363636,37,7,0.159090909,1.3354e-07,310865.6622,134030.8999,262.8874563,87.80381353,2.52643e-08,231951.5,268545.2258,202.9313772,121.192287,1.19211e-05,43891.7413,43699.69426,77.94421684,24.5299066,30083.9146,32562.3551,59.22388252,18.46723114,4.18666e-07,0.438111797,0.041512978,0.523239829,0.023747237,0.297356398,0.012664492,0.079338337,-0.457083503,1.13192e-05,0.702643602,3303,116,338231.8824,121419.5294,0.347700399,121419.5294,0.347700399,7.1149476,22.55242791,0.38389281,7.1149476,22.55242791,0.38389281,0.553137533,223317.6667,0.553137533,223317.6667,0.577926718,2293172,0.577926718,2293172,0.45997275,16510.41667,0.45997275,16510.41667,0.646302316,430124.9167,0.646302316,430124.9167,3.99844360351562,173.58052838609,632.784805297852,1.03874527756308,0.57792671758268,15.0904876827475,10.7360679774998,88,82.8613299434664,0.0324218571186066,1.21565210819244,0.702454206822547,0.00010033854765549,0.0437498092651367,20.7844543457031,4.74134740405303,4.89336204528809,0.00673073988694411,3.25661427676815,1067,3.5459951365825,1.31388511418357,8.95056253825261e-05,0.570972003777286,13,0.000380173297464892,0.00205494882233767,71.5492446004889,5.56534988514791e-05,0.0625,0.000929112361093489,0.00050131855595187,0.00224391338494334,0.430401408918721,0.000385772062262704,0.00434803344207267,59952.982421875,1.07658602148557,2.73940909028553,54671,0.000289057076483664,0.413293386109901,2.50839179434282e-05,93431864,67.25,133.403797248082,3368.53783194455,409.259074118288,1.21565210924313,5.93083874611707e-05,16528.1666666667,3282.1875,4.89336190207802,0.00143273245193669,4.36346236322869,1.79550218157148,168.673407598991,14.0844879150391,0.000679097377824712,8141.16933215742,6.47230307365105e-06,62.1301894414993,0.825566296263108,2.13915402332252,8132559,2.80215720029978,287.822075504663,2.73483215338394e-05,135.542633060896,15.8013434345014,12889.9052734375,65087.5,4.82071960376678,1.24967084208806,0.000477965056559901,1.35900490312784,3.87265401794797,0.000145487426730526,2054.88645124992,1.61992173410287,354.826519697191,22.39990234375,0.246967448453508,116.484151623287,1.27779018903428,0.000105885091600847,9.18914794921875,3.29722450304307,333638.40625,25905,8.77486230906585e-05,307337,0.000268165655793684,1020111.375,15.8013435545422
"H21-21740 - 1",1,2,"12/17/2021",19715328,0,"2/5/1971 0:00:00",0,0,50,"Portugal",100,173,33.41240937,"Chronic glomerulonephritis (unspecified)",2,1,42.53,0,1,2,2.11,37.42743199,2.86,25.98302651,2,39.91103418,2.28,33.8926988062295,0,0,0,1,1,0,0,0,1,0,0,0,3,0,"2/5/2025 0:00:00",38,0,0,0,"12/27/2021 0:00:00",0,1,0,1,2,0,8,1,3,"2/13/2023",1,3,"2/13/2023 0:00:00",1,0,0," ",0,0,1,0,2,1,55,1,0,165,70,25.7116620752984,1,0,"Stroke (unspecified)",1,0.5,110.695584,0,1.08,59,0,0,0,0,1,2,3,2,0,0,18.82978575,1,0,0,0,18.82978575,0.714370439,0,47,0,0,2.2732e-07,315629.2979,147449.055,265.0919976,84.42445205,0,0,0,0,0,1.14531e-05,47407.26225,41149.62816,86.40044063,31.20176966,0,0,0,0,2.32157e-07,0.413133133,0.071748912,0.54295861,0.010520163,0,0,0.132144348,-0.331156475,1.16731e-05,0,2368,48,329651.2111,121265.0222,0.350140783,125551.3953,0.353453003,7.788744328,22.42669703,0.372074679,7.788744328,22.42669703,0.372074679,0.449031196,33861.61111,0.449031196,33861.61111,0.737283159,134806,0.737283159,134806,0.388404082,12838.42857,0.388404082,12838.42857,0.661226098,107442.75,0.661226098,107442.75,2.09844994544983,313.853599157076,139.195350646973,2.48793555121452,0.401326107773389,1.36220622043646,4,96,162.855764405194,0.000121434347778212,1.14749997854233,0.585169037843217,7.30153059634085e-05,0.000555731843838415,18.1782970428467,502.627584947031,3.68798112869263,6.35975077580612e-05,4.80632912346274,237,3.73443258410143,1.7356462585034,2.73455216933299e-05,1.00202229833835,4448983.65384615,0.000134787841582361,0,679.711590260792,5.15927528618572e-05,16.4126642564649,0.000524942839269491,0.000277632194709697,0.00153280972890803,0,0.000311293133501707,0.00983519404597035,199318.46875,0,1.10495046935477,134866,0.000152324368884725,0.412638639165724,0.00130604504418862,44852.1783854167,98,67.6433379017633,188.609890851439,550.143817623003,1.1474999666214,0,7723,1431.44580078125,3.68798104288861,0.000755454572738608,0,0,106.20853877,0,0.000449879898107919,532.087036706366,6.00546615353816e-06,57.8259081840515,0,0,70375.6627604167,4.20088937878609,0,2.39985355157742e-05,159.217557698032,13.5692238383433,0,0,0,0,0,0,4.32398846745491,0.000129604050319461,1427.95791757917,0,0,0,0,102.591422643416,0,0.000215935518228571,0,0,0,0,0,0,0.000274608682627256,0,13.5692238807678
"H22-01782 - 1",1,2,"1/27/2022",19753584,0,"11/11/1971 0:00:00",0,0,50,"Portugal",57,160,22.265625,"ADPKD",4,1,32.37,0,1,2,1.15,77.53388893,1.23,71.5225257,1.41,60.71081192,1.15,77.0531788161621,0.98,92.20504043,7.57593080691895,0,0,0,0,0,0,0,0,0,0.87,92.20504043,"2/5/2025 0:00:00",36,1,1,1,"2/4/2022 0:00:00",0,2,2,1,5,6,15,0,0," ",0,0," ",0,0,0," ",0,0,1,0,1,0,56,1,0,153,74,31.6117732496049,0,0,"Stroke (unspecified)",1,0.8,86.42155879,0,1.09,60,0,0,0,0,2,2,4,3,0,0,8.110896935,0,0,0,1,0,0.199354601,0,32,0,0,1.38656e-07,311558.4688,176734.6473,248.2534595,116.1030033,0,0,0,0,0,1.02042e-05,44720.58408,40884.80868,78.477585,26.72763208,31842.27252,30225.9356,67.39878202,17.11175884,3.11976e-07,0.407546218,0.043199401,0.456337923,0.0415653,0.496472262,0.009945592,0.094665375,-0.372236086,1.15803e-05,0.503527738,2355,72,368508.963,130410.5926,0.348304484,135071.1154,0.349233911,7.482915458,22.15188707,0.391515969,7.482915458,22.15188707,0.391515969,0.521708436,221773.8214,0.521708436,221773.8214,0.642542013,1811085,0.60682394,589351.5,0.456569302,16302.5,0.456569302,16302.5,0.58684757,427245.1429,0.58684757,427245.1429,19.654057820638,419.189557114438,638230.625,2.4411033779271,0.642542013211862,12.7767289967639,325.720422183949,690,194.537914042482,0.0496031741301219,2.3082448164622,0.386394956982993,0.000121216569521364,0.0595238095238095,35.968994140625,6.18843895147467,4.77774429321289,0.00740711294853448,3.65544278868313,168558.866666667,2.00380240732633,0.396298854354867,7.31236279894654e-06,1.52954303787349,3.5,5.50507349342801e-05,0,78.7495906889536,7.88311483621996e-05,0.0163247999151958,0.000126667489691425,0.000700462956555515,0.000362589259706332,0,0.000462569117921117,2.16417078950838e-05,19966.92578125,0,1.83489846628067,653379,2.78736776493455e-05,0.285054443014478,2.5721652351265e-05,77321168,17,832.160383807234,1998.31394919829,2257.91880516801,2.30824479660002,0,68506.6666666667,14893.6573079427,4.77774418067118,0.00198151905981848,0,0,393.44072717916,0,0.000143342170320228,5518.69797719556,9.0743954992448e-06,86.9915473244407,0,0,3629329,2.95074617862701,0,4.56038728067564e-05,285.519406932795,22.7150185616283,0,0,0,0,0,0,2.95163122090426,0.000242952995297172,657.581520319138,0,0,0,0,43.3530210536821,0,5.52603089717288e-05,0,0,0,0,0,0,0.00166538230761303,0,22.7150185324929
"H22-01981 -1",1,2,"2/1/2022",19747818,0,"1/8/1953 0:00:00",0,0,69,"Portugal",84,177,26.81221871,"Chronic glomerulonephritis (IgA)",2,1,60.97,0,1,2,1.39,54.8772161,1.93,37.01187282,1.39,54.8772161,1.41,53.6100101178243,1.11,70.55360911,8.47179949608785,0,0,0,0,0,0,0,0,0,1.27,70.55360911,"2/5/2025 0:00:00",36,1,0,0,"2/14/2022 0:00:00",0,2,2,1,5,0,24,0,0," ",0,0," ",0,0,0," ",0,0,0,0,1,1,73,1,0,158,53,21.2305720237141,0,0,"Stroke (unspecified)",1,0.91,66.61365754,0,1.63,94,1,0,0,0,1,0,1,3,0,0,20.74889303,1,1,0,0,20.74889303,0.002204885,0,54,0,0,2.17142e-07,338277.5185,149920.4123,285.3353687,73.12410547,0,0,0,0,0,1.3881e-05,45384.09111,43720.65764,79.98385954,25.16134955,22887.05385,20312.94824,61.5606253,18.38242745,4.10157e-07,0.566734736,0.073454262,0.629976766,0.01644204,0.339894738,0.010715604,0.116598367,-0.557126943,1.44297e-05,0.660105262,3452,102,341260.0472,80525.96226,0.228715434,87209.75,0.231963436,5.241896945,23.55720529,0.320914207,5.241896945,23.55720529,0.320914207,0.577526738,101327.3333,0.577526738,101327.3333,0.60682394,589351.5,0.642542013,1811085,0.591535282,10368.5,0.591535282,10368.5,0.566319902,174094.4,0.566319902,174094.4,0,0,0,0,0,0,0,0,0,0,0,0,0,0,0,0,0,0,0,0,0,0,0,0,0,0,0,0,0,0,0,0,0,0,0,0,0,0,0,0,0,0,0,0,0,0,0,0,0,0,0,0,0,0,0,0,0,0,0,0,0,0,0,0,0,0,0,0,0,0,0,0,0,0,0,0,0,0,0,0,0,0,0,0,0,0,0,0,0,0,0,0,0,0,0
"H22-03995",1,1,"3/1/2022",20028748,0,"5/23/1996 0:00:00",1,0,25,"Portugal",67,165,24.6097337,"Undetermined",5,2,24.4,0,1,2,0.81,103.2474401,0.77,109.7166263,1.2,64.42342648,0.84,98.2257071938078,1.05,74.22174035,-12.0019834219039,0,1,0,0,0,0,0,0,0,1.04,74.22174035,"2/5/2025 0:00:00",35,1,1,1,"3/8/2022 0:00:00",0,0,1,0,1,0,7,0,0," ",0,0," ",0,0,0," ",0,0,1,0,2,0,50,0,0,170,65,22.4913494809689,1,0,"Head Thrauma",2,0.5,124.2596887,0,0.93,42,0,0,0,0,2,2,4,3,0,0,28.03887646,1,1,1,1,28.03887646,0.277792077,0,10,0,0,1.11974e-07,348561.95,274872.4712,250.6427292,166.7108944,0,0,0,0,0,7.41268e-06,72940.26133,184957.8614,87.42568064,40.64383175,35880.9841,33429.4053,67.99812702,18.90003621,1.79158e-07,0.300865151,0.039029886,0.540682875,0.008552302,0.43587137,0,0.072186282,-0.536796536,8.64256e-06,0.56412863,662,16,435648.75,270284.25,0.613790866,305612.7143,0.58795705,9.939656612,30.35337703,0.29435732,9.939656612,30.35337703,0.29435732,0.373631367,67693.1,0.373631367,67693.1,0.370965033,209635,0.370965033,209635,0.312293574,16441.75,0.312293574,16441.75,0.414523228,101860.6667,0.414523228,101860.6667,3,112.712261067433,318.347320556641,2.35572667129166,0.370965033236674,20.1241378599257,3.16227766016838,15,57,0.0447916636864344,1.01538455486298,0.436302326019751,0.000189632724612152,0.0833333333333333,13.1968994140625,3.73986181350193,4.19741058349609,0.0108108108108108,4.32618592494332,318,3.8721306129943,1.29531568228106,0.000304358682002472,1.23390434324279,1,0.000956921137993075,0,75.2614947119846,0.00014276172630074,0.00540540540540541,0.00273680296100554,0.000319649642071558,0.00711604535654845,0,0.000714845656253127,0.00688690806544104,114144.6171875,0,2.76083757069828,13791,0.00115712699347996,0.66589182748514,0.000162068639100741,1058935.125,64.5,66.7457723375982,850.825178987712,156.494277086845,1.0153846007127,0,19146,6446.4951171875,4.1974105321905,0.000868034017793316,0,0,169.353076179842,0,0.00145484504619805,2068.91291373471,1.65658378648117e-05,34.95725440979,0,0,811954.8125,3.46403002738953,0,6.1763025192562e-05,179.980677899138,6.9479833163156,0,0,0,0,0,0,7.10545887265887,0.000272038731514474,1838.34332521926,0,0,0,0,105.383990128899,0,0.000147935826863339,0,0,0,0,0,0,0.000392760501714659,0,6.94798333304269
"H22-05628",1,2,"3/23/2022",17025316,0,"7/7/1965 0:00:00",1,0,56,"Portugal",73,150,32.44444444,"ADPKD",4,2,31.8,0,1,2,0.98,67.74212081,0.84,81.50700527,1.12,57.71230932,1.54,39.1385027149538,1.12,56.64550199,8.7534996375231,0,0,0,0,0,0,0,0,0,1.05,56.64550199,"2/5/2025 0:00:00",34,0,0,0,"4/1/2022 0:00:00",0,2,2,2,6,6.25,18,0,0," ",0,0," ",0,0,0," ",0,0,1,0,2,1,60,0,0,180,90,27.7777777777778,0,0,"Head Thrauma",2,1.2,69.23112757,0,0.97,47,0,0,0,1,2,2,5,5,0,0,5.525184921,0,0,0,1,0,1.936645421,11.4285714285714,69,7,0.092105263,1.22624e-07,439638.1377,218100.1985,312.6190802,113.9289404,1.24402e-08,143924.5,76544.00484,165.0860142,64.02594951,8.85029e-06,60656.79006,61552.2268,89.02586051,35.63263272,18549.59996,15924.7358,55.87280097,17.39039989,2.64798e-07,0.489190163,0.053910401,0.536830126,0.053960662,0.302171558,0.013953689,0.100423576,-0.031773462,1.05438e-05,0.697828442,4980,149,466298.2692,137263.6,0.307019615,141343.7619,0.294118958,7.047364134,22.24985842,0.360283589,7.047364134,22.24985842,0.360283589,0.488727091,144094.6944,0.488727091,144094.6944,0.48581398,972945,0.48581398,972945,0.412798779,16095.90909,0.412798779,16095.90909,0.608043009,345235.6429,0.608043009,345235.6429,0,0,0,0,0,0,0,0,0,0,0,0,0,0,0,0,0,0,0,0,0,0,0,0,0,0,0,0,0,0,0,0,0,0,0,0,0,0,0,0,0,0,0,0,0,0,0,0,0,0,0,0,0,0,0,0,0,0,0,0,0,0,0,0,0,0,0,0,0,0,0,0,0,0,0,0,0,0,0,0,0,0,0,0,0,0,0,0,0,0,0,0,0,0,0
"H22-08315 - 1",1,2,"5/4/2022",14028897,0,"3/28/1957 0:00:00",0,0,65,"Portugal",89,173,29.73704434,"Hypertensive Nephrosclerosis",3,1,87.73,0,1,2,1.78,41.81285858,2.41,29.06654493,1.37,57.24653194,1.3,60.5871929773098,0,0,0,0,0,0,0,0,0,0,0,0,1.3,0,"2/5/2025 0:00:00",33,1,1,1,"5/12/2022 0:00:00",0,1,2,2,5,0,17,0,0," ",1,6," ",0,1,1,"9/28/2023 0:00:00",1,0,0,0,1,1,65,1,0,165,70,25.7116620752984,0,1,"Head Thrauma",2,0.56,101.2182156,0,1.38,83,0,0,0,1,2,2,5,3,0,0,35.40493096,1,1,1,1,35.40493096,0.403629111,16.2162162162162,62,12,0.162162162,8.53158e-08,419818.1532,181191.2068,316.5428726,81.35414514,1.65127e-08,130202.5,49082.8477,168.4960261,34.4202827,7.04819e-06,69438.79529,80564.09433,92.76139818,37.22615866,60534.59909,96432.4279,75.34156239,30.08484209,2.76588e-07,0.40559924,0.035817138,0.489417766,0.057718794,0.712169015,0.026309238,0.073183159,-0.227429304,7.3754e-06,0.287830985,5122,201,419818.1532,161884.371,0.392340716,163069.05,0.393417766,7.636996229,33.16857648,0.282412667,7.636996229,33.16857648,0.282412667,0.466594572,488085.9286,0.466594572,488085.9286,0.589897743,6391430,0.589897743,6391430,0.46930828,14056.95,0.46930828,14056.95,0.459810302,1673158.375,0.459810302,1673158.375,0,0,0,0,0,0,0,0,0,0,0,0,0,0,0,0,0,0,0,0,0,0,0,0,0,0,0,0,0,0,0,0,0,0,0,0,0,0,0,0,0,0,0,0,0,0,0,0,0,0,0,0,0,0,0,0,0,0,0,0,0,0,0,0,0,0,0,0,0,0,0,0,0,0,0,0,0,0,0,0,0,0,0,0,0,0,0,0,0,0,0,0,0,0,0
"H22-08315 - 2",1,2,"5/4/2022",19302739,0,"11/29/1951 0:00:00",0,0,70,"Portugal",72,174,23.78121284,"Chronic glomerulonephritis (IgA)",2,1,64.1,0,1,2,1.48,50.58185659,1.36,55.98376915,1.28,60.20836874,1.32,57.6659032963116,1.35,55.43770963,-1.1140968331558,0,0,0,0,0,0,0,0,0,1.2,55.43770963,"2/5/2025 0:00:00",33,1,1,0,"5/27/2022 0:00:00",0,2,2,0,4,6,18,0,0," ",0,0," ",0,0,0," ",0,0,0,0,2,1,65,1,0,165,70,25.7116620752984,0,1,"Head Thrauma",2,0.56,101.2182156,0,1.38,83,0,0,0,1,1,2,4,3,0,0,21.9225,1,1,0,0,21.9225,0.076145337,12.8205128205128,110,9,0.075630252,1.60586e-07,283538.8409,276097.5121,202.3754727,153.1567375,1.31389e-08,155705.7778,59665.68794,193.6080498,42.84118924,6.60301e-06,75039.79836,81563.66199,90.83599727,37.40281265,85439.8235,119777.3659,77.56039541,37.42446409,2.64237e-07,0.506627688,0.045532409,0.495488553,0.026540375,0.239506121,0.018065522,0.091893967,0.003041994,5.52702e-06,0.760493879,4523,181,419875.1781,113677.5342,0.269303724,125404.8308,0.267891798,6.375502921,30.8868537,0.299397548,6.375502921,30.8868537,0.299397548,0.415069647,82750.58333,0.415069647,82750.58333,0.547504774,458273,0.547504774,458273,0.384718924,15708.75,0.384718924,15708.75,0.453008051,166552.875,0.453008051,166552.875,0,0,0,0,0,0,0,0,0,0,0,0,0,0,0,0,0,0,0,0,0,0,0,0,0,0,0,0,0,0,0,0,0,0,0,0,0,0,0,0,0,0,0,0,0,0,0,0,0,0,0,0,0,0,0,0,0,0,0,0,0,0,0,0,0,0,0,0,0,0,0,0,0,0,0,0,0,0,0,0,0,0,0,0,0,0,0,0,0,0,0,0,0,0,0
"H22-11514 - 2",1,2,"6/22/2022",6004348,0,"8/28/1978 0:00:00",1,0,43,"Portugal",53,161,20.44674202,"Lupus",2,1,70.7,0,1,2,0.79,95.12412369,0.79,95.12412369,0.85,87.12453389,0.91,79.7797186017522,0.95,74.8293253,-2.4751966508761,0,0,0,0,0,0,0,0,0,0.83,74.8293253,"2/5/2025 0:00:00",32,1,1,1,"7/8/2022 0:00:00",0,0,0,0,0,14,17,0,0," ",0,0," ",0,0,0," ",0,0,1,0,2,0,41,0,0,170,80,27.681660899654,1,1,"Anoxia",5,0.96,101.8386339,0,1.1,62,0,0,0,1,1,2,4,4,0,0,10.03127438,0,0,0,0,10.03127438,0.546324991,7.89473684210526,70,5,0.066666667,1.24103e-07,570139.3071,244606.914,355.1083922,111.2904876,8.8645e-09,193899.7,55849.31745,214.6648296,37.38196004,1.2233e-05,39168.1163,33609.54802,77.32157941,26.45954849,33958.71053,47752.71803,65.75914177,22.12124113,3.43942e-07,0.39009449,0.070755966,0.479143741,0.04599502,0.722029176,0,0.147671691,-0.265896932,1.24081e-05,0.277970824,6900,194,578401.1087,219482.7101,0.376975301,225412.4627,0.367399172,8.294711853,27.85096317,0.303214094,8.294711853,27.85096317,0.303214094,0.433103065,305776.9737,0.433103065,305776.9737,0.626170846,2628740.5,0.626170846,2628740.5,0.276057958,14944.4,0.276057958,14944.4,0.607597629,628924.2778,0.607597629,628924.2778,0,0,0,0,0,0,0,0,0,0,0,0,0,0,0,0,0,0,0,0,0,0,0,0,0,0,0,0,0,0,0,0,0,0,0,0,0,0,0,0,0,0,0,0,0,0,0,0,0,0,0,0,0,0,0,0,0,0,0,0,0,0,0,0,0,0,0,0,0,0,0,0,0,0,0,0,0,0,0,0,0,0,0,0,0,0,0,0,0,0,0,0,0,0,0
"H22-12296 - 1",1,2,"7/5/2022",21010063,0,"3/5/1960 0:00:00",0,0,62,"Portugal",78,172,26.36560303,"Chronic glomerulonephritis (FSGS)",2,1,22.03,0,1,2,1.07,78.46145399,1.37,58.32465849,1.18,69.76835388,1.03,81.6227472013853,0.92,92.3141913,5.34572204930735,0,0,0,0,0,0,0,0,0,1.08,92.3141913,"2/5/2025 0:00:00",31,1,1,1,"7/12/2022 0:00:00",0,1,1,0,2,0,19,0,0," ",0,0," ",0,0,0," ",0,0,0,0,1,1,75,0,0,170,90,31.1418685121107,1,0,"Stroke (unspecified)",1,0.61,100.1669391,0,1.38,83,0,0,0,1,2,2,5,5,0,0,6.142382157,0,0,0,1,0,0.775050864,1.92307692307692,103,2,0.019047619,1.697e-07,362605.7961,188395.5134,283.2199354,98.83433343,3.29514e-09,140200.5,5245,187.5976033,0.373139095,1.14325e-05,36779.22669,44122.96443,73.73761416,24.62173607,16358.24191,17124.15098,52.4484374,16.4267969,3.06448e-07,0.435191448,0.061534104,0.420478112,0.067779657,0.33602958,0.009469244,0.146343179,-0.372968404,1.38705e-05,0.66397042,6939,186,380558.1582,168167.6327,0.43993631,175782.8172,0.438797003,7.13292306,25.84422988,0.207853875,7.299003583,26.8934831,0.196894569,0.388748595,491166.7895,0.388748595,491166.7895,0.52354239,8073510.5,0.52354239,8073510.5,0.338302384,16619.89286,0.338302384,16619.89286,0.529997988,1819898.1,0.529997988,1819898.1,0,0,0,0,0,0,0,0,0,0,0,0,0,0,0,0,0,0,0,0,0,0,0,0,0,0,0,0,0,0,0,0,0,0,0,0,0,0,0,0,0,0,0,0,0,0,0,0,0,0,0,0,0,0,0,0,0,0,0,0,0,0,0,0,0,0,0,0,0,0,0,0,0,0,0,0,0,0,0,0,0,0,0,0,0,0,0,0,0,0,0,0,0,0,0
"H22-15750 - 1",1,2,"8/30/2022",14022977,0,"9/18/1962 0:00:00",0,0,59,"Portugal",77,172,26.02758248,"ADPKD",4,2,25.47,0,1,2,1.18,71.08230447,1.19,70.36611183,1,86.70016178,1,86.162620779669,1.01,84.08746048,-1.0375801498345,0,0,0,0,0,0,0,0,0,0.98,84.08746048,"2/5/2025 0:00:00",29,1,1,1,"9/16/2022 0:00:00",0,0,2,2,4,2,24,0,0," ",0,0," ",0,0,0," ",0,0,0,0,1,1,60,0,0,170,80,27.681660899654,0,0,"Stroke (unspecified)",1,0.7,105.4847113,0,0.99,50,0,0,0,1,1,2,4,1,0,0,9.859261374,0,0,0,0,0,0.267550494,10,17,2,0.105263158,1.10355e-07,275743.9412,133401.2659,239.4739984,79.75531315,1.29829e-08,107895.25,25355.25,149.5881895,20.58818954,8.93224e-06,42434.10429,38410.53176,76.14870675,27.79027897,21483.43762,21542.62249,56.00775713,15.63703915,3.31064e-07,0.443875104,0.030429652,0.379031722,0.058493603,0.365383641,0.011973906,0.0802826,-0.214968717,1.20174e-05,0.634616359,1376,51,292461.9375,103093.4375,0.363514064,107822.6667,0.352681566,7.191311625,27.19893605,0.328500526,7.191311625,27.19893605,0.328500526,0.477561904,29182.25,0.477561904,29182.25,0.55372705,72805,0.55372705,72805,0.482118816,16732.11111,0.482118816,16732.11111,0.463891168,66532.66667,0.463891168,66532.66667,0,0,0,0,0,0,0,0,0,0,0,0,0,0,0,0,0,0,0,0,0,0,0,0,0,0,0,0,0,0,0,0,0,0,0,0,0,0,0,0,0,0,0,0,0,0,0,0,0,0,0,0,0,0,0,0,0,0,0,0,0,0,0,0,0,0,0,0,0,0,0,0,0,0,0,0,0,0,0,0,0,0,0,0,0,0,0,0,0,0,0,0,0,0,0
"H22-15750 - 2",1,2,"8/30/2022",19692052,0,"1/4/1985 0:00:00",0,2,37,"Bangladesh",65,170,22.49134948,"atipical HUS",4,1,89.97,0,3,1,0.99,100.618964,1.12,86.77216785,1.04,94.84229788,0.96,103.756565528121,0.83,113.4665094,4.8549719359395,0,0,0,0,0,0,0,0,0,0.91,113.4665094,"2/5/2025 0:00:00",29,1,1,1,"9/6/2022 0:00:00",0,1,2,2,5,6.38,26,0,0," ",0,0," ",0,0,0," ",0,0,0,0,2,1,60,0,0,170,80,27.681660899654,0,0,"Stroke (unspecified)",1,0.7,105.4847113,0,0.99,50,0,0,0,1,1,2,4,2,0,0,14.2896,0,0,0,0,14.2896,0.10282866,3.7037037037037,110,4,0.035087719,2.23037e-07,360485.5318,188552.0058,287.7551484,105.0756094,8.11043e-09,136453.125,43696.17146,190.3605725,28.58500381,1.10119e-05,41706.75161,40170.09148,78.32705077,27.75092714,29328.50784,30943.08654,60.26392271,16.22503555,2.71699e-07,0.486374171,0.080401527,0.459271971,0.023426155,0.471475342,0.01355602,0.175062996,0.09015416,1.20789e-05,0.528524658,5431,134,367138.0417,128852.8796,0.345894287,139621.2323,0.345813354,6.414629567,25.30783108,0.340431692,6.414629567,25.30783108,0.340431692,0.473289175,140350.6765,0.473289175,140350.6765,0.791666291,800755.5,0.791666291,800755.5,0.365091921,12726.54167,0.365091921,12726.54167,0.732962582,446648.6,0.732962582,446648.6,0,0,0,0,0,0,0,0,0,0,0,0,0,0,0,0,0,0,0,0,0,0,0,0,0,0,0,0,0,0,0,0,0,0,0,0,0,0,0,0,0,0,0,0,0,0,0,0,0,0,0,0,0,0,0,0,0,0,0,0,0,0,0,0,0,0,0,0,0,0,0,0,0,0,0,0,0,0,0,0,0,0,0,0,0,0,0,0,0,0,0,0,0,0,0
"H22-15991 - 1",1,2,"9/3/2022",19072146,0,"6/21/1957 0:00:00",1,0,65,"Portugal",81,169,28.36035153,"Diabetic nephropathy",1,1,50.07,0,1,2,2.17,24.67569144,1.99,27.37772267,1.42,41.04639293,1.6,35.3489098434572,1.69,32.69293742,-1.3279862117286,0,0,0,0,0,0,0,0,0,1.29,32.69293742,"2/5/2025 0:00:00",29,0,0,0,"9/20/2022 0:00:00",0,1,0,1,2,36,18,0,0," ",0,0," ",0,0,0," ",0,0,0,0,1,1,74,0,0,175,85,27.7551020408163,1,0,"Stroke (unspecified)",1,0.85,91.18229207,0,1.39,84,0,0,0,1,2,2,5,4,0,0,33.3596,1,1,1,1,33.3596,0.973908728,10.7142857142857,53,8,0.131147541,1.19366e-07,360721.8962,156745.7168,293.2199728,83.56282463,1.80175e-08,74076.125,38059.12494,133.3156506,51.95250037,1.07835e-05,43687.80472,39129.28527,80.93376473,26.04068607,24016.6394,33850.55613,57.88105446,16.13571679,3.13054e-07,0.35939981,0.04305796,0.47110687,0.037328369,0.355850034,0.031673529,0.091397436,-0.448388419,1.22758e-05,0.644149966,4788,139,367249.9135,167106.3846,0.459515474,173171,0.439612181,6.994852046,23.62277427,0.26900458,6.994852046,23.62277427,0.26900458,0.408373927,363534.9474,0.408373927,363534.9474,0.57405512,5234570.5,0.57405512,5234570.5,0.346231544,15891.70833,0.346231544,15891.70833,0.514903727,959494.7857,0.514903727,959494.7857,0,0,0,0,0,0,0,0,0,0,0,0,0,0,0,0,0,0,0,0,0,0,0,0,0,0,0,0,0,0,0,0,0,0,0,0,0,0,0,0,0,0,0,0,0,0,0,0,0,0,0,0,0,0,0,0,0,0,0,0,0,0,0,0,0,0,0,0,0,0,0,0,0,0,0,0,0,0,0,0,0,0,0,0,0,0,0,0,0,0,0,0,0,0,0
"H22-15991 - 2",1,2,"9/2/2022",19042317,0,"4/22/1958 0:00:00",1,0,64,"Portugal",64,162,24.38652644,"ADPKD",4,1,60.73,0,1,2,1.4,42.01151821,1.06,58.66174542,0.95,66.90424787,0.83,78.1856949402795,0.74,88.62187467,5.21808986486025,0,0,0,0,0,0,0,0,0,0.7,88.62187467,"2/5/2025 0:00:00",29,1,1,1,"9/16/2022 0:00:00",0,1,1,2,4,8,15,0,0," ",0,0," ",0,0,0," ",0,0,0,0,2,1,74,0,0,175,85,27.7551020408163,1,0,"Stroke (unspecified)",1,0.85,91.18229207,0,1.39,84,0,0,0,1,2,2,5,4,0,0,44.839,1,1,1,1,44.839,2.101312737,13.1578947368421,67,10,0.12987013,2.21539e-07,309987.0672,154360.4484,255.1945091,88.03290517,3.30655e-08,110859.55,31128.04088,165.9399911,29.68197003,1.27137e-05,37164.06528,28221.72365,77.16917292,24.46804979,27899.65206,41737.84614,56.41207037,18.85640738,4.86062e-07,0.40972826,0.068674096,0.472491644,0.036576971,0.308450048,0.011381865,0.145344573,-0.377394158,1.20745e-05,0.691549952,3845,147,333923.0887,151709.1613,0.430177922,151709.1613,0.430177922,7.731958433,32.12288279,0.153120688,7.731958433,32.12288279,0.153120688,0.344861338,81231.78947,0.344861338,81231.78947,0.181646943,753366.5,0.181646943,753366.5,0.326793673,12684.5,0.326793673,12684.5,0.412615083,338284.125,0.412615083,338284.125,0,0,0,0,0,0,0,0,0,0,0,0,0,0,0,0,0,0,0,0,0,0,0,0,0,0,0,0,0,0,0,0,0,0,0,0,0,0,0,0,0,0,0,0,0,0,0,0,0,0,0,0,0,0,0,0,0,0,0,0,0,0,0,0,0,0,0,0,0,0,0,0,0,0,0,0,0,0,0,0,0,0,0,0,0,0,0,0,0,0,0,0,0,0,0
"H22-17837 - 1",1,2,"9/30/2022",15031765,0,"4/6/1956 0:00:00",1,0,66,"Portugal",65,156,26.70940171,"Chronic glomerulonephritis (unspecified)",2,2,36.83,0,1,2,0.91,69.57774242,0.95,66.07720699,0.99,62.88655011,1.14,52.7634487949557,1.18,49.99868387,-1.38238246247785,0,0,0,0,0,0,0,0,0,1.44,49.99868387,"2/5/2025 0:00:00",28,1,0,0,"10/14/2022 0:00:00",0,1,1,2,4,4.26,18,0,0," ",0,0," ",0,0,0," ",0,0,0,0,1,1,74,0,0,168,81,28.6989795918367,0,0,"Stroke (unspecified)",1,0.5,107.0301365,0,1.2,71,0,0,0,1,2,2,5,4,0,0,8.069799222,0,0,0,1,0,0.270756563,4.65116279069767,84,4,0.045454545,1.22555e-07,397094.2202,204639.0665,300.1590355,100.5225328,5.83593e-09,164181.125,31591.28558,199.5186022,15.37294244,9.7781e-06,48743.68815,49709.75015,79.75770287,25.34093283,34666.37585,41469.18779,61.13259637,16.92864837,3.67664e-07,0.414728897,0.048665704,0.476620771,0.062916944,0.400773964,0.013061842,0.102105713,0.037401779,1.04569e-05,0.599226036,6702,252,406769.2134,121510.9024,0.308512072,128332.9351,0.297574138,6.062120546,31.24331042,0.262681719,6.061644215,31.22439859,0.263153528,0.371697013,33494.80556,0.371697013,33494.80556,0.509592948,157941,0.509592948,157941,0.322491817,9075.227273,0.322491817,9075.227273,0.449019464,71868.42857,0.449019464,71868.42857,0,0,0,0,0,0,0,0,0,0,0,0,0,0,0,0,0,0,0,0,0,0,0,0,0,0,0,0,0,0,0,0,0,0,0,0,0,0,0,0,0,0,0,0,0,0,0,0,0,0,0,0,0,0,0,0,0,0,0,0,0,0,0,0,0,0,0,0,0,0,0,0,0,0,0,0,0,0,0,0,0,0,0,0,0,0,0,0,0,0,0,0,0,0,0
"H22-17837 - 2",1,2,"9/30/2022",97008060,0,"10/6/1954 0:00:00",0,0,67,"Portugal",61,162,23.24340802,"Other",6,1,24.97,0,1,2,0.99,83.49291303,0.88,94.24716747,0.75,98.9084901,0.88,93.6628350343408,0.67,100.4441066,3.3906357828296,0,0,0,0,0,0,0,0,0,0.6,100.4441066,"2/5/2025 0:00:00",28,1,1,1,"10/7/2022 0:00:00",0,1,1,1,3,2.04,22,0,0," ",0,0," ",0,0,0," ",0,0,0,0,2,1,74,0,0,168,81,28.6989795918367,0,0,"Stroke (unspecified)",1,0.5,107.0301365,0,1.2,71,0,0,0,1,2,2,5,4,0,0,43.13689842,1,1,1,1,43.13689842,0.376181439,5,122,10,0.075757576,1.48738e-07,400502.7254,197659.1943,304.620209,103.8576994,1.21917e-08,76385.3,51623.24105,131.9784957,68.50822336,1.06897e-05,46010.06723,43105.56005,83.87295796,25.23817763,26517.00161,24536.39561,64.06758275,15.67714889,2.96258e-07,0.419012635,0.059570111,0.491831697,0.045226887,0.432420049,0.01861559,0.121118894,0.108825785,1.18765e-05,0.567579951,8768,243,427632.4825,123533.0263,0.280785933,132068.8447,0.291851216,5.730889632,28.08813084,0.26624915,5.788016382,28.91459076,0.258631496,0.429717902,1251989.938,0.429717902,1251989.938,0.473295963,7657531.5,0.473295963,7657531.5,0.425799386,19239,0.425799386,19239,0.431024073,1662906.917,0.431024073,1662906.917,0,0,0,0,0,0,0,0,0,0,0,0,0,0,0,0,0,0,0,0,0,0,0,0,0,0,0,0,0,0,0,0,0,0,0,0,0,0,0,0,0,0,0,0,0,0,0,0,0,0,0,0,0,0,0,0,0,0,0,0,0,0,0,0,0,0,0,0,0,0,0,0,0,0,0,0,0,0,0,0,0,0,0,0,0,0,0,0,0,0,0,0,0,0,0
"H22-19768 - 1",1,2,"10/27/2022",18012841,0,"11/30/1969 0:00:00",0,0,52,"Portugal",71,165,26.07897153,"Diabetic nephropathy",1,1,52.23,0,3,1,2.06,38.04401082,1.34,63.73840669,1.67,48.94036405,1.5,55.3243655922698,1.43,57.865631,1.2706327038651,0,0,0,0,0,0,0,0,0,1.39,57.865631,"2/5/2025 0:00:00",27,1,1,0,"11/25/2022 0:00:00",0,2,1,1,4,2.13,14,1,0," ",0,0," ",0,0,0," ",0,0,0,0,1,1,76,0,0,165,100,36.7309458218549,1,1,"Stroke (unspecified)",1,0.7,95.49340897,0,1.9,99,1,0,0,1,3,2,6,5,0,0,59.7912,1,1,1,1,59.7912,0.102996562,4.76190476190476,125,6,0.045801527,1.96431e-07,527774.312,263945.0199,343.904048,124.5368612,9.42867e-09,180763.8333,109168.5237,169.2759288,79.20854295,1.06167e-05,52684.65534,48799.85665,88.67513135,31.34288118,16486.5,0,68.46897107,0,4.65148e-07,0.437934908,0.103671018,0.559336145,0.031815573,0.258587427,0,0.185346537,-0.226411715,1.0823e-05,0.741412573,6756,296,583602.6429,94593.94643,0.164200009,101976.5743,0.170607896,5.249203405,33.66226138,0.187173795,5.249203405,33.66226138,0.187173795,0.536605636,177236.5161,0.536605636,177236.5161,0.880649153,2537692,0.880649153,2537692,0.516335585,18869.04167,0.516335585,18869.04167,0.549407773,277258.0789,0.549407773,277258.0789,0,0,0,0,0,0,0,0,0,0,0,0,0,0,0,0,0,0,0,0,0,0,0,0,0,0,0,0,0,0,0,0,0,0,0,0,0,0,0,0,0,0,0,0,0,0,0,0,0,0,0,0,0,0,0,0,0,0,0,0,0,0,0,0,0,0,0,0,0,0,0,0,0,0,0,0,0,0,0,0,0,0,0,0,0,0,0,0,0,0,0,0,0,0,0
"H22-19768 - 2",1,2,"10/27/2022",20045515,0,"9/6/1954 0:00:00",0,0,68,"Portugal",85,170,29.41176471,"Chronic glomerulonephritis (unspecified)",2,2,28.4,0,1,2,8.36,6.413030518,3.47,18.42109617,2.68,25.11591975,2.98,21.9760844371814,2.99,21.61734685,-0.179368793590699,1,1,0,0,0,1,1,0,0,2.44,21.61734685,"2/5/2025 0:00:00",27,0,0,0,"12/9/2022 0:00:00",0,1,1,2,4,0,19,1,0," ",0,0," ",0,0,0," ",0,0,0,0,2,1,76,0,0,165,100,36.7309458218549,1,1,"Stroke (unspecified)",1,0.7,95.49340897,0,1.9,99,1,0,0,0,3,2,5,4,0,0,81.22915609,1,1,1,1,0,0.018305018,0,110,0,0,1.54155e-07,514088.85,261775.9949,338.3339363,109.0915474,0,0,0,0,0,1.00187e-05,54144.18604,55312.61126,90.25415984,32.24706871,16947.7879,10250.5065,61.21904716,16.84876066,3.32133e-07,0.444563891,0.07924925,0.542452126,0.035633045,0.496072771,0.009252293,0.146094459,-0.359931014,1.06949e-05,0.503927229,7149,237,523569.9444,132720.8148,0.260864572,137510.8558,0.264446926,5.786862126,36.90210536,0.175805866,5.786862126,36.90210536,0.175805866,0.466846052,202245.62,0.466846052,202245.62,0.503735067,2080857.5,0.503735067,2080857.5,0.392906512,25389.5,0.392906512,25389.5,0.49019538,258094.9211,0.49019538,258094.9211,0,0,0,0,0,0,0,0,0,0,0,0,0,0,0,0,0,0,0,0,0,0,0,0,0,0,0,0,0,0,0,0,0,0,0,0,0,0,0,0,0,0,0,0,0,0,0,0,0,0,0,0,0,0,0,0,0,0,0,0,0,0,0,0,0,0,0,0,0,0,0,0,0,0,0,0,0,0,0,0,0,0,0,0,0,0,0,0,0,0,0,0,0,0,0
"H22-20281 - 2",1,2,"11/4/2022",19007473,0,"3/14/1965 0:00:00",1,0,57,"Portugal",51.3,160,20.0390625,"Undetermined",5,2,41.87,0,1,2,0.88,76.60372097,1.05,61.97291343,0.86,78.74644029,0.84,80.499451529777,0.7,98.94831466,9.22443156511149,0,0,0,0,0,0,0,0,0,0.71,98.94831466,"2/5/2025 0:00:00",27,1,1,1,"11/15/2022 0:00:00",0,0,0,0,0,0,22,0,0," ",0,0," ",0,0,0," ",0,0,0,0,2,0,43,0,0,172,63,21.295294753921,0,0,"Head Thrauma",2,0.75,114.8306318,0,0.82,29,0,0,0,0,2,2,4,3,0,0,9.137863306,0,0,0,1,0,0.554741766,0,46,0,0,1.0824e-07,464736.2174,289720.387,319.5963238,123.3272188,0,0,0,0,0,6.66855e-06,79728.6265,82343.13231,103.9856491,39.28930149,0,0,0,0,2.30599e-07,0.413668241,0.050303262,0.531674621,0.039904239,0,0,0.094612871,-0.016096451,6.77679e-06,0,2834,98,504308.2857,120274.2857,0.251735181,125309.475,0.254929402,5.69426625,39.09451075,0.174384933,5.69426625,39.09451075,0.174384933,0.468303016,195807.1364,0.468303016,195807.1364,0.587847235,1025308.5,0.587847235,1025308.5,0.43789381,21467.25,0.43789381,21467.25,0.504794062,405015,0.504794062,405015,0,0,0,0,0,0,0,0,0,0,0,0,0,0,0,0,0,0,0,0,0,0,0,0,0,0,0,0,0,0,0,0,0,0,0,0,0,0,0,0,0,0,0,0,0,0,0,0,0,0,0,0,0,0,0,0,0,0,0,0,0,0,0,0,0,0,0,0,0,0,0,0,0,0,0,0,0,0,0,0,0,0,0,0,0,0,0,0,0,0,0,0,0,0,0
"H22-20323 - 1",1,2,"11/6/2022",5011847,0,"3/3/1958 0:00:00",0,0,64,"Portugal",95,178,29.98358793,"Diabetic nephropathy",1,2,24.17,0,1,2,0.88,96.02212868,2.39,29.5418296,1.17,69.61323812,1.35,58.2657498719751,1.35,57.54549431,-0.36012778098755,0,0,0,0,0,0,0,0,0,1.32,57.54549431,"2/5/2025 0:00:00",27,1,1,0,"11/14/2022 0:00:00",0,1,2,2,5,0,12,0,0," ",0,0," ",0,0,0," ",0,0,0,0,1,1,61,0,0,169,71,24.8590735618501,1,0,"Head Thrauma",2,0.6,109.8263225,0,1.09,60,0,0,0,0,1,2,3,3,0,0,5.288717648,0,0,0,0,0,0.065643059,0,100,1,0.00990099,1.48387e-07,424151.32,219973.758,308.9030604,102.2748712,1.48387e-09,241075.5,0,232.4069706,0,1.02372e-05,55181.94282,66385.44026,84.23357816,30.37701219,37212.7,87232.25176,52.89112356,22.57275013,1.67677e-07,0.460887067,0.062938406,0.564908423,0.023265339,0.528252661,0,0.111413468,-0.392429538,1.04226e-05,0.471747339,6899,113,440907.4635,113947.5104,0.251700907,118949.1758,0.256097638,6.467513194,19.01292242,0.291933086,6.467513194,19.01292242,0.291933086,0.448259142,68303.92857,0.448259142,68303.92857,0.498872852,338915.5,0.498872852,338915.5,0.436089827,17605.7,0.436089827,17605.7,0.478682431,195049.5,0.478682431,195049.5,0,0,0,0,0,0,0,0,0,0,0,0,0,0,0,0,0,0,0,0,0,0,0,0,0,0,0,0,0,0,0,0,0,0,0,0,0,0,0,0,0,0,0,0,0,0,0,0,0,0,0,0,0,0,0,0,0,0,0,0,0,0,0,0,0,0,0,0,0,0,0,0,0,0,0,0,0,0,0,0,0,0,0,0,0,0,0,0,0,0,0,0,0,0,0
"H22-20323 - 2",1,2,"11/6/2022",19061301,0,"4/29/1960 0:00:00",1,0,62,"Portugal",56,154,23.61275089,"ADPKD",4,1,25.27,0,1,2,0.61,101.0207349,0.65,99.48621196,0.72,94.47677033,0.69,97.4566268216216,0.56,101.2182156,1.8807943891892,0,0,0,0,0,0,0,0,0,0.66,101.2182156,"2/5/2025 0:00:00",27,1,1,1,"11/14/2022 0:00:00",0,1,2,1,4,0,13,0,0," ",0,0," ",0,0,0," ",0,0,0,0,2,1,61,0,0,169,71,24.8590735618501,1,0,"Head Thrauma",2,0.6,109.8263225,0,1.09,60,0,0,0,1,1,2,4,3,0,0,24.1074,1,1,0,0,24.1074,0.417285862,4.76190476190476,84,5,0.056179775,1.0017e-07,429046.0952,259578.5777,298.1610674,130.4040033,5.96253e-09,155151.8,85280.49887,182.1658892,43.01149632,9.54124e-06,57068.78465,72504.36675,85.24749177,31.95829453,24358.06579,26878.01414,61.35791283,23.11535155,1.87223e-07,0.502226182,0.042977742,0.544506721,0.017876403,0.448595741,0.015042543,0.078929681,-0.475576459,1.09888e-05,0.551404259,8001,157,473421.5789,152582.0658,0.315299737,157794.2329,0.316799306,7.021476032,21.60880667,0.268369744,7.020671381,21.60532317,0.268491865,0.432068772,104320.2917,0.432068772,104320.2917,0.490043485,538980.5,0.490043485,538980.5,0.409664954,24441,0.409664954,24441,0.454472591,184199.5833,0.454472591,184199.5833,0,0,0,0,0,0,0,0,0,0,0,0,0,0,0,0,0,0,0,0,0,0,0,0,0,0,0,0,0,0,0,0,0,0,0,0,0,0,0,0,0,0,0,0,0,0,0,0,0,0,0,0,0,0,0,0,0,0,0,0,0,0,0,0,0,0,0,0,0,0,0,0,0,0,0,0,0,0,0,0,0,0,0,0,0,0,0,0,0,0,0,0,0,0,0
"H22-21560 - 2",1,2,"11/23/2022",9020992,0,"1/2/1960 0:00:00",0,0,62,"Portugal",72,155,29.96878252,"Chronic glomerulonephritis (FSGS)",2,1,21.87,0,1,2,2.26,31.98797575,2.83,24.42154651,2.61,26.91214266,2.34,30.4899595791719,2.93,22.9917865,-3.74908653958595,1,1,0,0,0,1,1,0,0,2.95,22.9917865,"2/5/2025 0:00:00",26,0,0,0,"12/22/2022 0:00:00",0,2,2,2,6,0,17,1,0," ",0,0," ",0,0,0," ",0,0,0,0,2,1,74,0,0,155,72,29.9687825182102,1,0,"Meningitis",3,0.9,89.62182486,0,1.54,91,1,0,0,0,1,2,3,3,0,0,10.69233996,0,0,0,0,10.69233996,0.307185965,0,38,0,0,1.06682e-07,371917.1842,249589.6647,274.8201947,135.6147506,0,0,0,0,0,6.85575e-06,54147.4998,55909.62123,86.61057389,30.20711968,20531.94608,24843.24237,56.55418468,17.96903242,3.20047e-07,0.459427235,0.039677024,0.371221663,0.043061238,0.282225201,0.01938164,0.106882296,-0.23863378,1.12164e-05,0.717774799,2442,114,439826.8281,211666.8125,0.475268262,224007.5333,0.481529477,7.954324579,33.97534915,0.256491221,7.954324579,33.97534915,0.256491221,0.433419699,42929.75,0.433419699,42929.75,0.344837947,257473.5,0.344837947,257473.5,0.474984742,17299.88889,0.474984742,17299.88889,0.308724571,119819.3333,0.308724571,119819.3333,0,0,0,0,0,0,0,0,0,0,0,0,0,0,0,0,0,0,0,0,0,0,0,0,0,0,0,0,0,0,0,0,0,0,0,0,0,0,0,0,0,0,0,0,0,0,0,0,0,0,0,0,0,0,0,0,0,0,0,0,0,0,0,0,0,0,0,0,0,0,0,0,0,0,0,0,0,0,0,0,0,0,0,0,0,0,0,0,0,0,0,0,0,0,0
"H22-21587",1,2,"11/22/2022",19759661,0,"8/27/1989 0:00:00",0,0,33,"Portugal",75,172,25.35154137,"Alport Syndrome",2,1,51.33,0,3,1,1.13,88.01404339,0.98,104.4178663,1.03,98.36519009,0.91,113.421510528353,0.89,113.8983747,0.238432085823504,0,0,0,0,0,0,0,0,0,0.96,113.8983747,"2/5/2025 0:00:00",26,1,1,1,"11/30/2022 0:00:00",0,1,2,1,4,9,22,0,0," ",0,0," ",0,0,0," ",0,0,1,0,2,0,35,0,0,165,100,36.7309458218549,1,0,"Stroke (unspecified)",1,0.79,118.8094362,0,0.86,34,0,0,0,0,1,2,3,3,0,0,15.10004955,1,0,0,0,15.10004955,5.918214968,0,78,0,0,1.11355e-07,441075.4038,277103.4562,299.0393578,145.2990759,0,0,0,0,0,8.1603e-06,60012.94655,60521.47146,87.50706374,30.83817119,31339.53055,32634.06583,63.88074926,17.5722151,2.25565e-07,0.38535023,0.049115818,0.489723683,0.02428928,0.427565185,0.018506209,0.100292919,0.148169263,9.4156e-06,0.572434815,5716,158,505607.2941,202495.3088,0.407976742,204447.7612,0.403333644,7.04126195,36.41436076,0.193174501,7.04126195,36.41436076,0.193174501,0.482989902,277159.4444,0.482989902,277159.4444,0.45214895,3069990.5,0.45214895,3069990.5,0.383999365,20883.08333,0.383999365,20883.08333,0.532485171,405297.625,0.532485171,405297.625,0,0,0,0,0,0,0,0,0,0,0,0,0,0,0,0,0,0,0,0,0,0,0,0,0,0,0,0,0,0,0,0,0,0,0,0,0,0,0,0,0,0,0,0,0,0,0,0,0,0,0,0,0,0,0,0,0,0,0,0,0,0,0,0,0,0,0,0,0,0,0,0,0,0,0,0,0,0,0,0,0,0,0,0,0,0,0,0,0,0,0,0,0,0,0
"H22-21589",1,2,"11/22/2022",1008830,0,"5/27/1974 0:00:00",0,0,48,"Portugal",68.5,164,25.46847115,"Chronic glomerulonephritis (IgA)",2,2,42.4,1,3,1,1.03,89.60377807,1.29,68.39484017,1.23,72.41772171,1.04,88.021745521072,1.22,71.77879641,-8.121474555536,0,1,0,0,0,0,0,0,0,1.14,71.77879641,"2/5/2025 0:00:00",26,1,1,1,"11/29/2022 0:00:00",0,1,2,2,5,54.17,19,0,0," ",0,0," ",0,0,0," ",0,0,1,0,1,0,35,0,0,165,100,36.7309458218549,1,0,"Stroke (unspecified)",1,0.79,118.8094362,0,0.86,34,0,0,0,0,0,0,0,0,0,0,11.93295167,0,0,0,0,11.93295167,0.0044762,0,43,0,0,1.74306e-07,381874.1512,169555.1019,290.0099771,97.60446611,0,0,0,0,0,1.26878e-05,42251.1107,36728.90125,83.80382191,28.18365616,10616.5,2113.370679,46.67102403,8.6928428,3.85094e-07,0.480077391,0.066562853,0.536075155,0.030164592,0.213889253,0,0.124167018,-0.409100684,1.2868e-05,0.786110747,3130,95,410457.6125,148511.125,0.35863221,151225.1795,0.356191728,5.635348036,23.22390187,0.305938133,5.635348036,23.22390187,0.305938133,0.522671881,147734.6923,0.522671881,147734.6923,0.684122369,1302075,0.684122369,1302075,0.456805728,13783.11111,0.456805728,13783.11111,0.670870725,449125.75,0.670870725,449125.75,0,0,0,0,0,0,0,0,0,0,0,0,0,0,0,0,0,0,0,0,0,0,0,0,0,0,0,0,0,0,0,0,0,0,0,0,0,0,0,0,0,0,0,0,0,0,0,0,0,0,0,0,0,0,0,0,0,0,0,0,0,0,0,0,0,0,0,0,0,0,0,0,0,0,0,0,0,0,0,0,0,0,0,0,0,0,0,0,0,0,0,0,0,0,0
"H22-21858 - 1",1,2,"11/28/2022",20039027,0,"6/14/1956 0:00:00",0,0,66,"Portugal",79,170,27.33564014,"Undetermined",5,1,26.33,0,1,2,2.43,28.60127057,1.9,38.42452731,2.24,31.53662636,1.91,37.9465071276684,1.99,35.67682025,-1.1348434388342,0,0,0,0,0,0,0,0,0,2.1,35.67682025,"2/5/2025 0:00:00",26,0,0,0,"12/9/2022 0:00:00",0,2,2,0,4,7,17,1,0," ",0,0," ",0,0,0," ",0,0,0,0,1,1,69,0,0,170,70,24.2214532871972,0,0,"Head Thrauma",2,0.97,84.50526166,0,1.2,71,0,0,0,1,2,2,5,3,0,0,36.8358,1,1,1,1,36.8358,0.422746881,7.14285714285714,79,5,0.05952381,1.3509e-07,476853.2975,192379.8637,345.0099476,86.84467048,8.55001e-09,85297.9,54695.28976,131.6660297,57.80360392,1.36561e-05,40769.29045,38417.62686,80.7675571,25.41437044,30227.57221,30681.57422,67.24466701,18.74719331,3.4713e-07,0.532115991,0.064418157,0.556748267,0.024296305,0.328305571,0.018655143,0.11570428,0.154778516,1.29551e-05,0.671694429,7986,203,482964.2756,104431.7436,0.215003629,107516.8933,0.214123874,5.677750005,24.22791473,0.349868316,5.691037768,24.08221967,0.353012848,0.39861813,279007.5938,0.39861813,279007.5938,0.427772107,2105886,0.427772107,2105886,0.331912069,21960.07143,0.331912069,21960.07143,0.450500623,478933.4444,0.450500623,478933.4444,0,0,0,0,0,0,0,0,0,0,0,0,0,0,0,0,0,0,0,0,0,0,0,0,0,0,0,0,0,0,0,0,0,0,0,0,0,0,0,0,0,0,0,0,0,0,0,0,0,0,0,0,0,0,0,0,0,0,0,0,0,0,0,0,0,0,0,0,0,0,0,0,0,0,0,0,0,0,0,0,0,0,0,0,0,0,0,0,0,0,0,0,0,0,0
"H22-21858 - 2",1,2,"11/28/2022",20034874,0,"3/1/1967 0:00:00",1,0,55,"Portugal",57.5,160,22.4609375,"ADPKD",4,1,29.1,0,1,2,1.28,49.47423913,1.09,59.99558466,1.4,44.43011574,0.76,91.9080959784134,0.94,70.33550992,-10.7862930292067,0,1,0,0,0,0,0,0,0,0.85,70.33550992,"2/5/2025 0:00:00",26,1,1,1,"12/5/2022 0:00:00",0,2,1,1,4,2.27,21,0,0," ",0,0," ",0,0,0," ",0,0,0,0,2,1,69,0,0,170,70,24.2214532871972,0,0,"Head Thrauma",2,0.97,84.50526166,0,1.2,71,0,0,0,1,2,2,5,4,0,0,15.12620772,1,0,0,1,0,0.544742023,11.1111111111111,53,6,0.101694915,1.32186e-07,390016.9717,206836.0933,291.652849,113.7273825,1.49644e-08,133430.9167,7223.589709,184.1927555,6.784454784,1.13655e-05,53195.62245,55975.39744,86.40186948,28.11158814,29366.46701,33782.28423,64.67866149,22.94256571,4.33968e-07,0.53735541,0.051554627,0.604593118,0.021166188,0.315949689,0.016206232,0.085271608,-0.16234032,1.11125e-05,0.684050311,4557,174,412645.13,112931.06,0.312400465,119151.7447,0.285282848,6.338486192,25.84845211,0.32259333,6.338486192,25.84845211,0.32259333,0.411614278,165493.9286,0.411614278,165493.9286,0.487278084,1095174.5,0.487278084,1095174.5,0.366406186,12807.9,0.366406186,12807.9,0.436729884,250319.5,0.436729884,250319.5,0,0,0,0,0,0,0,0,0,0,0,0,0,0,0,0,0,0,0,0,0,0,0,0,0,0,0,0,0,0,0,0,0,0,0,0,0,0,0,0,0,0,0,0,0,0,0,0,0,0,0,0,0,0,0,0,0,0,0,0,0,0,0,0,0,0,0,0,0,0,0,0,0,0,0,0,0,0,0,0,0,0,0,0,0,0,0,0,0,0,0,0,0,0,0
"H22-22159 - 1",1,2,"12/1/2022",19340835,0,"11/24/1967 0:00:00",1,0,55,"Portugal",62,170,21.4532872,"ADPKD",4,2,22.87,0,1,2,1.59,38.13770352,1.43,43.31395515,1.63,37.01740429,1.32,47.3850520913361,1.43,42.51330022,-2.43587593566805,0,0,0,0,0,0,0,0,0,1.3,42.51330022,"2/5/2025 0:00:00",26,0,0,0,"12/7/2022 0:00:00",0,1,2,0,3,33,11,0,0," ",0,0," ",0,0,0," ",0,0,0,0,1,1,70,1,0,165,63,23.1404958677686,0,0,"Stroke (unspecified)",1,0.57,97.70147335,0,1.3,78,0,0,0,2,1,0,3,4,0,0,7.267948495,0,0,0,0,7.267948495,0.169177325,33.3333333333333,12,0,0,7.48897e-08,407021.9583,123078.1026,326.6404153,55.39138689,0,0,0,0,0,7.7698e-06,69796.70402,81848.30545,89.96740934,32.57394732,32446.36012,45351.90923,64.31982402,19.86011123,1.24816e-07,0.399113885,0.03048174,0.542306655,0.015541791,0.433275527,0.013322167,0.056207571,-0.202933383,1.07582e-05,0.566724473,1245,20,407021.9583,194930.8333,0.493739613,198524.7273,0.512235262,7.732590692,28.80350588,0.251942882,7.732590692,28.80350588,0.251942882,0.36872073,252786.4,0.36872073,252786.4,0.376610981,1181139.5,0.376610981,1181139.5,0.366748167,20698.125,0.366748167,20698.125,0.376610981,1181139.5,0.376610981,1181139.5,0,0,0,0,0,0,0,0,0,0,0,0,0,0,0,0,0,0,0,0,0,0,0,0,0,0,0,0,0,0,0,0,0,0,0,0,0,0,0,0,0,0,0,0,0,0,0,0,0,0,0,0,0,0,0,0,0,0,0,0,0,0,0,0,0,0,0,0,0,0,0,0,0,0,0,0,0,0,0,0,0,0,0,0,0,0,0,0,0,0,0,0,0,0,0
"H22-22159 - 2",1,2,"12/1/2022",21023646,0,"6/25/1956 0:00:00",0,0,66,"Portugal",74,167,26.53375883,"Diabetic nephropathy",1,2,26,0,1,2,1.41,54.96040439,1.8,41.00018805,1.43,54.03928694,1.79,41.0192967104176,1.42,53.48891872,6.2348110047912,0,0,0,0,0,0,0,0,0,1.63,53.48891872,"2/5/2025 0:00:00",26,0,0,0,"12/8/2022 0:00:00",0,2,2,0,4,18,15,0,0," ",0,0," ",0,0,0," ",0,0,0,0,2,1,70,1,0,165,63,23.1404958677686,0,0,"Stroke (unspecified)",1,0.57,97.70147335,0,1.3,78,0,0,0,0,2,2,4,3,0,0,27.81367176,1,1,1,1,27.81367176,1.026454531,0,53,0,0,2.51226e-07,325314.4717,148674.6714,281.4310551,77.12300205,0,0,0,0,0,1.21821e-05,39213.35681,34489.80128,77.31273013,24.70774168,38941.82228,42754.63899,63.34715502,18.28598812,2.32265e-07,0.292293725,0.081727399,0.477700361,0.012586703,0.375013492,0.008688519,0.171085069,-0.023322541,1.18421e-05,0.624986508,2570,49,325314.4717,157812.9245,0.480675018,167131.898,0.479264152,7.413850687,29.23390373,0.181571494,7.413850687,29.23390373,0.181571494,0.287986619,85640.1875,0.287986619,85640.1875,0.442664957,309779,0.442664957,309779,0.202039835,14773.625,0.202039835,14773.625,0.373933403,156506.75,0.373933403,156506.75,0,0,0,0,0,0,0,0,0,0,0,0,0,0,0,0,0,0,0,0,0,0,0,0,0,0,0,0,0,0,0,0,0,0,0,0,0,0,0,0,0,0,0,0,0,0,0,0,0,0,0,0,0,0,0,0,0,0,0,0,0,0,0,0,0,0,0,0,0,0,0,0,0,0,0,0,0,0,0,0,0,0,0,0,0,0,0,0,0,0,0,0,0,0,0
"H22-22273",1,2,"12/3/2022",20019160,0,"5/28/1977 0:00:00",0,0,45,"Portugal",80,177,25.53544639,"ADPKD",4,2,22.23,0,1,2,1.51,57.68483801,1.64,52.24219266,1.61,53.41250702,1.4,62.7739364989758,1.42,60.95158142,-0.911177539487902,0,0,0,0,0,0,0,0,0,1.39,60.95158142,"2/5/2025 0:00:00",26,1,1,1,"12/9/2022 0:00:00",0,1,1,2,4,2,13,0,0," ",0,0," ",0,0,0," ",0,0,1,0,1,0,45,1,0,165,75,27.5482093663912,0,0,"Head Thrauma",2,1.04,67.54623648,0,0.86,33,0,0,0,1,1,2,4,4,0,0,18.58578277,1,0,0,0,18.58578277,0.21682725,7.69230769230769,25,1,0.038461538,8.25111e-08,342004.34,123628.0159,288.7354618,59.51565405,3.30044e-09,83184,0,143.8923209,0,9.49538e-06,57706.25287,109503.3142,83.07513204,32.51717039,33755.74196,48574.56407,66.48955314,19.53878505,1.28717e-07,0.484014321,0.028219155,0.547942658,0.016836042,0.414619353,0.005167554,0.051500197,-0.567748354,1.1033e-05,0.585380647,2877,39,342004.34,136048.24,0.411660738,136048.24,0.411660738,8.14657216,21.17983609,0.404215701,8.14657216,21.17983609,0.404215701,0.511905436,145823.4444,0.511905436,145823.4444,0.589181239,646885,0.589181239,646885,0.467248588,19389.21429,0.467248588,19389.21429,0.668204406,588343.25,0.668204406,588343.25,0,0,0,0,0,0,0,0,0,0,0,0,0,0,0,0,0,0,0,0,0,0,0,0,0,0,0,0,0,0,0,0,0,0,0,0,0,0,0,0,0,0,0,0,0,0,0,0,0,0,0,0,0,0,0,0,0,0,0,0,0,0,0,0,0,0,0,0,0,0,0,0,0,0,0,0,0,0,0,0,0,0,0,0,0,0,0,0,0,0,0,0,0,0,0
"H22-22506 - 2",1,2,"12/4/2022",21020180,0,"10/4/1957 0:00:00",0,0,65,"Portugal",69,172,23.32341806,"ADPKD",4,1,62.1,0,1,2,2.09,34.48564228,1.27,62.69738062,1.38,56.74909743,1.2,66.6953198264752,1.24,63.32931891,-1.6830004582376,0,0,0,0,0,0,0,0,0,1.44,63.32931891,"2/5/2025 0:00:00",26,1,1,1,"12/14/2022 0:00:00",0,1,1,1,3,2.17,16,0,0," ",0,0," ",0,0,0," ",0,0,0,0,2,1,78,1,0,162,70,26.6727632982777,1,1,"Head Thrauma",2,0.64,90.40022653,0,1.96,99,1,0,0,1,1,2,4,1,0,0,24.41684343,1,1,0,0,24.41684343,0.662523462,6.81818181818182,83,6,0.06741573,1.7633e-07,347269.4639,143104.6926,289.6056547,68.17163616,1.27468e-08,47529.33333,13136.18691,112.2936313,17.21841166,1.15039e-05,39584.55078,35527.28431,77.29184848,25.88972069,20105.65611,21094.3239,58.64614285,17.21297996,3.08047e-07,0.428214247,0.061234082,0.455378693,0.056177748,0.344562311,0.004328207,0.134468484,-0.394097764,1.34775e-05,0.655437689,5415,145,347269.4639,135073.0482,0.398535344,144144.2368,0.39584089,6.688960231,23.01460459,0.317780105,6.688960231,23.01460459,0.317780105,0.518073193,193063.2,0.518073193,193063.2,0.588207414,771147,0.588207414,771147,0.30575838,16887,0.30575838,16887,0.659616401,310514,0.659616401,310514,28.0142116546631,139.402470642772,326636.963541667,3.17910514396508,0.657325077210234,1.22457299760175,151.023876313071,35.6666666666667,70.1641880811158,5.17391169536709e-05,2.51737240950267,0.142857142857143,0.000144527289422474,0.000247978192441216,17.3989664713542,677.809264078012,5.1397287050883,2.86233214115344e-05,3.84330931616307,54323,2.38872704951826,0.572832433453214,0.000301027269140684,3.39596008134286,3427864.22395833,0.000980988457882674,0.00195803389355234,827.036756170562,0.000158926659700699,7.8406499170099,0.00297434489744626,0.0004694773844815,0.00819767912725945,0.61020390204202,0.000507322502218892,0.000127170339943732,12656.017578125,1.14527461370553,3.60370570327908,21237.3333333333,0.000929897350179139,0.138122389644646,5.78416816426309e-05,20104088.6666667,9,397.40479469037,987.289549421086,187.815854550371,2.51737239631329,6.08002279709454e-05,67290,17395.1373697917,5.13972866939915,0.00105423257746789,3.16709805072696,2.39691734945024,419.104114495654,14.2953491210938,0.00136714242318632,3020.57261719519,1.83016127392018e-05,80.9864444732666,0.709484426770279,1.47866123124477,1501349.91666667,4.0574290561676,305.496254228999,0.000916920971689508,180.793467980282,22.4526396457394,7070.9580078125,31310,4.439003154864,1.18895176553687,0.000485609504291041,1.12994007690184,2.15770384669304,0.00210877652205089,1871.79859915966,3.41648534154345,259.121652450307,20.1922464370728,0.163064317685873,28.8617393793236,1.08719829716241,3.83556211275271e-05,6,3.54350055707816,158455.953125,38632.5,0.000136738464092301,18900,0.00316503352778726,90577.859375,22.4526395797729
"H22-23447",1,2,"12/20/2022",9106423,0,"5/8/1990 0:00:00",0,0,32,"Portugal",114,192,30.92447917,"Other",6,1,35.23,0,3,1,1.84,49.33620332,1.5,63.04310602,1.53,61.56266273,1.44,65.7977608848814,1.49,62.37643759,-1.7106616474407,0,0,0,0,0,0,0,0,0,1.43,62.37643759,"2/5/2025 0:00:00",26,1,1,1,"12/27/2022 0:00:00",0,2,2,2,6,0,10,0,0," ",0,0," ",0,0,0," ",0,0,1,0,1,0,27,0,0,183,90,26.8744961031981,0,0,"Head Thrauma",2,0.86,121.7093225,0,0.61,3,0,0,0,0,1,0,1,1,0,0,13.0134007,0,0,0,0,13.0134007,0.01458348,0,70,0,0,1.47849e-07,341952.9857,150139.5251,284.9257102,86.90888317,0,0,0,0,0,1.37436e-05,42427.78646,50338.03744,79.86562927,27.07519191,17586.43662,43471.32843,57.44567172,13.72446713,1.81643e-07,0.440682511,0.050557392,0.583111225,0.033060841,0.57306638,0.001115659,0.086702827,-0.610479851,1.42294e-05,0.42693362,6507,86,351976.3382,117459.9265,0.331470928,123025.2969,0.328728025,7.127791355,21.98925186,0.395779591,7.127791355,21.98925186,0.395779591,0.559267775,115531.381,0.559267775,115531.381,0.790336938,569219,0.790336938,569219,0.484800351,7327.769231,0.484800351,7327.769231,0.680277339,291362.25,0.680277339,291362.25,0,0,0,0,0,0,0,0,0,0,0,0,0,0,0,0,0,0,0,0,0,0,0,0,0,0,0,0,0,0,0,0,0,0,0,0,0,0,0,0,0,0,0,0,0,0,0,0,0,0,0,0,0,0,0,0,0,0,0,0,0,0,0,0,0,0,0,0,0,0,0,0,0,0,0,0,0,0,0,0,0,0,0,0,0,0,0,0,0,0,0,0,0,0,0
"H22-23525",1,2,"12/21/2022",20040341,0,"2/1/2000 0:00:00",0,1,22,"Angola",72,180,22.22222222,"Other",6,1,32.5,0,3,1,1.96,48.66871762,2.02,46.93918507,2.17,43.07303838,1.6,61.7038413817542,1.94,48.36064561,-6.6715978858771,0,1,0,0,0,0,0,0,0,1.8,48.36064561,"2/5/2025 0:00:00",26,1,1,1,"12/27/2022 0:00:00",0,2,0,0,2,0,11,0,0," ",0,0," ",0,0,0," ",0,0,1,0,1,0,17,0,0,173,65,21.7180660897457,0,0,"Anoxia",5,1.7,59.5557257,0,0.74,17,0,0,0,0,1,0,1,0,0,0,16.79121949,1,0,0,0,16.79121949,0.70748047,0,24,0,0,1.36997e-07,212781.75,136380.4851,212.7514229,101.4416846,0,0,0,0,0,7.27799e-06,55952.10745,160483.8564,71.48240733,37.08386299,39444.77575,67847.33051,56.44751992,23.75585371,1.5983e-07,0.233981186,0.029150565,0.407218965,0.009697721,0.450400025,0.003456288,0.071584498,-0.434915276,8.17142e-06,0.549599975,1275,28,212781.75,159944.1579,0.669633916,172481.7647,0.611088751,8.591811539,30.62874186,0.149309867,8.591811539,30.62874186,0.149309867,0.366450016,64210.5,0.366450016,64210.5,0.584375603,397416,0.584375603,397416,0.335317789,16609.71429,0.335317789,16609.71429,0.584375603,397416,0.584375603,397416,0,0,0,0,0,0,0,0,0,0,0,0,0,0,0,0,0,0,0,0,0,0,0,0,0,0,0,0,0,0,0,0,0,0,0,0,0,0,0,0,0,0,0,0,0,0,0,0,0,0,0,0,0,0,0,0,0,0,0,0,0,0,0,0,0,0,0,0,0,0,0,0,0,0,0,0,0,0,0,0,0,0,0,0,0,0,0,0,0,0,0,0,0,0,0
"XH13-06026 2",0,0,"5/8/2013",0,0," ",0,0,0," ",0,0,0," ",4,0,0,0,0,0,0,0,0,0,0,0,0,0,0,0,0,0,0,0,0,0,0,0,0,0,0,0," ",0,0,0,0," ",0,0,0,0,0,0,0,0,0," ",0,0," ",0,0,0," ",0,0,0,0,0,1,65,0,0,170,80,27.681660899654,1,0,"Stroke (unspecified)",1,0.9,94.78134145,0,1.43,86,1,0,0,2,3,4,9,9,0,0,89.5899,1,1,1,1,89.5899,10.75833736,24,45,13,0.224137931,1.79744e-07,468130.9556,245063.7919,314.5546058,115.5397959,5.1926e-08,202405.5,110626.9266,208.0232126,93.14977987,1.60052e-05,50781.95208,58304.23768,82.7328323,37.32876148,31230.57541,42275.24577,61.31471613,26.00747467,9.7461e-07,0.839412068,0.084143584,0.81277412,0.201181529,0.341595089,0.019540202,0.103526407,-0.538620998,1.51143e-05,0.658404911,4007,244,525425.9359,88658.05128,0.174123273,136008.7727,0.272386006,5.796473516,15.38723402,0.373010472,5.796473516,15.38723402,0.373010472,0.796834506,120161.8214,0.796834506,120161.8214,0.968513888,654829.5,0.968513888,654829.5,0.688710882,15635.5,0.688710882,15635.5,0.90495813,224688.1429,0.90495813,224688.1429,0,0,0,0,0,0,0,0,0,0,0,0,0,0,0,0,0,0,0,0,0,0,0,0,0,0,0,0,0,0,0,0,0,0,0,0,0,0,0,0,0,0,0,0,0,0,0,0,0,0,0,0,0,0,0,0,0,0,0,0,0,0,0,0,0,0,0,0,0,0,0,0,0,0,0,0,0,0,0,0,0,0,0,0,0,0,0,0,0,0,0,0,0,0,0
"XH14-13191 2",0,0,"10/1/2014",0,0," ",0,0,0," ",0,0,0," ",0,0,0,0,0,0,0,0,0,0,0,0,0,0,0,0,0,0,0,0,0,0,0,0,0,0,0,0," ",0,0,0,0," ",0,0,0,0,0,0,0,0,0," ",0,0," ",0,0,0," ",0,0,0,0,0,1,65,0,0,170,80,27.681660899654,1,0,"Stroke (unspecified)",1,0.9,94.78134145,0,1.43,86,1,0,0,1,3,2,6,5,0,0,8.416163962,0,0,0,1,0,0.581710019,5.88235294117647,16,1,0.058823529,2.52546e-07,492199.625,240486.1396,338.8349607,99.91243381,1.57841e-08,268487.5,0,232.5510697,0,2.66909e-05,50325.89917,48305.87821,80.7742288,29.97286394,35289.92257,42477.65664,61.50072488,18.97778739,1.70469e-06,0.790543332,0.124303011,1.343245942,0.131152214,0.370042973,0.017027264,0.092539279,-0.295243646,2.27777e-05,0.629957027,1691,108,492199.625,48531.5,0.103052072,75254.85714,0.174861419,4.886459666,22.33697564,0.278949581,4.886459666,22.33697564,0.278949581,0.694399958,64105.41667,0.694399958,64105.41667,0.980845428,1035544,0.980845428,1035544,0.637143804,13127.57895,0.637143804,13127.57895,0.911973342,257821.2,0.911973342,257821.2,0,0,0,0,0,0,0,0,0,0,0,0,0,0,0,0,0,0,0,0,0,0,0,0,0,0,0,0,0,0,0,0,0,0,0,0,0,0,0,0,0,0,0,0,0,0,0,0,0,0,0,0,0,0,0,0,0,0,0,0,0,0,0,0,0,0,0,0,0,0,0,0,0,0,0,0,0,0,0,0,0,0,0,0,0,0,0,0,0,0,0,0,0,0,0
"XH16-00908 1",0,0,"1/22/2016",0,0," ",0,0,0," ",0,0,0," ",0,0,0,0,0,0,0,0,0,0,0,0,0,0,0,0,0,0,0,0,0,0,0,0,0,0,0,0," ",0,0,0,0," ",0,0,0,0,0,0,0,0,0," ",0,0," ",0,0,0," ",0,0,0,0,0,1,65,0,0,170,80,27.681660899654,1,0,"Stroke (unspecified)",1,0.9,94.78134145,0,1.43,86,1,0,0,1,1,2,4,6,0,0,14.98746591,0,0,0,0,14.98746591,0.496400228,12.1212121212121,59,7,0.106060606,2.30326e-07,371488.7203,181523.2019,292.1540175,81.87783087,2.73268e-08,98034.85714,39413.26316,140.9483152,36.47309607,1.37883e-05,50516.11283,47283.31148,85.44121358,29.60113833,0,0,0,0,2.6546e-07,0.639853949,0.085563406,0.696531948,0.013211835,0,0,0.122842041,0.175240215,1.4046e-05,0,3532,68,388331.1509,71115.16981,0.187852604,98438.17647,0.233193016,5.411196553,26.756048,0.347815475,5.411196553,26.756048,0.347815475,0.671495355,37330.76087,0.671495355,37330.76087,0.992530156,281102,0.992530156,281102,0.626534118,16677.09375,0.626534118,16677.09375,0.774263895,84539.14286,0.774263895,84539.14286,0,0,0,0,0,0,0,0,0,0,0,0,0,0,0,0,0,0,0,0,0,0,0,0,0,0,0,0,0,0,0,0,0,0,0,0,0,0,0,0,0,0,0,0,0,0,0,0,0,0,0,0,0,0,0,0,0,0,0,0,0,0,0,0,0,0,0,0,0,0,0,0,0,0,0,0,0,0,0,0,0,0,0,0,0,0,0,0,0,0,0,0,0,0,0
"XH17-04464 1",0,0,"3/31/2017",0,0," ",0,0,0," ",0,0,0," ",0,0,0,0,0,0,0,0,0,0,0,0,0,0,0,0,0,0,0,0,0,0,0,0,0,0,0,0," ",0,0,0,0," ",0,0,0,0,0,0,0,0,0," ",0,0," ",0,0,0," ",0,0,0,0,0,1,65,0,0,170,80,27.681660899654,1,0,"Stroke (unspecified)",1,0.9,94.78134145,0,1.43,86,1,0,0,1,2,2,5,6,0,0,41.5741,1,1,1,1,41.5741,6.046343742,2.63157894736842,37,1,0.026315789,2.98644e-07,294465.2027,168530.2924,249.4437382,91.84599241,8.07145e-09,362163,0,278.8207309,0,1.64577e-05,44867.82418,42807.81345,79.86753839,32.08385821,29249.5625,23114.80648,57.88562958,12.26800262,7.50645e-07,0.657070476,0.087940144,0.738420425,0.03459911,0.478559107,0,0.119092242,0.079312544,1.67628e-05,0.521440893,2039,93,314672.4848,70922.42424,0.22439412,102800.3636,0.291496855,5.585358323,22.97775613,0.285296728,5.585358323,22.97775613,0.285296728,0.575880511,58612.97826,0.575880511,58612.97826,0.636077536,362893.5,0.636077536,362893.5,0.548797277,12231.95455,0.548797277,12231.95455,0.60070681,101128.9167,0.60070681,101128.9167,0,0,0,0,0,0,0,0,0,0,0,0,0,0,0,0,0,0,0,0,0,0,0,0,0,0,0,0,0,0,0,0,0,0,0,0,0,0,0,0,0,0,0,0,0,0,0,0,0,0,0,0,0,0,0,0,0,0,0,0,0,0,0,0,0,0,0,0,0,0,0,0,0,0,0,0,0,0,0,0,0,0,0,0,0,0,0,0,0,0,0,0,0,0,0
"XH17-04464 2",0,0,"3/31/2017",0,0," ",0,0,0," ",0,0,0," ",0,0,0,0,0,0,0,0,0,0,0,0,0,0,0,0,0,0,0,0,0,0,0,0,0,0,0,0," ",0,0,0,0," ",0,0,0,0,0,0,0,0,0," ",0,0," ",0,0,0," ",0,0,0,0,0,1,65,0,0,170,80,27.681660899654,1,0,"Stroke (unspecified)",1,0.9,94.78134145,0,1.43,86,1,0,0,1,1,2,4,6,0,0,22.2403,1,1,0,0,22.2403,6.131063013,8,45,4,0.081632653,3.43936e-07,301712.9778,181709.466,255.6823992,95.82657758,3.05721e-08,215050.375,35224.76933,226.5184274,36.06108765,2.02234e-05,41534.37113,42783.84647,76.66468767,30.56606237,19723.98739,17726.28663,54.36525778,16.0245739,1.06238e-06,0.667168682,0.103769916,0.839967418,0.056066175,0.382344322,0.038950159,0.123540406,-0.162171523,2.0309e-05,0.617655678,2646,139,336051.1622,76329.43243,0.215337151,110524.7917,0.282843224,5.592018078,23.59748669,0.265240469,5.592018078,23.59748669,0.265240469,0.485035322,96228.93333,0.485035322,96228.93333,0.536455834,530571.5,0.536455834,530571.5,0.365626787,9247.214286,0.365626787,9247.214286,0.58951779,172337.9375,0.58951779,172337.9375,0,0,0,0,0,0,0,0,0,0,0,0,0,0,0,0,0,0,0,0,0,0,0,0,0,0,0,0,0,0,0,0,0,0,0,0,0,0,0,0,0,0,0,0,0,0,0,0,0,0,0,0,0,0,0,0,0,0,0,0,0,0,0,0,0,0,0,0,0,0,0,0,0,0,0,0,0,0,0,0,0,0,0,0,0,0,0,0,0,0,0,0,0,0,0
"XH17-13729 1",0,0,"10/28/2017",0,0," ",0,0,0," ",0,0,0," ",0,0,0,0,0,0,0,0,0,0,0,0,0,0,0,0,0,0,0,0,0,0,0,0,0,0,0,0," ",0,0,0,0," ",0,0,0,0,0,0,0,0,0," ",0,0," ",0,0,0," ",0,0,0,0,0,1,73,0,0,170,70,24.2214532871972,1,0,"Stroke (unspecified)",1,1.36,54.94891375,0,1.68,95,1,0,0,1,1,2,4,6,0,0,10.5614595,0,0,0,0,10.5614595,4.746998834,13.6363636363636,37,6,0.139534884,4.86059e-07,409955.4595,195835.9336,297.7688467,117.290747,7.88203e-08,265348.8333,152271.0184,238.0642135,73.13865997,3.32228e-05,40703.90826,37419.35733,76.64685246,29.17272813,19656.71832,19977.22128,56.79021963,20.00387271,9.06434e-07,0.778402164,0.199262428,1.352296612,0.024859559,0.286808015,0.011956368,0.147351126,0.008541162,2.15232e-05,0.713191985,2529,69,470893.9828,22679.65517,0.046545511,69172,0.143292029,5.097031916,24.2794984,0.238374169,5.097031916,24.2794984,0.238374169,0.679213665,39390,0.679213665,39390,0.948203534,156232,0.948203534,156232,0.601710423,16273.75,0.601710423,16273.75,0.834220149,85622.5,0.834220149,85622.5,0,0,0,0,0,0,0,0,0,0,0,0,0,0,0,0,0,0,0,0,0,0,0,0,0,0,0,0,0,0,0,0,0,0,0,0,0,0,0,0,0,0,0,0,0,0,0,0,0,0,0,0,0,0,0,0,0,0,0,0,0,0,0,0,0,0,0,0,0,0,0,0,0,0,0,0,0,0,0,0,0,0,0,0,0,0,0,0,0,0,0,0,0,0,0
"XH17-13729 2",0,0,"10/28/2017",0,0," ",0,0,0," ",0,0,0," ",0,0,0,0,0,0,0,0,0,0,0,0,0,0,0,0,0,0,0,0,0,0,0,0,0,0,0,0," ",0,0,0,0," ",0,0,0,0,0,0,0,0,0," ",0,0," ",0,0,0," ",0,0,0,0,0,1,73,0,0,170,70,24.2214532871972,1,0,"Stroke (unspecified)",1,1.36,54.94891375,0,1.68,95,1,0,0,1,1,2,4,6,0,0,11.26347718,0,0,0,0,11.26347718,4.340034322,16.6666666666667,32,7,0.179487179,6.38328e-07,428186.75,309834.5711,293.2128663,155.6870741,1.39634e-07,148253.5,118023.8931,151.5277594,75.87712523,4.30872e-05,40929.43796,38722.38239,76.79255769,29.19055896,16919.83424,13947.78102,54.4346986,18.33760961,2.49347e-06,0.782460197,0.273323723,1.763533273,0.121272454,0.235039609,0.007625273,0.154986428,-0.248510187,2.43943e-05,0.764960391,2160,125,496442.2593,18422.85185,0.036493612,115088,0.255196201,4.894836071,23.44485225,0.249798076,4.894836071,23.44485225,0.249798076,0.690615626,36842.20833,0.690615626,36842.20833,0.82921827,154443.5,0.82921827,154443.5,0.654733572,15625,0.654733572,15625,0.762379734,79276.625,0.762379734,79276.625,0,0,0,0,0,0,0,0,0,0,0,0,0,0,0,0,0,0,0,0,0,0,0,0,0,0,0,0,0,0,0,0,0,0,0,0,0,0,0,0,0,0,0,0,0,0,0,0,0,0,0,0,0,0,0,0,0,0,0,0,0,0,0,0,0,0,0,0,0,0,0,0,0,0,0,0,0,0,0,0,0,0,0,0,0,0,0,0,0,0,0,0,0,0,0
"XH18-04021 1",0,0,"3/11/2018",0,0," ",0,0,0," ",0,0,0," ",0,0,0,0,0,0,0,0,0,0,0,0,0,0,0,0,0,0,0,0,0,0,0,0,0,0,0,0," ",0,0,0,0," ",0,0,0,0,0,0,0,0,0," ",0,0," ",0,0,0," ",0,0,0,0,0,1,76,0,0,170,70,24.2214532871972,1,0,"Stroke (unspecified)",1,0.9,88.5139593,0,1.59,93,1,0,0,0,1,2,3,5,0,0,26.59771566,1,1,1,1,26.59771566,3.084485806,0,14,0,0,1.73074e-07,309270.7143,254872.6656,213.0583607,73.27194411,0,0,0,0,0,1.60093e-05,31315.97722,35312.66253,64.70671177,23.48795272,16337.95805,15899.16679,51.56596658,20.07282395,8.77732e-07,0.578531506,0.053526701,0.501348113,0.100079289,0.228689101,0.020877848,0.106765539,-0.207582147,1.48082e-05,0.771310899,1295,71,309270.7143,116698.6429,0.279404226,158276.3,0.368256085,7.142825398,35.04212628,0.119673385,7.142825398,35.04212628,0.119673385,0.297586038,24219.77273,0.297586038,24219.77273,0.305443925,108154.5,0.305443925,108154.5,0.304155973,13045,0.304155973,13045,0.268021329,74506.25,0.268021329,74506.25,0,0,0,0,0,0,0,0,0,0,0,0,0,0,0,0,0,0,0,0,0,0,0,0,0,0,0,0,0,0,0,0,0,0,0,0,0,0,0,0,0,0,0,0,0,0,0,0,0,0,0,0,0,0,0,0,0,0,0,0,0,0,0,0,0,0,0,0,0,0,0,0,0,0,0,0,0,0,0,0,0,0,0,0,0,0,0,0,0,0,0,0,0,0,0
"XH18-05254 1",0,0,"4/2/2018",0,0," ",0,0,0," ",0,0,0," ",0,0,0,0,0,0,0,0,0,0,0,0,0,0,0,0,0,0,0,0,0,0,0,0,0,0,0,0," ",0,0,0,0," ",0,0,0,0,0,0,0,0,0," ",0,0," ",0,0,0," ",0,0,0,0,0,1,66,0,0,170,70,24.2214532871972,1,0,"Stroke (unspecified)",1,0.9,94.19369713,0,1.36,82,0,0,0,1,3,2,6,4,0,0,58.18872781,1,1,1,1,58.18872781,0.685551414,3.57142857142857,53,2,0.036363636,2.11352e-07,383683.2642,184611.4755,290.5652325,98.99655217,7.97554e-09,241328.25,6616.25,257.5954366,3.404563418,1.60986e-05,59412.09586,69155.06025,85.31016685,32.91286872,25734.43789,23730.43756,59.42445307,17.86563836,4.14728e-07,0.691740381,0.081092108,0.956452674,0.063685717,0.34252332,0.010874713,0.084784234,-0.797900691,1.51532e-05,0.65747668,4037,104,406078.67,60273.16,0.139172461,96586.80769,0.219210225,6.563761343,19.42760784,0.290328094,6.563761343,19.42760784,0.290328094,0.439037838,178898.0882,0.439037838,178898.0882,0.204472661,763510.5,0.204472661,763510.5,0.451045006,20200.78571,0.451045006,20200.78571,0.43063282,289986.2,0.43063282,289986.2,0,0,0,0,0,0,0,0,0,0,0,0,0,0,0,0,0,0,0,0,0,0,0,0,0,0,0,0,0,0,0,0,0,0,0,0,0,0,0,0,0,0,0,0,0,0,0,0,0,0,0,0,0,0,0,0,0,0,0,0,0,0,0,0,0,0,0,0,0,0,0,0,0,0,0,0,0,0,0,0,0,0,0,0,0,0,0,0,0,0,0,0,0,0,0
"XH18-05254 2",0,0,"4/2/2018",0,0," ",0,0,0," ",0,0,0," ",0,0,0,0,0,0,0,0,0,0,0,0,0,0,0,0,0,0,0,0,0,0,0,0,0,0,0,0," ",0,0,0,0," ",0,0,0,0,0,0,0,0,0," ",0,0," ",0,0,0," ",0,0,0,0,0,1,66,0,0,170,70,24.2214532871972,1,0,"Stroke (unspecified)",1,0.9,94.19369713,0,1.36,82,0,0,0,1,1,2,4,5,0,0,12.86866493,0,0,0,0,12.86866493,0.624023907,8.82352941176471,33,3,0.083333333,2.45518e-07,495257.6061,353170.3657,316.7498927,145.3697148,2.23199e-08,129367.1667,35789.22945,181.3438733,23.98053951,1.09293e-05,84684.8499,103010.6954,103.3058098,40.3353901,0,0,0,0,2.67838e-07,0.733334694,0.121594861,0.925545221,0.035204483,0,0,0.131376466,-0.754951117,1.11971e-05,0,1469,36,543169.8,61666.86667,0.103958919,110267.0714,0.177015316,6.747062422,17.81117377,0.314819525,6.747062422,17.81117377,0.314819525,0.674825042,19611,0.674825042,19611,0.5238712,38569.5,0.5238712,38569.5,0.794320622,12444.8,0.794320622,12444.8,0.376086091,37526.5,0.376086091,37526.5,0,0,0,0,0,0,0,0,0,0,0,0,0,0,0,0,0,0,0,0,0,0,0,0,0,0,0,0,0,0,0,0,0,0,0,0,0,0,0,0,0,0,0,0,0,0,0,0,0,0,0,0,0,0,0,0,0,0,0,0,0,0,0,0,0,0,0,0,0,0,0,0,0,0,0,0,0,0,0,0,0,0,0,0,0,0,0,0,0,0,0,0,0,0,0
"XH18-09538 1",0,0,"6/16/2018",0,0," ",0,0,0," ",0,0,0," ",0,0,0,0,0,0,0,0,0,0,0,0,0,0,0,0,0,0,0,0,0,0,0,0,0,0,0,0," ",0,0,0,0," ",0,0,0,0,0,0,0,0,0," ",0,0," ",0,0,0," ",0,0,0,0,0,1,66,0,0,167,99,35.4978665423644,1,0,"Stroke (unspecified)",1,0.9,94.19369713,0,1.29,78,0,0,0,1,3,2,6,5,0,0,63.9995,1,1,1,1,63.9995,2.344696273,17.8571428571429,51,10,0.163934426,1.46369e-07,360023.7941,182226.7671,281.4157175,98.25446069,2.86997e-08,100715.8,54492.87051,145.793329,56.46862143,1.09116e-05,48043.94503,50105.70548,81.19836964,31.31134386,27934.7563,32413.64153,60.93698629,20.53018703,3.67357e-07,0.448452842,0.052696186,0.524238098,0.028148284,0.322209993,0.008026494,0.100519566,-0.34578217,1.12567e-05,0.677790007,3802,128,379276.7188,165189.4167,0.429752106,174951.8667,0.427724747,7.94934844,22.95522895,0.349585862,7.94934844,22.95522895,0.349585862,0.427235573,142954.3333,0.427235573,142954.3333,0.610936819,1291099.5,0.610936819,1291099.5,0.40288428,12986.75,0.40288428,12986.75,0.455065622,291488.7143,0.455065622,291488.7143,0,0,0,0,0,0,0,0,0,0,0,0,0,0,0,0,0,0,0,0,0,0,0,0,0,0,0,0,0,0,0,0,0,0,0,0,0,0,0,0,0,0,0,0,0,0,0,0,0,0,0,0,0,0,0,0,0,0,0,0,0,0,0,0,0,0,0,0,0,0,0,0,0,0,0,0,0,0,0,0,0,0,0,0,0,0,0,0,0,0,0,0,0,0,0
"XH18-09538 2",0,0,"6/16/2018",0,0," ",0,0,0," ",0,0,0," ",0,0,0,0,0,0,0,0,0,0,0,0,0,0,0,0,0,0,0,0,0,0,0,0,0,0,0,0," ",0,0,0,0," ",0,0,0,0,0,0,0,0,0," ",0,0," ",0,0,0," ",0,0,0,0,0,1,66,0,0,167,99,35.4978665423644,1,0,"Stroke (unspecified)",1,0.9,94.19369713,0,1.29,78,0,0,0,1,2,2,5,5,0,0,30.994,1,1,1,1,30.994,0.139120626,5,40,3,0.069767442,1.51642e-07,347916.2875,226249.9789,261.6597765,129.957633,1.13731e-08,73495.83333,54134.12174,106.228807,70.26929554,7.87401e-06,63722.79754,76484.77683,87.76437608,35.38988756,43325.14222,62057.43136,66.4760923,22.89568725,1.93343e-07,0.544416076,0.052758686,0.50175366,0.008578395,0.323861452,0.011655967,0.105148582,-0.288053421,7.76833e-06,0.676138548,2077,51,386452.6111,158418.4444,0.405455316,175671.2188,0.386015785,7.530707141,21.68609475,0.369676822,7.530707141,21.68609475,0.369676822,0.424900995,53270.88889,0.424900995,53270.88889,0.656461184,173292,0.656461184,173292,0.378690194,21511,0.378690194,21511,0.517322598,116790.6667,0.517322598,116790.6667,0,0,0,0,0,0,0,0,0,0,0,0,0,0,0,0,0,0,0,0,0,0,0,0,0,0,0,0,0,0,0,0,0,0,0,0,0,0,0,0,0,0,0,0,0,0,0,0,0,0,0,0,0,0,0,0,0,0,0,0,0,0,0,0,0,0,0,0,0,0,0,0,0,0,0,0,0,0,0,0,0,0,0,0,0,0,0,0,0,0,0,0,0,0,0
"XH18-09539 1",0,0,"6/16/2018",0,0," ",0,0,0," ",0,0,0," ",0,0,0,0,0,0,0,0,0,0,0,0,0,0,0,0,0,0,0,0,0,0,0,0,0,0,0,0," ",0,0,0,0," ",0,0,0,0,0,0,0,0,0," ",0,0," ",0,0,0," ",0,0,0,0,0,1,68,0,0,170,70,24.2214532871972,1,0,"Stroke (unspecified)",1,0.9,93.02931609,0,1.4,85,0,0,0,1,2,2,5,5,0,0,30.95348501,1,1,1,1,30.95348501,5.612583896,9.09090909090909,20,1,0.047619048,8.38118e-08,298831.4,113783.6308,266.8032398,69.09979177,0,24715,0,64.93843238,0,9.19835e-06,44489.31959,44783.051,76.55098628,28.09617041,29906.94581,31974.08633,58.10342392,18.35117239,3.43629e-07,0.363161612,0.025045608,0.409228289,0.033055453,0.340076369,0.014667682,0.061202045,0.03773915,9.66849e-06,0.659923631,2195,82,298831.4,133578.1,0.436507099,140239.1053,0.445817368,7.022079688,24.3309525,0.319377701,7.022079688,24.3309525,0.319377701,0.565603109,372914.5,0.565603109,372914.5,0.511582901,1576987.5,0.511582901,1576987.5,0.522805243,7969.5,0.522805243,7969.5,0.587002042,555387,0.587002042,555387,0,0,0,0,0,0,0,0,0,0,0,0,0,0,0,0,0,0,0,0,0,0,0,0,0,0,0,0,0,0,0,0,0,0,0,0,0,0,0,0,0,0,0,0,0,0,0,0,0,0,0,0,0,0,0,0,0,0,0,0,0,0,0,0,0,0,0,0,0,0,0,0,0,0,0,0,0,0,0,0,0,0,0,0,0,0,0,0,0,0,0,0,0,0,0
"XH18-09539 2",0,0,"6/16/2018",0,0," ",0,0,0," ",0,0,0," ",0,0,0,0,0,0,0,0,0,0,0,0,0,0,0,0,0,0,0,0,0,0,0,0,0,0,0,0," ",0,0,0,0," ",0,0,0,0,0,0,0,0,0," ",0,0," ",0,0,0," ",0,0,0,0,0,1,68,0,0,170,70,24.2214532871972,1,0,"Stroke (unspecified)",1,0.9,93.02931609,0,1.4,85,0,0,0,3,3,2,8,7,0,0,74.2085,1,1,1,1,74.2085,1.507145458,57.5,17,23,0.575,1.18544e-07,247872.5,153716.8034,235.360831,85.70254532,1.60383e-07,89396.80435,50756.84711,128.8663329,58.73920602,7.98426e-06,47424.85852,57328.14024,77.05097787,31.06158267,16091.39153,14406.62996,52.4512703,15.45377852,5.22987e-07,0.392279896,0.029383712,0.378652582,0.068102646,0.24984601,0.053603678,0.077600718,-0.013912622,1.07142e-05,0.75015399,1145,75,263309.7813,121489.1875,0.424409444,127131.8667,0.426116683,7.616487881,31.18168732,0.196314455,7.616487881,31.18168732,0.196314455,0.412196974,103580.375,0.412196974,103580.375,0.569216277,299989.5,0.569216277,299989.5,0.38541418,9921.666667,0.38541418,9921.666667,0.446631996,223998.7143,0.446631996,223998.7143,0,0,0,0,0,0,0,0,0,0,0,0,0,0,0,0,0,0,0,0,0,0,0,0,0,0,0,0,0,0,0,0,0,0,0,0,0,0,0,0,0,0,0,0,0,0,0,0,0,0,0,0,0,0,0,0,0,0,0,0,0,0,0,0,0,0,0,0,0,0,0,0,0,0,0,0,0,0,0,0,0,0,0,0,0,0,0,0,0,0,0,0,0,0,0
"XH18-14173 1",0,0,"9/18/2018",0,0," ",0,0,0," ",0,0,0," ",0,0,0,0,0,0,0,0,0,0,0,0,0,0,0,0,0,0,0,0,0,0,0,0,0,0,0,0," ",0,0,0,0," ",0,0,0,0,0,0,0,0,0," ",0,0," ",0,0,0," ",0,0,0,0,0,1,69,0,0,170,70,24.2214532871972,1,0,"Stroke (unspecified)",1,0.9,92.45253433,0,1.43,86,1,0,0,1,2,2,5,6,0,0,48.2034,1,1,1,1,48.2034,2.161370624,2.5,80,2,0.024390244,2.97375e-07,253936.325,123701.3188,237.4845077,78.84182644,7.43437e-09,128739.75,9147.75,187.6031035,5.43834287,1.76083e-05,42519.86542,58556.30449,73.92361172,28.65089954,23151.03618,30133.1355,52.62756436,17.45847669,6.54224e-07,0.494121926,0.075514239,0.748702528,0.122517277,0.376702268,0.069786132,0.100860136,-0.645380546,1.71517e-05,0.623297732,4737,176,277447.1972,73792.26761,0.249949061,90348.33929,0.293004819,6.23095563,23.15487416,0.257185012,6.23095563,23.15487416,0.257185012,0.393038025,49762.92308,0.393038025,49762.92308,0.328487963,234396,0.328487963,234396,0.461822154,19194.25,0.461822154,19194.25,0.312789874,85426.375,0.312789874,85426.375,0,0,0,0,0,0,0,0,0,0,0,0,0,0,0,0,0,0,0,0,0,0,0,0,0,0,0,0,0,0,0,0,0,0,0,0,0,0,0,0,0,0,0,0,0,0,0,0,0,0,0,0,0,0,0,0,0,0,0,0,0,0,0,0,0,0,0,0,0,0,0,0,0,0,0,0,0,0,0,0,0,0,0,0,0,0,0,0,0,0,0,0,0,0,0
"XH18-14173 2",0,0,"9/18/2018",0,0," ",0,0,0," ",0,0,0," ",0,0,0,0,0,0,0,0,0,0,0,0,0,0,0,0,0,0,0,0,0,0,0,0,0,0,0,0," ",0,0,0,0," ",0,0,0,0,0,0,0,0,0," ",0,0," ",0,0,0," ",0,0,0,0,0,1,69,0,0,170,70,24.2214532871972,1,0,"Stroke (unspecified)",1,0.9,92.45253433,0,1.43,86,1,0,0,1,3,2,6,6,0,0,95.061,1,1,1,1,95.061,2.231938152,10.7142857142857,56,6,0.096774194,6.48175e-07,300840.4107,206864.0484,234.0380237,128.4848792,6.94474e-08,92416.83333,58631.90197,139.3552713,63.86659296,3.80224e-05,50255.84612,48725.66252,85.52576172,32.74197502,28261.18765,41063.5126,57.68696731,19.88924332,1.64359e-06,0.722311218,0.194997345,1.910849409,0.14356011,0.253401166,0.043490007,0.102047469,-1.492864729,1.69537e-05,0.746598834,3285,142,387638.3605,77269.5814,0.184190275,91794.05714,0.211601436,5.680862175,21.87327281,0.301707177,5.680862175,21.87327281,0.301707177,0.493285499,100034.2321,0.493285499,100034.2321,0.921883654,762901.5,0.921883654,762901.5,0.460744366,19393.46875,0.460744366,19393.46875,0.536673676,207555.25,0.536673676,207555.25,0,0,0,0,0,0,0,0,0,0,0,0,0,0,0,0,0,0,0,0,0,0,0,0,0,0,0,0,0,0,0,0,0,0,0,0,0,0,0,0,0,0,0,0,0,0,0,0,0,0,0,0,0,0,0,0,0,0,0,0,0,0,0,0,0,0,0,0,0,0,0,0,0,0,0,0,0,0,0,0,0,0,0,0,0,0,0,0,0,0,0,0,0,0,0
"XH19-01267 1",0,0,"1/22/2019",0,0," ",0,0,0," ",0,0,0," ",0,0,0,0,0,0,0,0,0,0,0,0,0,0,0,0,0,0,0,0,0,0,0,0,0,0,0,0," ",0,0,0,0," ",0,0,0,0,0,0,0,0,0," ",0,0," ",0,0,0," ",0,0,0,0,0,1,77,0,0,170,70,24.2214532871972,1,0,"Stroke (unspecified)",1,0.9,87.96517275,0,1.62,93,1,0,0,2,3,2,7,6,0,0,69.77234142,1,1,1,1,69.77234142,2.701826199,30.7692307692308,23,8,0.258064516,2.54473e-07,317276.2391,169681.5416,263.284059,97.50041201,8.85124e-08,92855.375,22083.26513,151.5273484,19.08763216,1.81893e-05,36091.37622,40424.61462,70.32718477,29.31278135,25381.53384,43581.43139,59.16954231,22.06391967,6.30651e-07,0.554406469,0.080738263,0.656476633,0.028399495,0.306120412,0.027709565,0.122987261,-0.212045207,1.36971e-05,0.693879588,1644,57,359421.225,112727.45,0.304997705,129132.5882,0.326703717,7.388864935,25.14903326,0.312037324,7.388864935,25.14903326,0.312037324,0.301047702,71822.9,0.301047702,71822.9,0.247647326,469109,0.247647326,469109,0.301992592,16993.5625,0.301992592,16993.5625,0.297268143,291140.25,0.297268143,291140.25,0,0,0,0,0,0,0,0,0,0,0,0,0,0,0,0,0,0,0,0,0,0,0,0,0,0,0,0,0,0,0,0,0,0,0,0,0,0,0,0,0,0,0,0,0,0,0,0,0,0,0,0,0,0,0,0,0,0,0,0,0,0,0,0,0,0,0,0,0,0,0,0,0,0,0,0,0,0,0,0,0,0,0,0,0,0,0,0,0,0,0,0,0,0,0
"XH19-01267 2",0,0,"1/22/2019",0,0," ",0,0,0," ",0,0,0," ",0,0,0,0,0,0,0,0,0,0,0,0,0,0,0,0,0,0,0,0,0,0,0,0,0,0,0,0," ",0,0,0,0," ",0,0,0,0,0,0,0,0,0," ",0,0," ",0,0,0," ",0,0,0,0,0,1,77,0,0,170,70,24.2214532871972,1,0,"Stroke (unspecified)",1,0.9,87.96517275,0,1.62,93,1,0,0,3,3,4,10,6,0,0,61.12284772,1,1,1,1,61.12284772,9.708505495,50,8,7,0.466666667,8.40127e-08,229033.125,99454.69301,231.0774853,53.50066168,7.35111e-08,106199.9286,50466.34415,156.3400005,55.00601226,1.298e-05,30927.42193,34627.40979,67.87696886,28.34361131,19889.86172,20338.69367,55.91777542,19.27327958,7.35111e-07,0.53535973,0.019241691,0.401436772,0.336743096,0.273128376,0.016140124,0.04793206,-0.260523602,1.34421e-05,0.726871624,1236,70,229033.125,111991.75,0.47496023,124212.2857,0.491883162,6.941616834,30.24982514,0.215232608,6.941616834,30.24982514,0.215232608,0.292058722,18667.4,0.292058722,18667.4,0.455698468,102426.5,0.455698468,102426.5,0.273876528,9360.833333,0.273876528,9360.833333,0.455698468,102426.5,0.455698468,102426.5,0,0,0,0,0,0,0,0,0,0,0,0,0,0,0,0,0,0,0,0,0,0,0,0,0,0,0,0,0,0,0,0,0,0,0,0,0,0,0,0,0,0,0,0,0,0,0,0,0,0,0,0,0,0,0,0,0,0,0,0,0,0,0,0,0,0,0,0,0,0,0,0,0,0,0,0,0,0,0,0,0,0,0,0,0,0,0,0,0,0,0,0,0,0,0
"XH19-08240 1",0,0,"5/29/2019",0,0," ",0,0,0," ",0,0,0," ",0,0,0,0,0,0,0,0,0,0,0,0,0,0,0,0,0,0,0,0,0,0,0,0,0,0,0,0," ",0,0,0,0," ",0,0,0,0,0,0,0,0,0," ",0,0," ",0,0,0," ",0,0,0,0,0,1,58,0,0,170,70,24.2214532871972,1,0,"Stroke (unspecified)",1,0.9,98.99879402,0,1.2,70,0,0,0,1,3,2,6,6,0,0,94.5505,1,1,1,1,94.5505,1.101363504,6.66666666666667,89,5,0.053191489,1.99642e-07,354630.0056,220737.104,274.905601,111.7037633,1.12158e-08,87954.4,64294.87034,130.9049915,67.78114188,9.38767e-06,55389.18065,75797.20901,81.12760733,30.25588565,28856.95066,26670.28244,63.84583118,22.73653386,4.91254e-07,0.509278214,0.070799086,0.519975127,0.077531417,0.196872624,0.026339999,0.136158602,-0.345157843,8.9581e-06,0.803127376,4185,219,378006.8675,56043.22892,0.141768807,71312.55357,0.1666415,4.57135494,35.93978523,0.140493066,4.57135494,35.93978523,0.140493066,0.339732805,121214.6897,0.339732805,121214.6897,0.883985765,2747090.5,0.883985765,2747090.5,0.320636429,15025.89474,0.320636429,15025.89474,0.376015921,322973.4,0.376015921,322973.4,0,0,0,0,0,0,0,0,0,0,0,0,0,0,0,0,0,0,0,0,0,0,0,0,0,0,0,0,0,0,0,0,0,0,0,0,0,0,0,0,0,0,0,0,0,0,0,0,0,0,0,0,0,0,0,0,0,0,0,0,0,0,0,0,0,0,0,0,0,0,0,0,0,0,0,0,0,0,0,0,0,0,0,0,0,0,0,0,0,0,0,0,0,0,0
"XH19-08240 2",0,0,"5/29/2019",0,0," ",0,0,0," ",0,0,0," ",0,0,0,0,0,0,0,0,0,0,0,0,0,0,0,0,0,0,0,0,0,0,0,0,0,0,0,0," ",0,0,0,0," ",0,0,0,0,0,0,0,0,0," ",0,0," ",0,0,0," ",0,0,0,0,0,1,58,0,0,170,70,24.2214532871972,1,0,"Stroke (unspecified)",1,0.9,98.99879402,0,1.2,70,0,0,0,1,3,2,6,6,0,0,90.6469,1,1,1,1,90.6469,0.499919681,10.5263157894737,36,4,0.1,2.31186e-07,346595.3194,195899.3397,267.2662281,110.8980362,2.56873e-08,110369.375,79010.57189,133.5132909,76.95583899,1.81417e-05,60035.60655,64187.34274,85.76568445,29.6334529,31201.13855,33115.36036,63.74196298,18.59949656,9.56853e-07,0.644274477,0.080127959,1.089146348,0.088095171,0.285583032,0.026076522,0.073569506,-0.875592517,1.17066e-05,0.714416968,2825,149,377146.6818,32830.90909,0.085258804,42253,0.112765845,4.006786738,30.72057133,0.229208541,4.006786738,30.72057133,0.229208541,0.400689545,114510.7308,0.400689545,114510.7308,0.825077433,633060.5,0.825077433,633060.5,0.33461287,16915.4,0.33461287,16915.4,0.620945129,439828.5,0.620945129,439828.5,0,0,0,0,0,0,0,0,0,0,0,0,0,0,0,0,0,0,0,0,0,0,0,0,0,0,0,0,0,0,0,0,0,0,0,0,0,0,0,0,0,0,0,0,0,0,0,0,0,0,0,0,0,0,0,0,0,0,0,0,0,0,0,0,0,0,0,0,0,0,0,0,0,0,0,0,0,0,0,0,0,0,0,0,0,0,0,0,0,0,0,0,0,0,0
"XH19-16710 1",0,0,"11/8/2019",0,0," ",0,0,0," ",0,0,0," ",0,0,0,0,0,0,0,0,0,0,0,0,0,0,0,0,0,0,0,0,0,0,0,0,0,0,0,0," ",0,0,0,0," ",0,0,0,0,0,0,0,0,0," ",0,0," ",0,0,0," ",0,0,0,0,0,1,80,0,0,170,70,24.2214532871972,1,0,"Stroke (unspecified)",1,0.9,86.33914372,0,1.87,95,1,0,0,1,2,2,5,4,0,0,8.310109906,0,0,0,1,0,0.474236244,9.52380952380952,80,7,0.08045977,2.27634e-07,363462.1,179410.9414,277.4836637,100.4918099,1.9918e-08,80480.85714,46811.22481,132.8850158,39.4008848,1.35613e-05,49992.08865,48661.72677,81.16550942,27.79312532,30978.18973,33817.44463,58.81973015,20.20780584,5.34941e-07,0.630838216,0.082736502,0.677958883,0.027089378,0.304095988,0.008318262,0.122037639,-0.101501817,1.35655e-05,0.695904012,4766,188,419598.6406,33621.65625,0.082062298,51166.5,0.135305982,4.723301685,26.14234909,0.235983205,4.723301685,26.14234909,0.235983205,0.637238916,156032.3611,0.637238916,156032.3611,0.996769023,1281354.5,0.996769023,1281354.5,0.559169526,22770.28571,0.559169526,22770.28571,0.910481782,622449.625,0.910481782,622449.625,0,0,0,0,0,0,0,0,0,0,0,0,0,0,0,0,0,0,0,0,0,0,0,0,0,0,0,0,0,0,0,0,0,0,0,0,0,0,0,0,0,0,0,0,0,0,0,0,0,0,0,0,0,0,0,0,0,0,0,0,0,0,0,0,0,0,0,0,0,0,0,0,0,0,0,0,0,0,0,0,0,0,0,0,0,0,0,0,0,0,0,0,0,0,0
"XH19-16710 2",0,0,"11/8/2019",0,0," ",0,0,0," ",0,0,0," ",0,0,0,0,0,0,0,0,0,0,0,0,0,0,0,0,0,0,0,0,0,0,0,0,0,0,0,0," ",0,0,0,0," ",0,0,0,0,0,0,0,0,0," ",0,0," ",0,0,0," ",0,0,0,0,0,1,80,0,0,170,70,24.2214532871972,1,0,"Stroke (unspecified)",1,0.9,86.33914372,0,1.7,95,1,0,0,1,3,2,6,5,0,0,11.21988665,0,0,0,1,0,1.788587716,4.25531914893617,91,4,0.042105263,2.99965e-07,412682.044,196127.6746,301.5553736,97.59697654,1.31853e-08,104025.875,31292.67223,158.3278338,23.15808798,2.04405e-05,60664.07458,58283.55721,92.38838359,32.14843507,0,0,0,0,7.02116e-07,0.73787406,0.123790178,1.240002418,0.06732089,0,0,0.099830594,-0.881529685,2.07536e-05,0,6201,213,549115.1176,25026.64706,0.04630355,74821.5,0.124213404,4.429186916,19.74664283,0.371093857,4.429186916,19.74664283,0.371093857,0.719731924,116004.1818,0.719731924,116004.1818,0.961069587,978823,0.961069587,978823,0.680525444,20160.55556,0.680525444,20160.55556,0.746874871,182357.4615,0.746874871,182357.4615,0,0,0,0,0,0,0,0,0,0,0,0,0,0,0,0,0,0,0,0,0,0,0,0,0,0,0,0,0,0,0,0,0,0,0,0,0,0,0,0,0,0,0,0,0,0,0,0,0,0,0,0,0,0,0,0,0,0,0,0,0,0,0,0,0,0,0,0,0,0,0,0,0,0,0,0,0,0,0,0,0,0,0,0,0,0,0,0,0,0,0,0,0,0,0
"XH19-17342 1",0,0,"11/19/2019",0,0," ",0,0,0," ",0,0,0," ",0,0,0,0,0,0,0,0,0,0,0,0,0,0,0,0,0,0,0,0,0,0,0,0,0,0,0,0," ",0,0,0,0," ",0,0,0,0,0,0,0,0,0," ",0,0," ",0,0,0," ",0,0,0,0,0,1,83,0,0,170,70,24.2214532871972,1,0,"Stroke (unspecified)",1,0.81,87.48296151,0,1.75,96,1,0,0,0,2,2,4,4,0,0,1.82927877,0,0,0,1,0,0.156208926,0,61,1,0.016129032,1.58651e-07,262131.5082,93073.9934,252.2414373,59.98561257,2.60084e-09,155285,0,194.5507646,0,1.02941e-05,48216.03727,58732.65265,78.55782115,26.67062709,26454.57753,32077.5586,59.31082329,16.98915254,5.25369e-07,0.421588828,0.041587474,0.49634172,0.06170499,0.644107702,0.049870029,0.083787987,-0.316649984,1.0909e-05,0.355892298,3958,202,270930.5763,49195.47458,0.179753252,37166.5,0.142212895,5.808769819,25.0439657,0.387269074,5.808769819,25.0439657,0.387269074,0.55223965,180639,0.55223965,180639,0.94116518,1101229.5,0.94116518,1101229.5,0.232493388,12949.5,0.232493388,12949.5,0.643595725,228550.2857,0.643595725,228550.2857,0,0,0,0,0,0,0,0,0,0,0,0,0,0,0,0,0,0,0,0,0,0,0,0,0,0,0,0,0,0,0,0,0,0,0,0,0,0,0,0,0,0,0,0,0,0,0,0,0,0,0,0,0,0,0,0,0,0,0,0,0,0,0,0,0,0,0,0,0,0,0,0,0,0,0,0,0,0,0,0,0,0,0,0,0,0,0,0,0,0,0,0,0,0,0
"XH19-17591 1",0,0,"11/22/2019",0,0," ",0,0,0," ",0,0,0," ",0,0,0,0,0,0,0,0,0,0,0,0,0,0,0,0,0,0,0,0,0,0,0,0,0,0,0,0," ",0,0,0,0," ",0,0,0,0,0,0,0,0,0," ",0,0," ",0,0,0," ",0,0,0,0,0,1,79,0,0,170,80,27.681660899654,0,0,"Stroke (unspecified)",1,1.25,58.57438541,0,1.69,95,1,0,0,1,2,2,5,6,0,0,44.14958693,1,1,1,1,44.14958693,2.18234295,6.89655172413793,54,6,0.1,2.74399e-07,285855.6574,126328.0423,259.4750774,76.06575467,3.04888e-08,121278.6667,39529.00444,169.927897,32.36268149,1.42078e-05,38477.29202,38009.71639,73.6961905,24.23693643,20331.332,21194.34135,56.20085566,16.30346551,6.85997e-07,0.507404319,0.078438443,0.54667609,0.025989393,0.315987115,0.020445081,0.143482483,-0.372860981,1.51384e-05,0.684012885,2796,135,296772.3654,100813.5769,0.337801426,107450.8125,0.341503458,4.938450159,21.82369165,0.329030465,4.938450159,21.82369165,0.329030465,0.392780156,66888.41176,0.392780156,66888.41176,0.474896323,528669,0.474896323,528669,0.41133638,15377.16667,0.41133638,15377.16667,0.371904405,124838.5625,0.371904405,124838.5625,0,0,0,0,0,0,0,0,0,0,0,0,0,0,0,0,0,0,0,0,0,0,0,0,0,0,0,0,0,0,0,0,0,0,0,0,0,0,0,0,0,0,0,0,0,0,0,0,0,0,0,0,0,0,0,0,0,0,0,0,0,0,0,0,0,0,0,0,0,0,0,0,0,0,0,0,0,0,0,0,0,0,0,0,0,0,0,0,0,0,0,0,0,0,0
"XH19-17591 2",0,0,"11/22/2019",0,0," ",0,0,0," ",0,0,0," ",0,0,0,0,0,0,0,0,0,0,0,0,0,0,0,0,0,0,0,0,0,0,0,0,0,0,0,0," ",0,0,0,0," ",0,0,0,0,0,0,0,0,0," ",0,0," ",0,0,0," ",0,0,0,0,0,1,79,0,0,170,80,27.681660899654,0,0,"Stroke (unspecified)",1,1.25,58.57438541,0,1.69,95,1,0,0,1,2,2,5,6,0,0,28.81451187,1,1,1,1,28.81451187,0.661761184,13.1578947368421,67,13,0.1625,2.19595e-07,269558.0224,126911.5736,250.8753504,72.10579122,4.26079e-08,118777.1538,108563.5585,148.5937432,82.85468899,1.37591e-05,33208.52454,31038.23902,69.94394389,23.92192968,17909.8056,16573.59666,54.2657558,16.49831514,5.24405e-07,0.379567132,0.059193506,0.456918787,0.023754973,0.314702211,0.023264431,0.129549294,-0.158818387,1.52447e-05,0.685297789,4198,160,273625.7045,139361.5758,0.500431735,148836.1833,0.497608965,7.28208204,24.83315853,0.269439957,7.28208204,24.83315853,0.269439957,0.337273846,28530.57576,0.337273846,28530.57576,0.645251487,114653.5,0.645251487,114653.5,0.304463466,18818.06,0.304463466,18818.06,0.439806285,58882.1875,0.439806285,58882.1875,0,0,0,0,0,0,0,0,0,0,0,0,0,0,0,0,0,0,0,0,0,0,0,0,0,0,0,0,0,0,0,0,0,0,0,0,0,0,0,0,0,0,0,0,0,0,0,0,0,0,0,0,0,0,0,0,0,0,0,0,0,0,0,0,0,0,0,0,0,0,0,0,0,0,0,0,0,0,0,0,0,0,0,0,0,0,0,0,0,0,0,0,0,0,0
"XH21-20855 1",0,0,"12/2/2021",0,0," ",0,0,0," ",0,0,0," ",0,0,0,0,0,0,0,0,0,0,0,0,0,0,0,0,0,0,0,0,0,0,0,0,0,0,0,0," ",0,0,0,0," ",0,0,0,0,0,0,0,0,0," ",0,0," ",0,0,0," ",0,0,0,0,0,0,57,0,0,170,80,27.681660899654,0,0,"Anoxia",5,1.6,49.94338153,0,1.04,55,0,0,0,0,1,2,3,5,0,0,21.04812354,1,1,0,0,21.04812354,0.243371724,0,60,0,0,2.40135e-07,449663.325,238725.3583,314.896479,123.0187959,0,0,0,0,0,1.20308e-05,47751.72372,40267.60342,82.2318419,25.18909245,24072.24417,24833.56805,54.45540944,15.78785098,3.08173e-07,0.456113192,0.107979901,0.574489687,0.014877292,0.239494445,0.009265228,0.187957945,-0.109698205,1.1462e-05,0.760505555,3006,77,489398.8455,111293.3091,0.232928955,121397.7755,0.233313,5.323302476,31.71115128,0.20308793,5.323302476,31.71115128,0.20308793,0.332602506,47664.13636,0.332602506,47664.13636,0.444376321,145324.5,0.444376321,145324.5,0.313596052,17466.14286,0.313596052,17466.14286,0.365863801,100510.625,0.365863801,100510.625,0,0,0,0,0,0,0,0,0,0,0,0,0,0,0,0,0,0,0,0,0,0,0,0,0,0,0,0,0,0,0,0,0,0,0,0,0,0,0,0,0,0,0,0,0,0,0,0,0,0,0,0,0,0,0,0,0,0,0,0,0,0,0,0,0,0,0,0,0,0,0,0,0,0,0,0,0,0,0,0,0,0,0,0,0,0,0,0,0,0,0,0,0,0,0
"XH21-20855 2",0,0,"12/2/2021",0,0," ",0,0,0," ",0,0,0," ",0,0,0,0,0,0,0,0,0,0,0,0,0,0,0,0,0,0,0,0,0,0,0,0,0,0,0,0," ",0,0,0,0," ",0,0,0,0,0,0,0,0,0," ",0,0," ",0,0,0," ",0,0,0,0,0,0,57,0,0,170,80,27.681660899654,0,0,"Anoxia",5,1.6,49.94338153,0,1.04,55,0,0,0,1,1,2,4,8,0,0,16.13369261,1,0,0,0,16.13369261,4.757289242,8.82352941176471,63,5,0.073529412,3.01974e-07,386500.9524,179792.7771,297.6768311,87.32685961,2.39662e-08,227704.2,50318.33065,245.4788312,26.67477159,1.58033e-05,34282.38232,38088.1027,68.1001152,23.8820089,21442.05868,22453.97684,52.80275869,17.44376765,3.73873e-07,0.525953876,0.116713404,0.541775746,0.007705853,0.304584357,0.009523164,0.215427518,0.202437059,1.54541e-05,0.695415643,3297,78,400719.8333,78772.83333,0.200145874,87253.09615,0.219630263,5.060630873,29.25364133,0.201713523,5.060630873,29.25364133,0.201713523,0.361883702,31465.41667,0.361883702,31465.41667,0.245610509,109409.5,0.245610509,109409.5,0.409120698,18148.33333,0.409120698,18148.33333,0.220172713,71416.66667,0.220172713,71416.66667,0,0,0,0,0,0,0,0,0,0,0,0,0,0,0,0,0,0,0,0,0,0,0,0,0,0,0,0,0,0,0,0,0,0,0,0,0,0,0,0,0,0,0,0,0,0,0,0,0,0,0,0,0,0,0,0,0,0,0,0,0,0,0,0,0,0,0,0,0,0,0,0,0,0,0,0,0,0,0,0,0,0,0,0,0,0,0,0,0,0,0,0,0,0,0
"XH22-04453 1",0,0,"3/8/2022",0,0," ",0,0,0," ",0,0,0," ",0,0,0,0,0,0,0,0,0,0,0,0,0,0,0,0,0,0,0,0,0,0,0,0,0,0,0,0," ",0,0,0,0," ",0,0,0,0,0,0,0,0,0," ",0,0," ",0,0,0," ",0,0,0,0,0,1,68,0,0,173,85,28.4005479635136,1,0,"Stroke (unspecified)",1,1.52,49.60192531,0,1.47,88,1,0,0,1,3,2,6,6,0,0,78.8102,1,1,1,1,78.8102,4.783193325,18.5185185185185,50,13,0.206349206,7.54064e-08,504404.74,271662.9886,321.1065863,115.2282093,1.96057e-08,123909.5769,109688.8218,153.2714596,81.07032823,7.607e-06,61569.68309,72654.06875,89.71191057,40.31392113,34403.34763,40076.35922,68.46675659,27.6698423,1.97565e-07,0.374022853,0.038035343,0.468360402,0.041230483,0.350101399,0.013670266,0.081209562,-0.232227508,8.31351e-06,0.649898601,5044,131,546724.0435,190678.9783,0.343734507,198259.4545,0.356584621,7.333395685,31.03790272,0.25807271,7.333395685,31.03790272,0.25807271,0.313544149,143444.9583,0.313544149,143444.9583,0.385405027,995001.5,0.385405027,995001.5,0.278941528,19444.83333,0.278941528,19444.83333,0.34814677,267445.0833,0.34814677,267445.0833,0,0,0,0,0,0,0,0,0,0,0,0,0,0,0,0,0,0,0,0,0,0,0,0,0,0,0,0,0,0,0,0,0,0,0,0,0,0,0,0,0,0,0,0,0,0,0,0,0,0,0,0,0,0,0,0,0,0,0,0,0,0,0,0,0,0,0,0,0,0,0,0,0,0,0,0,0,0,0,0,0,0,0,0,0,0,0,0,0,0,0,0,0,0,0
"XH22-04453 2",0,0,"3/8/2022",0,0," ",0,0,0," ",0,0,0," ",0,0,0,0,0,0,0,0,0,0,0,0,0,0,0,0,0,0,0,0,0,0,0,0,0,0,0,0," ",0,0,0,0," ",0,0,0,0,0,0,0,0,0," ",0,0," ",0,0,0," ",0,0,0,0,0,1,68,0,0,173,85,28.4005479635136,1,0,"Stroke (unspecified)",1,1.52,49.60192531,0,1.47,88,1,0,0,2,3,2,7,7,0,0,69.4805,1,1,1,1,69.4805,6.103210528,27.2727272727273,33,11,0.25,9.13228e-08,573831.1818,305887.8349,348.0038624,121.3849732,3.04409e-08,168271.1364,86588.46797,188.0852919,70.08381533,7.00971e-06,57512.87544,70683.64323,92.60004942,38.33669041,33265.89468,42540.94244,67.83222804,28.1627737,2.51829e-07,0.406437223,0.052403844,0.403148761,0.08354999,0.302355618,0.014848966,0.129986369,-0.269144485,8.02921e-06,0.697644382,2533,91,610739.5323,251944.5484,0.448338089,251944.5484,0.448338089,7.821851361,30.64575811,0.274253403,7.821851361,30.64575811,0.274253403,0.28017004,57042.8,0.28017004,57042.8,0.520151089,261406.5,0.520151089,261406.5,0.225812334,10001.14286,0.225812334,10001.14286,0.407004686,166806.6667,0.407004686,166806.6667,0,0,0,0,0,0,0,0,0,0,0,0,0,0,0,0,0,0,0,0,0,0,0,0,0,0,0,0,0,0,0,0,0,0,0,0,0,0,0,0,0,0,0,0,0,0,0,0,0,0,0,0,0,0,0,0,0,0,0,0,0,0,0,0,0,0,0,0,0,0,0,0,0,0,0,0,0,0,0,0,0,0,0,0,0,0,0,0,0,0,0,0,0,0,0
"XH22-08601 1",0,0,"5/8/2022",0,0," ",0,0,0," ",0,0,0," ",0,0,0,0,0,0,0,0,0,0,0,0,0,0,0,0,0,0,0,0,0,0,0,0,0,0,0,0," ",0,0,0,0," ",0,0,0,0,0,0,0,0,0," ",0,0," ",0,0,0," ",0,0,0,0,0,1,65,0,0,168,80,28.3446712018141,1,1,"Anoxia",5,1.64,46.13188967,0,1.73,96,1,0,0,1,2,2,5,6,0,0,12.11313569,0,0,0,1,0,0.088828412,2.4390243902439,82,2,0.023809524,1.6342e-07,464053.061,224375.9266,332.3932178,110.921,3.98586e-09,153128.75,8831.25,204.1015095,9.358088555,9.39865e-06,50165.70388,50518.02397,81.55590612,27.88259485,40826.13212,49766.42224,63.15682537,20.81433846,3.30826e-07,0.478601328,0.075835641,0.471490097,0.051121702,0.397546573,0.031820135,0.16084249,0.043275031,9.63013e-06,0.602453427,4716,166,480645.0316,142015.0886,0.302264339,151681.7397,0.299953355,6.130480186,24.69918606,0.263519168,6.130480186,24.69918606,0.263519168,0.351127204,490168.5625,0.351127204,490168.5625,0.590829985,2211390,0.590829985,2211390,0.11379581,31078,0.11379581,31078,0.385031689,555752.9286,0.385031689,555752.9286,0,0,0,0,0,0,0,0,0,0,0,0,0,0,0,0,0,0,0,0,0,0,0,0,0,0,0,0,0,0,0,0,0,0,0,0,0,0,0,0,0,0,0,0,0,0,0,0,0,0,0,0,0,0,0,0,0,0,0,0,0,0,0,0,0,0,0,0,0,0,0,0,0,0,0,0,0,0,0,0,0,0,0,0,0,0,0,0,0,0,0,0,0,0,0
"XH22-08601 2",0,0,"5/8/2022",0,0," ",0,0,0," ",0,0,0," ",0,0,0,0,0,0,0,0,0,0,0,0,0,0,0,0,0,0,0,0,0,0,0,0,0,0,0,0," ",0,0,0,0," ",0,0,0,0,0,0,0,0,0," ",0,0," ",0,0,0," ",0,0,0,0,0,1,65,0,0,168,80,28.3446712018141,1,1,"Anoxia",5,1.64,46.13188967,0,1.73,96,1,0,0,1,2,0,3,5,0,0,24.9518,1,1,0,1,0,0.020520834,3.125,64,3,0.044776119,1.14208e-07,425805.7188,236346.6675,312.4799886,118.3697485,5.35348e-09,44434.33333,39427.64438,55.28178127,38.75037195,1.0309e-05,47359.94911,41982.27983,82.84703866,28.55176387,33209.43333,31245.86479,66.94022677,18.35187253,1.9451e-07,0.52631899,0.048630258,0.488234766,0.027992771,0.611796082,0.006157434,0.09960425,-0.180955647,1.05318e-05,0.388203918,5777,109,446687.7459,125002.377,0.287288944,134423.8214,0.282041436,6.530723275,21.40809562,0.276993178,6.530723275,21.40809562,0.276993178,0.532976835,226804.0625,0.532976835,226804.0625,0.586298547,771361.5,0.586298547,771361.5,0.43331808,22960.5,0.43331808,22960.5,0.592772089,349110.2,0.592772089,349110.2,0,0,0,0,0,0,0,0,0,0,0,0,0,0,0,0,0,0,0,0,0,0,0,0,0,0,0,0,0,0,0,0,0,0,0,0,0,0,0,0,0,0,0,0,0,0,0,0,0,0,0,0,0,0,0,0,0,0,0,0,0,0,0,0,0,0,0,0,0,0,0,0,0,0,0,0,0,0,0,0,0,0,0,0,0,0,0,0,0,0,0,0,0,0,0
"XH22-13097 1",0,0,"7/14/2022",0,0," ",0,0,0," ",0,0,0," ",0,0,0,0,0,0,0,0,0,0,0,0,0,0,0,0,0,0,0,0,0,0,0,0,0,0,0,0," ",0,0,0,0," ",0,0,0,0,0,0,0,0,0," ",0,0," ",0,0,0," ",0,0,0,0,0,1,77,1,0,160,80,31.25,1,0,"Stroke (unspecified)",1,0.94,62.49647121,0,1.62,93,1,0,0,1,1,2,4,5,0,0,27.51584115,1,1,1,1,27.51584115,2.306839227,10,19,1,0.05,1.32911e-07,402905.6316,146481.8277,309.5450895,59.79698702,6.99532e-09,209446.5,0,215.9282288,0,1.22348e-05,39812.99371,39012.42391,73.53493561,26.57607788,38225.47553,72462.75738,63.13836353,28.99271825,2.2385e-07,0.515931184,0.05355059,0.487104305,0.025899593,0.259717597,0.015003128,0.109936598,-0.111070798,8.82641e-06,0.740282403,1749,32,402905.6316,163019.7895,0.398379874,171151.5,0.40668011,6.961241698,29.29235669,0.219871074,6.961241698,29.29235669,0.219871074,0.323896958,100690.1667,0.323896958,100690.1667,0.292161166,263538.5,0.292161166,263538.5,0.339764854,19266,0.339764854,19266,0.292161166,263538.5,0.292161166,263538.5,0,0,0,0,0,0,0,0,0,0,0,0,0,0,0,0,0,0,0,0,0,0,0,0,0,0,0,0,0,0,0,0,0,0,0,0,0,0,0,0,0,0,0,0,0,0,0,0,0,0,0,0,0,0,0,0,0,0,0,0,0,0,0,0,0,0,0,0,0,0,0,0,0,0,0,0,0,0,0,0,0,0,0,0,0,0,0,0,0,0,0,0,0,0,0
"XH22-13097 2",0,0,"7/14/2022",0,0," ",0,0,0," ",0,0,0," ",0,0,0,0,0,0,0,0,0,0,0,0,0,0,0,0,0,0,0,0,0,0,0,0,0,0,0,0," ",0,0,0,0," ",0,0,0,0,0,0,0,0,0," ",0,0," ",0,0,0," ",0,0,0,0,0,1,77,1,0,160,80,31.25,1,0,"Stroke (unspecified)",1,0.94,62.49647121,0,1.62,93,1,0,0,2,3,2,7,6,0,0,71.2888,1,1,1,1,71.2888,7.175241116,33.3333333333333,24,12,0.333333333,1.58284e-07,219209.75,185683.6474,192.5914978,124.0017404,7.91418e-08,195033.6667,167683.9197,182.4733703,54.08221332,9.40469e-06,37795.26648,32373.73844,72.36157087,24.17144767,22864.68619,22988.61229,59.42156776,22.48903009,3.29758e-07,0.45625601,0.034697315,0.3554526,0.139738321,0.217321066,0.008879528,0.097614463,-0.142245722,9.55232e-06,0.782678934,1426,50,290490.9167,136611.5,0.485780701,158904.5714,0.510226062,8.230010194,31.51553769,0.177197174,8.230010194,31.51553769,0.177197174,0.331084451,184956.8125,0.331084451,184956.8125,0.384626723,1008153.5,0.384626723,1008153.5,0.363429467,17015.25,0.363429467,17015.25,0.320302779,240937.3333,0.320302779,240937.3333,0,0,0,0,0,0,0,0,0,0,0,0,0,0,0,0,0,0,0,0,0,0,0,0,0,0,0,0,0,0,0,0,0,0,0,0,0,0,0,0,0,0,0,0,0,0,0,0,0,0,0,0,0,0,0,0,0,0,0,0,0,0,0,0,0,0,0,0,0,0,0,0,0,0,0,0,0,0,0,0,0,0,0,0,0,0,0,0,0,0,0,0,0,0,0
"XH22-17417 1",0,0,"9/25/2022",0,0," ",0,0,0," ",0,0,0," ",0,0,0,0,0,0,0,0,0,0,0,0,0,0,0,0,0,0,0,0,0,0,0,0,0,0,0,0," ",0,0,0,0," ",0,0,0,0,0,0,0,0,0," ",0,0," ",0,0,0," ",0,0,0,0,0,1,79,1,0,155,70,29.1363163371488,1,1,"Stroke (unspecified)",1,1,57.30689857,0,2.4,100,1,0,0,3,3,2,8,7,0,0,56.5655,1,1,1,1,56.5655,0.870653843,60,19,18,0.486486486,1.91079e-07,365440.9737,297201.363,241.7029245,162.0544466,1.81023e-07,151272.1667,34858.18385,192.5152961,22.01955393,8.06557e-06,61332.39214,66364.29301,88.56858721,39.74473566,40561.02099,54952.36688,65.5913191,24.11500316,1.01574e-06,0.511702526,0.069828278,0.494680467,0.072666246,0.290461382,0.020052966,0.141158348,-0.387133499,7.53562e-06,0.709538618,802,101,514119.0385,115758.1538,0.206906576,132351.9091,0.232590802,6.283692241,32.77290407,0.233110429,6.283692241,32.77290407,0.233110429,0.360510671,226370.625,0.360510671,226370.625,0.466203103,1252623.5,0.466203103,1252623.5,0.191162784,31580.5,0.191162784,31580.5,0.384703226,254197.7857,0.384703226,254197.7857,0,0,0,0,0,0,0,0,0,0,0,0,0,0,0,0,0,0,0,0,0,0,0,0,0,0,0,0,0,0,0,0,0,0,0,0,0,0,0,0,0,0,0,0,0,0,0,0,0,0,0,0,0,0,0,0,0,0,0,0,0,0,0,0,0,0,0,0,0,0,0,0,0,0,0,0,0,0,0,0,0,0,0,0,0,0,0,0,0,0,0,0,0,0,0
"XH22-17417 2",0,0,"9/25/2022",0,0," ",0,0,0," ",0,0,0," ",0,0,0,0,0,0,0,0,0,0,0,0,0,0,0,0,0,0,0,0,0,0,0,0,0,0,0,0," ",0,0,0,0," ",0,0,0,0,0,0,0,0,0," ",0,0," ",0,0,0," ",0,0,0,0,0,1,79,1,0,155,70,29.1363163371488,1,1,"Stroke (unspecified)",1,1,57.30689857,0,2.4,100,1,0,0,2,2,2,6,7,0,0,51.34871743,1,1,1,1,51.34871743,3.395585533,43.4782608695652,29,20,0.408163265,8.84778e-08,615039.6379,309824.488,364.5795564,131.4453688,6.10192e-08,127584.125,67076.66194,161.6237435,66.75938527,6.18124e-06,65538.10192,69988.96293,94.78834185,38.5421842,33069.17582,42212.56221,66.20240014,23.16475931,5.55275e-07,0.444417598,0.054417372,0.405107015,0.09370638,0.257475108,0.025608157,0.134328388,-0.305986689,6.6843e-06,0.742524892,2026,182,701467,205938.24,0.315851861,213544.75,0.327016401,7.42938305,40.37729557,0.191829203,7.42938305,40.37729557,0.191829203,0.370667115,165421.05,0.370667115,165421.05,0.39945618,1538756.5,0.39945618,1538756.5,0.348199331,15429.61111,0.348199331,15429.61111,0.389049848,288141.3182,0.389049848,288141.3182,0,0,0,0,0,0,0,0,0,0,0,0,0,0,0,0,0,0,0,0,0,0,0,0,0,0,0,0,0,0,0,0,0,0,0,0,0,0,0,0,0,0,0,0,0,0,0,0,0,0,0,0,0,0,0,0,0,0,0,0,0,0,0,0,0,0,0,0,0,0,0,0,0,0,0,0,0,0,0,0,0,0,0,0,0,0,0,0,0,0,0,0,0,0,0
"XH22-17953 2",0,0,"10/3/2022",0,0," ",0,0,0," ",0,0,0," ",0,0,0,0,0,0,0,0,0,0,0,0,0,0,0,0,0,0,0,0,0,0,0,0,0,0,0,0," ",0,0,0,0," ",0,0,0,0,0,0,0,0,0," ",0,0," ",0,0,0," ",0,0,0,0,0,0,58,1,0,160,52,20.3125,0,0,"Stroke (unspecified)",1,1.2,52.46994022,0,1.36,82,0,0,0,1,3,2,6,6,0,0,69.8621,1,1,1,1,69.8621,2.862054157,11.1111111111111,65,8,0.109589041,1.35715e-07,410354.6923,242114.9265,297.605679,103.4431756,1.67034e-08,113423.625,68376.93901,148.6706194,72.85291299,1.04667e-05,58549.28855,67079.67032,91.62074624,34.65596379,32257.30767,39452.55589,62.54986226,27.36955882,4.17584e-07,0.585156607,0.055691207,0.61282038,0.041388725,0.225576174,0.018882058,0.090876885,-0.57415034,9.51101e-06,0.774423826,5013,200,433252.4918,110395.0164,0.259994467,125116.0392,0.290749053,5.144822187,20.11397403,0.281707167,6.278479651,22.62987883,0.247175783,0.398317283,374975.3333,0.398317283,374975.3333,0.434474516,3614723.5,0.434474516,3614723.5,0.403343367,25700.5,0.403343367,25700.5,0.393919458,680590.8125,0.393919458,680590.8125,0,0,0,0,0,0,0,0,0,0,0,0,0,0,0,0,0,0,0,0,0,0,0,0,0,0,0,0,0,0,0,0,0,0,0,0,0,0,0,0,0,0,0,0,0,0,0,0,0,0,0,0,0,0,0,0,0,0,0,0,0,0,0,0,0,0,0,0,0,0,0,0,0,0,0,0,0,0,0,0,0,0,0,0,0,0,0,0,0,0,0,0,0,0,0
"XH22-20454 1",0,0,"11/7/2022",0,0," ",0,0,0," ",0,0,0," ",0,0,0,0,0,0,0,0,0,0,0,0,0,0,0,0,0,0,0,0,0,0,0,0,0,0,0,0," ",0,0,0,0," ",0,0,0,0,0,0,0,0,0," ",0,0," ",0,0,0," ",0,0,0,0,0,1,74,0,0,170,80,27.681660899654,1,0,"Stroke (unspecified)",1,0.9,89.62182486,0,1.44,87,1,0,0,0,1,2,3,5,0,0,17.03565644,1,0,0,0,17.03565644,0.166147528,0,47,0,0,1.44971e-07,396015.8617,233730.8381,276.5952038,105.1539279,0,0,0,0,0,1.18136e-05,50003.53538,72867.54916,85.58034136,31.84233275,22398.20905,18723.36063,65.28158951,20.68014508,3.17701e-07,0.55889334,0.057410622,0.590719491,0.016023745,0.297532166,0.027800417,0.097187622,-0.611828863,1.26788e-05,0.702467834,3830,103,431315.5349,148852.3488,0.336198163,158235.45,0.340979755,6.284662065,22.34220736,0.315319735,6.284662065,22.34220736,0.315319735,0.500454825,140074.4167,0.500454825,140074.4167,0.443122567,328087.5,0.443122567,328087.5,0.482177261,15837.25,0.482177261,15837.25,0.509593607,202193,0.509593607,202193,0,0,0,0,0,0,0,0,0,0,0,0,0,0,0,0,0,0,0,0,0,0,0,0,0,0,0,0,0,0,0,0,0,0,0,0,0,0,0,0,0,0,0,0,0,0,0,0,0,0,0,0,0,0,0,0,0,0,0,0,0,0,0,0,0,0,0,0,0,0,0,0,0,0,0,0,0,0,0,0,0,0,0,0,0,0,0,0,0,0,0,0,0,0,0
"XH22-20454 2",0,0,"11/7/2022",0,0," ",0,0,0," ",0,0,0," ",0,0,0,0,0,0,0,0,0,0,0,0,0,0,0,0,0,0,0,0,0,0,0,0,0,0,0,0," ",0,0,0,0," ",0,0,0,0,0,0,0,0,0," ",0,0," ",0,0,0," ",0,0,0,0,0,1,74,0,0,170,80,27.681660899654,1,0,"Stroke (unspecified)",1,0.9,89.62182486,0,1.44,87,1,0,0,1,2,2,5,6,0,0,7.263584759,0,0,0,1,0,1.050028075,2.7027027027027,75,1,0.013157895,2.27261e-07,429773.66,228075.441,292.0625693,104.6156885,3.03015e-09,388642,0,316.204048,0,8.03293e-06,64023.96492,72867.21779,91.1550733,36.08670859,33770.25654,36506.19879,68.01982932,23.0869456,2.18171e-07,0.564374585,0.097670923,0.514300004,0.050250197,0.319262148,0.0131883,0.189910407,-0.557572297,8.57548e-06,0.680737852,2651,72,446963.0139,112875.2361,0.255569888,117988.2353,0.263736003,6.641798818,29.97431784,0.226419939,6.641798818,29.97431784,0.226419939,0.521128193,515423.1923,0.521128193,515423.1923,0.605108201,3626780,0.605108201,3626780,0.504736967,20880.75,0.504736967,20880.75,0.528413182,735219.8333,0.528413182,735219.8333,0,0,0,0,0,0,0,0,0,0,0,0,0,0,0,0,0,0,0,0,0,0,0,0,0,0,0,0,0,0,0,0,0,0,0,0,0,0,0,0,0,0,0,0,0,0,0,0,0,0,0,0,0,0,0,0,0,0,0,0,0,0,0,0,0,0,0,0,0,0,0,0,0,0,0,0,0,0,0,0,0,0,0,0,0,0,0,0,0,0,0,0,0,0,0
"XH22-20769 1",0,0,"11/10/2022",0,0," ",0,0,0," ",0,0,0," ",0,0,0,0,0,0,0,0,0,0,0,0,0,0,0,0,0,0,0,0,0,0,0,0,0,0,0,0," ",0,0,0,0," ",0,0,0,0,0,0,0,0,0," ",0,0," ",0,0,0," ",0,0,0,0,0,1,63,0,0,168,82,29.0532879818594,1,0,"Stroke (unspecified)",1,1.5,51.98838981,0,1.39,84,0,0,0,2,3,2,7,7,0,0,17.6441,1,0,0,1,0,5.026763105,20,36,8,0.181818182,9.18056e-08,524364.6667,448341.9017,288.9688759,192.8621842,2.04013e-08,97590.6875,92856.55056,122.2825392,67.48596603,7.59947e-06,57064.19178,78101.53926,84.05561962,43.54914826,33566.9928,54872.22953,63.47250035,34.06250203,4.36077e-07,0.501489068,0.048139631,0.43365741,0.056937065,0.33203461,0.0192448,0.111008437,-0.017043921,7.95441e-06,0.66796539,2980,171,672521.2143,128481.5,0.209403641,144554.375,0.210578634,6.278399339,24.98638917,0.241463527,6.278399339,24.98638917,0.241463527,0.455310864,119614.1154,0.455310864,119614.1154,0.55795058,593515,0.55795058,593515,0.445579527,27790.5,0.445579527,27790.5,0.458230266,147161.2,0.458230266,147161.2,0,0,0,0,0,0,0,0,0,0,0,0,0,0,0,0,0,0,0,0,0,0,0,0,0,0,0,0,0,0,0,0,0,0,0,0,0,0,0,0,0,0,0,0,0,0,0,0,0,0,0,0,0,0,0,0,0,0,0,0,0,0,0,0,0,0,0,0,0,0,0,0,0,0,0,0,0,0,0,0,0,0,0,0,0,0,0,0,0,0,0,0,0,0,0
"XH22-20769 2",0,0,"11/10/2022",0,0," ",0,0,0," ",0,0,0," ",0,0,0,0,0,0,0,0,0,0,0,0,0,0,0,0,0,0,0,0,0,0,0,0,0,0,0,0," ",0,0,0,0," ",0,0,0,0,0,0,0,0,0," ",0,0," ",0,0,0," ",0,0,0,0,0,1,63,0,0,168,82,29.0532879818594,1,0,"Stroke (unspecified)",1,1.5,51.98838981,0,1.39,84,0,0,0,2,3,2,7,7,0,0,52.504,1,1,1,1,52.504,3.342178302,41.6666666666667,47,21,0.308823529,8.72355e-08,453670.2979,484821.7972,245.7895301,223.9762917,3.89776e-08,109661.1905,69673.38917,146.0111635,65.89802464,5.0578e-06,85278.13174,130754.5456,97.36411182,51.34894123,59529.56633,87898.50884,74.65632639,39.40260883,2.70987e-07,0.403275528,0.039576143,0.431319851,0.097838112,0.534578313,0.023169301,0.091755904,-0.206033565,5.25938e-06,0.465421687,2725,146,735262.8393,220789.0357,0.326834573,266004.3478,0.307097576,6.7301315,26.1680914,0.236138971,6.7301315,26.1680914,0.236138971,0.413995576,623226.4643,0.413995576,623226.4643,0.533768326,3769169.5,0.533768326,3769169.5,0.318635185,29725.75,0.318635185,29725.75,0.452139732,860626.75,0.452139732,860626.75,0,0,0,0,0,0,0,0,0,0,0,0,0,0,0,0,0,0,0,0,0,0,0,0,0,0,0,0,0,0,0,0,0,0,0,0,0,0,0,0,0,0,0,0,0,0,0,0,0,0,0,0,0,0,0,0,0,0,0,0,0,0,0,0,0,0,0,0,0,0,0,0,0,0,0,0,0,0,0,0,0,0,0,0,0,0,0,0,0,0,0,0,0,0,0
"XH22-22084 1",0,0,"11/29/2022",0,0," ",0,0,0," ",0,0,0," ",0,0,0,0,0,0,0,0,0,0,0,0,0,0,0,0,0,0,0,0,0,0,0,0,0,0,0,0," ",0,0,0,0," ",0,0,0,0,0,0,0,0,0," ",0,0," ",0,0,0," ",0,0,0,0,0,1,63,0,0,170,90,31.1418685121107,1,1,"Anoxia",5,1.27,63.48211864,0,1.58,92,1,0,0,0,2,2,4,4,0,0,48.2366,1,1,1,1,48.2366,0.254531679,0,37,0,0,1.40561e-07,453556.8514,231476.7795,318.1877416,124.0409436,0,0,0,0,0,7.24081e-06,65205.00236,67736.86694,92.3915952,32.2092509,40746.64441,49414.04557,67.51240358,22.45937662,3.41906e-07,0.470651597,0.063752552,0.472136887,0.02531935,0.380475219,0.019447257,0.135029806,0.063824816,8.18118e-06,0.619524781,1906,90,493555.0735,126740.2941,0.236021898,130108.8788,0.241049202,6.108146739,24.46305762,0.3115697,6.108146739,24.46305762,0.3115697,0.404090258,239689.125,0.404090258,239689.125,0.468640817,2770566,0.468640817,2770566,0.315186678,16475.125,0.315186678,16475.125,0.433724784,314093.7917,0.433724784,314093.7917,0,0,0,0,0,0,0,0,0,0,0,0,0,0,0,0,0,0,0,0,0,0,0,0,0,0,0,0,0,0,0,0,0,0,0,0,0,0,0,0,0,0,0,0,0,0,0,0,0,0,0,0,0,0,0,0,0,0,0,0,0,0,0,0,0,0,0,0,0,0,0,0,0,0,0,0,0,0,0,0,0,0,0,0,0,0,0,0,0,0,0,0,0,0,0
"XH22-22084 2",0,0,"11/29/2022",0,0," ",0,0,0," ",0,0,0," ",0,0,0,0,0,0,0,0,0,0,0,0,0,0,0,0,0,0,0,0,0,0,0,0,0,0,0,0," ",0,0,0,0," ",0,0,0,0,0,0,0,0,0," ",0,0," ",0,0,0," ",0,0,0,0,0,1,63,0,0,170,90,31.1418685121107,1,1,"Anoxia",5,1.27,63.48211864,0,1.58,92,1,0,0,1,2,2,5,5,0,0,47.4039,1,1,1,1,47.4039,1.146220397,5.55555555555556,35,2,0.054054054,1.58209e-07,571061.7286,359621.3497,350.6297872,149.9435447,9.04052e-09,241229,16688.5,262.3829242,8.497123077,9.13544e-06,47479.56927,40059.09847,85.31883828,30.69987905,23331.32985,18733.0707,64.18415123,19.58867138,4.15864e-07,0.440631045,0.090347114,0.433746785,0.039724541,0.442726565,0.038437217,0.208294602,-0.011046312,1.1949e-05,0.557273435,2021,92,644629.2097,172418.8065,0.272979925,172418.8065,0.272979925,6.434053473,21.46986993,0.300345403,6.434053473,21.46986993,0.300345403,0.450305957,77058.76471,0.450305957,77058.76471,0.662959161,509252,0.662959161,509252,0.389580161,22897.91667,0.389580161,22897.91667,0.483429118,106601.0455,0.483429118,106601.0455,0,0,0,0,0,0,0,0,0,0,0,0,0,0,0,0,0,0,0,0,0,0,0,0,0,0,0,0,0,0,0,0,0,0,0,0,0,0,0,0,0,0,0,0,0,0,0,0,0,0,0,0,0,0,0,0,0,0,0,0,0,0,0,0,0,0,0,0,0,0,0,0,0,0,0,0,0,0,0,0,0,0,0,0,0,0,0,0,0,0,0,0,0,0,0
"XH23-01369 1",0,0,"1/19/2023",0,0," ",0,0,0," ",0,0,0," ",0,0,0,0,0,0,0,0,0,0,0,0,0,0,0,0,0,0,0,0,0,0,0,0,0,0,0,0," ",0,0,0,0," ",0,0,0,0,0,0,0,0,0," ",0,0," ",0,0,0," ",0,0,0,0,0,1,71,0,0,170,85,29.4117647058824,1,1,"Stroke (unspecified)",1,1.21,64.01258601,0,1.9,99,1,0,0,1,1,2,4,5,0,0,19.79875754,1,0,0,0,19.79875754,2.136318923,5.26315789473684,114,5,0.042016807,1.66315e-07,328390.1535,166918.1898,270.8439604,95.51396502,7.29453e-09,243031.1,156895.7462,220.961676,73.07214067,1.41032e-05,37947.43069,47221.26398,76.9638599,28.59761175,17327.47805,17243.41861,51.38589169,16.93254769,3.45761e-07,0.431671366,0.054616318,0.535182042,0.014292218,0.283649835,0.031674306,0.10205185,-0.325189449,1.49908e-05,0.716350165,9667,237,349461.5748,190547.9346,0.551350959,195821,0.546457108,8.207976044,33.18514577,0.204404733,8.225749657,33.58479148,0.202286623,0.360553601,57314.57813,0.360553601,57314.57813,0.573400113,356510,0.573400113,356510,0.325940256,20838.85,0.343095006,20838.85,0.41824251,118107.4583,0.41824251,118107.4583,0,0,0,0,0,0,0,0,0,0,0,0,0,0,0,0,0,0,0,0,0,0,0,0,0,0,0,0,0,0,0,0,0,0,0,0,0,0,0,0,0,0,0,0,0,0,0,0,0,0,0,0,0,0,0,0,0,0,0,0,0,0,0,0,0,0,0,0,0,0,0,0,0,0,0,0,0,0,0,0,0,0,0,0,0,0,0,0,0,0,0,0,0,0,0
"XH23-01369 2",0,0,"1/19/2023",0,0," ",0,0,0," ",0,0,0," ",0,0,0,0,0,0,0,0,0,0,0,0,0,0,0,0,0,0,0,0,0,0,0,0,0,0,0,0," ",0,0,0,0," ",0,0,0,0,0,0,0,0,0," ",0,0," ",0,0,0," ",0,0,0,0,0,1,71,0,0,170,85,29.4117647058824,1,1,"Stroke (unspecified)",1,1.21,64.01258601,0,1.9,99,1,0,0,1,3,4,8,8,0,0,57.6766,1,1,1,1,57.6766,18.07315014,11.2903225806452,117,14,0.106870229,1.64385e-07,266735.9744,144830.6563,243.6088294,80.37914293,1.967e-08,144975.1071,65783.01752,190.122569,48.10904466,1.11374e-05,34106.22707,32820.25945,70.99324771,24.87188377,14355.81503,17903.45284,47.59520353,18.61964284,5.6762e-07,0.406406138,0.043847364,0.379855637,0.062292547,0.229612102,0.044744648,0.115431654,0.22888364,1.26546e-05,0.770387898,7927,404,273571.3991,132401.3158,0.469647063,144838.402,0.473919847,7.784831727,41.83285656,0.101050807,7.780452445,41.67791596,0.101765091,0.346429658,398524.4219,0.346429658,398524.4219,0.487505174,9642421.5,0.487505174,9642421.5,0.30733698,17789.18421,0.30733698,17789.18421,0.403565109,954983.6154,0.403565109,954983.6154,0,0,0,0,0,0,0,0,0,0,0,0,0,0,0,0,0,0,0,0,0,0,0,0,0,0,0,0,0,0,0,0,0,0,0,0,0,0,0,0,0,0,0,0,0,0,0,0,0,0,0,0,0,0,0,0,0,0,0,0,0,0,0,0,0,0,0,0,0,0,0,0,0,0,0,0,0,0,0,0,0,0,0,0,0,0,0,0,0,0,0,0,0,0,0
"XH23-03908 1",0,0,"2/20/2023",0,0," ",0,0,0," ",0,0,0," ",0,0,0,0,0,0,0,0,0,0,0,0,0,0,0,0,0,0,0,0,0,0,0,0,0,0,0,0," ",0,0,0,0," ",0,0,0,0,0,0,0,0,0," ",0,0," ",0,0,0," ",0,0,0,0,0,1,65,0,0,185,97,28.3418553688824,1,1,"Stroke (unspecified)",1,0.87,95.75672287,0,1.48,89,1,0,0,1,1,2,4,6,0,0,17.02907057,1,0,0,0,17.02907057,6.160294484,9.09090909090909,23,3,0.115384615,8.80215e-08,706367.4783,456155.1104,373.1603968,186.909804,1.14811e-08,218686,32948.30576,219.5695397,16.5997154,6.54421e-06,60539.85263,59944.70128,87.68625676,33.32963876,289438.5,0,144.4991349,0,2.75546e-07,0.534862951,0.062175537,0.396185412,0.018437637,4.418874665,0,0.156935452,0.20007836,6.64587e-06,-3.418874665,1710,72,850760.9737,212343.9474,0.25460639,212343.9474,0.25460639,6.380185934,37.5220404,0.198604157,6.380185934,37.5220404,0.198604157,0.400547007,220534,0.400547007,220534,0.586977546,628687,0.586977546,628687,0.307331738,16457.5,0.307331738,16457.5,0.586977546,628687,0.586977546,628687,0,0,0,0,0,0,0,0,0,0,0,0,0,0,0,0,0,0,0,0,0,0,0,0,0,0,0,0,0,0,0,0,0,0,0,0,0,0,0,0,0,0,0,0,0,0,0,0,0,0,0,0,0,0,0,0,0,0,0,0,0,0,0,0,0,0,0,0,0,0,0,0,0,0,0,0,0,0,0,0,0,0,0,0,0,0,0,0,0,0,0,0,0,0,0
"XH23-03908 2",0,0,"2/20/2023",0,0," ",0,0,0," ",0,0,0," ",0,0,0,0,0,0,0,0,0,0,0,0,0,0,0,0,0,0,0,0,0,0,0,0,0,0,0,0," ",0,0,0,0," ",0,0,0,0,0,0,0,0,0," ",0,0," ",0,0,0," ",0,0,0,0,0,1,65,0,0,185,97,28.3418553688824,1,1,"Stroke (unspecified)",1,0.87,95.75672287,0,1.48,89,1,0,0,1,1,4,6,6,0,0,6.04483779,0,0,0,0,0,7.652406704,13.3333333333333,28,4,0.125,1.54452e-07,730596.375,556511.2385,370.9523984,186.835289,2.20645e-08,331953,62579.06917,294.757972,28.51294327,5.11345e-06,65893.63916,64142.59233,91.73384207,36.69979906,33393.78571,22333.5847,71.89135684,24.04587784,2.31677e-07,0.439479901,0.112841749,0.336943817,0.075035207,0.113329094,0.040793946,0.334897817,0.219117985,5.26863e-06,0.886670906,927,42,786195.1346,155435.0385,0.210280396,173941.7391,0.199556013,5.793141015,39.22826548,0.200083436,5.793141015,39.22826548,0.200083436,0.378583217,729558.5,0.378583217,729558.5,0,5725178,0,5725178,0.273649795,33664.33333,0.273649795,33664.33333,0.441543271,1077505.583,0.441543271,1077505.583,0,0,0,0,0,0,0,0,0,0,0,0,0,0,0,0,0,0,0,0,0,0,0,0,0,0,0,0,0,0,0,0,0,0,0,0,0,0,0,0,0,0,0,0,0,0,0,0,0,0,0,0,0,0,0,0,0,0,0,0,0,0,0,0,0,0,0,0,0,0,0,0,0,0,0,0,0,0,0,0,0,0,0,0,0,0,0,0,0,0,0,0,0,0,0
"XH23-06547 1",0,0,"3/25/2023",0,0," ",0,0,0," ",0,0,0," ",0,0,0,0,0,0,0,0,0,0,0,0,0,0,0,0,0,0,0,0,0,0,0,0,0,0,0,0," ",0,0,0,0," ",0,0,0,0,0,0,0,0,0," ",0,0," ",0,0,0," ",0,0,0,0,0,1,75,0,0,178,71,22.4087867693473,0,0,"Stroke (unspecified)",1,0.77,93.36278839,0,1.3,78,0,0,0,1,2,2,5,4,0,0,9.239862765,0,0,0,1,0,6.691247928,4.08163265306122,99,4,0.038834951,2.12643e-07,340062.1263,172382.6628,281.8787575,87.77394287,8.59163e-09,102405.625,11840.69219,156.7940766,11.17441484,8.51645e-06,52529.92585,77151.04571,78.3703725,34.55972731,65147.725,104107.2117,69.80079367,24.04430014,3.50109e-07,0.39452363,0.072311741,0.447368433,0.010996871,0.662302754,0.000570386,0.161638005,0.107111144,8.80662e-06,0.337697246,3965,163,359931.9946,88363.68817,0.260774135,93107.70115,0.27096316,5.104672849,28.34219941,0.303363103,5.104672849,28.34219941,0.303363103,0.417827622,84182.88889,0.417827622,84182.88889,0.782378778,1050139,0.782378778,1050139,0.379558447,17283.26923,0.379558447,17283.26923,0.517327477,258121.9,0.517327477,258121.9,0,0,0,0,0,0,0,0,0,0,0,0,0,0,0,0,0,0,0,0,0,0,0,0,0,0,0,0,0,0,0,0,0,0,0,0,0,0,0,0,0,0,0,0,0,0,0,0,0,0,0,0,0,0,0,0,0,0,0,0,0,0,0,0,0,0,0,0,0,0,0,0,0,0,0,0,0,0,0,0,0,0,0,0,0,0,0,0,0,0,0,0,0,0,0
"XH23-06547 2",0,0,"3/25/2023",0,0," ",0,0,0," ",0,0,0," ",0,0,0,0,0,0,0,0,0,0,0,0,0,0,0,0,0,0,0,0,0,0,0,0,0,0,0,0," ",0,0,0,0," ",0,0,0,0,0,0,0,0,0," ",0,0," ",0,0,0," ",0,0,0,0,0,1,75,0,0,178,71,22.4087867693473,0,0,"Stroke (unspecified)",1,0.77,93.36278839,0,1.3,78,0,0,0,2,1,2,5,5,0,0,15.0296,1,0,0,0,0,0.407566939,20,8,2,0.2,8.63015e-08,356061.8125,200179.1414,276.4702683,140.7806477,2.15754e-08,109600,14351.5,154.5873099,13.10586232,8.59779e-06,45636.05772,54957.97874,72.85274373,27.08839916,48495.26908,76675.75733,62.25457507,23.27218556,5.50172e-07,0.560113815,0.030728669,0.392369103,0.059370551,0.288872441,0.008745239,0.07831572,-0.230978549,6.43327e-06,0.711127559,797,51,469906.5833,104387,0.220966403,104387,0.220966403,4.823903372,26.29480011,0.281064277,4.823903372,26.29480011,0.281064277,0.516619009,36256.5,0.516619009,36256.5,0.516619009,36256.5,0.516619009,36256.5,0,0,0,0,0.516619009,36256.5,0.516619009,36256.5,0,0,0,0,0,0,0,0,0,0,0,0,0,0,0,0,0,0,0,0,0,0,0,0,0,0,0,0,0,0,0,0,0,0,0,0,0,0,0,0,0,0,0,0,0,0,0,0,0,0,0,0,0,0,0,0,0,0,0,0,0,0,0,0,0,0,0,0,0,0,0,0,0,0,0,0,0,0,0,0,0,0,0,0,0,0,0,0,0,0,0,0,0,0,0
"XH23-08067 1",0,0,"4/14/2023",0,0," ",0,0,0," ",0,0,0," ",0,0,0,0,0,0,0,0,0,0,0,0,0,0,0,0,0,0,0,0,0,0,0,0,0,0,0,0," ",0,0,0,0," ",0,0,0,0,0,0,0,0,0," ",0,0," ",0,0,0," ",0,0,0,0,0,1,75,0,0,163,85,31.9921713274869,0,0,"Stroke (unspecified)",1,0.82,91.60564343,0,1.34,81,0,0,0,1,2,2,5,6,0,0,72.70575552,1,1,1,1,0,0.230228658,12.5,22,2,0.083333333,6.76082e-07,262881.5,242223.479,204.2278054,147.6753314,6.1462e-08,125060.25,14483.75,170.0983659,13.74939723,5.80201e-05,59751.83686,71406.5021,90.01236057,37.50437895,35748.38806,45632.968,64.03490782,21.26620054,5.83889e-06,0.615590254,0.177729325,3.466806771,0.295254235,0.262471667,0.019070656,0.051266002,-3.16374593,9.66393e-06,0.737528333,1888,190,435231.1667,45611,0.104820347,61554.66667,0.150083358,4.464380627,19.95635565,0.318769296,4.464380627,19.95635565,0.318769296,0.686509898,345966.9091,0.686509898,345966.9091,0.887077292,3052643,0.887077292,3052643,0.563820297,23968.41667,0.563820297,23968.41667,0.833737419,732365.1,0.833737419,732365.1,0,0,0,0,0,0,0,0,0,0,0,0,0,0,0,0,0,0,0,0,0,0,0,0,0,0,0,0,0,0,0,0,0,0,0,0,0,0,0,0,0,0,0,0,0,0,0,0,0,0,0,0,0,0,0,0,0,0,0,0,0,0,0,0,0,0,0,0,0,0,0,0,0,0,0,0,0,0,0,0,0,0,0,0,0,0,0,0,0,0,0,0,0,0,0
"XH23-08067 2",0,0,"4/14/2023",0,0," ",0,0,0," ",0,0,0," ",0,0,0,0,0,0,0,0,0,0,0,0,0,0,0,0,0,0,0,0,0,0,0,0,0,0,0,0," ",0,0,0,0," ",0,0,0,0,0,0,0,0,0," ",0,0," ",0,0,0," ",0,0,0,0,0,1,75,0,0,163,85,31.9921713274869,0,0,"Stroke (unspecified)",1,0.82,91.60564343,0,1.34,81,0,0,0,1,1,2,4,5,0,0,22.7832,1,1,0,0,22.7832,0.747777586,9.52380952380952,41,4,0.088888889,8.31596e-08,470457.6585,253882.9223,323.0468506,128.2503293,8.11313e-09,111087.375,27942.64513,164.6697773,13.35531549,8.2186e-06,65807.39956,82015.18704,93.28154591,40.15822769,34566.9783,38353.06879,67.32196222,21.24240524,3.79289e-07,0.469465016,0.03912308,0.540844984,0.014682861,0.421210568,0.020656681,0.072336957,-0.162975156,8.85863e-06,0.578789432,4052,187,530187.125,107599.3889,0.202710965,112904.8529,0.210564912,5.159734927,25.57409206,0.264382168,5.159734927,25.57409206,0.264382168,0.469150887,77606.65789,0.469150887,77606.65789,0.541699592,206636.5,0.541699592,206636.5,0.481687718,20507.3125,0.481687718,20507.3125,0.460033192,119133.4545,0.460033192,119133.4545,0,0,0,0,0,0,0,0,0,0,0,0,0,0,0,0,0,0,0,0,0,0,0,0,0,0,0,0,0,0,0,0,0,0,0,0,0,0,0,0,0,0,0,0,0,0,0,0,0,0,0,0,0,0,0,0,0,0,0,0,0,0,0,0,0,0,0,0,0,0,0,0,0,0,0,0,0,0,0,0,0,0,0,0,0,0,0,0,0,0,0,0,0,0,0
"XH23-11571 1",0,0,"6/1/2023",0,0," ",0,0,0," ",0,0,0," ",0,0,0,0,0,0,0,0,0,0,0,0,0,0,0,0,0,0,0,0,0,0,0,0,0,0,0,0," ",0,0,0,0," ",0,0,0,0,0,0,0,0,0," ",0,0," ",0,0,0," ",0,0,0,0,0,1,53,0,0,175,95,31.0204081632653,1,1,"Stroke (unspecified)",1,1.32,64.49666163,0,1.42,86,1,0,0,1,2,2,5,5,0,0,17.0366,1,0,0,1,0,0.451084057,9.67741935483871,68,9,0.116883117,1.18648e-07,466075.4779,281774.1159,307.9989407,131.8031269,1.57034e-08,126639.7222,178641.0749,128.1341286,117.1825764,6.78734e-06,65467.04794,154509.0755,91.51607543,36.36789622,21795.26925,18981.43461,60.08057792,17.2458275,3.26281e-07,0.451814492,0.055298738,0.444347166,0.01997021,0.292678126,0.027651758,0.1244494,-0.166785327,9.60525e-06,0.707321874,3890,187,472999.5597,236088.6418,0.50684941,277732.3519,0.498536997,8.044034928,38.61978092,0.204708191,8.044034928,38.61978092,0.204708191,0.417443065,132378.6,0.417443065,132378.6,0.550042715,960654.5,0.550042715,960654.5,0.451927363,24650.08333,0.451927363,24650.08333,0.406553287,166398.1316,0.406553287,166398.1316,0,0,0,0,0,0,0,0,0,0,0,0,0,0,0,0,0,0,0,0,0,0,0,0,0,0,0,0,0,0,0,0,0,0,0,0,0,0,0,0,0,0,0,0,0,0,0,0,0,0,0,0,0,0,0,0,0,0,0,0,0,0,0,0,0,0,0,0,0,0,0,0,0,0,0,0,0,0,0,0,0,0,0,0,0,0,0,0,0,0,0,0,0,0,0
"XH23-12347 1",0,0,"6/13/2023",0,0," ",0,0,0," ",0,0,0," ",0,0,0,0,0,0,0,0,0,0,0,0,0,0,0,0,0,0,0,0,0,0,0,0,0,0,0,0," ",0,0,0,0," ",0,0,0,0,0,0,0,0,0," ",0,0," ",0,0,0," ",0,0,0,0,0,1,61,1,0,155,70,29.1363163371488,0,1,"Anoxia",5,0.7,98.33483511,0,1.41,85,0,0,0,0,1,2,3,3,0,0,14.58939577,0,0,0,0,14.58939577,0.509804385,0,22,0,0,1.65632e-07,271534.0455,248661.8454,216.5571202,150.4425745,0,0,0,0,0,1.2174e-05,56291.01701,57709.74171,84.49087856,29.20648409,33642.2056,39852.50309,63.97062643,21.43418017,2.63506e-07,0.613651832,0.044974763,0.685284686,0.04455184,0.27949156,0.004755633,0.065629313,0.189301863,9.67021e-06,0.72050844,1617,35,386036.4,91573.93333,0.230135553,111121.25,0.261712194,5.871165851,25.66620445,0.413770909,5.871165851,25.66620445,0.413770909,0.492687509,62068.07143,0.492687509,62068.07143,0.656442028,305698,0.656442028,305698,0.465395089,21463.08333,0.465395089,21463.08333,0.656442028,305698,0.656442028,305698,0,0,0,0,0,0,0,0,0,0,0,0,0,0,0,0,0,0,0,0,0,0,0,0,0,0,0,0,0,0,0,0,0,0,0,0,0,0,0,0,0,0,0,0,0,0,0,0,0,0,0,0,0,0,0,0,0,0,0,0,0,0,0,0,0,0,0,0,0,0,0,0,0,0,0,0,0,0,0,0,0,0,0,0,0,0,0,0,0,0,0,0,0,0,0
"XH23-12347 2",0,0,"6/13/2023",0,0," ",0,0,0," ",0,0,0," ",0,0,0,0,0,0,0,0,0,0,0,0,0,0,0,0,0,0,0,0,0,0,0,0,0,0,0,0," ",0,0,0,0," ",0,0,0,0,0,0,0,0,0," ",0,0," ",0,0,0," ",0,0,0,0,0,1,61,1,0,155,70,29.1363163371488,0,1,"Anoxia",5,0.7,98.33483511,0,1.41,85,0,0,0,1,1,2,4,4,0,0,20.9259,1,1,0,0,20.9259,0.017477459,6.45161290322581,58,4,0.064516129,1.82242e-07,396750.2241,161442.1452,302.520465,90.13126053,1.25684e-08,164424.375,21949.88983,199.3679965,17.30323633,1.19054e-05,39051.21536,36520.54121,75.30823664,24.56938035,52651.48364,59237.10459,76.04290691,23.32309933,3.17353e-07,0.544539733,0.072304658,0.464922177,0.031058356,0.808015479,0,0.155519917,0.18595636,1.22365e-05,0.191984521,3789,101,424498.8704,121340.6111,0.28292203,125489.6346,0.283432532,6.37730642,22.46840561,0.391384206,6.37730642,22.46840561,0.391384206,0.560779711,62696.67742,0.560779711,62696.67742,0.714162867,266099,0.714162867,266099,0.506859087,16080.83333,0.506859087,16080.83333,0.635439036,127241.6923,0.635439036,127241.6923,0,0,0,0,0,0,0,0,0,0,0,0,0,0,0,0,0,0,0,0,0,0,0,0,0,0,0,0,0,0,0,0,0,0,0,0,0,0,0,0,0,0,0,0,0,0,0,0,0,0,0,0,0,0,0,0,0,0,0,0,0,0,0,0,0,0,0,0,0,0,0,0,0,0,0,0,0,0,0,0,0,0,0,0,0,0,0,0,0,0,0,0,0,0,0
"XH23-12632 1",0,0,"6/16/2023",0,0," ",0,0,0," ",0,0,0," ",0,0,0,0,0,0,0,0,0,0,0,0,0,0,0,0,0,0,0,0,0,0,0,0,0,0,0,0," ",0,0,0,0," ",0,0,0,0,0,0,0,0,0," ",0,0," ",0,0,0," ",0,0,0,0,0,1,61,1,0,147,68,31.4683696607895,0,0,"Stroke (unspecified)",1,1.3,46.78353336,0,1.41,85,0,0,0,2,3,2,7,6,0,0,60.2699,1,1,1,1,60.2699,2.08951954,22.2222222222222,64,19,0.228915663,1.46867e-07,455436.5156,233574.7835,321.2149089,104.6320837,4.36011e-08,113471.5526,53899.45731,158.4731357,56.83958958,1.3335e-05,38883.38358,39970.94012,79.26720195,30.87209959,26489.75,23060.79672,74.02125253,39.60245162,2.7308e-07,0.410871427,0.066888469,0.518511456,0.034673286,0.152764412,0,0.129000947,0.147765436,1.35132e-05,0.847235588,5811,119,462056.6694,114941.4355,0.262419429,130785.7736,0.265509819,6.057196543,26.0637269,0.273751482,6.057196543,26.0637269,0.273751482,0.406337061,226413.9286,0.406337061,226413.9286,0.587280787,1482578,0.587280787,1482578,0.353115512,17415.27273,0.353115512,17415.27273,0.464880765,456312.45,0.464880765,456312.45,0,0,0,0,0,0,0,0,0,0,0,0,0,0,0,0,0,0,0,0,0,0,0,0,0,0,0,0,0,0,0,0,0,0,0,0,0,0,0,0,0,0,0,0,0,0,0,0,0,0,0,0,0,0,0,0,0,0,0,0,0,0,0,0,0,0,0,0,0,0,0,0,0,0,0,0,0,0,0,0,0,0,0,0,0,0,0,0,0,0,0,0,0,0,0
"XH23-12632 2",0,0,"6/16/2023",0,0," ",0,0,0," ",0,0,0," ",0,0,0,0,0,0,0,0,0,0,0,0,0,0,0,0,0,0,0,0,0,0,0,0,0,0,0,0," ",0,0,0,0," ",0,0,0,0,0,0,0,0,0," ",0,0," ",0,0,0," ",0,0,0,0,0,1,61,1,0,147,68,31.4683696607895,0,0,"Stroke (unspecified)",1,1.3,46.78353336,0,1.41,85,0,0,0,2,2,2,6,6,0,0,87.3794,1,1,1,1,87.3794,4.366567885,27.5862068965517,88,32,0.266666667,1.40554e-07,499388.3409,251449.3502,330.8566562,123.2779024,5.11106e-08,147994.0625,61142.07968,191.8109185,47.16437004,9.19192e-06,45103.89096,49309.56604,80.95785873,36.66137697,18477.975,11058.0063,57.57674573,17.45475152,2.37984e-07,0.33830919,0.070191111,0.414591488,0.021572089,0.192822975,0.001436939,0.169301862,0.306212562,9.3868e-06,0.807177025,5755,149,535860.6159,166013.7805,0.325700893,177023.1842,0.328598493,6.851483625,28.42518912,0.265134185,6.851483625,28.42518912,0.265134185,0.379596349,101116.1897,0.379596349,101116.1897,0.225720112,542253,0.225720112,542253,0.348352446,18254.54167,0.348352446,18254.54167,0.40165087,159606.7647,0.40165087,159606.7647,0,0,0,0,0,0,0,0,0,0,0,0,0,0,0,0,0,0,0,0,0,0,0,0,0,0,0,0,0,0,0,0,0,0,0,0,0,0,0,0,0,0,0,0,0,0,0,0,0,0,0,0,0,0,0,0,0,0,0,0,0,0,0,0,0,0,0,0,0,0,0,0,0,0,0,0,0,0,0,0,0,0,0,0,0,0,0,0,0,0,0,0,0,0,0
"XH23-16567 1",0,0,"8/18/2023",0,0," ",0,0,0," ",0,0,0," ",0,0,0,0,0,0,0,0,0,0,0,0,0,0,0,0,0,0,0,0,0,0,0,0,0,0,0,0," ",0,0,0,0," ",0,0,0,0,0,0,0,0,0," ",0,0," ",0,0,0," ",0,0,0,0,0,1,70,1,0,165,70,25.7116620752984,1,1,"Stroke (unspecified)",1,0.7,92.98188056,0,1.85,98,1,0,0,0,3,0,3,3,0,0,60.365,1,1,1,1,60.365,0.06359926,0,7,0,0,8.1991e-08,272579.2857,108108.1704,255.5049008,51.96663702,0,0,0,0,0,7.01609e-06,44407.68447,42919.17187,79.93325896,28.42856475,24204.85166,23928.88179,60.67355644,17.46007264,5.73937e-07,0.340670408,0.022349052,0.311568231,0.11365202,0.363419797,0.00852496,0.071730844,-0.346700455,9.87078e-06,0.636580203,599,49,272579.2857,133322.5714,0.479604352,133322.5714,0.479604352,8.462024239,43.42140223,0.165689885,8.462024239,43.42140223,0.165689885,0.406634002,128707.8636,0.406634002,128707.8636,0.413086721,1123581,0.413086721,1123581,0.369167575,18079.8125,0.369167575,18079.8125,0.506544474,423716,0.506544474,423716,0,0,0,0,0,0,0,0,0,0,0,0,0,0,0,0,0,0,0,0,0,0,0,0,0,0,0,0,0,0,0,0,0,0,0,0,0,0,0,0,0,0,0,0,0,0,0,0,0,0,0,0,0,0,0,0,0,0,0,0,0,0,0,0,0,0,0,0,0,0,0,0,0,0,0,0,0,0,0,0,0,0,0,0,0,0,0,0,0,0,0,0,0,0,0
"XH23-18901 1",0,0,"9/22/2023",0,0," ",0,0,0," ",0,0,0," ",0,0,0,0,0,0,0,0,0,0,0,0,0,0,0,0,0,0,0,0,0,0,0,0,0,0,0,0," ",0,0,0,0," ",0,0,0,0,0,0,0,0,0," ",0,0," ",0,0,0," ",0,0,0,0,0,1,72,1,0,158,64,25.6369171607114,0,1,"Stroke (unspecified)",1,0.7,91.83247947,0,1.85,98,1,0,0,1,2,2,5,4,0,0,32.1325,1,1,1,1,32.1325,7.904796692,8.33333333333333,22,2,0.083333333,2.80644e-07,393604.6591,159006.0975,295.6680477,80.50294252,2.55131e-08,150643.25,14907.75,200.7967302,8.583307102,1.7604e-05,42184.50145,43494.53093,76.94961241,31.99298912,17641.0483,22046.7507,56.71345772,21.10000146,8.16418e-07,0.594682207,0.110462677,0.74261661,0.049000611,0.238997855,0.026433113,0.148747921,-0.219680469,1.43606e-05,0.761002145,1380,64,412168.5714,116899.0476,0.299802444,116899.0476,0.299802444,6.399449867,31.12420321,0.288048341,6.399449867,31.12420321,0.288048341,0.394510236,90130.04167,0.394510236,90130.04167,0.608651669,463913.5,0.608651669,463913.5,0.32829503,17871.5625,0.32829503,17871.5625,0.526940648,234647,0.526940648,234647,0,0,0,0,0,0,0,0,0,0,0,0,0,0,0,0,0,0,0,0,0,0,0,0,0,0,0,0,0,0,0,0,0,0,0,0,0,0,0,0,0,0,0,0,0,0,0,0,0,0,0,0,0,0,0,0,0,0,0,0,0,0,0,0,0,0,0,0,0,0,0,0,0,0,0,0,0,0,0,0,0,0,0,0,0,0,0,0,0,0,0,0,0,0,0
"XH23-18901 2",0,0,"9/22/2023",0,0," ",0,0,0," ",0,0,0," ",0,0,0,0,0,0,0,0,0,0,0,0,0,0,0,0,0,0,0,0,0,0,0,0,0,0,0,0," ",0,0,0,0," ",0,0,0,0,0,0,0,0,0," ",0,0," ",0,0,0," ",0,0,0,0,0,1,72,1,0,158,64,25.6369171607114,0,1,"Stroke (unspecified)",1,0.7,91.83247947,0,1.85,98,1,0,0,1,3,2,6,4,0,0,67.96611582,1,1,1,1,67.96611582,0.666485861,4.34782608695652,43,4,0.085106383,1.55193e-07,434719.1512,193538.5356,326.164067,84.25239749,1.44365e-08,69893.125,69361.9567,105.0440097,91.80961841,1.12749e-05,46280.62276,44201.28303,82.63123805,30.30086663,28074.6815,31112.53937,62.3172128,18.88858415,4.54751e-07,0.415729532,0.06746532,0.521811412,0.052852731,0.527476938,0.009487906,0.129290617,-0.280821191,1.38806e-05,0.472523062,3124,126,434719.1512,103303,0.235305982,103303,0.235305982,6.396907539,29.75909848,0.302529256,6.396907539,29.75909848,0.302529256,0.326146249,76761.2381,0.326146249,76761.2381,0.500876686,1024190.5,0.500876686,1024190.5,0.28501519,17067.1875,0.28501519,17067.1875,0.457765638,267782.2,0.457765638,267782.2,0,0,0,0,0,0,0,0,0,0,0,0,0,0,0,0,0,0,0,0,0,0,0,0,0,0,0,0,0,0,0,0,0,0,0,0,0,0,0,0,0,0,0,0,0,0,0,0,0,0,0,0,0,0,0,0,0,0,0,0,0,0,0,0,0,0,0,0,0,0,0,0,0,0,0,0,0,0,0,0,0,0,0,0,0,0,0,0,0,0,0,0,0,0,0
"XH23-19921 1",0,0,"10/5/2023",0,0," ",0,0,0," ",0,0,0," ",0,0,0,0,0,0,0,0,0,0,0,0,0,0,0,0,0,0,0,0,0,0,0,0,0,0,0,0," ",0,0,0,0," ",0,0,0,0,0,0,0,0,0," ",0,0," ",0,0,0," ",0,0,0,0,0,1,73,0,0,160,74,28.90625,1,1,"Stroke (unspecified)",1,0.81,93.09654258,0,1.99,99,1,0,0,1,1,2,4,5,0,0,25.032117,1,1,1,1,25.032117,0.656826638,11.7647058823529,30,4,0.117647059,1.56917e-07,367932.6,159984.0562,291.7202679,85.24329071,2.09223e-08,82464.375,50498.69092,124.0216005,59.18946373,9.69748e-06,47872.9617,46637.24503,82.36937602,27.64442363,19551.25912,23920.57719,52.9898097,17.19473777,5.70132e-07,0.461777198,0.057734917,0.464246936,0.044764345,0.238486741,0.037134828,0.124362515,-0.278806969,1.15864e-05,0.761513259,1854,109,380609.2931,145605.8966,0.371445889,145605.8966,0.371445889,7.228346728,24.76551668,0.31708674,7.228346728,24.76551668,0.31708674,0.40656413,38793.1,0.40656413,38793.1,0.637450543,189312,0.637450543,189312,0.370470964,17884.22727,0.370470964,17884.22727,0.505820335,96292.5,0.505820335,96292.5,0,0,0,0,0,0,0,0,0,0,0,0,0,0,0,0,0,0,0,0,0,0,0,0,0,0,0,0,0,0,0,0,0,0,0,0,0,0,0,0,0,0,0,0,0,0,0,0,0,0,0,0,0,0,0,0,0,0,0,0,0,0,0,0,0,0,0,0,0,0,0,0,0,0,0,0,0,0,0,0,0,0,0,0,0,0,0,0,0,0,0,0,0,0,0
"XH23-19921 2",0,0,"10/5/2023",0,0," ",0,0,0," ",0,0,0," ",0,0,0,0,0,0,0,0,0,0,0,0,0,0,0,0,0,0,0,0,0,0,0,0,0,0,0,0," ",0,0,0,0," ",0,0,0,0,0,0,0,0,0," ",0,0," ",0,0,0," ",0,0,0,0,0,1,73,0,0,160,74,28.90625,1,1,"Stroke (unspecified)",1,0.81,93.09654258,0,1.99,99,1,0,0,1,1,2,4,4,0,0,4.234388793,0,0,0,0,0,0.431090532,6.25,32,2,0.058823529,8.09065e-08,346775.5,189076.0912,275.4480524,111.8098069,5.05666e-09,130545.5,30072.5,172.3716196,35.31323785,9.23093e-06,47030.08231,47073.11308,82.87749524,30.08061469,29701.76649,30687.40284,64.11864768,20.13500529,5.99214e-07,0.433699974,0.028056402,0.434131361,0.080422922,0.430726369,0.041182858,0.064626526,-0.084090367,1.12716e-05,0.569273631,3651,237,382634.1207,123005.931,0.304252429,131127,0.314572982,6.74221274,30.78891712,0.22988476,6.74221274,30.78891712,0.22988476,0.440443624,44068.60526,0.440443624,44068.60526,0.66929523,194501,0.66929523,194501,0.407219109,20434.20833,0.407219109,20434.20833,0.497399936,84584.71429,0.497399936,84584.71429,0,0,0,0,0,0,0,0,0,0,0,0,0,0,0,0,0,0,0,0,0,0,0,0,0,0,0,0,0,0,0,0,0,0,0,0,0,0,0,0,0,0,0,0,0,0,0,0,0,0,0,0,0,0,0,0,0,0,0,0,0,0,0,0,0,0,0,0,0,0,0,0,0,0,0,0,0,0,0,0,0,0,0,0,0,0,0,0,0,0,0,0,0,0,0
"XH23-24126 1",0,0,"12/4/2023",0,0," ",0,0,0," ",0,0,0," ",0,0,0,0,0,0,0,0,0,0,0,0,0,0,0,0,0,0,0,0,0,0,0,0,0,0,0,0," ",0,0,0,0," ",0,0,0,0,0,0,0,0,0," ",0,0," ",0,0,0," ",0,0,0,0,0,1,65,1,0,155,93,38.7096774193548,0,0,"Stroke (unspecified)",1,2.9,17.42382153,0,1.37,83,0,0,0,1,2,2,5,4,0,0,83.32773607,1,1,1,1,0,0.037309453,11.1111111111111,19,1,0.05,1.04634e-07,440136.4211,290545.6038,290.9619261,101.2690512,5.50705e-09,31035,0,70.80254233,0,8.61853e-06,79918.12748,160245.7458,91.78489075,47.13179431,27058.50339,32005.9064,63.81585455,32.67786066,2.91873e-07,0.552679182,0.046053179,0.688776538,0.032767978,0.264366707,0.017886615,0.066862293,-0.70156986,9.07556e-06,0.735633293,1565,53,463345.8056,99080.11111,0.210054113,113789.0667,0.230666898,6.615542804,21.21966223,0.305204185,6.615542804,21.21966223,0.305204185,0.495057983,104013.5,0.495057983,104013.5,0.27004885,498092.5,0.27004885,498092.5,0.46445765,23192.5,0.46445765,23192.5,0.501858057,121973.7222,0.501858057,121973.7222,0,0,0,0,0,0,0,0,0,0,0,0,0,0,0,0,0,0,0,0,0,0,0,0,0,0,0,0,0,0,0,0,0,0,0,0,0,0,0,0,0,0,0,0,0,0,0,0,0,0,0,0,0,0,0,0,0,0,0,0,0,0,0,0,0,0,0,0,0,0,0,0,0,0,0,0,0,0,0,0,0,0,0,0,0,0,0,0,0,0,0,0,0,0,0
"XH23-24126 2",0,0,"12/4/2023",0,0," ",0,0,0," ",0,0,0," ",0,0,0,0,0,0,0,0,0,0,0,0,0,0,0,0,0,0,0,0,0,0,0,0,0,0,0,0," ",0,0,0,0," ",0,0,0,0,0,0,0,0,0," ",0,0," ",0,0,0," ",0,0,0,0,0,1,65,1,0,155,93,38.7096774193548,0,0,"Stroke (unspecified)",1,2.9,17.42382153,0,1.37,83,0,0,0,2,1,2,5,7,0,0,23.028,1,1,0,0,23.028,6.987012643,21.7391304347826,36,10,0.217391304,1.47507e-07,486974.1944,266873.0324,332.8313945,118.6340618,4.09741e-08,143747.2,43302.6151,187.5361636,31.73148842,1.03378e-05,48607.96651,63941.1605,80.14919851,42.38727506,21812.99871,28353.424,58.30044753,29.06792762,5.16274e-07,0.514415014,0.071832005,0.502497889,0.061445742,0.349190469,0.030130499,0.142949864,-0.319981865,1.14347e-05,0.650809531,2523,126,510515.2059,128314.2353,0.265944488,135340.6563,0.267635996,6.433991032,26.88989991,0.262247664,6.433991032,26.88989991,0.262247664,0.44242296,66239.23913,0.44242296,66239.23913,0.586062208,487442.5,0.586062208,487442.5,0.392693299,17310.85,0.392693299,17310.85,0.480676545,103876.4615,0.480676545,103876.4615,0,0,0,0,0,0,0,0,0,0,0,0,0,0,0,0,0,0,0,0,0,0,0,0,0,0,0,0,0,0,0,0,0,0,0,0,0,0,0,0,0,0,0,0,0,0,0,0,0,0,0,0,0,0,0,0,0,0,0,0,0,0,0,0,0,0,0,0,0,0,0,0,0,0,0,0,0,0,0,0,0,0,0,0,0,0,0,0,0,0,0,0,0,0,0
"XH23-24396 1",0,0,"12/6/2023",0,0," ",0,0,0," ",0,0,0," ",0,0,0,0,0,0,0,0,0,0,0,0,0,0,0,0,0,0,0,0,0,0,0,0,0,0,0,0," ",0,0,0,0," ",0,0,0,0,0,0,0,0,0," ",0,0," ",0,0,0," ",0,0,0,0,0,1,66,1,0,157,97,39.3525092295833,1,0,"Stroke (unspecified)",1,0.63,97.77546975,0,1.29,78,0,0,0,0,2,2,4,5,0,0,43.54204037,1,1,1,1,43.54204037,1.751624386,0,13,0,0,7.67352e-08,491810.3462,242790.0581,332.4253149,117.6475603,0,0,0,0,0,9.85162e-06,36670.82834,39167.93733,66.72455768,24.26245732,22639.47619,21302.56912,55.96525647,16.60512585,2.24303e-07,0.418783874,0.037739186,0.361267237,0.042577491,0.377113578,0.006780135,0.104463352,0.12917568,1.05633e-05,0.622886422,1669,38,530528.625,229018.3333,0.419007721,237534.8182,0.412183021,7.18480663,35.86368334,0.140591226,7.18480663,35.86368334,0.140591226,0.416911891,40282.66667,0.416911891,40282.66667,0.525225731,48856,0.525225731,48856,0.339395525,23580.5,0.339395525,23580.5,0.455670075,48633.75,0.455670075,48633.75,0,0,0,0,0,0,0,0,0,0,0,0,0,0,0,0,0,0,0,0,0,0,0,0,0,0,0,0,0,0,0,0,0,0,0,0,0,0,0,0,0,0,0,0,0,0,0,0,0,0,0,0,0,0,0,0,0,0,0,0,0,0,0,0,0,0,0,0,0,0,0,0,0,0,0,0,0,0,0,0,0,0,0,0,0,0,0,0,0,0,0,0,0,0,0
"XH23-24396 2",0,0,"12/6/2023",0,0," ",0,0,0," ",0,0,0," ",0,0,0,0,0,0,0,0,0,0,0,0,0,0,0,0,0,0,0,0,0,0,0,0,0,0,0,0," ",0,0,0,0," ",0,0,0,0,0,0,0,0,0," ",0,0," ",0,0,0," ",0,0,0,0,0,1,66,1,0,157,97,39.3525092295833,1,0,"Stroke (unspecified)",1,0.63,97.77546975,0,1.29,78,0,0,0,1,2,2,5,4,0,0,45.7686,1,1,1,1,45.7686,0.822620691,4.16666666666667,48,2,0.04,1.23821e-07,453254.2396,210016.0239,323.4776311,92.91300407,5.15919e-09,121898.25,116.75,166.5982465,15.34680019,9.75861e-06,47653.37576,48048.05212,80.7619248,28.82967939,32462.77564,38891.67046,60.71927991,17.61234477,2.08947e-07,0.313765515,0.056122223,0.465030851,0.017881879,0.484119173,0.044393346,0.120684946,0.105891374,1.01449e-05,0.515880827,3783,81,462860.5319,242325.8723,0.523919327,246303.6522,0.520791418,7.755203018,43.40812967,0.128587828,7.755203018,43.40812967,0.128587828,0.305127661,90323.36667,0.305127661,90323.36667,0.574607213,403132,0.574607213,403132,0.264105589,21528.95,0.264105589,21528.95,0.387171804,227912.2,0.387171804,227912.2,0,0,0,0,0,0,0,0,0,0,0,0,0,0,0,0,0,0,0,0,0,0,0,0,0,0,0,0,0,0,0,0,0,0,0,0,0,0,0,0,0,0,0,0,0,0,0,0,0,0,0,0,0,0,0,0,0,0,0,0,0,0,0,0,0,0,0,0,0,0,0,0,0,0,0,0,0,0,0,0,0,0,0,0,0,0,0,0,0,0,0,0,0,0,0
"XH24-11187 1",0,0,"5/27/2024",0,0," ",0,0,0," ",0,0,0," ",0,0,0,0,0,0,0,0,0,0,0,0,0,0,0,0,0,0,0,0,0,0,0,0,0,0,0,0," ",0,0,0,0," ",0,0,0,0,0,0,0,0,0," ",0,0," ",0,0,0," ",0,0,0,0,0,1,75,0,0,165,68,24.9770431588613,1,1,"Stroke (unspecified)",1,0.93,85.62966563,0,2.13,100,1,0,0,2,1,2,5,4,0,0,23.63302403,1,1,0,0,23.63302403,4.299999028,27.2727272727273,24,5,0.172413793,1.03872e-07,408128.4167,449154.5927,253.237504,186.4336788,2.16399e-08,165998.3,86614.51208,191.3964813,53.41523152,9.23592e-06,50438.92549,61099.16519,81.16075292,31.57768336,32512.76362,30185.07515,65.73561842,18.41221136,3.41911e-07,0.391896128,0.042392985,0.465850066,0.022167039,0.368095889,0.014522466,0.09100135,-0.304139735,9.97538e-06,0.631904111,2134,79,575656.6765,208648.5882,0.44464735,240439.1538,0.512603777,8.805906147,45.42582017,0.172704817,8.805906147,45.42582017,0.172704817,0.418484356,70297.35714,0.418484356,70297.35714,0.671573794,350787,0.671573794,350787,0.366980446,16260.86364,0.40367849,16260.86364,0.475138656,129737.5,0.475138656,129737.5,0,0,0,0,0,0,0,0,0,0,0,0,0,0,0,0,0,0,0,0,0,0,0,0,0,0,0,0,0,0,0,0,0,0,0,0,0,0,0,0,0,0,0,0,0,0,0,0,0,0,0,0,0,0,0,0,0,0,0,0,0,0,0,0,0,0,0,0,0,0,0,0,0,0,0,0,0,0,0,0,0,0,0,0,0,0,0,0,0,0,0,0,0,0,0
"XH24-11187 2",0,0,"5/27/2024",0,0," ",0,0,0," ",0,0,0," ",0,0,0,0,0,0,0,0,0,0,0,0,0,0,0,0,0,0,0,0,0,0,0,0,0,0,0,0," ",0,0,0,0," ",0,0,0,0,0,0,0,0,0," ",0,0," ",0,0,0," ",0,0,0,0,0,1,75,0,0,165,68,24.9770431588613,1,1,"Stroke (unspecified)",1,0.93,85.62966563,0,2.13,100,1,0,0,2,2,2,6,4,0,0,40.32,1,1,1,1,40.32,2.672782354,26.6666666666667,50,15,0.230769231,1.17576e-07,389199.6,219382.1627,290.5217246,100.2262818,3.52727e-08,107278.5333,69197.5554,146.044017,62.27957205,9.81758e-06,51647.01269,51961.48896,87.70166806,36.00022531,0,0,0,0,3.4097e-07,0.397159828,0.045760438,0.507048465,0.027206841,0,0,0.090248648,-0.090320983,9.97042e-06,0,4175,145,405392.3958,155197.2708,0.38810886,167101.3636,0.40812494,7.514429069,43.69535998,0.176218576,7.514429069,43.69535998,0.176218576,0.491552598,109847.8333,0.491552598,109847.8333,0.672735564,329933.5,0.672735564,329933.5,0.395333828,18743,0.395333828,18743,0.539661983,155400.25,0.539661983,155400.25,0,0,0,0,0,0,0,0,0,0,0,0,0,0,0,0,0,0,0,0,0,0,0,0,0,0,0,0,0,0,0,0,0,0,0,0,0,0,0,0,0,0,0,0,0,0,0,0,0,0,0,0,0,0,0,0,0,0,0,0,0,0,0,0,0,0,0,0,0,0,0,0,0,0,0,0,0,0,0,0,0,0,0,0,0,0,0,0,0,0,0,0,0,0,0
"XH24-15014 1",0,0,"7/13/2024",0,0," ",0,0,0," ",0,0,0," ",0,0,0,0,0,0,0,0,0,0,0,0,0,0,0,0,0,0,0,0,0,0,0,0,0,0,0,0," ",0,0,0,0," ",0,0,0,0,0,0,0,0,0," ",0,0," ",0,0,0," ",0,0,0,0,0,1,63,0,0,160,70,27.34375,1,1,"Stroke (unspecified)",1,0.7,103.5348351,0,1.7,95,1,0,0,1,2,2,5,4,0,0,36.9651,1,1,1,1,36.9651,1.299007338,8.57142857142857,66,5,0.070422535,1.38245e-07,383290.4924,208880.8225,293.2038658,111.9540992,1.04731e-08,113786.2,75601.30023,138.7153483,69.27519134,1.38413e-05,39892.27656,37142.9304,78.4906846,27.8191685,21326.21779,18469.12368,55.11026036,14.38866937,1.44529e-07,0.407368803,0.05298813,0.552160671,0.023505155,0.37759515,0.006777085,0.095965057,-0.054455345,1.48918e-05,0.62240485,6608,69,413223.7213,175681.7377,0.43817774,188212.6964,0.432506089,7.924944861,36.94130987,0.170490613,7.924944861,36.94130987,0.170490613,0.410870382,149728.8333,0.410870382,149728.8333,0.631242055,933674.5,0.631242055,933674.5,0.345185065,13955.08333,0.345185065,13955.08333,0.542241017,421276.3333,0.542241017,421276.3333,0,0,0,0,0,0,0,0,0,0,0,0,0,0,0,0,0,0,0,0,0,0,0,0,0,0,0,0,0,0,0,0,0,0,0,0,0,0,0,0,0,0,0,0,0,0,0,0,0,0,0,0,0,0,0,0,0,0,0,0,0,0,0,0,0,0,0,0,0,0,0,0,0,0,0,0,0,0,0,0,0,0,0,0,0,0,0,0,0,0,0,0,0,0,0
"XH24-15014 2",0,0,"7/13/2024",0,0," ",0,0,0," ",0,0,0," ",0,0,0,0,0,0,0,0,0,0,0,0,0,0,0,0,0,0,0,0,0,0,0,0,0,0,0,0," ",0,0,0,0," ",0,0,0,0,0,0,0,0,0," ",0,0," ",0,0,0," ",0,0,0,0,0,1,63,0,0,160,70,27.34375,1,1,"Stroke (unspecified)",1,0.7,103.5348351,0,1.7,95,1,0,0,1,2,2,5,4,0,0,46.51,1,1,1,1,46.51,1.114857138,5,75,4,0.050632911,1.51141e-07,508580.3067,222106.8625,342.9258313,91.21100575,8.06085e-09,144035,70757.51379,163.388093,55.63120594,9.45941e-06,57278.70196,53392.84473,91.33129353,33.34653973,15599.5874,15949.58668,54.09174826,17.34873455,2.13613e-07,0.44710931,0.076867313,0.541822644,0.023905238,0.247910447,0.016006626,0.141868034,-0.409169554,1.14125e-05,0.752089553,4694,106,514547.4662,231580.1216,0.451510057,234407.4932,0.446501159,7.82559534,42.85329834,0.169008299,7.82559534,42.85329834,0.169008299,0.396381042,183102.5227,0.396381042,183102.5227,0.675484532,1838172,0.675484532,1838172,0.346384222,20833.95455,0.346384222,20833.95455,0.446377862,345371.0909,0.446377862,345371.0909,0,0,0,0,0,0,0,0,0,0,0,0,0,0,0,0,0,0,0,0,0,0,0,0,0,0,0,0,0,0,0,0,0,0,0,0,0,0,0,0,0,0,0,0,0,0,0,0,0,0,0,0,0,0,0,0,0,0,0,0,0,0,0,0,0,0,0,0,0,0,0,0,0,0,0,0,0,0,0,0,0,0,0,0,0,0,0,0,0,0,0,0,0,0,0
"XH24-16739 1",0,0,"8/7/2024",0,0," ",0,0,0," ",0,0,0," ",0,0,0,0,0,0,0,0,0,0,0,0,0,0,0,0,0,0,0,0,0,0,0,0,0,0,0,0," ",0,0,0,0," ",0,0,0,0,0,0,0,0,0," ",0,0," ",0,0,0," ",0,0,0,0,0,1,78,1,0,160,60,23.4375,0,0,"Stroke (unspecified)",1,0.3,108.5107262,0,1.47,88,1,0,0,1,2,2,5,5,0,0,39.55622037,1,1,1,1,39.55622037,1.339789004,4,48,2,0.04,1.77133e-07,355257.25,204909.5325,281.641035,89.33279472,7.38054e-09,63865,10229,133.5702908,9.485642295,1.00043e-05,50026.71265,53139.23517,87.30316467,27.14024818,0,0,0,0,2.98912e-07,0.310455046,0.062927761,0.500483285,0.048116027,0,0,0.125733992,-0.491143025,1.01888e-05,0,2711,81,375852.5222,197981.7111,0.554973304,202228.0909,0.563400131,8.980389019,43.60570989,0.157760492,8.980389019,43.60570989,0.157760492,0.334992105,45589.85714,0.334992105,45589.85714,0.540762828,214968,0.540762828,214968,0.302190345,16014.65,0.33576705,16014.65,0.416996505,119527.875,0.416996505,119527.875,0,0,0,0,0,0,0,0,0,0,0,0,0,0,0,0,0,0,0,0,0,0,0,0,0,0,0,0,0,0,0,0,0,0,0,0,0,0,0,0,0,0,0,0,0,0,0,0,0,0,0,0,0,0,0,0,0,0,0,0,0,0,0,0,0,0,0,0,0,0,0,0,0,0,0,0,0,0,0,0,0,0,0,0,0,0,0,0,0,0,0,0,0,0,0
"XH24-17428 1",0,0,"8/20/2024",0,0," ",0,0,0," ",0,0,0," ",0,0,0,0,0,0,0,0,0,0,0,0,0,0,0,0,0,0,0,0,0,0,0,0,0,0,0,0," ",0,0,0,0," ",0,0,0,0,0,0,0,0,0," ",0,0," ",0,0,0," ",0,0,0,0,0,1,70,0,0,170,72,24.9134948096886,1,0,"Stroke (unspecified)",1,1.26,61.35700752,0,1.54,91,1,0,0,1,2,2,5,5,0,0,46.3712,1,1,1,1,46.3712,2.452916735,18.1818181818182,80,18,0.183673469,1.19255e-07,448357.1,306430.4269,300.5472422,147.1294674,2.68325e-08,221172.6389,152229.2964,210.7920865,90.1987105,9.32876e-06,53854.63391,55681.91542,89.31251995,36.36440975,20031.3,20212.32541,52.64108459,23.42255778,2.02734e-07,0.453438503,0.053469028,0.502396829,0.026374402,0.126150069,0,0.106427878,0.084089334,9.46734e-06,0.873849931,6258,136,490780.5616,184412.3014,0.383375113,196154.6324,0.364960325,7.946365751,30.16468233,0.29357448,7.946365751,30.16468233,0.29357448,0.507323241,139262.7885,0.507323241,139262.7885,0.416220179,959826,0.416220179,959826,0.424036011,20384.17857,0.424036011,20384.17857,0.604491675,277954.5,0.604491675,277954.5,0,0,0,0,0,0,0,0,0,0,0,0,0,0,0,0,0,0,0,0,0,0,0,0,0,0,0,0,0,0,0,0,0,0,0,0,0,0,0,0,0,0,0,0,0,0,0,0,0,0,0,0,0,0,0,0,0,0,0,0,0,0,0,0,0,0,0,0,0,0,0,0,0,0,0,0,0,0,0,0,0,0,0,0,0,0,0,0,0,0,0,0,0,0,0
"XH24-17428 2",0,0,"8/20/2024",0,0," ",0,0,0," ",0,0,0," ",0,0,0,0,0,0,0,0,0,0,0,0,0,0,0,0,0,0,0,0,0,0,0,0,0,0,0,0," ",0,0,0,0," ",0,0,0,0,0,0,0,0,0," ",0,0," ",0,0,0," ",0,0,0,0,0,1,70,0,0,170,72,24.9134948096886,1,0,"Stroke (unspecified)",1,1.26,61.35700752,0,1.54,91,1,0,0,1,3,2,6,4,0,0,89.48795835,1,1,1,1,0,1.973669824,12.8205128205128,73,11,0.130952381,1.0515e-07,567952.2534,319313.386,352.1262314,140.2750992,1.58445e-08,157710.0909,109278.7164,182.7419283,78.9080386,1.02312e-05,49019.17563,50773.59745,88.43693176,35.25096433,65443.5,0,99.32774033,0,2.67916e-07,0.477061427,0.059720024,0.501525598,0.017852946,0.373590334,0,0.119076722,0.169612543,1.0351e-05,0.626409666,7103,186,618042.6866,226026.2388,0.357933418,229262.3788,0.362228949,7.588431406,29.82226837,0.308498024,7.588431406,29.82226837,0.308498024,0.511088444,103465.1333,0.511088444,103465.1333,0.412320775,1164719,0.412320775,1164719,0.459567989,19188.64706,0.459567989,19188.64706,0.578461348,213672.8462,0.578461348,213672.8462,0,0,0,0,0,0,0,0,0,0,0,0,0,0,0,0,0,0,0,0,0,0,0,0,0,0,0,0,0,0,0,0,0,0,0,0,0,0,0,0,0,0,0,0,0,0,0,0,0,0,0,0,0,0,0,0,0,0,0,0,0,0,0,0,0,0,0,0,0,0,0,0,0,0,0,0,0,0,0,0,0,0,0,0,0,0,0,0,0,0,0,0,0,0,0
"XH24-18297 2",0,0,"8/30/2024",0,0," ",0,0,0," ",0,0,0," ",0,0,0,0,0,0,0,0,0,0,0,0,0,0,0,0,0,0,0,0,0,0,0,0,0,0,0,0," ",0,0,0,0," ",0,0,0,0,0,0,0,0,0," ",0,0," ",0,0,0," ",0,0,0,0,0,1,81,1,0,153,80,34.1748899995728,1,0,"Stroke (unspecified)",1,0.7,86.83348712,0,1.7,95,1,0,0,2,1,0,3,5,0,0,12.9576,0,0,0,0,12.9576,0.24547188,46.1538461538462,14,12,0.461538462,1.07165e-07,322689.1071,165579.712,272.5965688,104.101101,9.18558e-08,62320.54167,28217.90874,112.8385378,36.71690424,1.28828e-05,46887.8366,73150.37314,73.79377719,28.11253199,24654.91312,35320.4573,54.43537063,19.06911447,6.12372e-07,0.491890043,0.034581014,0.604045563,0.028585785,0.279736461,0.016938318,0.057249016,-0.120327897,1.1753e-05,0.720263539,1683,80,347483.6154,125796.1538,0.353067878,133755.6667,0.353503446,7.537260106,29.94448445,0.225738455,7.537260106,29.94448445,0.225738455,0.456865052,41242.5,0.456865052,41242.5,0.567287498,89214,0.567287498,89214,0.402563183,6925.333333,0.402563183,6925.333333,0.497591454,66980.375,0.497591454,66980.375,0,0,0,0,0,0,0,0,0,0,0,0,0,0,0,0,0,0,0,0,0,0,0,0,0,0,0,0,0,0,0,0,0,0,0,0,0,0,0,0,0,0,0,0,0,0,0,0,0,0,0,0,0,0,0,0,0,0,0,0,0,0,0,0,0,0,0,0,0,0,0,0,0,0,0,0,0,0,0,0,0,0,0,0,0,0,0,0,0,0,0,0,0,0,0
"XH24-18298 1",0,0,"8/31/2024",0,0," ",0,0,0," ",0,0,0," ",0,0,0,0,0,0,0,0,0,0,0,0,0,0,0,0,0,0,0,0,0,0,0,0,0,0,0,0," ",0,0,0,0," ",0,0,0,0,0,0,0,0,0," ",0,0," ",0,0,0," ",0,0,0,0,0,0,36,1,0,165,90,33.0578512396694,0,0,"Stroke (unspecified)",1,1.47,47.15952585,0,0.9,39,0,0,0,1,3,2,6,5,0,0,59.2871,1,1,1,1,59.2871,3.112132341,5.55555555555556,70,4,0.054054054,1.87648e-07,338813.8857,155403.5518,278.3040083,83.77354928,1.07227e-08,129686.75,19058.34587,178.0461079,13.58614941,1.35938e-05,37802.6195,35020.50777,73.84253321,27.95540561,0,0,0,0,4.93246e-07,0.274172439,0.063577754,0.513879679,0.024401394,0,0,0.123721089,-0.163177246,1.37921e-05,0,5071,184,348770.0294,113032.1912,0.314883145,117110.7692,0.315123096,6.798296709,30.03821074,0.211853787,6.798296709,30.03821074,0.211853787,0.380627226,81422.65217,0.380627226,81422.65217,0.480033509,421739,0.480033509,421739,0.389040598,15151.31818,0.389040598,15151.31818,0.372914969,142171.375,0.372914969,142171.375,0,0,0,0,0,0,0,0,0,0,0,0,0,0,0,0,0,0,0,0,0,0,0,0,0,0,0,0,0,0,0,0,0,0,0,0,0,0,0,0,0,0,0,0,0,0,0,0,0,0,0,0,0,0,0,0,0,0,0,0,0,0,0,0,0,0,0,0,0,0,0,0,0,0,0,0,0,0,0,0,0,0,0,0,0,0,0,0,0,0,0,0,0,0,0
"XH24-18298 2",0,0,"8/31/2024",0,0," ",0,0,0," ",0,0,0," ",0,0,0,0,0,0,0,0,0,0,0,0,0,0,0,0,0,0,0,0,0,0,0,0,0,0,0,0," ",0,0,0,0," ",0,0,0,0,0,0,0,0,0," ",0,0," ",0,0,0," ",0,0,0,0,0,0,36,1,0,165,90,33.0578512396694,0,0,"Stroke (unspecified)",1,1.47,47.15952585,0,0.9,39,0,0,0,1,2,2,5,5,0,0,35.01877906,1,1,1,1,35.01877906,3.048577495,3.77358490566038,102,4,0.037735849,1.85969e-07,335880.1373,159107.8622,283.6629178,82.46238625,7.2929e-09,139152.875,59806.1537,172.3139831,28.03375183,1.15447e-05,43838.30425,45934.8327,75.75162877,30.47244272,16766.76314,19765.00781,51.44024518,18.59627691,3.93817e-07,0.328008949,0.062463294,0.50609849,0.0402283,0.368818095,0.023328856,0.123421222,-0.319028952,1.26519e-05,0.631181905,6332,216,339203.3317,131152.6535,0.397652135,134632.1596,0.387594191,7.213986403,30.53429939,0.193389669,7.213986403,30.53429939,0.193389669,0.265609823,394957.6563,0.265609823,394957.6563,0.578491195,5454383,0.578491195,5454383,0.157736491,20228.5,0.157736491,20228.5,0.3015676,519867.375,0.3015676,519867.375,0,0,0,0,0,0,0,0,0,0,0,0,0,0,0,0,0,0,0,0,0,0,0,0,0,0,0,0,0,0,0,0,0,0,0,0,0,0,0,0,0,0,0,0,0,0,0,0,0,0,0,0,0,0,0,0,0,0,0,0,0,0,0,0,0,0,0,0,0,0,0,0,0,0,0,0,0,0,0,0,0,0,0,0,0,0,0,0,0,0,0,0,0,0,0
