"Slide_number","Allocated_Discarded","Number_of_Sections_Per_Slide","Transplant_date_OR_Harvest_date","Recipient_code","RECIPIENT_DATA","Recipient_birth_date","Recipient_Sex","Recipient_Race","Recipient_age_at_transplantation_date","Country_of_birth","Recipient_weight_Kg","Recipient_height_cm","Recipient_BMI_Kgm2","Recipient_CKD_ethiology","CKD_etiology_code","Pre_transplant_Renal_Replacement_Therapy","Pretransplant_time_on_Renal_Replacement_Therapy_months","Recipient_previous_kidney_transplant","Imunossupression_code","Antibody_induction_therapy","Cr1M","eGFR_CKD_EPI_1M","Cr3M","eGFR_CKD_EPI_3M","Cr6M","eGFR_CKD_EPI_6M","Cr12M","eGFR_CKD_EPI_12M","Cr3years","eGFR_CKD_EPI_3years","eGFR_Variation_1Y_3Y_total","eGFR_less30_OR_Dialysis__3Y","eGFR_less_30_dialysis_Decline_sup_5ml__3Y","Cr5years","eGFR_CKD_EPI_5years","eGFR_Variation_1Y_5Y_total","eGFR_less30_OR_Dialysis__5Y","eGFR_less_30_dialysis_Decline_sup_5ml__5Y","Cr10years","eGFRMDRD_10years","Cr_at_last_Followup","eGFR_CKD_EPI_last_follow_up","Last_follow_up_date","Follow_up_time_Months","eGFR_12M_ABOVE_50_CKD_EPI","eGFR_12M_ABOVE_55_CKD_EPI","eGFR_12M_ABOVE_60_CKD_EPI","Transplant_admission_discharge_date","Blood_units_needed_during_admission","HLA_A_mismatches","HLA_B_mismatches","HLA_DR_mismatches","Total_HLA_mismatches","PRA_Panel_Reactive_Antibodies","Cold_Ischemia_hours","Delayed_Graft_Function","Graft_loss_Returned_to_Dialysis","Return_to_dialysis_date","Graft_loss","Graft_loss_code","Graft_loss_date","Graft_loss_death_censored","Death_With_a_Functioning_Graft","Death","Death_date","Cause_of_death","FollowUp_Status","Biopsy_type_Allocation_0_Preimplantation_1","DONOR_VARIABLES","Kidney_used","Expanded_criteria_donor","Donor_age","Donor_Sex_0_Male_1_Female","Donor_race","Donor_height","Donor_weight_Kg","Donor_BMI","Donor_Hypertension_History","Donor_Diabetes_History","Donor_cause_of_death","Donor_cause_of_death_code","Donor_final_creatinine","Donor_eGFR_CKD_EPI_final_creatinine","Donation_after_Cardiac_Death_donor","KDRI_2024","KDPI_2024","KDPI_SUP_85_2024","Donor_HCV_Status","REMUZZI_CALCULATIONS","Glomerular_GT1","Vascular_GT1","IFTA_GT1","REMUZZI_GT1","REMUZZI_OnCall_RP","AI_FEATURES","COMPUTATIONAL_MORPHOMETRIC","Fibrointimal_thickening_AI_All_Estimations","Fibro15","Fibro20","Fibro25","Fibro25_human","Fibrointimal_thickening__AI_After_Human_Revision","IFTA_AI_PERCENTAGE","Glomerulosclerosis_PERCENTAGE_AI_PLUS_HUMAN_GT","Glomerulus_count","sGlomerulus_count","Glomerulosclerosis_ratio","Glomerular_density_count","Average_glomerular_area_","Std_glomerular_area","Average_glomerular_radius","Std_glomerular_radius","Glomerulosclerosis_density_count","Average_sclglomerular_area","Std_sclglomerular_area","Average_sclglomerular_radius","Std_sclglomerular_radius","Cortical_tubular_density","Averag_cortical_tubular_area","Std_cortical_tubular_area","Average_cortical_tubular_radius","Std_cortical_tubular_radius","Average_medullary_tubular_area","Std_medullary_tubular_area","Average_medullary_tubular_radius","Std_medullary_tubular_radius","Cortical_arterialolar_density","Average_lumen_to_wall_ratio","Cortical_glomerular_density_area","Cortical_tubular_density_area","Cortical_artery_density_area","Medullary_tubular_density_area","Medullary_arteriole_density_area","Gloms_cortex_tubules_ratio_","Cortical_interstitial_density","Total_nephron_density_count","Medullary_interstitial_density","Cortical_tubule_count","Cortical_artery_arteriole_count","Glom_Area","Glomerular_Mesangial_Area","Glomerular_Mesangial_Fraction","Glomerular_Mesangial_Area_Reviewed_MF01","Glomerular_Mesangial_Fraction_Reviewed_MF01","Average_TBM_Thickness_TF_Cortical","Average_Cell_Thickness_TF_Cortical","Luminal_Fraction_TF_Cortical","TUBULAR_Average_TBM_Thickness_TF_CT_Rev","TUBULAR_Average_Cell_Thickness_TF_CT_Rev","TUBULAR_Luminal_Fraction_TF_Rev","VASCULAR_Luminal_ratio_V_Mean","VASCULAR_Arterial_Area_V_Mean","VASCULAR_Luminal_ratio_Mean_Rev","VASCULAR_Arterial_Area_Mean_Rev","VASCULAR_Luminal_ratio_V_ARTERY_Max_AREA","VASCULAR_Arterial_Area_V_ARTERY_Max_AREA","VASCULAR_Luminal_ratio_V_MaxAr_Rev","VASCULAR_Arterial_Area_V_MaxAr_Rev","VASCULAR_Luminal_ratio_V_INF35000_ARTERIOLAR","VASCULAR_Arterial_Area_V_INF35000_ARTERIOLAR","VASCULAR_Luminal_ratio_V_INF35_Rev","VASCULAR_Arterial_Area_V_INF35_Rev","VASCULAR_Luminal_ratio_V_SUP35000_ARTERY_MEAN","VASCULAR_Arterial_Area_V_SUP35000_ARTERY_MEAN","VASCULAR_Luminal_ratio_V_SUP35_Rev","VASCULAR_Arterial_Area_V_SUP35_Rev","T_cluster4_feat11","T_cluster4_feat15","G_cluster6_feat3","G_cluster1_feat61","G_cluster1_feat18","T_cluster8_feat76","T_cluster4_feat70","T_cluster8_feat72","A_cluster1_feat75","G_cluster1_feat54","G_cluster6_feat65","G_cluster6_feat13","G_cluster6_feat70","G_cluster6_feat26","A_cluster1_feat70","G_cluster6_feat23","T_cluster4_feat16","G_cluster6_feat16","G_cluster1_feat75","G_cluster6_feat12","G_cluster6_feat48","T_cluster8_feat74","T_cluster4_feat76","T_cluster4_feat13","G_cluster6_feat22","A_cluster1_feat53","T_cluster6_feat61","T_cluster6_feat74","G_cluster6_feat66","A_cluster2_feat19","G_cluster1_feat73","T_cluster8_feat59","T_cluster6_feat49","A_cluster2_feat60","G_cluster6_feat57","A_cluster2_feat68","T_cluster4_feat49","G_cluster8_feat70","A_cluster2_feat57","A_cluster2_feat61","T_cluster6_feat5","T_cluster8_feat9","G_cluster1_feat59","T_cluster6_feat9","T_cluster6_feat4","A_cluster2_feat59","T_cluster4_feat50","G_cluster5_feat58","G_cluster7_feat3","A_cluster1_feat49","A_cluster1_feat8","G_cluster6_feat19","G_cluster1_feat12","G_cluster6_feat20","G_cluster1_feat9","A_cluster2_feat73","G_cluster6_feat25","G_cluster7_feat57","G_cluster2_feat52","A_cluster1_feat48","T_cluster8_feat58","T_cluster4_feat74","A_cluster1_feat74","T_cluster6_feat7","G_cluster7_feat17","G_cluster1_feat16","G_cluster6_feat7","T_cluster8_feat64","A_cluster1_feat7","G_cluster7_feat14","G_cluster7_feat12","T_cluster4_feat68","G_cluster1_feat63","G_cluster3_feat16","G_cluster1_feat62","G_cluster1_feat52","A_cluster2_feat50","G_cluster6_feat5","G_cluster1_feat13","T_cluster6_feat22","A_cluster1_feat47","G_cluster7_feat60","G_cluster1_feat74","G_cluster1_feat11","T_cluster2_feat18","T_cluster2_feat76","T_cluster2_feat47","T_cluster1_feat5","G_cluster8_feat73","T_cluster2_feat55","A_cluster1_feat60","A_cluster2_feat72","G_cluster6_feat4","G_cluster6_feat77","T_cluster5_feat12","T_cluster3_feat18"
"H11-02415 - 1",1,3,"2/23/2011",19507187,0,"5/3/1946 0:00:00",0,0,64,"Portugal",69,172,23.3234180638183,"Undetermined",5,1,57,0,1,2,1.7,44.46068651,1.67,45.42083402,1.25,64.30175914,1.3,60.9651770751759,1.23,64.34661618,1.69071955241205,0,0,1.26,61.73979425,0.193654293706025,0,0,1.75,38.2928862265749,2.58,25.10768933,"9/23/2021 0:00:00",127,1,1,1,"3/4/2011 0:00:00",0,1,2,2,5,0,17,0,1,"9/23/2021",1,1,"9/23/2021 0:00:00",1,0,0," ",0,0,0,0,1,1,73,1,0,160,57,22.265625,1,0,"Stroke (hemorrhagic)",1,0.8,77.75081792,0,1.72,96,1,0,0,1,1,0,2,4,0,0,14.32538675,0,0,0,0,14.32538675,1.142312871,8.33333333333333,35,1,0.027777778,0,312955.3,126222.3563,276.0590913,71.78185892,0,55433.5,0,124.4869471,0,0,0,0,0,0,30299.66026,29608.45021,64.756991,24.93232118,0,0.812160342,0,0,0,0.236131273,0.015184189,0.120972941,8.012368386,1.91771e-05,0.763868727,2205,86,342797.5,44220,0.162880575,66199.13043,0.206535103,6.21702522,23.13592206,0.296422026,6.130906503,22.67927096,0.303273734,0.530753899,25054.97059,0.530753899,25054.97059,0.766721703,89698.5,0.766721703,89698.5,0.520590317,9381.75,0.520590317,9381.75,0.58727845,65333.625,0.555146495,62670.7,1.42446666291965,1.42446666390512,104195.97265625,26833,11.5150390625,19.1238826860524,1.93313012008429,192.703295010625,0,1230.10141595924,2.83666267747636,6.52734337646151e-06,1.16506785086545,0.000260205787481043,0,5.91250859222553e-05,0.000311962377161654,3.58686037381912e-05,96157.5,132774.04296875,0.790245271280975,90.7088567907091,20.1477494065069,0.000103001988740761,4.07233077465688e-05,0,9096.16447368421,118.476094325458,1.8565783193714,3.19845890934091,96157.5,7026.55619266055,0.924324598643395,0.333193126565948,0.41889227453105,25074.2941176471,0.904018082398894,1.26418785761176,0.55015871544101,8096.76470588235,0.000182769838654182,10.2623581197284,11117.2,11.3530103783858,2.09249751650202e-05,2858.94117647059,534.044806613691,0.112053209819596,122858.790625,0,0,9.71076795872301,87440.64140625,13.7755577071798,10.6750396728516,25054.9705882353,0.000180895541605012,0.433526779417383,0.861479095543622,0,0.11355569248635,60.3058328218669,0,9.72276917650357e-05,0.000157630814848038,0.000111096978856416,3.39569571679401e-05,110.994266055046,0,2.84961928450913e-05,198568.7,22001.4539942939,58245,0,0.635215473574083,0.88130610682554,1629.89630514004,6.33346732490811e-05,2.19790955929449e-05,0.000155740198038174,0,0.196088349008545,137.305348372221,2.28146904492265,0,0,0,0,300792.15625,0,0,137.004377233998,7.28297882284329e-06,0.127576461136363,67407.1747314453,0
"H11-11431 - 1",1,2,"9/21/2011",19480101199,0,"1/19/1948 0:00:00",0,0,63,"Portugal",64,165,23.5078053259871,"Undetermined",5,1,31,0,2,2,1.84,40.68501589,1.85,40.42125594,2.01,36.59153334,2.1,34.5025914961238,2.27,31.03714935,-1.7327210730619,0,0,2.76,24.24487454,-2.56442923903095,1,1,0,0,2.12,32.69572448,"11/14/2018 0:00:00",86,0,0,0,"10/12/2011 0:00:00",0,1,1,1,3,0,13,0,0," ",1,6," ",0,1,1,"12/23/2018 0:00:00",1,1,0,0,1,1,72,1,0,160,80,31.25,0,0,"Head Thrauma",2,1,59.85686382,0,1.26,75,0,0,0,1,1,2,4,3,0,0,17.37183162,1,0,0,0,17.37183162,1.146927687,20,15,4,0.210526316,1.61077e-07,390234.5333,219671.5421,287.8569107,65.9737243,4.2954e-08,111636.875,27021.42211,166.2712459,27.87243762,2.34743e-05,31644.48262,29833.87892,69.86014019,24.35160951,18113.21884,16316.85969,54.06998065,16.51412213,5.79879e-07,0.659490065,0.062857953,0.742833419,0.039904707,0.231835883,0.016598525,0.084619178,-0.593507527,1.96315e-05,0.768164117,2186,54,314109.5,71867,0.211629664,89417.33333,0.210029125,4.577644178,19.71261298,0.292939524,4.531656058,19.36678384,0.294633852,0.582445203,91384.33333,0.582445203,91384.33333,0.864306517,1068357.5,0.864306517,1068357.5,0.534177865,15221.79167,0.534177865,15221.79167,0.678979877,243709.4167,0.678979877,243709.4167,1.20447496201945,1.20447496171976,135279.6875,46934.75,11.3868240118027,20.0591111175029,1.73531720381967,217.33428533829,0.864306516810242,1340.40117259445,2.68942980099222,2.59831162491063e-06,2.12836631533064,0.000100744311464267,2.99444728223958,1.44737937965991e-05,0.000258164848337417,1.97824861374025e-05,190232.25,684420.4375,0.691369766007624,100.836545594359,18.2789365014618,0.000101496437012143,7.5334993965717e-06,0.843145316885008,5272.85714285714,142.668155334013,1.49457235760377,4.61274301002904,190232.25,8045.03943661972,0.91161653688412,0.329678878371944,0.578491098168868,33943.6470588235,0.897031305527527,1.19620373269622,0.54945935883367,10025.0588235294,8.51438714994576e-05,5.76653418339474,21314.5,6.5957187698001,9.19483077127092e-06,3786.94117647059,363.231975989661,0,115647.6953125,0.930549858296458,8.51877178871888e-05,3.30630185388357,101219.326660156,6.35155961454078,7.99612462520599,33915.3235294118,5.21832039558914e-05,0.41772509920195,0,0.704133920479088,0.107167653846268,60.4509808597357,315.336328386058,4.44463040521515e-05,0.000100811230539263,6.22571994009517e-05,9.24181166102817e-06,308.098591549296,9.53504903155629e-06,1.761903301434e-05,190329.8515625,20583.7877583466,122038.5,0,0.666821381496222,0.811094231116439,1964.04065070667,1.55527564156236e-05,1.12805012013879e-05,9.55090980136011e-05,0.936422166608209,0.175799429294309,205.806548689943,1.98233141733956,0,0,0,0,317474.214285714,0,0.273937536794402,153.931741713999,1.72132529625825e-06,0.205322075720412,0,0
"H11-15201 - 2",1,3,"12/17/2011",19790699,0,"2/4/1952 0:00:00",0,0,59,"Portugal",62,170,21.4532871972318,"Undetermined",5,1,32,0,2,2,1.74,44.60266515,1.53,52.04633957,1.9,40.13429021,2,37.5044590274056,2.19,33.21880057,-2.1428292287028,0,0,1.98,37.02683933,-0.1194049243514,0,0,1.7,0,1.9,37.22025762,"3/21/2023 0:00:00",135,0,0,0,"1/2/2012 0:00:00",0,1,1,1,3,0,25,0,0," ",0,0," ",0,0,0," ",0,0,0,0,2,1,73,0,0,170,78,26.9896193771626,1,0,"Stroke (hemorrhagic)",1,1.1,70.88177417,0,1.5,90,1,0,0,1,2,2,5,3,0,0,39.0721,1,1,1,1,39.0721,1.008737699,11.1111111111111,48,4,0.076923077,4.87107e-07,240648.1979,128990.4761,233.4378838,95.16293181,4.05922e-08,92864.5,5630.905833,153.3609585,7.205303471,2.71055e-05,35447.27668,30452.56765,73.07009347,24.07436382,35400.36136,44707.45465,55.22824186,19.54214531,7.10364e-07,0.513588335,0.11722133,0.960814515,0.027558204,0.304369019,0.00230864,0.122002039,-0.128532407,1.64031e-05,0.695630981,2671,70,268955.5,59607,0.226112379,73088.85714,0.247114793,5.955322818,42.11099601,0,5.575215144,20.86946464,0.343435365,0.452868202,46665.75,0.452868202,46665.75,0.335861267,166547,0.335861267,166547,0.434483092,13165.625,0.434483092,13165.625,0.477381681,91332.58333,0.477381681,91332.58333,1.43250410106471,1.43250410036945,82566.169921875,41873.0476190476,10.9933561370486,19.6430802169398,1.96421698455819,194.721602818545,0,1843.87238091881,2.95286706998989,7.57505479327114e-06,1.13396276517793,0.000302449206658901,0,7.27731953644592e-05,0.000340334619176756,4.56386590122051e-05,128593,219383.28125,0.760887029374251,90.4085015694151,19.8235479047724,0.000111889951683736,4.44455592486607e-05,0,7650.14159292035,116.800441066326,1.86325712072252,2.90600960263783,128593,7548.92918192918,0.930236110039284,0.394701956072173,0.509370584589587,46695.1428571429,0.902251445616819,1.21476391248102,0.594807516758989,20072.4285714286,0.000126713317666408,9.43944616806813,14671.2380952381,10.7235108814408,1.42993168627854e-05,5303.78571428571,625.365924989509,0,0,0,0,8.94470304546036,114419.191474551,14.4971730114894,7.95659019265856,46665.75,0.000186023544600413,0,0,0,0.112234843377628,59.0778107874121,0,7.49968249496637e-05,0,0.000779436458443619,3.11609162496548e-05,138.299145299145,0,0,0,21270.9053916582,72096.3333333333,0,0.616850790147916,0.832425383057436,1919.40712590232,5.68860886571665e-05,0.000296196852101537,0.000101123041187215,0,0,157.758545660123,2.01959234729979,0,0,0,0,325305.543478261,0,0,178.820085301352,6.42881899864815e-06,0.199471871339275,28394.7100423177,0
"H12-05837 - 1",1,2,"5/5/2012",19758339,0,"7/24/1981 0:00:00",0,0,30,"Portugal",89,185,26.0043827611395,"Chronic glomerulonephritis (IgA)",2,1,61,0,1,2,1.57,60.43235868,1.4,69.34185974,1.6,59.07519295,1.8,50.9707605976482,1.48,63.66958905,6.3494142261759,0,0,1.74,51.78273588,0.202993820587949,0,0,1.89,0,2.16,38.06858897,"4/23/2024 0:00:00",144,1,0,0,"5/14/2012 0:00:00",0,1,0,2,3,0,15,0,0," ",0,0," ",0,0,0," ",0,0,0,0,1,1,49,0,0,170,90,31.1418685121107,1,0,"Stroke (hemorrhagic - aneurysm rupture)",1,0.8,108.4893318,0,0.96,46,0,0,0,0,1,2,3,3,0,0,11.1849656,0,0,0,0,11.1849656,0.589310431,0,77,0,0,4.76595e-07,328691.2338,178458.8639,270.1442735,95.1699441,0,0,0,0,0,1.61361e-05,37524.6705,32216.20248,75.44621351,22.78373614,0,0,0,0,3.58993e-07,0.483112343,0.156652475,0.605503046,0.018168799,0,0,0.258714594,0.035689104,1.66127e-05,0,2607,58,373174.5,59990,0.171555315,81948.03704,0.222183698,8.191637207,45.01114345,0.005192261,6.074105978,19.95809384,0.246609251,0.49996569,60472.86667,0.49996569,60472.86667,0.687211135,265421,0.687211135,265421,0.4834762,15646.38889,0.4834762,15646.38889,0.524699925,127712.5833,0.524699925,127712.5833,1.56079994728012,1.56079994746406,101275.540736607,43230.2,11.2324349975586,19.473182613964,1.63768632340431,248.839144089433,0,1611.96562532198,2.99200492553335,4.62800802181962e-06,1.19251870324795,0.000202732982224014,0,3.61127449395189e-05,0.000260175128698875,2.66189890906685e-05,139825.98,248042.214285714,0.751836978034464,102.825328414955,20.0470981495864,8.25145051964528e-05,2.52426992468186e-05,0,10722.4210526316,114.955456600355,1.8708312780093,3.04007843126954,139825.98,9930.65749235474,0.928257881284381,0.370900150732449,0.475528553332292,60509.2,0.89845088872028,1.29904156834348,0.64462425605917,23049.1333333333,0.000121381659068887,8.23133119093169,15959.64,10.0574469064411,1.36579620652066e-05,6803.86666666667,653.419050576769,0,107754.747209821,0,0,7.47792655711363,131371.808991699,10.8119245357007,8.58443563461304,60472.8666666667,0.00014113233551307,0.425598568778673,0.846419458030791,0,0.109435146458758,71.1544637620135,0,7.39644508595914e-05,0.000292437592440578,9.8449671005196e-05,2.38088014436596e-05,296.620795107034,0,5.98828396356855e-05,96967.1611328125,28804.0190181336,80685.16,1.84298246796987e-05,0.625561626984887,0.850035414304983,1671.72563725487,3.70805489752182e-05,2.33596271439771e-05,0.000105334230345499,0,0.102801814265708,169.665984996521,2.20731887613042,0,0,0,0,364535.269230769,0,0,175.441768407685,4.23499946597585e-06,0.157041023866938,0,0
"H12-05837 - 2",1,2,"5/5/2012",1508,0,"11/28/1952 0:00:00",0,0,59,"Portugal",68,169,23.8086901719127,"ADPKD",4,1,62,1,1,2,1.61,48.95858492,1.7,45.86497934,1.3,63.28312035,1.4,57.5393905342541,1.22,67.03244929,4.74652937787295,0,0,1.25,64.30175914,1.69059215143647,0,0,1.6,0,1.81,39.37359625,"5/9/2024 0:00:00",144,1,1,0,"6/4/2012 0:00:00",0,0,2,1,3,6,17,1,0," ",0,0," ",0,0,0," ",0,0,0,0,2,1,49,0,0,170,90,31.1418685121107,1,0,"Stroke (hemorrhagic - aneurysm rupture)",1,0.8,108.4893318,0,0.96,46,0,0,0,1,2,2,5,4,0,0,35.3975,1,1,1,1,35.3975,4.643874818,14.2857142857143,25,4,0.137931034,-7.68001093142036e-07,432723.8,199473.3526,296.475927,100.4853456,-1.2288017e-07,140132.25,46397.62556,195.1178637,33.52639641,0,0,0,0,0,21175.93569,17923.43911,62.1030129,20.14788141,0,0.838058329,0,0,0,0.295031155,0.009143516,0.235201421,0.828145855,2.7237e-05,0.704968845,1000,27,449600.5,66870,0.134763967,81247.47059,0.185774919,6.193156185,18.4353325,0.279390318,6.084599279,17.63163298,0.296732814,0.533621604,76497.8,0.533621604,76497.8,0.539838021,215014.5,0.539838021,215014.5,0.571517827,9832.25,0.571517827,9832.25,0.508357455,120941.5,0.508357455,120941.5,0.988376181699975,0.988376182716379,103612.090625,51816.8333333333,11.456848859787,13.2302653547604,1.60176028474998,218.617350680089,0,1520.05775636783,3.18366955013862,4.0969689450216e-06,1.24649927579041,0.000158870260773067,0,2.90998381135733e-05,0.000259036445263007,2.37712754676213e-05,142400.083333333,129984.48203125,0.754127380482383,102.46087067986,12.0005326306752,9.66970059052784e-05,2.23722629159695e-05,0,6874.33333333333,122.20181666877,1.97013440236658,5.47002821657726,142400.083333333,7754.90269151139,0.917487720136984,0.432025556504097,0.421364520739633,76538.2,0.896454313907556,1.38034515124718,0.649585619008029,31990.4,0.000109110568221286,8.25750981206479,16370.3333333333,9.40437401258028,1.21522888238092e-05,8840,239.565805160218,0.114319726202465,121194.5359375,0,0,7.86970451701997,142467.57068634,10.2563971530804,7.69586634635925,76497.8,0.000120963081760291,0.413259261621117,0,0,0.110995723396844,60.0262007440228,0,6.57482077649293e-05,0.00013696085199573,0.000117852465639968,2.3296897615088e-05,196.173913043478,0,2.39235909264014e-05,156439.03125,19035.2010475423,74253.1666666667,0,0.641196334992236,0.85320291337688,1730.80627294315,3.56907801756501e-05,2.19263010217501e-05,9.81219708568956e-05,0,0.142166118461741,146.591845626723,2.08927830772008,0,0,0,0,468768.285714286,0,0,215.7075036366,4.09098396156587e-06,0.103434312094761,24525.6811523438,0
"H12-06008 - 1",1,2,"5/8/2012",14030372,0,"9/6/1951 0:00:00",0,0,60,"Portugal",66,163,24.8409800895781,"Chronic pyelonephritis",4,1,26,0,6,0,1.35,60.10607627,1.2,69.23112757,1.1,76.85067353,1.2,68.8018945765631,1.1,75.43009511,3.31410026671845,0,0,1.06,77.88374461,2.27046250835922,0,0,0,0,1.13,70.79289901,"9/10/2019 0:00:00",88,1,1,1,"5/17/2012 0:00:00",0,1,1,0,2,2,15,0,0," ",1,6," ",0,1,1,"6/29/2020 0:00:00",2,1,0,0,1,1,68,0,0,170,60,20.7612456747405,1,0,"Stroke (hemorrhagic)",1,0.8,96.39797036,0,1.47,88,1,0,0,1,2,2,5,4,0,0,28.8814149,1,1,1,1,28.8814149,2.678810451,5.88235294117647,35,2,0.054054054,5.6798e-07,455265.4,333303.8177,293.0455786,136.5003516,3.2456e-08,294527,18570.5,282.5660636,14.29754143,2.40823e-05,42703.62163,40210.05925,80.0594324,27.46924437,12294.03427,8788.575699,50.74809131,16.07538678,6.16664e-07,0.669976045,0.258581441,1.028402848,0.02282197,0.246724486,0.021606117,0.251439833,-0.265651545,2.19155e-05,0.753275514,1484,38,507349,38886,0.131152489,148543.0667,0.288824012,5.659675434,22.71755391,0.334251903,5.659675434,22.71755391,0.334251903,0.558823962,20865.22727,0.558823962,20865.22727,0.24590043,46427,0.24590043,46427,0.601921997,16322.66667,0.601921997,16322.66667,0.364882804,41306.75,0.364882804,41306.75,1.63164782329574,1.63164782445763,128734.693359375,26330.9090909091,13.5557438677008,22.1774363147044,1.47484555618903,224.088249887705,0,962.112062076498,3.14973907555336,3.77408737346954e-06,1.19678221460571,0.000154855534593997,0,2.55274787469626e-05,0.000676872226239822,2.36804018119646e-05,86005.5454545455,267841.608398438,0.742348799019066,103.658521739518,18.0972304856369,0.000220157353853909,1.71557852089868e-05,0,13264.9565217391,130.651478866841,1.99005463013061,2.63299410807713,86005.5454545455,7889.93279569892,0.914620528182013,0.341454368220811,0.455752012645921,20883.7272727273,0.89566167836827,1.24472479358314,0.567588845648075,6997.45454545455,0.000120597201659004,8.92936684111113,9769.27272727273,10.0565342073855,1.35685883963964e-05,2354.27272727273,766.062200987049,0.115150061536011,148163.770833333,0,0,6.6402347972901,89710.0663729581,9.68615173531393,7.90429960597645,20865.2272727273,0.000103282293026364,0.366713852367368,0.849878743951413,0,0.111368665669417,56.9108367250014,0,7.60564633206866e-05,0.000192416186625612,0.00105153667359068,1.91238863968307e-05,196.967741935484,0,3.43181082067485e-05,96583.28125,16731.0055344172,49950.2727272727,5.92694152340246e-06,0.582883555467992,0.846810889800055,1757.00274367034,3.01442742316277e-05,0.000298224209115708,0.000122227519930018,0,0.0823647432885536,112.737935321472,2.61949163773315,0,0,0,0,443279.142857143,0,0,124.317766707281,3.43225938625685e-06,0.139182484995584,36248.942855835,0
"H12-09036 - 1",1,1,"7/11/2012",3005054,0,"9/10/1948 0:00:00",0,0,63,"Portugal",67,162,25.5296448712087,"CAKUT",4,1,45,0,2,2,1.8,41.77234646,1.5,51.98838981,1.8,41.77234646,1.9,38.9054594803115,1.5,51.02738867,6.06096459484425,0,0,1.61,46.29347566,1.84700404492212,0,0,1.86,0,1.33,55.5619262,"3/20/2024 0:00:00",140,0,0,0,"7/20/2012 0:00:00",0,2,1,1,4,0,20,0,0," ",0,0," ",0,0,0," ",0,0,0,0,1,1,73,1,0,160,60,23.4375,1,0,"Stroke (hemorrhagic)",1,0.6,94.71733696,0,1.68,95,1,0,0,1,1,0,2,2,0,0,18.10524532,1,0,0,0,18.10524532,0.106929116,4.34782608695652,22,1,0.043478261,5.43394e-07,353676.1591,145732.8241,288.7811619,69.08680042,2.46997e-08,112088,0,166.7393175,0,1.87718e-05,35644.56908,28985.8927,75.19925718,22.82872459,19400.42159,19380.75819,53.51871438,14.35875854,5.43394e-07,0.488612584,0.192185595,0.669112785,0.024228678,0.252942842,0.002953989,0.287224515,-0.771268584,1.55854e-05,0.747057158,760,22,363619.5,144596.5,0.44221615,154003.619,0.430268334,7.915616377,20.39762201,0.321005788,7.915616377,20.39762201,0.321005788,0.366775169,55148.57692,0.366775169,55148.57692,0.554433006,338035,0.554433006,338035,0.347390979,20214.38889,0.347390979,20214.38889,0.410389596,133750.5,0.410389596,133750.5,1.59632278558099,1.59632278391268,89359.455078125,120331.875,18.5360474586487,17.5548981194481,1.70729281788495,196.84253719502,0.554433006134231,1154.26728242519,2.77536614761992,7.05076078541526e-06,1.21257424027156,0.000343908222826821,2.01018136314632,7.58893102209643e-05,0.000372201370668117,4.40455176075926e-05,223235,440067.421875,0.756243906120211,91.7528407540428,16.1832135492429,0.000119327377591156,3.87018939731416e-05,0.685480865951652,10420.15,108.732644777396,1.5267302381068,1.922438468047,223235,7576.01648351648,0.924133416686666,0.677983164732142,0.58784606962953,31599,0.897235722109035,1.11661837311083,0.834279678938059,21196,0.000155656604336699,6.57518606133513,25493.125,8.22612466812134,1.76496809286698e-05,3545.08333333333,1047.92593420007,0,108681.1328125,0.905392708538129,0.000295293736951364,8.12118205610271,386304.033203125,15.7041433680029,8.31957471370697,31574.7083333333,0.000176958798430757,0.472027516092554,0.868621046511231,0.756087653593437,0.112045997796903,59.7198164913608,208.201825160108,8.0158406548735e-05,0.000116441047728259,9.82853378058665e-05,1.94833789163908e-05,155.527472527473,3.54800318548818e-05,2.25220302964392e-05,229799.875,20468.0764617691,77474.375,0,0.383335265982534,0.863665868747354,1247.06958373147,3.59208903875978e-05,1.72577761808172e-05,0.000200757767373604,0.919541027313608,0.21203810245211,223.722574489178,3.1706100207637,0,0,0,0,361973.625,0,0.444839426139573,160.244542315679,4.19568819648777e-06,0.340314176758763,11571.4853515625,0
"H12-12801 - 2",1,3,"10/12/2012",19250461,0,"7/30/1951 0:00:00",1,0,61,"Portugal",80,157,32.4556777151203,"Chronic pyelonephritis",4,1,33,0,2,2,1.7,33.90676343,1.4,42.80272305,1.5,39.4017518,1.4,42.5373461636107,2.09,25.97445691,-8.28144462680535,1,1,2.44,21.30356141,-5.30844618840267,1,1,0,0,4.54,9.972469655,"10/25/2019 0:00:00",84,0,0,0,"11/1/2012 0:00:00",1,1,1,1,3,0,16,1,0," ",1,6," ",0,1,1,"11/30/2019 0:00:00",1,1,0,0,2,1,67,0,0,170,85,29.4117647058824,1,0,"Stroke (hemorrhagic)",1,0.8,96.99936643,0,1.27,76,0,0,0,1,1,2,4,4,0,0,18.03480859,1,0,0,0,18.03480859,0.23649067,3.84615384615385,73,3,0.039473684,2.72045e-07,325336.5,132050.0116,273.1399673,66.81263428,1.11799e-08,77918.66667,8451.286927,145.0688007,8.26900251,1.46122e-05,43296.74892,40337.3243,79.30910688,29.38746027,0,0,0,0,4.58378e-07,0.524988418,0.088506265,0.632660171,0.033039967,0,0,0.139895428,-0.225761509,1.48954e-05,0,3921,123,339287.75,57948,0.178578261,69288.66667,0.196651048,5.624374241,26.49139538,0.252945479,5.624374241,26.49139538,0.252945479,0.560687158,50636.84,0.560687158,50636.84,0.77486962,206381.5,0.77486962,206381.5,0.573785901,19225.4,0.573785901,19225.4,0.541039044,97754,0.541039044,97754,1.41684168418462,1.41684168372848,88638.859765625,23240,10.9955711364746,26.7418308406714,1.68928232363121,228.338497540901,0,1502.53498131069,3.0255892810745,5.98493830581106e-06,1.28609374690432,0.000320707921675412,0,6.92564659163143e-05,0.000291717707293113,3.26837160854894e-05,94051.2857142857,149107.234960937,0.769212994475327,106.244150257694,26.3552910418239,9.29539285545856e-05,4.97385750541115e-05,0,8019.29012345679,137.191510354342,1.91203095361797,4.84671041690523,94051.2857142857,8326.06415478615,0.91807184933324,0.333872548893497,0.455865355091962,50668.08,0.899553087842499,1.29347560563511,0.563170726466689,15873.24,0.0001131049827602,9.16460750739103,10701.8571428571,10.5842388677008,1.26353420366319e-05,5703.16,718.030330230206,0.114419891585689,117188.999511719,0,0,11.0576451785835,61150.1869419643,15.4785985957773,9.90897124154227,50636.84,0.000230216650141735,0.466790562459954,0,0,0.111044695909056,66.2314552422599,0,7.15408151408953e-05,0.000166849236164961,0.000102415207037895,3.59012190252241e-05,180.048879837067,0,2.68119113212728e-05,208597.629882812,24567.4485745218,60149.4285714286,0,0.690645921052579,0.863908898389709,1753.46206057625,6.10347155163616e-05,1.94380307276764e-05,9.24764535935438e-05,0,0.205913985763335,142.448207586953,2.09749293838737,0,0,0,0,282383.821428571,0,0,190.03260866603,6.97257039510189e-06,0.151375143872256,12945.6636149089,0
"H12-15143 - 1",1,3,"12/2/2012",19690230,0,"2/20/1958 0:00:00",1,1,54,"Guinea Bissau",89,173,29.7370443382672,"Undetermined",5,1,53,0,1,2,2.8,19.45998304,4.4,11.31328905,2.2,25.99111304,1.9,30.7983015065515,1.6,37.3839419,3.29282019672425,0,0,1.63,36.10787512,1.32739340336213,0,0,0,0,2.5,21.09823607,"1/5/2021 0:00:00",97,0,0,0,"1/10/2013 0:00:00",0,2,2,1,5,0,18,1,0," ",1,6," ",0,1,1,"5/1/2021 0:00:00",1,0,0,0,1,1,65,0,0,170,70,24.2214532871972,1,0,"Stroke (hemorrhagic)",1,0.8,98.21343773,0,1.31,79,0,0,0,1,2,0,3,4,0,0,11.487668,0,0,0,1,0,0.10080244,5,57,2,0.033898305,2.41509e-07,370774.5789,156164.4164,289.2024628,85.09461447,8.47402e-09,113670.5,13889.5,167.6642951,2.276871171,1.21475e-05,47687.67213,38773.77655,81.23103056,25.02346933,22935.97744,26623.87877,53.28516922,15.6168738,4.91493e-07,0.534573755,0.089545568,0.579286094,0.069555156,0.2739235,0.015242982,0.154579177,-0.271533399,1.22501e-05,0.7260765,2867,116,377643,55452,0.156973617,72779.95455,0.179829106,5.091448245,29.27403448,0.227259565,5.091448245,29.27403448,0.227259565,0.534301352,166346.475,0.534301352,166346.475,0.530413003,1462090.5,0.530413003,1462090.5,0.43211815,15335.66667,0.43211815,15335.66667,0.617905789,289900.7727,0.617905789,289900.7727,1.61570880967941,1.61570881069463,118105.089583333,57346.2,14.0304914156596,28.3414559629574,1.89811076594169,210.139809049643,0.668305067800721,1539.22938883563,2.89358731614016,5.14457797253664e-06,1.22162811463694,0.000238959966391473,1.91246693104728,4.53957472741193e-05,0.000415809518018265,3.32691500024244e-05,186963.666666667,257264.8796875,0.766443000781312,95.6567340299267,25.8899684578453,0.000127401513966799,3.01188172272849e-05,0.868901894332417,10955.012987013,110.493681977367,1.73211119860663,5.83779216077883,186963.666666667,8637.80242825607,0.934781633729608,0.272931378560999,0.499975678120072,72353.7647058823,0.904328713493773,1.20533909828818,0.519425641681446,18839.3529411765,0.000146536156485948,10.3898245793568,21214.5333333333,11.0128875707651,1.65515067075035e-05,8010.52941176471,878.205429332519,0,319316.0546875,0.904298475077596,0.000352020520629068,8.22042015567941,155604.544986979,12.4331436218605,9.7271328608195,72315.4117647059,0.000159420588548083,0.418589302663462,0,0.756264793161203,0.111502146967395,64.6463591904777,220.953821248975,7.97584126088413e-05,0.000141301416415565,0.000103482359769139,2.71458148487862e-05,179.913907284768,3.96158144426731e-05,2.51592522764696e-05,140702.533854167,25721.5642613812,108479.6,0,0.619324391047162,0.841255214599063,1676.46793745317,4.77520578006102e-05,1.99638323834867e-05,0.000112266974022014,0.91388600354691,0.139358855372993,190.783189002843,2.49477180780569,0,0,0,0,416457.333333333,0,0.145038730796541,197.910544382829,5.42354507700395e-06,0.142728890357544,33684.3504464286,0
"H13-03641 - 1",1,2,"3/16/2013",19084846,0,"1/16/1943 0:00:00",1,0,70,"Portugal",65,153,27.7670981246529,"Chronic glomerulonephritis (unspecified)",2,1,63,0,2,2,1.1,54.05610523,1.3,44.23682519,1.3,44.23682519,1.3,43.9625568783178,0,0,0,0,0,0,0,0,0,0,0,0,1.27,45.20604163,"1/24/2014 0:00:00",10,0,0,0,"5/3/2013 0:00:00",1,1,2,1,4,0,18,0,0," ",1,6," ",0,1,1,"6/4/2020 0:00:00",1,2,0,0,1,1,63,0,0,170,75,25.9515570934256,0,0,"Anoxia",5,1.3,61.72823435,0,1.13,65,0,0,0,0,0,2,2,2,0,0,5.738222322,0,0,0,0,5.738222322,0.06135675,0,27,0,0,1.72057e-07,353607.4259,137640.2829,292.2363838,68.86788,0,0,0,0,0,1.31401e-05,47768.60378,55589.1782,75.39293345,28.3424681,28894.39904,65206.30576,59.2787573,18.86790086,5.03427e-07,0.752597169,0.06084076,0.62768348,0.09845001,0.416537813,0.020226536,0.096929045,-0.168622916,1.34836e-05,0.583462187,2062,79,338145,52814,0.174637356,87488.9375,0.213805855,5.422339917,16.84074069,0.382547466,5.422339917,16.84074069,0.382547466,0.603910063,45802.86842,0.603910063,45802.86842,0.673158875,510340.5,0.673158875,510340.5,0.564118373,11895.23333,0.564118373,11895.23333,0.753128903,172956.5,0.753128903,172956.5,1.47449840613933,1.47449840496981,83085.5394965278,16519.6666666667,6.26253267129262,15.983538556345,1.96804994342204,202.106303877892,0.673158875042584,1383.42012003918,3.15122911775661,5.180937217748e-06,1.18973547198049,0.000275485961542913,2.06293681525212,5.45971628897453e-05,0.000366885860848219,3.19194723196777e-05,137588,141413.173522949,0.756396817326323,94.2267693852158,16.9481213173836,0.000122847311719511,4.07865501403306e-05,0.893465810251542,10479.2769230769,118.154100723485,2.10447365945853,4.83305097836454,137588,7839.21501706485,0.929558830170481,0.335712828095214,0.423442052005375,20017.6111111111,0.901909791288415,1.3422218339071,0.576274093524723,5331.88888888889,0.000116996472278454,8.17789355968046,15583,9.42801574560312,1.32046247847479e-05,2279.16666666667,758.090157218054,0,105292.747395833,0.924004716811808,0.000183821643168954,10.3857706797,38153.9314695994,14.0295826339442,9.26149924596151,19995.2222222222,0.00020447261397024,0.442435950864478,0,0.762238432419244,0.111769521761691,61.0231326250005,202.714084365147,6.96128819455798e-05,0.00022440540357351,3.91665855481588e-05,2.79779246084839e-05,181.950511945392,2.07446425939003e-05,4.49407691619672e-05,164488.115668403,22863.5513264129,105537.333333333,0,0.79460645815208,0.713279070658703,1747.18311349915,4.65057807925029e-05,1.06735352710724e-05,0.000118264490427974,0.930624464963745,0.156968449081001,178.773987017834,1.51711885658768,0,0,0,0,247094.5,0,0.161450814550455,115.889882028717,5.35935272193271e-06,0.152378605110493,54089.1096003606,7.89379978179932
"H13-04616 - 1",1,2,"4/7/2013",9003708,0,"9/11/1987 0:00:00",0,0,25,"Moldavia",87,183,25.9786795664248,"Undetermined",5,1,49,0,2,2,2,46.62492768,1.7,56.665074,2.1,43.9734978,1.9,49.2775193573988,1.52,63.61,7.1662403213006,0,0,0,0,0,0,0,0,0,1.52,63.67133983,"7/20/2015 0:00:00",27,0,0,0,"4/26/2013 0:00:00",1,2,1,2,5,0,22,1,0," ",0,0," ",0,0,0," ",0,2,0,0,1,1,51,0,0,170,90,31.1418685121107,1,0,"Stroke (hemorrhagic)",1,1.8,45.00916566,0,1.14,65,0,0,0,1,2,2,5,5,0,0,43.5912,1,1,1,1,43.5912,1.653952273,13.3333333333333,26,4,0.133333333,1.31796e-07,435693.1346,124427.5026,322.9869243,53.07093024,2.02762e-08,137403.125,79095.82649,186.4857054,42.54799249,1.25814e-05,55022.69259,55024.48426,86.1081272,31.42270518,24443,7951,59.11969962,1.69148356,2.88936e-07,0.534938295,0.057422434,0.692263045,0.02450686,1.635037961,0,0.082948865,-0.362494315,1.27417e-05,-0.635037961,2482,57,412580.75,107181.5,0.245931151,126260.1579,0.263047972,5.858607718,15.65606008,0.40179707,5.858607718,15.65606008,0.40179707,0.527113649,47634.38462,0.527113649,47634.38462,0.415058987,345789.5,0.415058987,345789.5,0.552440514,14885.5625,0.552440514,14885.5625,0.486590666,100032.5,0.486590666,100032.5,1.43402528257833,1.43402528441743,111577.4265625,138406.8,15.6663583755493,15.1778477669949,1.77141846017307,226.251405601251,0,1554.30419468444,3.16725546826363,4.27046263796612e-06,1.19616463553494,0.000179068715743555,0,2.90908915658962e-05,0.00028636617960553,2.93389478936621e-05,345473.4,257410.7140625,0.750528917180365,105.848695406628,16.036245012941,9.32864073810802e-05,1.98966140803331e-05,0,7700.70555555556,131.204894531438,2.03164228119834,3.47072490774984,345473.4,8464.73696682464,0.921516498890048,0.377349750290904,0.468236763437387,47660.8461538462,0.898842238871591,1.23006596461093,0.587924179761797,22952.2307692308,0.000101243783079042,8.29143355469003,39136.8,9.30728794468774,1.1354519067946e-05,5349.88461538462,688.413719918206,0,113994.203125,0,0,6.68090602597483,372020.2859375,9.80004652175911,10.9869792938232,47634.3846153846,0.00011958372714202,0.432473818119367,0,0,0.111108462102098,68.1588892847135,0,6.36439463545618e-05,0.000174260800485992,4.49806190798909e-05,1.97224483091442e-05,227.456161137441,0,2.72572025846719e-05,100677.21875,26076.1415745856,168022.2,0,0.515647464966976,0.82036234278015,1768.07270741243,3.44968000898374e-05,7.53950153100447e-06,9.99374104610291e-05,0,0.109992036775618,296.203287720818,2.51576119935487,0,0,0,0,431087.766666667,0,0,165.748341973227,3.90699408270585e-06,0.181330080187357,24114.0775665283,5.29534983634949
"H13-04616 - 2",1,2,"4/7/2013",16000972,0,"12/10/1965 0:00:00",0,0,47,"Portugal",78,184,23.038752362949,"Chronic glomerulonephritis (unspecified)",2,1,47,0,1,2,1.4,62.38473809,1.8,46.14291138,1.3,68.18674766,1.2,74.5956488865486,1.26,69.48392167,-2.5558636082743,0,0,1.18,74.24522919,-0.0876049241371497,0,0,1.5,0,1.45,55.70111123,"5/24/2024 0:00:00",134,1,1,1,"5/14/2013 0:00:00",0,2,2,2,6,0,20,1,0," ",0,0," ",0,0,0," ",0,0,0,0,2,1,51,0,0,170,90,31.1418685121107,1,0,"Stroke (hemorrhagic)",1,1.8,45.00916566,0,1.14,65,0,0,0,1,2,2,5,4,0,0,28.06469037,1,1,1,1,28.06469037,1.006474504,6.25,29,2,0.064516129,-4.25963566307986e-06,517793.2069,273647.0643,342.5051815,100.0907895,-2.93767976764128e-07,208646,9100,239.4019135,2.494758673,0,0,0,0,0,24393.01238,24481.18217,63.25717749,16.94359367,0,0.863892272,0,0,0,0.326002485,0.030369838,0.208916607,4.95405131,2.72239e-05,0.673997515,1250,37,529163,69089,0.090389465,98393.38462,0.156922551,4.954120706,13.13099127,0.457154304,4.954120706,13.13099127,0.457154304,0.493549293,187716.5,0.493549293,187716.5,0.680190065,787117.5,0.680190065,787117.5,0.403817713,7471.25,0.403817713,7471.25,0.553370347,307880,0.553370347,307880,1.08737750847428,1.08737750835678,101959.041015625,16480.6666666667,9.52299912770589,12.738308387092,1.64482376814798,213.973661689797,0.680190065444335,1353.08631327094,3.07974155126519,4.19156014656641e-06,1.40355937441578,0.00013906208655669,3.80484381766581,2.80606531232364e-05,0.000198103993755311,2.36710788317007e-05,179460.333333333,211252.206054688,0.742130361360971,102.136471020321,12.496647315489,8.20939095390098e-05,2.03889909250437e-05,0.866747473881777,1894.49612403101,128.684429330987,1.91975683758279,3.29453448677718,179460.333333333,7602.38795986622,0.918557708277792,0.401863305156983,0.432662412886083,37892.75,0.89616474813097,1.24940216994492,0.615247231417066,18620.25,0.000114865758739804,7.92777061462402,20223.6666666667,9.29259178619976,1.29744437440244e-05,4153.75,200.820474386311,0.114450053549705,125986.270089286,0.946831625692191,9.77105638916844e-05,7.05674037207938,41903.046875,9.76917154781817,9.05839951833089,37866.25,0.000100769478254383,0.441620559845416,0,0.719003183184582,0.111404327725707,62.4126104917842,291.821863471536,6.97365164799537e-05,0.000119227846373418,6.03041715482224e-05,2.02467639810453e-05,196.020066889632,1.11615778876864e-05,2.06171881357583e-05,190897.140625,20256.4002089864,142816.333333333,1.26343874665749e-05,0.772365449078343,0.822158394812277,1836.97117614869,3.28810172340023e-05,1.25257529276584e-05,0.00011625377418554,0.951587213076746,0.162858407062914,217.684916732148,2.00673852420897,0,0,0,0,245453.875,0,0.319542034375365,143.057295163306,3.72873271325263e-06,0.122414646937592,5086.52576846168,2.69689989089966
"H13-05503 - 1",1,2,"4/24/2013",19725235,0,"9/30/1951 0:00:00",1,0,61,"Portugal",63,160,24.609375,"Undetermined",5,1,74,0,1,2,1,64.09513135,0.9,72.73342361,1,64.09513135,1,63.6977415373697,0.85,76.45736178,6.37981012131515,0,0,0.77,85.02196416,5.33105565565757,0,0,0.92,0,0.91,66.80865885,"4/9/2024 0:00:00",132,1,1,1,"5/2/2013 0:00:00",0,2,2,1,5,0,19,0,0," ",0,0," ",0,0,0," ",0,0,0,0,1,1,62,0,0,170,80,27.681660899654,1,0,"Stroke (ischemic)",1,1.8,42.03295075,0,1.35,82,0,0,0,1,0,2,3,2,0,0,9.302603962,0,0,0,0,9.302603962,0.47636067,2.77777777777778,70,1,0.014084507,3.28282e-07,416328.2714,220749.2575,309.7838583,104.8315847,4.68974e-09,68923,0,115.2605744,0,1.83322e-05,58645.46457,73454.72782,85.28136539,30.21337437,31893.63372,29321.85706,63.99485598,17.53290032,7.40979e-07,0.69980367,0.136672954,1.075099694,0.049372072,0.372768054,0.022956911,0.127125842,-0.840696075,1.84324e-05,0.627231946,3909,158,391443.25,25189,0.051513851,69977.1875,0.153364843,4.850588129,16.18154059,0.398588925,4.850588129,16.18154059,0.398588925,0.738635457,37392.54688,0.738635457,37392.54688,0.971268671,346235.5,0.971268671,346235.5,0.723240328,18634.90741,0.723240328,18634.90741,0.821769154,138683.8,0.821769154,138683.8,1.16166901235474,1.161669013088,99389.1609002976,16885.5555555556,5.0625237358941,14.7453755926037,1.75122348330439,216.483202698432,0.971268671304911,1969.44580144173,2.80609437300425,4.56546568298142e-06,1.1682656064324,0.0002124821170887,1.45333088416145,3.94355141793902e-05,0.000206524402441371,2.61270927731263e-05,209515.555555556,196075.932245164,0.751290813428127,102.075069932846,17.18362898661,7.61285416475571e-05,2.90835450769903e-05,0.908305951887189,1949.26744186047,125.747346761681,1.63725700427525,4.97325276446814,100681.777777778,8166.09727626459,0.918299663257972,0.201752774805113,0.431342065299255,27454.1612903226,0.897440421552656,1.19426641956408,0.469713568116092,5215.64516129032,0.00011682496464424,8.5102705781098,11512,9.44277200033498,1.31766521156677e-05,3083.35483870968,300.414763093109,0.113969136004589,132586.387695312,0.887930528293485,0.000260300496572126,8.46461737834047,45878.1608513726,11.5744247381313,6.52643839518229,27429.8709677419,0.000156246524078149,0.405699071856591,0,0.723152201254687,0.111408277687159,67.1899039656767,265.753645318366,6.9331408284945e-05,0.000181122743133925,0.000112058903459831,2.37001240366949e-05,212.686381322957,3.00091779743413e-05,3.46437550284364e-05,181620.799682617,25209.732406603,72332.8888888889,0,0.796813134838531,0.909208946870303,1317.45279536364,4.04961821005442e-05,3.66682392625165e-05,0.000112228744100492,0.89842766818274,0.135481389350104,126.006751402297,1.14383439703563,0,0,0,0,288583.5,0,0.0955005572333509,130.452981784544,4.6174133445922e-06,0.0793253836389906,3612.52712048982,4.68260846819196
"H13-05628 - 2",1,2,"4/29/2013",19768006,0,"2/6/1952 0:00:00",1,0,61,"Portugal",57,162,21.7192501143118,"ADPKD",4,1,70,0,1,2,0.9,72.73342361,0.9,72.73342361,1.1,57.16810805,0.8,83.2560974527622,0.77,86.08612293,1.4150127386189,0,0,0.78,83.71561667,0.114879804309449,0,0,0.84,0,0.82,75.86197484,"4/15/2024 0:00:00",132,1,1,1,"5/6/2013 0:00:00",0,2,1,2,5,0,21,0,0," ",0,0," ",0,0,0," ",0,0,0,0,2,1,65,1,0,160,65,25.390625,1,0,"Stroke (hemorrhagic)",1,0.6,99.54914625,0,1.37,83,0,0,0,1,2,0,3,5,0,0,5.09529932,0,0,0,1,0,0.163800126,3.7037037037037,52,1,0.018867925,5.727e-07,298724.0192,149880.863,267.6501875,79.54710869,1.10135e-08,156211,0,188.6080592,0,3.52541e-05,37012.59778,38054.60584,73.35271325,23.03849276,21103.61733,21926.63645,55.85001564,13.8517603,1.99344e-06,0.681849314,0.17107912,1.304844505,0.241590167,0.358570735,0.008829939,0.131110733,-0.967322693,2.10668e-05,0.641429265,3201,181,273673,48774,0.162657747,58400.64286,0.178591358,5.510553595,17.41689281,0.412005349,5.510553595,17.41689281,0.412005349,0.633258049,79498.07609,0.633258049,79498.07609,0.902937806,1801233.5,0.902937806,1801233.5,0.551417119,16283.25758,0.551417119,16283.25758,0.841008101,239966.4615,0.841008101,239966.4615,1.18182565626848,1.18182565618739,114703.49375,26527.7142857143,7.59247062887464,16.3478317265892,1.71273660928101,174.037947712634,0.991623141292489,1430.28292416637,2.82329081376981,6.55738065635485e-06,1.13498221039698,0.000237535833143856,5.27863610358979,5.96157217136009e-05,0.000283938489022266,3.64893954804586e-05,122056.5,210015.520572917,0.803957456844975,82.0604432252179,15.4859225198811,0.000107406675341754,4.24495282549717e-05,0.942141771745363,4842.1038961039,100.839881755098,1.69960214689008,5.57065523989659,122056.5,6107.57058823529,0.926429548826695,0.253107549549783,0.458173183590677,30201.5454545455,0.898615497746874,1.45596838520852,0.516310490790544,5622.79545454545,0.000177096402627924,8.95945092400694,13873.1428571429,10.1234886016681,2.02986994614389e-05,3425.93181818182,428.560049292224,0.114713301845124,124485.8296875,0.926363517411096,0.000152122910476044,9.59936689794308,64317.9649761745,13.7249810768472,8.28039945874895,30175.2159090909,0.000167333089859938,0.436656796829601,0,0.772053041027745,0.113718303733515,56.3010293588938,193.705962737341,9.57801599737311e-05,0.000256831768739951,5.07546799048958e-05,3.49976621583503e-05,96.0692810457516,1.77813069453586e-05,6.41717852571368e-05,171147.928222656,17011.3767495001,81791.4285714286,0,0.751844790726254,0.794964652762641,1358.51645352918,6.74141224026225e-05,1.26155193096549e-05,0.000169729267291681,0.932742354454858,0.159650372193936,159.558911562185,1.58850735778183,0,0,0,0,225948.195652174,0,0.0876520955385309,138.732037202666,7.75502601777532e-06,0.150201326421241,43457.6174883161,17.393798828125
"H13-09897 - 1",1,2,"7/26/2013",19530801150,0,"8/8/1953 0:00:00",0,1,59,"Portugal",75,179,23.4075091289286,"Undetermined",5,2,33,0,2,1,1.1,77.33012028,1.4,57.89836037,1.7,45.86497934,2.1,35.371684822315,1.62,47.69785705,6.1630861138425,0,0,1.3,61.34551929,6.49345861692125,0,0,1.77,0,1.76,40.88714977,"5/21/2024 0:00:00",130,0,0,0,"8/2/2013 0:00:00",0,1,1,1,3,0,16,0,0," ",0,0," ",0,0,0," ",0,0,0,0,1,0,71,1,0,160,75,29.296875,1,0,"Stroke (ischemic)",1,0.9,68.34770789,0,1.51,90,1,0,0,0,2,2,4,3,0,0,41.9768,1,1,1,1,41.9768,0.048195867,0,50,0,0,1.29042e-07,352523.77,161431.6827,284.5908654,97.37884428,0,0,0,0,0,1.16344e-05,36486.01985,30253.3112,73.71508283,21.34448943,20755.90022,21214.88838,54.23632247,14.85689443,3.27766e-07,0.333237136,0.045490263,0.424492908,0.031791965,0.310674933,0.014403758,0.107163777,-0.03902883,1.19947e-05,0.689325067,4508,127,424849.5,157826.5,0.468815788,178561.0667,0.468598636,6.449465075,27.10142902,0.207793877,6.449465075,27.10142902,0.207793877,0.345450901,51456.29825,0.345450901,51456.29825,0.494818997,505121.5,0.494818997,505121.5,0.305657303,15079.05405,0.305657303,15079.05405,0.419069057,118754.2,0.419069057,118754.2,2.93621650109597,2.93621650136426,127717.916015625,80529,22.0893037160238,23.9699623368792,1.80067605615561,237.003757886428,0.494818996729629,1051.9116502368,2.94532724482912,6.84352017910022e-06,1.12946391168725,0.000265421980311288,2.02469627620517,6.13595329279314e-05,0.000633099720044109,4.26141167679065e-05,152568.1,501333.7890625,0.78720560643169,101.032902790707,26.9364487480857,0.000159509747183406,3.28696347385978e-05,0.500242324334314,54110.5294117647,119.889996855019,1.85750527526463,2.37251291904941,152568.1,10180.6459854015,0.933153946057327,0.685576002367079,0.566686575610232,43387.9464285714,0.903585280477654,1.26085924326919,0.84469456207915,27939.3214285714,0.000125160277970259,10.1502304912484,17563.7333333333,11.2859111673692,1.43519410828021e-05,4959.48214285714,1416.35264860368,0.116350860602208,130487.8828125,0.89598551505724,0.000165539052788688,8.23093332988447,334805.074235026,15.1879112306786,8.98191296259562,43355.1339285714,0.000142452179240171,0.560705167258399,0.875667165537875,0.747601948533875,0.113920433344253,70.0614887553251,293.502981245506,7.31661423686438e-05,0.000132429542120838,0.000623721879934307,2.62322638149831e-05,143.434306569343,1.85880827129784e-05,2.26351686717242e-05,557728.1875,31429.2911311054,54548,0,0.339357621074308,0.876203514346205,704.6528594314,4.54264039209319e-05,0.000158316819694854,0.000115103751202618,0.912905538617136,0.33158287195368,166.834863832782,4.03858181726781,0,0,0,0,394607.785714286,0,0.61771377672209,163.394831677111,5.19029408949891e-06,0.339910524395571,0,0
"H14-10806 - 1",1,2,"8/5/2014",19671190,0,"11/7/1945 0:00:00",1,0,68,"Portugal",45,153,19.2233756247597,"Undetermined",5,1,61,0,1,2,0.9,69.63490339,0.8,80.20658109,0.82,77.86483469,0.8,79.7093002861342,1.17,49.88752195,-14.9108891680671,0,1,1.01,58.77969148,-5.23240220153355,0,1,0,0,1.01,56.89145125,"2/6/2024 0:00:00",114,1,1,1,"8/12/2014 0:00:00",1,1,2,1,4,0,20,0,0," ",0,0," ",0,0,0," ",0,0,0,0,1,1,73,1,0,160,70,27.34375,0,0,"Head Thrauma",2,0.6,94.71733696,0,1.25,75,0,0,0,0,2,2,4,1,0,0,45.48193238,1,1,1,1,45.48193238,0.082976329,0,27,0,0,2.07957e-07,390468.3333,147871.1171,299.0357708,77.19921544,0,0,0,0,0,1.09601e-05,47252.75123,48999.52345,81.56923789,30.79963551,25468.73772,27021.42101,58.32687397,17.45676296,2.61871e-07,0.423788526,0.081200536,0.517894519,0.064988888,0.271512021,0.014640384,0.156789719,-0.596503625,1.09606e-05,0.728487979,1423,34,429566.5,188070,0.453182453,208660.2083,0.495233927,7.991993907,30.64878191,0.225814438,7.991993907,30.64878191,0.225814438,0.333846453,29804.54545,0.333846453,29804.54545,0.473702943,101878.5,0.473702943,101878.5,0.284022641,13185.3125,0.284022641,13185.3125,0.466709953,74122.5,0.466709953,74122.5,2.26130317620861,2.26130317483496,137171.04296875,117524.222222222,18.5581325954861,27.7601032888192,1.88306897015136,234.025068848771,0,1006.04378908173,2.64771311314935,4.5104527368464e-06,1.13072975609258,0.000200012302170473,0,3.20024004700537e-05,0.000570003212022427,2.74898626687869e-05,231562.944444444,414477.3671875,0.777378266228888,104.657073972904,27.5911973024851,0.000165464135487156,1.92226646924889e-05,0,53553.90625,125.593926686199,1.46445827224911,1.65623944896751,231562.944444444,10129.5947712418,0.927984198031326,0.675996702916523,0.536197825601629,29828.7272727273,0.901684150067241,1.38513183998005,0.842325803538371,17026,0.000131878609787558,8.7327466977188,26604.1111111111,10.3165626525879,1.50737779615672e-05,3356.72727272727,1354.04812248821,0,0,0,0,6.43015595059743,523641.094794379,10.5786076354153,11.3028394911024,29804.5454545455,0.000117436515478541,0,0.874897941062062,0,0.11346471138812,66.2579976264202,0,7.12753681026645e-05,0,0.000107515982507413,1.97358489577005e-05,176.83660130719,0,0,0,27881.0971540726,87492.5555555556,0,0.443657226634746,0.846925619293622,876.150644177021,3.42085562950483e-05,2.12076842614173e-05,0.00012992907733999,0,0,222.258142906374,3.61653750711463,0,0,0,0,318679.25,0,0,139.852921496715,3.9394262603502e-06,0.214416079994947,108255.857747396,7.393798828125
"H14-11086 - 2",1,2,"8/11/2014",99002504,0,"12/30/1963 0:00:00",0,0,50,"Portugal",77,163,28.9811434378411,"Undetermined",5,1,17,0,5,2,2,39.91103418,1.7,48.50542012,1.63,51.01570009,1.5,56.0168208846447,1.47,56.68199817,0.332588642677649,0,0,1.38,60.3905569,1.09343400383882,0,0,0,0,1.75,43.95122457,"4/2/2024 0:00:00",116,1,1,0,"9/8/2014 0:00:00",4,2,1,0,3,0,18,0,0," ",0,0," ",0,0,0," ",0,0,0,0,2,1,53,0,0,170,55,19.0311418685121,1,0,"Stroke (hemorrhagic)",1,0.5,121.9627585,0,1.12,63,0,0,0,0,1,2,3,3,0,0,7.974794542,0,0,0,0,0,0.28792698,0,28,0,0,2.16665e-07,529924.2679,272088.864,341.737474,107.181583,0,0,0,0,0,9.72671e-06,45118.40613,82117.24697,71.96377603,29.32757654,21812.79964,25992.9593,51.10867277,16.51172989,2.78569e-07,0.549450837,0.11481602,0.43885361,0.072687461,0.283279671,0.013854498,0.261627152,0.072926593,1.09472e-05,0.716720329,1257,36,569757,231360,0.385411522,226795.2083,0.388859832,6.704538948,27.5157468,0.296563492,6.704538948,27.5157468,0.296563492,0.518133923,279995.7222,0.518133923,279995.7222,0.711725394,2343183.5,0.711725394,2343183.5,0.494882249,19526.07143,0.494882249,19526.07143,0.599514783,1191639.5,0.599514783,1191639.5,2.03057881031241,2.03057880626616,128570.559570312,41402.4,18.6731792449951,25.9014497651859,2.11335919949717,202.690924553068,0,718.728863056639,2.72948762712672,6.01667723047582e-06,1.23149721876104,0.000263004331004252,0,4.96469441370773e-05,0.000724793539737467,4.0091658891525e-05,319135.5,808491.81640625,0.770219521242847,93.1606266264524,25.4384643009875,0.000225613725678998,2.33789314148351e-05,0,22487.3095238095,114.24189807714,1.63423849354739,3.15306819309965,93836.3,8063.21752265861,0.921898140097008,0.527016946497045,0.610527011982953,22114.625,0.903392984093163,1.22438589256192,0.739956845409929,10934.25,0.000133369323727632,7.79717189955927,10754.6,9.00849117551531,1.52469655139228e-05,2526.375,1251.18192449401,0.11507597134784,166576.9296875,0,0,6.14101750287854,166940.824902344,12.9763692970241,9.67441940307617,22097.25,0.000123862431942055,0.605467051545534,0,0,0.11350299548485,54.4795854394983,0,7.47962574447273e-05,8.24760081139612e-05,0.0002965807026895,1.9341573462532e-05,133.283987915408,0,1.19566179320833e-05,954680.34375,20105.9068360557,41720.8,0,0.488346520634786,0.89201484209746,1008.11978787256,3.00011020550738e-05,5.87889622775751e-05,0.000167829032486353,0,0.387830125894089,139.709589234677,3.62763157091546,0,0,0,0,400564,0,0,132.253469415168,3.48059571202691e-06,0.399669235118689,131697.229041466,21.592246055603
"H14-12052 - 2",1,1,"9/4/2014",19078464,0,"9/25/1958 0:00:00",1,0,55,"Portugal",71,163,26.7228725206067,"ADPKD",4,1,20,0,1,2,1,66.53207791,1,66.53207791,1.05,62.74858381,0.9,75.0307121425563,1.17,54.08851158,-10.4711002812781,0,1,1.03,62.24742346,-3.19582217063907,0,0,0,0,1.72,32.49932276,"4/17/2024 0:00:00",115,1,1,1,"9/15/2014 0:00:00",0,1,1,1,3,2,20,0,0," ",0,0," ",0,0,0," ",0,0,0,0,2,1,68,0,0,170,80,27.681660899654,1,0,"Stroke (hemorrhagic)",1,0.9,93.02931609,0,1.31,79,0,0,0,0,1,2,3,3,0,0,13.21940546,0,0,0,0,13.21940546,0.18839923,0,11,0,0,2.08942e-07,447209.8636,150333.4309,334.8052699,62.38352331,0,0,0,0,0,1.00102e-05,59814.81499,59070.88753,90.08343971,33.15624104,30134.40136,40125.63853,63.14054189,27.82280906,4.55874e-07,0.608113496,0.093441101,0.59876067,0.099543558,0.174263826,0.033297605,0.156057512,-0.521889347,8.77464e-06,0.825736174,527,24,431113,144750,0.391165997,155683.0909,0.367724853,6.569129663,20.0338347,0.355522799,6.569129663,20.0338347,0.355522799,0.474389665,55800.2,0.474389665,55800.2,0.803483987,318899.5,0.803483987,318899.5,0.370595332,14850.21429,0.370595332,14850.21429,0.716576442,151350.1667,0.716576442,151350.1667,1.62877291234404,1.62877291055461,116514.330729167,111957.333333333,15.254264831543,19.2807936497044,1.86249972187249,224.229121785861,0.803483987148388,1259.33387456664,2.97768052917727,3.47974400798834e-06,1.14602828140423,0.000169725069853452,3.21363812261024,2.90105583896096e-05,0.000450091002878546,2.18422364640003e-05,244343.833333333,380115.114583333,0.738913478111277,106.199859998841,19.7399333233889,0.000150485896262843,1.75522202253019e-05,0.873693369789181,12135.75,127.468298642041,1.95296941883419,2.90002767460842,244343.833333333,7993.68020304569,0.917148470006532,0.557386244561212,0.514330371627691,26597.8888888889,0.897705167405292,1.18805875845008,0.723547586660909,13640.4444444444,0.000106758668233951,6.21538660853042,27932.6666666667,7.61332472413778,1.21336328363634e-05,2957.22222222222,1019.9668905579,0,0,0.950406794093479,0.000241773616726785,6.5947542489896,317716.682291667,10.9071134013396,8.98966646194458,26566.9444444444,0.000102784961416377,0,0.85488715386193,0.734427882501593,0.112426054085177,64.1833494865972,173.104014973657,5.86381382712573e-05,0,6.56191966409658e-05,1.3720882964012e-05,204.771573604061,2.69279841690655e-05,0,0,23923.8109452736,104529.333333333,0,0.421218089379544,0.849491576953177,1519.99476171809,2.28574215429944e-05,1.22885469117076e-05,0.000132588949972584,0.955311000629239,0,245.93335674688,2.83389693076184,0,0,0,0,496880,0,0.311825092077423,151.526989778249,2.62857210357005e-06,0.249042284114962,29060.0317871094,12.5906982421875
"H14-15235 - 1",1,2,"11/9/2014",13005588,0,"9/8/1947 0:00:00",0,0,67,"Portugal",68,170,23.5294117647059,"Diabetic nephropathy",1,1,51,0,2,1,1.7,43.63883435,1.9,38.18629524,2.13,33.29326005,2.04,34.8461369115083,1.85,38.69926799,1.92656553924585,0,0,0,0,0,1,1,0,0,2.28,29.88950955,"11/25/2018 0:00:00",49,0,0,0,"11/25/2014 0:00:00",0,2,2,2,6,57,22,0,0," ",1,6," ",0,1,1,"12/15/2018 0:00:00",2,0,0,0,1,1,57,0,0,170,82,28.3737024221453,1,0,"Stroke (ischemic)",1,0.9,99.61641579,0,1.1,62,0,0,0,2,1,2,5,5,0,0,40.98462533,1,1,1,0,0,1.169200159,46.6666666666667,16,14,0.466666667,7.26961e-08,400010.2813,191715.7392,295.7102446,84.32793867,6.36091e-08,76763.78571,27895.71042,126.328928,32.03795431,1.17904e-05,45276.37534,39575.42423,81.88652324,29.40836015,0,0,0,0,2.63523e-07,0.255057732,0.029079173,0.533826248,0.01120367,0,0,0.054473104,-0.288281719,1.19249e-05,0,2595,58,328230.25,150030,0.445421273,179675.4375,0.463502715,7.982520205,32.46153403,0.173165409,7.982520205,32.46153403,0.173165409,0.282007045,39288.83333,0.282007045,39288.83333,0.366358332,158392,0.366358332,158392,0.255941918,14430.14286,0.255941918,14430.14286,0.37323499,126294.25,0.37323499,126294.25,3.32423520351311,3.32423520580635,152187.125,103761,26.8201560974121,27.4128717561254,1.75276206264857,262.21683335322,0,753.091153786539,2.94766549740506,5.07567433316263e-06,1.05116144392426,0.000218079811285983,0,4.64397529934651e-05,0.000769683050629751,2.82611016160689e-05,211338.8,886351.875,0.746196861931493,112.174242531037,32.7565342503866,0.000222571959513944,2.15622077159327e-05,0,75323.125,154.580755253265,1.82238321760276,1.28452785557792,211338.8,12251.6524822695,0.917253331402247,0.702658110307107,0.626957432340224,39324.2222222222,0.903855223493644,1.34425222794289,0.859440360253218,25996.2222222222,0.000142488384649357,10.4120085560684,24144,11.1430242061615,1.61987771616764e-05,4467.77777777778,1370.0350413977,0.114110548987133,173567.7890625,0,0,6.44621593918169,486209.45625,13.8835818623959,10.3537994384766,39288.8333333333,0.000101255538337197,0.636031264329124,0.88491498237106,0,0.113305222568337,79.8789848904523,0,7.97699962906833e-05,8.42078022628744e-05,0.000145572281441669,1.5822078759606e-05,199.836879432624,0,1.28879475740282e-05,1059437.34375,41142.6081799591,83500,0,0.382178473115432,0.889102700351431,692.913960229061,2.80054522095613e-05,2.79977825363589e-05,0.00016207190323214,0,0.417471508923217,202.196290781467,4.89870314343461,0,0,0,0,378491.083333333,0,0,157.262756843025,3.20628360737123e-06,0.420668964012137,90363.921875,0
"H14-15379 - 2",1,2,"11/12/2014",6007619,0,"9/25/1948 0:00:00",0,0,69,"Portugal",85,171,29.0687732977668,"Diabetic nephropathy",1,1,31,0,1,2,2.4,28.49419171,2.3,29.98723539,1.92,37.24331734,1.9,37.4804246905571,2.06,33.59434243,-1.94304113027855,0,0,0,0,0,0,0,0,0,2.06,34.17385053,"12/25/2017 0:00:00",37,0,0,0,"11/21/2014 0:00:00",0,1,1,1,3,3,21,0,0," ",1,6," ",0,1,1,"12/25/2017 0:00:00",1,1,0,0,2,1,69,0,0,170,80,27.681660899654,1,0,"Stroke (ischemic)",1,0.7,99.74254616,0,1.28,77,0,0,0,1,1,2,4,4,0,0,19.15668873,1,0,0,0,19.15668873,0.508853106,8.33333333333333,45,5,0.1,2.57676e-07,299637.6111,165816.7406,251.38577,99.10508001,2.86306e-08,117951.4,59563.70322,144.767743,72.27378912,1.60503e-05,35726.67677,28807.39316,75.39009174,22.83895122,30114.53243,36656.25091,59.802128,17.30856596,4.52364e-07,0.444402471,0.077209324,0.573425004,0.021233569,0.352997437,0.012318244,0.134645896,-0.166900391,1.446e-05,0.647002563,2803,79,312449.5,118546,0.384344435,156557.3939,0.43118717,6.641476043,26.39041787,0.253188727,6.641476043,26.39041787,0.253188727,0.482265998,54462.13333,0.482265998,54462.13333,0.403497088,449465,0.403497088,449465,0.467313898,16467.36364,0.467313898,16467.36364,0.523384273,158947.75,0.523384273,158947.75,2.2404544803206,2.24045448004785,114429.47265625,65326.8,14.5184513727824,25.4573688348246,1.77443302711587,206.12298908012,0,817.381953821518,2.77525736189139,6.07854846104424e-06,1.1568660297055,0.000243264991525068,0,5.57720302942886e-05,0.000570782194841274,3.52168042167303e-05,152432.066666667,436226.625,0.76691739147713,94.8847776664183,26.1399239319913,0.000156633709582181,3.07596664179081e-05,0,29216.4096385542,109.589317861179,1.73445078305726,3.80453281383028,152675.566666667,8164.74563106796,0.92472607687021,0.442057905899514,0.561432497718407,54493,0.901121990082084,1.26343817264662,0.661268667254314,29427.0666666667,0.000167432301851187,9.28810230551414,17628,10.4391716187259,1.92773181820038e-05,6089.33333333333,1202.77439228388,0.116402316250069,160587.8125,0,0,7.84660416361553,251719.105564372,14.2120811763018,8.64671951929728,54462.1333333333,0.000134157098658589,0.521802773805395,0.906392368482922,0,0.11403155007866,65.5268241714453,0,9.04879837591111e-05,0.000100852933473086,0.00082262110326414,2.29279113832327e-05,113.231067961165,0,1.74249724165956e-05,482270.625,25547.6461752434,69771.2666666667,0,0.469321441778766,0.852201065936608,810.932573268212,4.14313545262806e-05,0.000248912520428536,0.000194574203788848,0,0.28797994782696,161.9949773906,3.21687441813125,0,0,0,0,321223.321428571,0,0,158.006007654526,4.71173375398422e-06,0.28415051193916,55858.0703500601,0
"H14-17337 - 2",1,2,"12/20/2014",19716291,0,"5/4/1958 0:00:00",0,0,56,"Portugal",72,170,24.9134948096886,"Chronic glomerulonephritis (unspecified)",2,1,43,0,2,2,2.1,36.26266993,2,38.44916705,1.72,46.07748796,1.5,53.9650286776293,1.28,64.47152518,5.25324825118535,0,0,1.11,75.54927798,5.39606232559268,0,0,0,0,1.04,79.2939512,"2/16/2024 0:00:00",110,1,0,0,"12/31/2014 0:00:00",2,2,1,1,4,0,23,0,0," ",0,0," ",0,0,0," ",0,0,0,0,2,1,64,0,0,170,90,31.1418685121107,1,0,"Stroke (hemorrhagic)",1,0.7,102.8929191,0,1.18,69,0,0,0,1,2,2,5,3,0,0,37.9442,1,1,1,1,37.9442,0.328092896,8.33333333333333,45,3,0.0625,1.38794e-07,338252.3,211209.7158,259.6682031,124.9117105,9.2529e-09,94296,25837.71699,159.3210405,24.97610965,8.88587e-06,53447.37956,49742.69269,84.89090583,29.22154282,27713.53612,29868.60889,61.09259248,15.15707656,2.18985e-07,0.292167626,0.046947232,0.474926489,0.01213466,0.560332648,0.002952473,0.098851576,-0.271974441,9.46534e-06,0.439667352,2881,71,348375.5,161482,0.507309248,200317.4063,0.480842677,8.401057941,33.46782895,0.19104803,8.401057941,33.46782895,0.19104803,0.415574184,92386.88462,0.415574184,92386.88462,0.597642716,345646,0.597642716,345646,0.314501732,21215.64286,0.314501732,21215.64286,0.533492044,175420,0.533492044,175420,4.16758527143763,4.16758527078853,147836.134615385,58921.3333333333,20.8640841007233,31.5992349470444,1.95296937620265,255.488979341618,0,970.474948813472,2.51351834377033,8.3807223578616e-06,1.20378903228279,0.000324576924347361,0,7.74904564378188e-05,0.0009054393607819,4.7523364567952e-05,219253.4,1074968.86778846,0.805263246437696,111.860611147528,33.1783479387275,0.000264285500705324,3.13166727205002e-05,0,110573.411764706,133.76723722694,1.54365728656898,4.83510515174882,92641.1333333333,12456.4405797101,0.930693964848532,0.612154304094897,0.662297897261873,92438.7692307692,0.907478929667657,1.31253123330997,0.812410876370734,49027.3846153846,0.000110519106533117,10.807447709899,10756.6,11.4802109213436,1.26222773599985e-05,10629.3076923077,967.846300712935,0,238157.59375,0,0,6.51433534438261,334632.535322062,15.7788095785872,7.6465129216512,92386.8846153846,0.000132295333361127,0.448447303295927,0.904321120656937,0,0.113646801563184,78.6611409016671,0,5.95537360673434e-05,9.3235146833565e-05,0.00325058042408966,2.12619356378158e-05,167.376811594203,0,1.39448684962907e-05,304761.90625,41746.2759493671,23006.8,0,0.217323498937804,0.861463003433403,479.590836115683,4.15034878259149e-05,0.00159738134256407,9.29253116854003e-05,0,0.227088508556369,113.913855189139,4.59255788327099,0,0,0,0,407952,0,0,213.009327679169,4.77153774002632e-06,0.736625099749224,0,0
"H15-00504 - 1",1,2,"1/14/2015",8013082,0,"2/28/1947 0:00:00",0,0,67,"Portugal",62,168,21.9671201814059,"Diabetic nephropathy",1,1,67,0,1,2,0.9,93.60969621,1.3,60.21155238,1.41,54.61964989,1.4,54.7466055408156,1.32,58.0256624,1.6395284295922,0,0,1.27,60.02640637,1.3199502072961,0,0,0,0,1.47,49.369164,"5/16/2022 0:00:00",88,1,0,0,"1/23/2015 0:00:00",0,1,2,2,5,0,25,0,0," ",1,6," ",0,1,1,"11/19/2022 0:00:00",4,1,0,0,1,1,70,0,0,170,80,27.681660899654,1,0,"Stroke (ischemic)",1,0.5,109.726142,0,1.25,74,0,0,0,0,1,2,3,3,0,0,22.3038,1,1,0,0,22.3038,1.130601971,0,33,0,0,2.56232e-07,461496.6364,182442.9617,337.1075759,85.1563472,0,0,0,0,0,1.80294e-05,41984.57709,33716.41146,83.0625363,24.08298509,0,0,0,0,2.32938e-07,0.46446192,0.118250234,0.756957555,0.006986396,0,0,0.156217787,-0.031398106,1.82857e-05,0,2322,30,475916,80382,0.223813712,110038.16,0.225599034,5.431608221,22.42939024,0.426728271,5.431608221,22.42939024,0.426728271,0.537021173,26519.33333,0.537021173,26519.33333,0.72922399,157216.5,0.72922399,157216.5,0.512995821,10182.1875,0.512995821,10182.1875,0.72922399,157216.5,0.72922399,157216.5,1.40155239096823,1.40155239115421,105434.1953125,40318.5,18.2891473770142,21.9413025917227,1.48934437225737,203.077728401556,0.729223989869186,929.29634582824,3.19829889517257,4.67295109038216e-06,1.12486219295815,0.00020094584744552,1.29683662481691,3.48922613284492e-05,0.000323993839236281,2.93436604155904e-05,101616.5,236050.422119141,0.764088224065141,97.0993191479226,22.7061303461211,9.95404280400556e-05,2.43722932734344e-05,0.770079268082293,11595.2857142857,121.150066702224,2.11462416099023,2.85147522762856,101616.5,6435.53836150845,0.912205952804359,0.513192279265194,0.447369774490803,10198,0.894139438041717,1.41529900594101,0.696327119065717,5375.625,0.000135161343396792,7.28879844568796,11693.5,8.45131891114371,1.54585235158482e-05,1156.625,957.913561399499,0.114408630471609,128962.0703125,0.896376217146496,0.000407416783215744,7.72484432169223,134292.21875,10.9729548489824,9.59069895744324,10182.1875,0.000142679228589201,0.446779042846372,0,0.758235228504046,0.113380597879205,71.0411629023991,194.558474500598,7.68958892043766e-05,0.000348630960022334,0.000182444912441441,2.37758874638506e-05,124.286085825748,4.70074371021636e-05,7.55377847524367e-05,215258.777062049,24710.0819672131,49647.5,0,0.481089333193491,0.861734756144038,1414.44677632624,3.75141036259606e-05,3.24850611859267e-05,0.000177838589087065,0.907272496102061,0.162630179083792,166.801901451391,3.21574318262971,0,0,0,0,337161.2,0,0.275243181384703,98.7790237435703,4.35438596055058e-06,0.171607730869123,31501.9666992187,0
"H15-06802 - 1",1,1,"5/25/2015",19617487,0,"1/21/1945 0:00:00",1,0,70,"Portugal",46,156,18.9020381328074,"ADPKD",4,1,69,0,1,2,1.5,37.25687826,1.8,29.93566895,2.49,20.28041123,1.7,31.8622367523197,3.43,13.55376673,-9.15423501115985,1,1,2.17,23.18778447,-2.16861307057992,1,1,0,0,2.4,20.04381683,"1/17/2024 0:00:00",104,0,0,0,"6/2/2015 0:00:00",0,2,2,1,5,0,18,0,0," ",0,0," ",0,0,0," ",0,0,0,0,1,1,72,1,0,160,60,23.4375,1,0,"Stroke (ischemic)",1,0.8,78.23588038,0,1.65,94,1,0,0,1,1,2,4,2,0,0,10.98961376,0,0,0,0,10.98961376,2.197233949,7.69230769230769,36,3,0.076923077,4.32715e-07,327811.4167,174610.8804,269.7406101,93.23493589,3.60596e-08,94342.5,61061.23431,145.6964933,56.87001414,1.64792e-05,39268.03538,37018.49449,73.82196599,25.80706157,0,0,0,0,5.40894e-07,0.79228871,0.141848898,0.647106884,0.019680735,0,0,0.219204743,-0.501036136,1.6948e-05,0,1371,45,358789,31563.5,0.098163244,51190.875,0.173772999,5.05621441,19.54541319,0.259902673,5.05621441,19.54541319,0.259902673,0.797323628,42522.8,0.797323628,42522.8,0.980070859,273880.5,0.980070859,273880.5,0.754997219,15598.95,0.754997219,15598.95,0.881976445,96370.5,0.881976445,96370.5,1.20554987944295,1.20554987936424,104923.235795455,46454.3846153846,13.7279677574451,20.3614323532605,1.89966887500098,229.783119832418,0.980070858574649,1457.13184984929,2.90371200498755,3.87101310504128e-06,1.23892393403066,0.000165884452174781,1.97249958606795,2.8720559045828e-05,0.000197735283996137,2.34182758130624e-05,136555.5,194964.464488636,0.749125049077012,102.63129227817,19.3919454566439,7.62120714144828e-05,2.00384599171081e-05,0.875795422183939,4681.83333333333,123.117157676956,1.81405304819493,4.66279376361357,136555.5,9628.95774647887,0.932064534238338,0.201077170693411,0.443449985876609,26026.7142857143,0.899766228180832,1.27539709117856,0.47615122374703,4156,8.12192275496386e-05,7.06569224120306,15500.6153846154,8.48494960864385,9.0812333583493e-06,2922.35714285714,226.379110753517,0,106356.919921875,0.91628760658497,0.000266045892916528,6.98117988545633,131662.363964374,10.0182779575254,7.67096126079559,25997.25,0.000115432672693208,0.40232352946915,0,0.707597116595921,0.10920558177915,67.3674059379998,204.606940253746,5.0306860629709e-05,0.000197328918459037,0.000902950557883349,1.85169775007208e-05,324.854460093897,2.91962278473621e-05,3.51207114151363e-05,111382.306640625,26853.1684303351,74649.8461538462,0,0.521591819501923,0.824235126274098,1579.30715670874,3.20243473190874e-05,0.000423729783896765,6.58139705176044e-05,0.922561962897017,0.117801096756824,170.396291554539,2.53547023788016,0,0,0,0,310831,0,0.175224810954425,127.585672627499,3.63057644816262e-06,0.100335684473682,0,0
"H15-09412 - 1",1,2,"7/18/2015",19103036,0,"2/27/1945 0:00:00",0,0,70,"Portugal",84,172,28.3937263385614,"Hypertensive Nephrosclerosis",3,1,48,0,2,2,1.9,37.48042469,1.9,37.48042469,1.89,37.71852137,1.9,37.2480460574757,1.36,54.94891375,8.85043384626215,0,0,0,0,0,0,0,0,0,1.68,42.27730286,"7/17/2019 0:00:00",48,0,0,0,"7/24/2015 0:00:00",0,2,2,1,5,0,19,0,0," ",1,6," ",0,1,1,"11/3/2019 0:00:00",1,0,0,0,1,1,71,1,0,160,85,33.203125,0,0,"Head Thrauma",2,0.6,95.90284574,0,1.14,65,0,0,0,1,2,2,5,3,0,0,36.08192335,1,1,1,1,36.08192335,2.760476269,16.6666666666667,32,6,0.157894737,1.57095e-07,309233.1406,188891.1203,247.4929084,111.0470523,2.94554e-08,70539.83333,46666.29975,111.0573938,55.80551307,1.04027e-05,45685.49504,74463.36173,78.6648436,28.37853418,14170.63804,9754.009128,51.91819444,16.21532203,2.70008e-07,0.221347182,0.04857909,0.475250581,0.014541365,0.131230033,0.001104239,0.102217844,-0.465586963,1.04835e-05,0.868769967,2119,55,346721,172865.5,0.559039553,203895.8889,0.548457214,9.685192814,35.12253295,0.208840203,9.685192814,35.12253295,0.208840203,0.221681779,32229.3,0.221681779,32229.3,0.356550729,106204.5,0.356550729,106204.5,0.206638393,20968.45455,0.206638393,20968.45455,0.263051091,63196.625,0.263051091,63196.625,4.60782384275317,4.60782384139378,122899.9921875,64629.4615384615,18.539297910837,30.6269556275488,1.80058847583349,244.552524195973,0,863.623557852462,2.55587300264801,9.73301363244202e-06,1.146313368875,0.000441552958108653,0,0.000101746730640688,0.000950874195918519,5.28417891956162e-05,115423.192307692,1038064.53125,0.794823330743386,105.831977221943,34.642332219937,0.000269970397451562,3.90561479345986e-05,0,179316.368421053,164.775127740167,1.46001183915256,0.931694595999285,115423.192307692,10880.6555023923,0.927106723384767,0.779327323342196,0.688711925374679,32257.4,0.904193364529367,1.41454060329663,0.912081611345589,24569.7333333333,0.000116759650883505,10.337785494955,13312.9230769231,13.3821304722836,1.34243492379606e-05,3695.66666666667,747.290386745049,0,0,0,0,6.99068053277499,308174.862473708,18.0679199216917,8.23876127829918,32229.3,0.000169137969424552,0,0.905569980474203,0,0.114464001626166,72.5747344252966,0,6.01926710555912e-05,0,0.0023590534217598,2.35215334988504e-05,110.937799043062,0,0,0,33736.2181551977,37529.4615384615,0,0.319112369134205,0.846170103595458,389.107327706845,4.26487008087683e-05,0.00102479425468748,9.77356175031421e-05,0,0,141.072285614997,3.85392908361201,0,0,0,0,322007.875,0,0,177.654121653604,4.91013684898267e-06,0.514793558400038,4002664.1171875,0
"H15-09412 - 2",1,2,"7/18/2015",98007670,0,"3/21/1955 0:00:00",1,0,60,"Portugal",71,154,29.9375948726598,"Chronic glomerulonephritis (unspecified)",2,1,20,0,2,1,1.1,57.52476157,1.3,47.07540085,1.14,55.11124573,1.26,48.5713738499248,0.98,64.85623533,8.1424307400376,0,0,0.84,77.07009037,7.1246791300188,0,0,0,0,0.88,71.01966237,"5/21/2024 0:00:00",106,0,0,0,"7/26/2015 0:00:00",0,2,2,2,6,0,17,0,0," ",0,0," ",0,0,0," ",0,0,0,0,2,1,71,1,0,160,85,33.203125,0,0,"Head Thrauma",2,0.6,95.90284574,0,1.14,65,0,0,0,1,3,2,6,3,0,0,69.2043,1,1,1,1,69.2043,1.225554083,16.6666666666667,30,5,0.142857143,1.01305e-07,387781.8833,219318.2917,292.4099429,96.86360827,1.68841e-08,71918.4,18677.98784,135.2604936,19.97495603,1.2761e-05,36793.3837,42679.80206,75.08511564,25.32171836,15781.68421,16917.21787,49.68012625,17.19671948,3.57943e-07,0.202128465,0.039284125,0.469520905,0.050536415,0.196090927,0.002346242,0.083668532,-0.506986889,1.28746e-05,0.803909073,3779,106,383046.75,172780.5,0.498723831,213428.7778,0.471418741,9.644552831,30.11378139,0.279305041,9.644552831,30.11378139,0.279305041,0.21530659,186775.0938,0.21530659,186775.0938,0.278194666,1371306,0.278194666,1371306,0.171552786,14896,0.171552786,14896,0.346568002,702412.375,0.346568002,702412.375,4.35271729119312,4.35271729085349,110205.8671875,68156.7142857143,22.2675544193813,29.6334825309119,1.69212835841698,227.429146333035,0.384282122102422,748.479081714008,2.6748944770075,1.21636330540699e-05,1.28843217261254,0.000433807978317018,2.11809893214523,0.000105505087302794,0.000933969170866309,6.61982038097577e-05,141160.785714286,576511.03125,0.812823756178377,104.164777282591,30.2029105166407,0.000267124781682463,5.60002997091375e-05,0.535272514829806,72644.1836734694,142.055130467839,1.59680196953956,0.527048282994515,141160.785714286,8884.87139107612,0.919802174318663,0.808157613969939,0.59085757712638,20123.1428571429,0.901723998488503,1.41820055655775,0.929740932729354,15525.9285714286,0.000141927011508982,10.0730769014734,16254,11.2076584173709,1.63122627574082e-05,2314.5,740.526621292418,0,110112.89453125,0.909709990668025,0.000106453657025422,9.78851143717784,312864.067522321,18.6446479008757,10.3331135341099,20099.5,0.000228506576610519,0.543431446258939,0.905649411741185,0.757619504865458,0.114333926271141,70.368352044829,450.230948306245,7.74343379410341e-05,0.000215105477638058,0.000456330262629068,3.53395569125638e-05,100.97375328084,1.22302883710242e-05,3.82297401672044e-05,523060.828125,29208.8929943837,56809.4285714286,0,0.353679772257894,0.894970431088431,477.932786503023,6.95611904902592e-05,0.000121910695072531,0.000155282332411783,0.926008686986572,0.321625345690224,171.037535040327,4.62953908226767,0,0,0,0,345000.25,0,0.666457442713145,129.941500660531,7.96776414101077e-06,0.374355865976873,826212.685546875,0
"H15-10995 - 2",1,2,"8/29/2015",9004620,0,"6/12/1956 0:00:00",0,0,59,"Portugal",68,169,23.8086901719127,"Hypertensive Nephrosclerosis",3,1,62,0,2,2,1.9,40.13429021,2.2,33.65988988,2.06,36.42329602,2,37.5044590274056,1.81,41.75443345,2.1249872112972,0,0,2.3,30.9343836,-1.6425188568514,0,0,0,0,2.44,28.14208299,"4/2/2024 0:00:00",103,0,0,0,"9/14/2015 0:00:00",0,1,2,1,4,0,15,1,0," ",0,0," ",0,0,0," ",0,0,0,0,2,1,68,1,0,160,75,29.296875,1,0,"Stroke (ischemic)",1,0.8,80.20658109,0,1.41,85,0,0,0,0,2,2,4,2,0,0,50.20325443,1,1,1,1,50.20325443,0.365160215,0,22,0,0,1.80625e-07,345188.2955,170807.4637,278.4383635,79.61575608,0,0,0,0,0,1.1289e-05,43138.71564,41505.21741,80.82116507,29.05397491,21234.05427,17236.65931,54.74890542,17.62554381,2.05255e-07,0.354735677,0.062349524,0.486994781,0.009169798,0.212249035,0.003838882,0.128029141,-0.185867885,1.08765e-05,0.787750965,1375,25,382203,210268.5,0.552992055,179327.9524,0.511134155,7.594862434,27.49885625,0.207647892,7.594862434,27.49885625,0.207647892,0.315823806,26170.91667,0.315823806,26170.91667,0.525633915,64485.5,0.525633915,64485.5,0.247897133,13146.625,0.247897133,13146.625,0.451677152,52219.5,0.451677152,52219.5,3.29081029361603,3.29081029427606,162054.848958333,97119.1428571429,27.7791818891253,27.7197085442652,1.81997857415447,277.174302586058,0,760.798595823782,2.62270932123185,7.21101048666509e-06,1.27513426162125,0.000252611263419813,0,5.30254048902302e-05,0.000870768811924898,4.16479735167476e-05,153716.142857143,970861.833333333,0.781446924468861,119.721989241006,26.6575370924789,0.000237495544042456,2.34896223467577e-05,0,79517.9333333333,143.678011390352,1.53414420641852,2.18641076027947,153716.142857143,13681.7844827586,0.921702723480033,0.703955860791761,0.651910200307235,26199.1666666667,0.903480589105295,1.42063526005245,0.856802601132196,16600.1666666667,0.000108813245795197,10.7671889806616,17785.8571428571,11.5917322794596,1.24388810925106e-05,3069.83333333333,1194.02581440068,0,0,0,0,5.67950444399422,536400.607142857,12.8113499800077,10.7366565976824,26170.9166666667,0.000111921826376667,0,0.878031682948093,0,0.113924996641253,67.819904793311,0,6.2999519832874e-05,0,0.000195335199933312,2.13840091625292e-05,199.465517241379,0,0,0,29025.2093023256,38872.1428571429,0,0.255281697698887,0.880639907396776,612.216641719146,4.10833992924461e-05,3.82452150215315e-05,9.42552085090258e-05,0,0,190.422699802995,5.35416631891343,0,0,0,0,347799.1,0,0,145.249311931567,4.67578299249427e-06,0.398790650885495,0,0
"H15-14813 - 1",1,1,"11/18/2015",19168800,0,"1/28/1953 0:00:00",0,0,62,"Portugal",96,168,34.0136054421769,"Obstructive uropathy (lithiasis)",4,1,27,0,1,2,3.1,21.8918696,1.6,48.41421627,1.53,51.08426723,1.38,57.4593850652804,2.68,25.58892901,-15.9352280276402,1,1,3.33,19.47505832,-9.4960816863201,1,1,0,0,3.33,19.37358179,"12/2/2020 0:00:00",60,1,1,0,"1/4/2016 0:00:00",0,2,2,1,5,0,29,0,1,"6/6/2021",1,1,"6/6/2021 0:00:00",1,0,0," ",0,0,0,0,1,1,78,0,0,170,66,22.8373702422145,1,0,"Stroke (ischemic)",1,0.8,90.58531818,0,1.65,94,1,0,0,1,0,2,3,3,0,0,21.5564,1,1,0,0,21.5564,0.841095284,10,9,0,0,2.40843e-07,336244.1667,150333.7018,286.5131375,69.15200501,0,0,0,0,0,1.50928e-05,55062.84397,65248.36687,79.1880874,29.41522871,36040.30048,36222.0865,60.6367664,19.30517476,4.01405e-07,0.681104847,0.080982056,0.831054051,0.010876376,0.374727144,0.026284673,0.097444992,-0.617733688,1.27813e-05,0.625272856,564,15,379710.5,65514.5,0.163756979,64881.5,0.181049608,5.462834937,21.8604524,0.378976016,5.462834937,21.8604524,0.378976016,0.601466009,32601.35714,0.601466009,32601.35714,0.616962913,61779,0.616962913,61779,0.493233578,14436.625,0.493233578,14436.625,0.745775917,56821,0.745775917,56821,1.67266892593645,1.67266892497219,86565.53125,34990,13.3968982696533,18.3442671762821,1.93175432456213,188.488297508555,0,1109.06961061676,3.0168669516938,6.15640156989333e-06,1.14341627836427,0.000297311711830785,0,6.49755355158761e-05,0.000590885094311105,3.42988637330851e-05,144034,162948.25,0.777581400619033,88.2035301427116,21.5830077568319,0.000195451680341204,4.54147108368324e-05,0,6308.39024390244,108.399084940533,1.86007740739338,7.08951655720842,144034,7422.55281690141,0.926338340862512,0.360087717784706,0.467351869679485,32628.4285714286,0.900591351277628,1.2973125541554,0.589863545561235,9620.42857142857,0.000125950567873685,8.53319258924941,16216,9.33431781792059,1.43497845882933e-05,3762.57142857143,818.147112510619,0,121068.270833333,0,0,9.83368335381747,79209.640625,14.2261634890891,9.39069938659668,32601.3571428571,0.000208152714102226,0.459503183628632,0,0,0.113548469030373,57.2266386018508,0,7.40612887066043e-05,0.00013212880552331,9.29739700724763e-05,3.4560802533694e-05,147.531690140845,0,2.24914369236811e-05,239854.291666667,20601.7810945274,92887,0,0.644632286093009,0.833971621748219,1564.26362085082,5.71840576587902e-05,1.57105438971996e-05,0.000131643462489354,0,0.197463171350187,198.11612756159,2.26377938339526,0,0,0,0,220982.833333333,0,0,153.419942485881,6.53699725982153e-06,0.178777727749878,17533.8919281006,4.39379978179932
"H16-00638 - 2",1,2,"1/18/2016",17008699,0,"6/5/1972 0:00:00",1,0,43,"Portugal",65,161,25.0761930481077,"Undetermined",5,1,21,0,1,2,1.4,47.87287786,1.4,47.87287786,1.36,49.56743988,1.61,40.2301007026701,1.23,54.88504467,7.32747198366495,0,0,1.27,52.16433501,2.98355857683248,0,0,0,0,1.4,45.27531678,"5/24/2024 0:00:00",100,0,0,0,"1/27/2016 0:00:00",0,0,0,0,0,0,17,0,0," ",0,0," ",0,0,0," ",0,0,0,0,2,1,46,0,0,170,92,31.8339100346021,1,0,"Stroke (ischemic)",1,0.8,110.5325163,0,0.93,43,0,0,0,1,1,2,4,4,0,0,47.27664609,1,1,1,0,0,7.858209301,13.3333333333333,25,4,0.137931034,1.51957e-07,434229.5,169297.7885,321.3209466,80.06977762,2.43132e-08,164755.25,27995.91929,188.751738,36.18744808,1.0485e-05,45093.72174,45311.3043,76.31282668,31.82994701,41472.65654,40939.71336,68.5036688,20.98129286,3.40384e-07,0.351339405,0.065984313,0.472809885,0.011006955,0.471627781,0.010929448,0.139557812,0.141048934,1.08429e-05,0.528372219,1725,56,396934.5,187527,0.396113057,169875.4,0.373053771,6.785123903,30.00868935,0.248235805,6.785123903,30.00868935,0.248235805,0.249509709,31604.75,0.249509709,31604.75,0.293178919,103739,0.293178919,103739,0.21417699,12165.78571,0.21417699,12165.78571,0.331952719,76962.33333,0.331952719,76962.33333,2.83865959458508,2.83865959259982,163547.53125,83510,24.3313970565796,26.3543721474428,1.97419138573117,227.120664181609,0,904.64001952754,3.09371094070058,4.74967219790211e-06,1.12796548261797,0.000233752766751798,0,3.26275261203995e-05,0.000785747062633129,2.8794176433605e-05,208161.875,678506.1875,0.745667424968321,105.493511962427,29.5002735317976,0.000207892955943353,1.69285054622069e-05,0,47840.4090909091,128.339182376072,1.82890494541906,1.25305788681536,208161.875,10080.5701357466,0.921977178119549,0.721394344080418,0.566919852197319,31616.8,0.903648936101818,1.30780495150401,0.860700954562186,21294,0.000128987014503723,10.3518901043888,23869.75,11.3830525658347,1.46866647691957e-05,3637.7,1301.91651513604,0,0,0,0,5.48588549571878,353093.751953125,10.5733416753584,11.2891492843628,31604.75,0.000121280570710806,0,0.875447402837936,0,0.113374719692045,63.6946186819408,0,7.84119696085462e-05,0,0.000118281265216832,1.98431587352383e-05,161.622171945701,0,0,0,26746.1453551913,100872.75,0,0.49884509365258,0.863872669890107,924.493560843016,3.17156870971731e-05,1.88987594735943e-05,0.000135038845215863,0,0,223.926658167957,3.75188930795846,0,0,0,0,427974.944444444,0,0,139.712286281555,3.64640929772586e-06,0.289624924137732,208517.425223214,0
"H16-03611 - 1",1,2,"3/23/2016",19488578,0,"2/14/1948 0:00:00",0,0,68,"Portugal",81,167,29.0437089892072,"Undetermined",5,1,52,0,1,2,1.7,43.36827358,1.2,65.87086163,1.16,68.60586628,1,81.4722728271009,1.22,63.38347124,-9.04440079355045,0,1,1.72,41.45449847,-10.0044435892752,0,1,0,0,1.09,71.29830049,"12/9/2021 0:00:00",69,1,1,1,"4/7/2016 0:00:00",0,1,0,0,1,8,19,0,0," ",1,6," ",0,1,1,"2/28/2022 0:00:00",4,1,0,0,1,1,47,1,0,160,75,29.296875,1,0,"Stroke (hemorrhagic)",1,0.7,107.2806757,0,1.01,51,0,0,0,1,0,2,3,3,0,0,10.97906548,0,0,0,0,10.97906548,0.243157598,7.40740740740741,50,4,0.074074074,3.01502e-07,361558.63,168032.8588,288.5062137,86.02351234,2.41202e-08,159030.5,40943.89581,205.0293247,22.56049683,1.94288e-05,41892.15394,43627.09253,76.93324007,28.6373606,29862.96429,16173.68173,63.97824329,13.70605026,4.34163e-07,0.638906788,0.109010628,0.813913649,0.021066721,0.864622332,0,0.133933898,0.018497126,1.98342e-05,0.135377668,3222,72,421593.75,62656.5,0.153659688,64158.52632,0.172294987,4.850077127,20.17452976,0.407180857,4.850077127,20.17452976,0.407180857,0.588658325,30473.21429,0.588658325,30473.21429,0.696434012,255923,0.696434012,255923,0.578902998,12818.36842,0.578902998,12818.36842,0.681333928,198194.25,0.681333928,198194.25,1.16615479128499,1.16615479219905,105534.679987981,29946.3333333333,9.16459925969442,20.0297539472991,1.78467841976254,200.98679827087,0.69643401159956,2454.86161560981,2.96666490645998,4.33573814768008e-06,1.22073031275987,0.000201401136358383,2.11009211185229,3.67925136877878e-05,0.000206472761689784,2.56082752292529e-05,107111.25,158229.299729567,0.767898794248736,95.907190867783,20.0938160044723,7.54629515411208e-05,2.60314418030625e-05,0.824974590420799,4378.32083333333,124.436666335694,1.97589754294261,4.0520271825029,107111.25,6713.39479638009,0.912824541612633,0.324713039255433,0.450350161052345,19220.95,0.898591574323428,1.19993398862916,0.556425193232587,5127,0.000145318488649768,8.29421698669503,12309.5,10.0776368697484,1.66640860432448e-05,2172,432.135796542656,0.113258841394678,123212.07421875,0.899959479657807,0.000345029845081599,8.10597663232298,70613.1927083333,11.4308074186631,7.22713301579157,19200.725,0.000142480832460338,0.418852859384414,0,0.775574260023679,0.113268891692668,61.9109429136974,190.128903641713,8.85080710725516e-05,0.000198228373289206,5.99034882131002e-05,2.387588220841e-05,127.617647058824,3.90625e-05,3.70832246288754e-05,88228.328125,21663.2776459421,64908.8333333333,0,0.693379311599003,0.880690446191583,1615.46026867082,4.10305346641724e-05,9.96315100904178e-06,0.000160876446569993,0.908324578518772,0.100114815077564,134.59511281808,1.54721023196242,3,12.2560148742695,0.934460344741078,0,227194.692307692,0.777000168404212,0.20349609375,116.134804347143,4.68201940190795e-06,0.154287471353314,9658.47189626386,3.19689989089966
"H16-03611 - 2",1,2,"3/22/2016",10004850,0,"9/4/1970 0:00:00",0,0,45,"Portugal",74,169,25.9094569517874,"ADPKD",4,1,44,0,1,2,1.3,69.04019214,1.4,63.16556299,1.53,56.78116478,1.32,67.3665472736572,1.1,82.80561159,7.7195321581714,0,0,1.47,57.74949283,-2.4042636109143,0,0,0,0,1.47,56.45683229,"4/24/2024 0:00:00",97,1,1,1,"3/30/2016 0:00:00",0,2,0,2,4,11,16,0,0," ",0,0," ",0,0,0," ",0,0,0,0,2,1,47,1,0,160,75,29.296875,1,0,"Stroke (hemorrhagic)",1,0.7,107.2806757,0,1.01,51,0,0,0,0,0,2,2,2,0,0,11.66133595,0,0,0,0,11.66133595,0.097557038,0,30,0,0,1.45192e-07,317376.9833,168344.1792,263.2457574,96.7431543,0,0,0,0,0,1.44514e-05,50816.36537,50653.05788,83.54638262,31.97465206,51716.70513,28929.13411,74.35169731,15.11255141,2.90384e-07,0.586231651,0.046080534,0.734368807,0.011517734,0.958954614,0,0.06274849,-0.13940406,1.46364e-05,0.041045386,2986,60,371994,68903,0.211530108,83944.47826,0.228617845,5.614707716,21.20942738,0.420590771,5.614707716,21.20942738,0.420590771,0.582253581,49700.94444,0.582253581,49700.94444,0.998740044,288415,0.998740044,288415,0.533003482,11779.71429,0.533003482,11779.71429,0.754628927,182425.25,0.754628927,182425.25,1.40946082785609,1.40946082881971,104012.497295673,27142.2222222222,11.5469434526232,21.0104820673223,1.74051273076968,199.497533553382,0.936422678714246,1335.02027891401,2.88216154415067,5.15407600698614e-06,1.23139068733062,0.000259890411407944,3.13210328322367,5.18859528883244e-05,0.000293958564797078,2.99365348176919e-05,101138.444444444,230502.546574519,0.770994898507328,96.5530643779868,21.1243957600461,9.5750821612532e-05,3.42281592221984e-05,0.931990160070584,8273.86857142857,127.011858173762,1.80222480469257,5.35474800965519,101138.444444444,6878.21339712919,0.91361186653379,0.365596162089109,0.490853806120938,24111.75,0.900279148867932,1.45616455867487,0.584097839228332,8430.375,0.000148381294098437,8.75389742782812,11556.1111111111,10.2101231098175,1.69483881944011e-05,2782,681.812215521552,0,107853.114583333,0.938803400905693,0.000313739548410157,9.03837982891738,94003.9637688531,13.7848202775176,8.21533303790622,24088.90625,0.00017121384385597,0.444298885270756,0,0.783281349014028,0.113999205769736,62.3952415520524,156.244219949322,9.05166692900988e-05,0.000154122220385729,0.000109035325439567,2.55999372423388e-05,114.538755980861,3.57293612294503e-05,2.91511439237321e-05,120171.408854167,22076.2509481669,62485.3333333333,0,0.678869326745505,0.792716710073469,1532.45286608667,4.49393146883857e-05,2.57795503586284e-05,0.000169965852544243,0.944522125728928,0.144335507684303,140.495594709794,2.43566690295515,0,0,0,0,325112.5,0,0.117754009138445,131.901071045981,5.14950651003007e-06,0.216673109365173,20306.967019786,7.59069967269897
"H16-04365 - 1",1,2,"4/8/2016",19059320,0,"12/27/1955 0:00:00",0,0,60,"Portugal",59,167,21.1552942020151,"Undetermined",5,2,60,0,1,2,1.3,62.890765,1.4,57.53939053,1.51,52.5468351,1.5,52.6390910948694,1.27,63.48211864,5.4215137725653,0,0,1.26,63.29497143,2.66397008378265,0,0,0,0,1.25,62.6477723,"3/6/2024 0:00:00",95,1,0,0,"4/28/2016 0:00:00",0,1,2,1,4,0,20,0,0," ",0,0," ",0,0,0," ",0,0,0,0,1,1,70,0,0,170,70,24.2214532871972,1,0,"Stroke (hemorrhagic)",1,1.6,46.06433916,0,1.65,94,1,0,0,1,2,2,5,3,0,0,35.1988,1,1,1,1,35.1988,0.236431779,14.2857142857143,37,5,0.119047619,2.10664e-07,318349.2973,201303.6383,262.8291464,111.8523488,2.84681e-08,73460.5,45115.69842,125.061992,55.57425803,1.76559e-05,28350.94099,33795.86179,66.58909943,22.94345916,10933.66667,10339.7112,45.90783583,15.53480797,4.61183e-07,0.59337264,0.067064663,0.50056142,0.01876364,0.29628751,0.03803841,0.13397889,-0.147447855,1.8004e-05,0.70371249,3101,81,326482.5,74061,0.283767017,124081.1429,0.324321984,5.711279619,19.65553261,0.300047095,5.711279619,19.65553261,0.300047095,0.597558973,51391.70588,0.597558973,51391.70588,0.89052772,247117,0.89052772,247117,0.579031108,15771.15,0.579031108,15771.15,0.624027353,102278.2143,0.624027353,102278.2143,1.89001872865761,1.89001873027066,95423.783203125,63168.8333333333,15.8334199852414,15.3985634566305,1.70864197744857,226.784154495581,0,1179.7141008073,2.938919439421,4.4256529258346e-06,1.23348577023565,0.000183959823645693,0,3.02059884266101e-05,0.000497343226957716,2.67639692133792e-05,152659.916666667,217898.990234375,0.748507845961783,101.065934578863,19.8060796926421,0.000149803984439937,2.15582547141575e-05,0,42128.7222222222,150.021731640504,1.85559068073821,6.65814927912045,152659.916666667,7992.825,0.919604428017915,0.313184713581479,0.46565803237332,51422.9411764706,0.900525290670438,1.22336700079455,0.567838566630569,13324.7058823529,0.000103516275978782,8.338985683918,17467.8333333333,9.84935519430372,1.17515301157624e-05,5903.35294117647,1067.4942567714,0.113516667375067,100804.40625,0,0,6.57286760171551,191890.027398003,9.37166958807408,7.57312756114536,51391.7058823529,0.000131335174095673,0.384195679460566,0.866633272660258,0,0.113418129066377,63.258156898813,0,5.96141275692577e-05,0.000188927011711555,0.000457419896187528,2.21993558658796e-05,158.08,0,3.39438719100434e-05,70182.75,23674.3385505274,72082.9444444444,0,0.480056618740418,0.863418498031372,1529.67275758166,3.52555057132416e-05,0.000119475469704294,8.73564771702033e-05,0,0.10096253122398,177.833811679807,2.87216546207106,0,0,0,0,442936.444444444,0,0,179.960180495509,4.00252342843681e-06,0.165632405155949,1264553.5,0
"H16-04650 - 2",1,2,"4/14/2016",19021820,0,"5/16/1959 0:00:00",0,0,56,"Portugal",77,168,27.281746031746,"Chronic glomerulonephritis (IgA)",2,2,22,0,2,2,1.5,54.30169921,1.3,64.47493424,1.41,58.48708753,1.3,64.0751896499452,1.09,78.1822402,7.0535252750274,0,0,1.18,70.2036163,1.5321066625137,0,0,0,0,1.85,39.92406908,"5/10/2024 0:00:00",97,1,1,1,"4/21/2016 0:00:00",0,1,1,0,2,0,19,0,0," ",0,0," ",0,0,0," ",0,0,0,0,2,1,61,0,0,170,85,29.4117647058824,1,0,"Stroke (hemorrhagic)",1,0.8,100.6873575,0,1.15,66,0,0,0,0,1,2,3,3,0,0,40.21828685,1,1,1,0,0,0.873499068,0,41,0,0,2.32859e-07,354245.2683,164172.0349,276.732593,95.51311378,0,0,0,0,0,1.23074e-05,40517.75265,43439.82721,74.52510894,27.44644182,26644.25299,25000.84247,54.97733714,17.77499607,1.81744e-07,0.387626822,0.082489153,0.49866994,0.009092784,0.224377015,0.001649525,0.165418339,-0.292057789,1.0588e-05,0.775622985,2167,32,385416,170149.5,0.453252322,174366.6216,0.43906619,7.597448979,24.24806485,0.275461852,7.597448979,24.24806485,0.275461852,0.409680399,24105.58333,0.409680399,24105.58333,0.518194933,62732.5,0.518194933,62732.5,0.387977492,16380.2,0.387977492,16380.2,0.518194933,62732.5,0.518194933,62732.5,2.79715832349463,2.79715832448983,129842.360085227,99715.4545454545,16.152924971147,23.2988536177536,2.15444469213812,224.829313828374,0,634.639996571373,2.67601657576319,7.66930411119686e-06,1.34779413918042,0.000305241976640575,0,7.42859088527336e-05,0.000790903771147318,3.99494404791539e-05,180797.772727273,746109.408713601,0.789645251428171,101.979813694104,24.4646320003209,0.000216503411423737,4.08276471350422e-05,0,59574.4565217391,133.659127069074,1.70621746308687,2.38655040429753,180797.772727273,9410.3981264637,0.928621054741088,0.64001627088151,0.595865959009307,24127.1666666667,0.905033547746543,1.25312827089949,0.817399191086042,14146.8333333333,0.00012748663553088,10.3241776437335,20742.2727272727,11.7649491973545,1.46267186558784e-05,2746.33333333333,1213.71990992951,0.114041456271872,104647.671875,0,0,8.29208085182174,413378.488302751,15.4390147681809,7.35884500633586,24105.5833333333,0.000159402284813753,0.512578860364561,0.887256472846866,0,0.11442319279287,60.8791591816054,0,7.46341363711154e-05,0.000202068212191037,0.00673142036351447,3.19967031876159e-05,106.545667447307,0,3.12846578379065e-05,364019.5625,25660.8624338624,60394.9090909091,0,0.282080329948404,0.846483001743339,740.439841794656,6.57602089028041e-05,0.00377340007715054,0.000121607444706274,0,0.287173575633015,175.659051207618,3.37354909808872,0,0,0,0,338852.9375,0,0,117.337219150161,7.54734658339712e-06,0.376580422867946,385854.100260417,0
"H16-08527 - 2",1,2,"7/6/2016",13009438,0,"12/4/1958 0:00:00",0,0,57,"Portugal",66,157,26.7759341149742,"Chronic glomerulonephritis (Crescentic GN)",2,1,25,0,2,2,2.1,36.03784138,1.8,43.36056344,2,38.21078222,1.7,46.1511162611432,1.29,63.47624795,8.6625658444284,0,0,1.92,38.90052035,-1.8126489777858,0,0,0,0,1.7,44.66300089,"3/14/2022 0:00:00",68,0,0,0,"7/15/2016 0:00:00",0,2,1,2,5,2,15,0,0," ",1,6," ",0,1,1,"3/17/2022 0:00:00",1,1,0,0,2,1,66,1,0,160,83,32.421875,0,0,"Head Thrauma",2,0.8,81.21046918,0,1.09,61,0,0,0,0,2,2,4,3,0,0,44.58805472,1,1,1,1,44.58805472,1.012554591,0,32,0,0,1.9476e-07,279425.25,133609.5281,254.58345,75.64091652,0,0,0,0,0,1.37975e-05,31884.5805,35299.76546,66.55262875,22.07961517,14175.04704,25693.22646,47.48620685,14.04986352,3.65174e-07,0.288162311,0.05442074,0.439927431,0.017152956,0.394089393,0.004583507,0.123703902,-0.286133755,1.65351e-05,0.605910607,2267,60,261414.5,146207.5,0.560246684,159831.1034,0.522266421,8.644154806,31.81790759,0.171218635,8.644154806,31.81790759,0.171218635,0.33641489,24279.03846,0.33641489,24279.03846,0.262169617,70778,0.262169617,70778,0.328381294,17805.09091,0.328381294,17805.09091,0.380599671,59885.75,0.380599671,59885.75,4.03989112972405,4.0398911320903,94608.849609375,114860.125,23.45736515522,26.8038442067536,1.84934449982472,255.700230854131,0,866.528287268862,2.72208241759578,1.15813459281769e-05,1.21493841706601,0.000449009313512397,0,0.000122379846746018,0.00110622806287629,5.82547440713574e-05,186302.3125,332340.93359375,0.808581131554203,94.3479595405415,27.8241724956715,0.000312796088724165,7.30606876435484e-05,0,174417.333333333,117.734738051377,1.80698085029482,1.64765960420333,186302.3125,16804.5714285714,0.968001911942857,0.694119715490796,0.552933588913102,24299.8461538462,0.904882523548322,1.15117133944481,0.853457150454406,16504.5384615385,5.38223834124953e-05,9.84581152598063,21545.75,9.78966617584229,6.16607838491044e-06,2766,994.125003821274,0,0,0,0,12.1049775952467,579164.588546753,20.3414328663769,10.0051369667053,24279.0384615385,0.000267244982478641,0,0.896279529319067,0,0.113845186346996,60.103679720971,0,2.7744494075692e-05,0,0.000154534939080882,5.16191661699261e-05,223.833333333333,0,0,0,24498.7734399016,49964.125,0,0.328675754979293,0.871212368369291,509.649290023536,8.71234059831117e-05,3.42899076501394e-05,2.65875279329419e-05,0,0,203.383538166782,4.66445827664992,0,0,0,0,299143.1,0,0,134.9460259073,1.01035143058871e-05,0.320630958863178,0,0
"H16-09934 - 1",1,2,"8/6/2016",15047412,0,"5/3/1953 0:00:00",0,0,63,"Portugal",72,165,26.4462809917355,"Diabetic nephropathy",1,2,23,0,1,2,1.4,56.4757796,1.3,61.72823435,1.29,62.30289469,1.2,67.5300971745037,1.2,66.69531983,-0.417388672251846,0,0,0.93,89.43989924,5.47745051637408,0,0,0,0,1.04,76.97137467,"11/28/2023 0:00:00",88,1,1,1,"8/13/2016 0:00:00",0,1,1,1,3,2,17,0,0," ",0,0," ",0,0,0," ",0,0,0,0,1,1,65,0,0,170,89,30.7958477508651,1,0,"Stroke (hemorrhagic)",1,0.7,102.254983,0,1.2,71,0,0,0,1,1,2,4,4,0,0,9.697128725,0,0,0,0,0,0.224598857,12.5,28,3,0.096774194,1.82656e-07,414664.8929,220248.8958,297.3776317,103.6865532,1.95703e-08,144675.6667,105211.2341,157.8712723,105.579329,8.96973e-06,48800.15891,64396.71628,80.4825555,30.95422553,124340.7857,243213.7659,78.22260808,60.27030197,4.43594e-07,0.575159808,0.075741183,0.437724365,0.032688999,2.928480825,0,0.173033967,-0.269010209,9.19979e-06,-1.928480825,1375,68,408369.25,61352,0.193902563,122581.5789,0.298272423,5.664411246,20.78331857,0.270312579,5.664411246,20.78331857,0.270312579,0.687743406,50813.30769,0.687743406,50813.30769,0.957946474,355487.5,0.957946474,355487.5,0.634398541,16734.075,0.634398541,16734.075,0.865559624,164410.75,0.865559624,164410.75,2.28835708412643,2.2883570818909,102056.78125,61786,15.263744354248,18.9378448541382,1.8445483471866,281.836345341558,0.928298001986881,1238.69928716071,2.93355187885604,3.80343128569214e-06,1.27512902541098,0.000178219505479118,1.46914841821225,3.10507787410075e-05,0.000647407526394627,2.24552615810734e-05,154141.75,307690.184895833,0.724878384781557,118.181247262149,21.0316562397673,0.000199921257473023,2.06262032385598e-05,0.833937588995829,114986.2,145.552712315153,1.80648693863933,5.0953126685403,154141.75,14402.8227848101,0.926335531104127,0.295260496713406,0.48456718854976,27047.375,0.900646547979517,1.26708629069831,0.526404475567962,6478.33333333333,6.91041874702531e-05,7.07769833335394,17720.25,7.87586263020833,7.85365484266551e-06,3053.375,1831.52755254114,0,116285.087673611,0.897845868041456,0.000210347574735009,7.03480712191365,195969.80480957,10.6691271828746,7.72034072875977,27024.4375,0.000117654946833246,0.433992370168268,0.853223361375052,0.69944984498167,0.112363487361304,74.5227199171995,269.478207551442,3.8600084916455e-05,0.000193137017118495,0.00013176446203303,1.46878904556401e-05,381.196202531646,2.35622391320523e-05,4.38202472199714e-05,204510.276258681,34940.7408940397,74680,0,0.553953278835537,0.844655225102094,1782.27193431496,2.62307981795602e-05,2.76982523718573e-05,5.80296782926725e-05,0.905838776202632,0.146705885252863,170.750404633026,2.85992493154406,0,0,0,0,416398.928571429,0,0.194178483548325,143.57973104658,3.01027582846172e-06,0.205211822292604,2216325.25,0
"H16-09934 - 2",1,2,"8/6/2016",17016122,0,"10/22/1957 0:00:00",0,0,58,"Portugal",77,162,29.3400396281055,"Diabetic nephropathy",1,1,18,0,1,2,1.4,58.2595697,1.2,70.0976438,1.41,57.76409589,1.3,63.283120348576,1.44,55.28189251,-4.000613919288,0,0,1.64,46.70928935,-4.143457749644,0,0,0,0,1.4,55.31129915,"2/26/2024 0:00:00",91,1,1,1,"8/17/2016 0:00:00",0,1,1,0,2,0,19,1,0," ",0,0," ",0,0,0," ",0,0,0,0,2,1,65,0,0,170,89,30.7958477508651,1,0,"Stroke (hemorrhagic)",1,0.7,102.254983,0,1.2,71,0,0,0,0,1,2,3,3,0,0,18.17581335,1,0,0,0,18.17581335,0.535186515,0,29,0,0,1.85648e-07,302483.0862,240531.627,239.1355388,153.1339991,0,0,0,0,0,7.86765e-06,61027.36493,97822.99774,82.59382869,32.99848208,30130.42473,115232.0795,61.73959643,33.98175785,3.32887e-07,0.537735256,0.056155484,0.480141872,0.026983491,0.583420444,0.016648437,0.116956023,-0.179249605,9.00842e-06,0.416579556,1229,52,0,0,0,103808.9474,0.246800553,6.06206866,21.37003963,0.275421712,6.06206866,21.37003963,0.275421712,0.637726305,51598.97619,0.637726305,51598.97619,0.983793661,212679,0.983793661,212679,0.619693606,17816.125,0.619693606,17816.125,0.661769902,96642.77778,0.661769902,96642.77778,2.43079852789764,2.43079852954853,106648.673177083,30988.5,10.0276362101237,20.7973482055829,1.9300627921831,263.11793916415,0.983793660535776,883.838898985027,2.97121424067515,3.95269473723567e-06,1.12860607962197,0.000153492233800461,1.26570414886034,2.8068578290875e-05,0.000734592749533909,2.54034413241038e-05,199214.166666667,288904.106770833,0.746831524145151,114.100963948667,20.2016626693505,0.000225204801278348,1.8461600844552e-05,0.854204852430209,98483,154.344558110959,1.80918079791731,5.08911723974478,75138.0833333333,14054.0099009901,0.929026016876281,0.396812869449144,0.485585856225301,43575.55,0.900845296180883,1.20265522786522,0.637201309823384,15883.75,6.54360077808727e-05,7.22515264832147,8638.33333333333,8.24598524305556,7.39910906977687e-06,4968.95,1781.53183594609,0,126038.34375,0.893950538357596,0.000351816191108488,6.84647959056153,89559.9599329631,10.2761401978043,4.42997233072917,43544.975,0.000101035450448158,0.495324049180712,0,0.715981424129546,0.112838549196861,70.5912982860216,235.034040087814,3.74167368261897e-05,8.56099239019142e-05,0.00468500137461089,1.56752923264429e-05,364.643564356436,3.94848306088975e-05,1.38396254459156e-05,380643.1015625,33403.5208169678,35546,0,0.405487757512354,0.843800554730022,1562.27595745994,2.57119669392935e-05,0.00207115563328709,6.06179003913995e-05,0.903454575749868,0.245473870705144,90.2002561609485,2.05572387759323,0,0,0,0,346880.222222222,0,0.163984976896573,162.153511874047,2.96197396125394e-06,0.402285747526156,1820300.86458333,0
"H17-01673 - 2",1,2,"2/5/2017",19634416,0,"1/16/1959 0:00:00",0,0,58,"Portugal",96,173,32.075912994086,"Undetermined",5,1,80,0,1,2,3.2,21.60433692,3,23.34400727,2.67,26.8477195,2.53,28.4626467277991,2.55,27.84643968,-0.30810352389955,1,1,3.01,22.53907469,-1.48089300944978,1,1,0,0,2.15,33.26154036,"5/22/2024 0:00:00",87,0,0,0,"3/10/2017 0:00:00",0,1,2,2,5,20,19,0,0," ",0,0," ",0,0,0," ",0,0,0,0,2,1,64,1,0,160,90,35.15625,0,0,"Head Thrauma",2,0.8,82.22692221,0,1.09,61,0,0,0,0,3,0,3,4,0,0,9.027472037,0,0,0,1,0,0.010478177,0,20,0,0,1.5363e-07,249885.1,108221.1902,231.2894989,77.95651146,0,0,0,0,0,1.92191e-05,30407.42626,29103.54348,66.55259755,21.28637762,20363.3929,19118.22275,55.34800038,16.10270805,4.68571e-07,0.4084906,0.038389845,0.584403714,0.041407944,0.311459368,0.012751401,0.065690624,-0.495758147,1.82155e-05,0.688540632,2502,61,300310.5,44892,0.214355825,70552.41667,0.246684289,5.362101656,23.32368708,0.222246712,5.362101656,23.32368708,0.222246712,0.412058933,245800.5833,0.412058933,245800.5833,0.738546412,2796205.5,0.738546412,2796205.5,0.373745655,9782.9,0.373745655,9782.9,0.603625321,1425889,0.603625321,1425889,1.74717106530179,1.74717106476849,85120.5703125,66698.6363636364,12.2463715726679,22.4126310875068,1.77538135628117,210.315607387182,0.738546411932533,1458.29464181563,3.10823747118856,4.70327970609605e-06,1.23216837238443,0.000202348617054269,1.73453607600965,4.26100907838933e-05,0.000470162008631704,1.85735593231173e-05,186811.363636364,18612.0302734375,0.756434704235272,94.7698165921031,22.4001749154029,0.000131049454424415,3.59381634611938e-05,0.723435208386484,16530.2142857143,104.359838106485,1.99662562050279,1.80698811182601,186811.363636364,9452.42704626334,0.93451237053723,0.615758522055985,0.329078748252194,13963.4545454545,0.901753449752806,1.34709539610822,0.789620541691621,8642.81818181818,0.000151385484387954,10.3328876783839,21330.5454545455,10.5645637512207,1.71752906742498e-05,1634.45454545455,1145.37427783755,0,0,0.906963725667906,3.61289418939242e-05,9.43703074635961,190383.502530185,11.1813063227731,9.02903587167913,13945.5909090909,0.000170664756319583,0,0,0.709272262103412,0.112717220674907,60.7511997183631,747.420229857341,7.50229359960388e-05,0,5.53562827254476e-05,3.98385697370713e-05,155.701067615658,3.92802393956794e-06,0,0,22148.3786310518,98851.8181818182,0,0.616863741891363,0.86468068111011,1177.87243494835,6.67595479483625e-05,9.9158094024576e-06,0.000105781516245276,0.915099447859185,0,197.153331605403,2.15369126554317,0,0,0,0,330900,0,0.360011142722686,104.408735651525,7.64547969035914e-06,0.0479220994020702,8110.87841796875,0
"H17-02019 - 1",1,3,"2/11/2017",8003577,0,"6/18/1958 0:00:00",1,0,58,"Portugal",60,150,26.6666666666667,"Obstructive uropathy (lithiasis)",4,1,68,0,2,2,1.5,40.14380679,1.5,40.14380679,1.24,50.44545487,1.6,36.9218180590117,1.27,48.11279387,5.59548790549415,0,0,1.83,30.65361645,-1.56705040225292,0,0,0,0,1.44,40.12795926,"5/27/2024 0:00:00",87,0,0,0,"2/22/2017 0:00:00",1,2,2,2,6,6,15,0,0," ",0,0," ",0,0,0," ",0,0,0,0,1,1,67,0,0,170,80,27.681660899654,1,0,"Stroke (ischemic)",1,1.5,50.71101886,0,1.47,88,1,0,0,1,2,2,5,3,0,0,28.46750202,1,1,1,1,28.46750202,0.411942566,18.75,44,9,0.169811321,1.65447e-07,349215.3523,208396.4073,257.7979564,122.8310372,3.38414e-08,89590.88889,26693.37047,130.8193227,32.75624324,7.10669e-06,54845.02143,55281.20703,87.34288827,31.5592292,30593.87421,42462.86819,64.49567111,24.3338981,2.63211e-07,0.292618295,0.057776584,0.389766823,0.02387408,0.398145707,0.003652548,0.148233714,-0.416503722,7.7863e-06,0.601854293,1890,70,413910.0405,216300.8649,0.554404434,230724.6765,0.53204585,9.59312079,33.30868587,0.245507129,9.59312079,33.30868587,0.245507129,0.367595445,68810.22222,0.367595445,68810.22222,0.694558028,266303,0.694558028,266303,0.306965104,13165.83333,0.306965104,13165.83333,0.488856128,180099,0.488856128,180099,4.36573080784187,4.36573080836224,167368.33125,33902.75,16.18863149484,30.9031210660131,1.8195565043325,262.274059098783,0.694558027557018,465.978825392642,2.75463805676677,1.03267698399555e-05,1.38203586594481,0.000378959146493088,2.00833939046233,7.77726632939349e-05,0.00087425778323107,5.81200400956065e-05,51403.4166666667,1639391.275,0.805999144399929,116.769941223401,32.8350505311911,0.000240623335708116,2.83505985695152e-05,0.764888790410342,93276.9555555556,148.933524019872,1.94169854698666,1.80452775584744,51403.4166666667,12132.4506666667,0.919232227042885,0.719939792495531,0.700194303210887,44156.125,0.903348974219571,1.47396701077947,0.869604629271803,28287,0.000112190916514385,10.7502193272909,5911.91666666667,11.7513879987929,1.28969103341162e-05,5058,789.701104627083,0.115975821723391,209812.06640625,0.916188797107934,0.000414781754226194,5.71869487240735,218746.227266947,15.6510954628974,7.69612433513006,44123.625,0.000137527169572537,0.623595961819431,0.912864053973458,0.848503721938924,0.114495359818446,75.3115498824031,204.071066052981,6.56963256310318e-05,0.000107308821540164,0.00286335943348121,2.22045414989171e-05,149.296,4.72654041344085e-05,1.90445666531166e-05,1238893.453125,34923.4890756303,11644.3333333333,0,0.219209913698115,0.885792206852563,484.711040296239,4.05050685147908e-05,0.000971046963363705,0.000106416067697333,0.93967822863347,0.395786677414983,78.7073134294152,4.37268101864452,0,0,0,0,426494.916666667,0,0.337701730215517,169.065626371365,4.65627197479548e-06,0.505265133081481,568532.734375,0
"H17-03700 - 2",1,2,"3/17/2017",19757484,0,"11/2/1961 0:00:00",1,0,55,"Portugal",64,167,22.9481157445588,"ADPKD",4,1,45,0,2,2,1.1,59.34168382,1.2,53.458109,1.18,54.54722716,0.97,68.581029263742,1.28,48.55971186,-10.010658701871,0,1,1.27,48.41295418,-5.0420187709355,0,1,0,0,1.4,42.39209086,"5/22/2024 0:00:00",86,1,1,1,"3/24/2017 0:00:00",0,1,2,0,3,0,21,0,0," ",0,0," ",0,0,0," ",0,0,0,0,2,1,69,0,0,170,90,31.1418685121107,1,0,"Stroke (hemorrhagic)",1,0.7,99.74254616,0,1.28,77,0,0,0,0,1,2,3,3,0,0,22.56777209,1,1,0,0,22.56777209,0.164593578,0,34,0,0,3.36459e-07,206256.1618,99347.08616,215.1048972,65.58941555,0,0,0,0,0,1.34386e-05,35187.83984,47716.83413,73.26464999,24.67291573,10474.56259,7966.732255,45.60677028,13.66471124,2.96876e-07,0.339736806,0.069396766,0.472874352,0.021309569,0.256976862,0.003220641,0.146755191,-0.455617705,1.76965e-05,0.743023138,1358,30,212502.5606,122855.1212,0.584584779,134520.8214,0.593077515,9.490267753,35.81657141,0.163646701,9.490267753,35.81657141,0.163646701,0.360674319,68199,0.360674319,68199,0.695735393,286675.5,0.695735393,286675.5,0.243847891,16295.33333,0.243847891,16295.33333,0.711153605,223910,0.711153605,223910,3.73051703392251,3.73051703431191,107235.8046875,83426.9523809524,24.5195719401042,28.2494660029437,1.60716525254787,230.135878088032,0.695735392924201,593.565582149466,2.85058887726954,1.10278688435948e-05,1.10876835065706,0.000326235313115158,1.50484695252433,9.65665900545113e-05,0.00126584594295682,6.0874709188242e-05,141795,319853.4375,0.810476554390816,103.535027828495,28.6942904913258,0.000369851183709111,6.04482310980555e-05,0.754418682390631,332530.25,223.104647481753,1.97171080465539,3.97380359146178,135606.714285714,9728.17647058824,0.917460657383281,0.710085977398746,0.486346381666899,37014.8571428571,0.899196486340543,1.16514711402733,0.871654591558302,18439.1428571429,6.24045375883999e-05,10.1493147307751,15742.7619047619,11.6945724487305,7.18017760097377e-06,4278.42857142857,1053.04256204783,0,108915.7734375,0.905231302096778,0.000344985404955336,12.6669265559001,476591.311471122,20.2355285134813,9.61312720889137,36988.0714285714,0.000204215014617369,0.488152698190024,0.915396571319335,0.8164349238447,0.114713305546536,58.0453273429121,250.185930859431,3.39148718230096e-05,0.000254953311214116,0.00182763279319938,3.28132473915859e-05,100.666666666667,3.90574257273606e-05,4.95544654045582e-05,275120.90625,20584.1875229358,36488.380952381,0,0.260084952661975,0.892363898449664,379.33425881394,7.20992286392115e-05,0.000790990362873063,4.08960804943558e-05,0.930219750108589,0.242747166467394,172.710094387399,5.2929517735816,0,0,0,0,338287.25,0,0.31287575499728,151.444582687839,8.30623570370186e-06,0.300202421589644,0,0
"H17-05601 - 2",1,2,"4/27/2017",11015447,0,"6/19/1953 0:00:00",0,0,63,"Portugal",86,180,26.5432098765432,"Undetermined",5,2,35,0,2,2,1.1,75.43009511,1.1,75.43009511,1.09,76.26127818,1.09,71,0,0,0,0,0,0,0,0,0,0,0,0,1.16,70.14615161,"11/24/2017 0:00:00",7,1,1,1,"5/8/2017 0:00:00",0,2,0,0,2,16,19,0,0," ",1,6," ",0,1,1,"12/15/2017 0:00:00",1,1,0,0,2,1,52,0,0,170,75,25.9515570934256,1,0,"Stroke (ischemic)",1,2.5,30.15775097,0,1.19,70,0,0,0,1,1,2,4,4,0,0,25.17714945,1,1,1,1,25.17714945,0.375859016,6.25,63,5,0.073529412,1.44596e-07,375569.6984,211860.6651,290.1315391,110.3573899,1.14759e-08,166616.2,221793.7487,149.8091618,114.165735,1.03467e-05,43165.2398,46544.39442,77.26040594,26.77334361,33924.79025,38426.75744,53.43017275,16.15538567,3.02964e-07,0.31621485,0.05430605,0.446616931,0.027293631,0.250307807,0.0255735,0.121594248,-0.287701439,9.81166e-06,0.749692193,4508,132,398485.5593,211306.0847,0.49771999,222902.3393,0.520361797,6.92186362,24.73234753,0.237589168,6.92186362,24.73234753,0.237589168,0.28221586,31586.175,0.28221586,31586.175,0.526422804,282133.5,0.526422804,282133.5,0.255125764,15187.77778,0.255125764,15187.77778,0.526026728,179171.75,0.526026728,179171.75,3.32832167476562,3.32832167350736,126270.23828125,67679.1739130435,20.0572975614797,24.6387895018821,2.08231661728694,251.855284154941,0,810.434496257805,2.70362830575131,1.02254008257986e-05,1.09466287939747,0.000429857323064834,0,0.000102442897557848,0.000807309116225372,6.06742014157855e-05,134310.456521739,990057.34375,0.803109058273529,106.7554043238,24.7183037023129,0.000233901982209865,4.09853298527656e-05,0,142349.586206897,132.111903638141,1.604566202816,1.70152464923148,134310.456521739,14197.6239067055,0.956046709253979,0.71987681254735,0.701503562051391,31609.05,0.906917561124536,1.16567025770799,0.865430709174481,19380.05,9.03918641083832e-05,10.51154777677,15561.7391304348,11.2677370926429,1.03523289866461e-05,3618.05,1079.47231620541,0,160745.88671875,0,0,7.31662823819567,321329.248271113,18.2861040656824,10.2091689109802,31586.175,0.000171979505676129,0.563654687934891,0.88312748355231,0,0.114095458620686,70.617432532163,0,4.47224323668432e-05,0.000286260076021056,0.000311748834484476,2.39709403730716e-05,172.294460641399,0,5.51721154319518e-05,895702.629882812,34193.4782091918,51122.7826086957,0,0.44780980631922,0.849267926788046,548.741100244888,4.92125602108413e-05,8.55476006091715e-05,6.16872617224799e-05,0,0.303717724373122,167.323985856592,3.90863152011415,0,0,0,0,454237.166666667,0,0,144.622203239149,5.58850939995054e-06,0.461966282480204,340638.5625,0
"H17-07256 - 1",1,2,"6/2/2017",19464534,0,"8/1/1964 0:00:00",1,0,52,"Portugal",72,150,32,"Undetermined",5,2,13,0,2,2,1.8,33.48166942,2,29.5051696,1.65,37.16664651,1.71,35.3865130757431,0,0,0,0,0,0,0,0,0,0,0,0,1.71,35.18899498,"6/25/2018 0:00:00",13,0,0,0,"6/12/2017 0:00:00",0,2,1,1,4,3,22,0,0," ",1,6," ",0,1,1,"8/9/2018 0:00:00",4,1,0,0,1,1,63,1,0,160,100,39.0625,1,0,"Stroke (hemorrhagic)",1,0.8,82.73990965,0,1.26,75,0,0,0,1,2,2,5,3,0,0,43.58120282,1,1,1,1,43.58120282,0.096386421,12.1212121212121,58,8,0.121212121,2.34016e-07,297569.6121,171446.0628,250.4420275,90.392141,3.2278e-08,132634.875,28087.64488,162.7364892,25.76257134,9.22344e-06,53350.29221,72442.76514,83.65269677,31.80509442,0,0,0,0,3.42954e-07,0.237741746,0.069635951,0.492073486,0.02039319,0,0,0.141515348,-0.465881638,9.48974e-06,0,2286,85,313267.1545,170655.4182,0.549147543,183282.14,0.543545324,8.174428695,34.5749384,0.164625463,8.174428695,34.5749384,0.164625463,0.30504739,81974.91176,0.30504739,81974.91176,0.584643599,897706,0.584643599,897706,0.245978962,12030.80769,0.245978962,12030.80769,0.49701978,309293.25,0.49701978,309293.25,4.41888176539655,4.41888176319711,167424.9609375,76407.4782608696,23.1842272385307,29.8434133530991,1.86405009846139,278.115182700939,0.584643599332815,793.034566123463,2.68611434389838,8.68346287791694e-06,1.37581732653884,0.000273112891723896,3.09621871233306,6.80371877461053e-05,0.000888703952020347,4.97595923585961e-05,129591.913043478,1256326.59895833,0.794720236151161,111.956147026015,34.8237096881975,0.000257030982498157,3.1575644655167e-05,0.757289770931419,235048.538461538,178.429384130127,1.78999368594338,1.84984486284496,129591.913043478,16093.2049180328,0.920263771996257,0.696138973127212,0.645107319970501,31019.1875,0.904888934439683,1.31095899456067,0.855773026788554,16648.0625,0.000131900534980229,10.5081092490525,14923.5217391304,11.6673837074867,1.51301718532572e-05,3566.5625,957.534690058244,0,147017.3671875,0.949454504783934,0.000116767011357235,7.0017423668671,400476.047639266,15.3106017562664,10.2304688743923,30991.71875,0.000125242345105999,0.556070444786622,0.895020368395006,0.803196646371133,0.114563487023996,81.4745852555128,314.391475711413,6.5892668499662e-05,0.000231481903326625,0.000299036488180837,2.44823609804817e-05,209.786885245902,1.33479373903342e-05,4.8601655282068e-05,685952.770833333,46345.5867038587,38308.1304347826,0,0.322334274109624,0.894414529180019,479.51280480075,4.83932040867513e-05,6.50513062463964e-05,0.000119419828317069,0.961173506108607,0.302313690262636,163.93475148776,4.81499818562956,0,0,0,0,208997,0,0.608534349682688,135.381818150176,5.52599377426178e-06,0.441839485264315,0,0
"H17-14151 - 1",1,2,"11/8/2017",19705057,0,"8/10/1957 0:00:00",0,0,60,"Portugal",72,175,23.5102040816327,"ADPKD",4,2,27,0,2,2,3.8,17.3611538,3.5,19.16184166,2.95,23.52515433,2.69,26.1165109515339,0,0,0,1,1,0,0,0,1,1,0,0,6.81,8.555534299,"10/30/2018 0:00:00",12,0,0,0,"11/30/2017 0:00:00",2,1,2,1,4,0,28,0,0," ",1,6," ",0,1,1,"11/1/2018 0:00:00",4,1,0,0,1,1,81,0,0,170,60,20.7612456747405,1,0,"Stroke (ischemic)",1,0.3,119.56315,0,1.62,94,1,0,0,1,1,2,4,2,0,0,14.15367739,0,0,0,0,14.15367739,0.561592119,5.88235294117647,31,2,0.060606061,1.80309e-07,417365.3226,209861.1204,306.9791314,68.74243655,1.16328e-08,145277.25,14463.25,185.5263782,16.03006553,1.22843e-05,37235.91832,32480.47724,74.62048158,24.2535361,17539.35421,14330.24687,52.65340564,12.35398039,2.44289e-07,0.316797333,0.075254674,0.457416059,0.019231481,0.383482584,0.007281031,0.164521278,-0.202766233,1.35997e-05,0.616517416,2112,42,417365.3226,218397.3548,0.531390763,223165.1,0.522932933,8.12156356,25.80223551,0.273780671,8.12156356,25.80223551,0.273780671,0.283991403,54681.5,0.283991403,54681.5,0.574236765,390398,0.574236765,390398,0.232276515,14459.1875,0.232276515,14459.1875,0.42189777,161941,0.42189777,161941,3.68548390746589,3.68548390634394,144021.3984375,108056.375,24.5829467773438,23.8608981457954,1.77379901145972,227.606291031725,0.574236765442107,703.500995397134,2.88576746011514,8.96134592784511e-06,1.20440793510415,0.000338037655266783,2.93775855184003,7.02319797705326e-05,0.000900978205363387,5.67840796682566e-05,192161.75,845657.46875,0.796493841558585,103.726352377228,24.7775104905497,0.000249552421591716,3.17067539411942e-05,0.787012794510181,35608.6166666667,127.180736342066,1.91022772690733,0.963288807838141,192161.75,8544.67109634552,0.913519389091174,0.744021035031351,0.65166790859024,21130.7,0.903725812101752,1.19938262648169,0.883533268794292,15120.2,0.000178135009983507,10.6057701506884,22283.75,11.7275724569956,2.04795202166793e-05,2446.4,856.851018291648,0.113905706664525,310546.625,0.93859075875354,0.000230563456203647,6.68626457724741,541962.1171875,14.7927120823598,12.0668618679047,21109.85,0.000152945488934629,0.730763124156363,0.893753494031141,0.759725923497038,0.11436519015203,64.3620624968062,214.953483340001,0.000101113275147396,5.31010669863354e-05,0.000142427744151406,2.71769632582124e-05,97.1295681063123,2.61125522129755e-05,9.90156029198151e-06,2298340.375,25288.0269792127,61893.25,0,0.313744094611051,0.898149661165996,638.140437053218,5.05161205744346e-05,2.99225057254132e-05,0.000210372619758078,0.949269521102424,0.46286785045672,208.920108762918,5.01009423653084,0,0,0,0,464149.5,0,0.433700044558487,129.995615225694,5.77992579330777e-06,0.404297179561063,76938.34375,0
"H17-15066 - 2",1,2,"11/28/2017",99017373,0,"12/28/1959 0:00:00",1,0,57,"Portugal",71,159,28.084332107116,"CAKUT",4,1,11,0,1,2,1.4,43.8808902,1.2,52.79728338,1.23,51.25579081,1.3,47.6646097790312,1.2,51.82132991,2.0783600654844,0,0,1.07,58.73047334,2.7664658902422,0,0,0,0,1.07,57.98643851,"1/16/2024 0:00:00",74,0,0,0,"12/5/2017 0:00:00",0,1,0,0,1,0,23,0,0," ",0,0," ",0,0,0," ",0,0,0,0,2,1,75,0,0,170,75,25.9515570934256,1,0,"Stroke (hemorrhagic - aneurysm rupture)",1,0.6,100.6682074,0,1.42,86,1,0,0,0,2,2,4,3,0,0,32.92765069,1,1,1,1,32.92765069,0.082230309,0,17,0,0,1.63323e-07,298236.1765,100676.5356,265.7503287,71.00040089,0,0,0,0,0,1.12501e-05,44429.68702,39047.61119,77.83416532,23.59409477,26333.66924,18085.19957,64.36466511,15.25854153,3.26646e-07,0.456086404,0.048708885,0.499837791,0.014223096,0.339239416,0.006877556,0.097449383,-0.339169595,1.19523e-05,0.660760584,1171,34,316722.75,104625.5,0.335121911,104625.5,0.335121911,6.768943268,23.42513094,0.283810248,6.768943268,23.42513094,0.283810248,0.462675183,56161.09091,0.462675183,56161.09091,0.592138114,190693.5,0.592138114,190693.5,0.371714967,16565.78571,0.371714967,16565.78571,0.621855561,125452.875,0.621855561,125452.875,1.87053385557056,1.87053385362029,64160.0556640625,94964.25,15.2422485351562,19.7637563239487,1.80051068763239,205.956855241118,0,1352.79267852808,2.82365956792867,8.20910039494623e-06,1.17789646724846,0.000472900095096073,0,0.000105414167964301,0.000462480124615234,5.08813388353585e-05,172194.5,181012.703125,0.769369519653909,94.6326477942244,19.9049816967833,0.000129816842138261,6.99994964710228e-05,0,45593.375,110.846083231242,1.5493067829806,5.89771593086818,172194.5,8603.75,0.930925576049399,0.591978537987336,0.505952869259196,56198.8181818182,0.900234901909073,1.29097344210265,0.764535809036031,27795.1818181818,9.61674320939803e-05,7.1170553204454,19523,7.61227476596832,1.08931311737189e-05,6348.18181818182,1643.81262417867,0,0,0,0,12.0146248562551,307842.490844727,18.3907413586139,7.24534976482391,56161.0909090909,0.000312149075644299,0,0.876100631703994,0,0.112121921248446,67.3961678135096,0,4.92183937177476e-05,0,0.000572183461220583,3.20951717861435e-05,177.092592592593,0,0,0,27105.90625,57767.5,0,0.368237708222153,0.835192722938444,1338.31767599054,5.97028784870206e-05,0.000173152446881315,0.000105197748944605,0,0,194.275948395875,2.82533944157262,0,0,0,0,349641.625,0,0,195.729226944061,6.9102766880329e-06,0.238043054920439,0,0
"H17-16126 - 1",1,2,"12/20/2017",19651038,0,"5/9/1961 0:00:00",0,0,56,"Portugal",81,164,30.116002379536,"Diabetic nephropathy",1,1,103,0,1,2,1.3,64.47493424,1.1,78.78648196,1.03,85.25468635,1.26,66.5238336539292,1.44,55.9738162,-5.2750087269646,0,1,1.9,39.63816777,-6.7214164709823,0,1,0,0,1.9,39.16278937,"4/17/2024 0:00:00",76,1,1,1,"1/8/2018 0:00:00",0,1,1,1,3,4,19,1,0," ",0,0," ",0,0,0," ",0,0,0,0,1,1,54,0,0,170,81,28.0276816608997,1,0,"Stroke (ischemic)",1,0.6,114.7132264,0,0.99,49,0,0,0,1,2,2,5,4,0,0,33.4538,1,1,1,1,33.4538,0.195292697,16.6666666666667,30,5,0.142857143,1.3371e-07,229229.9,146629.4442,215.8617307,98.38350081,2.22851e-08,135106.5,85368.21406,150.8226957,21.18288141,1.17398e-05,36610.77126,38624.7633,70.28688765,23.97031765,30098.71101,26910.80182,65.50755019,22.64888246,2.62964e-07,0.353828151,0.030650418,0.429802096,0.021207722,0.372605661,0.031165053,0.071312863,-0.065321761,1.1914e-05,0.627394339,2634,59,254034.1481,130829.1481,0.493436368,137986.44,0.485039188,7.883728768,34.13471882,0.162842474,7.883728768,34.13471882,0.162842474,0.47812586,87251.65789,0.47812586,87251.65789,0.675685469,1221420.5,0.675685469,1221420.5,0.448830737,12895,0.448830737,12895,0.58798257,366089.125,0.58798257,366089.125,3.49207253417536,3.49207253214575,85399.0078125,74856.55,16.6585159301758,26.4203760368394,1.9791755977587,227.465791511284,0,954.678999479661,2.63181826715051,1.01217076780388e-05,1.45210580024117,0.000374628665372256,0,0.000105253874204563,0.000920147946889007,5.02678379019548e-05,145862.375,392805.46875,0.792692603298322,100.393196784686,34.3792661579799,0.000264055738521252,5.73622399961594e-05,0,106411.363636364,145.899029105808,1.99441191494938,3.46042577840358,145862.375,11047.2444444444,0.919524499257067,0.621557122616796,0.589022442152025,24262,0.903076683705437,1.13589608229154,0.788566944314625,13493.5555555556,9.62872781292169e-05,8.09658768265336,16762.4,9.35489723899148,1.08928732355883e-05,2716.72222222222,1339.94492544735,0,0,0,0,10.5627404699894,283259.932067871,19.3815540808402,7.9444091796875,24242.2777777778,0.000204168631082966,0,0.892768245157454,0,0.113764119133509,68.1775385883802,0,5.67974829677969e-05,0,0.00165410784412468,2.89676738967977e-05,180.607407407407,0,0,0,32344.3855932203,54297.95,0,0.3790122056124,0.863333594827492,1119.77312864274,5.6490829821762e-05,0.000650684158067763,0.000119588691317893,0,0,166.046321490612,3.41091972938636,0,0,0,0,361533.5,0,0,128.206206351941,6.50059179087228e-06,0.368374150304351,77940.8359375,0
"H17-16126 - 2",1,2,"12/20/2017",19661009,0,"1/26/1983 0:00:00",1,0,34,"Portugal",69,164,25.6543723973825,"CAKUT",4,1,37,0,1,2,1,75.81449506,1.1,67.62091213,1.37,51.96220432,1.64,41.6139193911487,1.89,34.66530767,-3.47430586057435,0,0,3.05,19.27912866,-5.58369768278717,1,1,0,0,6.52,7.679654346,"6/26/2023 0:00:00",66,0,0,0,"12/28/2017 0:00:00",0,2,0,0,2,6,22,0,1,"6/26/2023",1,1,"6/26/2023 0:00:00",1,0,0," ",0,0,0,0,2,1,54,0,0,170,81,28.0276816608997,1,0,"Stroke (ischemic)",1,0.6,114.7132264,0,0.99,49,0,0,0,1,2,2,5,5,0,0,51.93620719,1,1,1,1,0,2.282531716,6.25,30,3,0.090909091,1.67286e-07,300601.9333,124711.406,271.1860039,67.02649681,1.67286e-08,114688.8333,81047.23181,128.6946954,88.17600977,1.00037e-05,36924.18395,32988.61264,73.54701838,23.83706468,0,0,0,0,2.67658e-07,0.224103831,0.050286557,0.369379016,0.0100603,0,0,0.136138098,0.011850187,1.01877e-05,0,1794,48,300601.9333,178554.7,0.578915848,184115.3448,0.580314787,7.697961628,36.86307427,0.150014985,7.697961628,36.86307427,0.150014985,0.325151668,26229.66667,0.325151668,26229.66667,0.517237312,61785,0.517237312,61785,0.292076835,19772.92857,0.292076835,19772.92857,0.440913585,48828.25,0.440913585,48828.25,3.80600903529644,3.80600902868956,0,122831.1875,21.960465669632,29.1064383299268,1.83028019653225,245.236964168577,0,825.293011131572,0,0,0,0,0,0,0.00089303620054901,0,211308.15625,0,0,110.190055815009,37.3775059837848,0.000243643672085886,0,0,35746.1111111111,116.882908912439,0,1.40961407703361,211308.15625,10542.2474226804,0.919730358309268,0.726772959424916,0,26250.5555555556,0.901368893484717,1.67763315388645,0.871444544701723,19022.2222222222,0.000160258393473388,8.02832339473606,24102.5625,9.55073271857368,1.82810568949166e-05,2982.44444444444,1221.67982598086,0,0,0,0,0,503450.187988281,0,8.9057183265686,26229.6666666667,0,0,0.890202075469354,0,0.113165684911449,71.2102899157545,0,8.80493489228468e-05,0,0.000133154492819522,0,173.773195876289,0,0,0,33282.4063981043,64432.625,0,0.31623286146037,0.887705116294291,796.359048005883,0,2.66991569468191e-05,0.000221943775794949,0,0,226.664601114373,4.04249872192086,0,0,0,0,182274.5,0,0,142.637491906719,0,0,0,0
"H18-01953 - 1",1,2,"2/2/2018",8004474,0,"9/10/1950 0:00:00",1,0,67,"Portugal",48,158,19.2276878705336,"Chronic glomerulonephritis (unspecified)",2,1,71,0,1,2,1.2,49.61368684,1.51,37.65708161,1.38,41.95310342,1.36,42.4298306826558,1.29,44.64864888,1.1094090986721,0,0,1.51,36.504098,-1.48143317066395,0,0,0,0,1.47,37.39106426,"1/4/2024 0:00:00",71,0,0,0,"2/9/2018 0:00:00",0,2,2,1,5,0,26,1,0," ",0,0," ",0,0,0," ",0,0,0,0,1,1,78,1,0,160,50,19.53125,1,0,"Stroke (hemorrhagic)",1,0.9,65.43602377,0,1.99,99,1,0,0,1,3,0,4,3,0,0,73.1096,1,1,1,1,73.1096,0.048945085,11.1111111111111,15,2,0.117647059,2.20943e-07,250863.1,105317.0702,231.0628773,76.99359337,2.9459e-08,117874.25,174.75,173.7612648,3.467401097,1.34039e-05,40104.51813,70929.3277,70.40180422,30.63916595,13363.16886,14477.38217,46.77413226,14.03404609,2.20943e-07,0.438890152,0.055426398,0.537555498,0.022021259,0.325066941,0.002447771,0.103108234,-0.58340636,2.09005e-05,0.674933059,910,15,268709.1786,161617.1429,0.593400984,161617.1429,0.593400984,9.380934829,37.40944703,0.129033429,9.380934829,37.40944703,0.129033429,0.367881137,68883.75,0.367881137,68883.75,0.292791029,382769.5,0.292791029,382769.5,0.382899158,6106.6,0.382899158,6106.6,0.292791029,382769.5,0.292791029,382769.5,2.30572219983139,2.30572220073318,77341.57421875,136646.888888889,20.4709608289931,25.4813487790137,1.79481873520281,241.352805625999,0,948.714577833066,2.80575959760253,9.41196109439799e-06,1.37040807147988,0.000364029069377599,0,0.000103217744025651,0.000932490567969121,5.52090116017207e-05,210034.611111111,238667.6484375,0.785885586845378,93.0356246046057,22.157824798849,0.000267614569511085,6.52459807841362e-05,0,153218.5,143.441732070534,1.74646998952166,1.83099874047553,210034.611111111,12646.1428571429,0.928007845715257,0.682535814902958,0.534570474309209,68907,0.89778601326445,1.22968913285626,0.829851941436284,51024.8333333333,9.68726214826377e-05,8.36153629847935,23730.8888888889,13.7573649088542,1.11376537071149e-05,7734.16666666667,1766.17441983984,0,0,0,0,11.7856945048672,545403.158650716,18.8383027501398,7.61773003472222,68883.75,0.000230173707345331,0,0.921353060077599,0,0.112867132057373,50.8537746995224,0,5.75445713525597e-05,0,0.000656738115176849,4.34825740062536e-05,244,0,0,0,16897.3732718894,49716.2222222222,0,0.23766795299611,0.871496111381867,1446.58214732352,6.32365312907874e-05,0.000224076722479008,0.000115293659294659,0,0,211.774673531679,3.64539378112388,0,0,0,0,220108,0,0,161.416324863889,7.35915740381148e-06,0.297670772680852,2675668.125,0
"H18-05054 - 1",1,2,"3/28/2018",19058063,0,"10/9/1947 0:00:00",0,0,70,"Portugal",83,175,27.1020408163265,"ADPKD",4,1,81,0,1,2,2.2,31.43414176,2,35.24299673,1.96,36.10784244,1.69,42.869041295702,1.53,47.70633842,2.418648562149,0,0,2.11,32.03795891,-2.7077705964255,0,0,0,0,2,33.88250035,"2/8/2024 0:00:00",70,0,0,0,"4/13/2018 0:00:00",0,1,2,2,5,6,20,0,0," ",0,0," ",0,0,0," ",0,0,0,0,1,1,72,0,0,170,80,27.681660899654,0,0,"Head Thrauma",2,0.7,97.89881334,0,1.1,63,0,0,0,0,1,0,1,3,0,0,19.73650748,1,0,0,0,19.73650748,0.012332456,0,21,0,0,2.06329e-07,405499.2857,222243.5112,299.8541968,123.8779495,0,0,0,0,0,1.35686e-05,69100.08943,78533.37304,92.97396526,36.91365645,40018.43951,40174.66574,73.12351245,23.0431407,3.73356e-07,0.652170887,0.083666063,0.937588412,0.015073103,0.393166843,0.012028055,0.089235385,-0.668565326,1.19026e-05,0.606833157,1381,38,456378.9444,87074.5,0.236008237,103297.3846,0.227414763,6.545166562,22.62731977,0.365091773,6.545166562,22.62731977,0.365091773,0.472589463,51428.78571,0.472589463,51428.78571,0.551001853,219905,0.551001853,219905,0.427406179,10208.5,0.427406179,10208.5,0.585547674,154479.5,0.585547674,154479.5,1.35005340963005,1.35005341033936,107596.65234375,55832,18.1900773048401,19.5118718661078,1.75078532422856,206.68315485133,0,774.605716894744,2.92412872799116,4.40865590412569e-06,1.08090507098696,0.000216412679132057,0,4.1010750430777e-05,0.000384156232284372,2.19656660043629e-05,125659,279653.212097168,0.782593049416263,98.8974251018994,18.1857773039904,0.000132387236307153,2.76844877023073e-05,0,9114.47902097902,128.546637642109,1.72400242131133,3.16545056025897,126105.2,7362.5,0.915610503339115,0.479072613041382,0.464838037640831,51460.7142857143,0.898353966964752,1.12339569291631,0.683475973149567,21091.1428571429,0.000134038563637718,9.32517896399778,14506,10.1799165185515,1.53073478176914e-05,5862,506.678528024516,0.114885083779881,154757.278125,0,0,8.15257191611708,206127.881259155,11.9802576300913,6.99379997253418,51428.7857142857,0.000149391140655434,0.465400177516529,0,0,0.113433752057543,63.8294043041611,0,8.10078647401885e-05,0.000113366945803241,0.00320254141556107,2.34134933774545e-05,123.727941176471,0,1.86099255274408e-05,255730.025,22319.4144,55736.6,0,0.495194290886572,0.868036164491474,1621.59030670267,3.94674114328226e-05,0.0017436381827733,0.000141307383270615,0,0.183541396721218,131.931973414316,3.25450539611804,0,0,0,0,275582.833333333,0,0,154.484369597394,4.56372303475895e-06,0.193465969719496,33379.7445348104,8.65994962056478
"H18-09647 - 2",1,2,"6/19/2018",19546514,0,"8/5/1956 0:00:00",0,0,61,"Portugal",62,155,25.8064516129032,"Undetermined",5,2,55,0,5,2,1.4,57.18264631,1.18,70.2036163,1.08,78.07453137,1.09,76.7370478721273,1.04,80.18162669,1.72228940893635,0,0,1.02,81.05739616,1.08008707196817,0,0,0,0,1,82.10301041,"5/8/2024 0:00:00",71,1,1,1,"7/6/2018 0:00:00",0,2,1,1,4,4,23,0,0," ",0,0," ",0,0,0," ",0,0,0,0,2,1,75,1,0,160,80,31.25,1,0,"Stroke (hemorrhagic)",1,0.5,97.74850958,0,1.43,86,1,0,0,0,0,0,0,2,0,0,10.27922101,0,0,0,0,10.27922101,0.02731676,0,24,0,0,1.98755e-07,403370.9792,174449.9204,311.9041219,73.45396778,0,0,0,0,0,1.17845e-05,45972.69642,54611.93951,77.2690013,31.5142724,18638.49712,16874.55372,55.81233161,14.79820697,2.56725e-07,0.506777934,0.080171943,0.541765564,0.064616506,0.349936805,0.004192827,0.147982723,-0.30541516,1.54983e-05,0.650063195,1423,31,403370.9792,136650.4583,0.334044023,136650.4583,0.334044023,6.180331662,21.147141,0.331710068,6.180331662,21.147141,0.331710068,0.459488721,158907.6364,0.459488721,158907.6364,0.996560609,1235935.5,0.996560609,1235935.5,0.41149303,17885.5625,0.41149303,17885.5625,0.587477229,534966.5,0.587477229,534966.5,1.53274348238563,1.53274348173285,101084.755208333,77905.2,14.6244983673096,20.4594540504494,1.71213500447511,218.576861806288,0.739257147969691,1086.88755625223,3.14254818840267,4.72258414237235e-06,1.15610009836629,0.000266777636182789,2.97131847750429,4.32502564548095e-05,0.000409659697226942,3.07007987199971e-05,196615.1,430440.5,0.736141791308411,100.576040011315,17.1348169932819,0.000127562753366129,2.47665683708718e-05,0.848111525666259,26327.3670886076,130.105334685282,2.10305334101898,2.36708604859424,196615.1,8479.83967391304,0.919434432120968,0.597377730552563,0.553532655957155,20344.2222222222,0.894195429833913,1.24109465778262,0.773054179868338,12408.2222222222,8.45192875654536e-05,6.06093350052834,22300.2,7.00047190581696,9.50937108478953e-06,2277,1251.30949025269,0,121524.606770833,0.947248752965572,0.000151087492155342,7.31022499483259,244873.648828125,12.7990859337451,8.75503959655762,20324.1111111111,0.000152824845400535,0.528190833794625,0.869517906972628,0.765987637907098,0.11206502022501,57.6212362128711,193.403481979738,4.41166496361234e-05,6.82112391506048e-05,7.96158460573833e-05,1.66424186925578e-05,199.744565217391,1.70057976007404e-05,1.16929715660157e-05,412824.625,18750.784302154,96479.4,0,0.534225101118809,0.85008449689571,1265.09270528488,2.78854510312082e-05,1.61024160898767e-05,0.000100052114784331,0.954133803811762,0.289806954433292,220.812180790447,2.86535423334001,0,0,0,0,357809.166666667,0,0.33536370590497,126.74762803227,3.18852544533803e-06,0.309696306048725,51999.7875719572,0
"H18-11055 - 1",1,1,"7/16/2018",9351987,0,"3/16/1954 0:00:00",1,0,64,"Portugal",74,167,26.5337588296461,"ADPKD",4,2,49,0,1,2,1.4,42.01151821,1.26,47.67353597,1.3,45.91874357,1.32,44.8055996553748,0.92,68.24543456,11.7199174523126,0,0,1.3,44.51280458,-0.0731987688436995,0,0,0,0,1.15,51.30240637,"1/12/2024 0:00:00",66,0,0,0,"7/24/2018 0:00:00",0,0,1,1,2,12,20,0,0," ",0,0," ",0,0,0," ",0,0,0,0,1,1,82,0,0,170,90,31.1418685121107,1,0,"Stroke (hemorrhagic)",1,0.6,96.3796361,0,1.54,91,1,0,0,0,3,2,5,4,0,0,71.1736,1,1,1,1,71.1736,3.314607568,0,27,1,0.035714286,1.78868e-07,281360.3148,149874.4312,241.2682693,100.7137124,6.62473e-09,97015.5,0,99.45853407,0,1.39252e-05,33713.59848,35192.98356,69.01924396,23.13777881,20616.51835,30065.05152,53.98340372,16.31932867,2.98113e-07,0.44511689,0.05032627,0.469467964,0.042594178,0.317815008,0.007021852,0.107198519,-0.191921917,1.46794e-05,0.682184992,2102,45,303863.34,125118.56,0.414134507,128434.7391,0.428666656,7.115961645,28.33151503,0.192101937,7.115961645,28.33151503,0.192101937,0.385820862,123227.25,0.385820862,123227.25,0.201025475,2030155.5,0.201025475,2030155.5,0.384518024,13380.10714,0.384518024,13380.10714,0.388860819,379537.25,0.388860819,379537.25,1.8453041958542,1.84530419449434,81707.8020833333,107641.8,16.0805177052816,23.435571112473,1.82181817263508,201.994830807561,0,932.623531273114,2.91740855065653,5.92252852736796e-06,1.22396678981278,0.000290328942731401,0,5.63831424324777e-05,0.000506956781868254,3.75766794221632e-05,173955.566666667,392988.78125,0.735655625633204,89.8024362997937,23.6216652538088,0.000152457722010419,3.15065563606682e-05,0,66990.0714285714,127.168392960733,1.83613583192338,1.94077554160004,193076.466666667,9550.49537037037,0.938303519903576,0.618548159879685,0.566777629726988,123254.6,0.898210808889951,1.2301087559537,0.784593776104773,83587.1,9.36266351598298e-05,7.18403772292314,21845.5333333333,8.46234965324402,1.07737613359843e-05,13678.95,1233.65738271957,0,68791.82421875,0,0,7.71979659313408,379177.84995931,13.7729493446958,6.09023316701253,123227.25,0.000163144554984195,0.525732321007379,0.857239765804524,0,0.112627300842852,60.1212074707602,0,5.27649980913816e-05,0.000220241538895463,0.00360374250688422,2.30550991309291e-05,205.787037037037,0,3.84843830864442e-05,192392.9765625,23038.543644299,63651,0,0.320665769047405,0.819774386448236,1561.01728358567,3.27453064927328e-05,0.0019354926146968,0.000107576781347352,0,0.217288409663336,192.458685592288,2.94801175278125,0,0,0,0,381801.75,0,0,188.184763080631,3.71984988062893e-06,0.338890871588561,268205.305664062,0
"H18-11055 - 2",1,1,"7/16/2018",1005330,0,"6/3/1960 0:00:00",1,0,58,"Portugal",73,162,27.8158817253467,"ADPKD",4,1,61,0,1,2,1.4,43.60882868,0.99,66.09457756,1.22,51.43944425,1.57,37.7700425578374,1.83,31.03728572,-3.3663784189187,0,0,1.98,27.88847703,-2.47039138195935,1,1,0,0,1.6,35.85372822,"2/20/2024 0:00:00",67,0,0,0,"8/13/2017 0:00:00",0,0,1,1,2,0,22,1,0," ",0,0," ",0,0,0," ",0,0,0,0,2,1,82,0,0,170,90,31.1418685121107,1,0,"Stroke (hemorrhagic)",1,0.6,96.3796361,0,1.54,91,1,0,0,1,2,2,5,4,0,0,50.4542,1,1,1,1,50.4542,0.684284159,11.7647058823529,32,6,0.157894737,1.1783e-07,398051.1719,199195.3398,299.82492,108.2017149,2.20931e-08,81884.33333,71604.55069,121.150539,77.66518036,1.1864e-05,47154.29252,45687.76734,83.88491051,28.17109761,0,0,0,0,3.16668e-07,0.467740033,0.046902386,0.559439109,0.025931655,0,0,0.083838233,-0.111206589,1.20039e-05,0,3222,86,437215.5172,103693.1034,0.238410433,106625.1786,0.236033422,6.097109489,27.56760417,0.190815666,6.097109489,27.56760417,0.190815666,0.455263507,163940.4643,0.455263507,163940.4643,0.587797936,1308869,0.587797936,1308869,0.35542121,13146.85714,0.35542121,13146.85714,0.555105804,314734.0714,0.555105804,314734.0714,1.70226369952495,1.70226369850802,119795.9703125,73908.1818181818,12.8100076588717,27.2700612393354,1.65369917059592,255.594028778934,0,1420.60407922152,2.97661438354248,3.85249835913566e-06,1.20132345812042,0.000119976035495659,0,2.26072217116235e-05,0.000295674208131862,2.31006387347163e-05,186228.318181818,366795.665625,0.746967459706155,116.40293164731,27.607374175795,8.91782772652243e-05,1.41786766729056e-05,0,21164.4528301887,133.928485962498,1.79042760602952,4.10356016568147,186228.318181818,11879.0615079365,0.926690097461326,0.500525922167627,0.507911256328985,75902.6923076923,0.895683209132261,1.24063857521086,0.678300437626902,32255.2307692308,7.03377225663663e-05,7.12732652539299,21783.5454545455,8.38707137557696,8.00957464801315e-06,8622.92307692308,809.639766683739,0,103192.4375,0,0,5.17897362230628,198917.032087846,8.29422603776547,6.77815432982011,75869.0384615385,7.50697306034095e-05,0.518218919435424,0.853879441912925,0,0.112078222229816,76.6463481608066,0,4.21852127717931e-05,0.000117172083436052,0.000161246097628888,1.93168974024345e-05,351.069444444444,0,2.30536569870593e-05,256057.619791667,31997.5304282494,90611.8181818182,0,0.599878257735832,0.825696524581208,1728.86661001894,2.53571004716936e-05,4.31779375940097e-05,5.92016769282318e-05,0,0.210665148185445,191.99807792008,2.35339239979534,0,0,0,0,460795.272727273,0,0,238.342753805699,2.90866098177103e-06,0.190393184070428,49460.2890625,6
"H18-17466 - 1",1,2,"11/16/2018",19713864,0,"8/12/1951 0:00:00",0,0,67,"Portugal",82,170,28.3737024221453,"Chronic glomerulonephritis (unspecified)",2,1,49,0,1,2,2.7,25.04813124,2.72,24.82728115,3.53,18.15859325,2.93,22.5667852002142,4.18,14.55114895,-4.0078181251071,1,1,4.01,15.10544633,-1.86533471755355,1,1,0,0,4.01,15.06323004,"1/22/2024 0:00:00",62,0,0,0,"12/17/2018 0:00:00",0,2,1,2,5,0,11,1,1,"1/22/2024",1,1,"1/22/2024 0:00:00",1,0,0," ",0,0,0,0,1,1,66,0,0,170,80,27.681660899654,1,0,"Stroke (hemorrhagic)",1,1,83.00664386,0,1.3,78,0,0,0,0,1,2,3,4,0,0,20.65092874,1,1,0,0,20.65092874,0.27831469,0,35,0,0,3.11347e-07,441122.6429,164264.6016,314.0775208,73.36910257,0,0,0,0,0,2.30841e-05,57043.4183,65044.74463,82.15092397,33.16555464,29408.71574,32727.37718,62.62600601,20.96882987,6.04902e-07,0.809509497,0.137342124,1.316798332,0.019582918,0.316923966,0.012419395,0.104300044,-0.244100544,1.88332e-05,0.683076034,2595,68,441122.6429,38393.2,0.088013988,61574.21429,0.138821351,4.710925337,17.25333869,0.408383241,4.710925337,17.25333869,0.408383241,0.662670923,16958.19048,0.662670923,16958.19048,1,41147.5,1,41147.5,0.645804469,15748.725,0.645804469,15748.725,1,41147.5,1,41147.5,1.22267102693622,1.22267102657892,71080.00390625,12692.5,11.8875985145569,16.0273533267898,1.92379781428022,207.060437352662,0,1308.58954353192,2.99961221406318,5.59894411049642e-06,1.4130148937878,0.000262679439016467,0,5.18136339835293e-05,0.000262837118827182,3.21993983266329e-05,69814.75,133038.301595052,0.731785885147779,98.2887596231576,16.8064393235037,9.67727570960934e-05,3.54743414094301e-05,0,2081.80291970803,126.252832615678,1.96019926613139,4.0173443284962,69814.75,7794.17267759563,0.918417608848734,0.262351903336275,0.438805155114465,16974.7142857143,0.899295246132895,1.33009189805721,0.493858984792043,4254,0.000107045682982329,6.67308599075984,7949,7.58240919391604,1.21688871189437e-05,1890.80952380952,273.676006369822,0.116374912350508,95368.7677083333,0,0,8.98203427242104,29471.8208007812,12.6351335822481,7.59689974784851,16958.1904761905,0.000182825041290352,0.427976614939287,0,0,0.112469635569734,59.7348916230962,0,5.9992932187377e-05,0.000183106445570396,0.000161303063674362,2.53922934075078e-05,183.006557377049,0,3.27508446305547e-05,145791.95390625,21709.897473997,49206.5,1.21719234740799e-05,0.714581224329136,0.841188449158553,1504.86176259564,3.81147279605282e-05,3.0716754516165e-05,0.000126697551404643,0,0.136725980417217,132.929163388821,2.1440258513194,0,0,0,0,287324,0,0,116.85241103423,4.39170069896918e-06,0.110462043795979,6103.15368949042,7.99069976806641
"H18-17995 - 1",1,2,"11/27/2018",17016765,0,"2/13/1953 0:00:00",0,0,65,"Portugal",61,160,23.828125,"Hypertensive Nephrosclerosis",3,1,15,0,1,2,1.4,55.77765086,1.54,49.74953173,1.68,44.81699404,1.85,39.6740723209737,2.25,30.9807422,-4.34666506048685,0,0,4.18,14.55114895,-6.28073084274343,1,1,0,0,4.18,14.47983091,"11/29/2023 0:00:00",60,0,0,0,"12/5/2018 0:00:00",0,0,2,2,4,27,19,0,1,"11/29/2023",1,1,"11/29/2023 0:00:00",1,0,0," ",0,0,0,0,1,1,72,0,0,170,60,20.7612456747405,1,0,"Stroke (hemorrhagic)",1,0.8,94.02944217,0,1.57,92,1,0,0,1,2,2,5,4,0,0,36.32047687,1,1,1,1,36.32047687,1.26478137,6.25,29,2,0.064516129,1.81111e-07,347432.6724,113666.8457,297.5914653,70.15334778,1.24904e-08,101077.5,5195,163.5177496,5.517749615,1.05544e-05,42952.26036,45415.088,74.78757455,28.57555739,22233.19798,34415.59018,49.8069832,15.64536449,4.37165e-07,0.451731165,0.062923999,0.45333619,0.082980107,0.349351461,0.012628164,0.138802065,-0.272857553,1.1819e-05,0.650648539,1690,70,347432.6724,113134.4828,0.318387276,117155.0357,0.327796832,6.248083408,26.80488568,0.252180425,6.248083408,26.80488568,0.252180425,0.449066501,251718.05,0.449066501,251718.05,0.477170016,1213053,0.477170016,1213053,0.413337929,9365.785714,0.413337929,9365.785714,0.532433166,817206.6667,0.532433166,817206.6667,1.93197383272414,1.9319738342032,85918.1875,91586.6666666667,17.1253729926215,23.7778280578071,1.92710101968419,223.681431530682,0,1127.33347681273,2.76782664675256,6.56076150436374e-06,1.06960446650021,0.00026478452616592,0,5.55458120841568e-05,0.000624711766401755,4.01010327439805e-05,200961,351765.0625,0.761804674283345,100.276261261878,25.2964656253067,0.000191738968079121,3.13074566948179e-05,0,32365.2926829268,116.263914005022,1.85557700793875,3.54022892640147,200961,9593.8674351585,0.936201401456862,0.591687474407449,0.532815844701399,38018.75,0.901644880465156,1.1650564544759,0.770079060755922,14558.5,9.40663023972902e-05,7.28482205173811,22865.8888888889,8.71619694407393,1.06083462650034e-05,4333.25,1377.68715009304,0,0,0,0,7.21248660498026,311443.518568251,12.7964219363128,8.92883978949653,37991.125,0.000149241315868022,0,0.876609389119427,0,0.112310070155658,60.6589347726675,0,5.46060654250745e-05,0,9.32581543572163e-05,2.05511735723141e-05,210.293948126801,0,0,0,24790.3102061337,86572.1111111111,0,0.480174413677556,0.82083054398249,1305.01931239983,3.85967571054554e-05,2.43171360129852e-05,9.32222077105351e-05,0,0,217.841524179645,2.94386346087662,0,0,0,0,418600.692307692,0,0,124.630789956599,4.45530246319732e-06,0.30155455377552,96875.6712890625,0
"H18-19213 - 2",1,2,"12/21/2018",19806256,0,"12/30/1955 0:00:00",0,0,62,"Portugal",72,173,24.0569347455645,"ADPKD",4,2,27,0,1,2,2.2,33.03768957,1.66,46.3219869,1.47,53.59645723,1.28,62.8874397034838,0.93,91.12432495,14.1184426232581,0,0,0.85,95.23959899,8.08803982162905,0,0,0,0,0.85,94.55497612,"2/27/2024 0:00:00",62,1,1,1,"1/11/2019 0:00:00",0,1,2,0,3,0,18,0,0," ",0,0," ",0,0,0," ",0,0,0,0,2,1,65,0,0,170,85,29.4117647058824,1,0,"Stroke (hemorrhagic)",1,0.8,98.21343773,0,1.23,73,0,0,0,1,2,2,5,4,0,0,51.2108,1,1,1,1,51.2108,0.984539215,3.03030303030303,67,2,0.028985507,1.88047e-07,353510.194,178562.3372,283.4474542,89.25129923,5.61336e-09,82545,5448.5,140.6267165,3.623066888,1.37527e-05,39740.47776,43324.19606,74.42078946,30.97016956,23120.69183,28531.52213,61.62735164,19.34506808,3.33995e-07,0.315347514,0.066476676,0.546539701,0.023603721,0.668389,0.003967539,0.121631925,-0.305300121,1.50347e-05,0.331611,4900,119,353510.194,125698,0.332066829,138730,0.353499581,6.973452907,22.8199964,0.305358905,6.973452907,22.8199964,0.305358905,0.362453792,59732.625,0.362453792,59732.625,0.487115734,444371.5,0.487115734,444371.5,0.348499488,18062.1875,0.348499488,18062.1875,0.418271007,226414.375,0.418271007,226414.375,1.94842800411431,1.94842800423618,100985.472265625,78585.5882352941,16.2585508683149,23.1621674966463,1.77687298264966,227.607160133206,0.520570637512743,1227.10564723573,3.03625491411469,7.17691523240283e-06,1.32502753110074,0.000395838865984885,1.99786882184313,9.71092985808788e-05,0.000563130639689059,4.00290027298023e-05,183424.029411765,463429.762350464,0.768896122435736,107.744306321747,22.1364055032044,0.000155276547018185,6.76298641948947e-05,0.653938191982653,21905.0079681275,137.009583281454,2.05593700334236,1.53687184935161,183424.029411765,8439.65482796892,0.913822991768008,0.68951752294998,0.564187506641194,20981.6111111111,0.900250885039056,1.22671009781829,0.839485060470515,14821.2777777778,0.000120265868348036,8.85134290669787,21671.4117647059,10.2713066192262,1.3595728248601e-05,2397.72222222222,1347.59998080283,0.114828642092566,82981.7109375,0.907024837670572,0.000215995875969693,10.3368752872182,259679.685891544,16.4872406749388,10.0538993723252,20959.5277777778,0.000258625636353428,0.519259834152399,0.876235318647362,0.763266349309176,0.112589636610099,61.3985479693966,267.14367281492,7.56959128465743e-05,0.00017106977807787,9.81351955451723e-05,4.00712187488281e-05,159.932297447281,2.52096512696648e-05,3.24523474406938e-05,197516.6796875,22044.6297768942,83225.8823529412,0,0.502537458766865,0.858763074730709,1061.39972153883,6.97030499854375e-05,1.77819591040141e-05,0.000129339815685835,0.918216959810366,0.235866980242892,199.523795120387,2.76745855373791,0,0,0,0,392100.211538462,0,0.492981797674134,134.831577951608,8.0130247099883e-06,0.302571271212316,65406.8834354795,0
"H19-00319 - 1",1,2,"1/8/2019",17025944,0,"12/24/1952 0:00:00",0,0,65,"Portugal",84,164,31.2314098750744,"Diabetic nephropathy",1,1,14,0,2,2,2.9,23.27749622,3.86,16.51616058,4.42,14.03806145,3.69,17.32531802676,0,0,0,1,1,0,0,0,1,1,0,0,3.69,17.21468886,"1/6/2020 0:00:00",12,0,0,0,"1/31/2019 0:00:00",0,2,2,0,4,2,21,1,3,"1/6/2020",1,3,"1/6/2020 0:00:00",1,0,1,"7/20/2020 0:00:00",1,1,0,0,1,1,65,0,0,170,100,34.6020761245675,1,0,"Stroke (hemorrhagic)",1,1.2,67.11141057,0,1.33,80,0,0,0,0,1,2,3,3,0,0,27.38412264,1,1,1,1,27.38412264,0.457948493,0,50,0,0,1.06801e-07,467753.49,220164.0057,324.4377765,100.7013863,0,0,0,0,0,7.31376e-06,75530.91866,172417.5659,95.46411862,41.44393113,55937,32614,63.22438272,10.75534423,2.17875e-07,0.33492429,0.049956703,0.552414728,0.018909749,0.182898977,0,0.090433329,-0.50900915,7.41514e-06,0.817101023,3424,102,487045.1458,222501.7083,0.456347048,225907.1064,0.447840105,8.372843644,27.08498818,0.345398557,8.372843644,27.08498818,0.345398557,0.379514175,124533.4667,0.379514175,124533.4667,0.376668162,959497,0.376668162,959497,0.359182372,17016.15,0.359182372,17016.15,0.420177782,339568.1,0.420177782,339568.1,3.05488117084366,3.05488117190648,147410.750976562,53223.8,17.5026378631592,26.7684714138956,1.72439032077285,233.074833078357,0.573869609581296,847.375244157188,2.87166565567088,7.69764380391639e-06,1.25507941616058,0.000284075228007229,2.72324205383545,6.51191297577678e-05,0.000862021826491593,4.71911315173797e-05,92257.3,986751.154296875,0.778086835158148,111.574731507985,26.972906630541,0.000246711571638303,3.24579671524424e-05,0.608144221081544,42242.3604336043,140.154589924744,1.82369822412946,1.65131456654435,92257.3,8536.72524271845,0.914375661478227,0.685154831131298,0.640102524000936,22398.4615384615,0.900774195416233,1.26793636426918,0.837442919973073,15341.6153846154,0.000146355338024003,9.94147936256186,10540.8,11.02266462967,1.66822436548255e-05,2571.92307692308,1183.92322702009,0.115950635789688,152676.444010417,0.911116973827866,0.000139048154050272,6.96475042890456,254514.60534668,14.3934738222566,7.59441938400268,22376.3461538462,0.000141128222302136,0.592662174422338,0.890899110459141,0.805952948459166,0.113572519747366,71.8469425586061,254.401257858525,8.37818639268495e-05,0.000112077422377743,0.00063319442780627,2.39580815657874e-05,132.306796116505,1.58450776965071e-05,1.92591439339307e-05,782111.697916667,30888.0010531859,28538.4,0,0.358963141304948,0.881770720338847,642.974078407473,4.22869662593074e-05,0.000192489599439261,0.000171076663085346,0.934214260431779,0.359524371385148,108.418533571709,3.86039975876857,20.9922485351562,30.2505609219918,0.960271579965705,2.91554697573371e-06,380735.388888889,0.912680346233439,0.552957232081281,138.475140837874,4.8612973000807e-06,0.416240628782159,256029.284075394,15.3083166642623
"H19-00319 - 2",1,2,"1/8/2019",19272907,0,"5/6/1962 0:00:00",0,0,56,"Portugal",79,160,30.859375,"Undetermined",5,1,16,0,2,2,1.8,43.63107611,1.94,39.88052389,2.15,35.25305664,1.84,42.231891715273,1.83,41.98349604,-0.124197837636501,0,0,2.19,33.42604203,-2.20146242131825,0,0,0,0,2.19,33.27255942,"2/1/2024 0:00:00",61,0,0,0,"1/15/2019 0:00:00",0,2,1,1,4,4,22,0,0," ",0,0," ",0,0,0," ",0,0,0,0,2,1,65,0,0,170,100,34.6020761245675,1,0,"Stroke (hemorrhagic)",1,1.2,67.11141057,0,1.33,80,0,0,0,1,2,2,5,5,0,0,46.26961844,1,1,1,1,46.26961844,1.230716236,4.34782608695652,47,3,0.06,9.75772e-08,427343.7021,188782.9481,314.5674704,89.98196129,6.22833e-09,64952.33333,35519.10638,118.2477751,47.58988354,9.46706e-06,54705.25461,55000.48382,90.17974799,35.69971473,22206.31962,16171.59477,61.48236171,19.58343614,1.99307e-07,0.342829618,0.041698982,0.517897923,0.022121097,0.259428105,0.006494578,0.080515831,-0.370885489,9.68315e-06,0.740571895,4560,96,427343.7021,188811.1702,0.440761417,199783.0682,0.432422321,7.960067612,24.64060632,0.333216608,7.960067612,24.64060632,0.333216608,0.388621542,54708.86538,0.388621542,54708.86538,0.384562199,363895,0.384562199,363895,0.4080738,13900.27778,0.4080738,13900.27778,0.344853963,146528.1875,0.344853963,146528.1875,2.58800692465963,2.588006924168,133310.867647059,81055.7,20.0654275894165,24.7201024791545,1.60674779361259,242.45760661206,0,772.670730137041,2.81895895301781,7.12416220015209e-06,1.20140178398915,0.000272352511041706,0,5.9707201846537e-05,0.000709143859314207,4.20511890513533e-05,174676.45,872548.264820772,0.780973235265792,113.809942307966,24.2249542529063,0.000202664192136183,3.01069233434185e-05,0,35073.6786885246,139.951864809052,1.82840461552059,3.33805099284458,174676.45,9181.83232497839,0.914814361766033,0.625080461879568,0.616895864456022,54738.6923076923,0.899585414448706,1.17186790600794,0.792025758912267,33916.4615384615,0.000139711037732225,9.94225901452858,20081.4,10.7075016428213,1.59043046894059e-05,6199.19230769231,1257.66277746731,0.115308823093824,151122.010416667,0,0,7.43859473616681,321214.15078125,14.9546323295267,9.1744194984436,54708.8653846154,0.000138732782640113,0.597719445626898,0.903147987692347,0,0.113337270688452,74.3369146393839,0,8.06321760126555e-05,0.000102789295265045,0.000314573854762062,2.20115176272963e-05,162.035436473639,0,1.66064393577837e-05,830183.958333333,31801.765279008,73589.1,0,0.392845873221539,0.88238362672632,682.268557782025,3.82142090049138e-05,7.100666177716e-05,0.000153864500276438,0,0.366976229374454,186.753511408315,3.89824126924325,0,0,0,0,382051.8,0,0,177.97949658966,4.38753384009029e-06,0.411123357144896,161237.010199653,0
"H19-04533 - 1",1,2,"3/23/2019",19508593,0,"12/24/1956 0:00:00",0,0,62,"Portugal",71,168,25.15589569161,"Undetermined",5,1,16,0,1,2,1.67,45.98933394,1.73,44.08202752,1.75,43.47816703,1.53,50.7675447759982,1.63,46.47171896,-2.1479129079991,0,0,0,0,0,1,1,0,0,2.72,24.99615797,"11/21/2022 0:00:00",44,1,0,0,"4/1/2019 0:00:00",0,1,1,1,3,4,11,0,0," ",1,6," ",0,1,1,"1/10/2023 0:00:00",4,1,0,0,1,1,64,0,0,170,70,24.2214532871972,1,0,"Stroke (hemorrhagic)",1,1,84.04557832,0,1.35,81,0,0,0,1,2,2,5,4,0,0,47.7917,1,1,1,1,47.7917,0.680401302,10,55,5,0.083333333,2.62178e-07,325848.6364,139919.1514,280.4987812,67.59637658,2.38344e-08,112073.6,53333.5148,160.5893317,45.62090021,1.67508e-05,26952.33281,22989.66338,66.07124683,22.16545676,11335.10276,8594.866784,46.76615664,13.1906112,3.0508e-07,0.49821092,0.085430306,0.451472687,0.037278435,0.306569971,0.011328803,0.189225856,0.217922567,2.0838e-05,0.693430029,3514,64,325848.6364,107415.7818,0.316638826,110646.4151,0.317444003,6.353169848,22.54081522,0.315468288,6.353169848,22.54081522,0.315468288,0.406422265,218940.5417,0.406422265,218940.5417,0.602057184,1482162,0.602057184,1482162,0.355149567,16630.91667,0.355149567,16630.91667,0.457694964,421250.1667,0.457694964,421250.1667,1.76375990749324,1.76375990812477,97310.1768465909,62318.4166666667,13.6875987052917,24.7330780560814,1.61068923689455,217.648413144885,0.672562468000557,1077.1997981918,3.07357458134658,6.78559886175707e-06,1.21278762916184,0.000294296036259376,1.15033591409576,6.63342773170715e-05,0.000656790690190034,3.66187719642409e-05,169748.708333333,370375.042613636,0.769201486485738,97.5900919355941,19.600019557177,0.000196564989521511,3.79112483122862e-05,0.764343444094269,24148.0333333333,115.919943093069,2.03813657867112,2.85332056859703,169748.708333333,7738.5,0.917778328986289,0.587276819918262,0.561866953124895,37940.5555555556,0.896208975676916,1.23425694357454,0.761037289967082,17903.1111111111,0.000133196751616671,7.6751837787174,19550.3333333333,9.05452291170756,1.51000755221752e-05,4244.77777777778,1450.81950218783,0,0,0.89116222762871,0.000338181623528442,7.96461720068925,176239.374023438,13.9946220804649,9.04018298784892,37913.5,0.000167492035244658,0,0,0.76699050285449,0.113282686179395,53.5598887466386,224.356858598083,7.79819042556364e-05,0,9.48868389644295e-05,2.62772061032522e-05,120.364285714286,3.91301245937948e-05,0,0,15577.0119302539,87946.5833333333,0,0.532208382966216,0.848659311570008,1584.97107895739,4.56280335049253e-05,1.90904920895649e-05,0.000162982492058726,0.90216189499619,0,200.797091966578,2.7198849781601,0,0,0,0,352622.84375,0,0.267984095124644,161.417019373258,5.25734304230065e-06,0.30407957802036,0,0
"H19-05840 - 2",1,2,"4/14/2019",11007466,0,"11/6/1960 0:00:00",0,0,58,"Portugal",86,175,28.0816326530612,"Diabetic nephropathy",1,1,32,0,2,2,1.29,64.27073449,1.38,59.27424239,1.61,49.26402185,1.58,50.0762044079805,1.67,46.27624666,-1.89997887399025,0,0,1.63,47.05337204,-0.755708091995125,0,0,0,0,1.63,46.94813984,"3/18/2024 0:00:00",59,1,0,0,"4/22/2019 0:00:00",0,2,1,0,3,4,18,1,0," ",0,0," ",0,0,0," ",0,0,0,0,2,0,62,0,0,160,65,25.390625,0,0,"Head Thrauma",2,0.6,109.1453993,0,1.09,60,0,0,0,1,1,2,4,2,0,0,15.97998931,1,0,0,0,15.97998931,1.658802267,15,37,6,0.139534884,1.42529e-07,544023.8378,271478.3393,353.4628861,116.8668175,2.31128e-08,203913,37864.39908,210.6894055,21.81301822,8.1203e-06,43967.91675,42638.40636,76.76346695,28.07890971,37732.96181,50117.31491,57.86998757,23.80742962,1.73346e-07,0.528452359,0.077539158,0.357032642,0.06167105,0.159786862,0.006358682,0.217176664,-0.146685138,7.44491e-06,0.840213138,2108,45,574599.2714,215998.9714,0.384165517,215998.9714,0.384165517,7.979603857,30.19367153,0.294217163,7.979603857,30.19367153,0.294217163,0.52103799,65148.3,0.52103799,65148.3,0.6776702,491652.5,0.6776702,491652.5,0.491720927,15432.9375,0.491720927,15432.9375,0.638306244,264009.75,0.638306244,264009.75,3.39282492135224,3.39282492365383,135776.962239583,57025.6,15.7881958007813,27.5310146345074,2.00549211093853,202.425534695542,0.677670199506874,888.990267938928,2.89548061331357,8.83522269572047e-06,1.15577993334257,0.000324288756712466,1.90028797765699,8.21764449579887e-05,0.000931764476985763,4.47857982017058e-05,109320.1,835025.288411458,0.791084008059898,95.0883671451687,30.0778282748706,0.000271655290409828,4.93944716460282e-05,0.744550677256156,41655.4426229508,119.541240053849,1.8429986809426,3.98065797904749,109320.1,7710.4535637149,0.926832289993359,0.585451478521483,0.58925861685376,17778.1111111111,0.904760471584565,1.42834453957936,0.76298880056766,9963.22222222222,0.000143088441297197,9.3849232222555,12964,10.3708250952549,1.63596835162778e-05,2015.55555555556,1081.50071311302,0.11472723338437,164322.138494318,0.912861142886741,0.000235141660704708,8.54260837327039,258431.255688477,15.9678013654608,8.95565795898438,17758.9444444444,0.000184208454195609,0.584320529949147,0,0.791915757197628,0.114398867140856,65.6969594211865,287.784641702784,7.75938450205562e-05,9.88491421513106e-05,0.0008325334241068,3.48664016298514e-05,88.1749460043197,2.64108854800562e-05,1.91344490673884e-05,837695.579545455,28123.0233722871,39367.6,2.91598618163955e-05,0.390213026977258,0.820660841030455,711.195513616029,7.32317594075521e-05,0.000299176339778745,0.000162085565687028,0.925478793268637,0.363028288339652,131.457084773508,3.29857413385721,0,0,0,0,445391.3,0,0.359336330785296,123.267685839557,8.46771140990539e-06,0.395595379609322,143310.962890625,0
"H19-07811 - 1",1,2,"5/22/2019",19029209,0,"2/22/1960 0:00:00",0,0,59,"Portugal",64,164,23.7953599048186,"Diabetic nephropathy",1,2,42,0,1,2,1.19,70.36611183,1.27,65.08118361,1.32,62.13426859,0.93,94.0024909492175,1.02,83.09916865,-5.45166114960875,0,1,0.87,96.3541184,0.587906862695625,0,0,0,0,0.87,96.33015118,"3/7/2024 0:00:00",58,1,1,1,"6/3/2019 0:00:00",0,1,1,1,3,0,10,0,0," ",0,0," ",0,0,0," ",0,0,0,0,1,1,54,1,0,160,60,23.4375,1,0,"Stroke (ischemic)",1,0.5,111.3861784,0,1.17,68,0,0,0,1,1,2,4,4,0,0,19.39499997,1,0,0,0,19.39499997,1.717603557,9.52380952380952,39,3,0.071428571,1.36167e-07,235736.4231,129893.1769,228.3530465,85.65367944,1.04744e-08,110628.6667,34307.45082,157.6244487,19.48161092,1.06525e-05,43426.03605,39817.1225,76.42041552,26.37650768,19786.27059,19857.49837,54.44312365,14.80382994,3.45656e-07,0.441084066,0.032099618,0.462595034,0.045812867,0.364475165,0.012230378,0.069390322,-0.01788392,1.26958e-05,0.635524835,3051,99,264666.0294,86657.14706,0.311543829,92893.09677,0.314565402,6.753846272,30.27689642,0.242480476,6.753846272,30.27689642,0.242480476,0.462852085,53174.35484,0.462852085,53174.35484,0.529814588,423650,0.529814588,423650,0.431919937,13327.77273,0.431919937,13327.77273,0.538464003,150577.1111,0.538464003,150577.1111,1.98358577171584,1.98358577170569,105907.765625,63004.7142857143,15.0561840193612,26.2545486011139,1.81585146707328,212.24159093679,0.645266269929774,1055.22881273094,2.67624435466693,8.25258682697264e-06,1.1759356054541,0.000360416838560735,2.7295431268877,7.18987190253761e-05,0.000586201638774747,5.24584105597635e-05,158244.19047619,520157.3125,0.762573787846066,96.3842209111163,26.1021882629462,0.000168103606702903,3.65369620826976e-05,0.770914779182046,26747.276119403,119.759967893471,1.71167542463745,2.97479431661516,158244.19047619,8371.83590462833,0.923446457043544,0.485573340108166,0.581115084016703,31598.1379310345,0.90210519248046,1.21271466826712,0.69306433996164,13700.4827586207,0.000136524379171219,9.6535189977702,17991.6666666667,10.7064456334755,1.54856775173464e-05,3577.65517241379,1221.68800984011,0,0,0.901322136830989,0.000260699567361998,7.57210279434266,207222.967259725,14.9006501966272,9.13606627782186,31572.9827586207,0.000183153977469496,0,0.886856556679907,0.822072703289665,0.113128707518314,61.3455782224376,205.715395919556,8.19661859668382e-05,0,0.00408965061812836,2.59840005310937e-05,133.246844319776,3.15508784949961e-05,0,0,23264.6026910383,77293.8571428571,0,0.503612084480325,0.821020304746504,1212.83644082231,4.99900535009319e-05,0.00208924378431361,0.000142969733227819,0.916141694457887,0,179.184143229311,2.86618490083277,0,0,0,0,304493.928571429,0,0.286366026384976,128.780268901242,5.64199797594279e-06,0.268482165847199,79490.4249549279,0
"H19-07811 - 2",1,2,"5/23/2019",19801515,0,"10/10/1957 0:00:00",0,0,61,"Portugal",68,174,22.4600343506408,"Diabetic nephropathy",1,2,51,0,1,2,0.92,94.63951367,1.2,68.80189458,1.14,73.16983422,1.24,65.7371486927197,1.07,77.49154802,5.87719966364015,0,0,1.34,58.42343621,-1.82842812067993,0,0,0,0,1.34,58.37258895,"11/30/2023 0:00:00",54,1,1,1,"6/6/2019 0:00:00",1,2,2,1,5,0,21,0,0," ",0,0," ",0,0,0," ",0,0,0,0,2,1,54,1,0,160,60,23.4375,1,0,"Stroke (ischemic)",1,0.5,111.3861784,0,1.17,68,0,0,0,1,1,2,4,4,0,0,19.9860271,1,0,0,0,19.9860271,0.659936676,16.6666666666667,80,16,0.166666667,1.81342e-07,284342.2813,133003.4144,252.1215009,85.54581385,3.62683e-08,158831.9063,59375.1684,193.8881212,47.90246809,1.50242e-05,41112.56329,40539.79013,76.7583925,27.88935908,24155.40443,22064.84514,56.31229884,16.02594873,3.78551e-07,0.52222336,0.051563102,0.617681589,0.015247387,0.249831233,0.006957766,0.08347845,0.049787155,1.3816e-05,0.750168767,6628,167,306659.7432,72668.78378,0.24472928,75962.55714,0.245489638,5.509793858,30.84326814,0.20231184,5.509793858,30.84326814,0.20231184,0.4849895,49043.43939,0.4849895,49043.43939,0.606928422,527703.5,0.606928422,527703.5,0.466472517,15382.65217,0.466472517,15382.65217,0.527578559,126463.25,0.527578559,126463.25,1.71726772608165,1.71726772606833,107385.856534091,74974.6756756757,15.1112093281102,30.1782810645016,1.77305356423492,232.229847148007,0.606928422481347,2230.09547155199,3.00730976455726,5.86221725350967e-06,1.20352782041434,0.000266389365206137,1.47020970693605,5.08260853070717e-05,0.000440515861615016,3.91673444035894e-05,185312.432432432,289595.117897727,0.758003060388795,104.296821663985,28.5622396678442,0.000124758010533538,3.25465248025778e-05,0.731732077623162,11903.592920354,133.003561084072,1.96728396459745,4.3273450209111,185312.432432432,9166.79942279942,0.9178832829118,0.476002301714609,0.504128705885158,34112.5625,0.900581606845459,1.26950592841687,0.681572146134322,14754.78125,0.000125998804580138,10.4369365095576,21110.2162162162,11.4044673210752,1.42387249495779e-05,3913.34375,1169.22135284161,0,109751.890625,0.90227995874193,0.000159308750496885,8.32734305039599,229438.241501267,13.0604867476583,9.25807794042536,34085.3125,0.000170135942805469,0.493346318711688,0.849626826192877,0.725183873320289,0.11257565205794,63.5941896361763,336.752134365916,7.93768082180676e-05,0.000147170682795216,9.99368508610518e-05,2.78823042001106e-05,162.481962481962,1.77990071106584e-05,2.12670912230251e-05,270268.125,23842.0590889245,89287.6756756757,0,0.532437953634265,0.857529411301311,1449.19367367136,4.62565110344712e-05,1.95363484777112e-05,0.000106432949365163,0.910706101775873,0.256382790005868,195.203183493104,2.63443452215625,0,0,0,0,341564.379310345,0,0.3269126192989,150.171218872334,5.30973347982718e-06,0.184182225535242,23489.7886488173,0
"H19-09323 - 1",1,2,"6/19/2019",18025908,0,"5/25/1954 0:00:00",0,0,65,"Portugal",72,165,26.4462809917355,"Chronic glomerulonephritis (unspecified)",2,1,61,0,1,2,3.24,20.37791987,2.65,25.93694455,3.07,21.73941293,3.39,19.1810870758568,0,0,0,1,1,0,0,0,1,1,0,0,4.16,14.90427242,"6/21/2021 0:00:00",24,0,0,0,"8/14/2019 0:00:00",0,2,2,0,4,8,28,1,1,"8/5/2021",1,1,"8/5/2021 0:00:00",1,0,0," ",0,0,0,0,1,1,71,1,0,160,55,21.484375,1,0,"Stroke (hemorrhagic)",1,0.6,95.90284574,0,1.61,93,1,0,0,1,1,2,4,4,0,0,89.2917,1,1,1,0,0,1.091639339,20,24,5,0.172413793,3.04305e-07,244522.8958,143361.3682,229.798486,90.19763958,6.33969e-08,130601.1,46114.47256,172.7685929,21.65209745,1.37444e-05,36009.69419,31841.60125,73.73922687,27.23724928,30317.27248,42634.80304,58.60960504,18.78736591,1.90191e-07,0.484502173,0.074409579,0.49493343,0.003281976,0.244509215,0.019760802,0.1503426,-0.236074478,9.61469e-06,0.755490785,1084,15,266532.25,64701.18182,0.253810027,68955.9,0.247558052,5.16475029,24.79745954,0.308329562,5.16475029,24.79745954,0.308329562,0.493277166,18249.41667,0.493277166,18249.41667,0.253531433,38338,0.253531433,38338,0.541226313,14231.7,0.541226313,14231.7,0.253531433,38338,0.253531433,38338,1.79427625688386,1.79427625655132,141604.109375,44462.625,14.0668609142303,21.6588375366944,1.98786401877241,196.32641847436,0,1374.56169402181,2.71478517369616,6.70875782654204e-06,1.31249275648301,0.000300172571840781,0,5.50433564644897e-05,0.000683802847556785,4.10634341619918e-05,97582.8125,578621.125,0.780042773279724,91.8710796029442,19.9359098316284,0.000220034214568868,2.81958972759012e-05,0,27850.8032786885,112.121156865247,1.68960179304885,3.81939698118197,97582.8125,8618.63481953291,0.928750723101731,0.470876642558999,0.600987353499076,18268.6666666667,0.903092519763828,1.21416535556756,0.661024777178421,9688.83333333333,0.000164864812018059,10.1214811918336,11468.625,11.0835697299144,1.88451795419686e-05,2083.16666666667,1233.75590338303,0,0,0,0,6.96692178616261,160543.728711128,13.5987517407139,8.76724946498871,18249.4166666667,0.00015375981515173,0,0,0,0.113435253575792,57.4565564995608,0,9.08551022995668e-05,0,0.00270501345480286,2.25899108849987e-05,111.832271762208,0,0,0,20852.3741127349,41702.25,0,0.416744391480979,0.814335040083798,1347.62070515963,4.45794993256159e-05,0.00147029567702684,0.000159183975201049,0,0,134.69858289895,2.80349301080956,0,0,0,0,294534.678571429,0,0,130.475966161589,5.20976216519067e-06,0.258365670034359,91528.4583333333,0
"H19-10049 - 1",1,2,"7/4/2019",19038428,0,"8/22/1955 0:00:00",0,0,63,"Portugal",62,165,22.77318640955,"Undetermined",5,2,27,1,2,1,1.93,38.4190929,1.84,40.68501589,1.86,40.16061405,1.59,48.1768411363712,1.6,47.22466388,-0.4760886281856,0,0,1.5,50.39661055,0.554942353407199,0,0,0,0,1.5,0,"3/16/2025 0:00:00",57,0,0,0,"7/12/2019 0:00:00",0,1,1,1,3,0,25,0,0," ",0,0," ",0,0,0," ",0,0,0,0,1,0,77,0,0,170,84,29.0657439446367,0,0,"Head Thrauma",2,0.8,91.15045097,0,1.23,74,0,0,0,2,1,2,5,2,0,0,13.41581955,0,0,0,0,13.41581955,1.919014027,25,17,6,0.260869565,9.84174e-08,360666.1765,183133.4647,285.7637729,100.289617,3.47356e-08,107170.8333,34326.01622,157.9018573,35.62775319,9.78964e-06,45176.26523,45839.57897,77.56796575,28.45164881,32900.27643,38386.37881,60.23826387,18.96777996,2.66306e-07,0.396770304,0.035495828,0.442259229,0.052197822,0.399489975,0.016630717,0.080260231,-0.130344825,1.07967e-05,0.600510025,1691,46,383196.4688,128655.8125,0.326738038,128655.8125,0.326738038,6.930287833,22.8333045,0.392686102,6.930287833,22.8333045,0.392686102,0.453776749,26133.84615,0.453776749,26133.84615,0.592415896,128011,0.592415896,128011,0.428613904,15311.31818,0.428613904,15311.31818,0.592172399,85657.75,0.592172399,85657.75,2.43301156234585,2.43301156318513,92863.2473958333,153,2.19689989089966,19.6690347906386,1.89041813533091,187.662987646844,0,113.511194029851,2.99994192338941,1.08216051605503e-05,1.33026232331964,0.000439582685634897,0,0.000133138728285131,0.000921297309754446,6.3627032936275e-05,181.5,411042.764322917,0.785349902442195,88.5803130200628,21.3297113331206,0.00026749287889235,8.02292725272796e-05,0,26128.59,110.753309185959,2.12772093817294,4.13698751825805,181.5,6769.29739776952,0.923926384802719,0.604345983654314,0.58421639284643,26150.0769230769,0.901666346433109,1.55197424431386,0.782189594958475,13434.1538461538,0.000163405613431106,9.04321412851081,18,10.0198849844933,1.87243105828403e-05,2986.15384615385,1116.97156723146,0.114980564276653,142591.0078125,0,0,12.7759590897158,203.99690246582,21.6514552125761,2,26133.8461538462,0.000260460094461182,0.604841018439761,0,0,0.114196756821663,57.2389447223398,0,9.06328690805055e-05,0.000107193058565891,0.0120049174366101,3.86584600793258e-05,75.8921933085502,0,1.64430488898513e-05,707690.40625,20390.7037220844,12,2.95373942280781e-05,0.0655737704918033,0.11352166641856,862.94188261134,7.28514346771641e-05,0.00728586397535814,0.000212432456736621,0,0.36370276131223,30.0665927567458,1.3333130880119,0,0,0,0,245225.875,0,0,131.898852473002,8.32196172933887e-06,0.327413501990777,77830.3110525949,16.9136975606283
"H19-10049 - 2",1,2,"7/3/2019",16024033,0,"11/10/1949 0:00:00",0,0,69,"Portugal",77,175,25.1428571428571,"Chronic glomerulonephritis (anti-GMB)",2,2,32,0,2,2,2.53,26.74639207,2.41,28.35237085,2.94,22.33536405,2.54,26.4550364614982,2.19,31.21575701,2.3803602742509,0,0,2.01,34.17193134,1.92922371962545,0,0,0,0,2.1,0,"3/6/2025 0:00:00",55,0,0,0,"7/24/2019 0:00:00",0,2,2,2,6,0,22,0,0," ",0,0," ",0,0,0," ",0,0,0,0,2,0,77,0,0,170,84,29.0657439446367,0,0,"Head Thrauma",2,0.8,91.15045097,0,1.23,74,0,0,0,0,2,2,4,1,0,0,35.46019642,1,1,1,1,35.46019642,0.344559491,0,34,0,0,1.64494e-07,346603.7941,144457.6902,289.1434191,84.77545235,0,0,0,0,0,1.05711e-05,45008.12517,45282.53325,79.39874707,27.81440727,23488.51148,28608.72726,61.4784662,16.9599443,2.75769e-07,0.345900324,0.057014187,0.475787544,0.049643632,0.518630462,0.00517119,0.119831188,-0.404058049,1.2778e-05,0.481369538,2185,57,356745.5455,169518.4545,0.482806979,177829.6452,0.475392098,7.231612435,22.98935269,0.339762621,7.231612435,22.98935269,0.339762621,0.384354792,82888.21429,0.384354792,82888.21429,0.549784085,261485.5,0.549784085,261485.5,0.308283231,13757.125,0.308283231,13757.125,0.48578354,175063,0.48578354,175063,2.35183245716206,2.35183245807097,124978.092447917,95757,19.6396066492254,21.7674822409347,1.70736312505694,211.330661588634,0.549784084910926,1026.42410213271,2.72518834557369,8.61000235680859e-06,1.1584791262767,0.000326680764976223,1.95091969642373,8.43236137767987e-05,0.000782690894289036,4.51284624990102e-05,170962.227272727,974408.010416667,0.779265874895994,99.8752280403892,21.4030892813164,0.000236487159068442,3.37914774028794e-05,0.638924842160824,32876.0709677419,120.662330875791,1.70675103125154,3.88461911982327,170962.227272727,7700.79534109817,0.916068952107009,0.666168971283047,0.670700658852409,53147.8333333333,0.899855344118026,1.15605929321543,0.831614351717135,31554.1666666667,0.000157355955919909,9.81061399716902,19602.7272727273,10.4897536370062,1.79361148369473e-05,6041.33333333333,1329.32376590315,0,110680.5765625,0.904486272951011,0.000276138640818707,6.52788457782851,395900.655095881,16.2497741925166,9.08555403622714,53122,0.000131385862196871,0.575352998266697,0.895478990864946,0.786372976950987,0.113855659807365,63.8836564148391,216.448608219134,8.69478883795032e-05,0.000152745380273581,0.000207400103476173,2.28545361144277e-05,105.199667221298,3.13398231844224e-05,2.85170835369612e-05,533309.59375,22973.5513245033,55665.1818181818,0,0.337980035301172,0.872025818399272,639.597828382584,4.04319424420282e-05,4.23144983906931e-05,0.000182389750074838,0.923120037263187,0.350277695109997,185.815050520615,3.8444694153798,0,0,0,0,430919.5,0,0.473135053087567,184.751687365847,4.66201995791154e-06,0.473887086939709,191388.846614583,0
"H19-11364 - 2",1,2,"7/30/2019",19355139,0,"3/27/1957 0:00:00",1,0,62,"Portugal",77,162,29.3400396281055,"Undetermined",5,1,16,0,2,2,1.7,33.6965415,1.64,35.1812622,1.5,39.15746094,1.49,39.2283015069539,1.3,45.63404736,3.20287292652305,0,0,1.24,47.69940637,2.11777621576153,0,0,0,0,1.24,0,"3/16/2025 0:00:00",54,0,0,0,"8/14/2019 0:00:00",0,1,1,1,3,2,23,0,0," ",0,0," ",0,0,0," ",0,0,0,0,2,1,76,1,0,160,69,26.953125,1,0,"Stroke (ischemic)",1,0.7,89.57612681,0,1.63,94,1,0,0,1,2,0,3,4,0,0,45.4993,1,1,1,1,45.4993,0,8.33333333333333,22,2,0.083333333,1.32925e-07,353225.7273,123290.6226,289.8409286,61.75692604,1.20841e-08,19418.25,18102.25,49.44157002,40.49729811,9.83043e-06,58327.35495,55270.82549,91.48210099,30.49053977,26843.85413,27074.15526,60.76103653,17.87972962,3.20229e-07,0.388065995,0.046952636,0.573382985,0.017848968,0.344919102,0.003231898,0.08188704,-0.587394801,1.09204e-05,0.655080898,1627,53,353225.7273,146684.0909,0.405812717,146684.0909,0.405812717,7.566159923,22.94827653,0.27747295,7.566159923,22.94827653,0.27747295,0.341079741,87660.15,0.341079741,87660.15,0.444245148,340086,0.444245148,340086,0.318464744,20587.42857,0.318464744,20587.42857,0.393848068,244163.1667,0.393848068,244163.1667,2.08563726427517,2.08563726503475,101425.9453125,96182,21.0232570648193,20.8980535602441,1.76564849378722,240.646705591314,0,832.415431739171,3.18769716797733,7.55377514271327e-06,1.20128216376407,0.000319600471650943,0,6.99605321591176e-05,0.000514680905851702,5.28013711008601e-05,221144.1,312041.9375,0.790245038522294,110.094211547344,21.5839590531372,0.000142578349596932,4.44917334133311e-05,0,46148.2388059701,134.850993858693,2.06597751584148,2.15253101636142,221144.1,9881.86940966011,0.922293688279445,0.67391279603747,0.540674024915957,87692.8,0.903972874884966,1.22047734629756,0.831445648822633,53974.4,0.000113784457491462,10.131620573443,25420.4,10.5065844236915,1.29196443403457e-05,10101.7,1205.46169531305,0,0,0,0,9.90848437637102,354309.2140625,15.6275969596386,11.111939239502,87660.15,0.000200342218580696,0,0.876873973600298,0,0.112937784866922,69.1462140437622,0,6.40817498736221e-05,0,0.000105934221905984,2.98626466030559e-05,161.32915921288,0,0,0,28899.6970588235,99625.6,0,0.463678476567813,0.874591274054384,577.996159954316,5.86163247687905e-05,1.85421101484789e-05,8.82853018846525e-05,0,0,217.062984121224,3.71784688535249,0,0,0,0,353219.5,0,0,232.23091637203,6.7394627320053e-06,0.266031510840238,356005.942708333,0
"H19-16473 - 2",1,2,"11/5/2019",2002674,0,"5/20/1955 0:00:00",1,0,64,"Portugal",53,159,20.9643605870021,"ADPKD",4,1,55,0,1,2,1.2,50.54806367,0.98,64.45412668,1.11,55.50529876,1.06,58.2980425946335,0.9,70.06933326,5.88564533268325,0,0,1.02,59.55205808,0.313503871341625,0,0,0,0,1.05,0,"3/16/2025 0:00:00",50,1,1,0,"11/20/2019 0:00:00",0,1,1,2,4,2,24,0,0," ",0,0," ",0,0,0," ",0,0,0,0,2,1,76,0,0,170,75,25.9515570934256,1,0,"Stroke (hemorrhagic)",1,1,78.00146846,0,1.58,92,1,0,0,1,1,2,4,4,0,0,21.68220359,1,1,0,0,21.68220359,0.254373544,6.12244897959184,93,7,0.07,2.31043e-07,355643.543,211644.2704,270.1473297,116.3642817,1.73903e-08,68862.78571,19921.39504,120.2460834,36.38515379,9.27899e-06,45765.68072,49104.9664,77.41791907,25.89176208,26277.63216,29060.83403,55.77875862,12.80482591,1.34154e-07,0.376110122,0.082169014,0.424659387,0.007703579,0.431427435,0.001598735,0.193493929,-0.331618385,9.75625e-06,0.568572565,3735,54,393704.756,122334.3452,0.311114933,127063.4625,0.310934478,6.470773207,20.424479,0.330855492,6.470773207,20.424479,0.330855492,0.357921451,23419.03333,0.357921451,23419.03333,0.64341411,105326,0.64341411,105326,0.324463066,11675.95833,0.324463066,11675.95833,0.491754988,70391.33333,0.491754988,70391.33333,1.79239423951466,1.79239423900773,100182.361002604,70424.0333333333,13.0589153409004,19.0595662574889,1.92702673022483,210.830839369765,0,1838.78909555574,2.89955874324727,4.5645767565651e-06,1.28935770412986,0.000206878966667112,0,4.00716887181478e-05,0.000407862737521032,2.81816155098942e-05,259539.633333333,400655.013020833,0.732709693002789,96.5169730062051,20.6479179056742,0.000118949351361558,2.43307774476937e-05,0,32030.8214285714,116.598218721522,1.71346396021942,2.39486323424694,151134.283333333,8516.62073027091,0.932132532490207,0.612915620786837,0.530063572533057,23442.7333333333,0.900681798981133,1.24174929233245,0.774137286651712,11813.2,0.000109835650687348,6.69085100430061,17197.6333333333,8.30029158932822,1.24201431329598e-05,2686.46666666667,1477.86973196443,0,139977.662109375,0,0,6.76883052276993,223738.734227244,11.2849981349672,6.63638300895691,23419.0333333333,0.000125332256120487,0.523730610497706,0.857073845236535,0,0.111774791622883,68.461799330791,0,5.91683078530992e-05,7.55506597848471e-05,0.00572087458497887,1.8035219711918e-05,191.224970553592,0,1.24507919028487e-05,489905.38671875,29010.6548376297,63559.0333333333,0,0.3852155465047,0.817378671206699,1602.48589383445,3.01550479363917e-05,0.00279273471924187,0.00012819357422685,0,0.266752060222442,149.871671382027,2.53190298871585,0,0,0,0,384942.081081081,0,0,132.06480155088,3.44449902686705e-06,0.248382608913682,146037.851283482,0
"H19-18272 - 1",1,2,"12/3/2019",93000490,0,"6/22/1959 0:00:00",0,0,60,"Portugal",65,171,22.2290619335864,"Chronic glomerulonephritis (IgA)",2,1,15,1,3,1,1.71,45.26093984,1.74,44.32612862,2.03,36.84034213,1.45,54.8247032955789,1.34,59.52372745,2.34951207721055,0,0,1.47,52.60573109,-0.554743051394725,0,0,0,0,1.47,0,"3/16/2025 0:00:00",52,1,0,0,"12/10/2019 0:00:00",0,2,2,2,6,2,25,0,0," ",0,0," ",0,0,0," ",0,0,0,0,1,1,75,1,0,160,70,27.34375,1,0,"Stroke (ischemic)",1,1.1,52.40101671,0,1.73,96,1,0,0,0,1,2,3,3,0,0,9.884021453,0,0,0,0,0,0.230577995,0,119,0,0,2.76292e-07,301833.2017,138459.2036,262.3963853,81.4110487,0,0,0,0,0,1.60575e-05,37718.73417,37574.61963,71.36955747,23.71050464,0,0,0,0,3.57555e-07,0.583212734,0.083394224,0.605667252,0.019870816,0,0,0.137689834,-0.288347758,1.63338e-05,0,6916,154,309454.7457,18846.2069,0.06132638,31182.5,0.120930846,4.465156556,25.74032735,0.210434719,4.465156556,25.74032735,0.210434719,0.641026037,108182.6563,0.641026037,108182.6563,0.989359174,605466,0.989359174,605466,0.51554952,12510.625,0.51554952,12510.625,0.766502553,203854.6875,0.766502553,203854.6875,1.32441464667292,1.32441464677969,95920.165625,30975.2647058824,9.50574651886435,26.0835753715847,1.86998911224686,220.451440475192,0.955909274048283,1606.71207469893,3.00826224126603,4.26948849524643e-06,1.39321144854006,0.000190466445520102,1.51924539969719,3.52501646678906e-05,0.0002343440824355,2.17693989053752e-05,137891.441176471,81260.4580078125,0.750483238998977,99.3064515493074,25.6548187879181,8.37091929582632e-05,2.75704090275093e-05,0.935933261532269,7208.81052631579,116.823896902064,1.74849437910427,6.25011701510122,137891.441176471,9236.10536044362,0.928132031274165,0.213835840061568,0.410801316305941,60924.1428571429,0.902283379962169,1.24332826232835,0.462466553373241,8607.42857142857,0.000115216574228814,10.3053688650431,15668.7058823529,11.2947707477369,1.29135370573096e-05,6992.57142857143,450.07836741643,0,0,0.898011912105112,0.000213364489546399,7.95598199145879,65292.907459259,10.219505082133,9.07136430459864,60897.7142857143,0.000148464015904141,0,0,0.713580727914073,0.110219947703224,65.1364008684196,292.420514980931,6.86660125708426e-05,0,0.000165559516604971,2.64181772711534e-05,244.027726432532,2.41309069066581e-05,0,0,25710.3531981825,91305.3529411765,0,0.693668336751084,0.800211825502105,1453.19969554108,4.46995130004393e-05,6.48752731513877e-05,8.443802228473e-05,0.906670896890001,0,171.151562403239,1.83191000751201,0,0,0,0,360507.773333333,0,0.0695784102393621,184.413827464573,5.08686184829903e-06,0.0452350451901893,11822.5478930473,4.39379978179932
"H19-18272 - 2",1,2,"12/3/2019",15053370,0,"1/17/1961 0:00:00",1,0,58,"Portugal",65,162,24.7675659198293,"ADPKD",4,1,33,0,1,2,1.24,50.44545487,1.33,46.37736773,1.51,39.82499481,1.29,47.8100727684365,1.5,39.4017518,-4.20416048421825,0,0,1.3,46.20521591,-0.401214214609125,0,0,0,0,1.3,0,"3/16/2025 0:00:00",54,0,0,0,"12/10/2019 0:00:00",0,1,2,1,4,10,25,0,0," ",0,0," ",0,0,0," ",0,0,0,0,2,1,75,1,0,160,70,27.34375,1,0,"Stroke (ischemic)",1,1.1,52.40101671,0,1.73,96,1,0,0,1,1,2,4,3,0,0,10.68498865,0,0,0,0,10.68498865,0.321635414,2.27272727272727,88,2,0.022222222,2.39462e-07,334344.0682,134332.4282,276.1435488,72.32472242,5.44232e-09,48348.25,5190.75,106.1324673,4.289450831,1.65283e-05,36850.24695,34432.65187,77.43128519,27.10930373,17583.1926,16039.83386,54.79477751,16.5739767,4.40828e-07,0.536869206,0.080062718,0.609072828,0.017850757,0.322325085,0.022186847,0.131450156,-0.193423314,1.73221e-05,0.677674915,6074,162,345605.5588,58209.71765,0.168515076,63921.81081,0.180923443,4.955176624,23.26901617,0.2549932,4.955176624,23.26901617,0.2549932,0.513603121,85636.75,0.513603121,85636.75,0.761265394,481150,0.761265394,481150,0.430991802,14910.21429,0.430991802,14910.21429,0.629258967,184653.9,0.629258967,184653.9,1.45450497035511,1.45450497059513,120351.5546875,91053.0571428571,14.9106098311288,23.1425866444317,1.58994299982646,233.321074407442,0.730951069299809,1608.87604731609,2.95624981942564,4.26245930110673e-06,1.15611596944164,0.000165430670544974,1.56049221943243,3.09231563718007e-05,0.00036961185374621,2.62998925182912e-05,226807.857142857,245606.5625,0.764856130212446,107.680281031448,21.1254825407077,0.000119000541705756,2.07440680504044e-05,0.80118608983832,7677.28155339806,137.171802965546,1.83465372701318,4.58475486429149,226807.857142857,8616.03807303807,0.915305860238,0.393882178670918,0.478828601450182,35174,0.896300817766321,1.27842386767715,0.589358591937263,12325.9,0.00011747864943638,9.78410817822839,25903.3142857143,11.0189070007176,1.3322556642972e-05,4090.5,806.568386190805,0,115905.52734375,0.892057102914794,0.000355470949007579,6.79214040224368,263106.713643973,10.1125859378519,9.82533937181745,35153.25,0.000111176909071298,0.438315907258055,0.844238116641473,0.734836526853038,0.112519800408299,62.0243089327222,199.007537545692,7.55114783245986e-05,0.000176443078453272,0.00010298738406907,2.11919879815321e-05,198.240093240093,3.99781560461892e-05,3.36120821302733e-05,92440.01953125,20507.7386091127,109923.514285714,0,0.529088401108679,0.83095744310792,2006.08558735566,3.84507821591224e-05,2.24302915292701e-05,0.000101051912248677,0.900654653522567,0.119112585779932,224.49097198255,2.62385388860333,0,0,0,0,387467.88372093,0,0.215752529111055,166.927957327867,4.35078629252757e-06,0.12024324805867,11480.7784423828,0
"H20-02897 - 1",1,2,"2/14/2020",19292924,0,"12/1/1951 0:00:00",0,0,68,"Portugal",61,162,23.2434080170706,"Other",6,1,24.9666666666667,0,1,2,1.95,36.78487681,2.12,33.27421408,1.99,35.89939651,2.01,35.2512533680444,1.33,57.14600142,10.9473740259778,0,0,1.51,48.46558563,3.3035830654889,0,0,0,0,1.51,0,"12/30/2025 0:00:00",51,0,0,0,"2/21/2020 0:00:00",0,1,2,2,5,4.17,18,0,0," ",0,0," ",0,0,0," ",0,0,0,0,1,1,69,1,0,160,75,29.296875,0,0,"Anoxia",5,0.8,79.70930029,0,1.19,70,0,0,0,1,2,2,5,4,0,0,52.9647,1,1,1,1,52.9647,0.246024434,12.962962962963,94,14,0.12962963,2.94474e-07,260279.1436,117847.791,240.0304912,71.11626295,4.38578e-08,89059,33763.29126,151.2441666,33.04956139,1.32513e-05,43624.34669,46886.72128,77.34001751,28.19623381,19470.7731,20576.56247,53.76371509,17.41715615,3.85322e-07,0.500539112,0.076645362,0.578080022,0.033687468,0.320960046,0.02526588,0.132586077,-0.580149754,1.50412e-05,0.679039954,4230,123,268315.7143,76120.16484,0.28627369,81997.90244,0.285055297,6.556762509,20.53784897,0.38657784,6.556762509,20.53784897,0.38657784,0.399690372,154183.5606,0.399690372,154183.5606,0.487761444,1889383,0.487761444,1889383,0.309618726,13565.2381,0.309618726,13565.2381,0.557315752,400265.625,0.557315752,400265.625,0,0,0,0,0,0,0,0,0,0,0,0,0,0,0,0,0,0,0,0,0,0,0,0,0,0,0,0,0,0,0,0,0,0,0,0,0,0,0,0,0,0,0,0,0,0,0,0,0,0,0,0,0,0,0,0,0,0,0,0,0,0,0,0,0,0,0,0,0,0,0,0,0,0,0,0,0,0,0,0,0,0,0,0,0,0,0,0,0,0,0,0,0,0,0,0
"H20-04374 - 1",1,2,"3/6/2020",19709165,0,"5/25/1961 0:00:00",1,0,58,"Portugal",73,176,23.566632231405,"ADPKD",4,1,42.5666666666667,0,3,1,1.3,47.66460978,1.54,38.895844,1.19,52.9994925,1.37,44.4797539804034,0.97,66.48121696,11.0007314897983,0,0,1.29,46.63536437,0.538902597399149,0,0,0,0,1.29,0,"3/16/2025 0:00:00",49,0,0,0,"3/13/2020 0:00:00",0,1,2,2,5,0,24,0,0," ",0,0," ",0,0,0," ",0,0,0,0,1,1,64,1,0,160,70,27.34375,1,0,"Stroke (hemorrhagic)",1,1.2,50.54806367,0,1.48,89,1,0,0,1,2,2,5,3,0,0,25.50621462,1,1,1,1,25.50621462,4.602240522,5.88235294117647,64,4,0.058823529,1.77092e-07,445600.0234,249451.2327,318.3117759,109.1072618,1.10683e-08,91206.75,4913.655875,143.4766837,6.55295651,1.21557e-05,47907.13487,44787.0008,81.97079389,29.94769647,0,0,0,0,3.12678e-07,0.493065901,0.07891229,0.582345692,0.020595306,0,0,0.135507639,-0.094053214,1.23439e-05,0,4393,113,471215.9667,112953.1333,0.236462456,121665.1481,0.24534384,6.204401949,22.17072084,0.331462147,6.204401949,22.17072084,0.331462147,0.534313541,54075.59091,0.534313541,54075.59091,0.583350961,161271.5,0.583350961,161271.5,0.590556561,19165,0.590556561,19165,0.435888255,115169.125,0.435888255,115169.125,1.58416336806907,1.5841633674768,110873.398925781,44493.3333333333,10.4842391331991,21.1322283132288,1.77177429395318,231.823364040546,0,1534.02648401851,2.88120776444834,3.40177328481415e-06,1.13471180465045,0.000150798999415759,0,2.57566036805566e-05,0.000309099392256153,2.18529604295942e-05,145678.333333333,457271.034179688,0.710705241840726,107.995591421876,22.6537706074932,9.58311965704366e-05,1.46489736816733e-05,0,9135.91031390135,133.624453882567,1.75647503984904,4.15755328537842,145678.333333333,8954.85515320334,0.911991152286864,0.384981278951917,0.546629348247198,54113.4545454545,0.89722385582685,1.19934817550086,0.59532819195864,22093.6363636364,9.41026635473283e-05,6.047770536931,16722.2666666667,7.23390779794599,1.05971583717489e-05,6162.45454545455,896.637098652144,0.117104782697854,117045.657552083,0,0,5.20500553844718,98203.4544433594,9.1497946730977,6.8623264948527,54075.5909090909,8.59774047662257e-05,0.488003868996141,0.826505673413145,0,0.110921985200592,68.6760169531545,0,5.17806164333362e-05,0.00011257197325416,0.000130561174346745,1.35435531281446e-05,246.017641597029,0,1.95162934190731e-05,315748.57421875,27258.2621990891,84511.9333333333,0,0.615766249890054,0.80794930666726,2002.01011203266,2.0414767808212e-05,3.35498791207137e-05,0.000110830484241655,0,0.212053160193512,171.431796101785,2.00582033636149,0,0,0,0,392108.071428571,0,0,212.407213936032,2.32693614821658e-06,0.242907094510135,16219.7752685547,0
"H20-04374 - 2",1,2,"3/6/2020",19209543,0,"10/27/1960 0:00:00",0,0,59,"Portugal",65,173,21.7180660897457,"ANCA vasculitis",2,2,36.1666666666667,0,1,2,1.48,54.16339138,1.4,57.89836037,1.39,58.39856124,1.33,61.1923217041336,1.39,57.3190686,-1.9366265520668,0,0,1.48,52.50501797,-2.1718259335334,0,0,0,0,1.48,0,"3/16/2025 0:00:00",46,1,1,1,"3/17/2020 0:00:00",0,2,1,2,5,0,24,0,0," ",0,0," ",0,0,0," ",0,0,0,0,2,1,64,1,0,160,70,27.34375,1,0,"Stroke (hemorrhagic)",1,1.2,50.54806367,0,1.48,89,1,0,0,1,2,2,5,3,0,0,38.15709359,1,1,1,1,38.15709359,3.169488305,2.5,82,1,0.012048193,2.34756e-07,445785.811,235668.1925,314.7554627,94.0986051,2.86288e-09,99650.5,0,165.1302516,0,1.89494e-05,42460.10568,38832.15006,81.33334891,29.93182509,22607.44286,24491.41271,60.49089154,18.55610907,4.49472e-07,0.670770434,0.104651006,0.804593954,0.030992038,0.333069035,0.009024599,0.130066856,-0.081344468,1.86537e-05,0.666930965,6619,157,468580.5694,89068.05556,0.19898934,149411,0.307662244,6.158984548,18.12036361,0.385747516,6.158984548,18.12036361,0.385747516,0.390864197,137842.881,0.390864197,137842.881,0.536561264,1046878,0.536561264,1046878,0.314296348,13285.95455,0.314296348,13285.95455,0.475088831,274855.5,0.475088831,274855.5,1.19642435017862,1.19642435008439,94819.6822350544,66250.1538461538,14.1130600158985,17.881621760788,1.59935029967554,231.401136614228,0.523354164841616,1271.44316712896,2.87666456293018,4.40722799821265e-06,1.28273625797577,0.000226314555275766,1.23426276509301,4.91278970668598e-05,0.000259968747412566,2.3448137280032e-05,238685.923076923,203692.11981707,0.73549308696513,108.395980658959,17.3836129784932,8.21572050852205e-05,3.63754740592484e-05,0.583925911599458,8176.21768707483,136.495832383317,1.72104558935471,3.01310670405518,179324.576923077,8231.68873762376,0.909433919811291,0.61968890799011,0.446650126153871,71045.7894736842,0.893547437084624,1.35132793247109,0.788140805626725,38803.9473684211,0.000100340857104561,6.22500460159661,20365,7.18685960283085,1.13258377671414e-05,7983.68421052632,678.508369704608,0.114550491869676,129151.403645833,0.886954491167655,0.000112374989574131,8.81201298908721,187546.124286358,11.9981954783062,7.34764586962186,71008.3157894737,0.000165604663660182,0.404781357577819,0.854211865456872,0.701828131110557,0.111870415527052,67.142524091476,354,5.5061149536947e-05,0.00265147156388974,0.000127956473830279,2.28016476571248e-05,225.667079207921,1.28201113660229e-05,0.0014415688962455,233026.497309367,24319.58177093,92791,0,0.53659736089819,0.831807218430988,1691.43999987932,3.67379841003998e-05,2.59297059852122e-05,0.00012399061218573,0.899242994497006,0.10897983551701,199.509387988231,2.56532465665081,0,0,0,0,391751.481481481,0,0.488512868634858,197.843770841674,4.25543698906567e-06,0.150574218005319,13926.3485780196,0
"H20-08233 - 1",1,2,"6/23/2020",19779957,0,"5/19/1971 0:00:00",1,0,49,"Portugal",71,165,26.078971533517,"Diabetic nephropathy",1,1,52.2333333333333,0,1,2,1.02,67.43990143,1.2,55.49062773,0.97,71.6326556,0.92,75.8561387871226,1.02,66.19328036,-4.8314292135613,0,0,0.95,71.19734006,-1.16469968178065,0,0,0,0,0.95,0,"2/15/2025 0:00:00",44,1,1,1,"7/2/2020 0:00:00",0,2,1,2,5,0,18,0,0," ",0,0," ",0,0,0," ",0,0,1,0,1,0,35,0,0,174,65,21.4691504822301,0,0,"Head Thrauma",2,0.6,129.1019015,0,0.72,15,0,0,0,0,0,0,0,2,0,0,6.086860933,0,0,0,0,6.086860933,0.006963796,0,64,0,0,2.69236e-07,268083.0391,105313.7594,258.3400923,66.45150835,0,0,0,0,0,2.00286e-05,29548.61783,29989.54232,67.84988453,25.25783396,25688.16667,33743.39513,55.70496635,30.63424103,1.76686e-07,0.508807285,0.072177474,0.591817386,0.008526459,0.35500752,0,0.121959029,-0.414249436,2.0286e-05,0.64499248,4761,42,272049.4841,55251.36508,0.207106383,56433.78689,0.204233851,5.337144425,21.43886894,0.266795588,5.337144425,21.43886894,0.266795588,0.510061496,50211.6,0.510061496,50211.6,0.850404414,459597,0.850404414,459597,0.463846754,11442.95455,0.463846754,11442.95455,0.637152037,156825.375,0.637152037,156825.375,1.51252588534583,1.5125258851945,90819.29296875,65105.4782608696,14.2447597876839,20.7608371741297,1.65464061144568,231.512459934019,0,1273.78669546542,3.03661265209521,5.7887199964392e-06,1.07157871246205,0.000297656799825099,0,5.90414611890549e-05,0.000411353187003422,3.28933969529775e-05,182137.195652174,124657.30078125,0.773838587622743,106.513323032316,21.540293013016,0.000129227504542707,4.1130581841171e-05,0,13782.0821917808,135.870578472751,1.94308979358317,3.89072480231778,182137.195652174,8709.91098484848,0.916203309712676,0.443686546015009,0.449841722305041,20993.2857142857,0.898255898698168,1.15978932045631,0.656773097989702,8243.35714285714,0.000107979082094317,9.53585976904089,21041.7391304348,10.2253172234313,1.21314278351324e-05,2425,1086.21663863696,0,0,0,0,9.60477977662889,162603.249087126,13.7959851781377,9.68675615476525,20969.7857142857,0.000206839916296548,0,0,0,0.111777871209583,61.6391142292365,0,6.85618838762783e-05,0,0.000104312298456093,3.55859408659143e-05,225.581439393939,0,0,0,21012.5543008169,96055.6956521739,0,0.537693108011616,0.814863608089698,1516.36078860728,6.11016312668904e-05,1.95184903765118e-05,9.1749950926279e-05,0,0,203.680217602001,2.42689212375297,0,0,0,0,314070.094594595,0,0,113.906574247086,7.00965015276054e-06,0.155615949859725,15351.2470703125,0
"H20-08288 - 1",1,1,"6/24/2020",19533043,0,"2/23/1978 0:00:00",0,0,42,"Portugal",85,170,29.4117647058824,"Chronic glomerulonephritis (unspecified)",2,2,28.4,0,1,2,1.17,79.82041893,1.39,64.911146,1.16,80.64685761,1.24,73.9826710864133,1.1,84.36509346,5.19121118679335,0,0,1.06,87.10938762,3.28167913339668,0,0,0,0,1.06,0,"3/16/2025 0:00:00",47,1,1,1,"7/15/2020 0:00:00",0,1,2,1,4,0,14,1,0," ",0,0," ",0,0,0," ",0,0,1,0,1,0,25,0,0,174,59,19.4873827454089,0,0,"Anoxia",5,0.9,121.5522926,0,0.73,16,0,0,0,0,1,0,1,3,0,0,17.8086,1,0,0,0,17.8086,0,0,14,0,0,1.45448e-07,331916.3571,167864.9512,276.1278711,111.1574119,0,0,0,0,0,1.02749e-05,58613.64813,156567.0548,81.16829129,41.75927324,21510.81886,22392.99444,60.73577268,20.35881492,1.35059e-07,0.52315146,0.048276686,0.602248601,0.011987588,0.50922971,0.000681598,0.080160727,-0.59368948,1.40974e-05,0.49077029,989,13,386543.5,148107.75,0.393661201,148107.75,0.393661201,8.071088685,19.21818112,0.431725097,8.071088685,19.21818112,0.431725097,0.488580497,119609.25,0.488580497,119609.25,0.658977737,211941,0.658977737,211941,0.318183257,27277.5,0.318183257,27277.5,0.658977737,211941,0.658977737,211941,0,0,0,0,0,0,0,0,0,0,0,0,0,0,0,0,0,0,0,0,0,0,0,0,0,0,0,0,0,0,0,0,0,0,0,0,0,0,0,0,0,0,0,0,0,0,0,0,0,0,0,0,0,0,0,0,0,0,0,0,0,0,0,0,0,0,0,0,0,0,0,0,0,0,0,0,0,0,0,0,0,0,0,0,0,0,0,0,0,0,0,0,0,0,0,0
"H20-08454 - 1",1,2,"6/28/2020",9168386,0,"5/15/1991 0:00:00",0,0,29,"Portugal",76,172,25.6895619253651,"Undetermined",5,2,19.1,0,1,2,1.64,57.70819863,1.7,55.27279547,1.51,63.72029809,1.59,59.5213234056624,1.46,65.1213936,2.8000350971688,0,0,1.45,64.84903158,1.3319270435844,0,0,0,0,1.45,0,"3/16/2025 0:00:00",46,1,1,0,"7/8/2020 0:00:00",0,2,2,2,6,2.04,10,0,0," ",0,0," ",0,0,0," ",0,0,1,0,1,0,43,0,0,174,70,23.1206235962479,0,0,"Head Thrauma",2,0.7,117.2483252,0,0.77,21,0,0,0,1,2,0,3,4,0,0,35.2158,1,1,1,1,35.2158,0.050527331,7.14285714285714,26,2,0.071428571,1.22342e-07,500979.6731,187606.3536,353.6607509,86.22620167,9.41091e-09,142650.5,4013,191.5488975,0.140956175,1.31517e-05,31358.98801,28755.03215,70.54291826,23.56917447,21243.88761,26591.88174,58.48396536,17.52888267,3.29382e-07,0.43841494,0.061290738,0.412425252,0.011763083,0.442871166,0.00646854,0.148610536,0.052032567,1.60306e-05,0.557128834,2795,70,500979.6731,223469.1923,0.475494214,229622.88,0.463185396,7.616169585,16.95050773,0.405292875,7.616169585,16.95050773,0.405292875,0.387867968,35091.94231,0.387867968,35091.94231,0.552269927,302213.5,0.552269927,302213.5,0.352548794,15253.79545,0.352548794,15253.79545,0.582123427,144201.75,0.582123427,144201.75,1.86172005424588,1.86172005547347,178844.991319444,113082.5,25.9188623428345,16.4928605837732,1.6419782775399,194.52737928203,0.552269927374333,783.179085926958,3.02585500714305,5.96555146517209e-06,1.10945126115068,0.000206887828693195,1.32495947154308,3.84634047987158e-05,0.00050677659898807,3.77771082030095e-05,193914.75,1077857.22916667,0.812116528979009,91.5956517098012,15.6587423716589,0.000149618625215333,1.7359542462716e-05,0.634540276700352,28137.2479338843,116.976212957202,2.08950080414947,3.32985830228552,193914.75,6627.25854383358,0.920819484858042,0.633041944430942,0.629687014658658,24430.96,0.899650829229858,1.17199898221952,0.796853847959398,13411.44,0.000155398232984182,8.77671077099101,22423.3333333333,9.68905241233258,1.77580872495276e-05,2804.76,1185.34491509049,0,165645.15625,0.90170495104263,0.000282698849390521,5.06298325437661,560540.114583333,11.1576942850435,10.8255825042725,24407.08,9.31275406850243e-05,0.58722180541602,0.888642127382009,0.77296449313507,0.114340908414724,59.3531642433258,269.016728104406,8.53652716853786e-05,7.5691737934709e-05,0.000164569113448156,1.98038671086725e-05,83.0282317979198,3.23765718846815e-05,1.28381170027819e-05,790946.0625,18923.1567197171,58482.1666666667,0,0.2706509419077,0.897614998223784,944.363442350363,3.26449901492981e-05,3.26864523893521e-05,0.000195646576123685,0.914827013779979,0.375115990170683,211.502387611511,5.00000819064617,0,0,0,0,507379.5,0,0.472231686541738,140.773662697531,3.74298403231288e-06,0.404798690524059,149043.7265625,6.49844980239868
"H20-10380_1",1,1,"8/4/2020",14003757,0,"10/2/1949 0:00:00",0,0,70,"Portugal",51.3,160,20.0390625,"Undetermined",5,2,41.8666666666667,0,1,2,1.74,41.65332994,1.69,43.13648752,1.52,48.98876813,1.6,45.7787402618091,1.2,63.85402917,9.03764445409545,0,0,1.38,53.32721247,1.88711805204773,0,0,0,0,1.38,0,"3/16/2025 0:00:00",45,0,0,0,"8/12/2020 0:00:00",0,1,2,1,4,8,12,0,0," ",0,0," ",0,0,0," ",0,0,0,0,1,1,63,1,0,160,68,26.5625,1,0,"Stroke (hemorrhagic)",1,0.6,100.7951313,0,1.3,78,0,0,0,2,3,2,7,4,0,0,62.4181,1,1,1,1,62.4181,0.273072577,25,6,2,0.25,1.19154e-07,229654.75,168206.2744,197.0971011,123.536362,3.97178e-08,276760.25,8412.25,255.26092,15.58405415,8.47976e-06,65108.91335,88017.3166,90.56150985,33.48741324,0,0,0,0,1.7873e-07,0.338348997,0.027364175,0.552107945,0.028824243,0,0,0.049563088,-0.575064273,8.63863e-06,0,427,9,275552.7,144187.2,0.474082799,141909.6667,0.476268069,7.581061576,24.28326578,0.338512498,7.581061576,24.28326578,0.338512498,0.340957763,173726.6429,0.340957763,173726.6429,0.419914892,1041597.5,0.419914892,1041597.5,0.336657167,12684.3,0.336657167,12684.3,0.351709254,576332.5,0.351709254,576332.5,2.82871757772959,2.82871758292119,82545.21875,66727.6666666667,16.1917324066162,22.0778108754033,1.79231905219907,220.066712679016,0.419914891662353,389.048994051703,2.94840802974561,1.43331549131394e-05,1.15860079301864,0.000624169986719788,2.10644786421321,0.000151818694663079,0.000619387418413791,7.03939617879505e-05,6200,395040.25,0.835824865649665,106.170728088912,25.8622031282809,0.000155584072470037,8.13123534466857e-05,0.552604359821067,38012.9183673469,127.319245787856,2.12219461078206,1.0050682511951,112176.333333333,8161.88372093023,0.920874104026488,0.72534642760638,0.628008324941621,29113.1666666667,0.906229619044391,0,0.87481793622315,20075.8333333333,0.000161589646760064,9.74893443528996,12955,10.5667156102706,1.84004952155102e-05,3316.66666666667,1174.74478272731,0,0,0.908696411949498,0.000105338766535678,12.2456407858144,334408.078125,22.8638960823373,7.33229955037435,29081.5,0.000334298293656156,0,0.902525593872284,0.754652558281043,0.113333586920243,71.0241377493516,418.001196170537,8.13783611254086e-05,0,0.00423920233318751,3.69641405622079e-05,104.612403100775,1.22755142127016e-05,0,0,30011.7791666667,32601.6666666667,0,0.309209340919492,0.800604936770456,658.801221756097,7.78233146995445e-05,0.00269581686620257,0.000173384749714241,0.926835470868506,0,117.1759757244,3.25894542832442,0,0,0,0,0,0,0.655223688606108,130.810141336924,9.01378344986865e-06,0.336975892942896,206763.349609375,18.393798828125
"H20-10380_2",1,1,"8/4/2020",79006376,0,"4/4/1963 0:00:00",1,0,57,"Portugal",64,160,25,"Undetermined",5,1,14.93,0,1,2,1.51,40.0734502,1.8,32.45652847,1.73,34.03876139,1.57,38.0056777599491,2.5,21.47820776,-8.26373499997455,1,1,2.55,20.714565,-4.32277818998728,1,1,0,0,2.55,0,"3/16/2025 0:00:00",42,0,0,0,"8/20/2020 0:00:00",0,0,2,0,2,0,13,0,0," ",0,0," ",0,0,0," ",0,0,0,0,1,1,63,1,0,160,68,26.5625,1,0,"Stroke (hemorrhagic)",1,0.6,100.7951313,0,1.3,78,0,0,0,0,2,2,4,5,0,0,43.4352361,1,1,1,1,43.4352361,0.555090326,0,10,0,0,1.18268e-07,382437.5,161746.5066,290.3898818,103.9914252,0,0,0,0,0,1.07269e-05,53920.45424,48391.99855,89.14391393,29.18688379,31674.23762,28423.27519,69.81296234,22.28231978,2.83843e-07,0.367954525,0.045230151,0.578400144,0.00674063,0.399167962,0.002515623,0.078198719,-0.546545445,1.13282e-05,0.600832038,907,24,424926.6667,149593.3333,0.34369995,149593.3333,0.34369995,7.29274277,21.99837731,0.411491215,7.29274277,21.99837731,0.411491215,0.423916327,19065.125,0.423916327,19065.125,0.361623495,41569,0.361623495,41569,0.444680604,11563.83333,0.444680604,11563.83333,0.361623495,41569,0.361623495,41569,2.01773750563735,2.0177375020751,97163.453125,35,2,20.264391460534,1.67830325634679,203.033133742323,0,54.1666666666667,2.88671192624613,9.29963185043026e-06,1.20965346806952,0.000445820598830267,0,9.98527154875521e-05,0.000568369718596225,6.02587753010552e-05,35,583191.666666667,0.78173755321469,98.6003924547429,20.2526769640295,0.000172886202294218,5.15408858919366e-05,0,21436.3984962406,119.43784083768,2.10747973830242,2.26066981461494,35,6688.04691358025,0.915606279360746,0.619785867545016,0.596757693872783,19088,0.899491213009475,1.28764357093051,0.789695115677655,12103.25,0.000167873466887008,8.5246981985775,0,9.50822514340394,1.90713734352233e-05,2170.75,1243.95152439009,0.115824581536233,126493.93359375,0,0,9.84680452080135,42.4000015258789,19.2306217354098,0,19065.125,0.000228949017088147,0.518700505566582,0,0,0.113237292149536,65.797558496173,0,9.39535160157701e-05,0.000232267117157927,0.0555555555555556,2.78936000199555e-05,110.091358024691,0,4.01967756985039e-05,475481.5078125,23155.8487282463,1,0,0.0277777777777778,0.0918614163218945,717.362369445677,4.91747073202747e-05,0.033650795618693,0.000236451391978506,0,0.267630654421119,3,1.21142861502511,0,0,0,0,432981,0,0,120.440243853032,5.59100535440368e-06,0.383409455217895,76331.7973257212,0
"H20-10632",1,1,"8/6/2020",19754798,0,"8/31/1969 0:00:00",1,0,50,"Portugal",95,178,29.9835879308168,"Diabetic nephropathy",1,2,24.1666666666667,0,1,2,0.86,82.25039341,0.79,91.07173615,0.74,98.50495154,0.71,102.878612721639,0.78,90.76524398,-6.0566843708195,0,1,0.61,105.5158196,0.65930171959025,0,0,0,0,0.61,0,"3/16/2025 0:00:00",46,1,1,1,"8/17/2020 0:00:00",0,1,2,1,4,0,14,0,0," ",0,0," ",0,0,0," ",0,0,1,0,1,0,18,0,0,174,72,23.7812128418549,0,0,"Anoxia",5,1.5,68.77834293,0,0.72,14,0,0,0,0,1,2,3,3,0,0,9.68203326,0,0,0,0,0,1.348855998,0,40,0,0,1.5557e-07,500598.6,233617.1152,341.4850756,107.8372298,0,0,0,0,0,7.71626e-06,81574.77243,265251.5542,92.5165965,49.31402867,48056.60821,89379.01801,67.87104734,21.10325877,1.47791e-07,0.587270616,0.077878042,0.629452469,0.011608748,0.33781573,0.019015747,0.123723468,-0.707610182,7.62089e-06,0.66218427,1984,38,526844.5789,139719.8421,0.271527296,139719.8421,0.271527296,7.322060117,18.14400369,0.470530687,7.322060117,18.14400369,0.470530687,0.490902663,138869.4,0.490902663,138869.4,0.633040779,823281,0.633040779,823281,0.442870131,17196.07143,0.442870131,17196.07143,0.602978572,422773.8333,0.602978572,422773.8333,1.74573219828406,1.74573219744729,155635.0140625,43405,8.84147357940674,17.3124866822066,1.9505964603198,190.151701814705,0.592694624015463,1561.94402268561,3.10043380369394,5.13749688335268e-06,1.18695688187132,0.000194558303433369,2.02456503439416,3.63607730695904e-05,0.000495543439504143,3.0843818036983e-05,103958.125,574204.30625,0.808122229013368,91.797259830401,17.9493983415808,0.000171562998785594,1.99441412356065e-05,0.709115159084386,15352.2285714286,126.058615673643,2.05863596551572,3.71946155856933,103958.125,6410.29922135706,0.913920259672983,0.567007304632742,0.569596852098057,34867.375,0.902107724390936,1.24636950588077,0.766074373849337,17025.625,0.000179303064246694,9.33693371147945,11762.5,10.6519702257429,2.0591408793309e-05,4012.5,896.916759064941,0.114864279443598,158781.302734375,0.913215099953851,0.000245514167122072,6.10627571866599,148140.9375,11.1272970566554,7.04689940810204,34832.1875,0.000106707422677194,0.500830731011641,0,0.804682546940915,0.114756956087755,61.731164853396,272.456265795531,0.000100431041985104,0.000114190317006097,4.35166089890648e-05,2.03360910248372e-05,69.448275862069,2.80613122006288e-05,1.90387052391352e-05,399106.482421875,22188.7199140401,48836,1.63306790632361e-05,0.68491709276055,0.932769188017476,1171.444359592,3.68000707876448e-05,8.38708473907081e-06,0.000213488908511837,0.925303572742631,0.259036674440688,124.734196944177,1.70258905679361,22.0460350330059,20.3496938796292,0.943237336271775,0,310349.7,0.828757232006313,0.404662715993916,143.253082599228,4.22299826556376e-06,0.287454390349539,67155.294468471,14.2681507027668
"H20-11613 - 1",1,2,"8/27/2020",4008508,0,"6/30/1958 0:00:00",1,0,62,"Portugal",56,154,23.6127508854782,"ADPKD",4,1,25.2666666666667,0,1,2,0.6,101.4239599,0.71,96.07580142,0.81,82.02420157,0.85,76.9343547758865,0.8,81.71711529,2.39138025705675,0,0,0.8,80.70696427,0.943152373528374,0,0,0,0,0.8,0,"3/16/2025 0:00:00",41,1,1,1,"9/3/2020 0:00:00",0,1,0,1,2,0,17,0,0," ",0,0," ",0,0,0," ",0,0,0,0,1,1,68,0,0,174,69,22.7903289734443,0,0,"Head Thrauma",2,0.6,105.1476058,0,1.08,59,0,0,0,1,2,2,5,3,0,0,50.3458,1,1,1,1,50.3458,1.083654264,2.77777777777778,71,2,0.02739726,1.34e-07,458066.2958,218737.8369,325.5308755,109.3968796,3.77464e-09,166786.25,5061.25,199.9522539,0.310074024,9.54607e-06,52328.62732,49027.7186,79.87574027,28.73340743,28965.10797,34677.08145,58.42771883,17.70082076,2.35915e-07,0.490451726,0.061380808,0.499532881,0.033130761,0.327599053,0.007724376,0.122876411,0.218347754,9.93916e-06,0.672400947,5058,125,485172.2239,184853.209,0.383757145,184853.209,0.383757145,6.530442109,26.79337874,0.24532677,6.530442109,26.79337874,0.24532677,0.428665549,113412.5357,0.428665549,113412.5357,0.522631991,637979,0.522631991,637979,0.388335224,21151.92857,0.388335224,21151.92857,0.468995875,205673.1429,0.468995875,205673.1429,2.18237679761589,2.182376796531,150768.288085938,98998.55,17.1549625635147,25.9904257131986,2.16322487514492,224.305458009006,0.522631990938383,996.084995093315,2.83206019641796,5.77733423843763e-06,1.12804267672213,0.000237845980045663,1.20789074400886,4.95998334033318e-05,0.000528900710834842,3.484579440958e-05,206697.275,909824.46484375,0.787104247364276,103.057171671292,25.4093237878757,0.000146448671175307,2.25531308924252e-05,0.575614621519388,31418.8283261803,127.73657932935,1.82514617071563,4.76057766755821,206697.275,10499.2542677448,0.918481563916752,0.593226193395715,0.624208405619493,73094.5384615385,0.900787547862782,1.2326089730374,0.782290837888928,36882.6153846154,0.000116225539355568,8.71431327358839,23670.2,9.72139730985584,1.3295930364662e-05,8435,1481.37474495423,0.114912781020514,152969.090745192,0.896682319645946,0.000172999439419871,6.08447862027316,354710.961173248,13.3015996026681,9.70178446769714,73061.2692307692,0.000108565820405491,0.578330531715256,0.877403558664276,0.819663085263117,0.113620449672554,67.0205510135344,410.813826446969,6.6970398522543e-05,0.0001124130760789,0.000581911012332798,1.85737878908022e-05,193.575022461815,2.0040526704977e-05,1.8825317697304e-05,741191.256009615,31239.4573031373,84095.25,1.77931340127118e-05,0.421580739356095,0.876075410587825,1048.82722370119,3.00965543244009e-05,0.00018059805877516,0.000119852473545547,0.91514219143101,0.354085898508041,196.116671814358,3.21978204091213,0,0,0,0,408830.55,0,0.520181417267551,219.646246772686,3.48639559499767e-06,0.390419618908571,107158.21735026,0
"H20-11613 - 2",1,2,"8/27/2020",19707332,0,"10/2/1957 0:00:00",1,0,62,"Portugal",75,172,25.3515413737155,"Chronic glomerulonephritis (IgA)",2,2,37.3,0,1,2,1.14,54.42998476,1.21,50.67358028,1.58,36.79048643,1.58,36,0,0,0,0,0,0,0,0,0,0,0,0,1.66,34.376918,"2/17/2021 0:00:00",6,0,0,0,"9/23/2020 0:00:00",0,1,0,1,2,0,20,0,0," ",1,6," ",0,1,1,"2/17/2021 0:00:00",2,1,0,0,2,1,68,0,0,174,69,22.7903289734443,0,0,"Head Thrauma",2,0.6,105.1476058,0,1.08,59,0,0,0,1,3,2,6,4,0,0,14.40773584,0,0,0,1,0,0.405829563,15.5555555555556,78,14,0.152173913,1.4529e-07,435245.0769,215714.7529,312.067157,98.30486226,2.60776e-08,145802.0714,82538.42066,175.6912364,70.18508814,8.10269e-06,55082.12621,72951.65223,84.3631878,35.23479723,20843.78876,27128.52028,55.09403067,17.6617481,4.32143e-07,0.444819736,0.063236552,0.446313129,0.074848907,0.287645198,0.010821647,0.141686515,-0.21977718,1.10542e-05,0.712354802,4350,232,440860.2273,216618.5844,0.508919063,232227.7465,0.511479457,7.553512041,23.35737248,0.259431525,7.508250199,24.08187759,0.252659563,0.348629523,253797.0455,0.348629523,253797.0455,0.306097023,2598177.5,0.306097023,2598177.5,0.357144298,17169.88889,0.357144298,17169.88889,0.310313033,1318619.25,0.310313033,1318619.25,2.18199990643658,2.18199990618543,120396.401227679,66806.5384615385,20.693620131566,21.1016246069871,1.81098846448875,244.280634083423,0,679.861233987631,2.77720197824305,7.23114792307428e-06,1.305976405418,0.000379715559157764,0,8.88959477160889e-05,0.000703443636287792,4.23460180884349e-05,110242.807692308,858455.243722098,0.767473821062933,110.937689195732,20.7574975337544,0.000206012879642793,5.09943805550248e-05,0,47839.2012578616,144.241562800669,1.67763831989594,1.27539187469364,110242.807692308,11703.9179841897,0.922564384828735,0.695300222585472,0.631340493918652,19386.8,0.898653706181049,1.1740588181712,0.842108612258664,13825.6,7.70338293778828e-05,8.62842128163741,12715.4615384615,9.47495611658636,8.70817776975295e-06,2203.2,1368.83618038319,0.114347114060283,123986.473214286,0,0,9.0756540651721,320143.431672316,17.2645645142128,10.4228993562552,19359,0.000207025219731697,0.566796530176614,0.892576968425705,0,0.112442703638277,60.0642171001166,0,4.69855154747266e-05,8.77248311226008e-05,0.000298333191616166,3.17555455288082e-05,245.983201581028,0,1.69360660050294e-05,531375.785714286,22411.4109473289,30774.5384615385,0,0.368093367539212,0.890238358706324,1014.13249624008,5.24383292235071e-05,8.02020755762446e-05,6.41655788764082e-05,0,0.327133780453571,149.089918243916,4.27232016006457,0,0,0,0,413058.888888889,0,0,128.527331982775,6.06613968348066e-06,0.396391912622302,261408.952156856,0
"H20-11850 - 2",1,2,"9/1/2020",19461038,0,"4/27/1960 0:00:00",0,0,60,"Portugal",68.5,164,25.4684711481261,"Alport Syndrome",2,1,51.3333333333333,0,1,2,3.86,17.03782427,3.35,20.1959893,4,16.32476397,3.11,21.9434760954105,2.25,31.95927037,5.00789713729475,0,0,2.27,31.23078019,2.32182602364738,0,0,0,0,2.27,0,"3/16/2025 0:00:00",43,0,0,0,"9/18/2020 0:00:00",0,0,2,2,4,0,21,0,0," ",0,0," ",0,0,0," ",0,0,0,0,2,1,66,1,0,160,50,19.53125,1,0,"Stroke (hemorrhagic)",1,0.8,81.21046918,0,1.61,93,1,0,0,1,2,2,5,4,0,0,8.270300543,0,0,0,1,0,3.874253676,5,79,4,0.048192771,1.79464e-07,399197.8544,306938.4546,270.7991098,153.6737267,9.08681e-09,265179.5,139795.8229,252.5868616,70.38556218,8.87327e-06,50406.23425,54462.2803,83.57056565,35.35080553,21438.62356,25676.39364,57.63308938,20.59721709,4.2708e-07,0.519937362,0.071641836,0.447268087,0.066944124,0.261709126,0.031456505,0.160176499,0.163882772,1.06722e-05,0.738290874,3906,188,463220.0735,118311.8824,0.26975525,132305.65,0.274555363,6.57831091,24.19216804,0.296573049,6.57831091,24.19216804,0.296573049,0.431376007,43457.87931,0.431376007,43457.87931,0.42021025,200617,0.42021025,200617,0.404214293,14519.375,0.404214293,14519.375,0.49173537,107765.6667,0.49173537,107765.6667,2.06585324995619,2.06585325115558,174607.147693452,18891.1304347826,8.53468204062918,22.2773811108929,1.68479754817418,223.274721635228,0,1056.83919599873,2.93470886872463,6.19856567623237e-06,1.28470880117989,0.00028466045189854,0,5.69420730267175e-05,0.00068427692250396,3.87369653400814e-05,85772.152173913,463429.491071429,0.786816522393138,104.723328707312,20.7490311547079,0.000198012349402288,3.39616212359432e-05,0,23858.4101796407,134.049214488773,1.8840797171053,3.85925321123422,49995.8913043478,8497.10375816993,0.914270964960698,0.580939485832914,0.549064480917807,43492.5862068966,0.896908512428198,1.32931640542158,0.761888816954991,23105.6551724138,0.000136194834354721,8.96316553915248,5694.30434782609,10.3353676381939,1.54808759989682e-05,4934.34482758621,1264.82843831555,0.115176391226569,159639.0078125,0,0,8.14370921198798,69488.1865025396,13.8141686268867,5.7440518192623,43457.8793103448,0.000168186456201914,0.530954810749171,0.877504154329243,0,0.112966670865525,58.9355744240784,0,8.03578596406178e-05,9.00198364834587e-05,0.00441852465106305,3.16869979085834e-05,162.048202614379,0,1.40350818863009e-05,472128.5078125,19927.4652777778,25451.652173913,1.88610148077577e-05,0.450142291288236,0.840975330958505,1199.44328180935,5.93912824427367e-05,0.00246954484334797,0.000152455043764604,0,0.302928269544906,71.5660467543021,1.99653802385433,0,0,0,0,281347.681818182,0,0,160.202413411658,6.81666933268685e-06,0.282413676126166,56404.966574976,7.86046640078227
"H20-12526 - 1",1,1,"9/13/2020",19782090,0,"4/10/1958 0:00:00",1,0,62,"Portugal",79,170,27.3356401384083,"Chronic glomerulonephritis (unspecified)",2,1,26.3333333333333,0,1,2,1.42,41.81942152,1.32,45.64942556,1.17,52.75953998,1.57,36.842020834194,2.15,24.95139662,-5.945312107097,1,1,1.52,37.3599848,0.129490991451499,0,0,0,0,1.52,0,"3/16/2025 0:00:00",43,0,0,0,"10/12/2020 0:00:00",0,1,0,1,2,39,16,1,0," ",0,0," ",0,0,0," ",0,2,0,0,0,1,66,0,0,174,72,23.7812128418549,1,0,"Stroke (ischemic)",1,0.9,94.19369713,0,1.31,79,0,0,0,0,2,2,4,4,0,0,46.4931,1,1,1,1,46.4931,2.142782574,0,19,0,0,2.84334e-07,253178.3158,166325.3274,223.5657654,99.41264939,0,0,0,0,0,1.16727e-05,45849.42115,45307.70269,80.53380598,26.99726371,28348.91438,33659.18857,62.57115867,20.73008327,2.84334e-07,0.312942172,0.071987318,0.535185509,0.03544327,0.399540203,0.024759202,0.134509094,-0.521328575,1.29384e-05,0.600459797,780,19,253178.3158,106799.1053,0.442285389,130336.4,0.421295666,7.382425251,26.14198907,0.275411796,7.382425251,26.14198907,0.275411796,0.400483478,262005.125,0.400483478,262005.125,0.135936538,1018336,0.135936538,1018336,0.320099885,7868.666667,0.320099885,7868.666667,0.448713634,414487,0.448713634,414487,2.70633267162629,2.70633267245733,117386.346354167,71278.25,24.1044583320618,24.2066018149229,1.92216913318771,217.863754034122,0.425068912961974,678.599355016813,2.78428992984792,1.0392058224757e-05,1.46064071567702,0.000450082478728546,1.46601059424339,0.000104292016074812,0.000801571103477079,5.17983341095863e-05,122587.9375,623659.546875,0.805749179570338,100.295245563995,25.5124632576017,0.000237081376757059,5.53950332509634e-05,0.516668857391436,56269.2608695652,122.447817975247,1.74243437427277,3.90458416035534,122587.9375,8962.14666666667,0.916294942736682,0.537374610216877,0.636718619812152,182727.857142857,0.902665303443888,1.60510428738372,0.734715624096292,131507,0.000140696108848814,9.66627505620321,14151.5,10.4353907211967,1.61992006131179e-05,20354.1428571429,1065.59958599046,0,150417.1875,0.898842638707222,0.000118979134197185,8.9488211098169,374934.220703125,17.435151129032,11.2430246472359,182681.785714286,0.000236743271269089,0.575328601196758,0.893938676095448,0.767576222782916,0.112844192362615,65.6390394729619,424.876452630644,7.94018401896494e-05,0.000206049667414875,0.000474578405823088,3.75460039420554e-05,160.2,1.39396705610407e-05,3.38984963361342e-05,800342.0703125,27117.5980465815,37211.625,0,0.321056363447378,0.902306526773276,991.100705637998,7.19541411954672e-05,0.000132516371993838,0.000147708911647025,0.920998191943873,0.333723068270922,151.776091672973,5.54593327864004,0,0,0,0,294076,0,0.633417139221767,246.468742648939,8.21892443890136e-06,0.347021304868919,388938.75,0
"H20-14058",1,2,"10/7/2020",19690413,0,"8/19/1985 0:00:00",1,1,35," ",57.5,160,22.4609375,"ADPKD",4,1,29.1,0,1,2,2.01,32.59987767,1.25,57.6446788,1.46,47.84403642,1.26,56.7421225640754,1.69,39.39890674,-8.6716079120377,0,1,1.49,45.26084723,-2.87031883351885,0,0,0,0,1.49,0,"3/16/2025 0:00:00",41,1,1,0,"10/15/2020 0:00:00",0,1,2,0,3,4,17,0,0," ",0,0," ",0,0,0," ",0,0,1,0,0,1,57,1,0,160,70,27.34375,1,0,"Stroke (ischemic)",1,0.6,104.6274403,0,1.17,68,0,0,0,1,1,0,2,4,0,0,10.99564233,0,0,0,0,10.99564233,0.097286323,7.69230769230769,47,4,0.078431373,1.29699e-07,346916.6915,167471.258,278.8511347,94.2890642,1.10382e-08,92792.625,43304.80193,145.4989352,34.07799654,7.83712e-06,70323.80687,544405.5985,82.83528187,44.11141726,24741.66085,91057.05672,60.3178005,19.35158599,2.40081e-07,0.499931592,0.044994696,0.551136258,0.013526201,0.351605537,0.010116258,0.081639877,-0.561800332,1.12905e-05,0.648394463,2840,87,362286.3111,105547.6667,0.315679485,111203.4286,0.298369002,7.620518911,14.97525946,0.457291745,7.620518911,14.97525946,0.457291745,0.45659673,65731.125,0.45659673,65731.125,0.699581511,388551,0.699581511,388551,0.400470769,21014.54545,0.400470769,21014.54545,0.580073846,164107.6,0.580073846,164107.6,1.75934451846946,1.75934451753614,114762.52890625,38568,12.5076416560582,15.059144948249,1.6738540760873,193.7585090725,0.699581510544416,1032.36442345482,2.87119880999659,8.61252924176521e-06,1.23099447387612,0.00040032818285416,2.01350412654877,9.32936596414052e-05,0.000532344525855162,4.70233241649407e-05,80971.5,289610.015332031,0.812172763003538,93.5429604011845,14.3012388286237,0.000166760164753979,6.0629061061851e-05,0.749558918155271,24618.4509090909,123.289759393016,2.15097836477307,4.97171468549645,80971.5,6748.63910969793,0.917928086890163,0.589544010380824,0.518611639554468,44236.4666666667,0.899041629396043,1.2948157723655,0.76740224062164,22025.2666666667,0.000159737983017307,9.31248686764691,9417.71428571429,10.425286655426,1.82393250755629e-05,5037.26666666667,1025.73381990638,0.115525351192637,144509.366319444,0.909128462387467,0.000236786339074314,11.7758041549693,145667.040427072,18.1429641850895,7.50808523382459,44209.8,0.000259324729922069,0.488117852153671,0.894120991916422,0.741883876496308,0.113912492594363,59.0744816788498,247.987902930768,8.86206912158086e-05,0.00022625832242058,0.00468355281296521,4.68226844955616e-05,78.9308426073132,2.72668300563065e-05,3.97316927461046e-05,297874.754774306,18552.7815458528,33011.4285714286,0,0.328500289887056,0.871169943098921,1042.65009553272,9.15220204284275e-05,0.00226961587837874,0.00017969727753601,0.919897541976514,0.2079198391317,103.957194420436,2.78278391904255,26.7085285186768,15.2005093741291,0.950658406462938,1.87145438718274e-06,294054.409090909,0.866586096132444,0.349516386756794,184.015656947819,1.04706717143073e-05,0.260859015922728,176502.909823331,16.0073838006882
"H20-14222",1,2,"10/10/2020",19752002,0,"11/19/1959 0:00:00",0,0,60,"Portugal",62,170,21.4532871972318,"ADPKD",4,2,22.8666666666667,0,1,2,1.95,38.66138131,1.32,61.74903612,2.07,35.98773267,1.39,57.6766639207598,1.1,75.43009511,8.8767155946201,0,0,1,83.52449573,6.46195795231005,0,0,0,0,1,0,"3/16/2025 0:00:00",41,1,1,0,"10/26/2020 0:00:00",0,2,1,2,5,0,24,0,0," ",0,0," ",0,0,0," ",0,0,1,0,2,1,61,0,0,174,95,31.3779891663364,1,0,"Stroke (hemorrhagic)",1,0.8,100.6873575,0,1.12,64,0,0,0,1,2,2,5,5,0,0,55.9996,1,1,1,1,55.9996,0.330828903,12.8205128205128,69,9,0.115384615,1.50597e-07,487974.8696,188060.2141,338.3334649,83.4293235,1.96431e-08,94935.16667,41779.33103,144.9294582,42.26118426,8.71938e-06,46697.71289,42242.92039,81.719169,27.30133054,23781.08907,23935.95929,56.62619318,18.54670745,3.95046e-07,0.508198589,0.073487779,0.407174875,0.110647739,0.370026456,0.013887674,0.180482107,-0.001857693,1.14416e-05,0.629973544,3995,181,495121.1029,151932.1912,0.300383787,153879.9552,0.303740642,6.558647848,15.72605472,0.409356042,6.558647848,15.72605472,0.409356042,0.441144243,100082.9643,0.441144243,100082.9643,0.49938698,849573.5,0.49938698,849573.5,0.38487664,19182.5,0.38487664,19182.5,0.516167714,207950.25,0.516167714,207950.25,1.49924009067918,1.49924009100856,112709.944091797,61121.5,16.9484252929688,15.5855118534574,1.88527184550855,207.93121769065,0,1113.10927934957,3.33201392108718,6.29779835782766e-06,1.24092325503684,0.000264780957471004,0,5.56940805968218e-05,0.00036208388043199,3.82308400014053e-05,164725.75,436551.230957031,0.768757815618646,97.4127932719869,13.4457973676578,0.000116908332530386,3.35611032328637e-05,0,18896.8522012579,121.824446702184,2.28412331743531,4.47547214832662,164725.75,7736.6634746922,0.921361160974714,0.512922140655126,0.54679264295321,42459.2307692308,0.90183574430557,1.27236565390003,0.702683950209917,21469.3846153846,0.000121630753418009,8.44443953444955,19113.75,9.36257224412834,1.37986114344199e-05,4866.46153846154,848.535087955037,0.114852940756958,144149.834051724,0,0,7.9708760810552,186336.907714844,13.4947674438927,7.79766845703125,42429.8461538462,0.00015699496951346,0.526298127022948,0.872901386712127,0,0.1131894245148,59.3145428807639,0,7.10531614656073e-05,0.000126298199785231,0.000825045636315441,2.32560218665075e-05,125.758549931601,0,2.17811060313111e-05,510255.635102371,21240.9525105868,84555.25,0,0.506150733757067,0.859643221650617,1538.48812437856,3.95086269906138e-05,0.000272665965460229,0.000129420939033485,0,0.277847094417449,180.575837854743,2.75827194721459,0,0,0,0,319799.34375,0,0,180.432650442949,4.53472669921181e-06,0.294142322420359,53944.0144159226,0
"H20-14245 - 1",1,1,"10/10/2020",97014437,0,"5/16/1967 0:00:00",0,0,53,"Portugal",80,177,25.5354463915222,"ADPKD",4,2,22.2333333333333,1,3,1,1.7,47.60880139,2.16,35.71753278,2.06,37.80813796,2.57,28.8141092062041,0,0,0,0,0,0,0,0,0,0,0,0,1.6,50.59365322,"4/18/2022 0:00:00",18,0,0,0,"10/21/2020 0:00:00",0,1,1,1,3,0,24,1,0," ",1,6," ",0,1,1,"4/18/2022 0:00:00",2,1,0,0,1,1,74,0,0,174,70,23.1206235962479,1,0,"Stroke (hemorrhagic)",1,0.8,92.86709158,0,1.48,88,1,0,0,1,2,2,5,2,0,0,46.8135,1,1,1,1,46.8135,0.62113232,8.33333333333333,11,1,0.083333333,9.60803e-08,481940.0455,192327.4169,337.526253,87.87921135,8.73457e-09,77817.5,0,143.4224529,0,9.8526e-06,52144.58378,55956.41579,85.71412916,30.94638085,21433.29712,22527.37041,57.36891357,20.25775027,2.62037e-07,0.290612641,0.046304955,0.513759748,0.027528366,0.303709129,0.021007543,0.09012959,-0.533083624,1.06387e-05,0.696290871,1128,30,481940.0455,261123.3636,0.522057154,261123.3636,0.522057154,8.862089089,25.72410681,0.244785702,8.862089089,25.72410681,0.244785702,0.311593186,64676.45,0.311593186,64676.45,0.362290131,256827.5,0.362290131,256827.5,0.259868554,14475.92857,0.259868554,14475.92857,0.432283994,181811,0.432283994,181811,2.83322824968666,2.83322825253318,144018.942708333,62463.5,18.6953468322754,25.7490118050003,1.73254846590358,247.373886566831,0,813.666457710746,2.60430105833609,8.86815866454217e-06,1.27637730924114,0.000407755810024828,0,0.000101273715652124,0.000802086946931366,4.90628200616511e-05,145155.5,1461506.16666667,0.788759758449414,112.794120456975,25.4834927465097,0.00022585386170306,3.6799457944694e-05,0,74751.1875,135.527806912076,1.594625540275,1.71595343042354,145155.5,10694.1598360656,0.923667181582248,0.746624924388011,0.720721625562953,64710.5,0.901944156626405,0,0.895718776425518,44261.9,0.000131573611951873,10.2093797531284,16728.5,11.6806211471558,1.50080418877983e-05,7300,1216.06512028297,0.114225580741104,189877.171875,0,0,7.3319949680451,245400.9609375,20.1906171115274,12.7875986099243,64676.45,0.000148090183948578,0.683821449485811,0.89613873845958,0,0.113828781733813,70.7450374253313,0,7.3205171089097e-05,9.77203705397752e-05,0.000137556659209878,2.19131996465864e-05,141.856557377049,0,1.69596427359818e-05,1450190,29562.7340791738,66036.5,0,0.457713113734795,0.893101286025212,452.230063439307,3.42760859569943e-05,2.78833638541931e-05,0.000115032909696598,0,0.458475552872743,170.228721930005,3.84753931331932,0,0,0,0,0,0,0,172.786185521692,4.0100359666109e-06,0.531939508704231,451255.708333333,0
"H20-14245 - 2",1,1,"10/10/2020",84006874,0,"9/26/1958 0:00:00",0,0,62,"Portugal",74,167,26.5337588296461,"Diabetic nephropathy",1,2,26,0,1,2,1.94,38.4197743,1.98,37.49027765,1.96,37.94980944,1.79,42.0525407500744,1.9,38.66424563,-1.6941475600372,0,0,1.53,49.52017037,1.8669074049814,0,0,0,0,1.53,0,"3/16/2025 0:00:00",40,0,0,0,"10/23/2020 0:00:00",0,1,1,1,3,2.7,24,0,0," ",0,0," ",0,0,0," ",0,0,0,0,2,1,74,0,0,174,70,23.1206235962479,1,0,"Stroke (hemorrhagic)",1,0.8,92.86709158,0,1.48,88,1,0,0,0,3,2,5,2,0,0,41.2467,1,1,1,1,41.2467,5.863783474,0,7,0,0,1.0521e-07,261248.7857,220360.9142,236.1510856,105.2504859,0,0,0,0,0,8.37171e-06,46803.69569,57299.9511,74.16253957,32.49071604,33739.36387,40278.78148,64.39979991,20.69406451,5.7114e-07,0.301592524,0.027485982,0.391826932,0.048749154,0.473625167,0.008244907,0.070148272,-0.112061025,1.00911e-05,0.526374833,557,38,261248.7857,138495.7143,0.581421846,176770.8,0.573414294,7.369764932,29.80857146,0.251754297,7.369764932,29.80857146,0.251754297,0.383006283,207907.5,0.383006283,207907.5,0.500967742,904031.5,0.500967742,904031.5,0.213780977,10256.5,0.213780977,10256.5,0.495823154,339674.8333,0.495823154,339674.8333,3.38530511082626,3.38530511672919,0,90944.6,25.9888370513916,25.7456677258224,1.9689140254485,222.596727780954,0,903.714159019322,0,0,0,0,0,0,0.00096598209078868,0,126575.3,0,0,99.9072626044258,28.5288054365136,0.000271602121325452,0,0,58124.9722222222,116.656528733898,0,4.52452759050433,126575.3,9414.23076923077,0.930962319136998,0.674286183244417,0,33903.25,0.905235564113424,0,0.808231942368334,18226.75,0.00013974614744051,10.7511400662936,14599.6,12.2315685484144,1.60304221603505e-05,3935.5,1045.77712511751,0,162597.2890625,0,0,0,585301.0875,0,12.8669788360596,33876.5,0,0.668532744999888,0,0,0.114925168172361,62.0613170142278,0,7.66218330084346e-05,8.41818272071653e-05,0.000238823369753344,0,87.8153846153846,0,1.70449683815064e-05,1277850.625,25964.35546875,21075.8,0,0.167868027131559,0.889867542450973,577.591767572727,0,5.50449798146672e-05,0.000118771650032932,0,0.461574008561609,173.477424112685,6.09486686269411,0,0,0,0,0,0,0,163.356990329765,0,0,394689.02734375,15.9844989776611
"H20-16090",1,1,"11/7/2020",19718337,0,"2/22/1962 0:00:00",0,0,58,"Portugal",69,172,23.3234180638183,"ADPKD",4,1,62.1,0,1,2,1.68,46.81120033,1.54,51.96321944,1.31,63.09506044,1.31,62.703871060507,1.46,54.3743985,-4.1647362802535,0,0,2.24,32.13055709,-7.64332849262675,0,1,0,0,2.24,0,"3/16/2025 0:00:00",39,1,1,1,"11/16/2020 0:00:00",0,1,1,1,3,0,7,0,0," ",0,0," ",0,0,0," ",0,0,1,0,1,1,55,1,0,160,82,32.03125,1,0,"Stroke (hemorrhagic/aneurysm)",1,0.7,102.0736017,0,1.08,59,0,0,0,1,1,0,2,2,0,0,7.996106682,0,0,0,0,0,0.251523536,9.375,30,3,0.090909091,3.12512e-07,260607.9667,126821.0461,242.8890998,77.43137963,3.12512e-08,76880.5,12928.10613,142.2372443,10.38747587,1.40526e-05,39474.07821,45460.74784,73.36625069,26.95704664,20123.98972,28072.47824,44.76710281,14.07514814,5.41687e-07,0.527209962,0.081442991,0.554713477,0.05285887,0.263278827,0.023005092,0.146819924,-0.557310495,1.35617e-05,0.736721173,1349,52,278239.6071,93473.82143,0.320201235,99324.07692,0.325358857,6.540493527,19.84125941,0.366290651,6.540493527,19.84125941,0.366290651,0.473711594,120642.5909,0.473711594,120642.5909,0.712699014,627046,0.712699014,627046,0.345980297,11736.66667,0.345980297,11736.66667,0.62698915,251329.7,0.62698915,251329.7,1.65907585166867,1.65907585280968,91520.29609375,45546.4285714286,12.7634560721261,18.0271385917283,2.2814837649695,181.668116838221,0.80771297995834,1185.06979992752,2.86856118004675,9.29617130855774e-06,1.1652159069491,0.00042122852963682,6.98486477697792,0.000108685552846173,0.000572805645211084,5.02639509088686e-05,108360.571428571,387885.688867187,0.789387918592436,84.9444734973325,16.6886594803271,0.00017882428744004,6.30100886270222e-05,0.929326258370329,24029.7441860465,116.011525916332,1.95098110888714,3.04228586563045,108360.571428571,7483.89655172414,0.926932517896385,0.639827103777157,0.568123672824708,27740.4444444444,0.907075712396622,1.23306225195398,0.800974405932682,15925.2222222222,0.000155502655857562,9.78495187903273,12564.8571428571,10.5187679224236,1.75838139373315e-05,3194.44444444444,1000.61414405204,0,114621.27734375,0.963337992231979,0.000305121519389471,10.7676185956295,150553.311523438,18.991981871909,8.56655693054199,27714.7777777778,0.000241148684658671,0.559372816729172,0,0.809644949613111,0.112787976845691,49.053529118062,147.329562546015,8.6371356245912e-05,0.000142106005063405,0.000355561621131739,3.93676776944828e-05,111.159482758621,3.50264183670413e-05,2.7964027209989e-05,414691.48828125,17420.5105669239,50308.4285714286,0,0.474730371289414,0.841416444587363,824.796049515956,6.89028120558788e-05,0.000100298704358739,0.000169514864108409,0.968756440374504,0.302163702160541,143.234528032039,2.92388083611594,0,0,0,0,229444.5,0,0.216331583594759,142.586101330465,7.97386324979127e-06,0.312574631826363,168254.784040179,0
"H20-16106",1,1,"11/7/2020",6011676,0,"5/1/1966 0:00:00",0,0,54,"Portugal",114,192,30.9244791666667,"Chronic glomerulonephritis (FSGS)",2,1,35.2333333333333,0,3,1,1.13,77.23796336,1.32,64.09678233,1.36,61.84124948,1.3,64.8771727130682,1.32,62.91195854,-0.982607086534102,0,0,1.12,75.67601954,2.69971170673295,0,0,0,0,1.12,0,"3/16/2025 0:00:00",42,1,1,1,"11/16/2020 0:00:00",0,1,2,2,5,0,13,0,0," ",0,0," ",0,0,0," ",0,0,1,0,2,1,55,1,0,160,82,32.03125,1,0,"Stroke (hemorrhagic/aneurysm)",1,0.7,102.0736017,0,1.08,59,0,0,0,0,1,2,3,3,0,0,23.36462498,1,1,0,0,23.36462498,0.072195259,0,6,0,0,9.95969e-08,276591.4167,96639.61235,262.9963479,54.0254968,0,0,0,0,0,1.11548e-05,48570.62574,68268.20338,75.58083585,29.99794223,22710.61344,37243.89455,50.68270988,15.85135387,1.65995e-07,0.440115823,0.027547635,0.541797937,0.006455163,0.352406485,0.011134395,0.050844851,-0.520077796,1.39452e-05,0.647593515,672,10,276591.4167,89301.83333,0.303805482,104174.4,0.3512954,7.324281696,21.0030066,0.351431861,7.324281696,21.0030066,0.351431861,0.412353593,49626.2,0.412353593,49626.2,0.543732589,171816.5,0.543732589,171816.5,0.308953062,10617.83333,0.308953062,10617.83333,0.567454389,108138.75,0.567454389,108138.75,2.01950489495682,2.01950489391543,95582.8828125,32462,17.5968971252441,20.4890902304727,2.03828613039491,192.254507811284,0,744.200216434907,2.39038263461634,5.03473295621886e-06,1.05420298913682,0.000501831493149639,0,0.000103022601153399,0.000743104657762863,9.75424526983975e-06,100725.5,240.396911621094,0.788921709101217,87.9087643834297,19.3749307068031,0.000224860153242689,9.10541857502307e-05,0,34781.5846153846,117.891681502111,1.3015103498329,4.01406125117188,100725.5,7880.94444444444,0.926567212485408,0.614780192640251,0.331744711401434,49660.8,0.909035833876122,1.14708684065157,0.790546988718122,25180,0.000155229956279972,9.83071063536185,11449,10.866691662715,1.76548398656757e-05,5733.4,1019.27257896285,0,115320.359375,0,0,18.1252458652459,105961.453125,20.50767858937,10.1875991821289,49626.2,0.000443532365529436,0.547112340576088,0,0,0.113301635153747,51.3026321022736,0,8.31183137688465e-05,0.000199357586827096,0.000174584516040242,8.42912597520752e-05,96.7481481481481,0,4.04123233775688e-05,353824.31640625,18203.1609553479,56882,0,0.564344746162928,0.891441655394616,651.916879625624,0.000141907385014497,3.23848776972352e-05,0.00016138658329321,0,0.257602739786697,150,3.2641689706426,0,0,0,0,307425.75,0,0,160.92589879787,1.63521916451604e-05,0.0663558894794001,247470.521484375,15.1844978332519
"H21-00130 - 1",1,1,"1/6/2021",9118296,0,"12/24/1985 0:00:00",0,1,35," ",72,180,22.2222222222222,"Chronic tubulointerstitial nephritis (NSAIDs)",4,1,32.5,0,3,1,1.66,54.79165068,1.9,46.59504858,1.66,54.79165068,1.6,56.9113782517409,1.32,70.80311253,6.94586713912955,0,0,0,0,0,0,0,0,0,1.65,0,"3/16/2025 0:00:00",38,1,1,0,"1/13/2021 0:00:00",0,1,2,2,5,4,26,0,0," ",0,0," ",0,0,0," ",0,0,0,0,1,1,67,0,0,175,100,32.6530612244898,0,0,"Head Thrauma",2,0.67,102.3357751,0,0.99,50,0,0,0,1,2,0,3,2,0,0,40.1831,1,1,1,1,40.1831,0.11127092,7.14285714285714,26,2,0.071428571,1.42569e-07,381867.0385,129895.6291,305.885291,61.26139055,1.09669e-08,110176,45778,150.7259306,36.91468335,8.24709e-06,55497.84408,56341.51747,85.72118486,28.07160076,28756.46804,38685.80241,65.27551841,17.63042703,2.85139e-07,0.337589206,0.054442539,0.457695663,0.029890727,0.407301487,0.024522342,0.118949213,-0.478721085,1.06279e-05,0.592698513,1504,52,381867.0385,234821.5385,0.621239506,234821.5385,0.621239506,8.696119427,23.31020212,0.296139201,8.696119427,23.31020212,0.296139201,0.230443668,208620.0625,0.230443668,208620.0625,0.265679342,1578868.5,0.265679342,1578868.5,0.22541,12870.28571,0.22541,12870.28571,0.265679342,1578868.5,0.265679342,1578868.5,2.35303868107934,2.35303868056276,120951.4140625,132832.857142857,26.2104102543422,21.9827716100579,1.82338429722171,208.629491254545,0.265679341712564,812.125827298661,2.56833514868519,1.08103176167169e-05,1.20188791369842,0.000385375147869555,1.20107941610065,0.00011165659885229,0.000578456452451295,5.88046188278922e-05,200719.642857143,971587,0.812521561595405,96.7611079217645,21.6208991617323,0.00016811743893965,4.56614517216087e-05,0.387015693684999,71841.537037037,115.790243476295,1.40310731088502,0.589500086105538,200719.642857143,8544.63850687623,0.933691275234047,0.767579278369152,0.690649638084311,12886.4285714286,0.902299052298204,0,0.900634608053609,9494.71428571429,0.000145683918193611,9.1784145527598,23002.5714285714,10.3568772474925,1.66413232763522e-05,1474.57142857143,1143.46917690897,0.114802096579334,0,0.888889653594425,6.54980132677204e-05,8.12518126808372,668832.276785714,19.8686215888145,9.96389961242676,12870.2857142857,0.00015759739137704,0,0.896821042948726,0.75195448571389,0.113701958923725,69.6864946367724,647.407908509002,7.47766403421066e-05,0,0.000140224315541457,2.84616713576696e-05,115.255402750491,7.5900498599795e-06,0,0,29996.9609069586,44961.7142857143,0,0.221095141675862,0.88370549840326,835.161900746281,4.71747191105094e-05,2.69066761936652e-05,0.000150048895456516,0.910668764445816,0,217.82069454432,5.03900938505615,0,0,0,0,0,0,0.734598711189221,100.514809459415,5.48961779647103e-06,0.482910010343639,435856.798144531,0
"H21-00130 - 2",1,1,"1/7/2021",19607713,0,"7/1/1977 0:00:00",0,0,43,"Portugal",80,162,30.48315806,"Undetermined",5,1,18.3,0,1,2,1.88,44.90002783,1.77,48.26897868,1.69,51.02370415,1.8,47.011922940173,1.9,43.51396774,-1.7489776000865,0,0,0,0,0,0,0,0,0,2.48,0,"3/16/2025 0:00:00",35,0,0,0,"1/13/2021 0:00:00",0,2,1,2,5,6.25,26,0,0," ",0,0," ",0,0,0," ",0,0,0,0,2,1,67,0,0,175,100,32.6530612244898,0,0,"Head Thrauma",2,0.67,102.3357751,0,0.99,50,0,0,0,1,2,2,5,4,0,0,39.7419,1,1,1,1,39.7419,0.034695411,2.27272727272727,46,1,0.021276596,1.50497e-07,352855.1957,218226.2237,270.452627,124.3730644,3.27167e-09,208469,0,218.8332699,0,1.13232e-05,46619.76683,47866.43416,82.94534588,28.64345513,23162.45587,19037.31032,61.33378119,15.10043931,2.3556e-07,0.374355404,0.053103528,0.527886708,0.040645595,0.399641402,0.010749308,0.100596449,-0.521268495,1.29754e-05,0.600358598,3461,72,395008.878,218736.0976,0.52581256,229728.8158,0.526622965,8.32290143,24.3359484,0.274295305,8.32290143,24.3359484,0.274295305,0.358998799,191903.375,0.358998799,191903.375,0.374245773,1100810,0.374245773,1100810,0.327638141,12585,0.327638141,12585,0.390359456,371221.75,0.390359456,371221.75,2.03662120470138,2.03662120475439,82706.70703125,84585.2631578947,16.4739294554058,23.0567677073268,1.75400015960207,222.763837239643,0.475122044054573,2131.54337617025,2.6939045801032,1.1777242301659e-05,1.43229261134563,0.000757521551335308,1.32185437610856,0.000206494397849589,0.000492134229304877,4.80891396297909e-05,168315.157894737,358668.673828125,0.822111355187823,101.58463889952,22.3040246972956,0.000143338964607688,0.000151949176589976,0.528932282742943,52181.8550724638,127.821809360714,1.52654362218125,2.82820282999994,148255.605263158,9394.87824897401,0.926803414952392,0.67550649840462,0.508027456025545,60375.5384615385,0.901103355014241,1.2201300230007,0.829197227205753,41127.3076923077,0.000144291481210438,9.32212544074626,17095.3684210526,10.4561297375223,1.64699804557466e-05,6900.15384615385,1264.53724217033,0,91254.453125,0.894042132220509,0.000118677707225643,17.1053425320437,347431.932192351,24.937637123955,8.54214685841611,60339.3076923077,0.000529882855657067,0.538958302822746,0.878780079736571,0.738397429605186,0.113475637770995,70.2407937410955,423.220857791203,7.66749480917834e-05,0.000258576673697538,0.00131275918582696,0.000107978340306251,152.614227086183,1.39686920625789e-05,5.22928050662511e-05,248556.94140625,28663.8812166963,46624.8947368421,0,0.402915197213577,0.865184168073397,726.433209061691,0.000172526330126004,0.000529889695295372,0.000142488676925015,0.911337834862418,0.237125068241531,155.021702385937,3.36220831966477,0,0,0,0,422249.25,0,0.596732596496605,208.017475730683,1.98041144803135e-05,0.294245439497011,431686.141601562,0
"H21-02014",1,1,"2/11/2021",19428857,0,"6/2/1962 0:00:00",1,0,58,"Portugal",74.5,163,28.04019722,"Chronic glomerulonephritis (FSGS)",2,1,47.67,0,1,2,0.83,81.66469677,0.83,81.66469677,0.82,82.86124261,0.89,74.6378376871603,1.6,36.46540679,-19.0862154485801,0,1,0,0,0,0,0,0,0,1.71,0,"3/16/2025 0:00:00",38,1,1,1,"2/23/2021 0:00:00",0,2,1,2,5,2.44,16,0,0," ",0,0," ",0,0,0," ",0,0,1,0,1,0,52,1,0,160,75,29.296875,0,0,"Stroke (unspecified)",1,0.63,106.670423,0,0.94,44,0,0,0,0,2,2,4,3,0,0,30.27093978,1,1,1,1,30.27093978,0.115595125,0,36,0,0,1.40893e-07,348230.0417,133183.4334,283.5492486,79.80334328,0,0,0,0,0,7.39686e-06,74623.14656,191378.1426,90.74863355,37.87050904,0,0,0,0,1.87857e-07,0.262342719,0.049063007,0.551976754,0.011282416,0,0,0.088886002,-0.60598695,7.53547e-06,0,1890,48,377426.8333,165665.6364,0.430343559,165665.6364,0.430343559,8.134812106,23.8209069,0.345790468,8.134812106,23.8209069,0.345790468,0.394424419,70586.96429,0.394424419,70586.96429,0.096573063,380131.5,0.096573063,380131.5,0.416423905,9173,0.416423905,9173,0.36509177,152472.25,0.36509177,152472.25,2.35725336609424,2.35725336996936,122056.811298077,29365.5,12.8899233341217,24.0281923210949,1.95723748860594,224.356601188885,0,787.889180823962,2.67691613551732,1.37058763422163e-05,1.23885700437148,0.000441439815649394,0,0.000122370042662795,0.000665992919697978,6.85476269947803e-05,70642.5,766494.267127404,0.831112515977397,106.311432886815,23.4984106296615,0.00020865304885713,6.61905748905527e-05,0,57287.25,127.967462953337,1.66382728857511,2.74733495717653,70642.5,8916.92560553633,0.922724133643972,0.557586097836606,0.601157402541305,70626.2142857143,0.90114041140486,1.31201206225444,0.764226933728844,49043.2857142857,0.000132530579526531,9.28665651912095,8217.25,10.4575076897939,1.51763047016301e-05,8271.71428571429,1054.53781972907,0.115503358871415,150093.1859375,0,0,10.6693467133343,166003.605529785,20.2975936142322,7.29612454771996,70586.9642857143,0.000235972737458205,0.5917503111907,0.921943355193341,0,0.114466883880641,73.7895608372103,0,6.95376559402248e-05,0.00017303615404872,0.0167128559388901,4.56466043466227e-05,98.7647058823529,0,3.15672802616063e-05,818976.7625,31169.8458188153,33129,0,0.601257605691166,0.912079368213744,603.04090874663,8.43051209474165e-05,0.00654886138883795,0.000136300448376526,0,0.357971280760711,107.55275790492,3.53497938372,44.8000068664551,23.6314701249301,0.948157671816395,0,409792.2,0.879496969431196,0,162.77296305337,9.71367350398622e-06,0.397509231954374,642268.124080882,23.1574524773492
"H21-03829",1,1,"3/17/2021",20000652,0,"5/2/1981 0:00:00",0,0,39,"Portugal",64,160,25,"Undetermined",5,1,18.2,0,1,2,1.36,67.88805553,1.2,78.89011051,1.26,74.40384949,1.22,76.8612167514145,1.01,95.22508925,9.18193624929275,0,0,0,0,0,0,0,0,0,1,94.69945761,"3/16/2025 0:00:00",36,1,1,1,"3/25/2021 0:00:00",0,1,2,2,5,0,23,0,0," ",0,0," ",0,0,0," ",0,0,1,0,2,1,61,1,0,160,60,23.4375,0,0,"Head Thrauma",2,0.74,91.99134701,0,1.23,73,0,0,0,0,1,2,3,2,0,0,15.5212,1,0,0,0,15.5212,0.202750208,0,27,0,0,1.89964e-07,335241.3519,164143.5079,277.4244371,93.26950319,0,0,0,0,0,7.62672e-06,76541.67066,136422.9902,93.82273969,42.17046296,40570.0299,50720.70464,62.58737197,17.59071603,1.12571e-07,0.449273217,0.06368391,0.583761694,0.009081749,0.343586259,0.008909658,0.109092307,-0.641656785,8.20215e-06,0.656413741,1084,16,361512.9,133044.64,0.359607661,133044.64,0.359607661,7.98566795,24.07461466,0.313700861,7.98566795,24.07461466,0.313700861,0.483417694,156786.0833,0.483417694,156786.0833,0.707208982,666682.5,0.707208982,666682.5,0.358673582,8229.833333,0.358673582,8229.833333,0.608161806,305342.3333,0.608161806,305342.3333,2.84858186903503,2.84858186421182,128623.64375,79979.875,16.3160855770111,23.6609761616256,2.23300361675549,200.483232344727,0,906.544781470731,2.60950272510696,1.23118652752198e-05,1.18641160056452,0.00040816940428616,0,0.000112969888604435,0.0008361852211848,6.24179396717254e-05,158898.125,818927.24375,0.819659167491851,95.6120481052119,23.7777367723325,0.000255829634225589,6.05022130254849e-05,0,44097.6892655367,122.005395387447,1.65833090894883,4.31593100859161,158898.125,8865.53492647059,0.926399546640182,0.596101875852553,0.619647008279156,54847.4,0.90706504117763,1.20285404091036,0.795516367413803,25660.4,0.000129161787268454,8.93934228402727,18289.125,9.87115258685613,1.47570210644743e-05,6243.2,1006.60385872938,0.11539676665565,154150.977864583,0,0,9.41394807355229,320761.56237793,18.5162242547481,11.3906990289688,54806.8,0.000213742963071409,0.605060710309166,0,0,0.114072600246793,61.62566345009,0,7.15059320468433e-05,0.000146894385537874,0.000253261740135341,3.63830373756027e-05,121.422794117647,0,3.00880322015432e-05,797698.697916667,26219.7351933431,60677.875,0,0.445810220508692,0.897226679580567,804.393823752591,6.89632354496142e-05,7.48164204187434e-05,0.000155891918637439,0,0.359941405608805,176.498682303171,3.33586133298901,0,0,0,0,362816.333333333,0,0,170.80422579208,7.85481280004862e-06,0.388408777824964,340041.762882314,18.1342387199402
"H21-05181 - 2",1,1,"4/10/2021",19806943,0,"3/2/1955 0:00:00",0,0,66,"Portugal",78,170,26.98961938,"Diabetic nephropathy",1,1,63.57,0,1,2,1.44,53.58927286,1.39,55.91072121,1.81,40.728514,1.49,51.1197033648593,1.5,50.08415156,-0.517775902429648,0,0,0,0,0,0,0,0,0,2.09,0,"3/16/2025 0:00:00",35,1,0,0,"4/19/2021 0:00:00",0,2,2,2,6,0,20,0,0," ",0,0," ",0,0,0," ",0,0,0,0,2,1,75,0,0,170,77,26.643598615917,1,0,"Stroke (unspecified)",1,0.71,95.67841928,0,1.44,87,1,0,0,1,1,2,4,4,0,0,29.07358187,1,1,1,1,29.07358187,0.1915073,4.34782608695652,22,1,0.043478261,1.58018e-07,385411.4318,224319.7567,280.6543842,116.8317682,7.18262e-09,211142,0,207.8893937,0,8.54731e-06,55778.11639,103984.7641,82.01221561,28.51167863,21260.90975,25695.49053,60.63743245,20.0300395,2.87305e-07,0.418261542,0.060901774,0.476753042,0.014909003,0.35186213,0.018063816,0.127742811,-0.349835149,1.18994e-05,0.64813787,1190,40,423750.975,223116,0.562298552,232324.4211,0.552767775,7.993075011,29.06006425,0.185599098,7.993075011,29.06006425,0.185599098,0.390175261,39760.4,0.390175261,39760.4,0.603731367,104310,0.603731367,104310,0.272017539,13512.33333,0.272017539,13512.33333,0.567411844,79132.5,0.567411844,79132.5,2.39035032759622,2.39035032732212,165809.9375,81220.4285714286,20.8679765973772,21.2703521767497,1.72647517746204,221.314582632874,0,473.582755990415,2.76780526444802,5.13765972531443e-06,1.05715574305549,0.000191395138619609,0,3.6640294664265e-05,0.000632479258526414,2.92903249746145e-05,116837.571428571,1233006.75,0.775121835180889,99.5804552162704,21.0980094071377,0.000186062576408093,1.43515503892906e-05,0,114903.894736842,130.128807590218,1.79178337830117,4.40063249317914,116837.571428571,11574.78125,0.933904643540222,0.622378747658635,0.675896910468074,39791.7,0.90041590761344,1.13537469199448,0.791631200262606,20778.5,9.43696977196859e-05,9.18125095367432,13252.5714285714,10.0449556049548,1.07885601993384e-05,4584.2,1273.92626822926,0.114816766827746,0,0,0,3.91392596773638,437049.862165179,9.99246749389479,8.27641078404018,39760.4,7.49671093350547e-05,0,0.901679102996346,0,0.113297234230311,67.2918091157691,0,5.3707714273866e-05,0,0.001601104740804,1.60857823639812e-05,191.18125,0,0,0,28283.2370456303,22410.1428571429,0,0.153970639449294,0.900069670248896,1080.27463401094,2.66636160785437e-05,0.000553991816340123,9.68858370424856e-05,0,0,136.066977456626,4.44820337888352,0,0,0,0,625014,0,0,173.671840346226,3.01988819861691e-06,0.408951047343789,622483.78125,25.3782958984375
"H21-08255 - 1",1,2,"5/24/2021",20024518,0,"5/19/1958 0:00:00",1,0,63,"Portugal",61,150,27.11111111,"Diabetic nephropathy",1,1,23.6,0,1,2,1.37,43.38687255,1.46,40.19755145,1.69,33.72554536,1.92,28.7581235157659,1.7,32.86860697,2.05524172711705,0,0,0,0,0,0,0,0,0,1.61,0,"3/16/2025 0:00:00",33,0,0,0,"5/31/2021 0:00:00",0,1,2,2,5,18,23,0,0," ",0,0," ",0,0,0," ",0,0,0,0,1,1,77,1,0,162,77,29.3400396281055,1,0,"Stroke (unspecified)",1,0.8,75.84045608,0,1.58,92,1,0,0,1,2,2,5,5,0,0,34.74215497,1,1,1,1,34.74215497,0.147326188,7.69230769230769,101,8,0.073394495,1.16244e-07,478332.5347,270562.8725,314.9075287,126.5208505,9.20743e-09,114827.375,41897.55208,168.5142454,30.28323128,6.28522e-06,69581.35021,149693.6816,94.30683236,38.97327907,27568.35426,39080.62653,64.31041413,20.8242833,2.50902e-07,0.396861454,0.055603169,0.437334037,0.072479013,0.270984949,0.019493137,0.127141188,-0.518804995,6.98157e-06,0.729015051,5461,218,503226.4323,248870.0521,0.509649881,266676.4831,0.503028961,9.425739536,31.52674231,0.276543589,9.425739536,31.52674231,0.276543589,0.472318295,383772.4667,0.472318295,383772.4667,0.643474703,4744184.5,0.643474703,4744184.5,0.391688147,19650.5,0.391688147,19650.5,0.526071727,626520.4444,0.526071727,626520.4444,2.54047375533039,2.54047375523571,160851.346354167,76399.625,18.3051682809989,29.9581782104231,1.69087064069141,235.955534398848,0.638967279943675,1161.74335394734,2.65199047488196,6.3791941998127e-06,1.28498917976567,0.000245938373542738,1.7493710517987,5.12991798199726e-05,0.000715225503022528,3.89776215718267e-05,125579.770833333,1400522.86458333,0.778567942524616,111.223890516824,29.6758341261951,0.000220373169630913,2.12898697556727e-05,0.680275097192318,60173.5517241379,140.668117282275,1.54780066258237,4.81203974994026,125579.770833333,9793.77663008392,0.917403326404561,0.607385866870401,0.675924716523731,42115.75,0.897403893131408,1.26740200727337,0.783858604321314,23564.3333333333,0.000114536072809011,8.90145789584165,14317.7916666667,10.6347949542222,1.31315630609072e-05,4862,1307.43923090125,0.115585777401569,174828.774553571,0.894482306810549,0.000319734157053218,5.27023234150537,358012.44196701,12.8020856535233,7.48688716689746,42079.2083333333,0.000101928615506513,0.624592591646084,0.911036354289796,0.753883730976577,0.113497133314526,74.5778684477132,224.870667786732,6.84955414380293e-05,8.20534082816685e-05,0.00598814389152014,1.79304997679157e-05,190.389283408651,3.66481666247405e-05,1.34371366392175e-05,1001926.02678571,31588.852901743,34911.25,0,0.275771554965433,0.864503614586568,806.065070385643,2.92732210972816e-05,0.0029189836468898,0.000123770491136056,0.906072812188723,0.390909661339344,139.039538734119,3.70065187285938,26.681396484375,23.7653620438916,0.966316527220643,0,405271.807692308,0.903877863480129,0.384938336865619,187.899335524271,3.36588721548553e-06,0.460359725331843,813139.417487158,23.7167968220181
"H21-08512 - 1",1,1,"5/27/2021",19057307,0,"5/22/1957 0:00:00",0,0,64,"Portugal",92,172,31.09789075,"Diabetic nephropathy",1,2,23.73,0,1,2,1.5,51.6660618,1.48,52.50501797,1.58,48.54297239,1.51,50.9379573654848,1.33,58.58546455,3.8237535922576,0,0,0,0,0,0,0,0,0,1.53,0,"3/16/2025 0:00:00",36,1,0,0,"6/4/2021 0:00:00",0,1,1,1,3,0,17,0,0," ",0,0," ",0,0,0," ",0,0,0,0,2,1,60,0,0,175,137,44.734693877551,1,1,"Stroke (unspecified)",1,0.73,104.156319,0,1.4,85,0,0,0,1,1,2,4,1,0,0,25.42524839,1,1,1,1,25.42524839,0.539931717,14.7058823529412,35,5,0.125,1.39641e-07,447596.2,200634.3075,320.7762374,97.19776511,1.99487e-08,70574.1,23298.89845,117.5562449,28.48033138,9.77489e-06,49209.69,45983.29562,84.83994422,28.96690912,35539.33867,43074.75269,62.24900848,17.81370777,3.75036e-07,0.348179125,0.062502878,0.48101907,0.029153641,0.425288693,0.008801561,0.129938462,-0.243887527,1.03674e-05,0.574711307,2450,94,460343.1618,190035.7353,0.40087079,200026.375,0.403841364,7.425307027,22.26850493,0.35050515,7.425307027,22.26850493,0.35050515,0.390034045,51542.53704,0.390034045,51542.53704,0.492827774,290078.5,0.492827774,290078.5,0.349661351,17988.39286,0.349661351,17988.39286,0.43351233,87677.76923,0.43351233,87677.76923,2.71578899817194,2.71578899822878,124035.097098214,8491.5,18.4798469543457,21.8561917126258,1.75792903989857,215.427049231586,0.492827773703076,874.593829631543,2.68612194019322,9.96498734057349e-06,1.26772132151397,0.000367385648189148,1.16876722970205,9.68081071985984e-05,0.000698768029542077,5.66109058135823e-05,15353.5,1001421.81696429,0.809650476079842,101.942461127362,22.2279032051331,0.000193535907060997,4.64708197885313e-05,0.57084252028173,38826.4146341463,122.81005257467,1.75008294547079,2.84929579449386,15353.5,7863.22354497355,0.919811136422618,0.677574752468307,0.650983190834356,42399.0769230769,0.900460809345021,1.28775007799478,0.833208790531137,27724.2692307692,0.000148343313637304,9.36413515307916,1727.5,10.8338135005982,1.70162290097106e-05,4838.38461538462,1109.23170573162,0.11460984390078,161386.634375,0.894648915715401,0.000259286736394655,8.31063362629749,38075.6689453125,17.7930687766303,9.1968994140625,42368.0769230769,0.000171399583405349,0.583898778852159,0.913071592324211,0.765210558039281,0.114435141533428,65.5325994498601,283.298429222613,8.59203153222524e-05,0.000213013399943934,0.00120976109250817,2.9736814125835e-05,95.7830687830688,2.96146953208257e-05,4.63093976030771e-05,938504.695605469,24758.2211235955,5070,3.9658539970851e-06,0.339561332453088,0.871703705176778,505.445275282415,5.54763990823058e-05,0.000298170547435756,0.000185111872794847,0.914868963423033,0.346030453109076,51.3594186658637,4.51838679079932,0,0,0,0,279857.166666667,0,0.525123454875649,187.637498036399,6.41440813795743e-06,0.458194716743759,159187.419419643,0
"H21-08717 - 1",1,2,"5/28/2021",19582239,0,"12/11/1962 0:00:00",0,0,58,"Portugal",52,170,17.99307958,"Diabetic nephropathy",1,2,27.03,0,1,2,2,37.97387537,2.03,37.3014462,2.49,29.19319975,2.09,35.7968131260459,2.17,33.79607086,-1.00037113302295,0,0,0,0,0,0,0,0,0,2.17,33.79607086,"2/5/2025 0:00:00",44,0,0,0,"7/2/2021 0:00:00",0,1,1,1,3,2,27,0,0," ",0,0," ",0,0,0," ",0,0,0,0,1,1,69,1,0,172,87,29.40778799351,1,0,"Stroke (unspecified)",1,0.69,93.88697142,0,1.26,76,0,0,0,2,0,2,4,3,0,0,3.476940148,0,0,0,0,3.476940148,3.176280879,30.7692307692308,22,7,0.24137931,9.10891e-08,417904.9318,376709.8784,274.5579895,174.6367696,2.89829e-08,105833.5,34989.40703,151.6544514,16.22384307,7.95788e-06,63314.45291,74162.38271,92.34363017,43.41394975,36956.29457,33970.33702,73.41997184,30.6153019,7.61836e-07,0.636406134,0.038066603,0.503848753,0.161580845,0.308676788,0.025233471,0.075551647,-0.50794768,8.17823e-06,0.691323212,1922,184,509256.1944,89138.33333,0.156547576,105379.0667,0.173184108,7.242868314,26.64259867,0.320265716,7.242868314,26.64259867,0.320265716,0.477727607,31689.27273,0.477727607,31689.27273,0.558521485,66911.5,0.558521485,66911.5,0.462515015,18905.35714,0.462515015,18905.35714,0.504349643,54061.125,0.504349643,54061.125,1.9187017596446,1.91870176009117,107513.743489583,17255.6363636364,7.77674500508742,23.8080362897386,1.64174020847684,221.461867007169,0,1198.39112458763,2.93250909515849,4.81192924564296e-06,1.22288028776752,0.000308311767394003,0,6.17465142620364e-05,0.000704033729291206,2.40138200074164e-05,89236.2727272727,227567.3984375,0.767282812348754,106.832730018885,24.8588282482322,0.000235964944271664,4.29594228661422e-05,0,5435.44968553459,138.372359085764,1.84858456067347,4.67653260419672,89236.2727272727,7666.91684901532,0.91163676340457,0.484243995989634,0.462806297773595,31713.7272727273,0.895537727192517,0,0.674012877312919,15562.6363636364,0.000135350817195176,8.92020363880717,10203.0909090909,10.3348704314082,1.5355739806177e-05,3610.54545454545,752.591800968738,0.115278499299746,207946.56875,0,0,9.41795203339827,36900.6222079884,13.7603574891554,7.37730880217119,31689.2727272727,0.000212805376195943,0.501598647831001,0,0,0.113151633715168,59.7884116585391,0,8.49776841002941e-05,6.0836613173967e-05,0.00161802372019776,2.43047040347754e-05,143.281181619256,0,9.81083989965305e-06,514075.96875,19865.3748584371,61807.7272727273,0,0.657326382095667,0.846042599865527,1682.47573730241,4.30844880348788e-05,0.000821672822093987,0.000147883702280775,0,0.254424180976958,119.163419119062,1.79044928778202,0,0,0,0,0,0,0,165.312918885115,4.92346950928317e-06,0.164222441409031,13759.7224761586,7.34457492828369
"H21-11172 - 1",1,1,"7/4/2021",19701286,0,"3/24/1955 0:00:00",0,0,66,"Portugal",63,170,21.79930796,"Hypertensive Nephrosclerosis",3,2,35.77,0,1,2,1.18,68.05412367,0.99,84.01379858,1.25,63.50688908,1,82.4920026675966,1.6,46.35171983,-18.0701414187983,0,1,0,0,0,0,0,0,0,0.93,46.35171983,"2/5/2025 0:00:00",43,1,1,1,"7/12/2021 0:00:00",0,1,1,2,4,0,18,0,0," ",0,0," ",0,0,0," ",0,0,0,0,1,0,59,1,0,160,70,27.34375,0,0,"Stroke (unspecified)",1,0.66,100.9875761,0,1.09,61,0,0,0,1,1,2,4,2,0,0,17.74892724,1,0,0,0,17.74892724,3.215806872,7.69230769230769,12,1,0.076923077,1.3245e-07,341957.25,108771.4224,286.2319344,46.44562862,1.10375e-08,83941,0,154.3923573,0,1.03201e-05,33534.45187,25866.31308,71.65987806,21.68626206,19508.19218,18018.97939,58.06198796,16.05415291,5.07726e-07,0.402654679,0.045292305,0.346078151,0.035079815,0.382943231,0.015898791,0.130873055,0.064682561,1.41121e-05,0.617056769,935,46,341957.25,172774.9167,0.490198807,172774.9167,0.490198807,7.466770645,28.81478584,0.209776315,7.466770645,28.81478584,0.209776315,0.428898219,52601.27273,0.428898219,52601.27273,0.795889114,278542.5,0.795889114,278542.5,0.368245708,15733,0.368245708,15733,0.501681232,96843.2,0.501681232,96843.2,3.20339773092429,3.2033977296552,0,101238.25,17.8422088623047,22.9018861625172,1.77218354493249,214.894328741148,0.795889113596688,1041.62149086082,0,0,0,0,2.3153105642107,0,0.000826361594211252,0,218422.25,0,0,100.484525219288,23.5682348544041,0.000222310153398415,0,0.778666707307663,67256.6666666667,116.033515460211,0,2.24905980740607,218422.25,8911.08974358974,0.927242312748173,0.643332752739168,0,30032.5,0.900645351866787,1.28878026905764,0.807828161761548,19120.9,0.000112842944719393,10.1593819642678,25629,11.3209228515625,1.28636289727705e-05,3433.4,1068.65042758433,0,0,0.923284703362331,0.000238746249046597,0,415484.151367188,0,11.2445449829102,30007.15,0,0,0.885773766851285,0.770657760373206,0.114683017024359,62.6093548366379,185.010810494955,6.97925523651094e-05,0,8.25606920857399e-05,0,100.717948717949,2.72399016804917e-05,0,0,23526.8719211823,91629,0,0.428936923944574,0.855610641645483,739.22704684474,0,1.69327432587002e-05,0.000102909869857544,0.935988417608776,0,234.023384577506,3.62571766300472,0,0,0,0,303097,0,0.359486975213611,152.817428614734,0,0,0,0
"H21-11737 - 1",1,2,"7/13/2021",19348706,0,"8/15/1955 0:00:00",0,0,65,"Portugal",74,180,22.83950617,"Diabetic nephropathy",1,1,65.67,0,3,1,1.49,51.75953192,1.25,63.90308823,1.16,69.89792369,1.01,82.0214053513844,0.97,85.03246293,1.5055287893078,0,0,0,0,0,0,0,0,0,0.97,85.03246293,"2/5/2025 0:00:00",43,1,1,1,"7/26/2021 0:00:00",0,2,2,1,5,74,17,0,0," ",0,0," ",0,0,0," ",0,0,0,0,1,1,63,0,0,170,70,24.2214532871972,1,0,"Donor after Cardiac Death (DCD)",4,1.14,72.26534093,1,1.54,91,1,0,0,0,0,2,2,2,0,0,7.7616,0,0,0,0,7.7616,0.713053989,0,50,0,0,3.56942e-07,452562.08,173531.7001,318.2652245,90.48373814,0,0,0,0,0,1.49987e-05,55802.39029,51243.74043,87.93160335,27.90168204,32935.96573,35426.9912,63.07957918,20.48147661,8.20966e-07,0.793295,0.161538198,0.836962351,0.057862809,0.268790527,0.043579997,0.193005334,-0.402115489,1.31786e-05,0.731209473,2101,115,477733.5,46577.23404,0.095043778,72690.14286,0.135223073,5.388426966,21.46816531,0.332065489,5.388426966,21.46816531,0.332065489,0.676948251,57480.28947,0.676948251,57480.28947,0.790913658,434151.5,0.790913658,434151.5,0.649412668,10132.5,0.649412668,10132.5,0.736608681,160067.1667,0.736608681,160067.1667,1.05250794087516,1.05250794143575,125489.332682292,5475.33333333333,6.56408325831095,20.5367555680551,1.75799171926266,212.809214901037,0.790913657777221,1279.11850813093,2.95879927602661,4.15909481350389e-06,1.25030094972386,0.000168496063842397,2.85527946061372,3.29708956846362e-05,0.000168102688263869,2.31032482315027e-05,228870.5,190089.950846354,0.788147300559953,101.472841167635,19.8426553885063,6.63243472990645e-05,2.37422965202017e-05,0.867080795096226,3178.71487603306,122.524489854088,1.92797700470831,6.09114345673734,72549.25,7682.80413625304,0.919997337655341,0.157520215607593,0.453732380998886,36583.8888888889,0.898475427172416,1.54736732796382,0.435104660172684,5229.72222222222,0.000129712746577361,9.54110341756593,8296.83333333333,10.5846638541576,1.48193634851742e-05,4196.5,219.706184438018,0.115217096240774,133741.176106771,0.915410244531947,0.000185463762441527,7.7264642299661,11273.7869790395,10.8277275188525,9.36046616236369,36554.1111111111,0.000120555306708798,0.40890962417777,0,0.795919953860724,0.113776987740392,65.6530396757564,222.182357535426,8.20754472225049e-05,0.000217611781764888,0.000326719085400788,2.40995652713989e-05,144.186131386861,2.07270114413103e-05,4.5963380353415e-05,115167.843343099,23703.4218230206,58756.5,0,0.781033468897895,0.784795199753206,1266.00947616036,3.95412448024724e-05,0.00011888862650532,0.000126410851239442,0.926533426066577,0.109775931458045,114.004917926215,1.90877712360771,0,0,0,0,337568.333333333,0,0.179419920039796,139.247752183707,4.5822856000002e-06,0.0960637508637331,5334.94147745768,0
"H21-11737 - 2",1,2,"7/13/2021",19703646,0,"1/29/1952 0:00:00",0,0,69,"Portugal",75,176,24.21229339,"Chronic glomerulonephritis (IgA)",2,1,39.47,0,3,1,1.2,65.46246229,0.85,94.06228897,0.89,92.76502725,0.98,82.9540384346311,0.94,86.12978932,1.58787544268445,0,0,0,0,0,0,0,0,0,0.86,86.12978932,"2/5/2025 0:00:00",43,1,1,1,"7/26/2021 0:00:00",0,0,1,2,3,39.9,8,0,0," ",0,0," ",0,0,0," ",0,0,0,0,2,1,63,0,0,170,70,24.2214532871972,1,0,"Donor after Cardiac Death (DCD)",4,1.14,72.26534093,1,1.54,91,1,0,0,0,0,2,2,2,0,0,5.581513215,0,0,0,0,5.581513215,6.043142555,0,32,1,0.03030303,0,371360.9688,142874.5666,302.5105603,68.65005209,0,24963.5,0,56.85068161,0,0,0,0,0,0,33782.54333,39954.63756,60.9119225,20.24404323,0,0.895592773,0,0,0,0.265042521,0.027219541,0.190507264,0.901005456,1.92903e-05,0.734957479,1229,58,371360.9688,27002.5,0.071927449,52321,0.113774371,5.332323739,21.12792036,0.296631442,5.332323739,21.12792036,0.296631442,0.682009857,85053.29167,0.682009857,85053.29167,0.980582275,573898,0.980582275,573898,0.612153531,16963.28571,0.612153531,16963.28571,0.779808715,180379.3,0.779808715,180379.3,0.928176794177238,0.928176792659781,93398.94921875,24853,17.3813972473144,19.068362609719,2.01398294884603,197.169968466944,0.98058227476663,812.373695302377,2.78591336187482,5.74591545440645e-06,1.25745220192271,0.000288487553713118,4.62235214558932,6.77375932961811e-05,0.000204226592405124,2.64056575059785e-05,94829.5,83810.4406926082,0.805299153460361,93.1658188434681,17.7449270952561,8.21006588683196e-05,5.50666845230644e-05,0.941486363509348,1683.90163934426,116.228436769794,1.79584412293401,6.47312532849055,94829.5,8173.49282296651,0.930444295069364,0.189055076433138,0.404298002252257,40643.4545454545,0.904201107741527,1.23320401321702,0.452622843883701,8132.09090909091,0.000123576098152952,9.81076485726632,10779,11.1248583129195,1.42182744101112e-05,4681.81818181818,157.320822281854,0,147190.4546875,0.939864327810743,0.000183846059566123,11.7840127101944,88051.6953125,14.8145068397077,9,40612.8636363636,0.000232179744908282,0.3704299605414,0,0.771724262684301,0.114646629519246,58.9148353613416,191.815015053567,7.7336611793677e-05,0.000270823424632201,0.000183174172698013,3.99651573877439e-05,132.389154704944,2.09037746991163e-05,5.85030969222008e-05,88096.1991210938,21520.1437429538,59258,0,0.624491516492781,0.898337086284949,1200.06770108366,6.81101371486101e-05,3.73369173300582e-05,9.00006913667044e-05,0.945530195784489,0.0870310561137127,151.16216457831,3.5429000648815,0,0,0,0,250414.75,0,0.111312600272794,166.254011201536,7.86283760020569e-06,0.0730772845233079,5616.68741650052,6
"H21-14920 - 1",1,1,"9/4/2021",19695703,0,"9/23/1958 0:00:00",0,0,62,"Portugal",99,174,32.69916766,"ADPKD",4,2,35.2,0,1,2,2.14,34.15233148,1.76,43.18189367,1.81,41.75443345,1.9,39.1481781850588,1.87,39.4097731,0.130797457470599,0,0,0,0,0,0,0,0,0,1.69,39.4097731,"2/5/2025 0:00:00",41,0,0,0,"9/22/2021 0:00:00",0,2,1,2,5,0,19,0,0," ",0,0," ",0,0,0," ",0,0,0,0,1,1,64,0,0,166,83,30.1204819277108,1,0,"Head Thrauma",2,1.04,80.18162669,0,1.21,71,0,0,0,1,2,2,5,1,0,0,41.2777,1,1,1,1,41.2777,3.645957675,15,19,3,0.136363636,1.80474e-07,366454.9737,131110.9687,300.4202968,53.823425,2.84958e-08,26026.16667,18187.33573,67.26634189,41.23395746,8.72922e-06,43855.61045,42154.25726,75.71360036,25.52114513,25644.29971,23420.61453,61.3907409,16.48886243,3.60947e-07,0.440834971,0.066135434,0.382825325,0.04196546,0.321750379,0.015929486,0.172756163,-0.353033333,1.05157e-05,0.678249621,919,38,366454.9737,167100.7895,0.468361644,167100.7895,0.468361644,8.424641862,26.30416519,0.324531748,8.424641862,26.30416519,0.324531748,0.37338129,13869.875,0.37338129,13869.875,0.458037269,27148.5,0.458037269,27148.5,0.37338129,13869.875,0.37338129,13869.875,0,0,0,0,3.11482819336803,3.11482819264993,108433.34765625,101000.5,26.3829460144043,21.9668041837658,1.95272006185473,196.169313081047,0,598.473373839501,2.67364631539094,1.36784124390135e-05,1.29040910841817,0.000461630882429171,0,0.000124698811928769,0.000872091148891399,8.20616092240363e-05,194999.125,698381.3125,0.841126963521952,91.3622881145604,22.5661824007145,0.000261335316943044,5.99992630696806e-05,0,43166.4489795918,114.817751873901,1.92651125963726,1.43715243494661,194999.125,7574.37037037037,0.92568555897714,0.709992558047997,0.622199102286164,13887.5,0.905408190105343,1.22923664838662,0.86439490687005,9871.375,0.000156816879617741,9.47832444540981,23056,10.9632033328621,1.8120718024516e-05,1615.375,728.715271207594,0.115652223951979,140615.940104167,0,0,10.3407112438174,550315.9296875,21.3865482157047,11.0383739471436,13869.875,0.000221781460494188,0.610438344314683,0.904191288941461,0,0.114872255546052,62.2485820520377,0,8.236105438615e-05,0.00015359310263794,0.000135228906226055,4.4663621614004e-05,71.3434343434343,0,2.46067996189626e-05,808265.739583333,24550.9404761905,71015.5,0,0.374030950459172,0.894536899337818,496.598045221046,6.55815607741139e-05,2.72581365452702e-05,0.000184913875255404,0,0.379970176965656,229.352189551012,5.24926241445691,0,0,0,0,352198.666666667,0,0,103.054359157732,7.47348421340719e-06,0.42921426076827,207296.1640625,0
"H21-14920 - 2",1,1,"9/4/2021",19657497,0,"7/18/1952 0:00:00",0,0,69,"Portugal",75,170,25.95155709,"Undetermined",5,2,18.1,0,1,2,2.1,33.44619198,2.16,32.33443902,2.04,34.63009086,1.97,35.8880079944103,1.62,44.82174823,4.46687011779485,0,0,0,0,0,0,0,0,0,1.53,44.82174823,"2/5/2025 0:00:00",41,0,0,0,"9/15/2021 0:00:00",0,2,1,2,5,0,19,0,0," ",0,0," ",0,0,0," ",0,0,0,0,2,1,64,0,0,166,83,30.1204819277108,1,0,"Head Thrauma",2,1.04,80.18162669,0,1.21,71,0,0,0,1,1,2,4,1,0,0,81.71932842,1,1,1,0,0,5.095104415,8.33333333333333,35,3,0.078947368,2.62785e-07,276682.0143,153572.7245,240.5561379,90.92603874,2.25244e-08,112547.3333,49803.43695,160.7652781,33.15406488,9.97833e-06,45429.78668,46564.8105,79.83401285,30.09401984,25269.72849,25532.31274,58.04113804,17.53795952,2.70293e-07,0.313084326,0.072707913,0.453313222,0.03993638,0.325227725,0.004212029,0.160392219,-0.2910057,1.0873e-05,0.674772275,1329,36,293379.6818,131517.8788,0.465050474,143369.069,0.426453143,7.827371681,24.69159945,0.362363904,7.827371681,24.69159945,0.362363904,0.298284753,130266.8529,0.298284753,130266.8529,0.643749127,1902532,0.643749127,1902532,0.256324346,15291.39286,0.256324346,15291.39286,0.494099983,666819,0.494099983,666819,3.18084981106204,3.18084981100142,127073.1265625,50499.3,19.2263397216797,21.5798287345333,1.83945442033946,205.52088235852,0,853.786900862926,2.64972161169773,1.18870199827067e-05,1.18178500208929,0.000405802725740746,0,0.000110098989214577,0.000926256502039036,6.05855076334597e-05,100004.9,826248.090625,0.830913493401688,97.2770192751531,24.6089128892346,0.000259399130690627,5.97526403804971e-05,0,33546.8383838384,125.460665011618,1.82778250824416,1.30528401923044,100004.9,7176.41927083333,0.917782701755409,0.739622734882597,0.631316590172665,19520.0625,0.901989635198469,1.33868306033801,0.886306839986634,14006.4375,0.000182766189011553,9.550572792689,11609,10.8156827676176,2.10193599948028e-05,2261,929.929046737736,0.116579592214157,104229.934895833,0,0,9.02777619026974,260857.301873779,17.7470871811208,8.3541015625,19500.28125,0.000211536902408534,0.548806963462982,0.901832358552172,0,0.114855074780064,61.8060752361714,0,9.6412318137188e-05,0.000388308906203424,0.000523171970225129,3.76503778563699e-05,68.625,0,7.17244555608431e-05,353928.766927083,23673.8412462908,37931.7,0,0.424421136875164,0.902639387191103,553.95309927936,6.97623348006706e-05,0.000167056059390875,0.00021853312351577,0,0.243989280800183,133.188081298155,4.0976963661866,0,0,0,0,310786.192307692,0,0,121.573706281466,8.17008086084199e-06,0.421339987818611,147645.078776042,14.3157552083333
"H21-15818",1,1,"9/19/2021",19075102,0,"9/20/1986 0:00:00",1,0,34,"Portugal",85,175,27.75510204,"Alport Syndrome",2,1,55.57,1,1,2,0.71,114.3515955,0.81,97.62706298,0.98,77.67494528,1.15,63.7109133068769,0,0,0,1,1,0,0,0,1,1,0,0,3.08,0,"2/5/2025 0:00:00",41,1,1,1,"10/2/2021 0:00:00",0,1,2,0,3,29.17,6,0,1,"10/25/2023",1,1,"10/25/2023 0:00:00",1,0,0," ",0,0,1,0,1,0,33,0,0,177,85,27.1314117909924,0,0,"Head Thrauma",2,0.8,119.840374,0,0.66,7,0,0,0,0,1,0,1,1,0,0,10.35713808,0,0,0,0,10.35713808,0.023324546,0,20,0,0,1.37254e-07,371433.05,175057.0252,295.5691195,83.62861711,0,0,0,0,0,6.27939e-06,55947.91967,134749.5661,81.65154298,40.03788314,34335.44797,42899.50548,63.78238641,19.10949152,1.92156e-07,0.300254121,0.050980832,0.35131882,0.02237099,0.439298081,0.001968009,0.145112727,-0.420573889,8.31144e-06,0.560701919,915,28,389402.7895,210118.3684,0.548317294,210118.3684,0.548317294,10.07228756,23.09385405,0.379959404,10.07228756,23.09385405,0.379959404,0.415947939,168430.75,0.415947939,168430.75,0.763149182,1146320,0.763149182,1146320,0.273338732,18715.625,0.273338732,18715.625,0.558557147,318145.875,0.558557147,318145.875,3.35259544498152,3.35259544783534,167347.25,105657.333333333,25.7444462776184,22.9793755619337,1.93079036693322,204.536660648794,0,529.28741735532,2.71549072122465,1.15964599696303e-05,1.17258735688888,0.000299725381651886,0,8.06523469675504e-05,0.00124124878885034,5.60941741378244e-05,173495,1630711.359375,0.839273425028795,97.8827935526773,22.7003074738428,0.000408618247758693,3.27697524258798e-05,0,52434.4657534247,124.896156979897,2.04094542126536,3.48928229951556,173495,8015.08308605341,0.927688042211159,0.660635792846194,0.685489986254891,28762.1428571429,0.905698117115104,1.12016032032781,0.828818016691302,17837.7142857143,0.000157065268480315,9.44453459040701,20162.1666666667,11.1076786877358,1.81377169316123e-05,3302.28571428571,731.025919813112,0,169367.2109375,0,0,6.09704958273245,659974.051595052,15.4275863577142,11.159948905309,28732.2857142857,0.000119488638159531,0.660393137495218,0.928717171290146,0,0.11535853810235,61.0780897527715,0,8.04061772031326e-05,0.000130063174599983,0.000159076946998871,2.66578551349262e-05,68.0623145400593,0,2.4728901837624e-05,1419634.625,22639.1594317285,47761.1666666667,0,0.343756277984858,0.912356827150453,366.305542514272,4.92644820015783e-05,3.69818990059521e-05,0.000162803064626018,0,0.448369701450252,198.828014579082,5.48006253427368,27.1813945770264,32.9156090364355,0.962600024345163,0,420081.125,0.911916982293517,0,157.656151839314,5.6473739689201e-06,0.512602763476249,448397.588654891,20.893798828125
"H21-16428 - 2",1,2,"9/29/2021",19781543,0,"5/5/1953 0:00:00",0,0,68,"Portugal",85,168,30.11621315,"Undetermined",5,1,46.03,0,3,1,1.33,58.22223467,1.37,56.18833447,1.94,37.01252925,1.24,62.9366771373741,1.55,47.55648845,-7.69009434368705,0,1,0,0,0,0,0,0,0,1.53,47.55648845,"2/5/2025 0:00:00",40,1,1,1,"11/15/2021 0:00:00",0,0,1,1,2,4,27,0,0," ",0,0," ",0,0,0," ",0,0,0,0,2,1,67,0,0,170,65,22.4913494809689,0,0,"Head Thrauma",2,0.6,105.8035881,0,1.11,63,0,0,0,1,1,2,4,4,0,0,23.8055569,1,1,0,0,23.8055569,1.081850823,2.94117647058824,67,2,0.028985507,1.58106e-07,351054.8582,139683.366,289.1471766,78.89233068,4.71957e-09,109554.75,15448.75,157.176647,11.83222848,1.14568e-05,49291.85778,50331.8167,83.97201713,29.38923119,18626.33147,17951.90609,54.26712272,15.3913091,2.71375e-07,0.518227558,0.055503708,0.564724501,0.02541169,0.287649673,0.010749306,0.098284576,-0.573950816,1.30347e-05,0.712350327,4855,115,356182.0379,102361.4091,0.306036464,106641.6667,0.292299188,6.541803301,18.23484756,0.432679168,6.541803301,18.23484756,0.432679168,0.416581257,107078.775,0.416581257,107078.775,0.683268746,1360611,0.683268746,1360611,0.353423735,13160.76667,0.353423735,13160.76667,0.606053826,388832.8,0.606053826,388832.8,1.72397160336737,1.72397160168962,112748.68984375,70849.6923076923,16.003221145043,17.6356486211583,1.70409175114412,209.087105427767,0,973.93116641562,3.13652224968334,6.85054270157926e-06,1.23461303964239,0.000291199399979516,0,6.69904110714471e-05,0.000529647634246874,3.83757034241944e-05,157485.653846154,348615.643505859,0.789225392319729,98.6407466915358,16.0437800184578,0.000162547871724484,4.18569100688141e-05,0,24416.9847094801,126.905346191778,2.14540092519167,3.75803925739785,157485.653846154,7480.92899092365,0.920839776300541,0.647955785797178,0.521197921314176,41127.6842105263,0.900124871128148,1.22600712900063,0.827996567196176,21269.8421052632,0.000137487419643138,9.22124715189977,18135.7692307692,10.2736565636568,1.56363522061876e-05,4701.63157894737,963.628566036407,0.114739827395195,122527.96484375,0,0,9.75354926192091,248365.219332181,15.6381621824659,8.4868227151724,41103.3947368421,0.000180785975166763,0.499739948743212,0.869531573560815,0,0.113498514400289,59.5472735036974,0,7.85330471100257e-05,0.00018258857623796,0.000197792622054302,3.31887713040354e-05,107.798184730379,0,3.27248838191523e-05,295139.182477679,19735.300618238,68555.5384615385,0,0.443883653516561,0.850096876150474,741.317117121797,5.7153992785761e-05,5.69559608672876e-05,0.000133880825772045,0,0.236202268966905,181.837782184093,3.08261179904541,0,0,0,0,352384.666666667,0,0,141.933685024664,6.57316061765449e-06,0.250432960530697,88886.4510182348,4
"H21-16984 - 1",1,2,"10/7/2021",14026851,0,"9/18/1971 0:00:00",1,0,50,"Portugal",52,151,22.80601728,"Anti-GBM disease",2,1,69.93,0,1,2,0.92,75.85613879,0.94,73.92353066,0.84,84.60596476,0.86,81.7404409701523,0.82,85.47841877,1.86898889992385,0,0,0,0,0,0,0,0,0,0.83,85.47841877,"2/5/2025 0:00:00",40,1,1,1,"10/18/2021 0:00:00",0,1,2,2,5,6,15,0,0," ",0,0," ",0,0,0," ",0,0,0,0,1,0,37,0,0,170,60,20.7612456747405,0,0,"Anoxia",5,1.88,46.60716168,0,0.94,44,0,0,0,1,1,0,2,3,0,0,21.40964036,1,1,0,0,21.40964036,0.026959127,5,38,1,0.025641026,2.51579e-07,276848.5132,100999.672,260.2392306,66.40220924,6.6205e-09,92797,0,154.9870962,0,1.21817e-05,40880.78451,43326.45869,72.87967208,22.48792249,31368.85799,55841.20044,54.26597417,15.71414093,2.97922e-07,0.374213413,0.069649259,0.497998178,0.015769459,0.396266548,0.007572745,0.139858462,-0.418019054,1.25498e-05,0.603733452,1840,45,284325.1486,135730.9459,0.486104715,138436.6389,0.478872149,7.515998198,27.14813701,0.218803778,7.515998198,27.14813701,0.218803778,0.351140668,67607.18182,0.351140668,67607.18182,0.625542635,368427.5,0.625542635,368427.5,0.277274653,15882.5,0.277274653,15882.5,0.439779886,129676.8,0.439779886,129676.8,2.41130035850735,2.41130035873643,96869.919921875,125247.764705882,21.3813967985265,22.7238346350263,2.4162082102768,170.330247960724,0.625542635301073,1087.31085593064,2.62109729271115,9.83257918382114e-06,1.05659422750946,0.000399064265296206,2.0257801743352,9.49289454285654e-05,0.000673279106416956,5.94337780784081e-05,200338.088235294,585749.9453125,0.794688664555471,77.2465247350172,23.1868583374313,0.000194906769548228,4.59934703776237e-05,0.672543012395709,85570,99.9829007908472,1.51071341759562,2.09867584086408,200338.088235294,9140.9770773639,0.953484764143301,0.675134563750173,0.627819474773094,37554.9,0.911591850391716,1.18050936137798,0.829448868329009,23019.5,0.000107686143995864,8.98825549396198,23098.7058823529,10.690905936559,1.22557301405087e-05,4305.2,1190.71386486977,0,0,0.911566345513835,0.000200477675172546,8.38285192295773,551018.385035795,17.270901659353,9.04049368465648,37525.15,0.000192742807315361,0,0.885741570727678,0.752844102443622,0.114190063616889,60.3534600340512,239.301065605651,5.68692217185936e-05,0,0.00092938059602003,2.78605297153737e-05,113.320916905444,2.27771153774956e-05,0,0,28605.1626566416,52049.7058823529,0,0.260335772912847,0.871809028525921,676.082168664571,5.18310596606952e-05,0.000459835219095753,8.58827735672694e-05,0.923813731563504,0,215.539020708502,4.21696290485274,0,0,0,0,281584.285714286,0,0.474632244199078,177.814430868894,5.92821358569504e-06,0.357170240859736,1236545.171875,0
"H21-16984 - 2",1,2,"10/8/2021",19790856,0,"1/11/1970 0:00:00",0,0,51,"Portugal",67,168,23.73866213,"Undetermined",5,2,74.23,0,1,2,1.54,54.27540885,2.46,30.9389692,2.82,26.26207508,1.51,55.2274033443266,0,0,0,1,1,0,0,0,1,0,0,0,4.44,0,"2/5/2025 0:00:00",40,1,1,0,"11/4/2021 0:00:00",0,2,2,1,5,0,26,1,3,"5/14/2024",1,3,"5/14/2024 0:00:00",1,0,0," ",0,0,1,0,2,0,37,0,0,170,60,20.7612456747405,0,0,"Anoxia",5,1.88,46.60716168,0,0.94,44,0,0,0,1,1,2,4,4,0,0,20.44236526,1,1,0,0,20.44236526,0.693165626,2.77777777777778,72,2,0.027027027,2.44776e-07,247518.8194,105512.8719,244.2050163,72.07350805,6.79934e-09,187543.75,1173.75,212.6052287,2.452902985,1.2198e-05,36191.71433,43632.14934,67.56867999,21.9989096,28098.94394,29417.46911,58.6075922,17.5849314,5.03151e-07,0.360842381,0.060586728,0.441467123,0.027078993,0.380651291,0.013150522,0.137239501,-0.257533285,1.28278e-05,0.619348709,3588,148,261517.8309,110728.8235,0.430066736,116135.8889,0.419192573,8.124221252,25.64986441,0.254092062,8.124221252,25.64986441,0.254092062,0.416299998,64688.27273,0.416299998,64688.27273,0.632592769,360553,0.632592769,360553,0.315277982,16987.64286,0.315277982,16987.64286,0.593088527,148164.375,0.593088527,148164.375,2.77936843835092,2.77936843878094,84546.7,91601.1,21.4615002473195,23.6666036147412,2.12027927564798,203.662396362336,0.632592768778707,727.290337214099,2.90823516927838,1.24347820686947e-05,1.18869132429956,0.00047850162022083,1.92938341249493,0.000138998499429975,0.000735936073790789,6.58112928302886e-05,170435.633333333,340235.70703125,0.813174170210029,91.4697013939918,23.5858334462195,0.000206156738643284,8.60704726234224e-05,0.590975109477659,108186.086956522,122.874974014831,1.94762392058913,3.75404946846304,170435.633333333,9650.07407407407,0.946620745933288,0.64061229551853,0.546915634368357,35123,0.906363380273908,1.20857969685319,0.804367587177393,19598.5,8.85084762075927e-05,9.14964219474007,19782.9,10.544827596001,1.0162997105291e-05,4061.7,1141.50280683901,0,105768.009765625,0.883990355131481,0.000211744284802743,13.0750509809134,412031.197767639,21.4660621094189,9.52671948273977,35101.8,0.000294534841163773,0.56710445475384,0.905284333717168,0.722478399969086,0.114461847339479,61.0310628049,240,4.93016598558775e-05,0.000213481418934602,0.00278562513443908,4.45225684865575e-05,114.059670781893,2.43685722150085e-05,3.88568959861182e-05,482492.24609375,25738.1825072886,59108.4666666667,0,0.311092473904529,0.861642846856973,539.574311371778,8.60561347979862e-05,0.0014844774552702,8.40175815870986e-05,0.902447070600332,0.325105166040911,194.601412683674,4.39275685667811,0,0,0,0,285854.681818182,0,0.460151076503278,165.999066085681,9.89966511075547e-06,0.300151125670071,466559.506696429,0
"H21-17233 - 2",1,2,"10/9/2021",19710792,0,"8/19/1961 0:00:00",0,0,60,"Portugal",75,178,23.67125363,"Alport Syndrome",2,1,42.37,0,1,2,1.42,56.56826868,1.58,49.76573194,1.98,37.95951649,1.99,37.4967995379391,1.65,46.36979164,4.43649605103045,0,0,0,0,0,0,0,0,0,1.75,46.36979164,"2/5/2025 0:00:00",40,0,0,0,"10/18/2021 0:00:00",0,2,2,1,5,0,17,0,0," ",0,0," ",0,0,0," ",0,0,0,0,2,1,76,0,0,170,70,24.2214532871972,1,0,"Stroke (unspecified)",1,0.7,95.49340897,0,1.53,91,1,0,0,1,2,2,5,4,0,0,21.91,1,1,0,0,21.91,0.158852673,7.14285714285714,28,2,0.066666667,1.76464e-07,266093.6607,134713.7994,245.8374357,91.15836792,1.26046e-08,144412,2135,195.3484088,2.828280012,1.16592e-05,39145.72784,37835.15054,69.12376567,25.54906553,20818.40817,25235.68992,49.33149186,15.69440581,2.83603e-07,0.518519176,0.046955919,0.456408675,0.035507472,0.217409098,0.018775449,0.102881304,0.248597501,1.07514e-05,0.782590902,1850,45,286054.6538,106751,0.366743766,116479.0435,0.372222091,5.144485616,21.01749575,0.32759951,5.144485616,21.01749575,0.32759951,0.467575869,185785.7,0.467575869,185785.7,0.553323861,609221,0.553323861,609221,0.349830649,24683.5,0.349830649,24683.5,0.644193698,427439,0.644193698,427439,2.00369028009592,2.00369027941177,71554.625,77240.4,15.8506979703903,20.9772499135742,2.21476899251157,187.59147562724,0.644193698264391,992.203952473906,2.80449356430774,1.01977713524498e-05,1.28603429564449,0.000572259486406508,2.37946766109679,0.000166252968835162,0.000742152613355671,5.44202257624032e-05,148465.9,216257.61340986,0.801099812296112,84.0216580127831,19.618782596379,0.000229496362107959,0.000119299757908335,0.650928207713015,44941.4886363636,103.799903623033,1.77415705607225,1.85188710953126,148465.9,8830.72839506173,0.940369685724818,0.674312015075451,0.515950502636128,24726,0.906847495351487,1.14435420713691,0.834647585239296,16686.3333333333,0.000127863828644223,9.71611048262796,17067.1,10.5017630241134,1.45671002273306e-05,2831.33333333333,1114.15643091165,0,0,0.903897705006732,0.000230350737311414,15.3683157716462,295276.104962158,22.1997717224218,8.77503952980041,24683.5,0.000403981143647688,0,0,0.723117182595032,0.113801905783473,50.5667239859315,243.933449601151,7.23324540954068e-05,0,0.00187487363294699,7.0890166925277e-05,121.185185185185,2.61660039213521e-05,0,0,18366.286407767,54203.9,0,0.408450293818926,0.847578623335172,967.033407733991,0.000122352640760929,0.000673713800860316,0.000129023324819695,0.915532195765748,0,166.195024449875,3.32777173002329,0,0,0,0,381502.636363636,0,0.468427896923127,151.754635951462,1.41475719390317e-05,0.249099077519525,156983.871303013,0
"H21-17666 - 1",1,2,"10/16/2021",20042085,0,"7/11/1956 0:00:00",1,0,65,"Portugal",73,163,27.47562949,"Chronic glomerulonephritis (IgA)",2,2,21.3,0,1,2,1.54,37.2388402,0.8,81.71711529,0.97,64.84775273,0.95,66.0772069944697,1.05,57.87497679,-4.10111510223485,0,0,0,0,0,0,0,0,0,1.05,57.87497679,"2/5/2025 0:00:00",40,1,1,1,"10/22/2021 0:00:00",0,1,1,1,3,11,16,0,0," ",0,0," ",0,0,0," ",0,0,0,0,1,1,65,0,0,178,85,26.8274207802045,0,0,"Stroke (unspecified)",1,1.26,63.29497143,0,1.28,77,0,0,0,1,1,2,4,4,0,0,25.84147307,1,1,1,1,25.84147307,0.278261873,9.09090909090909,63,6,0.086956522,2.54281e-07,273942.6111,127513.0844,252.7101417,73.05312366,2.42172e-08,78285.16667,8824.323787,135.7801739,12.32521982,1.13982e-05,32821.21052,30949.20215,69.48202473,24.91614143,13454.27615,10754.17729,50.34830693,13.76746695,6.29647e-07,0.412463044,0.069658275,0.374103581,0.053777983,0.282802974,0.006232585,0.186200504,-0.006771866,1.63275e-05,0.717197026,2824,156,278348.6129,104228.9032,0.385222306,108022.661,0.375152494,6.030820469,22.21668046,0.312844643,6.030820469,22.21668046,0.312844643,0.438310453,65413,0.438310453,65413,0.578354664,206421,0.578354664,206421,0.285607532,10172,0.285607532,10172,0.574046382,114516.1111,0.574046382,114516.1111,2.24935180749766,2.24935180756384,123767.882080078,79271.8666666667,20.9201041221619,20.9068605473162,1.62876142870799,218.493759087257,0.742631361593881,990.720819409365,2.78506313424879,1.02215713188036e-05,1.24235985140522,0.000383847847582936,1.1228627824976,0.000107401373277159,0.000784193902535512,5.43616073991214e-05,139433.133333333,510721.898193359,0.820152820933989,98.9502574787117,17.8913633617581,0.000226943739248135,6.4115884278321e-05,0.792808566187887,31566.1836734694,123.698730809304,1.93605546884807,5.33247445148841,139433.133333333,8318.4008908686,0.918595857967395,0.586650402035656,0.566567046837507,60177.75,0.898417830130777,1.21333325400581,0.778719859316508,28398.8125,0.000153900216594737,9.53146993343973,16279,10.9623808763465,1.76103296505796e-05,6877.4375,1102.83540223357,0,142792.1578125,0.891777270628722,0.000503267720254419,10.4422031798609,374974.582095337,18.050847538211,10.4063061078389,60142.3125,0.000226610727480026,0.491757425021929,0.907885317378994,0.75745600624688,0.114242214513718,54.1273844194706,206.305598566786,8.96620467775288e-05,0.000240643981989272,0.000394348226568436,4.72302061806008e-05,109.581291759465,5.73734675977518e-05,5.0763681062005e-05,334061.45703125,16294.1553981828,43932.2,0,0.336193846313352,0.881508854565269,817.532984953328,8.7616773391426e-05,0.000162850558550913,0.000160686744620453,0.903829804682424,0.223485724701134,169.498246332566,4.54293344918708,0,0,0,0,250244.173913043,0,0.230046666266098,190.939070979715,1.01014979920571e-05,0.32491121113315,119729.601074219,0
"H21-17666 - 2",1,2,"10/16/2021",19710194,0,"8/7/1962 0:00:00",1,0,59,"Portugal",69,145,32.81807372,"Chronic pyelonephritis",4,1,41.77,0,1,2,1.21,51.62791813,1.23,50.62218928,1.07,59.83654703,1.07,59.4655604339382,1.13,55.00851261,-2.2285239119691,0,0,0,0,0,0,0,0,0,0.9,55.00851261,"2/5/2025 0:00:00",40,1,1,0,"10/28/2021 0:00:00",0,1,2,1,4,2.6,18,0,0," ",0,0," ",0,0,0," ",0,0,0,0,2,1,65,0,0,178,85,26.8274207802045,0,0,"Stroke (unspecified)",1,1.26,63.29497143,0,1.28,77,0,0,0,1,1,2,4,4,0,0,23.6393,1,1,0,0,23.6393,0.277222225,6.66666666666667,120,7,0.05511811,2.25168e-07,252545.7125,117990.5271,239.5027401,69.37365605,1.31348e-08,92156.28571,49106.90733,137.9669417,56.55194965,1.22773e-05,33396.54218,30103.47721,68.66419713,23.34663609,26791.33447,38078.65916,56.19487666,17.41043467,3.52763e-07,0.345588387,0.056865178,0.410018619,0.02255526,0.533464423,0.002813498,0.138689257,0.148806279,1.41185e-05,0.466535577,6543,188,259628.9397,116127.0172,0.449848247,124492.1333,0.444472629,6.589939318,24.42172301,0.269086244,6.589939318,24.42172301,0.269086244,0.53944713,163669.0769,0.53944713,163669.0769,0.546553276,785904,0.546553276,785904,0.360784153,17960.875,0.360784153,17960.875,0.618852897,228428.2778,0.618852897,228428.2778,3.105240478057,3.10524047802495,93663.6647518382,69891.2432432432,20.4240113593437,24.0061559253475,2.00519087229931,212.121567426644,0.673681909592552,697.92506613174,2.55141265408112,1.28715548234585e-05,1.28417123467547,0.000539213123570558,1.5221885105365,0.00014904312964998,0.000908916672897034,6.82914650211997e-05,168510.162162162,546622.015165441,0.812601039999647,94.6331299984202,23.3387551068693,0.000263216594625709,8.30490299966288e-05,0.702969724594273,54750.0731707317,113.54257867707,1.61220595609368,8.34210906022837,134908.094594595,9196.27153762268,0.933427957287894,0.541661205437188,0.610407456242441,62381.4444444444,0.904737465820172,1.33922619574272,0.743925274555998,28096.4444444444,0.000130019097554189,9.40210434758676,15596.6216216216,10.6168286218876,1.49674115500226e-05,7141.77777777778,1109.96247878866,0.11619154151194,127347.068359375,0.901991399665958,0.000365409856809698,11.6262768889487,337651.683191248,21.6739127756469,10.2643209663597,62348.5,0.000298012879352626,0.544187944864409,0.902452109716665,0.782366954969576,0.114724427099091,61.0529131975635,236.822281292187,7.36067060297033e-05,0.000258593369921991,0.000347347868413207,4.57842056194701e-05,112.504907306434,4.20004913714192e-05,4.95303315901062e-05,492212.712890625,24504.9666037291,49473.5945945946,0,0.380960636054332,0.897566299128224,507.157467498928,8.01930753802431e-05,0.000106997596658679,0.000135632225184486,0.919134317900771,0.263434688003981,168.645070911572,4.38088319278667,0,0,0,0,272251.925531915,0,0.378540774988452,204.113021278941,9.22477255462638e-06,0.396954983526553,699572.619140625,0
"H21-18700 -1",1,2,"10/29/2021",1009184,0,"10/4/1995 0:00:00",1,0,26,"Portugal",61,150,27.11111111,"Undetermined",5,1,15.23,0,1,2,1.31,57.62815993,2.05,33.6709736,2.12,32.34128522,1.83,38.3458167312568,2.01,33.83935028,-2.2532332256284,0,0,0,0,0,0,0,0,0,2.02,33.83935028,"2/5/2025 0:00:00",39,0,0,0,"11/5/2021 0:00:00",0,1,2,1,4,0,20,0,0," ",0,0," ",0,0,0," ",0,0,1,0,2,1,76,0,0,165,100,36.7309458218549,1,0,"Stroke (unspecified)",1,0.67,96.7650254,0,1.46,88,1,0,0,0,2,2,4,4,0,0,5.726787401,0,0,0,1,0,0.064466642,0,76,0,0,1.88922e-07,297425.1974,138598.0645,264.1256468,84.55960574,0,0,0,0,0,1.21159e-05,40646.42347,40314.31336,74.08137028,25.6068293,17426.75679,22913.5243,50.54394769,17.81903076,2.9084e-07,0.533860383,0.056190167,0.492466663,0.043533328,0.258257938,0.00978736,0.114099434,0.091123174,1.32157e-05,0.741742062,4874,117,317188.7042,109500.7465,0.343584651,113031.7059,0.341296749,5.975918371,22.53520606,0.35661939,5.975918371,22.53520606,0.35661939,0.4475431,446364.2778,0.4475431,446364.2778,0.737576783,313705.5,0,7176114,0.386539283,9468.384615,0.386539283,9468.384615,0.645805507,1582293.6,0.645805507,1582293.6,2.0924588181689,2.09245881824442,92813.6316964286,70260.4375,16.1104666292667,22.6686300890104,1.82817697109029,202.902043134028,287.085353161738,913.138936529624,2.92585736112361,1.00274193820415e-05,1.20934393637021,0.000456008845014601,1.2915931352856,0.00012216385902713,0.000670121763565811,5.24275599444089e-05,139753.6875,411159.749860491,0.803871332987425,93.7624091340205,18.9557938769674,0.000199233261253438,7.40944024630746e-05,0.719270152226441,38596.5928853755,116.876590631381,1.98956393335882,2.91536058659153,139753.6875,7606.8273381295,0.924714377853344,0.600818571235478,0.550877670506351,34074.875,0.90368818325076,1.23390630322951,0.791240475399918,13648.5625,0.000142159967305081,9.46353735493051,16094.875,10.3927088876958,1.61967233719237e-05,3958.125,1130.72048442606,0.115818630785042,112123.896033654,0.891897553244934,0.000269578857068847,11.9749102714047,271242.044719696,20.3152693650206,8.27093082666397,34046.09375,0.000269475167237417,0.536908588718571,0,0.762509849817556,0.113504870915029,56.7301266713422,313705.5,8.16235548526594e-05,0.000208331435179939,0.00155661364691274,4.35097732728513e-05,115.567545963229,3.11923550860108e-05,3.94867450092461e-05,415388.013521635,19512.3649992578,53455.8125,0,0.35396007271502,0.879559925272893,995.111829253133,8.00725178994927e-05,0.000723472901196588,0.000166045992799756,0.908786802258036,0.280990840454643,161.657816978808,3.40112647633398,0,0,0,0,303199.717391304,0,0.328769655365827,130.317653510217,9.1834190498714e-06,0.302356672745789,157460.647977941,11.693799495697
"H21-20678",1,2,"11/29/2021",19766552,0,"11/24/1975 0:00:00",0,0,46,"Portugal",82,175,26.7755102,"ADPKD",4,2,35.97,0,1,2,1.54,55.98970014,1.52,56.8749072,1.47,59.20415744,1.35,65.1675624447039,1.11,81.40337463,8.11790609264805,0,0,0,0,0,0,0,0,0,1.12,81.40337463,"2/5/2025 0:00:00",38,1,1,1,"11/29/2021 0:00:00",0,1,2,1,4,0,15,0,0," ",0,0," ",0,0,0," ",0,0,1,0,1,0,44,0,0,175,85,27.7551020408163,0,0,"Head Thrauma",2,1.12,83.07558239,0,0.79,24,0,0,0,0,1,0,1,1,0,0,22.15565861,1,1,0,0,22.15565861,0.008411048,0,58,0,0,1.67055e-07,363063.8534,125831.8407,296.3050792,75.52704499,0,0,0,0,0,1.24744e-05,43498.03602,71177.07952,75.77062492,32.53153808,25999.90478,108177.5562,56.93256783,18.30380821,2.16019e-07,0.487115267,0.060651627,0.542611856,0.022973402,0.396729202,0.010792686,0.111777187,-0.538495917,1.32336e-05,0.603270798,4331,75,375573.7411,151750.4107,0.394261241,154034.4909,0.399678879,6.588629792,20.90847167,0.320475039,6.588629792,20.90847167,0.320475039,0.472520291,38887,0.472520291,38887,0.757089641,195887.5,0.757089641,195887.5,0.425670126,10961.54545,0.425670126,10961.54545,0.601358244,115682,0.601358244,115682,1.92398563678997,1.92398563680841,112103.641084559,105277.777777778,17.187253581153,20.6563204672856,1.76216075956724,229.307535898751,0.757089640541837,982.477568149546,2.77327562086843,8.51523970868269e-06,1.2172616871866,0.000333554076240556,2.00182641913021,8.31575648819523e-05,0.000690002873429884,4.54016355268687e-05,193984.833333333,639056.876378677,0.793616597992768,105.266852348201,19.6568392032623,0.000223210083891797,4.39455478387137e-05,0.748066608890246,47869.162962963,124.015956007296,1.76606167850956,3.31838068140631,193984.833333333,9712.14805520703,0.929251998476615,0.58123162357621,0.597426957755803,27697.7142857143,0.898139337718526,1.17516699783116,0.764646425006324,13658.1428571429,0.000127726242970472,8.33944647823702,22383.2222222222,9.79433948022348,1.4588496427965e-05,3193.71428571429,1329.00505647033,0.115082592988716,95041.95703125,0.916274517618619,0.000361570125251874,8.69317129809178,403754.961480035,16.6692553645315,9.37123256259494,27672.6785714286,0.000175381642438296,0.516907432590728,0.881243665882429,0.780804058835461,0.113398233591433,63.1599790926312,174.656806337457,6.80208789917625e-05,0.000261192549715592,0.000663749556065389,2.90196379650714e-05,181.538268506901,4.07726207920442e-05,4.92831289233246e-05,226274.9921875,23680.9802885592,66391,0,0.365263950924842,0.865148027938692,957.121132551338,5.01867630830504e-05,0.000166749585286941,0.000137350776097123,0.929118499535447,0.226599207021027,194.815420261554,3.41865826284236,0,0,0,0,375950.366666667,0,0.370809564143646,124.805860393647,5.85227794378135e-06,0.356101057869893,305601.844116211,20.2563304901123
"H21-20818 - 1",1,2,"12/2/2021",19092975,0,"4/1/1964 0:00:00",1,0,57,"Portugal",59,165,21.67125803,"Chronic glomerulonephritis (IgA)",2,1,32.07,0,1,2,1.8,32.45652847,1.56,38.53714652,1.49,40.71979193,1.34,45.9623585805042,1.18,52.87710147,3.4573714447479,0,0,0,0,0,0,0,0,0,1.25,52.87710147,"2/5/2025 0:00:00",38,0,0,0,"12/9/2021 0:00:00",0,1,1,0,2,0,20,0,0," ",0,0," ",0,0,0," ",0,0,0,0,1,1,73,1,0,150,55,24.4444444444444,0,0,"Stroke (unspecified)",1,0.71,89.72282357,0,1.61,93,1,0,0,1,2,2,5,4,0,0,36.94753565,1,1,1,1,36.94753565,0.221370951,16.6666666666667,29,5,0.147058824,1.13927e-07,397082.8966,221941.8738,296.7452379,100.7464638,1.96425e-08,95880.7,33832.73427,157.4912084,33.43829063,1.07013e-05,41696.3772,45363.88268,74.27904851,24.66992767,21512.91719,21283.66879,58.78341803,15.71572333,4.71421e-07,0.4916038,0.045238351,0.446203537,0.025454562,0.331108814,0.022617952,0.101385011,-0.437867311,1.3303e-05,0.668891186,2724,120,411260.2143,164717.7857,0.413483081,164717.7857,0.413483081,6.966717039,19.22375449,0.402545966,6.966717039,19.22375449,0.402545966,0.455586524,42663.81481,0.455586524,42663.81481,0.607763875,448839,0.607763875,448839,0.423079016,15043.69048,0.423079016,15043.69048,0.569362805,139334.25,0.569362805,139334.25,2.3838943011976,2.38389430174326,112586.653645833,73520.8,17.708217382431,18.3706077813844,1.74452952045873,182.489796378986,0.60776387505538,566.927719252737,2.75839352941105,9.57763114601143e-06,1.40372813070913,0.000345070672819891,2.69250923871881,8.86469178797368e-05,0.000757813883706417,5.16814287656864e-05,132790.1,694849.635416667,0.797860860456639,86.5180923253785,17.7683053690905,0.000217684922505881,4.23194041736572e-05,0.754870458427274,38643.6153846154,114.48476570594,1.90958278335109,3.30887605745362,132790.1,6856.70809792844,0.922173788838362,0.628738162762685,0.64446217623928,27065.0769230769,0.90108921645109,1.31478992117085,0.821523091415406,15735.1538461538,0.000168657551175079,9.2868331188087,15349.2,10.5862210580519,1.93302019813481e-05,3133.38461538462,1031.05560412283,0,122677.455729167,0.928956043511192,0.000306853210034014,8.19893275879761,340818.021270752,17.1891251489781,7.87255954742432,27041.6923076923,0.000164643298558577,0.572780134124358,0.91058153122283,0.776558109851016,0.114324109519795,59.3372732706741,201.308221391974,9.23053083160703e-05,0.000153278693937991,0.00431445471512426,2.92706883130141e-05,74.8540489642184,3.51681101142079e-05,2.79947745244319e-05,503344.096354167,20285.2859005705,43985.2,2.38334962769263e-05,0.295785159448207,0.895487428070808,536.147047911335,5.0280416031702e-05,0.00201868860603122,0.000199623060895771,0.942439923318159,0.326965174003596,158.360801309119,3.9295722774753,0,0,0,0,332336.416666667,0,0.435651945344139,137.463545310494,5.77762625702046e-06,0.401809685693125,328519.755729167,0
"H21-20818 - 2",1,2,"12/2/2021",20035459,0,"4/5/1960 0:00:00",0,0,61,"Portugal",67,168,23.73866213,"Diabetic nephropathy",1,1,16.07,0,1,2,1.32,61.3661921,1.42,56.21754542,1.23,66.79312439,1.35,59.3630713984752,1.21,66.86093191,3.7489302557624,0,0,0,0,0,0,0,0,0,1.46,66.86093191,"2/5/2025 0:00:00",38,1,1,0,"12/13/2021 0:00:00",0,1,1,0,2,0,23,0,0," ",0,0," ",0,0,0," ",0,0,0,0,2,1,73,1,0,150,55,24.4444444444444,0,0,"Stroke (unspecified)",1,0.71,89.72282357,0,1.61,93,1,0,0,1,1,2,4,3,0,0,20.0742,1,1,0,0,20.0742,0.480886866,13.6363636363636,37,7,0.159090909,1.3354e-07,310865.6622,134030.8999,262.8874563,87.80381353,2.52643e-08,231951.5,268545.2258,202.9313772,121.192287,1.19211e-05,43891.7413,43699.69426,77.94421684,24.5299066,30083.9146,32562.3551,59.22388252,18.46723114,4.18666e-07,0.438111797,0.041512978,0.523239829,0.023747237,0.297356398,0.012664492,0.079338337,-0.457083503,1.13192e-05,0.702643602,3303,116,338231.8824,121419.5294,0.347700399,121419.5294,0.347700399,7.1149476,22.55242791,0.38389281,7.1149476,22.55242791,0.38389281,0.553137533,223317.6667,0.553137533,223317.6667,0.577926718,2293172,0.577926718,2293172,0.45997275,16510.41667,0.45997275,16510.41667,0.646302316,430124.9167,0.646302316,430124.9167,2.67255463378995,2.67255463466008,100442.418526786,53823.6,11.5925476074219,20.5964525834295,1.88844204275728,188.408591657992,0,410.966798323148,2.78739114344773,9.62445230993539e-06,1.27133266178498,0.000406764616579874,0,0.000107282178579581,0.000839788360097843,5.18750423360717e-05,91378.2,468978.959263393,0.807787123481461,89.824980623401,21.962004906074,0.000253050284401007,6.24687561845008e-05,0,35224.4351851852,112.525301298427,1.76121425723259,7.96046931381301,91378.2,6972.07732406603,0.92520895552397,0.508742998893139,0.57400252359355,35173.4545454545,0.904124229261435,1.28054241598517,0.714333280515602,15025.9090909091,0.000165141426252304,9.15406755568358,11048.4,10.4156157882125,1.89065876380004e-05,4125.54545454545,1084.72349648785,0.116881372586554,101495.8203125,0,0,11.4410795335358,249257.423266602,19.7939715234561,4.43627319335937,35149.0909090909,0.000232687866814877,0.506244513410422,0,0,0.114149501298122,62.9492900007278,0,8.97043141275778e-05,0.000225391204501914,0.00373908655216219,3.86762915253661e-05,79.110338835795,0,4.71846199663514e-05,317570.427083333,24010.1113426615,26553.4,0,0.332414447271411,0.824414725332025,578.881720866998,6.83514063582762e-05,0.00176054275851087,0.000201048374566722,0,0.249035894059917,102.528841308173,2.68829860587744,0,0,0,0,314198.1,0,0,167.56898477259,7.85651576067345e-06,0.331262163206004,232856.794764927,20.1813659667969
"H21-21740 - 1",1,2,"12/17/2021",19715328,0,"2/5/1971 0:00:00",0,0,50,"Portugal",100,173,33.41240937,"Chronic glomerulonephritis (unspecified)",2,1,42.53,0,1,2,2.11,37.42743199,2.86,25.98302651,2,39.91103418,2.28,33.8926988062295,0,0,0,1,1,0,0,0,1,0,0,0,3,0,"2/5/2025 0:00:00",38,0,0,0,"12/27/2021 0:00:00",0,1,0,1,2,0,8,1,3,"2/13/2023",1,3,"2/13/2023 0:00:00",1,0,0," ",0,0,1,0,2,1,55,1,0,165,70,25.7116620752984,1,0,"Stroke (unspecified)",1,0.5,110.695584,0,1.08,59,0,0,0,0,1,2,3,2,0,0,18.82978575,1,0,0,0,18.82978575,0.714370439,0,47,0,0,2.2732e-07,315629.2979,147449.055,265.0919976,84.42445205,0,0,0,0,0,1.14531e-05,47407.26225,41149.62816,86.40044063,31.20176966,0,0,0,0,2.32157e-07,0.413133133,0.071748912,0.54295861,0.010520163,0,0,0.132144348,-0.331156475,1.16731e-05,0,2368,48,329651.2111,121265.0222,0.350140783,125551.3953,0.353453003,7.788744328,22.42669703,0.372074679,7.788744328,22.42669703,0.372074679,0.449031196,33861.61111,0.449031196,33861.61111,0.737283159,134806,0.737283159,134806,0.388404082,12838.42857,0.388404082,12838.42857,0.661226098,107442.75,0.661226098,107442.75,2.53530527718321,2.53530527336257,133853.405649038,40300.75,16.3930233120918,21.4407393635652,1.66106787140016,221.204349818041,0,544.398012178555,2.66385660377562,1.08392043265233e-05,1.26941365094415,0.000335839420578324,0,8.67335613668664e-05,0.000655357588070614,6.03744096176325e-05,99916.1875,745368.025240385,0.830003246298595,106.633140068877,23.0308557422626,0.000175494447989725,4.69666224408698e-05,0,35257.5463414634,133.602461938996,1.97469544176234,4.80098489556973,99916.1875,7156.45611702128,0.912239103136032,0.628619048169306,0.600779052313897,33889.2222222222,0.899390741182462,1.29173403769063,0.801161036789621,15908.5555555556,0.000140769952318456,9.03857942464504,11508.5,10.3262935731469,1.60650035269976e-05,3878.77777777778,1229.13543967317,0.116322246602742,118290.75,0,0,8.8389340231475,177076.092782974,16.670697298813,9.11918687820435,33861.6111111111,0.00017910482469799,0.488820187587503,0,0,0.113830794865759,67.8748961714241,0,8.312720455352e-05,0.000351239991579754,0.00397099798866112,3.74880887249895e-05,103.539893617021,0,6.32108118239855e-05,202997.8203125,24867.99,48162.75,0,0.371229526514622,0.785799018960833,654.474540202839,6.44722294325811e-05,0.00216238585207558,0.000179078327229802,0,0.182252155862272,132.961524413984,3.3882360605909,0,0,0,0,326715.6,0,0,142.246162183887,7.44334209098756e-06,0.367701845172012,146261.954900568,0
"H22-01782 - 1",1,2,"1/27/2022",19753584,0,"11/11/1971 0:00:00",0,0,50,"Portugal",57,160,22.265625,"ADPKD",4,1,32.37,0,1,2,1.15,77.53388893,1.23,71.5225257,1.41,60.71081192,1.15,77.0531788161621,0.98,92.20504043,7.57593080691895,0,0,0,0,0,0,0,0,0,0.87,92.20504043,"2/5/2025 0:00:00",36,1,1,1,"2/4/2022 0:00:00",0,2,2,1,5,6,15,0,0," ",0,0," ",0,0,0," ",0,0,1,0,1,0,56,1,0,153,74,31.6117732496049,0,0,"Stroke (unspecified)",1,0.8,86.42155879,0,1.09,60,0,0,0,0,2,2,4,3,0,0,8.110896935,0,0,0,1,0,0.199354601,0,32,0,0,1.38656e-07,311558.4688,176734.6473,248.2534595,116.1030033,0,0,0,0,0,1.02042e-05,44720.58408,40884.80868,78.477585,26.72763208,31842.27252,30225.9356,67.39878202,17.11175884,3.11976e-07,0.407546218,0.043199401,0.456337923,0.0415653,0.496472262,0.009945592,0.094665375,-0.372236086,1.15803e-05,0.503527738,2355,72,368508.963,130410.5926,0.348304484,135071.1154,0.349233911,7.482915458,22.15188707,0.391515969,7.482915458,22.15188707,0.391515969,0.521708436,221773.8214,0.521708436,221773.8214,0.642542013,1811085,0.60682394,589351.5,0.456569302,16302.5,0.456569302,16302.5,0.58684757,427245.1429,0.58684757,427245.1429,2.48663806375694,2.48663806448939,110427.028125,31910.875,10.6968996524811,22.0515629516501,1.78067830253432,199.038989144734,0.644452551381227,351.026793417264,2.91663355018429,8.87797330556715e-06,1.30108417173439,0.00036709134887687,3.82357337981859,8.84865086254829e-05,0.000628013418854874,4.98663061051173e-05,68022.625,463011.1078125,0.808927428002539,93.7095514916564,21.3813692061093,0.000175390277208774,5.09840955118178e-05,0.791502134378454,37111.5352112676,122.020594709156,1.95066459682819,3.85165145563308,68022.625,7549.99649941657,0.919499959532739,0.571744525844121,0.580143211622248,33587.7272727273,0.901688698277105,1.20899034557102,0.774533168930097,16994,0.000144084790835656,8.83581027127759,8168.5,10.1179726996892,1.64648041516075e-05,3824.09090909091,1185.40437451576,0,122214.313802083,0.932691154942635,0.000272267896936529,10.1678271669003,123455.124713898,17.8547383755523,6.07189986109733,33557.5,0.000210391209647442,0.541196483777158,0.878781818765032,0.77309436436425,0.114098495604124,65.3357263848719,200.619090064213,8.38008146110906e-05,0.000212759842870715,0.00703345675576649,3.25178365379656e-05,104.787631271879,3.07142631661892e-05,4.00972222957799e-05,367271.774088542,25268.1206193969,27971.5,0,0.307988911353655,0.866476033903965,705.038821448343,5.95490766494359e-05,0.00241267581315527,0.000180244727750484,0.941719278644365,0.251069563594523,80.3890728010611,2.81245497918706,0,0,0,0,354033.071428571,0,0.38420243532479,142.928044851347,6.81580091457596e-06,0.335696426332752,144929.150227865,0
"H22-01981 -1",1,2,"2/1/2022",19747818,0,"1/8/1953 0:00:00",0,0,69,"Portugal",84,177,26.81221871,"Chronic glomerulonephritis (IgA)",2,1,60.97,0,1,2,1.39,54.8772161,1.93,37.01187282,1.39,54.8772161,1.41,53.6100101178243,1.11,70.55360911,8.47179949608785,0,0,0,0,0,0,0,0,0,1.27,70.55360911,"2/5/2025 0:00:00",36,1,0,0,"2/14/2022 0:00:00",0,2,2,1,5,0,24,0,0," ",0,0," ",0,0,0," ",0,0,0,0,1,1,73,1,0,158,53,21.2305720237141,0,0,"Stroke (unspecified)",1,0.91,66.61365754,0,1.63,94,1,0,0,0,1,0,1,3,0,0,20.74889303,1,1,0,0,20.74889303,0.002204885,0,54,0,0,2.17142e-07,338277.5185,149920.4123,285.3353687,73.12410547,0,0,0,0,0,1.3881e-05,45384.09111,43720.65764,79.98385954,25.16134955,22887.05385,20312.94824,61.5606253,18.38242745,4.10157e-07,0.566734736,0.073454262,0.629976766,0.01644204,0.339894738,0.010715604,0.116598367,-0.557126943,1.44297e-05,0.660105262,3452,102,341260.0472,80525.96226,0.228715434,87209.75,0.231963436,5.241896945,23.55720529,0.320914207,5.241896945,23.55720529,0.320914207,0.577526738,101327.3333,0.577526738,101327.3333,0.60682394,589351.5,0.642542013,1811085,0.591535282,10368.5,0.591535282,10368.5,0.566319902,174094.4,0.566319902,174094.4,0,0,0,0,0,0,0,0,0,0,0,0,0,0,0,0,0,0,0,0,0,0,0,0,0,0,0,0,0,0,0,0,0,0,0,0,0,0,0,0,0,0,0,0,0,0,0,0,0,0,0,0,0,0,0,0,0,0,0,0,0,0,0,0,0,0,0,0,0,0,0,0,0,0,0,0,0,0,0,0,0,0,0,0,0,0,0,0,0,0,0,0,0,0,0,0
"H22-03995",1,1,"3/1/2022",20028748,0,"5/23/1996 0:00:00",1,0,25,"Portugal",67,165,24.6097337,"Undetermined",5,2,24.4,0,1,2,0.81,103.2474401,0.77,109.7166263,1.2,64.42342648,0.84,98.2257071938078,1.05,74.22174035,-12.0019834219039,0,1,0,0,0,0,0,0,0,1.04,74.22174035,"2/5/2025 0:00:00",35,1,1,1,"3/8/2022 0:00:00",0,0,1,0,1,0,7,0,0," ",0,0," ",0,0,0," ",0,0,1,0,2,0,50,0,0,170,65,22.4913494809689,1,0,"Head Thrauma",2,0.5,124.2596887,0,0.93,42,0,0,0,0,2,2,4,3,0,0,28.03887646,1,1,1,1,28.03887646,0.277792077,0,10,0,0,1.11974e-07,348561.95,274872.4712,250.6427292,166.7108944,0,0,0,0,0,7.41268e-06,72940.26133,184957.8614,87.42568064,40.64383175,35880.9841,33429.4053,67.99812702,18.90003621,1.79158e-07,0.300865151,0.039029886,0.540682875,0.008552302,0.43587137,0,0.072186282,-0.536796536,8.64256e-06,0.56412863,662,16,435648.75,270284.25,0.613790866,305612.7143,0.58795705,9.939656612,30.35337703,0.29435732,9.939656612,30.35337703,0.29435732,0.373631367,67693.1,0.373631367,67693.1,0.370965033,209635,0.370965033,209635,0.312293574,16441.75,0.312293574,16441.75,0.414523228,101860.6667,0.414523228,101860.6667,3.47783147786122,3.4778314705611,0,7382.66666666667,10.6666666666667,26.9970633430161,1.83625844542839,209.852857339517,0,273.46222602492,0,0,0,0,0,0,0.000869302270445351,0,9785,0,0,99.2626746860466,26.5940749407275,0.000252483411493799,0,0,53648.3818181818,123.215438758622,0,3.61422143522205,9785,8898.7316017316,0.928141025772842,0.63001386042147,0,67728.4,0.904666242047472,1.26137828962785,0.802122246292719,40477,0.000172769996708192,10.2944539573802,1142.66666666667,12.0684717004949,1.98407586649552e-05,7855.2,906.955674100852,0,0,0,0,0,45834.2803853353,0,4.33023337523143,67693.1,0,0,0.921894332914144,0,0.115250639420781,67.9522554764749,0,9.21252216777579e-05,0,0.0113709791120207,0,69.7532467532468,0,0,0,27887.3186968839,1274,0,0.0675577172671702,0.647996819093403,466.528984847551,0,0.00490871052120331,0.000171985059944476,0,0,19.7282403281418,3.13061847978263,0,0,0,0,192850.5,0,0,203.104224833948,0,0,1295614.42447917,35.2813987731934
"H22-05628",1,2,"3/23/2022",17025316,0,"7/7/1965 0:00:00",1,0,56,"Portugal",73,150,32.44444444,"ADPKD",4,2,31.8,0,1,2,0.98,67.74212081,0.84,81.50700527,1.12,57.71230932,1.54,39.1385027149538,1.12,56.64550199,8.7534996375231,0,0,0,0,0,0,0,0,0,1.05,56.64550199,"2/5/2025 0:00:00",34,0,0,0,"4/1/2022 0:00:00",0,2,2,2,6,6.25,18,0,0," ",0,0," ",0,0,0," ",0,0,1,0,2,1,60,0,0,180,90,27.7777777777778,0,0,"Head Thrauma",2,1.2,69.23112757,0,0.97,47,0,0,0,1,2,2,5,5,0,0,5.525184921,0,0,0,1,0,1.936645421,11.4285714285714,69,7,0.092105263,1.22624e-07,439638.1377,218100.1985,312.6190802,113.9289404,1.24402e-08,143924.5,76544.00484,165.0860142,64.02594951,8.85029e-06,60656.79006,61552.2268,89.02586051,35.63263272,18549.59996,15924.7358,55.87280097,17.39039989,2.64798e-07,0.489190163,0.053910401,0.536830126,0.053960662,0.302171558,0.013953689,0.100423576,-0.031773462,1.05438e-05,0.697828442,4980,149,466298.2692,137263.6,0.307019615,141343.7619,0.294118958,7.047364134,22.24985842,0.360283589,7.047364134,22.24985842,0.360283589,0.488727091,144094.6944,0.488727091,144094.6944,0.48581398,972945,0.48581398,972945,0.412798779,16095.90909,0.412798779,16095.90909,0.608043009,345235.6429,0.608043009,345235.6429,0,0,0,0,0,0,0,0,0,0,0,0,0,0,0,0,0,0,0,0,0,0,0,0,0,0,0,0,0,0,0,0,0,0,0,0,0,0,0,0,0,0,0,0,0,0,0,0,0,0,0,0,0,0,0,0,0,0,0,0,0,0,0,0,0,0,0,0,0,0,0,0,0,0,0,0,0,0,0,0,0,0,0,0,0,0,0,0,0,0,0,0,0,0,0,0
"H22-08315 - 1",1,2,"5/4/2022",14028897,0,"3/28/1957 0:00:00",0,0,65,"Portugal",89,173,29.73704434,"Hypertensive Nephrosclerosis",3,1,87.73,0,1,2,1.78,41.81285858,2.41,29.06654493,1.37,57.24653194,1.3,60.5871929773098,0,0,0,0,0,0,0,0,0,0,0,0,1.3,0,"2/5/2025 0:00:00",33,1,1,1,"5/12/2022 0:00:00",0,1,2,2,5,0,17,0,0," ",1,6," ",0,1,1,"9/28/2023 0:00:00",1,0,0,0,1,1,65,1,0,165,70,25.7116620752984,0,1,"Head Thrauma",2,0.56,101.2182156,0,1.38,83,0,0,0,1,2,2,5,3,0,0,35.40493096,1,1,1,1,35.40493096,0.403629111,16.2162162162162,62,12,0.162162162,8.53158e-08,419818.1532,181191.2068,316.5428726,81.35414514,1.65127e-08,130202.5,49082.8477,168.4960261,34.4202827,7.04819e-06,69438.79529,80564.09433,92.76139818,37.22615866,60534.59909,96432.4279,75.34156239,30.08484209,2.76588e-07,0.40559924,0.035817138,0.489417766,0.057718794,0.712169015,0.026309238,0.073183159,-0.227429304,7.3754e-06,0.287830985,5122,201,419818.1532,161884.371,0.392340716,163069.05,0.393417766,7.636996229,33.16857648,0.282412667,7.636996229,33.16857648,0.282412667,0.466594572,488085.9286,0.466594572,488085.9286,0.589897743,6391430,0.589897743,6391430,0.46930828,14056.95,0.46930828,14056.95,0.459810302,1673158.375,0.459810302,1673158.375,0,0,0,0,0,0,0,0,0,0,0,0,0,0,0,0,0,0,0,0,0,0,0,0,0,0,0,0,0,0,0,0,0,0,0,0,0,0,0,0,0,0,0,0,0,0,0,0,0,0,0,0,0,0,0,0,0,0,0,0,0,0,0,0,0,0,0,0,0,0,0,0,0,0,0,0,0,0,0,0,0,0,0,0,0,0,0,0,0,0,0,0,0,0,0,0
"H22-08315 - 2",1,2,"5/4/2022",19302739,0,"11/29/1951 0:00:00",0,0,70,"Portugal",72,174,23.78121284,"Chronic glomerulonephritis (IgA)",2,1,64.1,0,1,2,1.48,50.58185659,1.36,55.98376915,1.28,60.20836874,1.32,57.6659032963116,1.35,55.43770963,-1.1140968331558,0,0,0,0,0,0,0,0,0,1.2,55.43770963,"2/5/2025 0:00:00",33,1,1,0,"5/27/2022 0:00:00",0,2,2,0,4,6,18,0,0," ",0,0," ",0,0,0," ",0,0,0,0,2,1,65,1,0,165,70,25.7116620752984,0,1,"Head Thrauma",2,0.56,101.2182156,0,1.38,83,0,0,0,1,1,2,4,3,0,0,21.9225,1,1,0,0,21.9225,0.076145337,12.8205128205128,110,9,0.075630252,1.60586e-07,283538.8409,276097.5121,202.3754727,153.1567375,1.31389e-08,155705.7778,59665.68794,193.6080498,42.84118924,6.60301e-06,75039.79836,81563.66199,90.83599727,37.40281265,85439.8235,119777.3659,77.56039541,37.42446409,2.64237e-07,0.506627688,0.045532409,0.495488553,0.026540375,0.239506121,0.018065522,0.091893967,0.003041994,5.52702e-06,0.760493879,4523,181,419875.1781,113677.5342,0.269303724,125404.8308,0.267891798,6.375502921,30.8868537,0.299397548,6.375502921,30.8868537,0.299397548,0.415069647,82750.58333,0.415069647,82750.58333,0.547504774,458273,0.547504774,458273,0.384718924,15708.75,0.384718924,15708.75,0.453008051,166552.875,0.453008051,166552.875,0,0,0,0,0,0,0,0,0,0,0,0,0,0,0,0,0,0,0,0,0,0,0,0,0,0,0,0,0,0,0,0,0,0,0,0,0,0,0,0,0,0,0,0,0,0,0,0,0,0,0,0,0,0,0,0,0,0,0,0,0,0,0,0,0,0,0,0,0,0,0,0,0,0,0,0,0,0,0,0,0,0,0,0,0,0,0,0,0,0,0,0,0,0,0,0
"H22-11514 - 2",1,2,"6/22/2022",6004348,0,"8/28/1978 0:00:00",1,0,43,"Portugal",53,161,20.44674202,"Lupus",2,1,70.7,0,1,2,0.79,95.12412369,0.79,95.12412369,0.85,87.12453389,0.91,79.7797186017522,0.95,74.8293253,-2.4751966508761,0,0,0,0,0,0,0,0,0,0.83,74.8293253,"2/5/2025 0:00:00",32,1,1,1,"7/8/2022 0:00:00",0,0,0,0,0,14,17,0,0," ",0,0," ",0,0,0," ",0,0,1,0,2,0,41,0,0,170,80,27.681660899654,1,1,"Anoxia",5,0.96,101.8386339,0,1.1,62,0,0,0,1,1,2,4,4,0,0,10.03127438,0,0,0,0,10.03127438,0.546324991,7.89473684210526,70,5,0.066666667,1.24103e-07,570139.3071,244606.914,355.1083922,111.2904876,8.8645e-09,193899.7,55849.31745,214.6648296,37.38196004,1.2233e-05,39168.1163,33609.54802,77.32157941,26.45954849,33958.71053,47752.71803,65.75914177,22.12124113,3.43942e-07,0.39009449,0.070755966,0.479143741,0.04599502,0.722029176,0,0.147671691,-0.265896932,1.24081e-05,0.277970824,6900,194,578401.1087,219482.7101,0.376975301,225412.4627,0.367399172,8.294711853,27.85096317,0.303214094,8.294711853,27.85096317,0.303214094,0.433103065,305776.9737,0.433103065,305776.9737,0.626170846,2628740.5,0.626170846,2628740.5,0.276057958,14944.4,0.276057958,14944.4,0.607597629,628924.2778,0.607597629,628924.2778,0,0,0,0,0,0,0,0,0,0,0,0,0,0,0,0,0,0,0,0,0,0,0,0,0,0,0,0,0,0,0,0,0,0,0,0,0,0,0,0,0,0,0,0,0,0,0,0,0,0,0,0,0,0,0,0,0,0,0,0,0,0,0,0,0,0,0,0,0,0,0,0,0,0,0,0,0,0,0,0,0,0,0,0,0,0,0,0,0,0,0,0,0,0,0,0
"H22-12296 - 1",1,2,"7/5/2022",21010063,0,"3/5/1960 0:00:00",0,0,62,"Portugal",78,172,26.36560303,"Chronic glomerulonephritis (FSGS)",2,1,22.03,0,1,2,1.07,78.46145399,1.37,58.32465849,1.18,69.76835388,1.03,81.6227472013853,0.92,92.3141913,5.34572204930735,0,0,0,0,0,0,0,0,0,1.08,92.3141913,"2/5/2025 0:00:00",31,1,1,1,"7/12/2022 0:00:00",0,1,1,0,2,0,19,0,0," ",0,0," ",0,0,0," ",0,0,0,0,1,1,75,0,0,170,90,31.1418685121107,1,0,"Stroke (unspecified)",1,0.61,100.1669391,0,1.38,83,0,0,0,1,2,2,5,5,0,0,6.142382157,0,0,0,1,0,0.775050864,1.92307692307692,103,2,0.019047619,1.697e-07,362605.7961,188395.5134,283.2199354,98.83433343,3.29514e-09,140200.5,5245,187.5976033,0.373139095,1.14325e-05,36779.22669,44122.96443,73.73761416,24.62173607,16358.24191,17124.15098,52.4484374,16.4267969,3.06448e-07,0.435191448,0.061534104,0.420478112,0.067779657,0.33602958,0.009469244,0.146343179,-0.372968404,1.38705e-05,0.66397042,6939,186,380558.1582,168167.6327,0.43993631,175782.8172,0.438797003,7.13292306,25.84422988,0.207853875,7.299003583,26.8934831,0.196894569,0.388748595,491166.7895,0.388748595,491166.7895,0.52354239,8073510.5,0.52354239,8073510.5,0.338302384,16619.89286,0.338302384,16619.89286,0.529997988,1819898.1,0.529997988,1819898.1,0,0,0,0,0,0,0,0,0,0,0,0,0,0,0,0,0,0,0,0,0,0,0,0,0,0,0,0,0,0,0,0,0,0,0,0,0,0,0,0,0,0,0,0,0,0,0,0,0,0,0,0,0,0,0,0,0,0,0,0,0,0,0,0,0,0,0,0,0,0,0,0,0,0,0,0,0,0,0,0,0,0,0,0,0,0,0,0,0,0,0,0,0,0,0,0
"H22-15750 - 1",1,2,"8/30/2022",14022977,0,"9/18/1962 0:00:00",0,0,59,"Portugal",77,172,26.02758248,"ADPKD",4,2,25.47,0,1,2,1.18,71.08230447,1.19,70.36611183,1,86.70016178,1,86.162620779669,1.01,84.08746048,-1.0375801498345,0,0,0,0,0,0,0,0,0,0.98,84.08746048,"2/5/2025 0:00:00",29,1,1,1,"9/16/2022 0:00:00",0,0,2,2,4,2,24,0,0," ",0,0," ",0,0,0," ",0,0,0,0,1,1,60,0,0,170,80,27.681660899654,0,0,"Stroke (unspecified)",1,0.7,105.4847113,0,0.99,50,0,0,0,1,1,2,4,1,0,0,9.859261374,0,0,0,0,0,0.267550494,10,17,2,0.105263158,1.10355e-07,275743.9412,133401.2659,239.4739984,79.75531315,1.29829e-08,107895.25,25355.25,149.5881895,20.58818954,8.93224e-06,42434.10429,38410.53176,76.14870675,27.79027897,21483.43762,21542.62249,56.00775713,15.63703915,3.31064e-07,0.443875104,0.030429652,0.379031722,0.058493603,0.365383641,0.011973906,0.0802826,-0.214968717,1.20174e-05,0.634616359,1376,51,292461.9375,103093.4375,0.363514064,107822.6667,0.352681566,7.191311625,27.19893605,0.328500526,7.191311625,27.19893605,0.328500526,0.477561904,29182.25,0.477561904,29182.25,0.55372705,72805,0.55372705,72805,0.482118816,16732.11111,0.482118816,16732.11111,0.463891168,66532.66667,0.463891168,66532.66667,0,0,0,0,0,0,0,0,0,0,0,0,0,0,0,0,0,0,0,0,0,0,0,0,0,0,0,0,0,0,0,0,0,0,0,0,0,0,0,0,0,0,0,0,0,0,0,0,0,0,0,0,0,0,0,0,0,0,0,0,0,0,0,0,0,0,0,0,0,0,0,0,0,0,0,0,0,0,0,0,0,0,0,0,0,0,0,0,0,0,0,0,0,0,0,0
"H22-15750 - 2",1,2,"8/30/2022",19692052,0,"1/4/1985 0:00:00",0,2,37,"Bangladesh",65,170,22.49134948,"atipical HUS",4,1,89.97,0,3,1,0.99,100.618964,1.12,86.77216785,1.04,94.84229788,0.96,103.756565528121,0.83,113.4665094,4.8549719359395,0,0,0,0,0,0,0,0,0,0.91,113.4665094,"2/5/2025 0:00:00",29,1,1,1,"9/6/2022 0:00:00",0,1,2,2,5,6.38,26,0,0," ",0,0," ",0,0,0," ",0,0,0,0,2,1,60,0,0,170,80,27.681660899654,0,0,"Stroke (unspecified)",1,0.7,105.4847113,0,0.99,50,0,0,0,1,1,2,4,2,0,0,14.2896,0,0,0,0,14.2896,0.10282866,3.7037037037037,110,4,0.035087719,2.23037e-07,360485.5318,188552.0058,287.7551484,105.0756094,8.11043e-09,136453.125,43696.17146,190.3605725,28.58500381,1.10119e-05,41706.75161,40170.09148,78.32705077,27.75092714,29328.50784,30943.08654,60.26392271,16.22503555,2.71699e-07,0.486374171,0.080401527,0.459271971,0.023426155,0.471475342,0.01355602,0.175062996,0.09015416,1.20789e-05,0.528524658,5431,134,367138.0417,128852.8796,0.345894287,139621.2323,0.345813354,6.414629567,25.30783108,0.340431692,6.414629567,25.30783108,0.340431692,0.473289175,140350.6765,0.473289175,140350.6765,0.791666291,800755.5,0.791666291,800755.5,0.365091921,12726.54167,0.365091921,12726.54167,0.732962582,446648.6,0.732962582,446648.6,0,0,0,0,0,0,0,0,0,0,0,0,0,0,0,0,0,0,0,0,0,0,0,0,0,0,0,0,0,0,0,0,0,0,0,0,0,0,0,0,0,0,0,0,0,0,0,0,0,0,0,0,0,0,0,0,0,0,0,0,0,0,0,0,0,0,0,0,0,0,0,0,0,0,0,0,0,0,0,0,0,0,0,0,0,0,0,0,0,0,0,0,0,0,0,0
"H22-15991 - 1",1,2,"9/3/2022",19072146,0,"6/21/1957 0:00:00",1,0,65,"Portugal",81,169,28.36035153,"Diabetic nephropathy",1,1,50.07,0,1,2,2.17,24.67569144,1.99,27.37772267,1.42,41.04639293,1.6,35.3489098434572,1.69,32.69293742,-1.3279862117286,0,0,0,0,0,0,0,0,0,1.29,32.69293742,"2/5/2025 0:00:00",29,0,0,0,"9/20/2022 0:00:00",0,1,0,1,2,36,18,0,0," ",0,0," ",0,0,0," ",0,0,0,0,1,1,74,0,0,175,85,27.7551020408163,1,0,"Stroke (unspecified)",1,0.85,91.18229207,0,1.39,84,0,0,0,1,2,2,5,4,0,0,33.3596,1,1,1,1,33.3596,0.973908728,10.7142857142857,53,8,0.131147541,1.19366e-07,360721.8962,156745.7168,293.2199728,83.56282463,1.80175e-08,74076.125,38059.12494,133.3156506,51.95250037,1.07835e-05,43687.80472,39129.28527,80.93376473,26.04068607,24016.6394,33850.55613,57.88105446,16.13571679,3.13054e-07,0.35939981,0.04305796,0.47110687,0.037328369,0.355850034,0.031673529,0.091397436,-0.448388419,1.22758e-05,0.644149966,4788,139,367249.9135,167106.3846,0.459515474,173171,0.439612181,6.994852046,23.62277427,0.26900458,6.994852046,23.62277427,0.26900458,0.408373927,363534.9474,0.408373927,363534.9474,0.57405512,5234570.5,0.57405512,5234570.5,0.346231544,15891.70833,0.346231544,15891.70833,0.514903727,959494.7857,0.514903727,959494.7857,0,0,0,0,0,0,0,0,0,0,0,0,0,0,0,0,0,0,0,0,0,0,0,0,0,0,0,0,0,0,0,0,0,0,0,0,0,0,0,0,0,0,0,0,0,0,0,0,0,0,0,0,0,0,0,0,0,0,0,0,0,0,0,0,0,0,0,0,0,0,0,0,0,0,0,0,0,0,0,0,0,0,0,0,0,0,0,0,0,0,0,0,0,0,0,0
"H22-15991 - 2",1,2,"9/2/2022",19042317,0,"4/22/1958 0:00:00",1,0,64,"Portugal",64,162,24.38652644,"ADPKD",4,1,60.73,0,1,2,1.4,42.01151821,1.06,58.66174542,0.95,66.90424787,0.83,78.1856949402795,0.74,88.62187467,5.21808986486025,0,0,0,0,0,0,0,0,0,0.7,88.62187467,"2/5/2025 0:00:00",29,1,1,1,"9/16/2022 0:00:00",0,1,1,2,4,8,15,0,0," ",0,0," ",0,0,0," ",0,0,0,0,2,1,74,0,0,175,85,27.7551020408163,1,0,"Stroke (unspecified)",1,0.85,91.18229207,0,1.39,84,0,0,0,1,2,2,5,4,0,0,44.839,1,1,1,1,44.839,2.101312737,13.1578947368421,67,10,0.12987013,2.21539e-07,309987.0672,154360.4484,255.1945091,88.03290517,3.30655e-08,110859.55,31128.04088,165.9399911,29.68197003,1.27137e-05,37164.06528,28221.72365,77.16917292,24.46804979,27899.65206,41737.84614,56.41207037,18.85640738,4.86062e-07,0.40972826,0.068674096,0.472491644,0.036576971,0.308450048,0.011381865,0.145344573,-0.377394158,1.20745e-05,0.691549952,3845,147,333923.0887,151709.1613,0.430177922,151709.1613,0.430177922,7.731958433,32.12288279,0.153120688,7.731958433,32.12288279,0.153120688,0.344861338,81231.78947,0.344861338,81231.78947,0.181646943,753366.5,0.181646943,753366.5,0.326793673,12684.5,0.326793673,12684.5,0.412615083,338284.125,0.412615083,338284.125,0,0,0,0,0,0,0,0,0,0,0,0,0,0,0,0,0,0,0,0,0,0,0,0,0,0,0,0,0,0,0,0,0,0,0,0,0,0,0,0,0,0,0,0,0,0,0,0,0,0,0,0,0,0,0,0,0,0,0,0,0,0,0,0,0,0,0,0,0,0,0,0,0,0,0,0,0,0,0,0,0,0,0,0,0,0,0,0,0,0,0,0,0,0,0,0
"H22-17837 - 1",1,2,"9/30/2022",15031765,0,"4/6/1956 0:00:00",1,0,66,"Portugal",65,156,26.70940171,"Chronic glomerulonephritis (unspecified)",2,2,36.83,0,1,2,0.91,69.57774242,0.95,66.07720699,0.99,62.88655011,1.14,52.7634487949557,1.18,49.99868387,-1.38238246247785,0,0,0,0,0,0,0,0,0,1.44,49.99868387,"2/5/2025 0:00:00",28,1,0,0,"10/14/2022 0:00:00",0,1,1,2,4,4.26,18,0,0," ",0,0," ",0,0,0," ",0,0,0,0,1,1,74,0,0,168,81,28.6989795918367,0,0,"Stroke (unspecified)",1,0.5,107.0301365,0,1.2,71,0,0,0,1,2,2,5,4,0,0,8.069799222,0,0,0,1,0,0.270756563,4.65116279069767,84,4,0.045454545,1.22555e-07,397094.2202,204639.0665,300.1590355,100.5225328,5.83593e-09,164181.125,31591.28558,199.5186022,15.37294244,9.7781e-06,48743.68815,49709.75015,79.75770287,25.34093283,34666.37585,41469.18779,61.13259637,16.92864837,3.67664e-07,0.414728897,0.048665704,0.476620771,0.062916944,0.400773964,0.013061842,0.102105713,0.037401779,1.04569e-05,0.599226036,6702,252,406769.2134,121510.9024,0.308512072,128332.9351,0.297574138,6.062120546,31.24331042,0.262681719,6.061644215,31.22439859,0.263153528,0.371697013,33494.80556,0.371697013,33494.80556,0.509592948,157941,0.509592948,157941,0.322491817,9075.227273,0.322491817,9075.227273,0.449019464,71868.42857,0.449019464,71868.42857,0,0,0,0,0,0,0,0,0,0,0,0,0,0,0,0,0,0,0,0,0,0,0,0,0,0,0,0,0,0,0,0,0,0,0,0,0,0,0,0,0,0,0,0,0,0,0,0,0,0,0,0,0,0,0,0,0,0,0,0,0,0,0,0,0,0,0,0,0,0,0,0,0,0,0,0,0,0,0,0,0,0,0,0,0,0,0,0,0,0,0,0,0,0,0,0
"H22-17837 - 2",1,2,"9/30/2022",97008060,0,"10/6/1954 0:00:00",0,0,67,"Portugal",61,162,23.24340802,"Other",6,1,24.97,0,1,2,0.99,83.49291303,0.88,94.24716747,0.75,98.9084901,0.88,93.6628350343408,0.67,100.4441066,3.3906357828296,0,0,0,0,0,0,0,0,0,0.6,100.4441066,"2/5/2025 0:00:00",28,1,1,1,"10/7/2022 0:00:00",0,1,1,1,3,2.04,22,0,0," ",0,0," ",0,0,0," ",0,0,0,0,2,1,74,0,0,168,81,28.6989795918367,0,0,"Stroke (unspecified)",1,0.5,107.0301365,0,1.2,71,0,0,0,1,2,2,5,4,0,0,43.13689842,1,1,1,1,43.13689842,0.376181439,5,122,10,0.075757576,1.48738e-07,400502.7254,197659.1943,304.620209,103.8576994,1.21917e-08,76385.3,51623.24105,131.9784957,68.50822336,1.06897e-05,46010.06723,43105.56005,83.87295796,25.23817763,26517.00161,24536.39561,64.06758275,15.67714889,2.96258e-07,0.419012635,0.059570111,0.491831697,0.045226887,0.432420049,0.01861559,0.121118894,0.108825785,1.18765e-05,0.567579951,8768,243,427632.4825,123533.0263,0.280785933,132068.8447,0.291851216,5.730889632,28.08813084,0.26624915,5.788016382,28.91459076,0.258631496,0.429717902,1251989.938,0.429717902,1251989.938,0.473295963,7657531.5,0.473295963,7657531.5,0.425799386,19239,0.425799386,19239,0.431024073,1662906.917,0.431024073,1662906.917,0,0,0,0,0,0,0,0,0,0,0,0,0,0,0,0,0,0,0,0,0,0,0,0,0,0,0,0,0,0,0,0,0,0,0,0,0,0,0,0,0,0,0,0,0,0,0,0,0,0,0,0,0,0,0,0,0,0,0,0,0,0,0,0,0,0,0,0,0,0,0,0,0,0,0,0,0,0,0,0,0,0,0,0,0,0,0,0,0,0,0,0,0,0,0,0
"H22-19768 - 1",1,2,"10/27/2022",18012841,0,"11/30/1969 0:00:00",0,0,52,"Portugal",71,165,26.07897153,"Diabetic nephropathy",1,1,52.23,0,3,1,2.06,38.04401082,1.34,63.73840669,1.67,48.94036405,1.5,55.3243655922698,1.43,57.865631,1.2706327038651,0,0,0,0,0,0,0,0,0,1.39,57.865631,"2/5/2025 0:00:00",27,1,1,0,"11/25/2022 0:00:00",0,2,1,1,4,2.13,14,1,0," ",0,0," ",0,0,0," ",0,0,0,0,1,1,76,0,0,165,100,36.7309458218549,1,1,"Stroke (unspecified)",1,0.7,95.49340897,0,1.9,99,1,0,0,1,3,2,6,5,0,0,59.7912,1,1,1,1,59.7912,0.102996562,4.76190476190476,125,6,0.045801527,1.96431e-07,527774.312,263945.0199,343.904048,124.5368612,9.42867e-09,180763.8333,109168.5237,169.2759288,79.20854295,1.06167e-05,52684.65534,48799.85665,88.67513135,31.34288118,16486.5,0,68.46897107,0,4.65148e-07,0.437934908,0.103671018,0.559336145,0.031815573,0.258587427,0,0.185346537,-0.226411715,1.0823e-05,0.741412573,6756,296,583602.6429,94593.94643,0.164200009,101976.5743,0.170607896,5.249203405,33.66226138,0.187173795,5.249203405,33.66226138,0.187173795,0.536605636,177236.5161,0.536605636,177236.5161,0.880649153,2537692,0.880649153,2537692,0.516335585,18869.04167,0.516335585,18869.04167,0.549407773,277258.0789,0.549407773,277258.0789,0,0,0,0,0,0,0,0,0,0,0,0,0,0,0,0,0,0,0,0,0,0,0,0,0,0,0,0,0,0,0,0,0,0,0,0,0,0,0,0,0,0,0,0,0,0,0,0,0,0,0,0,0,0,0,0,0,0,0,0,0,0,0,0,0,0,0,0,0,0,0,0,0,0,0,0,0,0,0,0,0,0,0,0,0,0,0,0,0,0,0,0,0,0,0,0
"H22-19768 - 2",1,2,"10/27/2022",20045515,0,"9/6/1954 0:00:00",0,0,68,"Portugal",85,170,29.41176471,"Chronic glomerulonephritis (unspecified)",2,2,28.4,0,1,2,8.36,6.413030518,3.47,18.42109617,2.68,25.11591975,2.98,21.9760844371814,2.99,21.61734685,-0.179368793590699,1,1,0,0,0,1,1,0,0,2.44,21.61734685,"2/5/2025 0:00:00",27,0,0,0,"12/9/2022 0:00:00",0,1,1,2,4,0,19,1,0," ",0,0," ",0,0,0," ",0,0,0,0,2,1,76,0,0,165,100,36.7309458218549,1,1,"Stroke (unspecified)",1,0.7,95.49340897,0,1.9,99,1,0,0,0,3,2,5,4,0,0,81.22915609,1,1,1,1,0,0.018305018,0,110,0,0,1.54155e-07,514088.85,261775.9949,338.3339363,109.0915474,0,0,0,0,0,1.00187e-05,54144.18604,55312.61126,90.25415984,32.24706871,16947.7879,10250.5065,61.21904716,16.84876066,3.32133e-07,0.444563891,0.07924925,0.542452126,0.035633045,0.496072771,0.009252293,0.146094459,-0.359931014,1.06949e-05,0.503927229,7149,237,523569.9444,132720.8148,0.260864572,137510.8558,0.264446926,5.786862126,36.90210536,0.175805866,5.786862126,36.90210536,0.175805866,0.466846052,202245.62,0.466846052,202245.62,0.503735067,2080857.5,0.503735067,2080857.5,0.392906512,25389.5,0.392906512,25389.5,0.49019538,258094.9211,0.49019538,258094.9211,0,0,0,0,0,0,0,0,0,0,0,0,0,0,0,0,0,0,0,0,0,0,0,0,0,0,0,0,0,0,0,0,0,0,0,0,0,0,0,0,0,0,0,0,0,0,0,0,0,0,0,0,0,0,0,0,0,0,0,0,0,0,0,0,0,0,0,0,0,0,0,0,0,0,0,0,0,0,0,0,0,0,0,0,0,0,0,0,0,0,0,0,0,0,0,0
"H22-20281 - 2",1,2,"11/4/2022",19007473,0,"3/14/1965 0:00:00",1,0,57,"Portugal",51.3,160,20.0390625,"Undetermined",5,2,41.87,0,1,2,0.88,76.60372097,1.05,61.97291343,0.86,78.74644029,0.84,80.499451529777,0.7,98.94831466,9.22443156511149,0,0,0,0,0,0,0,0,0,0.71,98.94831466,"2/5/2025 0:00:00",27,1,1,1,"11/15/2022 0:00:00",0,0,0,0,0,0,22,0,0," ",0,0," ",0,0,0," ",0,0,0,0,2,0,43,0,0,172,63,21.295294753921,0,0,"Head Thrauma",2,0.75,114.8306318,0,0.82,29,0,0,0,0,2,2,4,3,0,0,9.137863306,0,0,0,1,0,0.554741766,0,46,0,0,1.0824e-07,464736.2174,289720.387,319.5963238,123.3272188,0,0,0,0,0,6.66855e-06,79728.6265,82343.13231,103.9856491,39.28930149,0,0,0,0,2.30599e-07,0.413668241,0.050303262,0.531674621,0.039904239,0,0,0.094612871,-0.016096451,6.77679e-06,0,2834,98,504308.2857,120274.2857,0.251735181,125309.475,0.254929402,5.69426625,39.09451075,0.174384933,5.69426625,39.09451075,0.174384933,0.468303016,195807.1364,0.468303016,195807.1364,0.587847235,1025308.5,0.587847235,1025308.5,0.43789381,21467.25,0.43789381,21467.25,0.504794062,405015,0.504794062,405015,0,0,0,0,0,0,0,0,0,0,0,0,0,0,0,0,0,0,0,0,0,0,0,0,0,0,0,0,0,0,0,0,0,0,0,0,0,0,0,0,0,0,0,0,0,0,0,0,0,0,0,0,0,0,0,0,0,0,0,0,0,0,0,0,0,0,0,0,0,0,0,0,0,0,0,0,0,0,0,0,0,0,0,0,0,0,0,0,0,0,0,0,0,0,0,0
"H22-20323 - 1",1,2,"11/6/2022",5011847,0,"3/3/1958 0:00:00",0,0,64,"Portugal",95,178,29.98358793,"Diabetic nephropathy",1,2,24.17,0,1,2,0.88,96.02212868,2.39,29.5418296,1.17,69.61323812,1.35,58.2657498719751,1.35,57.54549431,-0.36012778098755,0,0,0,0,0,0,0,0,0,1.32,57.54549431,"2/5/2025 0:00:00",27,1,1,0,"11/14/2022 0:00:00",0,1,2,2,5,0,12,0,0," ",0,0," ",0,0,0," ",0,0,0,0,1,1,61,0,0,169,71,24.8590735618501,1,0,"Head Thrauma",2,0.6,109.8263225,0,1.09,60,0,0,0,0,1,2,3,3,0,0,5.288717648,0,0,0,0,0,0.065643059,0,100,1,0.00990099,1.48387e-07,424151.32,219973.758,308.9030604,102.2748712,1.48387e-09,241075.5,0,232.4069706,0,1.02372e-05,55181.94282,66385.44026,84.23357816,30.37701219,37212.7,87232.25176,52.89112356,22.57275013,1.67677e-07,0.460887067,0.062938406,0.564908423,0.023265339,0.528252661,0,0.111413468,-0.392429538,1.04226e-05,0.471747339,6899,113,440907.4635,113947.5104,0.251700907,118949.1758,0.256097638,6.467513194,19.01292242,0.291933086,6.467513194,19.01292242,0.291933086,0.448259142,68303.92857,0.448259142,68303.92857,0.498872852,338915.5,0.498872852,338915.5,0.436089827,17605.7,0.436089827,17605.7,0.478682431,195049.5,0.478682431,195049.5,0,0,0,0,0,0,0,0,0,0,0,0,0,0,0,0,0,0,0,0,0,0,0,0,0,0,0,0,0,0,0,0,0,0,0,0,0,0,0,0,0,0,0,0,0,0,0,0,0,0,0,0,0,0,0,0,0,0,0,0,0,0,0,0,0,0,0,0,0,0,0,0,0,0,0,0,0,0,0,0,0,0,0,0,0,0,0,0,0,0,0,0,0,0,0,0
"H22-20323 - 2",1,2,"11/6/2022",19061301,0,"4/29/1960 0:00:00",1,0,62,"Portugal",56,154,23.61275089,"ADPKD",4,1,25.27,0,1,2,0.61,101.0207349,0.65,99.48621196,0.72,94.47677033,0.69,97.4566268216216,0.56,101.2182156,1.8807943891892,0,0,0,0,0,0,0,0,0,0.66,101.2182156,"2/5/2025 0:00:00",27,1,1,1,"11/14/2022 0:00:00",0,1,2,1,4,0,13,0,0," ",0,0," ",0,0,0," ",0,0,0,0,2,1,61,0,0,169,71,24.8590735618501,1,0,"Head Thrauma",2,0.6,109.8263225,0,1.09,60,0,0,0,1,1,2,4,3,0,0,24.1074,1,1,0,0,24.1074,0.417285862,4.76190476190476,84,5,0.056179775,1.0017e-07,429046.0952,259578.5777,298.1610674,130.4040033,5.96253e-09,155151.8,85280.49887,182.1658892,43.01149632,9.54124e-06,57068.78465,72504.36675,85.24749177,31.95829453,24358.06579,26878.01414,61.35791283,23.11535155,1.87223e-07,0.502226182,0.042977742,0.544506721,0.017876403,0.448595741,0.015042543,0.078929681,-0.475576459,1.09888e-05,0.551404259,8001,157,473421.5789,152582.0658,0.315299737,157794.2329,0.316799306,7.021476032,21.60880667,0.268369744,7.020671381,21.60532317,0.268491865,0.432068772,104320.2917,0.432068772,104320.2917,0.490043485,538980.5,0.490043485,538980.5,0.409664954,24441,0.409664954,24441,0.454472591,184199.5833,0.454472591,184199.5833,0,0,0,0,0,0,0,0,0,0,0,0,0,0,0,0,0,0,0,0,0,0,0,0,0,0,0,0,0,0,0,0,0,0,0,0,0,0,0,0,0,0,0,0,0,0,0,0,0,0,0,0,0,0,0,0,0,0,0,0,0,0,0,0,0,0,0,0,0,0,0,0,0,0,0,0,0,0,0,0,0,0,0,0,0,0,0,0,0,0,0,0,0,0,0,0
"H22-21560 - 2",1,2,"11/23/2022",9020992,0,"1/2/1960 0:00:00",0,0,62,"Portugal",72,155,29.96878252,"Chronic glomerulonephritis (FSGS)",2,1,21.87,0,1,2,2.26,31.98797575,2.83,24.42154651,2.61,26.91214266,2.34,30.4899595791719,2.93,22.9917865,-3.74908653958595,1,1,0,0,0,1,1,0,0,2.95,22.9917865,"2/5/2025 0:00:00",26,0,0,0,"12/22/2022 0:00:00",0,2,2,2,6,0,17,1,0," ",0,0," ",0,0,0," ",0,0,0,0,2,1,74,0,0,155,72,29.9687825182102,1,0,"Meningitis",3,0.9,89.62182486,0,1.54,91,1,0,0,0,1,2,3,3,0,0,10.69233996,0,0,0,0,10.69233996,0.307185965,0,38,0,0,1.06682e-07,371917.1842,249589.6647,274.8201947,135.6147506,0,0,0,0,0,6.85575e-06,54147.4998,55909.62123,86.61057389,30.20711968,20531.94608,24843.24237,56.55418468,17.96903242,3.20047e-07,0.459427235,0.039677024,0.371221663,0.043061238,0.282225201,0.01938164,0.106882296,-0.23863378,1.12164e-05,0.717774799,2442,114,439826.8281,211666.8125,0.475268262,224007.5333,0.481529477,7.954324579,33.97534915,0.256491221,7.954324579,33.97534915,0.256491221,0.433419699,42929.75,0.433419699,42929.75,0.344837947,257473.5,0.344837947,257473.5,0.474984742,17299.88889,0.474984742,17299.88889,0.308724571,119819.3333,0.308724571,119819.3333,0,0,0,0,0,0,0,0,0,0,0,0,0,0,0,0,0,0,0,0,0,0,0,0,0,0,0,0,0,0,0,0,0,0,0,0,0,0,0,0,0,0,0,0,0,0,0,0,0,0,0,0,0,0,0,0,0,0,0,0,0,0,0,0,0,0,0,0,0,0,0,0,0,0,0,0,0,0,0,0,0,0,0,0,0,0,0,0,0,0,0,0,0,0,0,0
"H22-21587",1,2,"11/22/2022",19759661,0,"8/27/1989 0:00:00",0,0,33,"Portugal",75,172,25.35154137,"Alport Syndrome",2,1,51.33,0,3,1,1.13,88.01404339,0.98,104.4178663,1.03,98.36519009,0.91,113.421510528353,0.89,113.8983747,0.238432085823504,0,0,0,0,0,0,0,0,0,0.96,113.8983747,"2/5/2025 0:00:00",26,1,1,1,"11/30/2022 0:00:00",0,1,2,1,4,9,22,0,0," ",0,0," ",0,0,0," ",0,0,1,0,2,0,35,0,0,165,100,36.7309458218549,1,0,"Stroke (unspecified)",1,0.79,118.8094362,0,0.86,34,0,0,0,0,1,2,3,3,0,0,15.10004955,1,0,0,0,15.10004955,5.918214968,0,78,0,0,1.11355e-07,441075.4038,277103.4562,299.0393578,145.2990759,0,0,0,0,0,8.1603e-06,60012.94655,60521.47146,87.50706374,30.83817119,31339.53055,32634.06583,63.88074926,17.5722151,2.25565e-07,0.38535023,0.049115818,0.489723683,0.02428928,0.427565185,0.018506209,0.100292919,0.148169263,9.4156e-06,0.572434815,5716,158,505607.2941,202495.3088,0.407976742,204447.7612,0.403333644,7.04126195,36.41436076,0.193174501,7.04126195,36.41436076,0.193174501,0.482989902,277159.4444,0.482989902,277159.4444,0.45214895,3069990.5,0.45214895,3069990.5,0.383999365,20883.08333,0.383999365,20883.08333,0.532485171,405297.625,0.532485171,405297.625,0,0,0,0,0,0,0,0,0,0,0,0,0,0,0,0,0,0,0,0,0,0,0,0,0,0,0,0,0,0,0,0,0,0,0,0,0,0,0,0,0,0,0,0,0,0,0,0,0,0,0,0,0,0,0,0,0,0,0,0,0,0,0,0,0,0,0,0,0,0,0,0,0,0,0,0,0,0,0,0,0,0,0,0,0,0,0,0,0,0,0,0,0,0,0,0
"H22-21589",1,2,"11/22/2022",1008830,0,"5/27/1974 0:00:00",0,0,48,"Portugal",68.5,164,25.46847115,"Chronic glomerulonephritis (IgA)",2,2,42.4,1,3,1,1.03,89.60377807,1.29,68.39484017,1.23,72.41772171,1.04,88.021745521072,1.22,71.77879641,-8.121474555536,0,1,0,0,0,0,0,0,0,1.14,71.77879641,"2/5/2025 0:00:00",26,1,1,1,"11/29/2022 0:00:00",0,1,2,2,5,54.17,19,0,0," ",0,0," ",0,0,0," ",0,0,1,0,1,0,35,0,0,165,100,36.7309458218549,1,0,"Stroke (unspecified)",1,0.79,118.8094362,0,0.86,34,0,0,0,0,0,0,0,0,0,0,11.93295167,0,0,0,0,11.93295167,0.0044762,0,43,0,0,1.74306e-07,381874.1512,169555.1019,290.0099771,97.60446611,0,0,0,0,0,1.26878e-05,42251.1107,36728.90125,83.80382191,28.18365616,10616.5,2113.370679,46.67102403,8.6928428,3.85094e-07,0.480077391,0.066562853,0.536075155,0.030164592,0.213889253,0,0.124167018,-0.409100684,1.2868e-05,0.786110747,3130,95,410457.6125,148511.125,0.35863221,151225.1795,0.356191728,5.635348036,23.22390187,0.305938133,5.635348036,23.22390187,0.305938133,0.522671881,147734.6923,0.522671881,147734.6923,0.684122369,1302075,0.684122369,1302075,0.456805728,13783.11111,0.456805728,13783.11111,0.670870725,449125.75,0.670870725,449125.75,0,0,0,0,0,0,0,0,0,0,0,0,0,0,0,0,0,0,0,0,0,0,0,0,0,0,0,0,0,0,0,0,0,0,0,0,0,0,0,0,0,0,0,0,0,0,0,0,0,0,0,0,0,0,0,0,0,0,0,0,0,0,0,0,0,0,0,0,0,0,0,0,0,0,0,0,0,0,0,0,0,0,0,0,0,0,0,0,0,0,0,0,0,0,0,0
"H22-21858 - 1",1,2,"11/28/2022",20039027,0,"6/14/1956 0:00:00",0,0,66,"Portugal",79,170,27.33564014,"Undetermined",5,1,26.33,0,1,2,2.43,28.60127057,1.9,38.42452731,2.24,31.53662636,1.91,37.9465071276684,1.99,35.67682025,-1.1348434388342,0,0,0,0,0,0,0,0,0,2.1,35.67682025,"2/5/2025 0:00:00",26,0,0,0,"12/9/2022 0:00:00",0,2,2,0,4,7,17,1,0," ",0,0," ",0,0,0," ",0,0,0,0,1,1,69,0,0,170,70,24.2214532871972,0,0,"Head Thrauma",2,0.97,84.50526166,0,1.2,71,0,0,0,1,2,2,5,3,0,0,36.8358,1,1,1,1,36.8358,0.422746881,7.14285714285714,79,5,0.05952381,1.3509e-07,476853.2975,192379.8637,345.0099476,86.84467048,8.55001e-09,85297.9,54695.28976,131.6660297,57.80360392,1.36561e-05,40769.29045,38417.62686,80.7675571,25.41437044,30227.57221,30681.57422,67.24466701,18.74719331,3.4713e-07,0.532115991,0.064418157,0.556748267,0.024296305,0.328305571,0.018655143,0.11570428,0.154778516,1.29551e-05,0.671694429,7986,203,482964.2756,104431.7436,0.215003629,107516.8933,0.214123874,5.677750005,24.22791473,0.349868316,5.691037768,24.08221967,0.353012848,0.39861813,279007.5938,0.39861813,279007.5938,0.427772107,2105886,0.427772107,2105886,0.331912069,21960.07143,0.331912069,21960.07143,0.450500623,478933.4444,0.450500623,478933.4444,0,0,0,0,0,0,0,0,0,0,0,0,0,0,0,0,0,0,0,0,0,0,0,0,0,0,0,0,0,0,0,0,0,0,0,0,0,0,0,0,0,0,0,0,0,0,0,0,0,0,0,0,0,0,0,0,0,0,0,0,0,0,0,0,0,0,0,0,0,0,0,0,0,0,0,0,0,0,0,0,0,0,0,0,0,0,0,0,0,0,0,0,0,0,0,0
"H22-21858 - 2",1,2,"11/28/2022",20034874,0,"3/1/1967 0:00:00",1,0,55,"Portugal",57.5,160,22.4609375,"ADPKD",4,1,29.1,0,1,2,1.28,49.47423913,1.09,59.99558466,1.4,44.43011574,0.76,91.9080959784134,0.94,70.33550992,-10.7862930292067,0,1,0,0,0,0,0,0,0,0.85,70.33550992,"2/5/2025 0:00:00",26,1,1,1,"12/5/2022 0:00:00",0,2,1,1,4,2.27,21,0,0," ",0,0," ",0,0,0," ",0,0,0,0,2,1,69,0,0,170,70,24.2214532871972,0,0,"Head Thrauma",2,0.97,84.50526166,0,1.2,71,0,0,0,1,2,2,5,4,0,0,15.12620772,1,0,0,1,0,0.544742023,11.1111111111111,53,6,0.101694915,1.32186e-07,390016.9717,206836.0933,291.652849,113.7273825,1.49644e-08,133430.9167,7223.589709,184.1927555,6.784454784,1.13655e-05,53195.62245,55975.39744,86.40186948,28.11158814,29366.46701,33782.28423,64.67866149,22.94256571,4.33968e-07,0.53735541,0.051554627,0.604593118,0.021166188,0.315949689,0.016206232,0.085271608,-0.16234032,1.11125e-05,0.684050311,4557,174,412645.13,112931.06,0.312400465,119151.7447,0.285282848,6.338486192,25.84845211,0.32259333,6.338486192,25.84845211,0.32259333,0.411614278,165493.9286,0.411614278,165493.9286,0.487278084,1095174.5,0.487278084,1095174.5,0.366406186,12807.9,0.366406186,12807.9,0.436729884,250319.5,0.436729884,250319.5,0,0,0,0,0,0,0,0,0,0,0,0,0,0,0,0,0,0,0,0,0,0,0,0,0,0,0,0,0,0,0,0,0,0,0,0,0,0,0,0,0,0,0,0,0,0,0,0,0,0,0,0,0,0,0,0,0,0,0,0,0,0,0,0,0,0,0,0,0,0,0,0,0,0,0,0,0,0,0,0,0,0,0,0,0,0,0,0,0,0,0,0,0,0,0,0
"H22-22159 - 1",1,2,"12/1/2022",19340835,0,"11/24/1967 0:00:00",1,0,55,"Portugal",62,170,21.4532872,"ADPKD",4,2,22.87,0,1,2,1.59,38.13770352,1.43,43.31395515,1.63,37.01740429,1.32,47.3850520913361,1.43,42.51330022,-2.43587593566805,0,0,0,0,0,0,0,0,0,1.3,42.51330022,"2/5/2025 0:00:00",26,0,0,0,"12/7/2022 0:00:00",0,1,2,0,3,33,11,0,0," ",0,0," ",0,0,0," ",0,0,0,0,1,1,70,1,0,165,63,23.1404958677686,0,0,"Stroke (unspecified)",1,0.57,97.70147335,0,1.3,78,0,0,0,2,1,0,3,4,0,0,7.267948495,0,0,0,0,7.267948495,0.169177325,33.3333333333333,12,0,0,7.48897e-08,407021.9583,123078.1026,326.6404153,55.39138689,0,0,0,0,0,7.7698e-06,69796.70402,81848.30545,89.96740934,32.57394732,32446.36012,45351.90923,64.31982402,19.86011123,1.24816e-07,0.399113885,0.03048174,0.542306655,0.015541791,0.433275527,0.013322167,0.056207571,-0.202933383,1.07582e-05,0.566724473,1245,20,407021.9583,194930.8333,0.493739613,198524.7273,0.512235262,7.732590692,28.80350588,0.251942882,7.732590692,28.80350588,0.251942882,0.36872073,252786.4,0.36872073,252786.4,0.376610981,1181139.5,0.376610981,1181139.5,0.366748167,20698.125,0.366748167,20698.125,0.376610981,1181139.5,0.376610981,1181139.5,0,0,0,0,0,0,0,0,0,0,0,0,0,0,0,0,0,0,0,0,0,0,0,0,0,0,0,0,0,0,0,0,0,0,0,0,0,0,0,0,0,0,0,0,0,0,0,0,0,0,0,0,0,0,0,0,0,0,0,0,0,0,0,0,0,0,0,0,0,0,0,0,0,0,0,0,0,0,0,0,0,0,0,0,0,0,0,0,0,0,0,0,0,0,0,0
"H22-22159 - 2",1,2,"12/1/2022",21023646,0,"6/25/1956 0:00:00",0,0,66,"Portugal",74,167,26.53375883,"Diabetic nephropathy",1,2,26,0,1,2,1.41,54.96040439,1.8,41.00018805,1.43,54.03928694,1.79,41.0192967104176,1.42,53.48891872,6.2348110047912,0,0,0,0,0,0,0,0,0,1.63,53.48891872,"2/5/2025 0:00:00",26,0,0,0,"12/8/2022 0:00:00",0,2,2,0,4,18,15,0,0," ",0,0," ",0,0,0," ",0,0,0,0,2,1,70,1,0,165,63,23.1404958677686,0,0,"Stroke (unspecified)",1,0.57,97.70147335,0,1.3,78,0,0,0,0,2,2,4,3,0,0,27.81367176,1,1,1,1,27.81367176,1.026454531,0,53,0,0,2.51226e-07,325314.4717,148674.6714,281.4310551,77.12300205,0,0,0,0,0,1.21821e-05,39213.35681,34489.80128,77.31273013,24.70774168,38941.82228,42754.63899,63.34715502,18.28598812,2.32265e-07,0.292293725,0.081727399,0.477700361,0.012586703,0.375013492,0.008688519,0.171085069,-0.023322541,1.18421e-05,0.624986508,2570,49,325314.4717,157812.9245,0.480675018,167131.898,0.479264152,7.413850687,29.23390373,0.181571494,7.413850687,29.23390373,0.181571494,0.287986619,85640.1875,0.287986619,85640.1875,0.442664957,309779,0.442664957,309779,0.202039835,14773.625,0.202039835,14773.625,0.373933403,156506.75,0.373933403,156506.75,0,0,0,0,0,0,0,0,0,0,0,0,0,0,0,0,0,0,0,0,0,0,0,0,0,0,0,0,0,0,0,0,0,0,0,0,0,0,0,0,0,0,0,0,0,0,0,0,0,0,0,0,0,0,0,0,0,0,0,0,0,0,0,0,0,0,0,0,0,0,0,0,0,0,0,0,0,0,0,0,0,0,0,0,0,0,0,0,0,0,0,0,0,0,0,0
"H22-22273",1,2,"12/3/2022",20019160,0,"5/28/1977 0:00:00",0,0,45,"Portugal",80,177,25.53544639,"ADPKD",4,2,22.23,0,1,2,1.51,57.68483801,1.64,52.24219266,1.61,53.41250702,1.4,62.7739364989758,1.42,60.95158142,-0.911177539487902,0,0,0,0,0,0,0,0,0,1.39,60.95158142,"2/5/2025 0:00:00",26,1,1,1,"12/9/2022 0:00:00",0,1,1,2,4,2,13,0,0," ",0,0," ",0,0,0," ",0,0,1,0,1,0,45,1,0,165,75,27.5482093663912,0,0,"Head Thrauma",2,1.04,67.54623648,0,0.86,33,0,0,0,1,1,2,4,4,0,0,18.58578277,1,0,0,0,18.58578277,0.21682725,7.69230769230769,25,1,0.038461538,8.25111e-08,342004.34,123628.0159,288.7354618,59.51565405,3.30044e-09,83184,0,143.8923209,0,9.49538e-06,57706.25287,109503.3142,83.07513204,32.51717039,33755.74196,48574.56407,66.48955314,19.53878505,1.28717e-07,0.484014321,0.028219155,0.547942658,0.016836042,0.414619353,0.005167554,0.051500197,-0.567748354,1.1033e-05,0.585380647,2877,39,342004.34,136048.24,0.411660738,136048.24,0.411660738,8.14657216,21.17983609,0.404215701,8.14657216,21.17983609,0.404215701,0.511905436,145823.4444,0.511905436,145823.4444,0.589181239,646885,0.589181239,646885,0.467248588,19389.21429,0.467248588,19389.21429,0.668204406,588343.25,0.668204406,588343.25,0,0,0,0,0,0,0,0,0,0,0,0,0,0,0,0,0,0,0,0,0,0,0,0,0,0,0,0,0,0,0,0,0,0,0,0,0,0,0,0,0,0,0,0,0,0,0,0,0,0,0,0,0,0,0,0,0,0,0,0,0,0,0,0,0,0,0,0,0,0,0,0,0,0,0,0,0,0,0,0,0,0,0,0,0,0,0,0,0,0,0,0,0,0,0,0
"H22-22506 - 2",1,2,"12/4/2022",21020180,0,"10/4/1957 0:00:00",0,0,65,"Portugal",69,172,23.32341806,"ADPKD",4,1,62.1,0,1,2,2.09,34.48564228,1.27,62.69738062,1.38,56.74909743,1.2,66.6953198264752,1.24,63.32931891,-1.6830004582376,0,0,0,0,0,0,0,0,0,1.44,63.32931891,"2/5/2025 0:00:00",26,1,1,1,"12/14/2022 0:00:00",0,1,1,1,3,2.17,16,0,0," ",0,0," ",0,0,0," ",0,0,0,0,2,1,78,1,0,162,70,26.6727632982777,1,1,"Head Thrauma",2,0.64,90.40022653,0,1.96,99,1,0,0,1,1,2,4,1,0,0,24.41684343,1,1,0,0,24.41684343,0.662523462,6.81818181818182,83,6,0.06741573,1.7633e-07,347269.4639,143104.6926,289.6056547,68.17163616,1.27468e-08,47529.33333,13136.18691,112.2936313,17.21841166,1.15039e-05,39584.55078,35527.28431,77.29184848,25.88972069,20105.65611,21094.3239,58.64614285,17.21297996,3.08047e-07,0.428214247,0.061234082,0.455378693,0.056177748,0.344562311,0.004328207,0.134468484,-0.394097764,1.34775e-05,0.655437689,5415,145,347269.4639,135073.0482,0.398535344,144144.2368,0.39584089,6.688960231,23.01460459,0.317780105,6.688960231,23.01460459,0.317780105,0.518073193,193063.2,0.518073193,193063.2,0.588207414,771147,0.588207414,771147,0.30575838,16887,0.30575838,16887,0.659616401,310514,0.659616401,310514,0,0,0,0,0,0,0,0,0,0,0,0,0,0,0,0,0,0,0,0,0,0,0,0,0,0,0,0,0,0,0,0,0,0,0,0,0,0,0,0,0,0,0,0,0,0,0,0,0,0,0,0,0,0,0,0,0,0,0,0,0,0,0,0,0,0,0,0,0,0,0,0,0,0,0,0,0,0,0,0,0,0,0,0,0,0,0,0,0,0,0,0,0,0,0,0
"H22-23447",1,2,"12/20/2022",9106423,0,"5/8/1990 0:00:00",0,0,32,"Portugal",114,192,30.92447917,"Other",6,1,35.23,0,3,1,1.84,49.33620332,1.5,63.04310602,1.53,61.56266273,1.44,65.7977608848814,1.49,62.37643759,-1.7106616474407,0,0,0,0,0,0,0,0,0,1.43,62.37643759,"2/5/2025 0:00:00",26,1,1,1,"12/27/2022 0:00:00",0,2,2,2,6,0,10,0,0," ",0,0," ",0,0,0," ",0,0,1,0,1,0,27,0,0,183,90,26.8744961031981,0,0,"Head Thrauma",2,0.86,121.7093225,0,0.61,3,0,0,0,0,1,0,1,1,0,0,13.0134007,0,0,0,0,13.0134007,0.01458348,0,70,0,0,1.47849e-07,341952.9857,150139.5251,284.9257102,86.90888317,0,0,0,0,0,1.37436e-05,42427.78646,50338.03744,79.86562927,27.07519191,17586.43662,43471.32843,57.44567172,13.72446713,1.81643e-07,0.440682511,0.050557392,0.583111225,0.033060841,0.57306638,0.001115659,0.086702827,-0.610479851,1.42294e-05,0.42693362,6507,86,351976.3382,117459.9265,0.331470928,123025.2969,0.328728025,7.127791355,21.98925186,0.395779591,7.127791355,21.98925186,0.395779591,0.559267775,115531.381,0.559267775,115531.381,0.790336938,569219,0.790336938,569219,0.484800351,7327.769231,0.484800351,7327.769231,0.680277339,291362.25,0.680277339,291362.25,0,0,0,0,0,0,0,0,0,0,0,0,0,0,0,0,0,0,0,0,0,0,0,0,0,0,0,0,0,0,0,0,0,0,0,0,0,0,0,0,0,0,0,0,0,0,0,0,0,0,0,0,0,0,0,0,0,0,0,0,0,0,0,0,0,0,0,0,0,0,0,0,0,0,0,0,0,0,0,0,0,0,0,0,0,0,0,0,0,0,0,0,0,0,0,0
"H22-23525",1,2,"12/21/2022",20040341,0,"2/1/2000 0:00:00",0,1,22,"Angola",72,180,22.22222222,"Other",6,1,32.5,0,3,1,1.96,48.66871762,2.02,46.93918507,2.17,43.07303838,1.6,61.7038413817542,1.94,48.36064561,-6.6715978858771,0,1,0,0,0,0,0,0,0,1.8,48.36064561,"2/5/2025 0:00:00",26,1,1,1,"12/27/2022 0:00:00",0,2,0,0,2,0,11,0,0," ",0,0," ",0,0,0," ",0,0,1,0,1,0,17,0,0,173,65,21.7180660897457,0,0,"Anoxia",5,1.7,59.5557257,0,0.74,17,0,0,0,0,1,0,1,0,0,0,16.79121949,1,0,0,0,16.79121949,0.70748047,0,24,0,0,1.36997e-07,212781.75,136380.4851,212.7514229,101.4416846,0,0,0,0,0,7.27799e-06,55952.10745,160483.8564,71.48240733,37.08386299,39444.77575,67847.33051,56.44751992,23.75585371,1.5983e-07,0.233981186,0.029150565,0.407218965,0.009697721,0.450400025,0.003456288,0.071584498,-0.434915276,8.17142e-06,0.549599975,1275,28,212781.75,159944.1579,0.669633916,172481.7647,0.611088751,8.591811539,30.62874186,0.149309867,8.591811539,30.62874186,0.149309867,0.366450016,64210.5,0.366450016,64210.5,0.584375603,397416,0.584375603,397416,0.335317789,16609.71429,0.335317789,16609.71429,0.584375603,397416,0.584375603,397416,0,0,0,0,0,0,0,0,0,0,0,0,0,0,0,0,0,0,0,0,0,0,0,0,0,0,0,0,0,0,0,0,0,0,0,0,0,0,0,0,0,0,0,0,0,0,0,0,0,0,0,0,0,0,0,0,0,0,0,0,0,0,0,0,0,0,0,0,0,0,0,0,0,0,0,0,0,0,0,0,0,0,0,0,0,0,0,0,0,0,0,0,0,0,0,0
"XH13-06026 2",0,0,"5/8/2013",0,0," ",0,0,0," ",0,0,0," ",4,0,0,0,0,0,0,0,0,0,0,0,0,0,0,0,0,0,0,0,0,0,0,0,0,0,0,0," ",0,0,0,0," ",0,0,0,0,0,0,0,0,0," ",0,0," ",0,0,0," ",0,0,0,0,0,1,65,0,0,170,80,27.681660899654,1,0,"Stroke (unspecified)",1,0.9,94.78134145,0,1.43,86,1,0,0,2,3,4,9,9,0,0,89.5899,1,1,1,1,89.5899,10.75833736,24,45,13,0.224137931,1.79744e-07,468130.9556,245063.7919,314.5546058,115.5397959,5.1926e-08,202405.5,110626.9266,208.0232126,93.14977987,1.60052e-05,50781.95208,58304.23768,82.7328323,37.32876148,31230.57541,42275.24577,61.31471613,26.00747467,9.7461e-07,0.839412068,0.084143584,0.81277412,0.201181529,0.341595089,0.019540202,0.103526407,-0.538620998,1.51143e-05,0.658404911,4007,244,525425.9359,88658.05128,0.174123273,136008.7727,0.272386006,5.796473516,15.38723402,0.373010472,5.796473516,15.38723402,0.373010472,0.796834506,120161.8214,0.796834506,120161.8214,0.968513888,654829.5,0.968513888,654829.5,0.688710882,15635.5,0.688710882,15635.5,0.90495813,224688.1429,0.90495813,224688.1429,0,0,0,0,0,0,0,0,0,0,0,0,0,0,0,0,0,0,0,0,0,0,0,0,0,0,0,0,0,0,0,0,0,0,0,0,0,0,0,0,0,0,0,0,0,0,0,0,0,0,0,0,0,0,0,0,0,0,0,0,0,0,0,0,0,0,0,0,0,0,0,0,0,0,0,0,0,0,0,0,0,0,0,0,0,0,0,0,0,0,0,0,0,0,0,0
"XH14-13191 2",0,0,"10/1/2014",0,0," ",0,0,0," ",0,0,0," ",0,0,0,0,0,0,0,0,0,0,0,0,0,0,0,0,0,0,0,0,0,0,0,0,0,0,0,0," ",0,0,0,0," ",0,0,0,0,0,0,0,0,0," ",0,0," ",0,0,0," ",0,0,0,0,0,1,65,0,0,170,80,27.681660899654,1,0,"Stroke (unspecified)",1,0.9,94.78134145,0,1.43,86,1,0,0,1,3,2,6,5,0,0,8.416163962,0,0,0,1,0,0.581710019,5.88235294117647,16,1,0.058823529,2.52546e-07,492199.625,240486.1396,338.8349607,99.91243381,1.57841e-08,268487.5,0,232.5510697,0,2.66909e-05,50325.89917,48305.87821,80.7742288,29.97286394,35289.92257,42477.65664,61.50072488,18.97778739,1.70469e-06,0.790543332,0.124303011,1.343245942,0.131152214,0.370042973,0.017027264,0.092539279,-0.295243646,2.27777e-05,0.629957027,1691,108,492199.625,48531.5,0.103052072,75254.85714,0.174861419,4.886459666,22.33697564,0.278949581,4.886459666,22.33697564,0.278949581,0.694399958,64105.41667,0.694399958,64105.41667,0.980845428,1035544,0.980845428,1035544,0.637143804,13127.57895,0.637143804,13127.57895,0.911973342,257821.2,0.911973342,257821.2,0,0,0,0,0,0,0,0,0,0,0,0,0,0,0,0,0,0,0,0,0,0,0,0,0,0,0,0,0,0,0,0,0,0,0,0,0,0,0,0,0,0,0,0,0,0,0,0,0,0,0,0,0,0,0,0,0,0,0,0,0,0,0,0,0,0,0,0,0,0,0,0,0,0,0,0,0,0,0,0,0,0,0,0,0,0,0,0,0,0,0,0,0,0,0,0
"XH16-00908 1",0,0,"1/22/2016",0,0," ",0,0,0," ",0,0,0," ",0,0,0,0,0,0,0,0,0,0,0,0,0,0,0,0,0,0,0,0,0,0,0,0,0,0,0,0," ",0,0,0,0," ",0,0,0,0,0,0,0,0,0," ",0,0," ",0,0,0," ",0,0,0,0,0,1,65,0,0,170,80,27.681660899654,1,0,"Stroke (unspecified)",1,0.9,94.78134145,0,1.43,86,1,0,0,1,1,2,4,6,0,0,14.98746591,0,0,0,0,14.98746591,0.496400228,12.1212121212121,59,7,0.106060606,2.30326e-07,371488.7203,181523.2019,292.1540175,81.87783087,2.73268e-08,98034.85714,39413.26316,140.9483152,36.47309607,1.37883e-05,50516.11283,47283.31148,85.44121358,29.60113833,0,0,0,0,2.6546e-07,0.639853949,0.085563406,0.696531948,0.013211835,0,0,0.122842041,0.175240215,1.4046e-05,0,3532,68,388331.1509,71115.16981,0.187852604,98438.17647,0.233193016,5.411196553,26.756048,0.347815475,5.411196553,26.756048,0.347815475,0.671495355,37330.76087,0.671495355,37330.76087,0.992530156,281102,0.992530156,281102,0.626534118,16677.09375,0.626534118,16677.09375,0.774263895,84539.14286,0.774263895,84539.14286,0,0,0,0,0,0,0,0,0,0,0,0,0,0,0,0,0,0,0,0,0,0,0,0,0,0,0,0,0,0,0,0,0,0,0,0,0,0,0,0,0,0,0,0,0,0,0,0,0,0,0,0,0,0,0,0,0,0,0,0,0,0,0,0,0,0,0,0,0,0,0,0,0,0,0,0,0,0,0,0,0,0,0,0,0,0,0,0,0,0,0,0,0,0,0,0
"XH17-04464 1",0,0,"3/31/2017",0,0," ",0,0,0," ",0,0,0," ",0,0,0,0,0,0,0,0,0,0,0,0,0,0,0,0,0,0,0,0,0,0,0,0,0,0,0,0," ",0,0,0,0," ",0,0,0,0,0,0,0,0,0," ",0,0," ",0,0,0," ",0,0,0,0,0,1,65,0,0,170,80,27.681660899654,1,0,"Stroke (unspecified)",1,0.9,94.78134145,0,1.43,86,1,0,0,1,2,2,5,6,0,0,41.5741,1,1,1,1,41.5741,6.046343742,2.63157894736842,37,1,0.026315789,2.98644e-07,294465.2027,168530.2924,249.4437382,91.84599241,8.07145e-09,362163,0,278.8207309,0,1.64577e-05,44867.82418,42807.81345,79.86753839,32.08385821,29249.5625,23114.80648,57.88562958,12.26800262,7.50645e-07,0.657070476,0.087940144,0.738420425,0.03459911,0.478559107,0,0.119092242,0.079312544,1.67628e-05,0.521440893,2039,93,314672.4848,70922.42424,0.22439412,102800.3636,0.291496855,5.585358323,22.97775613,0.285296728,5.585358323,22.97775613,0.285296728,0.575880511,58612.97826,0.575880511,58612.97826,0.636077536,362893.5,0.636077536,362893.5,0.548797277,12231.95455,0.548797277,12231.95455,0.60070681,101128.9167,0.60070681,101128.9167,0,0,0,0,0,0,0,0,0,0,0,0,0,0,0,0,0,0,0,0,0,0,0,0,0,0,0,0,0,0,0,0,0,0,0,0,0,0,0,0,0,0,0,0,0,0,0,0,0,0,0,0,0,0,0,0,0,0,0,0,0,0,0,0,0,0,0,0,0,0,0,0,0,0,0,0,0,0,0,0,0,0,0,0,0,0,0,0,0,0,0,0,0,0,0,0
"XH17-04464 2",0,0,"3/31/2017",0,0," ",0,0,0," ",0,0,0," ",0,0,0,0,0,0,0,0,0,0,0,0,0,0,0,0,0,0,0,0,0,0,0,0,0,0,0,0," ",0,0,0,0," ",0,0,0,0,0,0,0,0,0," ",0,0," ",0,0,0," ",0,0,0,0,0,1,65,0,0,170,80,27.681660899654,1,0,"Stroke (unspecified)",1,0.9,94.78134145,0,1.43,86,1,0,0,1,1,2,4,6,0,0,22.2403,1,1,0,0,22.2403,6.131063013,8,45,4,0.081632653,3.43936e-07,301712.9778,181709.466,255.6823992,95.82657758,3.05721e-08,215050.375,35224.76933,226.5184274,36.06108765,2.02234e-05,41534.37113,42783.84647,76.66468767,30.56606237,19723.98739,17726.28663,54.36525778,16.0245739,1.06238e-06,0.667168682,0.103769916,0.839967418,0.056066175,0.382344322,0.038950159,0.123540406,-0.162171523,2.0309e-05,0.617655678,2646,139,336051.1622,76329.43243,0.215337151,110524.7917,0.282843224,5.592018078,23.59748669,0.265240469,5.592018078,23.59748669,0.265240469,0.485035322,96228.93333,0.485035322,96228.93333,0.536455834,530571.5,0.536455834,530571.5,0.365626787,9247.214286,0.365626787,9247.214286,0.58951779,172337.9375,0.58951779,172337.9375,0,0,0,0,0,0,0,0,0,0,0,0,0,0,0,0,0,0,0,0,0,0,0,0,0,0,0,0,0,0,0,0,0,0,0,0,0,0,0,0,0,0,0,0,0,0,0,0,0,0,0,0,0,0,0,0,0,0,0,0,0,0,0,0,0,0,0,0,0,0,0,0,0,0,0,0,0,0,0,0,0,0,0,0,0,0,0,0,0,0,0,0,0,0,0,0
"XH17-13729 1",0,0,"10/28/2017",0,0," ",0,0,0," ",0,0,0," ",0,0,0,0,0,0,0,0,0,0,0,0,0,0,0,0,0,0,0,0,0,0,0,0,0,0,0,0," ",0,0,0,0," ",0,0,0,0,0,0,0,0,0," ",0,0," ",0,0,0," ",0,0,0,0,0,1,73,0,0,170,70,24.2214532871972,1,0,"Stroke (unspecified)",1,1.36,54.94891375,0,1.68,95,1,0,0,1,1,2,4,6,0,0,10.5614595,0,0,0,0,10.5614595,4.746998834,13.6363636363636,37,6,0.139534884,4.86059e-07,409955.4595,195835.9336,297.7688467,117.290747,7.88203e-08,265348.8333,152271.0184,238.0642135,73.13865997,3.32228e-05,40703.90826,37419.35733,76.64685246,29.17272813,19656.71832,19977.22128,56.79021963,20.00387271,9.06434e-07,0.778402164,0.199262428,1.352296612,0.024859559,0.286808015,0.011956368,0.147351126,0.008541162,2.15232e-05,0.713191985,2529,69,470893.9828,22679.65517,0.046545511,69172,0.143292029,5.097031916,24.2794984,0.238374169,5.097031916,24.2794984,0.238374169,0.679213665,39390,0.679213665,39390,0.948203534,156232,0.948203534,156232,0.601710423,16273.75,0.601710423,16273.75,0.834220149,85622.5,0.834220149,85622.5,0,0,0,0,0,0,0,0,0,0,0,0,0,0,0,0,0,0,0,0,0,0,0,0,0,0,0,0,0,0,0,0,0,0,0,0,0,0,0,0,0,0,0,0,0,0,0,0,0,0,0,0,0,0,0,0,0,0,0,0,0,0,0,0,0,0,0,0,0,0,0,0,0,0,0,0,0,0,0,0,0,0,0,0,0,0,0,0,0,0,0,0,0,0,0,0
"XH17-13729 2",0,0,"10/28/2017",0,0," ",0,0,0," ",0,0,0," ",0,0,0,0,0,0,0,0,0,0,0,0,0,0,0,0,0,0,0,0,0,0,0,0,0,0,0,0," ",0,0,0,0," ",0,0,0,0,0,0,0,0,0," ",0,0," ",0,0,0," ",0,0,0,0,0,1,73,0,0,170,70,24.2214532871972,1,0,"Stroke (unspecified)",1,1.36,54.94891375,0,1.68,95,1,0,0,1,1,2,4,6,0,0,11.26347718,0,0,0,0,11.26347718,4.340034322,16.6666666666667,32,7,0.179487179,6.38328e-07,428186.75,309834.5711,293.2128663,155.6870741,1.39634e-07,148253.5,118023.8931,151.5277594,75.87712523,4.30872e-05,40929.43796,38722.38239,76.79255769,29.19055896,16919.83424,13947.78102,54.4346986,18.33760961,2.49347e-06,0.782460197,0.273323723,1.763533273,0.121272454,0.235039609,0.007625273,0.154986428,-0.248510187,2.43943e-05,0.764960391,2160,125,496442.2593,18422.85185,0.036493612,115088,0.255196201,4.894836071,23.44485225,0.249798076,4.894836071,23.44485225,0.249798076,0.690615626,36842.20833,0.690615626,36842.20833,0.82921827,154443.5,0.82921827,154443.5,0.654733572,15625,0.654733572,15625,0.762379734,79276.625,0.762379734,79276.625,0,0,0,0,0,0,0,0,0,0,0,0,0,0,0,0,0,0,0,0,0,0,0,0,0,0,0,0,0,0,0,0,0,0,0,0,0,0,0,0,0,0,0,0,0,0,0,0,0,0,0,0,0,0,0,0,0,0,0,0,0,0,0,0,0,0,0,0,0,0,0,0,0,0,0,0,0,0,0,0,0,0,0,0,0,0,0,0,0,0,0,0,0,0,0,0
"XH18-04021 1",0,0,"3/11/2018",0,0," ",0,0,0," ",0,0,0," ",0,0,0,0,0,0,0,0,0,0,0,0,0,0,0,0,0,0,0,0,0,0,0,0,0,0,0,0," ",0,0,0,0," ",0,0,0,0,0,0,0,0,0," ",0,0," ",0,0,0," ",0,0,0,0,0,1,76,0,0,170,70,24.2214532871972,1,0,"Stroke (unspecified)",1,0.9,88.5139593,0,1.59,93,1,0,0,0,1,2,3,5,0,0,26.59771566,1,1,1,1,26.59771566,3.084485806,0,14,0,0,1.73074e-07,309270.7143,254872.6656,213.0583607,73.27194411,0,0,0,0,0,1.60093e-05,31315.97722,35312.66253,64.70671177,23.48795272,16337.95805,15899.16679,51.56596658,20.07282395,8.77732e-07,0.578531506,0.053526701,0.501348113,0.100079289,0.228689101,0.020877848,0.106765539,-0.207582147,1.48082e-05,0.771310899,1295,71,309270.7143,116698.6429,0.279404226,158276.3,0.368256085,7.142825398,35.04212628,0.119673385,7.142825398,35.04212628,0.119673385,0.297586038,24219.77273,0.297586038,24219.77273,0.305443925,108154.5,0.305443925,108154.5,0.304155973,13045,0.304155973,13045,0.268021329,74506.25,0.268021329,74506.25,0,0,0,0,0,0,0,0,0,0,0,0,0,0,0,0,0,0,0,0,0,0,0,0,0,0,0,0,0,0,0,0,0,0,0,0,0,0,0,0,0,0,0,0,0,0,0,0,0,0,0,0,0,0,0,0,0,0,0,0,0,0,0,0,0,0,0,0,0,0,0,0,0,0,0,0,0,0,0,0,0,0,0,0,0,0,0,0,0,0,0,0,0,0,0,0
"XH18-05254 1",0,0,"4/2/2018",0,0," ",0,0,0," ",0,0,0," ",0,0,0,0,0,0,0,0,0,0,0,0,0,0,0,0,0,0,0,0,0,0,0,0,0,0,0,0," ",0,0,0,0," ",0,0,0,0,0,0,0,0,0," ",0,0," ",0,0,0," ",0,0,0,0,0,1,66,0,0,170,70,24.2214532871972,1,0,"Stroke (unspecified)",1,0.9,94.19369713,0,1.36,82,0,0,0,1,3,2,6,4,0,0,58.18872781,1,1,1,1,58.18872781,0.685551414,3.57142857142857,53,2,0.036363636,2.11352e-07,383683.2642,184611.4755,290.5652325,98.99655217,7.97554e-09,241328.25,6616.25,257.5954366,3.404563418,1.60986e-05,59412.09586,69155.06025,85.31016685,32.91286872,25734.43789,23730.43756,59.42445307,17.86563836,4.14728e-07,0.691740381,0.081092108,0.956452674,0.063685717,0.34252332,0.010874713,0.084784234,-0.797900691,1.51532e-05,0.65747668,4037,104,406078.67,60273.16,0.139172461,96586.80769,0.219210225,6.563761343,19.42760784,0.290328094,6.563761343,19.42760784,0.290328094,0.439037838,178898.0882,0.439037838,178898.0882,0.204472661,763510.5,0.204472661,763510.5,0.451045006,20200.78571,0.451045006,20200.78571,0.43063282,289986.2,0.43063282,289986.2,0,0,0,0,0,0,0,0,0,0,0,0,0,0,0,0,0,0,0,0,0,0,0,0,0,0,0,0,0,0,0,0,0,0,0,0,0,0,0,0,0,0,0,0,0,0,0,0,0,0,0,0,0,0,0,0,0,0,0,0,0,0,0,0,0,0,0,0,0,0,0,0,0,0,0,0,0,0,0,0,0,0,0,0,0,0,0,0,0,0,0,0,0,0,0,0
"XH18-05254 2",0,0,"4/2/2018",0,0," ",0,0,0," ",0,0,0," ",0,0,0,0,0,0,0,0,0,0,0,0,0,0,0,0,0,0,0,0,0,0,0,0,0,0,0,0," ",0,0,0,0," ",0,0,0,0,0,0,0,0,0," ",0,0," ",0,0,0," ",0,0,0,0,0,1,66,0,0,170,70,24.2214532871972,1,0,"Stroke (unspecified)",1,0.9,94.19369713,0,1.36,82,0,0,0,1,1,2,4,5,0,0,12.86866493,0,0,0,0,12.86866493,0.624023907,8.82352941176471,33,3,0.083333333,2.45518e-07,495257.6061,353170.3657,316.7498927,145.3697148,2.23199e-08,129367.1667,35789.22945,181.3438733,23.98053951,1.09293e-05,84684.8499,103010.6954,103.3058098,40.3353901,0,0,0,0,2.67838e-07,0.733334694,0.121594861,0.925545221,0.035204483,0,0,0.131376466,-0.754951117,1.11971e-05,0,1469,36,543169.8,61666.86667,0.103958919,110267.0714,0.177015316,6.747062422,17.81117377,0.314819525,6.747062422,17.81117377,0.314819525,0.674825042,19611,0.674825042,19611,0.5238712,38569.5,0.5238712,38569.5,0.794320622,12444.8,0.794320622,12444.8,0.376086091,37526.5,0.376086091,37526.5,0,0,0,0,0,0,0,0,0,0,0,0,0,0,0,0,0,0,0,0,0,0,0,0,0,0,0,0,0,0,0,0,0,0,0,0,0,0,0,0,0,0,0,0,0,0,0,0,0,0,0,0,0,0,0,0,0,0,0,0,0,0,0,0,0,0,0,0,0,0,0,0,0,0,0,0,0,0,0,0,0,0,0,0,0,0,0,0,0,0,0,0,0,0,0,0
"XH18-09538 1",0,0,"6/16/2018",0,0," ",0,0,0," ",0,0,0," ",0,0,0,0,0,0,0,0,0,0,0,0,0,0,0,0,0,0,0,0,0,0,0,0,0,0,0,0," ",0,0,0,0," ",0,0,0,0,0,0,0,0,0," ",0,0," ",0,0,0," ",0,0,0,0,0,1,66,0,0,167,99,35.4978665423644,1,0,"Stroke (unspecified)",1,0.9,94.19369713,0,1.29,78,0,0,0,1,3,2,6,5,0,0,63.9995,1,1,1,1,63.9995,2.344696273,17.8571428571429,51,10,0.163934426,1.46369e-07,360023.7941,182226.7671,281.4157175,98.25446069,2.86997e-08,100715.8,54492.87051,145.793329,56.46862143,1.09116e-05,48043.94503,50105.70548,81.19836964,31.31134386,27934.7563,32413.64153,60.93698629,20.53018703,3.67357e-07,0.448452842,0.052696186,0.524238098,0.028148284,0.322209993,0.008026494,0.100519566,-0.34578217,1.12567e-05,0.677790007,3802,128,379276.7188,165189.4167,0.429752106,174951.8667,0.427724747,7.94934844,22.95522895,0.349585862,7.94934844,22.95522895,0.349585862,0.427235573,142954.3333,0.427235573,142954.3333,0.610936819,1291099.5,0.610936819,1291099.5,0.40288428,12986.75,0.40288428,12986.75,0.455065622,291488.7143,0.455065622,291488.7143,0,0,0,0,0,0,0,0,0,0,0,0,0,0,0,0,0,0,0,0,0,0,0,0,0,0,0,0,0,0,0,0,0,0,0,0,0,0,0,0,0,0,0,0,0,0,0,0,0,0,0,0,0,0,0,0,0,0,0,0,0,0,0,0,0,0,0,0,0,0,0,0,0,0,0,0,0,0,0,0,0,0,0,0,0,0,0,0,0,0,0,0,0,0,0,0
"XH18-09538 2",0,0,"6/16/2018",0,0," ",0,0,0," ",0,0,0," ",0,0,0,0,0,0,0,0,0,0,0,0,0,0,0,0,0,0,0,0,0,0,0,0,0,0,0,0," ",0,0,0,0," ",0,0,0,0,0,0,0,0,0," ",0,0," ",0,0,0," ",0,0,0,0,0,1,66,0,0,167,99,35.4978665423644,1,0,"Stroke (unspecified)",1,0.9,94.19369713,0,1.29,78,0,0,0,1,2,2,5,5,0,0,30.994,1,1,1,1,30.994,0.139120626,5,40,3,0.069767442,1.51642e-07,347916.2875,226249.9789,261.6597765,129.957633,1.13731e-08,73495.83333,54134.12174,106.228807,70.26929554,7.87401e-06,63722.79754,76484.77683,87.76437608,35.38988756,43325.14222,62057.43136,66.4760923,22.89568725,1.93343e-07,0.544416076,0.052758686,0.50175366,0.008578395,0.323861452,0.011655967,0.105148582,-0.288053421,7.76833e-06,0.676138548,2077,51,386452.6111,158418.4444,0.405455316,175671.2188,0.386015785,7.530707141,21.68609475,0.369676822,7.530707141,21.68609475,0.369676822,0.424900995,53270.88889,0.424900995,53270.88889,0.656461184,173292,0.656461184,173292,0.378690194,21511,0.378690194,21511,0.517322598,116790.6667,0.517322598,116790.6667,0,0,0,0,0,0,0,0,0,0,0,0,0,0,0,0,0,0,0,0,0,0,0,0,0,0,0,0,0,0,0,0,0,0,0,0,0,0,0,0,0,0,0,0,0,0,0,0,0,0,0,0,0,0,0,0,0,0,0,0,0,0,0,0,0,0,0,0,0,0,0,0,0,0,0,0,0,0,0,0,0,0,0,0,0,0,0,0,0,0,0,0,0,0,0,0
"XH18-09539 1",0,0,"6/16/2018",0,0," ",0,0,0," ",0,0,0," ",0,0,0,0,0,0,0,0,0,0,0,0,0,0,0,0,0,0,0,0,0,0,0,0,0,0,0,0," ",0,0,0,0," ",0,0,0,0,0,0,0,0,0," ",0,0," ",0,0,0," ",0,0,0,0,0,1,68,0,0,170,70,24.2214532871972,1,0,"Stroke (unspecified)",1,0.9,93.02931609,0,1.4,85,0,0,0,1,2,2,5,5,0,0,30.95348501,1,1,1,1,30.95348501,5.612583896,9.09090909090909,20,1,0.047619048,8.38118e-08,298831.4,113783.6308,266.8032398,69.09979177,0,24715,0,64.93843238,0,9.19835e-06,44489.31959,44783.051,76.55098628,28.09617041,29906.94581,31974.08633,58.10342392,18.35117239,3.43629e-07,0.363161612,0.025045608,0.409228289,0.033055453,0.340076369,0.014667682,0.061202045,0.03773915,9.66849e-06,0.659923631,2195,82,298831.4,133578.1,0.436507099,140239.1053,0.445817368,7.022079688,24.3309525,0.319377701,7.022079688,24.3309525,0.319377701,0.565603109,372914.5,0.565603109,372914.5,0.511582901,1576987.5,0.511582901,1576987.5,0.522805243,7969.5,0.522805243,7969.5,0.587002042,555387,0.587002042,555387,0,0,0,0,0,0,0,0,0,0,0,0,0,0,0,0,0,0,0,0,0,0,0,0,0,0,0,0,0,0,0,0,0,0,0,0,0,0,0,0,0,0,0,0,0,0,0,0,0,0,0,0,0,0,0,0,0,0,0,0,0,0,0,0,0,0,0,0,0,0,0,0,0,0,0,0,0,0,0,0,0,0,0,0,0,0,0,0,0,0,0,0,0,0,0,0
"XH18-09539 2",0,0,"6/16/2018",0,0," ",0,0,0," ",0,0,0," ",0,0,0,0,0,0,0,0,0,0,0,0,0,0,0,0,0,0,0,0,0,0,0,0,0,0,0,0," ",0,0,0,0," ",0,0,0,0,0,0,0,0,0," ",0,0," ",0,0,0," ",0,0,0,0,0,1,68,0,0,170,70,24.2214532871972,1,0,"Stroke (unspecified)",1,0.9,93.02931609,0,1.4,85,0,0,0,3,3,2,8,7,0,0,74.2085,1,1,1,1,74.2085,1.507145458,57.5,17,23,0.575,1.18544e-07,247872.5,153716.8034,235.360831,85.70254532,1.60383e-07,89396.80435,50756.84711,128.8663329,58.73920602,7.98426e-06,47424.85852,57328.14024,77.05097787,31.06158267,16091.39153,14406.62996,52.4512703,15.45377852,5.22987e-07,0.392279896,0.029383712,0.378652582,0.068102646,0.24984601,0.053603678,0.077600718,-0.013912622,1.07142e-05,0.75015399,1145,75,263309.7813,121489.1875,0.424409444,127131.8667,0.426116683,7.616487881,31.18168732,0.196314455,7.616487881,31.18168732,0.196314455,0.412196974,103580.375,0.412196974,103580.375,0.569216277,299989.5,0.569216277,299989.5,0.38541418,9921.666667,0.38541418,9921.666667,0.446631996,223998.7143,0.446631996,223998.7143,0,0,0,0,0,0,0,0,0,0,0,0,0,0,0,0,0,0,0,0,0,0,0,0,0,0,0,0,0,0,0,0,0,0,0,0,0,0,0,0,0,0,0,0,0,0,0,0,0,0,0,0,0,0,0,0,0,0,0,0,0,0,0,0,0,0,0,0,0,0,0,0,0,0,0,0,0,0,0,0,0,0,0,0,0,0,0,0,0,0,0,0,0,0,0,0
"XH18-14173 1",0,0,"9/18/2018",0,0," ",0,0,0," ",0,0,0," ",0,0,0,0,0,0,0,0,0,0,0,0,0,0,0,0,0,0,0,0,0,0,0,0,0,0,0,0," ",0,0,0,0," ",0,0,0,0,0,0,0,0,0," ",0,0," ",0,0,0," ",0,0,0,0,0,1,69,0,0,170,70,24.2214532871972,1,0,"Stroke (unspecified)",1,0.9,92.45253433,0,1.43,86,1,0,0,1,2,2,5,6,0,0,48.2034,1,1,1,1,48.2034,2.161370624,2.5,80,2,0.024390244,2.97375e-07,253936.325,123701.3188,237.4845077,78.84182644,7.43437e-09,128739.75,9147.75,187.6031035,5.43834287,1.76083e-05,42519.86542,58556.30449,73.92361172,28.65089954,23151.03618,30133.1355,52.62756436,17.45847669,6.54224e-07,0.494121926,0.075514239,0.748702528,0.122517277,0.376702268,0.069786132,0.100860136,-0.645380546,1.71517e-05,0.623297732,4737,176,277447.1972,73792.26761,0.249949061,90348.33929,0.293004819,6.23095563,23.15487416,0.257185012,6.23095563,23.15487416,0.257185012,0.393038025,49762.92308,0.393038025,49762.92308,0.328487963,234396,0.328487963,234396,0.461822154,19194.25,0.461822154,19194.25,0.312789874,85426.375,0.312789874,85426.375,0,0,0,0,0,0,0,0,0,0,0,0,0,0,0,0,0,0,0,0,0,0,0,0,0,0,0,0,0,0,0,0,0,0,0,0,0,0,0,0,0,0,0,0,0,0,0,0,0,0,0,0,0,0,0,0,0,0,0,0,0,0,0,0,0,0,0,0,0,0,0,0,0,0,0,0,0,0,0,0,0,0,0,0,0,0,0,0,0,0,0,0,0,0,0,0
"XH18-14173 2",0,0,"9/18/2018",0,0," ",0,0,0," ",0,0,0," ",0,0,0,0,0,0,0,0,0,0,0,0,0,0,0,0,0,0,0,0,0,0,0,0,0,0,0,0," ",0,0,0,0," ",0,0,0,0,0,0,0,0,0," ",0,0," ",0,0,0," ",0,0,0,0,0,1,69,0,0,170,70,24.2214532871972,1,0,"Stroke (unspecified)",1,0.9,92.45253433,0,1.43,86,1,0,0,1,3,2,6,6,0,0,95.061,1,1,1,1,95.061,2.231938152,10.7142857142857,56,6,0.096774194,6.48175e-07,300840.4107,206864.0484,234.0380237,128.4848792,6.94474e-08,92416.83333,58631.90197,139.3552713,63.86659296,3.80224e-05,50255.84612,48725.66252,85.52576172,32.74197502,28261.18765,41063.5126,57.68696731,19.88924332,1.64359e-06,0.722311218,0.194997345,1.910849409,0.14356011,0.253401166,0.043490007,0.102047469,-1.492864729,1.69537e-05,0.746598834,3285,142,387638.3605,77269.5814,0.184190275,91794.05714,0.211601436,5.680862175,21.87327281,0.301707177,5.680862175,21.87327281,0.301707177,0.493285499,100034.2321,0.493285499,100034.2321,0.921883654,762901.5,0.921883654,762901.5,0.460744366,19393.46875,0.460744366,19393.46875,0.536673676,207555.25,0.536673676,207555.25,0,0,0,0,0,0,0,0,0,0,0,0,0,0,0,0,0,0,0,0,0,0,0,0,0,0,0,0,0,0,0,0,0,0,0,0,0,0,0,0,0,0,0,0,0,0,0,0,0,0,0,0,0,0,0,0,0,0,0,0,0,0,0,0,0,0,0,0,0,0,0,0,0,0,0,0,0,0,0,0,0,0,0,0,0,0,0,0,0,0,0,0,0,0,0,0
"XH19-01267 1",0,0,"1/22/2019",0,0," ",0,0,0," ",0,0,0," ",0,0,0,0,0,0,0,0,0,0,0,0,0,0,0,0,0,0,0,0,0,0,0,0,0,0,0,0," ",0,0,0,0," ",0,0,0,0,0,0,0,0,0," ",0,0," ",0,0,0," ",0,0,0,0,0,1,77,0,0,170,70,24.2214532871972,1,0,"Stroke (unspecified)",1,0.9,87.96517275,0,1.62,93,1,0,0,2,3,2,7,6,0,0,69.77234142,1,1,1,1,69.77234142,2.701826199,30.7692307692308,23,8,0.258064516,2.54473e-07,317276.2391,169681.5416,263.284059,97.50041201,8.85124e-08,92855.375,22083.26513,151.5273484,19.08763216,1.81893e-05,36091.37622,40424.61462,70.32718477,29.31278135,25381.53384,43581.43139,59.16954231,22.06391967,6.30651e-07,0.554406469,0.080738263,0.656476633,0.028399495,0.306120412,0.027709565,0.122987261,-0.212045207,1.36971e-05,0.693879588,1644,57,359421.225,112727.45,0.304997705,129132.5882,0.326703717,7.388864935,25.14903326,0.312037324,7.388864935,25.14903326,0.312037324,0.301047702,71822.9,0.301047702,71822.9,0.247647326,469109,0.247647326,469109,0.301992592,16993.5625,0.301992592,16993.5625,0.297268143,291140.25,0.297268143,291140.25,0,0,0,0,0,0,0,0,0,0,0,0,0,0,0,0,0,0,0,0,0,0,0,0,0,0,0,0,0,0,0,0,0,0,0,0,0,0,0,0,0,0,0,0,0,0,0,0,0,0,0,0,0,0,0,0,0,0,0,0,0,0,0,0,0,0,0,0,0,0,0,0,0,0,0,0,0,0,0,0,0,0,0,0,0,0,0,0,0,0,0,0,0,0,0,0
"XH19-01267 2",0,0,"1/22/2019",0,0," ",0,0,0," ",0,0,0," ",0,0,0,0,0,0,0,0,0,0,0,0,0,0,0,0,0,0,0,0,0,0,0,0,0,0,0,0," ",0,0,0,0," ",0,0,0,0,0,0,0,0,0," ",0,0," ",0,0,0," ",0,0,0,0,0,1,77,0,0,170,70,24.2214532871972,1,0,"Stroke (unspecified)",1,0.9,87.96517275,0,1.62,93,1,0,0,3,3,4,10,6,0,0,61.12284772,1,1,1,1,61.12284772,9.708505495,50,8,7,0.466666667,8.40127e-08,229033.125,99454.69301,231.0774853,53.50066168,7.35111e-08,106199.9286,50466.34415,156.3400005,55.00601226,1.298e-05,30927.42193,34627.40979,67.87696886,28.34361131,19889.86172,20338.69367,55.91777542,19.27327958,7.35111e-07,0.53535973,0.019241691,0.401436772,0.336743096,0.273128376,0.016140124,0.04793206,-0.260523602,1.34421e-05,0.726871624,1236,70,229033.125,111991.75,0.47496023,124212.2857,0.491883162,6.941616834,30.24982514,0.215232608,6.941616834,30.24982514,0.215232608,0.292058722,18667.4,0.292058722,18667.4,0.455698468,102426.5,0.455698468,102426.5,0.273876528,9360.833333,0.273876528,9360.833333,0.455698468,102426.5,0.455698468,102426.5,0,0,0,0,0,0,0,0,0,0,0,0,0,0,0,0,0,0,0,0,0,0,0,0,0,0,0,0,0,0,0,0,0,0,0,0,0,0,0,0,0,0,0,0,0,0,0,0,0,0,0,0,0,0,0,0,0,0,0,0,0,0,0,0,0,0,0,0,0,0,0,0,0,0,0,0,0,0,0,0,0,0,0,0,0,0,0,0,0,0,0,0,0,0,0,0
"XH19-08240 1",0,0,"5/29/2019",0,0," ",0,0,0," ",0,0,0," ",0,0,0,0,0,0,0,0,0,0,0,0,0,0,0,0,0,0,0,0,0,0,0,0,0,0,0,0," ",0,0,0,0," ",0,0,0,0,0,0,0,0,0," ",0,0," ",0,0,0," ",0,0,0,0,0,1,58,0,0,170,70,24.2214532871972,1,0,"Stroke (unspecified)",1,0.9,98.99879402,0,1.2,70,0,0,0,1,3,2,6,6,0,0,94.5505,1,1,1,1,94.5505,1.101363504,6.66666666666667,89,5,0.053191489,1.99642e-07,354630.0056,220737.104,274.905601,111.7037633,1.12158e-08,87954.4,64294.87034,130.9049915,67.78114188,9.38767e-06,55389.18065,75797.20901,81.12760733,30.25588565,28856.95066,26670.28244,63.84583118,22.73653386,4.91254e-07,0.509278214,0.070799086,0.519975127,0.077531417,0.196872624,0.026339999,0.136158602,-0.345157843,8.9581e-06,0.803127376,4185,219,378006.8675,56043.22892,0.141768807,71312.55357,0.1666415,4.57135494,35.93978523,0.140493066,4.57135494,35.93978523,0.140493066,0.339732805,121214.6897,0.339732805,121214.6897,0.883985765,2747090.5,0.883985765,2747090.5,0.320636429,15025.89474,0.320636429,15025.89474,0.376015921,322973.4,0.376015921,322973.4,0,0,0,0,0,0,0,0,0,0,0,0,0,0,0,0,0,0,0,0,0,0,0,0,0,0,0,0,0,0,0,0,0,0,0,0,0,0,0,0,0,0,0,0,0,0,0,0,0,0,0,0,0,0,0,0,0,0,0,0,0,0,0,0,0,0,0,0,0,0,0,0,0,0,0,0,0,0,0,0,0,0,0,0,0,0,0,0,0,0,0,0,0,0,0,0
"XH19-08240 2",0,0,"5/29/2019",0,0," ",0,0,0," ",0,0,0," ",0,0,0,0,0,0,0,0,0,0,0,0,0,0,0,0,0,0,0,0,0,0,0,0,0,0,0,0," ",0,0,0,0," ",0,0,0,0,0,0,0,0,0," ",0,0," ",0,0,0," ",0,0,0,0,0,1,58,0,0,170,70,24.2214532871972,1,0,"Stroke (unspecified)",1,0.9,98.99879402,0,1.2,70,0,0,0,1,3,2,6,6,0,0,90.6469,1,1,1,1,90.6469,0.499919681,10.5263157894737,36,4,0.1,2.31186e-07,346595.3194,195899.3397,267.2662281,110.8980362,2.56873e-08,110369.375,79010.57189,133.5132909,76.95583899,1.81417e-05,60035.60655,64187.34274,85.76568445,29.6334529,31201.13855,33115.36036,63.74196298,18.59949656,9.56853e-07,0.644274477,0.080127959,1.089146348,0.088095171,0.285583032,0.026076522,0.073569506,-0.875592517,1.17066e-05,0.714416968,2825,149,377146.6818,32830.90909,0.085258804,42253,0.112765845,4.006786738,30.72057133,0.229208541,4.006786738,30.72057133,0.229208541,0.400689545,114510.7308,0.400689545,114510.7308,0.825077433,633060.5,0.825077433,633060.5,0.33461287,16915.4,0.33461287,16915.4,0.620945129,439828.5,0.620945129,439828.5,0,0,0,0,0,0,0,0,0,0,0,0,0,0,0,0,0,0,0,0,0,0,0,0,0,0,0,0,0,0,0,0,0,0,0,0,0,0,0,0,0,0,0,0,0,0,0,0,0,0,0,0,0,0,0,0,0,0,0,0,0,0,0,0,0,0,0,0,0,0,0,0,0,0,0,0,0,0,0,0,0,0,0,0,0,0,0,0,0,0,0,0,0,0,0,0
"XH19-16710 1",0,0,"11/8/2019",0,0," ",0,0,0," ",0,0,0," ",0,0,0,0,0,0,0,0,0,0,0,0,0,0,0,0,0,0,0,0,0,0,0,0,0,0,0,0," ",0,0,0,0," ",0,0,0,0,0,0,0,0,0," ",0,0," ",0,0,0," ",0,0,0,0,0,1,80,0,0,170,70,24.2214532871972,1,0,"Stroke (unspecified)",1,0.9,86.33914372,0,1.87,95,1,0,0,1,2,2,5,4,0,0,8.310109906,0,0,0,1,0,0.474236244,9.52380952380952,80,7,0.08045977,2.27634e-07,363462.1,179410.9414,277.4836637,100.4918099,1.9918e-08,80480.85714,46811.22481,132.8850158,39.4008848,1.35613e-05,49992.08865,48661.72677,81.16550942,27.79312532,30978.18973,33817.44463,58.81973015,20.20780584,5.34941e-07,0.630838216,0.082736502,0.677958883,0.027089378,0.304095988,0.008318262,0.122037639,-0.101501817,1.35655e-05,0.695904012,4766,188,419598.6406,33621.65625,0.082062298,51166.5,0.135305982,4.723301685,26.14234909,0.235983205,4.723301685,26.14234909,0.235983205,0.637238916,156032.3611,0.637238916,156032.3611,0.996769023,1281354.5,0.996769023,1281354.5,0.559169526,22770.28571,0.559169526,22770.28571,0.910481782,622449.625,0.910481782,622449.625,0,0,0,0,0,0,0,0,0,0,0,0,0,0,0,0,0,0,0,0,0,0,0,0,0,0,0,0,0,0,0,0,0,0,0,0,0,0,0,0,0,0,0,0,0,0,0,0,0,0,0,0,0,0,0,0,0,0,0,0,0,0,0,0,0,0,0,0,0,0,0,0,0,0,0,0,0,0,0,0,0,0,0,0,0,0,0,0,0,0,0,0,0,0,0,0
"XH19-16710 2",0,0,"11/8/2019",0,0," ",0,0,0," ",0,0,0," ",0,0,0,0,0,0,0,0,0,0,0,0,0,0,0,0,0,0,0,0,0,0,0,0,0,0,0,0," ",0,0,0,0," ",0,0,0,0,0,0,0,0,0," ",0,0," ",0,0,0," ",0,0,0,0,0,1,80,0,0,170,70,24.2214532871972,1,0,"Stroke (unspecified)",1,0.9,86.33914372,0,1.7,95,1,0,0,1,3,2,6,5,0,0,11.21988665,0,0,0,1,0,1.788587716,4.25531914893617,91,4,0.042105263,2.99965e-07,412682.044,196127.6746,301.5553736,97.59697654,1.31853e-08,104025.875,31292.67223,158.3278338,23.15808798,2.04405e-05,60664.07458,58283.55721,92.38838359,32.14843507,0,0,0,0,7.02116e-07,0.73787406,0.123790178,1.240002418,0.06732089,0,0,0.099830594,-0.881529685,2.07536e-05,0,6201,213,549115.1176,25026.64706,0.04630355,74821.5,0.124213404,4.429186916,19.74664283,0.371093857,4.429186916,19.74664283,0.371093857,0.719731924,116004.1818,0.719731924,116004.1818,0.961069587,978823,0.961069587,978823,0.680525444,20160.55556,0.680525444,20160.55556,0.746874871,182357.4615,0.746874871,182357.4615,0,0,0,0,0,0,0,0,0,0,0,0,0,0,0,0,0,0,0,0,0,0,0,0,0,0,0,0,0,0,0,0,0,0,0,0,0,0,0,0,0,0,0,0,0,0,0,0,0,0,0,0,0,0,0,0,0,0,0,0,0,0,0,0,0,0,0,0,0,0,0,0,0,0,0,0,0,0,0,0,0,0,0,0,0,0,0,0,0,0,0,0,0,0,0,0
"XH19-17342 1",0,0,"11/19/2019",0,0," ",0,0,0," ",0,0,0," ",0,0,0,0,0,0,0,0,0,0,0,0,0,0,0,0,0,0,0,0,0,0,0,0,0,0,0,0," ",0,0,0,0," ",0,0,0,0,0,0,0,0,0," ",0,0," ",0,0,0," ",0,0,0,0,0,1,83,0,0,170,70,24.2214532871972,1,0,"Stroke (unspecified)",1,0.81,87.48296151,0,1.75,96,1,0,0,0,2,2,4,4,0,0,1.82927877,0,0,0,1,0,0.156208926,0,61,1,0.016129032,1.58651e-07,262131.5082,93073.9934,252.2414373,59.98561257,2.60084e-09,155285,0,194.5507646,0,1.02941e-05,48216.03727,58732.65265,78.55782115,26.67062709,26454.57753,32077.5586,59.31082329,16.98915254,5.25369e-07,0.421588828,0.041587474,0.49634172,0.06170499,0.644107702,0.049870029,0.083787987,-0.316649984,1.0909e-05,0.355892298,3958,202,270930.5763,49195.47458,0.179753252,37166.5,0.142212895,5.808769819,25.0439657,0.387269074,5.808769819,25.0439657,0.387269074,0.55223965,180639,0.55223965,180639,0.94116518,1101229.5,0.94116518,1101229.5,0.232493388,12949.5,0.232493388,12949.5,0.643595725,228550.2857,0.643595725,228550.2857,0,0,0,0,0,0,0,0,0,0,0,0,0,0,0,0,0,0,0,0,0,0,0,0,0,0,0,0,0,0,0,0,0,0,0,0,0,0,0,0,0,0,0,0,0,0,0,0,0,0,0,0,0,0,0,0,0,0,0,0,0,0,0,0,0,0,0,0,0,0,0,0,0,0,0,0,0,0,0,0,0,0,0,0,0,0,0,0,0,0,0,0,0,0,0,0
"XH19-17591 1",0,0,"11/22/2019",0,0," ",0,0,0," ",0,0,0," ",0,0,0,0,0,0,0,0,0,0,0,0,0,0,0,0,0,0,0,0,0,0,0,0,0,0,0,0," ",0,0,0,0," ",0,0,0,0,0,0,0,0,0," ",0,0," ",0,0,0," ",0,0,0,0,0,1,79,0,0,170,80,27.681660899654,0,0,"Stroke (unspecified)",1,1.25,58.57438541,0,1.69,95,1,0,0,1,2,2,5,6,0,0,44.14958693,1,1,1,1,44.14958693,2.18234295,6.89655172413793,54,6,0.1,2.74399e-07,285855.6574,126328.0423,259.4750774,76.06575467,3.04888e-08,121278.6667,39529.00444,169.927897,32.36268149,1.42078e-05,38477.29202,38009.71639,73.6961905,24.23693643,20331.332,21194.34135,56.20085566,16.30346551,6.85997e-07,0.507404319,0.078438443,0.54667609,0.025989393,0.315987115,0.020445081,0.143482483,-0.372860981,1.51384e-05,0.684012885,2796,135,296772.3654,100813.5769,0.337801426,107450.8125,0.341503458,4.938450159,21.82369165,0.329030465,4.938450159,21.82369165,0.329030465,0.392780156,66888.41176,0.392780156,66888.41176,0.474896323,528669,0.474896323,528669,0.41133638,15377.16667,0.41133638,15377.16667,0.371904405,124838.5625,0.371904405,124838.5625,0,0,0,0,0,0,0,0,0,0,0,0,0,0,0,0,0,0,0,0,0,0,0,0,0,0,0,0,0,0,0,0,0,0,0,0,0,0,0,0,0,0,0,0,0,0,0,0,0,0,0,0,0,0,0,0,0,0,0,0,0,0,0,0,0,0,0,0,0,0,0,0,0,0,0,0,0,0,0,0,0,0,0,0,0,0,0,0,0,0,0,0,0,0,0,0
"XH19-17591 2",0,0,"11/22/2019",0,0," ",0,0,0," ",0,0,0," ",0,0,0,0,0,0,0,0,0,0,0,0,0,0,0,0,0,0,0,0,0,0,0,0,0,0,0,0," ",0,0,0,0," ",0,0,0,0,0,0,0,0,0," ",0,0," ",0,0,0," ",0,0,0,0,0,1,79,0,0,170,80,27.681660899654,0,0,"Stroke (unspecified)",1,1.25,58.57438541,0,1.69,95,1,0,0,1,2,2,5,6,0,0,28.81451187,1,1,1,1,28.81451187,0.661761184,13.1578947368421,67,13,0.1625,2.19595e-07,269558.0224,126911.5736,250.8753504,72.10579122,4.26079e-08,118777.1538,108563.5585,148.5937432,82.85468899,1.37591e-05,33208.52454,31038.23902,69.94394389,23.92192968,17909.8056,16573.59666,54.2657558,16.49831514,5.24405e-07,0.379567132,0.059193506,0.456918787,0.023754973,0.314702211,0.023264431,0.129549294,-0.158818387,1.52447e-05,0.685297789,4198,160,273625.7045,139361.5758,0.500431735,148836.1833,0.497608965,7.28208204,24.83315853,0.269439957,7.28208204,24.83315853,0.269439957,0.337273846,28530.57576,0.337273846,28530.57576,0.645251487,114653.5,0.645251487,114653.5,0.304463466,18818.06,0.304463466,18818.06,0.439806285,58882.1875,0.439806285,58882.1875,0,0,0,0,0,0,0,0,0,0,0,0,0,0,0,0,0,0,0,0,0,0,0,0,0,0,0,0,0,0,0,0,0,0,0,0,0,0,0,0,0,0,0,0,0,0,0,0,0,0,0,0,0,0,0,0,0,0,0,0,0,0,0,0,0,0,0,0,0,0,0,0,0,0,0,0,0,0,0,0,0,0,0,0,0,0,0,0,0,0,0,0,0,0,0,0
"XH21-20855 1",0,0,"12/2/2021",0,0," ",0,0,0," ",0,0,0," ",0,0,0,0,0,0,0,0,0,0,0,0,0,0,0,0,0,0,0,0,0,0,0,0,0,0,0,0," ",0,0,0,0," ",0,0,0,0,0,0,0,0,0," ",0,0," ",0,0,0," ",0,0,0,0,0,0,57,0,0,170,80,27.681660899654,0,0,"Anoxia",5,1.6,49.94338153,0,1.04,55,0,0,0,0,1,2,3,5,0,0,21.04812354,1,1,0,0,21.04812354,0.243371724,0,60,0,0,2.40135e-07,449663.325,238725.3583,314.896479,123.0187959,0,0,0,0,0,1.20308e-05,47751.72372,40267.60342,82.2318419,25.18909245,24072.24417,24833.56805,54.45540944,15.78785098,3.08173e-07,0.456113192,0.107979901,0.574489687,0.014877292,0.239494445,0.009265228,0.187957945,-0.109698205,1.1462e-05,0.760505555,3006,77,489398.8455,111293.3091,0.232928955,121397.7755,0.233313,5.323302476,31.71115128,0.20308793,5.323302476,31.71115128,0.20308793,0.332602506,47664.13636,0.332602506,47664.13636,0.444376321,145324.5,0.444376321,145324.5,0.313596052,17466.14286,0.313596052,17466.14286,0.365863801,100510.625,0.365863801,100510.625,0,0,0,0,0,0,0,0,0,0,0,0,0,0,0,0,0,0,0,0,0,0,0,0,0,0,0,0,0,0,0,0,0,0,0,0,0,0,0,0,0,0,0,0,0,0,0,0,0,0,0,0,0,0,0,0,0,0,0,0,0,0,0,0,0,0,0,0,0,0,0,0,0,0,0,0,0,0,0,0,0,0,0,0,0,0,0,0,0,0,0,0,0,0,0,0
"XH21-20855 2",0,0,"12/2/2021",0,0," ",0,0,0," ",0,0,0," ",0,0,0,0,0,0,0,0,0,0,0,0,0,0,0,0,0,0,0,0,0,0,0,0,0,0,0,0," ",0,0,0,0," ",0,0,0,0,0,0,0,0,0," ",0,0," ",0,0,0," ",0,0,0,0,0,0,57,0,0,170,80,27.681660899654,0,0,"Anoxia",5,1.6,49.94338153,0,1.04,55,0,0,0,1,1,2,4,8,0,0,16.13369261,1,0,0,0,16.13369261,4.757289242,8.82352941176471,63,5,0.073529412,3.01974e-07,386500.9524,179792.7771,297.6768311,87.32685961,2.39662e-08,227704.2,50318.33065,245.4788312,26.67477159,1.58033e-05,34282.38232,38088.1027,68.1001152,23.8820089,21442.05868,22453.97684,52.80275869,17.44376765,3.73873e-07,0.525953876,0.116713404,0.541775746,0.007705853,0.304584357,0.009523164,0.215427518,0.202437059,1.54541e-05,0.695415643,3297,78,400719.8333,78772.83333,0.200145874,87253.09615,0.219630263,5.060630873,29.25364133,0.201713523,5.060630873,29.25364133,0.201713523,0.361883702,31465.41667,0.361883702,31465.41667,0.245610509,109409.5,0.245610509,109409.5,0.409120698,18148.33333,0.409120698,18148.33333,0.220172713,71416.66667,0.220172713,71416.66667,0,0,0,0,0,0,0,0,0,0,0,0,0,0,0,0,0,0,0,0,0,0,0,0,0,0,0,0,0,0,0,0,0,0,0,0,0,0,0,0,0,0,0,0,0,0,0,0,0,0,0,0,0,0,0,0,0,0,0,0,0,0,0,0,0,0,0,0,0,0,0,0,0,0,0,0,0,0,0,0,0,0,0,0,0,0,0,0,0,0,0,0,0,0,0,0
"XH22-04453 1",0,0,"3/8/2022",0,0," ",0,0,0," ",0,0,0," ",0,0,0,0,0,0,0,0,0,0,0,0,0,0,0,0,0,0,0,0,0,0,0,0,0,0,0,0," ",0,0,0,0," ",0,0,0,0,0,0,0,0,0," ",0,0," ",0,0,0," ",0,0,0,0,0,1,68,0,0,173,85,28.4005479635136,1,0,"Stroke (unspecified)",1,1.52,49.60192531,0,1.47,88,1,0,0,1,3,2,6,6,0,0,78.8102,1,1,1,1,78.8102,4.783193325,18.5185185185185,50,13,0.206349206,7.54064e-08,504404.74,271662.9886,321.1065863,115.2282093,1.96057e-08,123909.5769,109688.8218,153.2714596,81.07032823,7.607e-06,61569.68309,72654.06875,89.71191057,40.31392113,34403.34763,40076.35922,68.46675659,27.6698423,1.97565e-07,0.374022853,0.038035343,0.468360402,0.041230483,0.350101399,0.013670266,0.081209562,-0.232227508,8.31351e-06,0.649898601,5044,131,546724.0435,190678.9783,0.343734507,198259.4545,0.356584621,7.333395685,31.03790272,0.25807271,7.333395685,31.03790272,0.25807271,0.313544149,143444.9583,0.313544149,143444.9583,0.385405027,995001.5,0.385405027,995001.5,0.278941528,19444.83333,0.278941528,19444.83333,0.34814677,267445.0833,0.34814677,267445.0833,0,0,0,0,0,0,0,0,0,0,0,0,0,0,0,0,0,0,0,0,0,0,0,0,0,0,0,0,0,0,0,0,0,0,0,0,0,0,0,0,0,0,0,0,0,0,0,0,0,0,0,0,0,0,0,0,0,0,0,0,0,0,0,0,0,0,0,0,0,0,0,0,0,0,0,0,0,0,0,0,0,0,0,0,0,0,0,0,0,0,0,0,0,0,0,0
"XH22-04453 2",0,0,"3/8/2022",0,0," ",0,0,0," ",0,0,0," ",0,0,0,0,0,0,0,0,0,0,0,0,0,0,0,0,0,0,0,0,0,0,0,0,0,0,0,0," ",0,0,0,0," ",0,0,0,0,0,0,0,0,0," ",0,0," ",0,0,0," ",0,0,0,0,0,1,68,0,0,173,85,28.4005479635136,1,0,"Stroke (unspecified)",1,1.52,49.60192531,0,1.47,88,1,0,0,2,3,2,7,7,0,0,69.4805,1,1,1,1,69.4805,6.103210528,27.2727272727273,33,11,0.25,9.13228e-08,573831.1818,305887.8349,348.0038624,121.3849732,3.04409e-08,168271.1364,86588.46797,188.0852919,70.08381533,7.00971e-06,57512.87544,70683.64323,92.60004942,38.33669041,33265.89468,42540.94244,67.83222804,28.1627737,2.51829e-07,0.406437223,0.052403844,0.403148761,0.08354999,0.302355618,0.014848966,0.129986369,-0.269144485,8.02921e-06,0.697644382,2533,91,610739.5323,251944.5484,0.448338089,251944.5484,0.448338089,7.821851361,30.64575811,0.274253403,7.821851361,30.64575811,0.274253403,0.28017004,57042.8,0.28017004,57042.8,0.520151089,261406.5,0.520151089,261406.5,0.225812334,10001.14286,0.225812334,10001.14286,0.407004686,166806.6667,0.407004686,166806.6667,0,0,0,0,0,0,0,0,0,0,0,0,0,0,0,0,0,0,0,0,0,0,0,0,0,0,0,0,0,0,0,0,0,0,0,0,0,0,0,0,0,0,0,0,0,0,0,0,0,0,0,0,0,0,0,0,0,0,0,0,0,0,0,0,0,0,0,0,0,0,0,0,0,0,0,0,0,0,0,0,0,0,0,0,0,0,0,0,0,0,0,0,0,0,0,0
"XH22-08601 1",0,0,"5/8/2022",0,0," ",0,0,0," ",0,0,0," ",0,0,0,0,0,0,0,0,0,0,0,0,0,0,0,0,0,0,0,0,0,0,0,0,0,0,0,0," ",0,0,0,0," ",0,0,0,0,0,0,0,0,0," ",0,0," ",0,0,0," ",0,0,0,0,0,1,65,0,0,168,80,28.3446712018141,1,1,"Anoxia",5,1.64,46.13188967,0,1.73,96,1,0,0,1,2,2,5,6,0,0,12.11313569,0,0,0,1,0,0.088828412,2.4390243902439,82,2,0.023809524,1.6342e-07,464053.061,224375.9266,332.3932178,110.921,3.98586e-09,153128.75,8831.25,204.1015095,9.358088555,9.39865e-06,50165.70388,50518.02397,81.55590612,27.88259485,40826.13212,49766.42224,63.15682537,20.81433846,3.30826e-07,0.478601328,0.075835641,0.471490097,0.051121702,0.397546573,0.031820135,0.16084249,0.043275031,9.63013e-06,0.602453427,4716,166,480645.0316,142015.0886,0.302264339,151681.7397,0.299953355,6.130480186,24.69918606,0.263519168,6.130480186,24.69918606,0.263519168,0.351127204,490168.5625,0.351127204,490168.5625,0.590829985,2211390,0.590829985,2211390,0.11379581,31078,0.11379581,31078,0.385031689,555752.9286,0.385031689,555752.9286,0,0,0,0,0,0,0,0,0,0,0,0,0,0,0,0,0,0,0,0,0,0,0,0,0,0,0,0,0,0,0,0,0,0,0,0,0,0,0,0,0,0,0,0,0,0,0,0,0,0,0,0,0,0,0,0,0,0,0,0,0,0,0,0,0,0,0,0,0,0,0,0,0,0,0,0,0,0,0,0,0,0,0,0,0,0,0,0,0,0,0,0,0,0,0,0
"XH22-08601 2",0,0,"5/8/2022",0,0," ",0,0,0," ",0,0,0," ",0,0,0,0,0,0,0,0,0,0,0,0,0,0,0,0,0,0,0,0,0,0,0,0,0,0,0,0," ",0,0,0,0," ",0,0,0,0,0,0,0,0,0," ",0,0," ",0,0,0," ",0,0,0,0,0,1,65,0,0,168,80,28.3446712018141,1,1,"Anoxia",5,1.64,46.13188967,0,1.73,96,1,0,0,1,2,0,3,5,0,0,24.9518,1,1,0,1,0,0.020520834,3.125,64,3,0.044776119,1.14208e-07,425805.7188,236346.6675,312.4799886,118.3697485,5.35348e-09,44434.33333,39427.64438,55.28178127,38.75037195,1.0309e-05,47359.94911,41982.27983,82.84703866,28.55176387,33209.43333,31245.86479,66.94022677,18.35187253,1.9451e-07,0.52631899,0.048630258,0.488234766,0.027992771,0.611796082,0.006157434,0.09960425,-0.180955647,1.05318e-05,0.388203918,5777,109,446687.7459,125002.377,0.287288944,134423.8214,0.282041436,6.530723275,21.40809562,0.276993178,6.530723275,21.40809562,0.276993178,0.532976835,226804.0625,0.532976835,226804.0625,0.586298547,771361.5,0.586298547,771361.5,0.43331808,22960.5,0.43331808,22960.5,0.592772089,349110.2,0.592772089,349110.2,0,0,0,0,0,0,0,0,0,0,0,0,0,0,0,0,0,0,0,0,0,0,0,0,0,0,0,0,0,0,0,0,0,0,0,0,0,0,0,0,0,0,0,0,0,0,0,0,0,0,0,0,0,0,0,0,0,0,0,0,0,0,0,0,0,0,0,0,0,0,0,0,0,0,0,0,0,0,0,0,0,0,0,0,0,0,0,0,0,0,0,0,0,0,0,0
"XH22-13097 1",0,0,"7/14/2022",0,0," ",0,0,0," ",0,0,0," ",0,0,0,0,0,0,0,0,0,0,0,0,0,0,0,0,0,0,0,0,0,0,0,0,0,0,0,0," ",0,0,0,0," ",0,0,0,0,0,0,0,0,0," ",0,0," ",0,0,0," ",0,0,0,0,0,1,77,1,0,160,80,31.25,1,0,"Stroke (unspecified)",1,0.94,62.49647121,0,1.62,93,1,0,0,1,1,2,4,5,0,0,27.51584115,1,1,1,1,27.51584115,2.306839227,10,19,1,0.05,1.32911e-07,402905.6316,146481.8277,309.5450895,59.79698702,6.99532e-09,209446.5,0,215.9282288,0,1.22348e-05,39812.99371,39012.42391,73.53493561,26.57607788,38225.47553,72462.75738,63.13836353,28.99271825,2.2385e-07,0.515931184,0.05355059,0.487104305,0.025899593,0.259717597,0.015003128,0.109936598,-0.111070798,8.82641e-06,0.740282403,1749,32,402905.6316,163019.7895,0.398379874,171151.5,0.40668011,6.961241698,29.29235669,0.219871074,6.961241698,29.29235669,0.219871074,0.323896958,100690.1667,0.323896958,100690.1667,0.292161166,263538.5,0.292161166,263538.5,0.339764854,19266,0.339764854,19266,0.292161166,263538.5,0.292161166,263538.5,0,0,0,0,0,0,0,0,0,0,0,0,0,0,0,0,0,0,0,0,0,0,0,0,0,0,0,0,0,0,0,0,0,0,0,0,0,0,0,0,0,0,0,0,0,0,0,0,0,0,0,0,0,0,0,0,0,0,0,0,0,0,0,0,0,0,0,0,0,0,0,0,0,0,0,0,0,0,0,0,0,0,0,0,0,0,0,0,0,0,0,0,0,0,0,0
"XH22-13097 2",0,0,"7/14/2022",0,0," ",0,0,0," ",0,0,0," ",0,0,0,0,0,0,0,0,0,0,0,0,0,0,0,0,0,0,0,0,0,0,0,0,0,0,0,0," ",0,0,0,0," ",0,0,0,0,0,0,0,0,0," ",0,0," ",0,0,0," ",0,0,0,0,0,1,77,1,0,160,80,31.25,1,0,"Stroke (unspecified)",1,0.94,62.49647121,0,1.62,93,1,0,0,2,3,2,7,6,0,0,71.2888,1,1,1,1,71.2888,7.175241116,33.3333333333333,24,12,0.333333333,1.58284e-07,219209.75,185683.6474,192.5914978,124.0017404,7.91418e-08,195033.6667,167683.9197,182.4733703,54.08221332,9.40469e-06,37795.26648,32373.73844,72.36157087,24.17144767,22864.68619,22988.61229,59.42156776,22.48903009,3.29758e-07,0.45625601,0.034697315,0.3554526,0.139738321,0.217321066,0.008879528,0.097614463,-0.142245722,9.55232e-06,0.782678934,1426,50,290490.9167,136611.5,0.485780701,158904.5714,0.510226062,8.230010194,31.51553769,0.177197174,8.230010194,31.51553769,0.177197174,0.331084451,184956.8125,0.331084451,184956.8125,0.384626723,1008153.5,0.384626723,1008153.5,0.363429467,17015.25,0.363429467,17015.25,0.320302779,240937.3333,0.320302779,240937.3333,0,0,0,0,0,0,0,0,0,0,0,0,0,0,0,0,0,0,0,0,0,0,0,0,0,0,0,0,0,0,0,0,0,0,0,0,0,0,0,0,0,0,0,0,0,0,0,0,0,0,0,0,0,0,0,0,0,0,0,0,0,0,0,0,0,0,0,0,0,0,0,0,0,0,0,0,0,0,0,0,0,0,0,0,0,0,0,0,0,0,0,0,0,0,0,0
"XH22-17417 1",0,0,"9/25/2022",0,0," ",0,0,0," ",0,0,0," ",0,0,0,0,0,0,0,0,0,0,0,0,0,0,0,0,0,0,0,0,0,0,0,0,0,0,0,0," ",0,0,0,0," ",0,0,0,0,0,0,0,0,0," ",0,0," ",0,0,0," ",0,0,0,0,0,1,79,1,0,155,70,29.1363163371488,1,1,"Stroke (unspecified)",1,1,57.30689857,0,2.4,100,1,0,0,3,3,2,8,7,0,0,56.5655,1,1,1,1,56.5655,0.870653843,60,19,18,0.486486486,1.91079e-07,365440.9737,297201.363,241.7029245,162.0544466,1.81023e-07,151272.1667,34858.18385,192.5152961,22.01955393,8.06557e-06,61332.39214,66364.29301,88.56858721,39.74473566,40561.02099,54952.36688,65.5913191,24.11500316,1.01574e-06,0.511702526,0.069828278,0.494680467,0.072666246,0.290461382,0.020052966,0.141158348,-0.387133499,7.53562e-06,0.709538618,802,101,514119.0385,115758.1538,0.206906576,132351.9091,0.232590802,6.283692241,32.77290407,0.233110429,6.283692241,32.77290407,0.233110429,0.360510671,226370.625,0.360510671,226370.625,0.466203103,1252623.5,0.466203103,1252623.5,0.191162784,31580.5,0.191162784,31580.5,0.384703226,254197.7857,0.384703226,254197.7857,0,0,0,0,0,0,0,0,0,0,0,0,0,0,0,0,0,0,0,0,0,0,0,0,0,0,0,0,0,0,0,0,0,0,0,0,0,0,0,0,0,0,0,0,0,0,0,0,0,0,0,0,0,0,0,0,0,0,0,0,0,0,0,0,0,0,0,0,0,0,0,0,0,0,0,0,0,0,0,0,0,0,0,0,0,0,0,0,0,0,0,0,0,0,0,0
"XH22-17417 2",0,0,"9/25/2022",0,0," ",0,0,0," ",0,0,0," ",0,0,0,0,0,0,0,0,0,0,0,0,0,0,0,0,0,0,0,0,0,0,0,0,0,0,0,0," ",0,0,0,0," ",0,0,0,0,0,0,0,0,0," ",0,0," ",0,0,0," ",0,0,0,0,0,1,79,1,0,155,70,29.1363163371488,1,1,"Stroke (unspecified)",1,1,57.30689857,0,2.4,100,1,0,0,2,2,2,6,7,0,0,51.34871743,1,1,1,1,51.34871743,3.395585533,43.4782608695652,29,20,0.408163265,8.84778e-08,615039.6379,309824.488,364.5795564,131.4453688,6.10192e-08,127584.125,67076.66194,161.6237435,66.75938527,6.18124e-06,65538.10192,69988.96293,94.78834185,38.5421842,33069.17582,42212.56221,66.20240014,23.16475931,5.55275e-07,0.444417598,0.054417372,0.405107015,0.09370638,0.257475108,0.025608157,0.134328388,-0.305986689,6.6843e-06,0.742524892,2026,182,701467,205938.24,0.315851861,213544.75,0.327016401,7.42938305,40.37729557,0.191829203,7.42938305,40.37729557,0.191829203,0.370667115,165421.05,0.370667115,165421.05,0.39945618,1538756.5,0.39945618,1538756.5,0.348199331,15429.61111,0.348199331,15429.61111,0.389049848,288141.3182,0.389049848,288141.3182,0,0,0,0,0,0,0,0,0,0,0,0,0,0,0,0,0,0,0,0,0,0,0,0,0,0,0,0,0,0,0,0,0,0,0,0,0,0,0,0,0,0,0,0,0,0,0,0,0,0,0,0,0,0,0,0,0,0,0,0,0,0,0,0,0,0,0,0,0,0,0,0,0,0,0,0,0,0,0,0,0,0,0,0,0,0,0,0,0,0,0,0,0,0,0,0
"XH22-17953 2",0,0,"10/3/2022",0,0," ",0,0,0," ",0,0,0," ",0,0,0,0,0,0,0,0,0,0,0,0,0,0,0,0,0,0,0,0,0,0,0,0,0,0,0,0," ",0,0,0,0," ",0,0,0,0,0,0,0,0,0," ",0,0," ",0,0,0," ",0,0,0,0,0,0,58,1,0,160,52,20.3125,0,0,"Stroke (unspecified)",1,1.2,52.46994022,0,1.36,82,0,0,0,1,3,2,6,6,0,0,69.8621,1,1,1,1,69.8621,2.862054157,11.1111111111111,65,8,0.109589041,1.35715e-07,410354.6923,242114.9265,297.605679,103.4431756,1.67034e-08,113423.625,68376.93901,148.6706194,72.85291299,1.04667e-05,58549.28855,67079.67032,91.62074624,34.65596379,32257.30767,39452.55589,62.54986226,27.36955882,4.17584e-07,0.585156607,0.055691207,0.61282038,0.041388725,0.225576174,0.018882058,0.090876885,-0.57415034,9.51101e-06,0.774423826,5013,200,433252.4918,110395.0164,0.259994467,125116.0392,0.290749053,5.144822187,20.11397403,0.281707167,6.278479651,22.62987883,0.247175783,0.398317283,374975.3333,0.398317283,374975.3333,0.434474516,3614723.5,0.434474516,3614723.5,0.403343367,25700.5,0.403343367,25700.5,0.393919458,680590.8125,0.393919458,680590.8125,0,0,0,0,0,0,0,0,0,0,0,0,0,0,0,0,0,0,0,0,0,0,0,0,0,0,0,0,0,0,0,0,0,0,0,0,0,0,0,0,0,0,0,0,0,0,0,0,0,0,0,0,0,0,0,0,0,0,0,0,0,0,0,0,0,0,0,0,0,0,0,0,0,0,0,0,0,0,0,0,0,0,0,0,0,0,0,0,0,0,0,0,0,0,0,0
"XH22-20454 1",0,0,"11/7/2022",0,0," ",0,0,0," ",0,0,0," ",0,0,0,0,0,0,0,0,0,0,0,0,0,0,0,0,0,0,0,0,0,0,0,0,0,0,0,0," ",0,0,0,0," ",0,0,0,0,0,0,0,0,0," ",0,0," ",0,0,0," ",0,0,0,0,0,1,74,0,0,170,80,27.681660899654,1,0,"Stroke (unspecified)",1,0.9,89.62182486,0,1.44,87,1,0,0,0,1,2,3,5,0,0,17.03565644,1,0,0,0,17.03565644,0.166147528,0,47,0,0,1.44971e-07,396015.8617,233730.8381,276.5952038,105.1539279,0,0,0,0,0,1.18136e-05,50003.53538,72867.54916,85.58034136,31.84233275,22398.20905,18723.36063,65.28158951,20.68014508,3.17701e-07,0.55889334,0.057410622,0.590719491,0.016023745,0.297532166,0.027800417,0.097187622,-0.611828863,1.26788e-05,0.702467834,3830,103,431315.5349,148852.3488,0.336198163,158235.45,0.340979755,6.284662065,22.34220736,0.315319735,6.284662065,22.34220736,0.315319735,0.500454825,140074.4167,0.500454825,140074.4167,0.443122567,328087.5,0.443122567,328087.5,0.482177261,15837.25,0.482177261,15837.25,0.509593607,202193,0.509593607,202193,0,0,0,0,0,0,0,0,0,0,0,0,0,0,0,0,0,0,0,0,0,0,0,0,0,0,0,0,0,0,0,0,0,0,0,0,0,0,0,0,0,0,0,0,0,0,0,0,0,0,0,0,0,0,0,0,0,0,0,0,0,0,0,0,0,0,0,0,0,0,0,0,0,0,0,0,0,0,0,0,0,0,0,0,0,0,0,0,0,0,0,0,0,0,0,0
"XH22-20454 2",0,0,"11/7/2022",0,0," ",0,0,0," ",0,0,0," ",0,0,0,0,0,0,0,0,0,0,0,0,0,0,0,0,0,0,0,0,0,0,0,0,0,0,0,0," ",0,0,0,0," ",0,0,0,0,0,0,0,0,0," ",0,0," ",0,0,0," ",0,0,0,0,0,1,74,0,0,170,80,27.681660899654,1,0,"Stroke (unspecified)",1,0.9,89.62182486,0,1.44,87,1,0,0,1,2,2,5,6,0,0,7.263584759,0,0,0,1,0,1.050028075,2.7027027027027,75,1,0.013157895,2.27261e-07,429773.66,228075.441,292.0625693,104.6156885,3.03015e-09,388642,0,316.204048,0,8.03293e-06,64023.96492,72867.21779,91.1550733,36.08670859,33770.25654,36506.19879,68.01982932,23.0869456,2.18171e-07,0.564374585,0.097670923,0.514300004,0.050250197,0.319262148,0.0131883,0.189910407,-0.557572297,8.57548e-06,0.680737852,2651,72,446963.0139,112875.2361,0.255569888,117988.2353,0.263736003,6.641798818,29.97431784,0.226419939,6.641798818,29.97431784,0.226419939,0.521128193,515423.1923,0.521128193,515423.1923,0.605108201,3626780,0.605108201,3626780,0.504736967,20880.75,0.504736967,20880.75,0.528413182,735219.8333,0.528413182,735219.8333,0,0,0,0,0,0,0,0,0,0,0,0,0,0,0,0,0,0,0,0,0,0,0,0,0,0,0,0,0,0,0,0,0,0,0,0,0,0,0,0,0,0,0,0,0,0,0,0,0,0,0,0,0,0,0,0,0,0,0,0,0,0,0,0,0,0,0,0,0,0,0,0,0,0,0,0,0,0,0,0,0,0,0,0,0,0,0,0,0,0,0,0,0,0,0,0
"XH22-20769 1",0,0,"11/10/2022",0,0," ",0,0,0," ",0,0,0," ",0,0,0,0,0,0,0,0,0,0,0,0,0,0,0,0,0,0,0,0,0,0,0,0,0,0,0,0," ",0,0,0,0," ",0,0,0,0,0,0,0,0,0," ",0,0," ",0,0,0," ",0,0,0,0,0,1,63,0,0,168,82,29.0532879818594,1,0,"Stroke (unspecified)",1,1.5,51.98838981,0,1.39,84,0,0,0,2,3,2,7,7,0,0,17.6441,1,0,0,1,0,5.026763105,20,36,8,0.181818182,9.18056e-08,524364.6667,448341.9017,288.9688759,192.8621842,2.04013e-08,97590.6875,92856.55056,122.2825392,67.48596603,7.59947e-06,57064.19178,78101.53926,84.05561962,43.54914826,33566.9928,54872.22953,63.47250035,34.06250203,4.36077e-07,0.501489068,0.048139631,0.43365741,0.056937065,0.33203461,0.0192448,0.111008437,-0.017043921,7.95441e-06,0.66796539,2980,171,672521.2143,128481.5,0.209403641,144554.375,0.210578634,6.278399339,24.98638917,0.241463527,6.278399339,24.98638917,0.241463527,0.455310864,119614.1154,0.455310864,119614.1154,0.55795058,593515,0.55795058,593515,0.445579527,27790.5,0.445579527,27790.5,0.458230266,147161.2,0.458230266,147161.2,0,0,0,0,0,0,0,0,0,0,0,0,0,0,0,0,0,0,0,0,0,0,0,0,0,0,0,0,0,0,0,0,0,0,0,0,0,0,0,0,0,0,0,0,0,0,0,0,0,0,0,0,0,0,0,0,0,0,0,0,0,0,0,0,0,0,0,0,0,0,0,0,0,0,0,0,0,0,0,0,0,0,0,0,0,0,0,0,0,0,0,0,0,0,0,0
"XH22-20769 2",0,0,"11/10/2022",0,0," ",0,0,0," ",0,0,0," ",0,0,0,0,0,0,0,0,0,0,0,0,0,0,0,0,0,0,0,0,0,0,0,0,0,0,0,0," ",0,0,0,0," ",0,0,0,0,0,0,0,0,0," ",0,0," ",0,0,0," ",0,0,0,0,0,1,63,0,0,168,82,29.0532879818594,1,0,"Stroke (unspecified)",1,1.5,51.98838981,0,1.39,84,0,0,0,2,3,2,7,7,0,0,52.504,1,1,1,1,52.504,3.342178302,41.6666666666667,47,21,0.308823529,8.72355e-08,453670.2979,484821.7972,245.7895301,223.9762917,3.89776e-08,109661.1905,69673.38917,146.0111635,65.89802464,5.0578e-06,85278.13174,130754.5456,97.36411182,51.34894123,59529.56633,87898.50884,74.65632639,39.40260883,2.70987e-07,0.403275528,0.039576143,0.431319851,0.097838112,0.534578313,0.023169301,0.091755904,-0.206033565,5.25938e-06,0.465421687,2725,146,735262.8393,220789.0357,0.326834573,266004.3478,0.307097576,6.7301315,26.1680914,0.236138971,6.7301315,26.1680914,0.236138971,0.413995576,623226.4643,0.413995576,623226.4643,0.533768326,3769169.5,0.533768326,3769169.5,0.318635185,29725.75,0.318635185,29725.75,0.452139732,860626.75,0.452139732,860626.75,0,0,0,0,0,0,0,0,0,0,0,0,0,0,0,0,0,0,0,0,0,0,0,0,0,0,0,0,0,0,0,0,0,0,0,0,0,0,0,0,0,0,0,0,0,0,0,0,0,0,0,0,0,0,0,0,0,0,0,0,0,0,0,0,0,0,0,0,0,0,0,0,0,0,0,0,0,0,0,0,0,0,0,0,0,0,0,0,0,0,0,0,0,0,0,0
"XH22-22084 1",0,0,"11/29/2022",0,0," ",0,0,0," ",0,0,0," ",0,0,0,0,0,0,0,0,0,0,0,0,0,0,0,0,0,0,0,0,0,0,0,0,0,0,0,0," ",0,0,0,0," ",0,0,0,0,0,0,0,0,0," ",0,0," ",0,0,0," ",0,0,0,0,0,1,63,0,0,170,90,31.1418685121107,1,1,"Anoxia",5,1.27,63.48211864,0,1.58,92,1,0,0,0,2,2,4,4,0,0,48.2366,1,1,1,1,48.2366,0.254531679,0,37,0,0,1.40561e-07,453556.8514,231476.7795,318.1877416,124.0409436,0,0,0,0,0,7.24081e-06,65205.00236,67736.86694,92.3915952,32.2092509,40746.64441,49414.04557,67.51240358,22.45937662,3.41906e-07,0.470651597,0.063752552,0.472136887,0.02531935,0.380475219,0.019447257,0.135029806,0.063824816,8.18118e-06,0.619524781,1906,90,493555.0735,126740.2941,0.236021898,130108.8788,0.241049202,6.108146739,24.46305762,0.3115697,6.108146739,24.46305762,0.3115697,0.404090258,239689.125,0.404090258,239689.125,0.468640817,2770566,0.468640817,2770566,0.315186678,16475.125,0.315186678,16475.125,0.433724784,314093.7917,0.433724784,314093.7917,0,0,0,0,0,0,0,0,0,0,0,0,0,0,0,0,0,0,0,0,0,0,0,0,0,0,0,0,0,0,0,0,0,0,0,0,0,0,0,0,0,0,0,0,0,0,0,0,0,0,0,0,0,0,0,0,0,0,0,0,0,0,0,0,0,0,0,0,0,0,0,0,0,0,0,0,0,0,0,0,0,0,0,0,0,0,0,0,0,0,0,0,0,0,0,0
"XH22-22084 2",0,0,"11/29/2022",0,0," ",0,0,0," ",0,0,0," ",0,0,0,0,0,0,0,0,0,0,0,0,0,0,0,0,0,0,0,0,0,0,0,0,0,0,0,0," ",0,0,0,0," ",0,0,0,0,0,0,0,0,0," ",0,0," ",0,0,0," ",0,0,0,0,0,1,63,0,0,170,90,31.1418685121107,1,1,"Anoxia",5,1.27,63.48211864,0,1.58,92,1,0,0,1,2,2,5,5,0,0,47.4039,1,1,1,1,47.4039,1.146220397,5.55555555555556,35,2,0.054054054,1.58209e-07,571061.7286,359621.3497,350.6297872,149.9435447,9.04052e-09,241229,16688.5,262.3829242,8.497123077,9.13544e-06,47479.56927,40059.09847,85.31883828,30.69987905,23331.32985,18733.0707,64.18415123,19.58867138,4.15864e-07,0.440631045,0.090347114,0.433746785,0.039724541,0.442726565,0.038437217,0.208294602,-0.011046312,1.1949e-05,0.557273435,2021,92,644629.2097,172418.8065,0.272979925,172418.8065,0.272979925,6.434053473,21.46986993,0.300345403,6.434053473,21.46986993,0.300345403,0.450305957,77058.76471,0.450305957,77058.76471,0.662959161,509252,0.662959161,509252,0.389580161,22897.91667,0.389580161,22897.91667,0.483429118,106601.0455,0.483429118,106601.0455,0,0,0,0,0,0,0,0,0,0,0,0,0,0,0,0,0,0,0,0,0,0,0,0,0,0,0,0,0,0,0,0,0,0,0,0,0,0,0,0,0,0,0,0,0,0,0,0,0,0,0,0,0,0,0,0,0,0,0,0,0,0,0,0,0,0,0,0,0,0,0,0,0,0,0,0,0,0,0,0,0,0,0,0,0,0,0,0,0,0,0,0,0,0,0,0
"XH23-01369 1",0,0,"1/19/2023",0,0," ",0,0,0," ",0,0,0," ",0,0,0,0,0,0,0,0,0,0,0,0,0,0,0,0,0,0,0,0,0,0,0,0,0,0,0,0," ",0,0,0,0," ",0,0,0,0,0,0,0,0,0," ",0,0," ",0,0,0," ",0,0,0,0,0,1,71,0,0,170,85,29.4117647058824,1,1,"Stroke (unspecified)",1,1.21,64.01258601,0,1.9,99,1,0,0,1,1,2,4,5,0,0,19.79875754,1,0,0,0,19.79875754,2.136318923,5.26315789473684,114,5,0.042016807,1.66315e-07,328390.1535,166918.1898,270.8439604,95.51396502,7.29453e-09,243031.1,156895.7462,220.961676,73.07214067,1.41032e-05,37947.43069,47221.26398,76.9638599,28.59761175,17327.47805,17243.41861,51.38589169,16.93254769,3.45761e-07,0.431671366,0.054616318,0.535182042,0.014292218,0.283649835,0.031674306,0.10205185,-0.325189449,1.49908e-05,0.716350165,9667,237,349461.5748,190547.9346,0.551350959,195821,0.546457108,8.207976044,33.18514577,0.204404733,8.225749657,33.58479148,0.202286623,0.360553601,57314.57813,0.360553601,57314.57813,0.573400113,356510,0.573400113,356510,0.325940256,20838.85,0.343095006,20838.85,0.41824251,118107.4583,0.41824251,118107.4583,0,0,0,0,0,0,0,0,0,0,0,0,0,0,0,0,0,0,0,0,0,0,0,0,0,0,0,0,0,0,0,0,0,0,0,0,0,0,0,0,0,0,0,0,0,0,0,0,0,0,0,0,0,0,0,0,0,0,0,0,0,0,0,0,0,0,0,0,0,0,0,0,0,0,0,0,0,0,0,0,0,0,0,0,0,0,0,0,0,0,0,0,0,0,0,0
"XH23-01369 2",0,0,"1/19/2023",0,0," ",0,0,0," ",0,0,0," ",0,0,0,0,0,0,0,0,0,0,0,0,0,0,0,0,0,0,0,0,0,0,0,0,0,0,0,0," ",0,0,0,0," ",0,0,0,0,0,0,0,0,0," ",0,0," ",0,0,0," ",0,0,0,0,0,1,71,0,0,170,85,29.4117647058824,1,1,"Stroke (unspecified)",1,1.21,64.01258601,0,1.9,99,1,0,0,1,3,4,8,8,0,0,57.6766,1,1,1,1,57.6766,18.07315014,11.2903225806452,117,14,0.106870229,1.64385e-07,266735.9744,144830.6563,243.6088294,80.37914293,1.967e-08,144975.1071,65783.01752,190.122569,48.10904466,1.11374e-05,34106.22707,32820.25945,70.99324771,24.87188377,14355.81503,17903.45284,47.59520353,18.61964284,5.6762e-07,0.406406138,0.043847364,0.379855637,0.062292547,0.229612102,0.044744648,0.115431654,0.22888364,1.26546e-05,0.770387898,7927,404,273571.3991,132401.3158,0.469647063,144838.402,0.473919847,7.784831727,41.83285656,0.101050807,7.780452445,41.67791596,0.101765091,0.346429658,398524.4219,0.346429658,398524.4219,0.487505174,9642421.5,0.487505174,9642421.5,0.30733698,17789.18421,0.30733698,17789.18421,0.403565109,954983.6154,0.403565109,954983.6154,0,0,0,0,0,0,0,0,0,0,0,0,0,0,0,0,0,0,0,0,0,0,0,0,0,0,0,0,0,0,0,0,0,0,0,0,0,0,0,0,0,0,0,0,0,0,0,0,0,0,0,0,0,0,0,0,0,0,0,0,0,0,0,0,0,0,0,0,0,0,0,0,0,0,0,0,0,0,0,0,0,0,0,0,0,0,0,0,0,0,0,0,0,0,0,0
"XH23-03908 1",0,0,"2/20/2023",0,0," ",0,0,0," ",0,0,0," ",0,0,0,0,0,0,0,0,0,0,0,0,0,0,0,0,0,0,0,0,0,0,0,0,0,0,0,0," ",0,0,0,0," ",0,0,0,0,0,0,0,0,0," ",0,0," ",0,0,0," ",0,0,0,0,0,1,65,0,0,185,97,28.3418553688824,1,1,"Stroke (unspecified)",1,0.87,95.75672287,0,1.48,89,1,0,0,1,1,2,4,6,0,0,17.02907057,1,0,0,0,17.02907057,6.160294484,9.09090909090909,23,3,0.115384615,8.80215e-08,706367.4783,456155.1104,373.1603968,186.909804,1.14811e-08,218686,32948.30576,219.5695397,16.5997154,6.54421e-06,60539.85263,59944.70128,87.68625676,33.32963876,289438.5,0,144.4991349,0,2.75546e-07,0.534862951,0.062175537,0.396185412,0.018437637,4.418874665,0,0.156935452,0.20007836,6.64587e-06,-3.418874665,1710,72,850760.9737,212343.9474,0.25460639,212343.9474,0.25460639,6.380185934,37.5220404,0.198604157,6.380185934,37.5220404,0.198604157,0.400547007,220534,0.400547007,220534,0.586977546,628687,0.586977546,628687,0.307331738,16457.5,0.307331738,16457.5,0.586977546,628687,0.586977546,628687,0,0,0,0,0,0,0,0,0,0,0,0,0,0,0,0,0,0,0,0,0,0,0,0,0,0,0,0,0,0,0,0,0,0,0,0,0,0,0,0,0,0,0,0,0,0,0,0,0,0,0,0,0,0,0,0,0,0,0,0,0,0,0,0,0,0,0,0,0,0,0,0,0,0,0,0,0,0,0,0,0,0,0,0,0,0,0,0,0,0,0,0,0,0,0,0
"XH23-03908 2",0,0,"2/20/2023",0,0," ",0,0,0," ",0,0,0," ",0,0,0,0,0,0,0,0,0,0,0,0,0,0,0,0,0,0,0,0,0,0,0,0,0,0,0,0," ",0,0,0,0," ",0,0,0,0,0,0,0,0,0," ",0,0," ",0,0,0," ",0,0,0,0,0,1,65,0,0,185,97,28.3418553688824,1,1,"Stroke (unspecified)",1,0.87,95.75672287,0,1.48,89,1,0,0,1,1,4,6,6,0,0,6.04483779,0,0,0,0,0,7.652406704,13.3333333333333,28,4,0.125,1.54452e-07,730596.375,556511.2385,370.9523984,186.835289,2.20645e-08,331953,62579.06917,294.757972,28.51294327,5.11345e-06,65893.63916,64142.59233,91.73384207,36.69979906,33393.78571,22333.5847,71.89135684,24.04587784,2.31677e-07,0.439479901,0.112841749,0.336943817,0.075035207,0.113329094,0.040793946,0.334897817,0.219117985,5.26863e-06,0.886670906,927,42,786195.1346,155435.0385,0.210280396,173941.7391,0.199556013,5.793141015,39.22826548,0.200083436,5.793141015,39.22826548,0.200083436,0.378583217,729558.5,0.378583217,729558.5,0,5725178,0,5725178,0.273649795,33664.33333,0.273649795,33664.33333,0.441543271,1077505.583,0.441543271,1077505.583,0,0,0,0,0,0,0,0,0,0,0,0,0,0,0,0,0,0,0,0,0,0,0,0,0,0,0,0,0,0,0,0,0,0,0,0,0,0,0,0,0,0,0,0,0,0,0,0,0,0,0,0,0,0,0,0,0,0,0,0,0,0,0,0,0,0,0,0,0,0,0,0,0,0,0,0,0,0,0,0,0,0,0,0,0,0,0,0,0,0,0,0,0,0,0,0
"XH23-06547 1",0,0,"3/25/2023",0,0," ",0,0,0," ",0,0,0," ",0,0,0,0,0,0,0,0,0,0,0,0,0,0,0,0,0,0,0,0,0,0,0,0,0,0,0,0," ",0,0,0,0," ",0,0,0,0,0,0,0,0,0," ",0,0," ",0,0,0," ",0,0,0,0,0,1,75,0,0,178,71,22.4087867693473,0,0,"Stroke (unspecified)",1,0.77,93.36278839,0,1.3,78,0,0,0,1,2,2,5,4,0,0,9.239862765,0,0,0,1,0,6.691247928,4.08163265306122,99,4,0.038834951,2.12643e-07,340062.1263,172382.6628,281.8787575,87.77394287,8.59163e-09,102405.625,11840.69219,156.7940766,11.17441484,8.51645e-06,52529.92585,77151.04571,78.3703725,34.55972731,65147.725,104107.2117,69.80079367,24.04430014,3.50109e-07,0.39452363,0.072311741,0.447368433,0.010996871,0.662302754,0.000570386,0.161638005,0.107111144,8.80662e-06,0.337697246,3965,163,359931.9946,88363.68817,0.260774135,93107.70115,0.27096316,5.104672849,28.34219941,0.303363103,5.104672849,28.34219941,0.303363103,0.417827622,84182.88889,0.417827622,84182.88889,0.782378778,1050139,0.782378778,1050139,0.379558447,17283.26923,0.379558447,17283.26923,0.517327477,258121.9,0.517327477,258121.9,0,0,0,0,0,0,0,0,0,0,0,0,0,0,0,0,0,0,0,0,0,0,0,0,0,0,0,0,0,0,0,0,0,0,0,0,0,0,0,0,0,0,0,0,0,0,0,0,0,0,0,0,0,0,0,0,0,0,0,0,0,0,0,0,0,0,0,0,0,0,0,0,0,0,0,0,0,0,0,0,0,0,0,0,0,0,0,0,0,0,0,0,0,0,0,0
"XH23-06547 2",0,0,"3/25/2023",0,0," ",0,0,0," ",0,0,0," ",0,0,0,0,0,0,0,0,0,0,0,0,0,0,0,0,0,0,0,0,0,0,0,0,0,0,0,0," ",0,0,0,0," ",0,0,0,0,0,0,0,0,0," ",0,0," ",0,0,0," ",0,0,0,0,0,1,75,0,0,178,71,22.4087867693473,0,0,"Stroke (unspecified)",1,0.77,93.36278839,0,1.3,78,0,0,0,2,1,2,5,5,0,0,15.0296,1,0,0,0,0,0.407566939,20,8,2,0.2,8.63015e-08,356061.8125,200179.1414,276.4702683,140.7806477,2.15754e-08,109600,14351.5,154.5873099,13.10586232,8.59779e-06,45636.05772,54957.97874,72.85274373,27.08839916,48495.26908,76675.75733,62.25457507,23.27218556,5.50172e-07,0.560113815,0.030728669,0.392369103,0.059370551,0.288872441,0.008745239,0.07831572,-0.230978549,6.43327e-06,0.711127559,797,51,469906.5833,104387,0.220966403,104387,0.220966403,4.823903372,26.29480011,0.281064277,4.823903372,26.29480011,0.281064277,0.516619009,36256.5,0.516619009,36256.5,0.516619009,36256.5,0.516619009,36256.5,0,0,0,0,0.516619009,36256.5,0.516619009,36256.5,0,0,0,0,0,0,0,0,0,0,0,0,0,0,0,0,0,0,0,0,0,0,0,0,0,0,0,0,0,0,0,0,0,0,0,0,0,0,0,0,0,0,0,0,0,0,0,0,0,0,0,0,0,0,0,0,0,0,0,0,0,0,0,0,0,0,0,0,0,0,0,0,0,0,0,0,0,0,0,0,0,0,0,0,0,0,0,0,0,0,0,0,0,0,0,0
"XH23-08067 1",0,0,"4/14/2023",0,0," ",0,0,0," ",0,0,0," ",0,0,0,0,0,0,0,0,0,0,0,0,0,0,0,0,0,0,0,0,0,0,0,0,0,0,0,0," ",0,0,0,0," ",0,0,0,0,0,0,0,0,0," ",0,0," ",0,0,0," ",0,0,0,0,0,1,75,0,0,163,85,31.9921713274869,0,0,"Stroke (unspecified)",1,0.82,91.60564343,0,1.34,81,0,0,0,1,2,2,5,6,0,0,72.70575552,1,1,1,1,0,0.230228658,12.5,22,2,0.083333333,6.76082e-07,262881.5,242223.479,204.2278054,147.6753314,6.1462e-08,125060.25,14483.75,170.0983659,13.74939723,5.80201e-05,59751.83686,71406.5021,90.01236057,37.50437895,35748.38806,45632.968,64.03490782,21.26620054,5.83889e-06,0.615590254,0.177729325,3.466806771,0.295254235,0.262471667,0.019070656,0.051266002,-3.16374593,9.66393e-06,0.737528333,1888,190,435231.1667,45611,0.104820347,61554.66667,0.150083358,4.464380627,19.95635565,0.318769296,4.464380627,19.95635565,0.318769296,0.686509898,345966.9091,0.686509898,345966.9091,0.887077292,3052643,0.887077292,3052643,0.563820297,23968.41667,0.563820297,23968.41667,0.833737419,732365.1,0.833737419,732365.1,0,0,0,0,0,0,0,0,0,0,0,0,0,0,0,0,0,0,0,0,0,0,0,0,0,0,0,0,0,0,0,0,0,0,0,0,0,0,0,0,0,0,0,0,0,0,0,0,0,0,0,0,0,0,0,0,0,0,0,0,0,0,0,0,0,0,0,0,0,0,0,0,0,0,0,0,0,0,0,0,0,0,0,0,0,0,0,0,0,0,0,0,0,0,0,0
"XH23-08067 2",0,0,"4/14/2023",0,0," ",0,0,0," ",0,0,0," ",0,0,0,0,0,0,0,0,0,0,0,0,0,0,0,0,0,0,0,0,0,0,0,0,0,0,0,0," ",0,0,0,0," ",0,0,0,0,0,0,0,0,0," ",0,0," ",0,0,0," ",0,0,0,0,0,1,75,0,0,163,85,31.9921713274869,0,0,"Stroke (unspecified)",1,0.82,91.60564343,0,1.34,81,0,0,0,1,1,2,4,5,0,0,22.7832,1,1,0,0,22.7832,0.747777586,9.52380952380952,41,4,0.088888889,8.31596e-08,470457.6585,253882.9223,323.0468506,128.2503293,8.11313e-09,111087.375,27942.64513,164.6697773,13.35531549,8.2186e-06,65807.39956,82015.18704,93.28154591,40.15822769,34566.9783,38353.06879,67.32196222,21.24240524,3.79289e-07,0.469465016,0.03912308,0.540844984,0.014682861,0.421210568,0.020656681,0.072336957,-0.162975156,8.85863e-06,0.578789432,4052,187,530187.125,107599.3889,0.202710965,112904.8529,0.210564912,5.159734927,25.57409206,0.264382168,5.159734927,25.57409206,0.264382168,0.469150887,77606.65789,0.469150887,77606.65789,0.541699592,206636.5,0.541699592,206636.5,0.481687718,20507.3125,0.481687718,20507.3125,0.460033192,119133.4545,0.460033192,119133.4545,0,0,0,0,0,0,0,0,0,0,0,0,0,0,0,0,0,0,0,0,0,0,0,0,0,0,0,0,0,0,0,0,0,0,0,0,0,0,0,0,0,0,0,0,0,0,0,0,0,0,0,0,0,0,0,0,0,0,0,0,0,0,0,0,0,0,0,0,0,0,0,0,0,0,0,0,0,0,0,0,0,0,0,0,0,0,0,0,0,0,0,0,0,0,0,0
"XH23-11571 1",0,0,"6/1/2023",0,0," ",0,0,0," ",0,0,0," ",0,0,0,0,0,0,0,0,0,0,0,0,0,0,0,0,0,0,0,0,0,0,0,0,0,0,0,0," ",0,0,0,0," ",0,0,0,0,0,0,0,0,0," ",0,0," ",0,0,0," ",0,0,0,0,0,1,53,0,0,175,95,31.0204081632653,1,1,"Stroke (unspecified)",1,1.32,64.49666163,0,1.42,86,1,0,0,1,2,2,5,5,0,0,17.0366,1,0,0,1,0,0.451084057,9.67741935483871,68,9,0.116883117,1.18648e-07,466075.4779,281774.1159,307.9989407,131.8031269,1.57034e-08,126639.7222,178641.0749,128.1341286,117.1825764,6.78734e-06,65467.04794,154509.0755,91.51607543,36.36789622,21795.26925,18981.43461,60.08057792,17.2458275,3.26281e-07,0.451814492,0.055298738,0.444347166,0.01997021,0.292678126,0.027651758,0.1244494,-0.166785327,9.60525e-06,0.707321874,3890,187,472999.5597,236088.6418,0.50684941,277732.3519,0.498536997,8.044034928,38.61978092,0.204708191,8.044034928,38.61978092,0.204708191,0.417443065,132378.6,0.417443065,132378.6,0.550042715,960654.5,0.550042715,960654.5,0.451927363,24650.08333,0.451927363,24650.08333,0.406553287,166398.1316,0.406553287,166398.1316,0,0,0,0,0,0,0,0,0,0,0,0,0,0,0,0,0,0,0,0,0,0,0,0,0,0,0,0,0,0,0,0,0,0,0,0,0,0,0,0,0,0,0,0,0,0,0,0,0,0,0,0,0,0,0,0,0,0,0,0,0,0,0,0,0,0,0,0,0,0,0,0,0,0,0,0,0,0,0,0,0,0,0,0,0,0,0,0,0,0,0,0,0,0,0,0
"XH23-12347 1",0,0,"6/13/2023",0,0," ",0,0,0," ",0,0,0," ",0,0,0,0,0,0,0,0,0,0,0,0,0,0,0,0,0,0,0,0,0,0,0,0,0,0,0,0," ",0,0,0,0," ",0,0,0,0,0,0,0,0,0," ",0,0," ",0,0,0," ",0,0,0,0,0,1,61,1,0,155,70,29.1363163371488,0,1,"Anoxia",5,0.7,98.33483511,0,1.41,85,0,0,0,0,1,2,3,3,0,0,14.58939577,0,0,0,0,14.58939577,0.509804385,0,22,0,0,1.65632e-07,271534.0455,248661.8454,216.5571202,150.4425745,0,0,0,0,0,1.2174e-05,56291.01701,57709.74171,84.49087856,29.20648409,33642.2056,39852.50309,63.97062643,21.43418017,2.63506e-07,0.613651832,0.044974763,0.685284686,0.04455184,0.27949156,0.004755633,0.065629313,0.189301863,9.67021e-06,0.72050844,1617,35,386036.4,91573.93333,0.230135553,111121.25,0.261712194,5.871165851,25.66620445,0.413770909,5.871165851,25.66620445,0.413770909,0.492687509,62068.07143,0.492687509,62068.07143,0.656442028,305698,0.656442028,305698,0.465395089,21463.08333,0.465395089,21463.08333,0.656442028,305698,0.656442028,305698,0,0,0,0,0,0,0,0,0,0,0,0,0,0,0,0,0,0,0,0,0,0,0,0,0,0,0,0,0,0,0,0,0,0,0,0,0,0,0,0,0,0,0,0,0,0,0,0,0,0,0,0,0,0,0,0,0,0,0,0,0,0,0,0,0,0,0,0,0,0,0,0,0,0,0,0,0,0,0,0,0,0,0,0,0,0,0,0,0,0,0,0,0,0,0,0
"XH23-12347 2",0,0,"6/13/2023",0,0," ",0,0,0," ",0,0,0," ",0,0,0,0,0,0,0,0,0,0,0,0,0,0,0,0,0,0,0,0,0,0,0,0,0,0,0,0," ",0,0,0,0," ",0,0,0,0,0,0,0,0,0," ",0,0," ",0,0,0," ",0,0,0,0,0,1,61,1,0,155,70,29.1363163371488,0,1,"Anoxia",5,0.7,98.33483511,0,1.41,85,0,0,0,1,1,2,4,4,0,0,20.9259,1,1,0,0,20.9259,0.017477459,6.45161290322581,58,4,0.064516129,1.82242e-07,396750.2241,161442.1452,302.520465,90.13126053,1.25684e-08,164424.375,21949.88983,199.3679965,17.30323633,1.19054e-05,39051.21536,36520.54121,75.30823664,24.56938035,52651.48364,59237.10459,76.04290691,23.32309933,3.17353e-07,0.544539733,0.072304658,0.464922177,0.031058356,0.808015479,0,0.155519917,0.18595636,1.22365e-05,0.191984521,3789,101,424498.8704,121340.6111,0.28292203,125489.6346,0.283432532,6.37730642,22.46840561,0.391384206,6.37730642,22.46840561,0.391384206,0.560779711,62696.67742,0.560779711,62696.67742,0.714162867,266099,0.714162867,266099,0.506859087,16080.83333,0.506859087,16080.83333,0.635439036,127241.6923,0.635439036,127241.6923,0,0,0,0,0,0,0,0,0,0,0,0,0,0,0,0,0,0,0,0,0,0,0,0,0,0,0,0,0,0,0,0,0,0,0,0,0,0,0,0,0,0,0,0,0,0,0,0,0,0,0,0,0,0,0,0,0,0,0,0,0,0,0,0,0,0,0,0,0,0,0,0,0,0,0,0,0,0,0,0,0,0,0,0,0,0,0,0,0,0,0,0,0,0,0,0
"XH23-12632 1",0,0,"6/16/2023",0,0," ",0,0,0," ",0,0,0," ",0,0,0,0,0,0,0,0,0,0,0,0,0,0,0,0,0,0,0,0,0,0,0,0,0,0,0,0," ",0,0,0,0," ",0,0,0,0,0,0,0,0,0," ",0,0," ",0,0,0," ",0,0,0,0,0,1,61,1,0,147,68,31.4683696607895,0,0,"Stroke (unspecified)",1,1.3,46.78353336,0,1.41,85,0,0,0,2,3,2,7,6,0,0,60.2699,1,1,1,1,60.2699,2.08951954,22.2222222222222,64,19,0.228915663,1.46867e-07,455436.5156,233574.7835,321.2149089,104.6320837,4.36011e-08,113471.5526,53899.45731,158.4731357,56.83958958,1.3335e-05,38883.38358,39970.94012,79.26720195,30.87209959,26489.75,23060.79672,74.02125253,39.60245162,2.7308e-07,0.410871427,0.066888469,0.518511456,0.034673286,0.152764412,0,0.129000947,0.147765436,1.35132e-05,0.847235588,5811,119,462056.6694,114941.4355,0.262419429,130785.7736,0.265509819,6.057196543,26.0637269,0.273751482,6.057196543,26.0637269,0.273751482,0.406337061,226413.9286,0.406337061,226413.9286,0.587280787,1482578,0.587280787,1482578,0.353115512,17415.27273,0.353115512,17415.27273,0.464880765,456312.45,0.464880765,456312.45,0,0,0,0,0,0,0,0,0,0,0,0,0,0,0,0,0,0,0,0,0,0,0,0,0,0,0,0,0,0,0,0,0,0,0,0,0,0,0,0,0,0,0,0,0,0,0,0,0,0,0,0,0,0,0,0,0,0,0,0,0,0,0,0,0,0,0,0,0,0,0,0,0,0,0,0,0,0,0,0,0,0,0,0,0,0,0,0,0,0,0,0,0,0,0,0
"XH23-12632 2",0,0,"6/16/2023",0,0," ",0,0,0," ",0,0,0," ",0,0,0,0,0,0,0,0,0,0,0,0,0,0,0,0,0,0,0,0,0,0,0,0,0,0,0,0," ",0,0,0,0," ",0,0,0,0,0,0,0,0,0," ",0,0," ",0,0,0," ",0,0,0,0,0,1,61,1,0,147,68,31.4683696607895,0,0,"Stroke (unspecified)",1,1.3,46.78353336,0,1.41,85,0,0,0,2,2,2,6,6,0,0,87.3794,1,1,1,1,87.3794,4.366567885,27.5862068965517,88,32,0.266666667,1.40554e-07,499388.3409,251449.3502,330.8566562,123.2779024,5.11106e-08,147994.0625,61142.07968,191.8109185,47.16437004,9.19192e-06,45103.89096,49309.56604,80.95785873,36.66137697,18477.975,11058.0063,57.57674573,17.45475152,2.37984e-07,0.33830919,0.070191111,0.414591488,0.021572089,0.192822975,0.001436939,0.169301862,0.306212562,9.3868e-06,0.807177025,5755,149,535860.6159,166013.7805,0.325700893,177023.1842,0.328598493,6.851483625,28.42518912,0.265134185,6.851483625,28.42518912,0.265134185,0.379596349,101116.1897,0.379596349,101116.1897,0.225720112,542253,0.225720112,542253,0.348352446,18254.54167,0.348352446,18254.54167,0.40165087,159606.7647,0.40165087,159606.7647,0,0,0,0,0,0,0,0,0,0,0,0,0,0,0,0,0,0,0,0,0,0,0,0,0,0,0,0,0,0,0,0,0,0,0,0,0,0,0,0,0,0,0,0,0,0,0,0,0,0,0,0,0,0,0,0,0,0,0,0,0,0,0,0,0,0,0,0,0,0,0,0,0,0,0,0,0,0,0,0,0,0,0,0,0,0,0,0,0,0,0,0,0,0,0,0
"XH23-16567 1",0,0,"8/18/2023",0,0," ",0,0,0," ",0,0,0," ",0,0,0,0,0,0,0,0,0,0,0,0,0,0,0,0,0,0,0,0,0,0,0,0,0,0,0,0," ",0,0,0,0," ",0,0,0,0,0,0,0,0,0," ",0,0," ",0,0,0," ",0,0,0,0,0,1,70,1,0,165,70,25.7116620752984,1,1,"Stroke (unspecified)",1,0.7,92.98188056,0,1.85,98,1,0,0,0,3,0,3,3,0,0,60.365,1,1,1,1,60.365,0.06359926,0,7,0,0,8.1991e-08,272579.2857,108108.1704,255.5049008,51.96663702,0,0,0,0,0,7.01609e-06,44407.68447,42919.17187,79.93325896,28.42856475,24204.85166,23928.88179,60.67355644,17.46007264,5.73937e-07,0.340670408,0.022349052,0.311568231,0.11365202,0.363419797,0.00852496,0.071730844,-0.346700455,9.87078e-06,0.636580203,599,49,272579.2857,133322.5714,0.479604352,133322.5714,0.479604352,8.462024239,43.42140223,0.165689885,8.462024239,43.42140223,0.165689885,0.406634002,128707.8636,0.406634002,128707.8636,0.413086721,1123581,0.413086721,1123581,0.369167575,18079.8125,0.369167575,18079.8125,0.506544474,423716,0.506544474,423716,0,0,0,0,0,0,0,0,0,0,0,0,0,0,0,0,0,0,0,0,0,0,0,0,0,0,0,0,0,0,0,0,0,0,0,0,0,0,0,0,0,0,0,0,0,0,0,0,0,0,0,0,0,0,0,0,0,0,0,0,0,0,0,0,0,0,0,0,0,0,0,0,0,0,0,0,0,0,0,0,0,0,0,0,0,0,0,0,0,0,0,0,0,0,0,0
"XH23-18901 1",0,0,"9/22/2023",0,0," ",0,0,0," ",0,0,0," ",0,0,0,0,0,0,0,0,0,0,0,0,0,0,0,0,0,0,0,0,0,0,0,0,0,0,0,0," ",0,0,0,0," ",0,0,0,0,0,0,0,0,0," ",0,0," ",0,0,0," ",0,0,0,0,0,1,72,1,0,158,64,25.6369171607114,0,1,"Stroke (unspecified)",1,0.7,91.83247947,0,1.85,98,1,0,0,1,2,2,5,4,0,0,32.1325,1,1,1,1,32.1325,7.904796692,8.33333333333333,22,2,0.083333333,2.80644e-07,393604.6591,159006.0975,295.6680477,80.50294252,2.55131e-08,150643.25,14907.75,200.7967302,8.583307102,1.7604e-05,42184.50145,43494.53093,76.94961241,31.99298912,17641.0483,22046.7507,56.71345772,21.10000146,8.16418e-07,0.594682207,0.110462677,0.74261661,0.049000611,0.238997855,0.026433113,0.148747921,-0.219680469,1.43606e-05,0.761002145,1380,64,412168.5714,116899.0476,0.299802444,116899.0476,0.299802444,6.399449867,31.12420321,0.288048341,6.399449867,31.12420321,0.288048341,0.394510236,90130.04167,0.394510236,90130.04167,0.608651669,463913.5,0.608651669,463913.5,0.32829503,17871.5625,0.32829503,17871.5625,0.526940648,234647,0.526940648,234647,0,0,0,0,0,0,0,0,0,0,0,0,0,0,0,0,0,0,0,0,0,0,0,0,0,0,0,0,0,0,0,0,0,0,0,0,0,0,0,0,0,0,0,0,0,0,0,0,0,0,0,0,0,0,0,0,0,0,0,0,0,0,0,0,0,0,0,0,0,0,0,0,0,0,0,0,0,0,0,0,0,0,0,0,0,0,0,0,0,0,0,0,0,0,0,0
"XH23-18901 2",0,0,"9/22/2023",0,0," ",0,0,0," ",0,0,0," ",0,0,0,0,0,0,0,0,0,0,0,0,0,0,0,0,0,0,0,0,0,0,0,0,0,0,0,0," ",0,0,0,0," ",0,0,0,0,0,0,0,0,0," ",0,0," ",0,0,0," ",0,0,0,0,0,1,72,1,0,158,64,25.6369171607114,0,1,"Stroke (unspecified)",1,0.7,91.83247947,0,1.85,98,1,0,0,1,3,2,6,4,0,0,67.96611582,1,1,1,1,67.96611582,0.666485861,4.34782608695652,43,4,0.085106383,1.55193e-07,434719.1512,193538.5356,326.164067,84.25239749,1.44365e-08,69893.125,69361.9567,105.0440097,91.80961841,1.12749e-05,46280.62276,44201.28303,82.63123805,30.30086663,28074.6815,31112.53937,62.3172128,18.88858415,4.54751e-07,0.415729532,0.06746532,0.521811412,0.052852731,0.527476938,0.009487906,0.129290617,-0.280821191,1.38806e-05,0.472523062,3124,126,434719.1512,103303,0.235305982,103303,0.235305982,6.396907539,29.75909848,0.302529256,6.396907539,29.75909848,0.302529256,0.326146249,76761.2381,0.326146249,76761.2381,0.500876686,1024190.5,0.500876686,1024190.5,0.28501519,17067.1875,0.28501519,17067.1875,0.457765638,267782.2,0.457765638,267782.2,0,0,0,0,0,0,0,0,0,0,0,0,0,0,0,0,0,0,0,0,0,0,0,0,0,0,0,0,0,0,0,0,0,0,0,0,0,0,0,0,0,0,0,0,0,0,0,0,0,0,0,0,0,0,0,0,0,0,0,0,0,0,0,0,0,0,0,0,0,0,0,0,0,0,0,0,0,0,0,0,0,0,0,0,0,0,0,0,0,0,0,0,0,0,0,0
"XH23-19921 1",0,0,"10/5/2023",0,0," ",0,0,0," ",0,0,0," ",0,0,0,0,0,0,0,0,0,0,0,0,0,0,0,0,0,0,0,0,0,0,0,0,0,0,0,0," ",0,0,0,0," ",0,0,0,0,0,0,0,0,0," ",0,0," ",0,0,0," ",0,0,0,0,0,1,73,0,0,160,74,28.90625,1,1,"Stroke (unspecified)",1,0.81,93.09654258,0,1.99,99,1,0,0,1,1,2,4,5,0,0,25.032117,1,1,1,1,25.032117,0.656826638,11.7647058823529,30,4,0.117647059,1.56917e-07,367932.6,159984.0562,291.7202679,85.24329071,2.09223e-08,82464.375,50498.69092,124.0216005,59.18946373,9.69748e-06,47872.9617,46637.24503,82.36937602,27.64442363,19551.25912,23920.57719,52.9898097,17.19473777,5.70132e-07,0.461777198,0.057734917,0.464246936,0.044764345,0.238486741,0.037134828,0.124362515,-0.278806969,1.15864e-05,0.761513259,1854,109,380609.2931,145605.8966,0.371445889,145605.8966,0.371445889,7.228346728,24.76551668,0.31708674,7.228346728,24.76551668,0.31708674,0.40656413,38793.1,0.40656413,38793.1,0.637450543,189312,0.637450543,189312,0.370470964,17884.22727,0.370470964,17884.22727,0.505820335,96292.5,0.505820335,96292.5,0,0,0,0,0,0,0,0,0,0,0,0,0,0,0,0,0,0,0,0,0,0,0,0,0,0,0,0,0,0,0,0,0,0,0,0,0,0,0,0,0,0,0,0,0,0,0,0,0,0,0,0,0,0,0,0,0,0,0,0,0,0,0,0,0,0,0,0,0,0,0,0,0,0,0,0,0,0,0,0,0,0,0,0,0,0,0,0,0,0,0,0,0,0,0,0
"XH23-19921 2",0,0,"10/5/2023",0,0," ",0,0,0," ",0,0,0," ",0,0,0,0,0,0,0,0,0,0,0,0,0,0,0,0,0,0,0,0,0,0,0,0,0,0,0,0," ",0,0,0,0," ",0,0,0,0,0,0,0,0,0," ",0,0," ",0,0,0," ",0,0,0,0,0,1,73,0,0,160,74,28.90625,1,1,"Stroke (unspecified)",1,0.81,93.09654258,0,1.99,99,1,0,0,1,1,2,4,4,0,0,4.234388793,0,0,0,0,0,0.431090532,6.25,32,2,0.058823529,8.09065e-08,346775.5,189076.0912,275.4480524,111.8098069,5.05666e-09,130545.5,30072.5,172.3716196,35.31323785,9.23093e-06,47030.08231,47073.11308,82.87749524,30.08061469,29701.76649,30687.40284,64.11864768,20.13500529,5.99214e-07,0.433699974,0.028056402,0.434131361,0.080422922,0.430726369,0.041182858,0.064626526,-0.084090367,1.12716e-05,0.569273631,3651,237,382634.1207,123005.931,0.304252429,131127,0.314572982,6.74221274,30.78891712,0.22988476,6.74221274,30.78891712,0.22988476,0.440443624,44068.60526,0.440443624,44068.60526,0.66929523,194501,0.66929523,194501,0.407219109,20434.20833,0.407219109,20434.20833,0.497399936,84584.71429,0.497399936,84584.71429,0,0,0,0,0,0,0,0,0,0,0,0,0,0,0,0,0,0,0,0,0,0,0,0,0,0,0,0,0,0,0,0,0,0,0,0,0,0,0,0,0,0,0,0,0,0,0,0,0,0,0,0,0,0,0,0,0,0,0,0,0,0,0,0,0,0,0,0,0,0,0,0,0,0,0,0,0,0,0,0,0,0,0,0,0,0,0,0,0,0,0,0,0,0,0,0
"XH23-24126 1",0,0,"12/4/2023",0,0," ",0,0,0," ",0,0,0," ",0,0,0,0,0,0,0,0,0,0,0,0,0,0,0,0,0,0,0,0,0,0,0,0,0,0,0,0," ",0,0,0,0," ",0,0,0,0,0,0,0,0,0," ",0,0," ",0,0,0," ",0,0,0,0,0,1,65,1,0,155,93,38.7096774193548,0,0,"Stroke (unspecified)",1,2.9,17.42382153,0,1.37,83,0,0,0,1,2,2,5,4,0,0,83.32773607,1,1,1,1,0,0.037309453,11.1111111111111,19,1,0.05,1.04634e-07,440136.4211,290545.6038,290.9619261,101.2690512,5.50705e-09,31035,0,70.80254233,0,8.61853e-06,79918.12748,160245.7458,91.78489075,47.13179431,27058.50339,32005.9064,63.81585455,32.67786066,2.91873e-07,0.552679182,0.046053179,0.688776538,0.032767978,0.264366707,0.017886615,0.066862293,-0.70156986,9.07556e-06,0.735633293,1565,53,463345.8056,99080.11111,0.210054113,113789.0667,0.230666898,6.615542804,21.21966223,0.305204185,6.615542804,21.21966223,0.305204185,0.495057983,104013.5,0.495057983,104013.5,0.27004885,498092.5,0.27004885,498092.5,0.46445765,23192.5,0.46445765,23192.5,0.501858057,121973.7222,0.501858057,121973.7222,0,0,0,0,0,0,0,0,0,0,0,0,0,0,0,0,0,0,0,0,0,0,0,0,0,0,0,0,0,0,0,0,0,0,0,0,0,0,0,0,0,0,0,0,0,0,0,0,0,0,0,0,0,0,0,0,0,0,0,0,0,0,0,0,0,0,0,0,0,0,0,0,0,0,0,0,0,0,0,0,0,0,0,0,0,0,0,0,0,0,0,0,0,0,0,0
"XH23-24126 2",0,0,"12/4/2023",0,0," ",0,0,0," ",0,0,0," ",0,0,0,0,0,0,0,0,0,0,0,0,0,0,0,0,0,0,0,0,0,0,0,0,0,0,0,0," ",0,0,0,0," ",0,0,0,0,0,0,0,0,0," ",0,0," ",0,0,0," ",0,0,0,0,0,1,65,1,0,155,93,38.7096774193548,0,0,"Stroke (unspecified)",1,2.9,17.42382153,0,1.37,83,0,0,0,2,1,2,5,7,0,0,23.028,1,1,0,0,23.028,6.987012643,21.7391304347826,36,10,0.217391304,1.47507e-07,486974.1944,266873.0324,332.8313945,118.6340618,4.09741e-08,143747.2,43302.6151,187.5361636,31.73148842,1.03378e-05,48607.96651,63941.1605,80.14919851,42.38727506,21812.99871,28353.424,58.30044753,29.06792762,5.16274e-07,0.514415014,0.071832005,0.502497889,0.061445742,0.349190469,0.030130499,0.142949864,-0.319981865,1.14347e-05,0.650809531,2523,126,510515.2059,128314.2353,0.265944488,135340.6563,0.267635996,6.433991032,26.88989991,0.262247664,6.433991032,26.88989991,0.262247664,0.44242296,66239.23913,0.44242296,66239.23913,0.586062208,487442.5,0.586062208,487442.5,0.392693299,17310.85,0.392693299,17310.85,0.480676545,103876.4615,0.480676545,103876.4615,0,0,0,0,0,0,0,0,0,0,0,0,0,0,0,0,0,0,0,0,0,0,0,0,0,0,0,0,0,0,0,0,0,0,0,0,0,0,0,0,0,0,0,0,0,0,0,0,0,0,0,0,0,0,0,0,0,0,0,0,0,0,0,0,0,0,0,0,0,0,0,0,0,0,0,0,0,0,0,0,0,0,0,0,0,0,0,0,0,0,0,0,0,0,0,0
"XH23-24396 1",0,0,"12/6/2023",0,0," ",0,0,0," ",0,0,0," ",0,0,0,0,0,0,0,0,0,0,0,0,0,0,0,0,0,0,0,0,0,0,0,0,0,0,0,0," ",0,0,0,0," ",0,0,0,0,0,0,0,0,0," ",0,0," ",0,0,0," ",0,0,0,0,0,1,66,1,0,157,97,39.3525092295833,1,0,"Stroke (unspecified)",1,0.63,97.77546975,0,1.29,78,0,0,0,0,2,2,4,5,0,0,43.54204037,1,1,1,1,43.54204037,1.751624386,0,13,0,0,7.67352e-08,491810.3462,242790.0581,332.4253149,117.6475603,0,0,0,0,0,9.85162e-06,36670.82834,39167.93733,66.72455768,24.26245732,22639.47619,21302.56912,55.96525647,16.60512585,2.24303e-07,0.418783874,0.037739186,0.361267237,0.042577491,0.377113578,0.006780135,0.104463352,0.12917568,1.05633e-05,0.622886422,1669,38,530528.625,229018.3333,0.419007721,237534.8182,0.412183021,7.18480663,35.86368334,0.140591226,7.18480663,35.86368334,0.140591226,0.416911891,40282.66667,0.416911891,40282.66667,0.525225731,48856,0.525225731,48856,0.339395525,23580.5,0.339395525,23580.5,0.455670075,48633.75,0.455670075,48633.75,0,0,0,0,0,0,0,0,0,0,0,0,0,0,0,0,0,0,0,0,0,0,0,0,0,0,0,0,0,0,0,0,0,0,0,0,0,0,0,0,0,0,0,0,0,0,0,0,0,0,0,0,0,0,0,0,0,0,0,0,0,0,0,0,0,0,0,0,0,0,0,0,0,0,0,0,0,0,0,0,0,0,0,0,0,0,0,0,0,0,0,0,0,0,0,0
"XH23-24396 2",0,0,"12/6/2023",0,0," ",0,0,0," ",0,0,0," ",0,0,0,0,0,0,0,0,0,0,0,0,0,0,0,0,0,0,0,0,0,0,0,0,0,0,0,0," ",0,0,0,0," ",0,0,0,0,0,0,0,0,0," ",0,0," ",0,0,0," ",0,0,0,0,0,1,66,1,0,157,97,39.3525092295833,1,0,"Stroke (unspecified)",1,0.63,97.77546975,0,1.29,78,0,0,0,1,2,2,5,4,0,0,45.7686,1,1,1,1,45.7686,0.822620691,4.16666666666667,48,2,0.04,1.23821e-07,453254.2396,210016.0239,323.4776311,92.91300407,5.15919e-09,121898.25,116.75,166.5982465,15.34680019,9.75861e-06,47653.37576,48048.05212,80.7619248,28.82967939,32462.77564,38891.67046,60.71927991,17.61234477,2.08947e-07,0.313765515,0.056122223,0.465030851,0.017881879,0.484119173,0.044393346,0.120684946,0.105891374,1.01449e-05,0.515880827,3783,81,462860.5319,242325.8723,0.523919327,246303.6522,0.520791418,7.755203018,43.40812967,0.128587828,7.755203018,43.40812967,0.128587828,0.305127661,90323.36667,0.305127661,90323.36667,0.574607213,403132,0.574607213,403132,0.264105589,21528.95,0.264105589,21528.95,0.387171804,227912.2,0.387171804,227912.2,0,0,0,0,0,0,0,0,0,0,0,0,0,0,0,0,0,0,0,0,0,0,0,0,0,0,0,0,0,0,0,0,0,0,0,0,0,0,0,0,0,0,0,0,0,0,0,0,0,0,0,0,0,0,0,0,0,0,0,0,0,0,0,0,0,0,0,0,0,0,0,0,0,0,0,0,0,0,0,0,0,0,0,0,0,0,0,0,0,0,0,0,0,0,0,0
"XH24-11187 1",0,0,"5/27/2024",0,0," ",0,0,0," ",0,0,0," ",0,0,0,0,0,0,0,0,0,0,0,0,0,0,0,0,0,0,0,0,0,0,0,0,0,0,0,0," ",0,0,0,0," ",0,0,0,0,0,0,0,0,0," ",0,0," ",0,0,0," ",0,0,0,0,0,1,75,0,0,165,68,24.9770431588613,1,1,"Stroke (unspecified)",1,0.93,85.62966563,0,2.13,100,1,0,0,2,1,2,5,4,0,0,23.63302403,1,1,0,0,23.63302403,4.299999028,27.2727272727273,24,5,0.172413793,1.03872e-07,408128.4167,449154.5927,253.237504,186.4336788,2.16399e-08,165998.3,86614.51208,191.3964813,53.41523152,9.23592e-06,50438.92549,61099.16519,81.16075292,31.57768336,32512.76362,30185.07515,65.73561842,18.41221136,3.41911e-07,0.391896128,0.042392985,0.465850066,0.022167039,0.368095889,0.014522466,0.09100135,-0.304139735,9.97538e-06,0.631904111,2134,79,575656.6765,208648.5882,0.44464735,240439.1538,0.512603777,8.805906147,45.42582017,0.172704817,8.805906147,45.42582017,0.172704817,0.418484356,70297.35714,0.418484356,70297.35714,0.671573794,350787,0.671573794,350787,0.366980446,16260.86364,0.40367849,16260.86364,0.475138656,129737.5,0.475138656,129737.5,0,0,0,0,0,0,0,0,0,0,0,0,0,0,0,0,0,0,0,0,0,0,0,0,0,0,0,0,0,0,0,0,0,0,0,0,0,0,0,0,0,0,0,0,0,0,0,0,0,0,0,0,0,0,0,0,0,0,0,0,0,0,0,0,0,0,0,0,0,0,0,0,0,0,0,0,0,0,0,0,0,0,0,0,0,0,0,0,0,0,0,0,0,0,0,0
"XH24-11187 2",0,0,"5/27/2024",0,0," ",0,0,0," ",0,0,0," ",0,0,0,0,0,0,0,0,0,0,0,0,0,0,0,0,0,0,0,0,0,0,0,0,0,0,0,0," ",0,0,0,0," ",0,0,0,0,0,0,0,0,0," ",0,0," ",0,0,0," ",0,0,0,0,0,1,75,0,0,165,68,24.9770431588613,1,1,"Stroke (unspecified)",1,0.93,85.62966563,0,2.13,100,1,0,0,2,2,2,6,4,0,0,40.32,1,1,1,1,40.32,2.672782354,26.6666666666667,50,15,0.230769231,1.17576e-07,389199.6,219382.1627,290.5217246,100.2262818,3.52727e-08,107278.5333,69197.5554,146.044017,62.27957205,9.81758e-06,51647.01269,51961.48896,87.70166806,36.00022531,0,0,0,0,3.4097e-07,0.397159828,0.045760438,0.507048465,0.027206841,0,0,0.090248648,-0.090320983,9.97042e-06,0,4175,145,405392.3958,155197.2708,0.38810886,167101.3636,0.40812494,7.514429069,43.69535998,0.176218576,7.514429069,43.69535998,0.176218576,0.491552598,109847.8333,0.491552598,109847.8333,0.672735564,329933.5,0.672735564,329933.5,0.395333828,18743,0.395333828,18743,0.539661983,155400.25,0.539661983,155400.25,0,0,0,0,0,0,0,0,0,0,0,0,0,0,0,0,0,0,0,0,0,0,0,0,0,0,0,0,0,0,0,0,0,0,0,0,0,0,0,0,0,0,0,0,0,0,0,0,0,0,0,0,0,0,0,0,0,0,0,0,0,0,0,0,0,0,0,0,0,0,0,0,0,0,0,0,0,0,0,0,0,0,0,0,0,0,0,0,0,0,0,0,0,0,0,0
"XH24-15014 1",0,0,"7/13/2024",0,0," ",0,0,0," ",0,0,0," ",0,0,0,0,0,0,0,0,0,0,0,0,0,0,0,0,0,0,0,0,0,0,0,0,0,0,0,0," ",0,0,0,0," ",0,0,0,0,0,0,0,0,0," ",0,0," ",0,0,0," ",0,0,0,0,0,1,63,0,0,160,70,27.34375,1,1,"Stroke (unspecified)",1,0.7,103.5348351,0,1.7,95,1,0,0,1,2,2,5,4,0,0,36.9651,1,1,1,1,36.9651,1.299007338,8.57142857142857,66,5,0.070422535,1.38245e-07,383290.4924,208880.8225,293.2038658,111.9540992,1.04731e-08,113786.2,75601.30023,138.7153483,69.27519134,1.38413e-05,39892.27656,37142.9304,78.4906846,27.8191685,21326.21779,18469.12368,55.11026036,14.38866937,1.44529e-07,0.407368803,0.05298813,0.552160671,0.023505155,0.37759515,0.006777085,0.095965057,-0.054455345,1.48918e-05,0.62240485,6608,69,413223.7213,175681.7377,0.43817774,188212.6964,0.432506089,7.924944861,36.94130987,0.170490613,7.924944861,36.94130987,0.170490613,0.410870382,149728.8333,0.410870382,149728.8333,0.631242055,933674.5,0.631242055,933674.5,0.345185065,13955.08333,0.345185065,13955.08333,0.542241017,421276.3333,0.542241017,421276.3333,0,0,0,0,0,0,0,0,0,0,0,0,0,0,0,0,0,0,0,0,0,0,0,0,0,0,0,0,0,0,0,0,0,0,0,0,0,0,0,0,0,0,0,0,0,0,0,0,0,0,0,0,0,0,0,0,0,0,0,0,0,0,0,0,0,0,0,0,0,0,0,0,0,0,0,0,0,0,0,0,0,0,0,0,0,0,0,0,0,0,0,0,0,0,0,0
"XH24-15014 2",0,0,"7/13/2024",0,0," ",0,0,0," ",0,0,0," ",0,0,0,0,0,0,0,0,0,0,0,0,0,0,0,0,0,0,0,0,0,0,0,0,0,0,0,0," ",0,0,0,0," ",0,0,0,0,0,0,0,0,0," ",0,0," ",0,0,0," ",0,0,0,0,0,1,63,0,0,160,70,27.34375,1,1,"Stroke (unspecified)",1,0.7,103.5348351,0,1.7,95,1,0,0,1,2,2,5,4,0,0,46.51,1,1,1,1,46.51,1.114857138,5,75,4,0.050632911,1.51141e-07,508580.3067,222106.8625,342.9258313,91.21100575,8.06085e-09,144035,70757.51379,163.388093,55.63120594,9.45941e-06,57278.70196,53392.84473,91.33129353,33.34653973,15599.5874,15949.58668,54.09174826,17.34873455,2.13613e-07,0.44710931,0.076867313,0.541822644,0.023905238,0.247910447,0.016006626,0.141868034,-0.409169554,1.14125e-05,0.752089553,4694,106,514547.4662,231580.1216,0.451510057,234407.4932,0.446501159,7.82559534,42.85329834,0.169008299,7.82559534,42.85329834,0.169008299,0.396381042,183102.5227,0.396381042,183102.5227,0.675484532,1838172,0.675484532,1838172,0.346384222,20833.95455,0.346384222,20833.95455,0.446377862,345371.0909,0.446377862,345371.0909,0,0,0,0,0,0,0,0,0,0,0,0,0,0,0,0,0,0,0,0,0,0,0,0,0,0,0,0,0,0,0,0,0,0,0,0,0,0,0,0,0,0,0,0,0,0,0,0,0,0,0,0,0,0,0,0,0,0,0,0,0,0,0,0,0,0,0,0,0,0,0,0,0,0,0,0,0,0,0,0,0,0,0,0,0,0,0,0,0,0,0,0,0,0,0,0
"XH24-16739 1",0,0,"8/7/2024",0,0," ",0,0,0," ",0,0,0," ",0,0,0,0,0,0,0,0,0,0,0,0,0,0,0,0,0,0,0,0,0,0,0,0,0,0,0,0," ",0,0,0,0," ",0,0,0,0,0,0,0,0,0," ",0,0," ",0,0,0," ",0,0,0,0,0,1,78,1,0,160,60,23.4375,0,0,"Stroke (unspecified)",1,0.3,108.5107262,0,1.47,88,1,0,0,1,2,2,5,5,0,0,39.55622037,1,1,1,1,39.55622037,1.339789004,4,48,2,0.04,1.77133e-07,355257.25,204909.5325,281.641035,89.33279472,7.38054e-09,63865,10229,133.5702908,9.485642295,1.00043e-05,50026.71265,53139.23517,87.30316467,27.14024818,0,0,0,0,2.98912e-07,0.310455046,0.062927761,0.500483285,0.048116027,0,0,0.125733992,-0.491143025,1.01888e-05,0,2711,81,375852.5222,197981.7111,0.554973304,202228.0909,0.563400131,8.980389019,43.60570989,0.157760492,8.980389019,43.60570989,0.157760492,0.334992105,45589.85714,0.334992105,45589.85714,0.540762828,214968,0.540762828,214968,0.302190345,16014.65,0.33576705,16014.65,0.416996505,119527.875,0.416996505,119527.875,0,0,0,0,0,0,0,0,0,0,0,0,0,0,0,0,0,0,0,0,0,0,0,0,0,0,0,0,0,0,0,0,0,0,0,0,0,0,0,0,0,0,0,0,0,0,0,0,0,0,0,0,0,0,0,0,0,0,0,0,0,0,0,0,0,0,0,0,0,0,0,0,0,0,0,0,0,0,0,0,0,0,0,0,0,0,0,0,0,0,0,0,0,0,0,0
"XH24-17428 1",0,0,"8/20/2024",0,0," ",0,0,0," ",0,0,0," ",0,0,0,0,0,0,0,0,0,0,0,0,0,0,0,0,0,0,0,0,0,0,0,0,0,0,0,0," ",0,0,0,0," ",0,0,0,0,0,0,0,0,0," ",0,0," ",0,0,0," ",0,0,0,0,0,1,70,0,0,170,72,24.9134948096886,1,0,"Stroke (unspecified)",1,1.26,61.35700752,0,1.54,91,1,0,0,1,2,2,5,5,0,0,46.3712,1,1,1,1,46.3712,2.452916735,18.1818181818182,80,18,0.183673469,1.19255e-07,448357.1,306430.4269,300.5472422,147.1294674,2.68325e-08,221172.6389,152229.2964,210.7920865,90.1987105,9.32876e-06,53854.63391,55681.91542,89.31251995,36.36440975,20031.3,20212.32541,52.64108459,23.42255778,2.02734e-07,0.453438503,0.053469028,0.502396829,0.026374402,0.126150069,0,0.106427878,0.084089334,9.46734e-06,0.873849931,6258,136,490780.5616,184412.3014,0.383375113,196154.6324,0.364960325,7.946365751,30.16468233,0.29357448,7.946365751,30.16468233,0.29357448,0.507323241,139262.7885,0.507323241,139262.7885,0.416220179,959826,0.416220179,959826,0.424036011,20384.17857,0.424036011,20384.17857,0.604491675,277954.5,0.604491675,277954.5,0,0,0,0,0,0,0,0,0,0,0,0,0,0,0,0,0,0,0,0,0,0,0,0,0,0,0,0,0,0,0,0,0,0,0,0,0,0,0,0,0,0,0,0,0,0,0,0,0,0,0,0,0,0,0,0,0,0,0,0,0,0,0,0,0,0,0,0,0,0,0,0,0,0,0,0,0,0,0,0,0,0,0,0,0,0,0,0,0,0,0,0,0,0,0,0
"XH24-17428 2",0,0,"8/20/2024",0,0," ",0,0,0," ",0,0,0," ",0,0,0,0,0,0,0,0,0,0,0,0,0,0,0,0,0,0,0,0,0,0,0,0,0,0,0,0," ",0,0,0,0," ",0,0,0,0,0,0,0,0,0," ",0,0," ",0,0,0," ",0,0,0,0,0,1,70,0,0,170,72,24.9134948096886,1,0,"Stroke (unspecified)",1,1.26,61.35700752,0,1.54,91,1,0,0,1,3,2,6,4,0,0,89.48795835,1,1,1,1,0,1.973669824,12.8205128205128,73,11,0.130952381,1.0515e-07,567952.2534,319313.386,352.1262314,140.2750992,1.58445e-08,157710.0909,109278.7164,182.7419283,78.9080386,1.02312e-05,49019.17563,50773.59745,88.43693176,35.25096433,65443.5,0,99.32774033,0,2.67916e-07,0.477061427,0.059720024,0.501525598,0.017852946,0.373590334,0,0.119076722,0.169612543,1.0351e-05,0.626409666,7103,186,618042.6866,226026.2388,0.357933418,229262.3788,0.362228949,7.588431406,29.82226837,0.308498024,7.588431406,29.82226837,0.308498024,0.511088444,103465.1333,0.511088444,103465.1333,0.412320775,1164719,0.412320775,1164719,0.459567989,19188.64706,0.459567989,19188.64706,0.578461348,213672.8462,0.578461348,213672.8462,0,0,0,0,0,0,0,0,0,0,0,0,0,0,0,0,0,0,0,0,0,0,0,0,0,0,0,0,0,0,0,0,0,0,0,0,0,0,0,0,0,0,0,0,0,0,0,0,0,0,0,0,0,0,0,0,0,0,0,0,0,0,0,0,0,0,0,0,0,0,0,0,0,0,0,0,0,0,0,0,0,0,0,0,0,0,0,0,0,0,0,0,0,0,0,0
"XH24-18297 2",0,0,"8/30/2024",0,0," ",0,0,0," ",0,0,0," ",0,0,0,0,0,0,0,0,0,0,0,0,0,0,0,0,0,0,0,0,0,0,0,0,0,0,0,0," ",0,0,0,0," ",0,0,0,0,0,0,0,0,0," ",0,0," ",0,0,0," ",0,0,0,0,0,1,81,1,0,153,80,34.1748899995728,1,0,"Stroke (unspecified)",1,0.7,86.83348712,0,1.7,95,1,0,0,2,1,0,3,5,0,0,12.9576,0,0,0,0,12.9576,0.24547188,46.1538461538462,14,12,0.461538462,1.07165e-07,322689.1071,165579.712,272.5965688,104.101101,9.18558e-08,62320.54167,28217.90874,112.8385378,36.71690424,1.28828e-05,46887.8366,73150.37314,73.79377719,28.11253199,24654.91312,35320.4573,54.43537063,19.06911447,6.12372e-07,0.491890043,0.034581014,0.604045563,0.028585785,0.279736461,0.016938318,0.057249016,-0.120327897,1.1753e-05,0.720263539,1683,80,347483.6154,125796.1538,0.353067878,133755.6667,0.353503446,7.537260106,29.94448445,0.225738455,7.537260106,29.94448445,0.225738455,0.456865052,41242.5,0.456865052,41242.5,0.567287498,89214,0.567287498,89214,0.402563183,6925.333333,0.402563183,6925.333333,0.497591454,66980.375,0.497591454,66980.375,0,0,0,0,0,0,0,0,0,0,0,0,0,0,0,0,0,0,0,0,0,0,0,0,0,0,0,0,0,0,0,0,0,0,0,0,0,0,0,0,0,0,0,0,0,0,0,0,0,0,0,0,0,0,0,0,0,0,0,0,0,0,0,0,0,0,0,0,0,0,0,0,0,0,0,0,0,0,0,0,0,0,0,0,0,0,0,0,0,0,0,0,0,0,0,0
"XH24-18298 1",0,0,"8/31/2024",0,0," ",0,0,0," ",0,0,0," ",0,0,0,0,0,0,0,0,0,0,0,0,0,0,0,0,0,0,0,0,0,0,0,0,0,0,0,0," ",0,0,0,0," ",0,0,0,0,0,0,0,0,0," ",0,0," ",0,0,0," ",0,0,0,0,0,0,36,1,0,165,90,33.0578512396694,0,0,"Stroke (unspecified)",1,1.47,47.15952585,0,0.9,39,0,0,0,1,3,2,6,5,0,0,59.2871,1,1,1,1,59.2871,3.112132341,5.55555555555556,70,4,0.054054054,1.87648e-07,338813.8857,155403.5518,278.3040083,83.77354928,1.07227e-08,129686.75,19058.34587,178.0461079,13.58614941,1.35938e-05,37802.6195,35020.50777,73.84253321,27.95540561,0,0,0,0,4.93246e-07,0.274172439,0.063577754,0.513879679,0.024401394,0,0,0.123721089,-0.163177246,1.37921e-05,0,5071,184,348770.0294,113032.1912,0.314883145,117110.7692,0.315123096,6.798296709,30.03821074,0.211853787,6.798296709,30.03821074,0.211853787,0.380627226,81422.65217,0.380627226,81422.65217,0.480033509,421739,0.480033509,421739,0.389040598,15151.31818,0.389040598,15151.31818,0.372914969,142171.375,0.372914969,142171.375,0,0,0,0,0,0,0,0,0,0,0,0,0,0,0,0,0,0,0,0,0,0,0,0,0,0,0,0,0,0,0,0,0,0,0,0,0,0,0,0,0,0,0,0,0,0,0,0,0,0,0,0,0,0,0,0,0,0,0,0,0,0,0,0,0,0,0,0,0,0,0,0,0,0,0,0,0,0,0,0,0,0,0,0,0,0,0,0,0,0,0,0,0,0,0,0
"XH24-18298 2",0,0,"8/31/2024",0,0," ",0,0,0," ",0,0,0," ",0,0,0,0,0,0,0,0,0,0,0,0,0,0,0,0,0,0,0,0,0,0,0,0,0,0,0,0," ",0,0,0,0," ",0,0,0,0,0,0,0,0,0," ",0,0," ",0,0,0," ",0,0,0,0,0,0,36,1,0,165,90,33.0578512396694,0,0,"Stroke (unspecified)",1,1.47,47.15952585,0,0.9,39,0,0,0,1,2,2,5,5,0,0,35.01877906,1,1,1,1,35.01877906,3.048577495,3.77358490566038,102,4,0.037735849,1.85969e-07,335880.1373,159107.8622,283.6629178,82.46238625,7.2929e-09,139152.875,59806.1537,172.3139831,28.03375183,1.15447e-05,43838.30425,45934.8327,75.75162877,30.47244272,16766.76314,19765.00781,51.44024518,18.59627691,3.93817e-07,0.328008949,0.062463294,0.50609849,0.0402283,0.368818095,0.023328856,0.123421222,-0.319028952,1.26519e-05,0.631181905,6332,216,339203.3317,131152.6535,0.397652135,134632.1596,0.387594191,7.213986403,30.53429939,0.193389669,7.213986403,30.53429939,0.193389669,0.265609823,394957.6563,0.265609823,394957.6563,0.578491195,5454383,0.578491195,5454383,0.157736491,20228.5,0.157736491,20228.5,0.3015676,519867.375,0.3015676,519867.375,0,0,0,0,0,0,0,0,0,0,0,0,0,0,0,0,0,0,0,0,0,0,0,0,0,0,0,0,0,0,0,0,0,0,0,0,0,0,0,0,0,0,0,0,0,0,0,0,0,0,0,0,0,0,0,0,0,0,0,0,0,0,0,0,0,0,0,0,0,0,0,0,0,0,0,0,0,0,0,0,0,0,0,0,0,0,0,0,0,0,0,0,0,0,0,0
