"Slide_number","Allocated_Discarded","Number_of_Sections_Per_Slide","Transplant_date_OR_Harvest_date","Recipient_code","RECIPIENT_DATA","Recipient_birth_date","Recipient_Sex","Recipient_Race","Recipient_age_at_transplantation_date","Country_of_birth","Recipient_weight_Kg","Recipient_height_cm","Recipient_BMI_Kgm2","Recipient_CKD_ethiology","CKD_etiology_code","Pre_transplant_Renal_Replacement_Therapy","Pretransplant_time_on_Renal_Replacement_Therapy_months","Recipient_previous_kidney_transplant","Imunossupression_code","Antibody_induction_therapy","Cr1M","eGFR_CKD_EPI_1M","Cr3M","eGFR_CKD_EPI_3M","Cr6M","eGFR_CKD_EPI_6M","Cr12M","eGFR_CKD_EPI_12M","Cr3years","eGFR_CKD_EPI_3years","eGFR_Variation_1Y_3Y_total","eGFR_less30_OR_Dialysis__3Y","eGFR_less_30_dialysis_Decline_sup_5ml__3Y","Cr5years","eGFR_CKD_EPI_5years","eGFR_Variation_1Y_5Y_total","eGFR_less30_OR_Dialysis__5Y","eGFR_less_30_dialysis_Decline_sup_5ml__5Y","Cr10years","eGFRMDRD_10years","Cr_at_last_Followup","eGFR_CKD_EPI_last_follow_up","Last_follow_up_date","Follow_up_time_Months","eGFR_12M_ABOVE_50_CKD_EPI","eGFR_12M_ABOVE_55_CKD_EPI","eGFR_12M_ABOVE_60_CKD_EPI","Transplant_admission_discharge_date","Blood_units_needed_during_admission","HLA_A_mismatches","HLA_B_mismatches","HLA_DR_mismatches","Total_HLA_mismatches","PRA_Panel_Reactive_Antibodies","Cold_Ischemia_hours","Delayed_Graft_Function","Graft_loss_Returned_to_Dialysis","Return_to_dialysis_date","Graft_loss","Graft_loss_code","Graft_loss_date","Graft_loss_death_censored","Death_With_a_Functioning_Graft","Death","Death_date","Cause_of_death","FollowUp_Status","Biopsy_type_Allocation_0_Preimplantation_1","DONOR_VARIABLES","Kidney_used","Expanded_criteria_donor","Donor_age","Donor_Sex_0_Male_1_Female","Donor_race","Donor_height","Donor_weight_Kg","Donor_BMI","Donor_Hypertension_History","Donor_Diabetes_History","Donor_cause_of_death","Donor_cause_of_death_code","Donor_final_creatinine","Donor_eGFR_CKD_EPI_final_creatinine","Donation_after_Cardiac_Death_donor","KDRI_2024","KDPI_2024","KDPI_SUP_85_2024","Donor_HCV_Status","REMUZZI_CALCULATIONS","Glomerular_GT1","Vascular_GT1","IFTA_GT1","REMUZZI_GT1","REMUZZI_OnCall_RP","AI_FEATURES","COMPUTATIONAL_MORPHOMETRIC","Fibrointimal_thickening_AI_All_Estimations","Fibro15","Fibro20","Fibro25","Fibro25_human","Fibrointimal_thickening__AI_After_Human_Revision","IFTA_AI_PERCENTAGE","Glomerulosclerosis_PERCENTAGE_AI_PLUS_HUMAN_GT","Glomerulus_count","sGlomerulus_count","Glomerulosclerosis_ratio","Glomerular_density_count","Average_glomerular_area_","Std_glomerular_area","Average_glomerular_radius","Std_glomerular_radius","Glomerulosclerosis_density_count","Average_sclglomerular_area","Std_sclglomerular_area","Average_sclglomerular_radius","Std_sclglomerular_radius","Cortical_tubular_density","Averag_cortical_tubular_area","Std_cortical_tubular_area","Average_cortical_tubular_radius","Std_cortical_tubular_radius","Average_medullary_tubular_area","Std_medullary_tubular_area","Average_medullary_tubular_radius","Std_medullary_tubular_radius","Cortical_arterialolar_density","Average_lumen_to_wall_ratio","Cortical_glomerular_density_area","Cortical_tubular_density_area","Cortical_artery_density_area","Medullary_tubular_density_area","Medullary_arteriole_density_area","Gloms_cortex_tubules_ratio_","Cortical_interstitial_density","Total_nephron_density_count","Medullary_interstitial_density","Cortical_tubule_count","Cortical_artery_arteriole_count","Glom_Area","Glomerular_Mesangial_Area","Glomerular_Mesangial_Fraction","Glomerular_Mesangial_Area_Reviewed_MF01","Glomerular_Mesangial_Fraction_Reviewed_MF01","Average_TBM_Thickness_TF_Cortical","Average_Cell_Thickness_TF_Cortical","Luminal_Fraction_TF_Cortical","TUBULAR_Average_TBM_Thickness_TF_CT_Rev","TUBULAR_Average_Cell_Thickness_TF_CT_Rev","TUBULAR_Luminal_Fraction_TF_Rev","VASCULAR_Luminal_ratio_V_Mean","VASCULAR_Arterial_Area_V_Mean","VASCULAR_Luminal_ratio_Mean_Rev","VASCULAR_Arterial_Area_Mean_Rev","VASCULAR_Luminal_ratio_V_ARTERY_Max_AREA","VASCULAR_Arterial_Area_V_ARTERY_Max_AREA","VASCULAR_Luminal_ratio_V_MaxAr_Rev","VASCULAR_Arterial_Area_V_MaxAr_Rev","VASCULAR_Luminal_ratio_V_INF35000_ARTERIOLAR","VASCULAR_Arterial_Area_V_INF35000_ARTERIOLAR","VASCULAR_Luminal_ratio_V_INF35_Rev","VASCULAR_Arterial_Area_V_INF35_Rev","VASCULAR_Luminal_ratio_V_SUP35000_ARTERY_MEAN","VASCULAR_Arterial_Area_V_SUP35000_ARTERY_MEAN","VASCULAR_Luminal_ratio_V_SUP35_Rev","VASCULAR_Arterial_Area_V_SUP35_Rev","G_cluster6_feat3","G_cluster1_feat18","G_cluster1_feat61","G_cluster6_feat13","G_cluster1_feat12","G_cluster6_feat22","G_cluster6_feat61","G_cluster6_feat26","G_cluster7_feat14","G_cluster6_feat23","G_cluster6_feat48","G_cluster6_feat71","G_cluster6_feat60","G_cluster1_feat67","G_cluster6_feat10","G_cluster6_feat16","G_cluster7_feat60","G_cluster1_feat52","G_cluster7_feat17","G_cluster1_feat15","G_cluster1_feat13","G_cluster1_feat10","G_cluster1_feat72","G_cluster6_feat65","G_cluster6_feat24","G_cluster1_feat60","G_cluster1_feat54","G_cluster6_feat25","G_cluster1_feat16","G_cluster6_feat70","G_cluster8_feat16","G_cluster1_feat69","G_cluster5_feat27","G_cluster6_feat57","G_cluster2_feat70","G_cluster1_feat77","G_cluster1_feat26","G_cluster1_feat11","G_cluster6_feat4","G_cluster7_feat18","G_cluster2_feat51","V_cluster5_feat77","V_cluster5_feat57","G_cluster6_feat20","G_cluster1_feat49","G_cluster5_feat58","G_cluster8_feat71","G_cluster1_feat5","G_cluster6_feat51","G_cluster6_feat76","G_cluster1_feat74","G_cluster7_feat76","G_cluster2_feat7","G_cluster1_feat76","G_cluster8_feat54","G_cluster5_feat10","G_cluster2_feat14","G_cluster7_feat58","G_cluster6_feat14","G_cluster8_feat60","V_cluster5_feat60","G_cluster5_feat55","V_cluster5_feat55","G_cluster5_feat11","V_cluster5_feat66","G_cluster6_feat7","G_cluster3_feat22","G_cluster3_feat6","G_cluster3_feat24","G_cluster5_feat76","G_cluster3_feat20","V_cluster6_feat64","V_cluster6_feat60","G_cluster1_feat23","G_cluster5_feat77","V_cluster4_feat1","V_cluster4_feat2","V_cluster4_feat3","V_cluster4_feat6","V_cluster4_feat9","V_cluster4_feat10","V_cluster4_feat11","V_cluster4_feat12","V_cluster1_feat13","G_cluster5_feat61","V_cluster6_feat57","V_cluster7_feat27","V_cluster1_feat64","V_cluster2_feat73","V_cluster5_feat14","V_cluster5_feat65","V_cluster6_feat65","G_cluster1_feat14","G_cluster7_feat47","G_cluster7_feat11"
"H11-02415 - 1",1,3,"2/23/2011",19507187,0,"5/3/1946 0:00:00",0,0,64,"Portugal",69,172,23.3234180638183,"Undetermined",5,1,57,0,1,2,1.7,44.46068651,1.67,45.42083402,1.25,64.30175914,1.3,60.9651770751759,1.23,64.34661618,1.69071955241205,0,0,1.26,61.73979425,0.193654293706025,0,0,1.75,38.2928862265749,2.58,25.10768933,"9/23/2021 0:00:00",127,1,1,1,"3/4/2011 0:00:00",0,1,2,2,5,0,17,0,1,"9/23/2021",1,1,"9/23/2021 0:00:00",1,0,0," ",0,0,0,0,1,1,73,1,0,160,57,22.265625,1,0,"Stroke (hemorrhagic)",1,0.8,77.75081792,0,1.72,96,1,0,0,1,1,0,2,4,0,0,14.32538675,0,0,0,0,14.32538675,1.142312871,8.33333333333333,35,1,0.027777778,0,312955.3,126222.3563,276.0590913,71.78185892,0,55433.5,0,124.4869471,0,0,0,0,0,0,30299.66026,29608.45021,64.756991,24.93232118,0,0.812160342,0,0,0,0.236131273,0.015184189,0.120972941,8.012368386,1.91771e-05,0.763868727,2205,86,342797.5,44220,0.162880575,66199.13043,0.206535103,6.21702522,23.13592206,0.296422026,6.130906503,22.67927096,0.303273734,0.530753899,25054.97059,0.530753899,25054.97059,0.766721703,89698.5,0.766721703,89698.5,0.520590317,9381.75,0.520590317,9381.75,0.58727845,65333.625,0.555146495,62670.7,104195.97265625,11.5150390625,26833,6.52734337646151e-06,87440.64140625,4.07233077465688e-05,56591.6666666667,0.000260205787481043,2.84961928450913e-05,5.91250859222553e-05,0.790245271280975,727.650032959783,0.162048456881259,109.831919177605,0.385773003012781,3.58686037381912e-05,0.196088349008545,0.88130610682554,0.000157630814848038,2.28146905899048,2.19790955929449e-05,0.759350546131393,278.95354905281,2.83666267747636,13.7755576769511,0.249361462939209,1230.10141595924,0.000180895541605012,0.000111096978856416,1.16506785086545,5.20071197107166e-05,1247.82756057297,77.150390625,0.41889227453105,1.17591164628225,0.173700184225931,0.000686892379330476,2.28146904492265,7.28297882284329e-06,12.6331790924072,0.669224003229274,0.0325795773313971,0.412563424654216,13.7755577071798,0.904331227749002,0.112053209819596,694.37411305375,0.000248331867395892,0.869925962189117,44060.6666666667,137.305348372221,62639.8,3.06279447291866e-05,18574,1149.02774957128,0.00196267973545034,2.13067531490807e-05,0.113455443670923,4.54636025905692e-05,0.237305714679357,0.170632774472688,0.570109284561102,0.509993856868778,1.16042933513209,1.48191211557814,3.39569571679401e-05,0,0,0,387,0,0,0,0.00015835134780355,0.000613500336474022,0,0,0,0,0,0,0,0,0,1067,0,0,0,0,0.000226454147886991,2.63243616808164,0,8.00602030675271e-05,0.906426252359081,2.26193589297559
"H11-11431 - 1",1,2,"9/21/2011",19480101199,0,"1/19/1948 0:00:00",0,0,63,"Portugal",64,165,23.5078053259871,"Undetermined",5,1,31,0,2,2,1.84,40.68501589,1.85,40.42125594,2.01,36.59153334,2.1,34.5025914961238,2.27,31.03714935,-1.7327210730619,0,0,2.76,24.24487454,-2.56442923903095,1,1,0,0,2.12,32.69572448,"11/14/2018 0:00:00",86,0,0,0,"10/12/2011 0:00:00",0,1,1,1,3,0,13,0,0," ",1,6," ",0,1,1,"12/23/2018 0:00:00",1,1,0,0,1,1,72,1,0,160,80,31.25,0,0,"Head Thrauma",2,1,59.85686382,0,1.26,75,0,0,0,1,1,2,4,3,0,0,17.37183162,1,0,0,0,17.37183162,1.146927687,20,15,4,0.210526316,1.61077e-07,390234.5333,219671.5421,287.8569107,65.9737243,4.2954e-08,111636.875,27021.42211,166.2712459,27.87243762,2.34743e-05,31644.48262,29833.87892,69.86014019,24.35160951,18113.21884,16316.85969,54.06998065,16.51412213,5.79879e-07,0.659490065,0.062857953,0.742833419,0.039904707,0.231835883,0.016598525,0.084619178,-0.593507527,1.96315e-05,0.768164117,2186,54,314109.5,71867,0.211629664,89417.33333,0.210029125,4.577644178,19.71261298,0.292939524,4.531656058,19.36678384,0.294633852,0.582445203,91384.33333,0.582445203,91384.33333,0.864306517,1068357.5,0.864306517,1068357.5,0.534177865,15221.79167,0.534177865,15221.79167,0.678979877,243709.4167,0.678979877,243709.4167,135279.6875,11.3868240118027,46934.75,2.59831162491063e-06,101219.326660156,7.5334993965717e-06,310839.5,0.000100744311464267,1.761903301434e-05,1.44737937965991e-05,0.691369766007624,1551.48118025004,0.368290224970201,69.3894780082184,0.80966752379428,1.97824861374025e-05,0.175799429294309,0.811094231116439,0.000100811230539263,1.9823314845562,1.12805012013879e-05,0.471845275208088,414.939599230451,2.68942980099222,6.35155963897705,0.22055063292088,1340.40117259445,5.21832039558914e-05,6.22571994009517e-05,2.12836631533064,3.84438043865337e-05,1666.31314831953,0,0.578491098168868,0,0.147670819778406,0.000378510083469797,1.98233141733956,1.72132529625825e-06,10.3891496658325,0,0.40401746920784,0.700625673338641,6.35155961454078,0.897119033593213,0,693.058562201075,8.2506037953777e-05,0.706246242622108,173331.5,205.806548689943,81980,0,30449.5,1384.07519468856,0,0,0.114804211662693,7.05917784574128e-06,0.290367284782681,0.52539288498335,0,0.746703269159817,0,1.16137675300935,9.24181166102817e-06,0,0,0,0,0,0,0,8.04051985386482e-05,0,0,0,0,0,0,0,0,0,0,0,0,0,0,0,5.11732277936077e-05,2.43626293222369,0,7.78399276539889e-05,0.896565747829208,1.82402963464437
"H11-15201 - 2",1,3,"12/17/2011",19790699,0,"2/4/1952 0:00:00",0,0,59,"Portugal",62,170,21.4532871972318,"Undetermined",5,1,32,0,2,2,1.74,44.60266515,1.53,52.04633957,1.9,40.13429021,2,37.5044590274056,2.19,33.21880057,-2.1428292287028,0,0,1.98,37.02683933,-0.1194049243514,0,0,1.7,0,1.9,37.22025762,"3/21/2023 0:00:00",135,0,0,0,"1/2/2012 0:00:00",0,1,1,1,3,0,25,0,0," ",0,0," ",0,0,0," ",0,0,0,0,2,1,73,0,0,170,78,26.9896193771626,1,0,"Stroke (hemorrhagic)",1,1.1,70.88177417,0,1.5,90,1,0,0,1,2,2,5,3,0,0,39.0721,1,1,1,1,39.0721,1.008737699,11.1111111111111,48,4,0.076923077,4.87107e-07,240648.1979,128990.4761,233.4378838,95.16293181,4.05922e-08,92864.5,5630.905833,153.3609585,7.205303471,2.71055e-05,35447.27668,30452.56765,73.07009347,24.07436382,35400.36136,44707.45465,55.22824186,19.54214531,7.10364e-07,0.513588335,0.11722133,0.960814515,0.027558204,0.304369019,0.00230864,0.122002039,-0.128532407,1.64031e-05,0.695630981,2671,70,268955.5,59607,0.226112379,73088.85714,0.247114793,5.955322818,42.11099601,0,5.575215144,20.86946464,0.343435365,0.452868202,46665.75,0.452868202,46665.75,0.335861267,166547,0.335861267,166547,0.434483092,13165.625,0.434483092,13165.625,0.477381681,91332.58333,0.477381681,91332.58333,82566.169921875,10.9933561370486,41873.0476190476,7.57505479327114e-06,114419.191474551,4.44455592486607e-05,86965,0.000302449206658901,0,7.27731953644592e-05,0.760887029374251,701.153346239829,0.260975066801353,71.5027291350906,0.663906418116146,4.56386590122051e-05,0,0.832425383057436,0,2.01959235895248,0.000296196852101537,0.678810661699532,317.4729289558,2.95286706998989,14.4971730709076,0.269275680420969,1843.87238091881,0.000186023544600413,0.000779436458443619,1.13396276517793,4.49288230043816e-05,1252.49896338453,0,0.509370584589587,0,0.242273547979387,0.00259797585430476,2.01959234729979,6.42881899864815e-06,0,0,0.249360615842576,0.645913848062364,14.4971730114894,0.903730303438407,0,700.92780206269,0.00507168523014756,0.797598279826401,66035,157.758545660123,0,0,31705.4761904762,1296.64556936734,0,0,0,2.89765028830478e-05,0.280053214900087,0.474461830516013,0,0.699066671917993,0,1.49709313100408,3.11609162496548e-05,0,0,0,0,0,0,0,0.000954179964587508,0,0,0,0,0,0,0,0,0,0,0,0,0,0,0,5.90376230555513e-05,2.64657573376266,0,0.00116427126541661,0,0
"H12-05837 - 1",1,2,"5/5/2012",19758339,0,"7/24/1981 0:00:00",0,0,30,"Portugal",89,185,26.0043827611395,"Chronic glomerulonephritis (IgA)",2,1,61,0,1,2,1.57,60.43235868,1.4,69.34185974,1.6,59.07519295,1.8,50.9707605976482,1.48,63.66958905,6.3494142261759,0,0,1.74,51.78273588,0.202993820587949,0,0,1.89,0,2.16,38.06858897,"4/23/2024 0:00:00",144,1,0,0,"5/14/2012 0:00:00",0,1,0,2,3,0,15,0,0," ",0,0," ",0,0,0," ",0,0,0,0,1,1,49,0,0,170,90,31.1418685121107,1,0,"Stroke (hemorrhagic - aneurysm rupture)",1,0.8,108.4893318,0,0.96,46,0,0,0,0,1,2,3,3,0,0,11.1849656,0,0,0,0,11.1849656,0.589310431,0,77,0,0,4.76595e-07,328691.2338,178458.8639,270.1442735,95.1699441,0,0,0,0,0,1.61361e-05,37524.6705,32216.20248,75.44621351,22.78373614,0,0,0,0,3.58993e-07,0.483112343,0.156652475,0.605503046,0.018168799,0,0,0.258714594,0.035689104,1.66127e-05,0,2607,58,373174.5,59990,0.171555315,81948.03704,0.222183698,8.191637207,45.01114345,0.005192261,6.074105978,19.95809384,0.246609251,0.49996569,60472.86667,0.49996569,60472.86667,0.687211135,265421,0.687211135,265421,0.4834762,15646.38889,0.4834762,15646.38889,0.524699925,127712.5833,0.524699925,127712.5833,101275.540736607,11.2324349975586,43230.2,4.62800802181962e-06,131371.808991699,2.52426992468186e-05,108296.5,0.000202732982224014,5.98828396356855e-05,3.61127449395189e-05,0.751836978034464,850.699760426518,0.207697664945214,74.5449772557486,0.465366152504026,2.66189890906685e-05,0.102801814265708,0.850035414304983,0.000292437592440578,2.2073188829422,2.33596271439771e-05,0.706029865751146,345.366163300061,2.99200492553335,10.811924627849,0.232465707727573,1611.96562532198,0.00014113233551307,9.8449671005196e-05,1.19251870324795,4.03693306349616e-05,1362.4169356791,0,0.475528553332292,1.37335866165453,0.183785199973123,0.00559198249756907,2.20731887613042,4.23499946597585e-06,9.56788526262556,0.686345649219954,0,0,10.8119245357007,0.886815982766737,0,761.444574857363,0.00156769188065092,0.836407913930881,80131.8571428571,169.665984996521,48263.7142857143,1.86030480858572e-05,33527.6,1355.83913266114,0,1.26005703326462e-05,0.113930257813647,2.78550272090411e-05,0.23833980392094,0,0,0,0,0,2.38088014436596e-05,0.000154457398011221,2.45734894275665,61.6742286682129,0,61.6742280149471,0,0,0.00286643202576741,0,0,0,0,0,0,0,0,0,0,0,0,0,0,0,0,0,0,0.000690455285578475,0.91067696379487,1.79880579056239
"H12-05837 - 2",1,2,"5/5/2012",1508,0,"11/28/1952 0:00:00",0,0,59,"Portugal",68,169,23.8086901719127,"ADPKD",4,1,62,1,1,2,1.61,48.95858492,1.7,45.86497934,1.3,63.28312035,1.4,57.5393905342541,1.22,67.03244929,4.74652937787295,0,0,1.25,64.30175914,1.69059215143647,0,0,1.6,0,1.81,39.37359625,"5/9/2024 0:00:00",144,1,1,0,"6/4/2012 0:00:00",0,0,2,1,3,6,17,1,0," ",0,0," ",0,0,0," ",0,0,0,0,2,1,49,0,0,170,90,31.1418685121107,1,0,"Stroke (hemorrhagic - aneurysm rupture)",1,0.8,108.4893318,0,0.96,46,0,0,0,1,2,2,5,4,0,0,35.3975,1,1,1,1,35.3975,4.643874818,14.2857142857143,25,4,0.137931034,-7.68001093142036e-07,432723.8,199473.3526,296.475927,100.4853456,-1.2288017e-07,140132.25,46397.62556,195.1178637,33.52639641,0,0,0,0,0,21175.93569,17923.43911,62.1030129,20.14788141,0,0.838058329,0,0,0,0.295031155,0.009143516,0.235201421,0.828145855,2.7237e-05,0.704968845,1000,27,449600.5,66870,0.134763967,81247.47059,0.185774919,6.193156185,18.4353325,0.279390318,6.084599279,17.63163298,0.296732814,0.533621604,76497.8,0.533621604,76497.8,0.539838021,215014.5,0.539838021,215014.5,0.571517827,9832.25,0.571517827,9832.25,0.508357455,120941.5,0.508357455,120941.5,103612.090625,11.456848859787,51816.8333333333,4.0969689450216e-06,142467.57068634,2.23722629159695e-05,63595.2,0.000158870260773067,2.39235909264014e-05,2.90998381135733e-05,0.754127380482383,870.082181862438,0.122967144670034,66.0483161853451,0.249672815927398,2.37712754676213e-05,0.142166118461741,0.85320291337688,0.00013696085199573,2.08927830060323,2.19263010217501e-05,0.696840794163507,301.068299539576,3.18366955013862,10.2563972473145,0.246417987439747,1520.05775636783,0.000120963081760291,0.000117852465639968,1.24649927579041,2.91238206314598e-05,1388.49324104203,91.659725189209,0.421364520739633,0,0.169427715023583,0.000679566247253556,2.08927830772008,4.09098396156587e-06,10.911939239502,0,0.605339518665238,0.78024452711516,10.2563971530804,0.906256343750974,0.114319726202465,907.262593548239,0.000321122391003635,0.90243493586768,51712.8,146.591845626723,72950.6,0,35700.5,1470.1131523294,0.0835701638933974,0,0.114275621288047,4.97598526957243e-05,0.276701400754768,0.628163122661889,0.673076760735131,0.813111016223151,1.66288123877298,1.1107992137037,2.3296897615088e-05,0,0,0,35889,0,0,0,0.000170869541447263,0.0496057142945411,0,0,0,0,0,0,0,0,0,34909,0,0,0,0,5.56984378162429e-05,2.42336101379941,0,0.00138875176787519,0.904001159337699,1.91944798429639
"H12-06008 - 1",1,2,"5/8/2012",14030372,0,"9/6/1951 0:00:00",0,0,60,"Portugal",66,163,24.8409800895781,"Chronic pyelonephritis",4,1,26,0,6,0,1.35,60.10607627,1.2,69.23112757,1.1,76.85067353,1.2,68.8018945765631,1.1,75.43009511,3.31410026671845,0,0,1.06,77.88374461,2.27046250835922,0,0,0,0,1.13,70.79289901,"9/10/2019 0:00:00",88,1,1,1,"5/17/2012 0:00:00",0,1,1,0,2,2,15,0,0," ",1,6," ",0,1,1,"6/29/2020 0:00:00",2,1,0,0,1,1,68,0,0,170,60,20.7612456747405,1,0,"Stroke (hemorrhagic)",1,0.8,96.39797036,0,1.47,88,1,0,0,1,2,2,5,4,0,0,28.8814149,1,1,1,1,28.8814149,2.678810451,5.88235294117647,35,2,0.054054054,5.6798e-07,455265.4,333303.8177,293.0455786,136.5003516,3.2456e-08,294527,18570.5,282.5660636,14.29754143,2.40823e-05,42703.62163,40210.05925,80.0594324,27.46924437,12294.03427,8788.575699,50.74809131,16.07538678,6.16664e-07,0.669976045,0.258581441,1.028402848,0.02282197,0.246724486,0.021606117,0.251439833,-0.265651545,2.19155e-05,0.753275514,1484,38,507349,38886,0.131152489,148543.0667,0.288824012,5.659675434,22.71755391,0.334251903,5.659675434,22.71755391,0.334251903,0.558823962,20865.22727,0.558823962,20865.22727,0.24590043,46427,0.24590043,46427,0.601921997,16322.66667,0.601921997,16322.66667,0.364882804,41306.75,0.364882804,41306.75,128734.693359375,13.5557438677008,26330.9090909091,3.77408737346954e-06,89710.0663729581,1.71557852089868e-05,112673.25,0.000154855534593997,3.43181082067485e-05,2.55274787469626e-05,0.742348799019066,943.170889309494,0.18828190787819,89.6092108621174,0.446924436065569,2.36804018119646e-05,0.0823647432885536,0.846810889800055,0.000192416186625612,2.61949160966006,0.000298224209115708,0.998499399263022,244.048162630487,3.14973907555336,9.68615174293518,0.303437648872889,962.112062076498,0.000103282293026364,0.00105153667359068,1.19678221460571,3.08215595449037e-05,1214.88402792522,97.7395426432292,0.455752012645921,1.24762683853802,0.242060228741523,0.00483591597071157,2.61949163773315,3.43225938625685e-06,10.1968997319539,0.617062288120477,0,0,9.68615173531393,0.916120653583747,0.115150061536011,825.566195597236,0.00180497701784268,0.853097995631646,83037.375,112.737935321472,32846,1.85186051946052e-05,21565,1322.36160931168,0.366259010792061,1.11344042582822e-05,0.113823838162541,2.80592198496467e-05,0.254237720181898,0,0.673847300005795,0,1.94857865514307,0,1.91238863968307e-05,8.33732419828213e-06,2.05440950393677,11.8074102401733,149691,11.8074100983181,0,0,0.0019118242177417,0.152372689503049,0,0,0,0,0,0,0,0,2.11457236152138e-05,176405.666666667,0,0,640,0,0,0,0,0.00133526328015522,0.905300392027032,1.81904195187906
"H12-09036 - 1",1,1,"7/11/2012",3005054,0,"9/10/1948 0:00:00",0,0,63,"Portugal",67,162,25.5296448712087,"CAKUT",4,1,45,0,2,2,1.8,41.77234646,1.5,51.98838981,1.8,41.77234646,1.9,38.9054594803115,1.5,51.02738867,6.06096459484425,0,0,1.61,46.29347566,1.84700404492212,0,0,1.86,0,1.33,55.5619262,"3/20/2024 0:00:00",140,0,0,0,"7/20/2012 0:00:00",0,2,1,1,4,0,20,0,0," ",0,0," ",0,0,0," ",0,0,0,0,1,1,73,1,0,160,60,23.4375,1,0,"Stroke (hemorrhagic)",1,0.6,94.71733696,0,1.68,95,1,0,0,1,1,0,2,2,0,0,18.10524532,1,0,0,0,18.10524532,0.106929116,4.34782608695652,22,1,0.043478261,5.43394e-07,353676.1591,145732.8241,288.7811619,69.08680042,2.46997e-08,112088,0,166.7393175,0,1.87718e-05,35644.56908,28985.8927,75.19925718,22.82872459,19400.42159,19380.75819,53.51871438,14.35875854,5.43394e-07,0.488612584,0.192185595,0.669112785,0.024228678,0.252942842,0.002953989,0.287224515,-0.771268584,1.55854e-05,0.747057158,760,22,363619.5,144596.5,0.44221615,154003.619,0.430268334,7.915616377,20.39762201,0.321005788,7.915616377,20.39762201,0.321005788,0.366775169,55148.57692,0.366775169,55148.57692,0.554433006,338035,0.554433006,338035,0.347390979,20214.38889,0.347390979,20214.38889,0.410389596,133750.5,0.410389596,133750.5,89359.455078125,18.5360474586487,120331.875,7.05076078541526e-06,386304.033203125,3.87018939731416e-05,153888.5,0.000343908222826821,2.25220302964392e-05,7.58893102209643e-05,0.756243906120211,820.806054005984,0.358736757322737,85.6123479612786,1.05412598034296,4.40455176075926e-05,0.21203810245211,0.863665868747354,0.000116441047728259,3.17061001062393,1.72577761808172e-05,1.60332877497089,456.90710597118,2.77536614761992,15.7041435241699,0.501733172064957,1154.26728242519,0.000176958798430757,9.82853378058665e-05,1.21257424027156,5.9161016649857e-05,1776.72231124802,0,0.58784606962953,1.24889410941964,0.475320030836584,0.00047871640972333,3.1706100207637,4.19568819648777e-06,11.7860488891602,0.57564965586415,0,0,15.7041433680029,0.896961961280205,0,706.216330129671,8.39180467075503e-05,0.728768604077726,144103.25,223.722574489178,94471,2.18134096419941e-05,113090.375,1043.96122912752,0,1.47185984202118e-05,0.114833956706197,1.92509217383793e-05,0.409262231518543,0,0,0,0,0,1.94833789163908e-05,0,0,0,0,0,339,0.754445732631767,0.000111317327911998,0,0,0,0,0,0,0,0,0,0,0,0.884534422038672,0,0,0,0,0,2.48668850980412,4.24697405755894e-05,0.909424123489064,2.23032383169932
"H12-12801 - 2",1,3,"10/12/2012",19250461,0,"7/30/1951 0:00:00",1,0,61,"Portugal",80,157,32.4556777151203,"Chronic pyelonephritis",4,1,33,0,2,2,1.7,33.90676343,1.4,42.80272305,1.5,39.4017518,1.4,42.5373461636107,2.09,25.97445691,-8.28144462680535,1,1,2.44,21.30356141,-5.30844618840267,1,1,0,0,4.54,9.972469655,"10/25/2019 0:00:00",84,0,0,0,"11/1/2012 0:00:00",1,1,1,1,3,0,16,1,0," ",1,6," ",0,1,1,"11/30/2019 0:00:00",1,1,0,0,2,1,67,0,0,170,85,29.4117647058824,1,0,"Stroke (hemorrhagic)",1,0.8,96.99936643,0,1.27,76,0,0,0,1,1,2,4,4,0,0,18.03480859,1,0,0,0,18.03480859,0.23649067,3.84615384615385,73,3,0.039473684,2.72045e-07,325336.5,132050.0116,273.1399673,66.81263428,1.11799e-08,77918.66667,8451.286927,145.0688007,8.26900251,1.46122e-05,43296.74892,40337.3243,79.30910688,29.38746027,0,0,0,0,4.58378e-07,0.524988418,0.088506265,0.632660171,0.033039967,0,0,0.139895428,-0.225761509,1.48954e-05,0,3921,123,339287.75,57948,0.178578261,69288.66667,0.196651048,5.624374241,26.49139538,0.252945479,5.624374241,26.49139538,0.252945479,0.560687158,50636.84,0.560687158,50636.84,0.77486962,206381.5,0.77486962,206381.5,0.573785901,19225.4,0.573785901,19225.4,0.541039044,97754,0.541039044,97754,88638.859765625,10.9955711364746,23240,5.98493830581106e-06,61150.1869419643,4.97385750541115e-05,66704.8,0.000320707921675412,2.68119113212728e-05,6.92564659163143e-05,0.769212994475327,751.114910503689,0.175375515207729,105.664794910781,0.387926507861942,3.26837160854894e-05,0.205913985763335,0.863908898389709,0.000166849236164961,2.09749295030321,1.94380307276764e-05,0.518598451123314,291.65996566798,3.0255892810745,15.4785984516144,0.202904769513131,1502.53498131069,0.000230216650141735,0.000102415207037895,1.28609374690432,5.05401252961023e-05,1085.4018752209,88.1131858825684,0.455865355091962,0,0.180354245388758,0.00699893447510697,2.09749293838737,6.97257039510189e-06,12.804555028677,0,0.0944073355091815,0.493297742096503,15.4785985957773,0.909113775243645,0.114419891585689,675.169200833746,0.0239849008351148,0.860253533179863,56240.45,142.448207586953,85771,0,18957.8571428571,1099.82532626985,0.328863892307293,0,0.114992056873962,7.39670547533862e-05,0.243198648495696,0.27885960387438,0.648693441246175,0.560939569810132,1.90983617959589,1.33102449085633,3.59012190252241e-05,0,0,0,76829.5,0,0,0,0.00295171585717536,0.14410459031059,0,0,0,0,0,0,0,0,0,90573,0,0,0,0,0.000105167338958023,2.734114597145,0,8.68891450422314e-05,0.908703693949025,2.08178719941226
"H12-15143 - 1",1,3,"12/2/2012",19690230,0,"2/20/1958 0:00:00",1,1,54,"Guinea Bissau",89,173,29.7370443382672,"Undetermined",5,1,53,0,1,2,2.8,19.45998304,4.4,11.31328905,2.2,25.99111304,1.9,30.7983015065515,1.6,37.3839419,3.29282019672425,0,0,1.63,36.10787512,1.32739340336213,0,0,0,0,2.5,21.09823607,"1/5/2021 0:00:00",97,0,0,0,"1/10/2013 0:00:00",0,2,2,1,5,0,18,1,0," ",1,6," ",0,1,1,"5/1/2021 0:00:00",1,0,0,0,1,1,65,0,0,170,70,24.2214532871972,1,0,"Stroke (hemorrhagic)",1,0.8,98.21343773,0,1.31,79,0,0,0,1,2,0,3,4,0,0,11.487668,0,0,0,1,0,0.10080244,5,57,2,0.033898305,2.41509e-07,370774.5789,156164.4164,289.2024628,85.09461447,8.47402e-09,113670.5,13889.5,167.6642951,2.276871171,1.21475e-05,47687.67213,38773.77655,81.23103056,25.02346933,22935.97744,26623.87877,53.28516922,15.6168738,4.91493e-07,0.534573755,0.089545568,0.579286094,0.069555156,0.2739235,0.015242982,0.154579177,-0.271533399,1.22501e-05,0.7260765,2867,116,377643,55452,0.156973617,72779.95455,0.179829106,5.091448245,29.27403448,0.227259565,5.091448245,29.27403448,0.227259565,0.534301352,166346.475,0.534301352,166346.475,0.530413003,1462090.5,0.530413003,1462090.5,0.43211815,15335.66667,0.43211815,15335.66667,0.617905789,289900.7727,0.617905789,289900.7727,118105.089583333,14.0304914156596,57346.2,5.14457797253664e-06,155604.544986979,3.01188172272849e-05,106029,0.000238959966391473,2.51592522764696e-05,4.53957472741193e-05,0.766443000781312,833.721205688774,0.224068125836955,79.0983747473452,0.53388396666695,3.32691500024244e-05,0.139358855372993,0.841255214599063,0.000141301416415565,2.49477181434631,1.99638323834867e-05,0.757301124010128,389.331286423703,2.89358731614016,12.4331434885661,0.267433037091232,1539.22938883563,0.000159420588548083,0.000103482359769139,1.22162811463694,3.81727592192937e-05,1680.7342101491,0,0.499975678120072,0,0.14939116004047,0.000743753983431746,2.49477180780569,5.42354507700395e-06,10.5302327473958,0,0.174083119186867,0.563439250029971,12.4331436218605,0.909156632155607,0,791.080459840079,0.000422947630906027,0.828777938870172,67046.0666666667,190.783189002843,52791.6666666667,0,31401.7333333333,1561.91202182159,0,0,0.113830283084564,2.71300834471806e-05,0.29703614391709,0.365553043322009,0,0.618964671110018,0,1.23088345065898,2.71458148487862e-05,0,0,0,0,0,0,0,0.000194537941800543,0,0,0,0,0,0,0,0,0,0,0,0,0,0,0,5.38836981043525e-05,2.56224203730861,0,0.000111392362814102,0.9159691266141,1.87487844881722
"H13-03641 - 1",1,2,"3/16/2013",19084846,0,"1/16/1943 0:00:00",1,0,70,"Portugal",65,153,27.7670981246529,"Chronic glomerulonephritis (unspecified)",2,1,63,0,2,2,1.1,54.05610523,1.3,44.23682519,1.3,44.23682519,1.3,43.9625568783178,0,0,0,0,0,0,0,0,0,0,0,0,1.27,45.20604163,"1/24/2014 0:00:00",10,0,0,0,"5/3/2013 0:00:00",1,1,2,1,4,0,18,0,0," ",1,6," ",0,1,1,"6/4/2020 0:00:00",1,2,0,0,1,1,63,0,0,170,75,25.9515570934256,0,0,"Anoxia",5,1.3,61.72823435,0,1.13,65,0,0,0,0,0,2,2,2,0,0,5.738222322,0,0,0,0,5.738222322,0.06135675,0,27,0,0,1.72057e-07,353607.4259,137640.2829,292.2363838,68.86788,0,0,0,0,0,1.31401e-05,47768.60378,55589.1782,75.39293345,28.3424681,28894.39904,65206.30576,59.2787573,18.86790086,5.03427e-07,0.752597169,0.06084076,0.62768348,0.09845001,0.416537813,0.020226536,0.096929045,-0.168622916,1.34836e-05,0.583462187,2062,79,338145,52814,0.174637356,87488.9375,0.213805855,5.422339917,16.84074069,0.382547466,5.422339917,16.84074069,0.382547466,0.603910063,45802.86842,0.603910063,45802.86842,0.673158875,510340.5,0.673158875,510340.5,0.564118373,11895.23333,0.564118373,11895.23333,0.753128903,172956.5,0.753128903,172956.5,83085.5394965278,6.26253267129262,16519.6666666667,5.180937217748e-06,38153.9314695994,4.07865501403306e-05,64814.7777777778,0.000275485961542913,4.49407691619672e-05,5.45971628897453e-05,0.756396817326323,749.426349215385,0.154940142587399,82.5849300972252,0.331926871877552,3.19194723196777e-05,0.156968449081001,0.713279070658703,0.00022440540357351,1.51711889108022,1.06735352710724e-05,0.212185395373385,366.274656585769,3.15122911775661,14.0295826594035,0.0924394093883287,1383.42012003918,0.00020447261397024,3.91665855481588e-05,1.18973547198049,4.1242070402927e-05,1425.9074546044,0,0.423442052005375,0,0.0995435976133402,0.000421809218850238,1.51711885658768,5.35935272193271e-06,12.2146432664659,0,0,0,14.0295826339442,0.899898465366752,0,644.66132028713,0.000120775291641617,0.870777103950675,62791.4444444444,178.773987017834,78524.2222222222,0,17009.3333333333,1206.53841093015,0,0,0.11443653144217,0.000517654109804354,0.147935798725505,0,0,0,0,0,2.79779246084839e-05,0,0,0,0,0,0,0,8.81657844479291e-05,0,0,0,0,0,0,0,0,0,0,0,0,0,0,0,0,0,0,0.0151233869281698,0.908199365444264,1.88026728022614
"H13-04616 - 1",1,2,"4/7/2013",9003708,0,"9/11/1987 0:00:00",0,0,25,"Moldavia",87,183,25.9786795664248,"Undetermined",5,1,49,0,2,2,2,46.62492768,1.7,56.665074,2.1,43.9734978,1.9,49.2775193573988,1.52,63.61,7.1662403213006,0,0,0,0,0,0,0,0,0,1.52,63.67133983,"7/20/2015 0:00:00",27,0,0,0,"4/26/2013 0:00:00",1,2,1,2,5,0,22,1,0," ",0,0," ",0,0,0," ",0,2,0,0,1,1,51,0,0,170,90,31.1418685121107,1,0,"Stroke (hemorrhagic)",1,1.8,45.00916566,0,1.14,65,0,0,0,1,2,2,5,5,0,0,43.5912,1,1,1,1,43.5912,1.653952273,13.3333333333333,26,4,0.133333333,1.31796e-07,435693.1346,124427.5026,322.9869243,53.07093024,2.02762e-08,137403.125,79095.82649,186.4857054,42.54799249,1.25814e-05,55022.69259,55024.48426,86.1081272,31.42270518,24443,7951,59.11969962,1.69148356,2.88936e-07,0.534938295,0.057422434,0.692263045,0.02450686,1.635037961,0,0.082948865,-0.362494315,1.27417e-05,-0.635037961,2482,57,412580.75,107181.5,0.245931151,126260.1579,0.263047972,5.858607718,15.65606008,0.40179707,5.858607718,15.65606008,0.40179707,0.527113649,47634.38462,0.527113649,47634.38462,0.415058987,345789.5,0.415058987,345789.5,0.552440514,14885.5625,0.552440514,14885.5625,0.486590666,100032.5,0.486590666,100032.5,111577.4265625,15.6663583755493,138406.8,4.27046263796612e-06,372020.2859375,1.98966140803331e-05,118352,0.000179068715743555,2.72572025846719e-05,2.90908915658962e-05,0.750528917180365,888.118197696302,0.215482505760743,72.6314677874093,0.46703345438032,2.93389478936621e-05,0.109992036775618,0.82036234278015,0.000174260800485992,2.51576116085052,7.53950153100447e-06,0.988136236934496,599.962472488607,3.16725546826363,9.80004634857178,0.371004459870974,1554.30419468444,0.00011958372714202,4.49806190798909e-05,1.19616463553494,3.16258130992624e-05,2217.20028715,0,0.468236763437387,0,0.289715093816418,0.000171207648962289,2.51576119935487,3.90699408270585e-06,10.5907001495361,0,0.063096698494358,0.459599039939946,9.80004652175911,0.896519931436666,0,813.562837611374,5.18932499720315e-05,0.820358334743674,98201,296.203287720818,54827,0,107941.2,1480.16301588007,0,0,0.112790024251638,2.4875002180253e-05,0.269341973682441,0.226120742876765,0,0.535381130920661,0,1.27041786059387,1.97224483091442e-05,0,0,0,0,0,0,0,3.66445928719071e-05,0,0,0,0,0,0,0,0,0,0,0,0,0,0,0,0.000166020797683151,2.56962031526029,0,3.00070970797569e-05,0.910557946514039,1.65655645824764
"H13-04616 - 2",1,2,"4/7/2013",16000972,0,"12/10/1965 0:00:00",0,0,47,"Portugal",78,184,23.038752362949,"Chronic glomerulonephritis (unspecified)",2,1,47,0,1,2,1.4,62.38473809,1.8,46.14291138,1.3,68.18674766,1.2,74.5956488865486,1.26,69.48392167,-2.5558636082743,0,0,1.18,74.24522919,-0.0876049241371497,0,0,1.5,0,1.45,55.70111123,"5/24/2024 0:00:00",134,1,1,1,"5/14/2013 0:00:00",0,2,2,2,6,0,20,1,0," ",0,0," ",0,0,0," ",0,0,0,0,2,1,51,0,0,170,90,31.1418685121107,1,0,"Stroke (hemorrhagic)",1,1.8,45.00916566,0,1.14,65,0,0,0,1,2,2,5,4,0,0,28.06469037,1,1,1,1,28.06469037,1.006474504,6.25,29,2,0.064516129,-4.25963566307986e-06,517793.2069,273647.0643,342.5051815,100.0907895,-2.93767976764128e-07,208646,9100,239.4019135,2.494758673,0,0,0,0,0,24393.01238,24481.18217,63.25717749,16.94359367,0,0.863892272,0,0,0,0.326002485,0.030369838,0.208916607,4.95405131,2.72239e-05,0.673997515,1250,37,529163,69089,0.090389465,98393.38462,0.156922551,4.954120706,13.13099127,0.457154304,4.954120706,13.13099127,0.457154304,0.493549293,187716.5,0.493549293,187716.5,0.680190065,787117.5,0.680190065,787117.5,0.403817713,7471.25,0.403817713,7471.25,0.553370347,307880,0.553370347,307880,101959.041015625,9.52299912770589,16480.6666666667,4.19156014656641e-06,41903.046875,2.03889909250437e-05,92743.5,0.00013906208655669,2.06171881357583e-05,2.80606531232364e-05,0.742130361360971,939.165741327166,0.171806537919522,62.3912414778337,0.384535725893205,2.36710788317007e-05,0.162858407062914,0.822158394812277,0.000119227846373418,2.00673850377401,1.25257529276584e-05,0.302954917695928,443.102769771701,3.07974155126519,9.76917195320129,0.114626081855308,1353.08631327094,0.000100769478254383,6.03041715482224e-05,1.40355937441578,3.09016928631481e-05,1588.73489553153,71.1609929402669,0.432662412886083,0,0.104245715280918,0.000347878987525366,2.00673852420897,3.72873271325263e-06,10.6223708561489,0,0,0,9.76917154781817,0.89527507140488,0.114450053549705,621.538084239485,9.05825604854783e-05,0.864185323490355,64995,217.684916732148,84695.8571428571,0,14337,1304.86478601602,0.265208786484763,0,0.11384505895665,3.18453046170805e-05,0.0510339441474329,0,0.662207823848103,0,1.82633625739326,0,2.02467639810453e-05,2.20877367548622e-05,1.91093957424164,22.6998100280762,106507.666666667,22.6998102400983,0,0,8.92811631300006e-05,0.120647123064434,0,0,0,0,0,0,0,0,0,125838,0,0,0,208646,0,0,0,0.000322608007673737,0.904843051627784,1.86276735762321
"H13-05503 - 1",1,2,"4/24/2013",19725235,0,"9/30/1951 0:00:00",1,0,61,"Portugal",63,160,24.609375,"Undetermined",5,1,74,0,1,2,1,64.09513135,0.9,72.73342361,1,64.09513135,1,63.6977415373697,0.85,76.45736178,6.37981012131515,0,0,0.77,85.02196416,5.33105565565757,0,0,0.92,0,0.91,66.80865885,"4/9/2024 0:00:00",132,1,1,1,"5/2/2013 0:00:00",0,2,2,1,5,0,19,0,0," ",0,0," ",0,0,0," ",0,0,0,0,1,1,62,0,0,170,80,27.681660899654,1,0,"Stroke (ischemic)",1,1.8,42.03295075,0,1.35,82,0,0,0,1,0,2,3,2,0,0,9.302603962,0,0,0,0,9.302603962,0.47636067,2.77777777777778,70,1,0.014084507,3.28282e-07,416328.2714,220749.2575,309.7838583,104.8315847,4.68974e-09,68923,0,115.2605744,0,1.83322e-05,58645.46457,73454.72782,85.28136539,30.21337437,31893.63372,29321.85706,63.99485598,17.53290032,7.40979e-07,0.69980367,0.136672954,1.075099694,0.049372072,0.372768054,0.022956911,0.127125842,-0.840696075,1.84324e-05,0.627231946,3909,158,391443.25,25189,0.051513851,69977.1875,0.153364843,4.850588129,16.18154059,0.398588925,4.850588129,16.18154059,0.398588925,0.738635457,37392.54688,0.738635457,37392.54688,0.971268671,346235.5,0.971268671,346235.5,0.723240328,18634.90741,0.723240328,18634.90741,0.821769154,138683.8,0.821769154,138683.8,99389.1609002976,5.0625237358941,16885.5555555556,4.56546568298142e-06,45878.1608513726,2.90835450769903e-05,84605.4761904762,0.0002124821170887,3.46437550284364e-05,3.94355141793902e-05,0.751290813428127,826.554458972299,0.16394882687597,62.7954591758777,0.377925351549553,2.61270927731263e-05,0.135481389350104,0.909208946870303,0.000181122743133925,1.14383440547519,3.66682392625165e-05,0.277280005856044,241.074866129621,2.80609437300425,11.5744247209458,0.0906527999608883,1969.44580144173,0.000156246524078149,0.000112058903459831,1.1682656064324,4.24825419379403e-05,1062.78128445384,77.864023844401,0.431342065299255,0,0.0941863844762169,0.0126236899639719,1.14383439703563,4.6174133445922e-06,10.5918579101562,0,0.0314408833045573,0.553332695690706,11.5744247381313,0.900852429755714,0.113969136004589,656.668080773917,0.0154673181076988,0.868901990628378,38308.7142857143,126.006751402297,33481.125,0,19616.3333333333,1325.35912220742,0.181945278206214,0,0.113442194429242,7.94444526757624e-05,0.151002871104485,0.269311609433661,0.605112380399835,0.618771692698742,1.77151226294758,1.27820345560338,2.37001240366949e-05,0,0,0,16947.6666666667,0,0,0,0.00412087243920729,0.0428037598655085,0,0,0,0,0,0,0,0,0,78476.3333333333,0,0,0,0,9.64437223262285e-05,2.43765744604433,0,0.00383790983307393,0.903894364858437,1.88927468684729
"H13-05628 - 2",1,2,"4/29/2013",19768006,0,"2/6/1952 0:00:00",1,0,61,"Portugal",57,162,21.7192501143118,"ADPKD",4,1,70,0,1,2,0.9,72.73342361,0.9,72.73342361,1.1,57.16810805,0.8,83.2560974527622,0.77,86.08612293,1.4150127386189,0,0,0.78,83.71561667,0.114879804309449,0,0,0.84,0,0.82,75.86197484,"4/15/2024 0:00:00",132,1,1,1,"5/6/2013 0:00:00",0,2,1,2,5,0,21,0,0," ",0,0," ",0,0,0," ",0,0,0,0,2,1,65,1,0,160,65,25.390625,1,0,"Stroke (hemorrhagic)",1,0.6,99.54914625,0,1.37,83,0,0,0,1,2,0,3,5,0,0,5.09529932,0,0,0,1,0,0.163800126,3.7037037037037,52,1,0.018867925,5.727e-07,298724.0192,149880.863,267.6501875,79.54710869,1.10135e-08,156211,0,188.6080592,0,3.52541e-05,37012.59778,38054.60584,73.35271325,23.03849276,21103.61733,21926.63645,55.85001564,13.8517603,1.99344e-06,0.681849314,0.17107912,1.304844505,0.241590167,0.358570735,0.008829939,0.131110733,-0.967322693,2.10668e-05,0.641429265,3201,181,273673,48774,0.162657747,58400.64286,0.178591358,5.510553595,17.41689281,0.412005349,5.510553595,17.41689281,0.412005349,0.633258049,79498.07609,0.633258049,79498.07609,0.902937806,1801233.5,0.902937806,1801233.5,0.551417119,16283.25758,0.551417119,16283.25758,0.841008101,239966.4615,0.841008101,239966.4615,114703.49375,7.59247062887464,26527.7142857143,6.55738065635485e-06,64317.9649761745,4.24495282549717e-05,79764.7333333333,0.000237535833143856,6.41717852571368e-05,5.96157217136009e-05,0.803957456844975,751.985884460279,0.192341309612163,67.8296030660947,0.497650402077148,3.64893954804586e-05,0.159650372193936,0.794964652762641,0.000256831768739951,1.58850736277444,1.26155193096549e-05,0.325454626302354,282.064787583564,2.82329081376981,13.7249810536703,0.135262206899527,1430.28292416637,0.000167333089859938,5.07546799048958e-05,1.13498221039698,5.88285722549389e-05,1502.35111249814,93.6612548828125,0.458173183590677,0,0.103983094756031,0.00107919161581965,1.58850735778183,7.75502601777532e-06,10.9469789505005,0,0,0,13.7249810768472,0.903442670259225,0.114713301845124,623.832666111347,0.000657804478510232,0.853288651739847,62024.8,159.558911562185,68966.6,0,19401.7142857143,1044.07228762648,0.428601011856989,0,0.116664853264633,4.59720550273982e-05,0.196776717908763,0,0.693849602531038,0,2.64053796388715,0,3.49976621583503e-05,0,0,0,89282,0,0,0,0.000279934405301449,0.141821455397721,0,0,0,0,0,0,0,0,0,98245,0,0,0,0,0,0,0,0.0074258673507796,0.909038145653089,1.9571842408585
"H13-09897 - 1",1,2,"7/26/2013",19530801150,0,"8/8/1953 0:00:00",0,1,59,"Portugal",75,179,23.4075091289286,"Undetermined",5,2,33,0,2,1,1.1,77.33012028,1.4,57.89836037,1.7,45.86497934,2.1,35.371684822315,1.62,47.69785705,6.1630861138425,0,0,1.3,61.34551929,6.49345861692125,0,0,1.77,0,1.76,40.88714977,"5/21/2024 0:00:00",130,0,0,0,"8/2/2013 0:00:00",0,1,1,1,3,0,16,0,0," ",0,0," ",0,0,0," ",0,0,0,0,1,0,71,1,0,160,75,29.296875,1,0,"Stroke (ischemic)",1,0.9,68.34770789,0,1.51,90,1,0,0,0,2,2,4,3,0,0,41.9768,1,1,1,1,41.9768,0.048195867,0,50,0,0,1.29042e-07,352523.77,161431.6827,284.5908654,97.37884428,0,0,0,0,0,1.16344e-05,36486.01985,30253.3112,73.71508283,21.34448943,20755.90022,21214.88838,54.23632247,14.85689443,3.27766e-07,0.333237136,0.045490263,0.424492908,0.031791965,0.310674933,0.014403758,0.107163777,-0.03902883,1.19947e-05,0.689325067,4508,127,424849.5,157826.5,0.468815788,178561.0667,0.468598636,6.449465075,27.10142902,0.207793877,6.449465075,27.10142902,0.207793877,0.345450901,51456.29825,0.345450901,51456.29825,0.494818997,505121.5,0.494818997,505121.5,0.305657303,15079.05405,0.305657303,15079.05405,0.419069057,118754.2,0.419069057,118754.2,127717.916015625,22.0893037160238,80529,6.84352017910022e-06,334805.074235026,3.28696347385978e-05,157803,0.000265421980311288,2.26351686717242e-05,6.13595329279314e-05,0.78720560643169,819.0089531217,0.341454012390915,100.959132098279,1.09414054501798,4.26141167679065e-05,0.33158287195368,0.876203514346205,0.000132429542120838,4.03858184814453,0.000158316819694854,2.32953400857881,337.183812096606,2.94532724482912,15.1879115104675,0.546114905265521,1051.9116502368,0.000142452179240171,0.000623721879934307,1.12946391168725,5.32964051394805e-05,1486.44192556933,99.51318359375,0.566686575610232,1.12830330193234,0.516947671698739,0.00224327452697436,4.03858181726781,5.19029408949891e-06,20.78759765625,0.59901734862693,0,0,15.1879112306786,0.911216812993394,0.116350860602208,788.515564124535,0.000852973656198534,0.73261343434203,156813.75,166.834863832782,159865,2.24196325479662e-05,75786.3333333333,905.417801899688,0.951750696175058,1.65635118536913e-05,0.114852376114018,1.98488617536381e-05,0.428986887481708,0,0.827481322254013,0,3.17850165514697,0,2.62322638149831e-05,0,0,0,157799,0,0,0,0.000674922446367856,0.305841058550134,0,0,0,0,0,0,0,0,0,154518,0,0,0,0,0,0,0,0.000306781218065229,0.916111078965241,3.55306513623536
"H14-10806 - 1",1,2,"8/5/2014",19671190,0,"11/7/1945 0:00:00",1,0,68,"Portugal",45,153,19.2233756247597,"Undetermined",5,1,61,0,1,2,0.9,69.63490339,0.8,80.20658109,0.82,77.86483469,0.8,79.7093002861342,1.17,49.88752195,-14.9108891680671,0,1,1.01,58.77969148,-5.23240220153355,0,1,0,0,1.01,56.89145125,"2/6/2024 0:00:00",114,1,1,1,"8/12/2014 0:00:00",1,1,2,1,4,0,20,0,0," ",0,0," ",0,0,0," ",0,0,0,0,1,1,73,1,0,160,70,27.34375,0,0,"Head Thrauma",2,0.6,94.71733696,0,1.25,75,0,0,0,0,2,2,4,1,0,0,45.48193238,1,1,1,1,45.48193238,0.082976329,0,27,0,0,2.07957e-07,390468.3333,147871.1171,299.0357708,77.19921544,0,0,0,0,0,1.09601e-05,47252.75123,48999.52345,81.56923789,30.79963551,25468.73772,27021.42101,58.32687397,17.45676296,2.61871e-07,0.423788526,0.081200536,0.517894519,0.064988888,0.271512021,0.014640384,0.156789719,-0.596503625,1.09606e-05,0.728487979,1423,34,429566.5,188070,0.453182453,208660.2083,0.495233927,7.991993907,30.64878191,0.225814438,7.991993907,30.64878191,0.225814438,0.333846453,29804.54545,0.333846453,29804.54545,0.473702943,101878.5,0.473702943,101878.5,0.284022641,13185.3125,0.284022641,13185.3125,0.466709953,74122.5,0.466709953,74122.5,137171.04296875,18.5581325954861,117524.222222222,4.5104527368464e-06,523641.094794379,1.92226646924889e-05,151956,0.000200012302170473,0,3.20024004700537e-05,0.777378266228888,903.942056957599,0.26881793137684,103.043135270153,0.723772714126257,2.74898626687869e-05,0,0.846925619293622,0,3.61653751797146,2.12076842614173e-05,2.04109442827188,443.602656076125,2.64771311314935,10.5786080360413,0.440999638073676,1006.04378908173,0.000117436515478541,0.000107515982507413,1.13072975609258,6.02411893452945e-05,1870.77257788011,0,0.536197825601629,1.23176504229666,0.412476925847375,0.000769919876183664,3.61653750711463,3.9394262603502e-06,0,0.570218628283879,0,0,10.5786076354153,0.902236526463888,0,734.258044661839,0.00015043759246444,0.800426140048901,121382.5,222.258142906374,0,2.7568679864827e-05,107169,1059.43625292009,0,1.46895976525745e-05,0,1.8269208248653e-05,0.282916138454861,0,0,0,0,0,1.97358489577005e-05,0,0,0,0,0,0,0,0.000192221549148602,0,0,0,0,0,0,0,0,0,0,0,0,0,0,0,0,0,0,0.000191156090882154,0,0
"H14-11086 - 2",1,2,"8/11/2014",99002504,0,"12/30/1963 0:00:00",0,0,50,"Portugal",77,163,28.9811434378411,"Undetermined",5,1,17,0,5,2,2,39.91103418,1.7,48.50542012,1.63,51.01570009,1.5,56.0168208846447,1.47,56.68199817,0.332588642677649,0,0,1.38,60.3905569,1.09343400383882,0,0,0,0,1.75,43.95122457,"4/2/2024 0:00:00",116,1,1,0,"9/8/2014 0:00:00",4,2,1,0,3,0,18,0,0," ",0,0," ",0,0,0," ",0,0,0,0,2,1,53,0,0,170,55,19.0311418685121,1,0,"Stroke (hemorrhagic)",1,0.5,121.9627585,0,1.12,63,0,0,0,0,1,2,3,3,0,0,7.974794542,0,0,0,0,0,0.28792698,0,28,0,0,2.16665e-07,529924.2679,272088.864,341.737474,107.181583,0,0,0,0,0,9.72671e-06,45118.40613,82117.24697,71.96377603,29.32757654,21812.79964,25992.9593,51.10867277,16.51172989,2.78569e-07,0.549450837,0.11481602,0.43885361,0.072687461,0.283279671,0.013854498,0.261627152,0.072926593,1.09472e-05,0.716720329,1257,36,569757,231360,0.385411522,226795.2083,0.388859832,6.704538948,27.5157468,0.296563492,6.704538948,27.5157468,0.296563492,0.518133923,279995.7222,0.518133923,279995.7222,0.711725394,2343183.5,0.711725394,2343183.5,0.494882249,19526.07143,0.494882249,19526.07143,0.599514783,1191639.5,0.599514783,1191639.5,128570.559570312,18.6731792449951,41402.4,6.01667723047582e-06,166940.824902344,2.33789314148351e-05,238565.25,0.000263004331004252,1.19566179320833e-05,4.96469441370773e-05,0.770219521242847,949.763919578779,0.411012367337197,234.800559907881,1.40156434774804,4.0091658891525e-05,0.387830125894089,0.89201484209746,8.24760081139612e-05,3.62763156890869,5.87889622775751e-05,1.49028442483326,284.74678147627,2.72948762712672,12.9763692617416,0.396956566831739,718.728863056639,0.000123862431942055,0.0002965807026895,1.23149721876104,5.35397870502441e-05,1177.02125471445,115.626752853394,0.610527011982953,0,0.747767594340841,0.00113359271345256,3.62763157091546,3.48059571202691e-06,23.2152462005615,0,0,0,12.9763692970241,0.908397014920751,0.11507597134784,788.983322252108,0.000335690603366438,0.689688239622557,249185,139.709589234677,190283.166666667,0,132926.4,980.270681364023,0.946290905802434,0,0.116014054169453,1.47682520086658e-05,0.391344391942612,0,0.77625725997609,0,2.82949871950887,0,1.9341573462532e-05,0,0,0,221450.75,0,0,0,0.000342052417543803,0.374385212195482,0,0,0,0,0,0,0,0,0,287649.5,0,0,0,0,0,0,0,0.000257121171023436,0.910485566075468,3.36414347800004
"H14-12052 - 2",1,1,"9/4/2014",19078464,0,"9/25/1958 0:00:00",1,0,55,"Portugal",71,163,26.7228725206067,"ADPKD",4,1,20,0,1,2,1,66.53207791,1,66.53207791,1.05,62.74858381,0.9,75.0307121425563,1.17,54.08851158,-10.4711002812781,0,1,1.03,62.24742346,-3.19582217063907,0,0,0,0,1.72,32.49932276,"4/17/2024 0:00:00",115,1,1,1,"9/15/2014 0:00:00",0,1,1,1,3,2,20,0,0," ",0,0," ",0,0,0," ",0,0,0,0,2,1,68,0,0,170,80,27.681660899654,1,0,"Stroke (hemorrhagic)",1,0.9,93.02931609,0,1.31,79,0,0,0,0,1,2,3,3,0,0,13.21940546,0,0,0,0,13.21940546,0.18839923,0,11,0,0,2.08942e-07,447209.8636,150333.4309,334.8052699,62.38352331,0,0,0,0,0,1.00102e-05,59814.81499,59070.88753,90.08343971,33.15624104,30134.40136,40125.63853,63.14054189,27.82280906,4.55874e-07,0.608113496,0.093441101,0.59876067,0.099543558,0.174263826,0.033297605,0.156057512,-0.521889347,8.77464e-06,0.825736174,527,24,431113,144750,0.391165997,155683.0909,0.367724853,6.569129663,20.0338347,0.355522799,6.569129663,20.0338347,0.355522799,0.474389665,55800.2,0.474389665,55800.2,0.803483987,318899.5,0.803483987,318899.5,0.370595332,14850.21429,0.370595332,14850.21429,0.716576442,151350.1667,0.716576442,151350.1667,116514.330729167,15.254264831543,111957.333333333,3.47974400798834e-06,317716.682291667,1.75522202253019e-05,174873.333333333,0.000169725069853452,0,2.90105583896096e-05,0.738913478111277,954.921831951809,0.280164821900863,66.0214739641697,0.607689597127205,2.18422364640003e-05,0,0.849491576953177,0,2.83389687538147,1.22885469117076e-05,1.31971684821824,514.128475266362,2.97768052917727,10.9071133931478,0.464834600114861,1259.33387456664,0.000102784961416377,6.56191966409658e-05,1.14602828140423,3.12122217025767e-05,1876.87941204691,0,0.514330371627691,1.1263249016596,0.397116307992052,0.000305936913747977,2.83389693076184,2.62857210357005e-06,0,0.559526846917428,0,0,10.9071134013396,0.893341302075088,0,867.879949680578,6.13521158610312e-05,0.773264767797192,155640.333333333,245.93335674688,0,1.8305556478626e-05,96701.6666666667,1243.87781601251,0,1.36660673262369e-05,0,1.24618348696685e-05,0.408154088407981,0,0,0,0,0,1.3720882964012e-05,0,0,0,0,0,0,0,6.47488987810377e-05,0,0,0,0,0,0,0,0,0,0,0,0,0,0,0,0,0,0,2.61879326980628e-05,0,0
"H14-15235 - 1",1,2,"11/9/2014",13005588,0,"9/8/1947 0:00:00",0,0,67,"Portugal",68,170,23.5294117647059,"Diabetic nephropathy",1,1,51,0,2,1,1.7,43.63883435,1.9,38.18629524,2.13,33.29326005,2.04,34.8461369115083,1.85,38.69926799,1.92656553924585,0,0,0,0,0,1,1,0,0,2.28,29.88950955,"11/25/2018 0:00:00",49,0,0,0,"11/25/2014 0:00:00",0,2,2,2,6,57,22,0,0," ",1,6," ",0,1,1,"12/15/2018 0:00:00",2,0,0,0,1,1,57,0,0,170,82,28.3737024221453,1,0,"Stroke (ischemic)",1,0.9,99.61641579,0,1.1,62,0,0,0,2,1,2,5,5,0,0,40.98462533,1,1,1,0,0,1.169200159,46.6666666666667,16,14,0.466666667,7.26961e-08,400010.2813,191715.7392,295.7102446,84.32793867,6.36091e-08,76763.78571,27895.71042,126.328928,32.03795431,1.17904e-05,45276.37534,39575.42423,81.88652324,29.40836015,0,0,0,0,2.63523e-07,0.255057732,0.029079173,0.533826248,0.01120367,0,0,0.054473104,-0.288281719,1.19249e-05,0,2595,58,328230.25,150030,0.445421273,179675.4375,0.463502715,7.982520205,32.46153403,0.173165409,7.982520205,32.46153403,0.173165409,0.282007045,39288.83333,0.282007045,39288.83333,0.366358332,158392,0.366358332,158392,0.255941918,14430.14286,0.255941918,14430.14286,0.37323499,126294.25,0.37323499,126294.25,152187.125,26.8201560974121,103761,5.07567433316263e-06,486209.45625,2.15622077159327e-05,271209,0.000218079811285983,1.28879475740282e-05,4.64397529934651e-05,0.746196861931493,930.620832368676,0.421207203149631,124.178764135124,1.37656860308906,2.82611016160689e-05,0.417471508923217,0.889102700351431,8.42078022628744e-05,4.89870309829712,2.79977825363589e-05,2.58167503234251,403.494338178656,2.94766549740506,13.8835821151733,0.503689832329479,753.091153786539,0.000101255538337197,0.000145572281441669,1.05116144392426,7.3152031468255e-05,1840.91030176259,104.165893554688,0.626957432340224,1.29913439228891,0.495822496464621,0.000711723947941282,4.89870314343461,3.20628360737123e-06,24.0984497070312,0.623036781340409,0.758809467654779,0.842903731217599,13.8835818623959,0.912485734785212,0.114110548987133,809.144027521126,0.000109286009423595,0.670677986568854,270821,202.196290781467,295063,2.93417020070528e-05,100910.2,772.056904632516,1.50530789625681,2.3648173720953e-05,0.114237526806835,1.20503027849681e-05,0.462809788995978,0.707012136147594,0.821108571494659,0.875809645210845,3.79046488399804,0.955243542809985,1.5822078759606e-05,0,0,0,302302,0,223.777777777778,0.816398027705826,0.000179391704055619,0.420808955668494,0,0,0,0,0,0,0,0,0,285340,0.944363969827923,0,0,0,0.0131224576637882,2.79568162304099,2.5308042073419,5.20832282037237e-05,0.914674471640083,3.69335546857228
"H14-15379 - 2",1,2,"11/12/2014",6007619,0,"9/25/1948 0:00:00",0,0,69,"Portugal",85,171,29.0687732977668,"Diabetic nephropathy",1,1,31,0,1,2,2.4,28.49419171,2.3,29.98723539,1.92,37.24331734,1.9,37.4804246905571,2.06,33.59434243,-1.94304113027855,0,0,0,0,0,0,0,0,0,2.06,34.17385053,"12/25/2017 0:00:00",37,0,0,0,"11/21/2014 0:00:00",0,1,1,1,3,3,21,0,0," ",1,6," ",0,1,1,"12/25/2017 0:00:00",1,1,0,0,2,1,69,0,0,170,80,27.681660899654,1,0,"Stroke (ischemic)",1,0.7,99.74254616,0,1.28,77,0,0,0,1,1,2,4,4,0,0,19.15668873,1,0,0,0,19.15668873,0.508853106,8.33333333333333,45,5,0.1,2.57676e-07,299637.6111,165816.7406,251.38577,99.10508001,2.86306e-08,117951.4,59563.70322,144.767743,72.27378912,1.60503e-05,35726.67677,28807.39316,75.39009174,22.83895122,30114.53243,36656.25091,59.802128,17.30856596,4.52364e-07,0.444402471,0.077209324,0.573425004,0.021233569,0.352997437,0.012318244,0.134645896,-0.166900391,1.446e-05,0.647002563,2803,79,312449.5,118546,0.384344435,156557.3939,0.43118717,6.641476043,26.39041787,0.253188727,6.641476043,26.39041787,0.253188727,0.482265998,54462.13333,0.482265998,54462.13333,0.403497088,449465,0.403497088,449465,0.467313898,16467.36364,0.467313898,16467.36364,0.523384273,158947.75,0.523384273,158947.75,114429.47265625,14.5184513727824,65326.8,6.07854846104424e-06,251719.105564372,3.07596664179081e-05,155070.5,0.000243264991525068,1.74249724165956e-05,5.57720302942886e-05,0.76691739147713,826.304416168821,0.335419721060291,91.2551747134542,0.943474132664992,3.52168042167303e-05,0.28797994782696,0.852201065936608,0.000100852933473086,3.21687441666921,0.000248912520428536,1.62778740199083,325.749100345133,2.77525736189139,14.2120809555054,0.414990922864917,817.381953821518,0.000134157098658589,0.00082262110326414,1.1568660297055,5.07476894951916e-05,1379.18027569559,122,0.561432497718407,1.31223036447538,0.58069215036536,0.0120864229576559,3.21687441813125,4.71173375398422e-06,16.7782974243164,0.580022750132896,0.072463768115942,0.892382852701425,14.2120811763018,0.912457041280784,0.116402316250069,705.46480270818,0.00102383716392129,0.738496001624663,131364.5,161.9949773906,143215,2.87635012747484e-05,54947.7333333333,1012.44284833904,1.19610567382481,2.62621025230235e-05,0.112983885904797,1.81633655335723e-05,0.272707536809519,0,0.768343042852819,0.892896629578033,3.42389539235664,0,2.29279113832327e-05,0,0,0,199266,0,0,0,0.007874810216292,0.289565577522506,0,0,0,0,0,0,0,0,0,240470,0,0,0,143078.75,0,0,0,0.000801278491516622,0.913915548175727,2.89888813084562
"H14-17337 - 2",1,2,"12/20/2014",19716291,0,"5/4/1958 0:00:00",0,0,56,"Portugal",72,170,24.9134948096886,"Chronic glomerulonephritis (unspecified)",2,1,43,0,2,2,2.1,36.26266993,2,38.44916705,1.72,46.07748796,1.5,53.9650286776293,1.28,64.47152518,5.25324825118535,0,0,1.11,75.54927798,5.39606232559268,0,0,0,0,1.04,79.2939512,"2/16/2024 0:00:00",110,1,0,0,"12/31/2014 0:00:00",2,2,1,1,4,0,23,0,0," ",0,0," ",0,0,0," ",0,0,0,0,2,1,64,0,0,170,90,31.1418685121107,1,0,"Stroke (hemorrhagic)",1,0.7,102.8929191,0,1.18,69,0,0,0,1,2,2,5,3,0,0,37.9442,1,1,1,1,37.9442,0.328092896,8.33333333333333,45,3,0.0625,1.38794e-07,338252.3,211209.7158,259.6682031,124.9117105,9.2529e-09,94296,25837.71699,159.3210405,24.97610965,8.88587e-06,53447.37956,49742.69269,84.89090583,29.22154282,27713.53612,29868.60889,61.09259248,15.15707656,2.18985e-07,0.292167626,0.046947232,0.474926489,0.01213466,0.560332648,0.002952473,0.098851576,-0.271974441,9.46534e-06,0.439667352,2881,71,348375.5,161482,0.507309248,200317.4063,0.480842677,8.401057941,33.46782895,0.19104803,8.401057941,33.46782895,0.19104803,0.415574184,92386.88462,0.415574184,92386.88462,0.597642716,345646,0.597642716,345646,0.314501732,21215.64286,0.314501732,21215.64286,0.533492044,175420,0.533492044,175420,147836.134615385,20.8640841007233,58921.3333333333,8.3807223578616e-06,334632.535322062,3.13166727205002e-05,242495.076923077,0.000324576924347361,1.39448684962907e-05,7.74904564378188e-05,0.805263246437696,897.195286412931,0.460320370503242,84.3090365634641,2.02857357067885,4.7523364567952e-05,0.227088508556369,0.861463003433403,9.3235146833565e-05,4.5925578435262,0.00159738134256407,3.19829966099272,226.078681238388,2.51351834377033,15.7788094740648,0.658504085007577,970.474948813472,0.000132295333361127,0.00325058042408966,1.20378903228279,6.63077954891391e-05,1016.05115617972,0,0.662297897261873,1.3018048314986,0.922691246545132,0.0137516070916301,4.59255788327099,4.77153774002632e-06,13.7860488891602,0.615692451183898,0,0,15.7788095785872,0.913566170003406,0,800.307880487718,0.0125048933797284,0.659016454368483,171009,113.913855189139,248845.5,3.42317031812819e-05,107657.466666667,698.452401835723,0,2.73662685591464e-05,0.115263425604747,1.82350365224008e-05,0.454217910531162,0,0,0,0,0,2.12619356378158e-05,0,0,0,0,0,227,0.789355016332273,0.0123442615231437,0,0,0,0,0,0,0,0,0,0,0,0.920696594662427,0,0,0,0,0,2.3514504193626,0.00206808537708993,0.923063803815966,2.06144388649589
"H15-00504 - 1",1,2,"1/14/2015",8013082,0,"2/28/1947 0:00:00",0,0,67,"Portugal",62,168,21.9671201814059,"Diabetic nephropathy",1,1,67,0,1,2,0.9,93.60969621,1.3,60.21155238,1.41,54.61964989,1.4,54.7466055408156,1.32,58.0256624,1.6395284295922,0,0,1.27,60.02640637,1.3199502072961,0,0,0,0,1.47,49.369164,"5/16/2022 0:00:00",88,1,0,0,"1/23/2015 0:00:00",0,1,2,2,5,0,25,0,0," ",1,6," ",0,1,1,"11/19/2022 0:00:00",4,1,0,0,1,1,70,0,0,170,80,27.681660899654,1,0,"Stroke (ischemic)",1,0.5,109.726142,0,1.25,74,0,0,0,0,1,2,3,3,0,0,22.3038,1,1,0,0,22.3038,1.130601971,0,33,0,0,2.56232e-07,461496.6364,182442.9617,337.1075759,85.1563472,0,0,0,0,0,1.80294e-05,41984.57709,33716.41146,83.0625363,24.08298509,0,0,0,0,2.32938e-07,0.46446192,0.118250234,0.756957555,0.006986396,0,0,0.156217787,-0.031398106,1.82857e-05,0,2322,30,475916,80382,0.223813712,110038.16,0.225599034,5.431608221,22.42939024,0.426728271,5.431608221,22.42939024,0.426728271,0.537021173,26519.33333,0.537021173,26519.33333,0.72922399,157216.5,0.72922399,157216.5,0.512995821,10182.1875,0.512995821,10182.1875,0.72922399,157216.5,0.72922399,157216.5,105434.1953125,18.2891473770142,40318.5,4.67295109038216e-06,134292.21875,2.43722932734344e-05,96441.2,0.00020094584744552,7.55377847524367e-05,3.48922613284492e-05,0.764088224065141,816.925383356624,0.191639289639395,104.625055795269,0.466895683644079,2.93436604155904e-05,0.162630179083792,0.861734756144038,0.000348630960022334,3.21574306488037,3.24850611859267e-05,1.3704600451496,339.663034573363,3.19829889517257,10.9729549407959,0.40380472179717,929.29634582824,0.000142679228589201,0.000182444912441441,1.12486219295815,6.5610967842606e-05,1198.89862838483,97.2242914835612,0.447369774490803,0,0.364485419435434,0.000912172536160845,3.21574318262971,4.35438596055058e-06,11.9298756672786,0,0,0,10.9729548489824,0.894258091542249,0.114408630471609,731.492890604718,0.000163977601804165,0.844485791331064,86311.8,166.801901451391,88986.7692307692,0,36101.5,1045.58415997733,0.325758855401322,0,0.11555380570304,0.000119950390646815,0.280039045359056,0,0.690702473688791,0,1.87380121747677,0,2.37758874638506e-05,0,0,0,110976,0,0,0,0.000211749128963541,0.137856342239146,0,0,0,0,0,0,0,0,0,121769.666666667,0,0,0,0,0,0,0,7.85021187436428e-05,0.907618825435079,2.02381627961019
"H15-06802 - 1",1,1,"5/25/2015",19617487,0,"1/21/1945 0:00:00",1,0,70,"Portugal",46,156,18.9020381328074,"ADPKD",4,1,69,0,1,2,1.5,37.25687826,1.8,29.93566895,2.49,20.28041123,1.7,31.8622367523197,3.43,13.55376673,-9.15423501115985,1,1,2.17,23.18778447,-2.16861307057992,1,1,0,0,2.4,20.04381683,"1/17/2024 0:00:00",104,0,0,0,"6/2/2015 0:00:00",0,2,2,1,5,0,18,0,0," ",0,0," ",0,0,0," ",0,0,0,0,1,1,72,1,0,160,60,23.4375,1,0,"Stroke (ischemic)",1,0.8,78.23588038,0,1.65,94,1,0,0,1,1,2,4,2,0,0,10.98961376,0,0,0,0,10.98961376,2.197233949,7.69230769230769,36,3,0.076923077,4.32715e-07,327811.4167,174610.8804,269.7406101,93.23493589,3.60596e-08,94342.5,61061.23431,145.6964933,56.87001414,1.64792e-05,39268.03538,37018.49449,73.82196599,25.80706157,0,0,0,0,5.40894e-07,0.79228871,0.141848898,0.647106884,0.019680735,0,0,0.219204743,-0.501036136,1.6948e-05,0,1371,45,358789,31563.5,0.098163244,51190.875,0.173772999,5.05621441,19.54541319,0.259902673,5.05621441,19.54541319,0.259902673,0.797323628,42522.8,0.797323628,42522.8,0.980070859,273880.5,0.980070859,273880.5,0.754997219,15598.95,0.754997219,15598.95,0.881976445,96370.5,0.881976445,96370.5,104923.235795455,13.7279677574451,46454.3846153846,3.87101310504128e-06,131662.363964374,2.00384599171081e-05,98292.6363636364,0.000165884452174781,3.51207114151363e-05,2.8720559045828e-05,0.749125049077012,894.51504974129,0.190583770874038,57.9188068114324,0.376391671838806,2.34182758130624e-05,0.117801096756824,0.824235126274098,0.000197328918459037,2.53547024726868,0.000423729783896765,0.960656921285439,351.979566819913,2.90371200498755,10.0182777751576,0.365847329022762,1457.13184984929,0.000115432672693208,0.000902950557883349,1.23892393403066,3.98036068549393e-05,1385.17728575659,0,0.443449985876609,0,0.259752675470302,0.00508232312298958,2.53547023788016,3.63057644816262e-06,11.1437995433807,0,0.119874071962684,0.485862622246043,10.0182779575254,0.904623838686187,0,701.664216153591,0.00304994826307409,0.843807453288042,52056.4545454545,170.396291554539,24613,0,26227.0769230769,1444.19049414358,0,0,0.1140859254614,2.14894649684662e-05,0.182545705492174,0.200467770920247,0,0.584050994344373,0,1.44485153241661,1.85169775007208e-05,0,0,0,0,0,0,0,0.00348347274775236,0,0,0,0,0,0,0,0,0,0,0,0,0,0,0,0.000556164188612656,2.6325835240425,0,0.000565304202989613,0.905424471541657,1.90102056545497
"H15-09412 - 1",1,2,"7/18/2015",19103036,0,"2/27/1945 0:00:00",0,0,70,"Portugal",84,172,28.3937263385614,"Hypertensive Nephrosclerosis",3,1,48,0,2,2,1.9,37.48042469,1.9,37.48042469,1.89,37.71852137,1.9,37.2480460574757,1.36,54.94891375,8.85043384626215,0,0,0,0,0,0,0,0,0,1.68,42.27730286,"7/17/2019 0:00:00",48,0,0,0,"7/24/2015 0:00:00",0,2,2,1,5,0,19,0,0," ",1,6," ",0,1,1,"11/3/2019 0:00:00",1,0,0,0,1,1,71,1,0,160,85,33.203125,0,0,"Head Thrauma",2,0.6,95.90284574,0,1.14,65,0,0,0,1,2,2,5,3,0,0,36.08192335,1,1,1,1,36.08192335,2.760476269,16.6666666666667,32,6,0.157894737,1.57095e-07,309233.1406,188891.1203,247.4929084,111.0470523,2.94554e-08,70539.83333,46666.29975,111.0573938,55.80551307,1.04027e-05,45685.49504,74463.36173,78.6648436,28.37853418,14170.63804,9754.009128,51.91819444,16.21532203,2.70008e-07,0.221347182,0.04857909,0.475250581,0.014541365,0.131230033,0.001104239,0.102217844,-0.465586963,1.04835e-05,0.868769967,2119,55,346721,172865.5,0.559039553,203895.8889,0.548457214,9.685192814,35.12253295,0.208840203,9.685192814,35.12253295,0.208840203,0.221681779,32229.3,0.221681779,32229.3,0.356550729,106204.5,0.356550729,106204.5,0.206638393,20968.45455,0.206638393,20968.45455,0.263051091,63196.625,0.263051091,63196.625,122899.9921875,18.539297910837,64629.4615384615,9.73301363244202e-06,308174.862473708,3.90561479345986e-05,230811.5,0.000441552958108653,0,0.000101746730640688,0.794823330743386,828.524290312764,0.496755755184788,96.3150380305528,2.24200107719196,5.28417891956162e-05,0,0.846170103595458,0,3.85392911617572,0.00102479425468748,2.1836549061078,286.898474152849,2.55587300264801,18.0679197311401,0.563613073781769,863.623557852462,0.000169137969424552,0.0023590534217598,1.146313368875,8.24764563418173e-05,1205.67260174077,0,0.688711925374679,1.32172543270405,0.566527641810151,0.0162308001429696,3.85392908361201,4.91013684898267e-06,0,0.590454455723747,1.30582635870664,0.991166915773855,18.0679199216917,0.898058834320357,0,744.229349452854,0.00462429206561661,0.633910606745617,238752,141.072285614997,0,2.74527378452279e-05,62386.1538461538,660.029205645924,0,2.04021977318219e-05,0,1.95256573229116e-05,0.419010906113986,0.823659840386846,0,0.992134836282918,0,1.57500835958223,2.35215334988504e-05,0,0,0,0,0,71,0.881043990141669,0.00826076341272527,0,0,0,0,0,0,0,0,0,0,0,0.99546576358141,0,0,110325,0.000812678743718945,2.93228269282611,2.53317308605248,0.00135013110420564,0,0
"H15-09412 - 2",1,2,"7/18/2015",98007670,0,"3/21/1955 0:00:00",1,0,60,"Portugal",71,154,29.9375948726598,"Chronic glomerulonephritis (unspecified)",2,1,20,0,2,1,1.1,57.52476157,1.3,47.07540085,1.14,55.11124573,1.26,48.5713738499248,0.98,64.85623533,8.1424307400376,0,0,0.84,77.07009037,7.1246791300188,0,0,0,0,0.88,71.01966237,"5/21/2024 0:00:00",106,0,0,0,"7/26/2015 0:00:00",0,2,2,2,6,0,17,0,0," ",0,0," ",0,0,0," ",0,0,0,0,2,1,71,1,0,160,85,33.203125,0,0,"Head Thrauma",2,0.6,95.90284574,0,1.14,65,0,0,0,1,3,2,6,3,0,0,69.2043,1,1,1,1,69.2043,1.225554083,16.6666666666667,30,5,0.142857143,1.01305e-07,387781.8833,219318.2917,292.4099429,96.86360827,1.68841e-08,71918.4,18677.98784,135.2604936,19.97495603,1.2761e-05,36793.3837,42679.80206,75.08511564,25.32171836,15781.68421,16917.21787,49.68012625,17.19671948,3.57943e-07,0.202128465,0.039284125,0.469520905,0.050536415,0.196090927,0.002346242,0.083668532,-0.506986889,1.28746e-05,0.803909073,3779,106,383046.75,172780.5,0.498723831,213428.7778,0.471418741,9.644552831,30.11378139,0.279305041,9.644552831,30.11378139,0.279305041,0.21530659,186775.0938,0.21530659,186775.0938,0.278194666,1371306,0.278194666,1371306,0.171552786,14896,0.171552786,14896,0.346568002,702412.375,0.346568002,702412.375,110205.8671875,22.2675544193813,68156.7142857143,1.21636330540699e-05,312864.067522321,5.60002997091375e-05,137551.6,0.000433807978317018,3.82297401672044e-05,0.000105505087302794,0.812823756178377,770.756305871402,0.366820684590586,131.681642053116,1.53673103746213,6.61982038097577e-05,0.321625345690224,0.894970431088431,0.000215105477638058,4.62953908102853,0.000121910695072531,2.63875447801564,343.536930749777,2.6748944770075,18.6446477890015,0.531925777720719,748.479081714008,0.000228506576610519,0.000456330262629068,1.28843217261254,8.73438907116948e-05,1385.94200084644,0,0.59085757712638,1.2677328950167,0.517671713030196,0.00401400894772245,4.62953908226767,7.96776414101077e-06,20.5906982421875,0.597176128661993,0,0,18.6446479008757,0.899730212600695,0,770.563173678494,0.00040678003749908,0.72615206981244,138529.4,171.037535040327,126666,2.5471659248821e-05,63554.7142857143,749.879754436614,0,1.98303574361007e-05,0.113704468029181,3.50495087508188e-05,0.439150764418156,0,0,0,0,0,3.53395569125638e-05,0,0,0,0,0,79.6666666666667,0.847698875319364,0.00129369672859773,0,0,0,0,0,0,0,0,0,0,0,0.969047527096002,0,0,91157.5,0,0,2.64949064172221,0.00018877569846971,0.920195318368567,3.89774048229981
"H15-10995 - 2",1,2,"8/29/2015",9004620,0,"6/12/1956 0:00:00",0,0,59,"Portugal",68,169,23.8086901719127,"Hypertensive Nephrosclerosis",3,1,62,0,2,2,1.9,40.13429021,2.2,33.65988988,2.06,36.42329602,2,37.5044590274056,1.81,41.75443345,2.1249872112972,0,0,2.3,30.9343836,-1.6425188568514,0,0,0,0,2.44,28.14208299,"4/2/2024 0:00:00",103,0,0,0,"9/14/2015 0:00:00",0,1,2,1,4,0,15,1,0," ",0,0," ",0,0,0," ",0,0,0,0,2,1,68,1,0,160,75,29.296875,1,0,"Stroke (ischemic)",1,0.8,80.20658109,0,1.41,85,0,0,0,0,2,2,4,2,0,0,50.20325443,1,1,1,1,50.20325443,0.365160215,0,22,0,0,1.80625e-07,345188.2955,170807.4637,278.4383635,79.61575608,0,0,0,0,0,1.1289e-05,43138.71564,41505.21741,80.82116507,29.05397491,21234.05427,17236.65931,54.74890542,17.62554381,2.05255e-07,0.354735677,0.062349524,0.486994781,0.009169798,0.212249035,0.003838882,0.128029141,-0.185867885,1.08765e-05,0.787750965,1375,25,382203,210268.5,0.552992055,179327.9524,0.511134155,7.594862434,27.49885625,0.207647892,7.594862434,27.49885625,0.207647892,0.315823806,26170.91667,0.315823806,26170.91667,0.525633915,64485.5,0.525633915,64485.5,0.247897133,13146.625,0.247897133,13146.625,0.451677152,52219.5,0.451677152,52219.5,162054.848958333,27.7791818891253,97119.1428571429,7.21101048666509e-06,536400.607142857,2.34896223467577e-05,245161.333333333,0.000252611263419813,0,5.30254048902302e-05,0.781446924468861,950.812156616785,0.442809541358805,117.797631987467,1.75673265041385,4.16479735167476e-05,0,0.880639907396776,0,5.35416633742196,3.82452150215315e-05,3.46555115617783,387.723713087981,2.62270932123185,12.8113501866659,0.629036625855082,760.798595823782,0.000111921826376667,0.000195335199933312,1.27513426162125,6.76161586760182e-05,1487.74303148393,0,0.651910200307235,1.30085083141843,0.588939700594874,0.000818560154381988,5.35416631891343,4.67578299249427e-06,0,0.538765652823834,0,0,12.8113499800077,0.898076026115536,0,763.904163192254,0.000155080163657953,0.669731886848738,220177,190.422699802995,0,2.54520628115516e-05,91206.7142857143,898.86771204259,0,1.78344368569092e-05,0,1.62681036557206e-05,0.428292057278932,0,0,0,0,0,2.13840091625292e-05,0,0,0,0,0,0,0,0.00019980924004009,0,0,0,0,0,0,0,0,0,0,0,0,0,0,0,0,0,0,6.17257187181698e-05,0,0
"H15-14813 - 1",1,1,"11/18/2015",19168800,0,"1/28/1953 0:00:00",0,0,62,"Portugal",96,168,34.0136054421769,"Obstructive uropathy (lithiasis)",4,1,27,0,1,2,3.1,21.8918696,1.6,48.41421627,1.53,51.08426723,1.38,57.4593850652804,2.68,25.58892901,-15.9352280276402,1,1,3.33,19.47505832,-9.4960816863201,1,1,0,0,3.33,19.37358179,"12/2/2020 0:00:00",60,1,1,0,"1/4/2016 0:00:00",0,2,2,1,5,0,29,0,1,"6/6/2021",1,1,"6/6/2021 0:00:00",1,0,0," ",0,0,0,0,1,1,78,0,0,170,66,22.8373702422145,1,0,"Stroke (ischemic)",1,0.8,90.58531818,0,1.65,94,1,0,0,1,0,2,3,3,0,0,21.5564,1,1,0,0,21.5564,0.841095284,10,9,0,0,2.40843e-07,336244.1667,150333.7018,286.5131375,69.15200501,0,0,0,0,0,1.50928e-05,55062.84397,65248.36687,79.1880874,29.41522871,36040.30048,36222.0865,60.6367664,19.30517476,4.01405e-07,0.681104847,0.080982056,0.831054051,0.010876376,0.374727144,0.026284673,0.097444992,-0.617733688,1.27813e-05,0.625272856,564,15,379710.5,65514.5,0.163756979,64881.5,0.181049608,5.462834937,21.8604524,0.378976016,5.462834937,21.8604524,0.378976016,0.601466009,32601.35714,0.601466009,32601.35714,0.616962913,61779,0.616962913,61779,0.493233578,14436.625,0.493233578,14436.625,0.745775917,56821,0.745775917,56821,86565.53125,13.3968982696533,34990,6.15640156989333e-06,79209.640625,4.54147108368324e-05,75350,0.000297311711830785,2.24914369236811e-05,6.49755355158761e-05,0.777581400619033,712.415550414809,0.203275647470204,79.8817733990148,0.430654429961339,3.42988637330851e-05,0.197463171350187,0.833971621748219,0.00013212880552331,2.26377940177917,1.57105438971996e-05,0.549711926498858,389.821058018963,3.0168669516938,14.2261633872986,0.242829283865281,1109.06961061676,0.000208152714102226,9.29739700724763e-05,1.14341627836427,4.20868324673709e-05,1440.21947955876,0,0.467351869679485,0,0.208957607231626,0.000561372290280083,2.26377938339526,6.53699725982153e-06,12.7917321523031,0,0,0,14.2261634890891,0.900014413655578,0,606.456721835909,0.000125475157995088,0.836424132327195,64850,198.11612756159,85857.3333333333,0,30097,1041.6421430313,0,0,0.11314914622431,3.27796040117991e-05,0.166884706420616,0,0,0,0,0,3.4560802533694e-05,0,0,0,0,0,0,0,0.00011302671568328,0,0,0,0,0,0,0,0,0,0,0,0,0,0,0,0,0,0,6.46978965927172e-05,0.908386997595056,2.19894111380102
"H16-00638 - 2",1,2,"1/18/2016",17008699,0,"6/5/1972 0:00:00",1,0,43,"Portugal",65,161,25.0761930481077,"Undetermined",5,1,21,0,1,2,1.4,47.87287786,1.4,47.87287786,1.36,49.56743988,1.61,40.2301007026701,1.23,54.88504467,7.32747198366495,0,0,1.27,52.16433501,2.98355857683248,0,0,0,0,1.4,45.27531678,"5/24/2024 0:00:00",100,0,0,0,"1/27/2016 0:00:00",0,0,0,0,0,0,17,0,0," ",0,0," ",0,0,0," ",0,0,0,0,2,1,46,0,0,170,92,31.8339100346021,1,0,"Stroke (ischemic)",1,0.8,110.5325163,0,0.93,43,0,0,0,1,1,2,4,4,0,0,47.27664609,1,1,1,0,0,7.858209301,13.3333333333333,25,4,0.137931034,1.51957e-07,434229.5,169297.7885,321.3209466,80.06977762,2.43132e-08,164755.25,27995.91929,188.751738,36.18744808,1.0485e-05,45093.72174,45311.3043,76.31282668,31.82994701,41472.65654,40939.71336,68.5036688,20.98129286,3.40384e-07,0.351339405,0.065984313,0.472809885,0.011006955,0.471627781,0.010929448,0.139557812,0.141048934,1.08429e-05,0.528372219,1725,56,396934.5,187527,0.396113057,169875.4,0.373053771,6.785123903,30.00868935,0.248235805,6.785123903,30.00868935,0.248235805,0.249509709,31604.75,0.249509709,31604.75,0.293178919,103739,0.293178919,103739,0.21417699,12165.78571,0.21417699,12165.78571,0.331952719,76962.33333,0.331952719,76962.33333,163547.53125,24.3313970565796,83510,4.74967219790211e-06,353093.751953125,1.69285054622069e-05,228716,0.000233752766751798,0,3.26275261203995e-05,0.745667424968321,951.685966623962,0.366186990464114,132.537088361592,1.08632600610322,2.8794176433605e-05,0,0.863872669890107,0,3.75188940763474,1.88987594735943e-05,1.58642679295351,445.431739258439,3.09371094070058,10.5733413696289,0.38641148231149,904.64001952754,0.000121280570710806,0.000118281265216832,1.12796548261797,4.15046878695922e-05,1735.20223561605,0,0.566919852197319,1.21395825191985,0.327252301775492,0.000505984739094516,3.75188930795846,3.64640929772586e-06,0,0.588608367370102,0,0,10.5733416753584,0.898303617045862,0,828.095370551063,0.000105801667968652,0.705068419706058,180867,223.926658167957,0,2.4018483053278e-05,69791.5,1119.06520095869,0,1.60003801186571e-05,0,1.29706197150321e-05,0.344841337198552,0,0,0,0,0,1.98431587352383e-05,0,0,0,0,0,308,0.756884101396296,0.000126965250863095,0,0,0,0,0,0,0,0,0,0,0,0.906984275158387,0,0,175201,0,0,2.55436194348314,5.16264032840611e-05,0,0
"H16-03611 - 1",1,2,"3/23/2016",19488578,0,"2/14/1948 0:00:00",0,0,68,"Portugal",81,167,29.0437089892072,"Undetermined",5,1,52,0,1,2,1.7,43.36827358,1.2,65.87086163,1.16,68.60586628,1,81.4722728271009,1.22,63.38347124,-9.04440079355045,0,1,1.72,41.45449847,-10.0044435892752,0,1,0,0,1.09,71.29830049,"12/9/2021 0:00:00",69,1,1,1,"4/7/2016 0:00:00",0,1,0,0,1,8,19,0,0," ",1,6," ",0,1,1,"2/28/2022 0:00:00",4,1,0,0,1,1,47,1,0,160,75,29.296875,1,0,"Stroke (hemorrhagic)",1,0.7,107.2806757,0,1.01,51,0,0,0,1,0,2,3,3,0,0,10.97906548,0,0,0,0,10.97906548,0.243157598,7.40740740740741,50,4,0.074074074,3.01502e-07,361558.63,168032.8588,288.5062137,86.02351234,2.41202e-08,159030.5,40943.89581,205.0293247,22.56049683,1.94288e-05,41892.15394,43627.09253,76.93324007,28.6373606,29862.96429,16173.68173,63.97824329,13.70605026,4.34163e-07,0.638906788,0.109010628,0.813913649,0.021066721,0.864622332,0,0.133933898,0.018497126,1.98342e-05,0.135377668,3222,72,421593.75,62656.5,0.153659688,64158.52632,0.172294987,4.850077127,20.17452976,0.407180857,4.850077127,20.17452976,0.407180857,0.588658325,30473.21429,0.588658325,30473.21429,0.696434012,255923,0.696434012,255923,0.578902998,12818.36842,0.578902998,12818.36842,0.681333928,198194.25,0.681333928,198194.25,105534.679987981,9.16459925969442,29946.3333333333,4.33573814768008e-06,70613.1927083333,2.60314418030625e-05,80095.9230769231,0.000201401136358383,3.70832246288754e-05,3.67925136877878e-05,0.767898794248736,837.027760310078,0.176281095517778,71.7144690401875,0.348489631521569,2.56082752292529e-05,0.100114815077564,0.880690446191583,0.000198228373289206,1.54721023639043,9.96315100904178e-06,0.452448752291064,274.368969976143,2.96666490645998,11.4308073704059,0.189965838950067,2454.86161560981,0.000142480832460338,5.99034882131002e-05,1.22073031275987,5.2193138725179e-05,1063.4755886029,80.5596923828125,0.450350161052345,0,0.160785130070168,0.00793778847002881,1.54721023196242,4.68201940190795e-06,9.34069967269897,0,0.289201965672929,0.610907762875222,11.4308074186631,0.90362318330902,0.113258841394678,573.721818779256,0.011086650468974,0.85743366703183,70024.0769230769,134.59511281808,51126.25,0,25545,1026.29632611988,0.0684445384175851,0,0.11555925817934,3.92659173040549e-05,0.143725014083755,0.418377222024143,0.706646351817255,0.67393794159427,1.47434604414523,1.34228484826511,2.387588220841e-05,0,0,0,56301,0,0,0,0.00312981403599179,0.0671740223698646,0,0,0,0,0,0,0,0,0,38917,0,0,0,0,5.08995269395809e-05,2.65028160353046,0,3.50149526477417e-05,0.90909223519326,1.7665247838462
"H16-03611 - 2",1,2,"3/22/2016",10004850,0,"9/4/1970 0:00:00",0,0,45,"Portugal",74,169,25.9094569517874,"ADPKD",4,1,44,0,1,2,1.3,69.04019214,1.4,63.16556299,1.53,56.78116478,1.32,67.3665472736572,1.1,82.80561159,7.7195321581714,0,0,1.47,57.74949283,-2.4042636109143,0,0,0,0,1.47,56.45683229,"4/24/2024 0:00:00",97,1,1,1,"3/30/2016 0:00:00",0,2,0,2,4,11,16,0,0," ",0,0," ",0,0,0," ",0,0,0,0,2,1,47,1,0,160,75,29.296875,1,0,"Stroke (hemorrhagic)",1,0.7,107.2806757,0,1.01,51,0,0,0,0,0,2,2,2,0,0,11.66133595,0,0,0,0,11.66133595,0.097557038,0,30,0,0,1.45192e-07,317376.9833,168344.1792,263.2457574,96.7431543,0,0,0,0,0,1.44514e-05,50816.36537,50653.05788,83.54638262,31.97465206,51716.70513,28929.13411,74.35169731,15.11255141,2.90384e-07,0.586231651,0.046080534,0.734368807,0.011517734,0.958954614,0,0.06274849,-0.13940406,1.46364e-05,0.041045386,2986,60,371994,68903,0.211530108,83944.47826,0.228617845,5.614707716,21.20942738,0.420590771,5.614707716,21.20942738,0.420590771,0.582253581,49700.94444,0.582253581,49700.94444,0.998740044,288415,0.998740044,288415,0.533003482,11779.71429,0.533003482,11779.71429,0.754628927,182425.25,0.754628927,182425.25,104012.497295673,11.5469434526232,27142.2222222222,5.15407600698614e-06,94003.9637688531,3.42281592221984e-05,103773.384615385,0.000259890411407944,2.91511439237321e-05,5.18859528883244e-05,0.770994898507328,819.852955748394,0.23034995408594,104.831056741469,0.506096155398661,2.99365348176919e-05,0.144335507684303,0.792716710073469,0.000154122220385729,2.43566689226362,2.57795503586284e-05,0.693957172338604,282.716237693426,2.88216154415067,13.7848203365619,0.206943345851963,1335.02027891401,0.00017121384385597,0.000109035325439567,1.23139068733062,4.40825910155096e-05,1251.03882807396,0,0.490853806120938,0,0.162874100631001,0.000717138380482145,2.43566690295515,5.14950651003007e-06,9.7948325475057,0,0,0,13.7848202775176,0.898906465081943,0,754.723321210584,0.000215243415516853,0.817645509793794,96935.5384615385,140.495594709794,63944,0,21151.1111111111,1245.73593942407,0,0,0.114408502485769,2.48859893885933e-05,0.215640438173544,0,0,0,0,0,2.55999372423388e-05,0,0,0,0,0,0,0,0.000165825576791268,0,0,0,0,0,0,0,0,0,0,0,0,0,0,0,0,0,0,0.00306644740908332,0.910989404250429,1.82412225854628
"H16-04365 - 1",1,2,"4/8/2016",19059320,0,"12/27/1955 0:00:00",0,0,60,"Portugal",59,167,21.1552942020151,"Undetermined",5,2,60,0,1,2,1.3,62.890765,1.4,57.53939053,1.51,52.5468351,1.5,52.6390910948694,1.27,63.48211864,5.4215137725653,0,0,1.26,63.29497143,2.66397008378265,0,0,0,0,1.25,62.6477723,"3/6/2024 0:00:00",95,1,0,0,"4/28/2016 0:00:00",0,1,2,1,4,0,20,0,0," ",0,0," ",0,0,0," ",0,0,0,0,1,1,70,0,0,170,70,24.2214532871972,1,0,"Stroke (hemorrhagic)",1,1.6,46.06433916,0,1.65,94,1,0,0,1,2,2,5,3,0,0,35.1988,1,1,1,1,35.1988,0.236431779,14.2857142857143,37,5,0.119047619,2.10664e-07,318349.2973,201303.6383,262.8291464,111.8523488,2.84681e-08,73460.5,45115.69842,125.061992,55.57425803,1.76559e-05,28350.94099,33795.86179,66.58909943,22.94345916,10933.66667,10339.7112,45.90783583,15.53480797,4.61183e-07,0.59337264,0.067064663,0.50056142,0.01876364,0.29628751,0.03803841,0.13397889,-0.147447855,1.8004e-05,0.70371249,3101,81,326482.5,74061,0.283767017,124081.1429,0.324321984,5.711279619,19.65553261,0.300047095,5.711279619,19.65553261,0.300047095,0.597558973,51391.70588,0.597558973,51391.70588,0.89052772,247117,0.89052772,247117,0.579031108,15771.15,0.579031108,15771.15,0.624027353,102278.2143,0.624027353,102278.2143,95423.783203125,15.8334199852414,63168.8333333333,4.4256529258346e-06,191890.027398003,2.15582547141575e-05,104118.25,0.000183959823645693,3.39438719100434e-05,3.02059884266101e-05,0.748507845961783,861.389059063941,0.193923085802331,69.9126203520947,0.400948103648035,2.67639692133792e-05,0.10096253122398,0.863418498031372,0.000188927011711555,2.87216545475854,0.000119475469704294,1.3091273535598,361.080919628155,2.938919439421,9.37166965007782,0.407585275815991,1179.7141008073,0.000131335174095673,0.000457419896187528,1.23348577023565,3.43046130744738e-05,1394.75735447439,104.165893554688,0.46565803237332,1.25756390027,0.368313045742059,0.00350577154670465,2.87216546207106,4.00252342843681e-06,8.59070014953613,0.605397788311764,0.0407869144899013,0.474050682300652,9.37166958807408,0.901558158062016,0.113516667375067,810.385947726947,0.00839585504175482,0.843998190595447,87914.25,177.833811679807,45536,1.67685069424172e-05,54924.4444444444,1368.2248821242,0.165074929047253,1.15236038444937e-05,0.11400277546489,3.06614609353522e-05,0.301027227552749,0.0685611087439245,0.701238400487254,0.60396688802828,1.62958599948505,0.659174987344852,2.21993558658796e-05,0,0,0,59309,0,308.666666666667,0.704553686568202,0.00141582840214085,0.114604659431373,0,0,0,0,0,0,0,0,0,52432,0.844096001398443,0,0,0,0.00807747504285093,2.18922381813922,2.42150980201991,0.000219586755011615,0.903965464024528,1.5434617668404
"H16-04650 - 2",1,2,"4/14/2016",19021820,0,"5/16/1959 0:00:00",0,0,56,"Portugal",77,168,27.281746031746,"Chronic glomerulonephritis (IgA)",2,2,22,0,2,2,1.5,54.30169921,1.3,64.47493424,1.41,58.48708753,1.3,64.0751896499452,1.09,78.1822402,7.0535252750274,0,0,1.18,70.2036163,1.5321066625137,0,0,0,0,1.85,39.92406908,"5/10/2024 0:00:00",97,1,1,1,"4/21/2016 0:00:00",0,1,1,0,2,0,19,0,0," ",0,0," ",0,0,0," ",0,0,0,0,2,1,61,0,0,170,85,29.4117647058824,1,0,"Stroke (hemorrhagic)",1,0.8,100.6873575,0,1.15,66,0,0,0,0,1,2,3,3,0,0,40.21828685,1,1,1,0,0,0.873499068,0,41,0,0,2.32859e-07,354245.2683,164172.0349,276.732593,95.51311378,0,0,0,0,0,1.23074e-05,40517.75265,43439.82721,74.52510894,27.44644182,26644.25299,25000.84247,54.97733714,17.77499607,1.81744e-07,0.387626822,0.082489153,0.49866994,0.009092784,0.224377015,0.001649525,0.165418339,-0.292057789,1.0588e-05,0.775622985,2167,32,385416,170149.5,0.453252322,174366.6216,0.43906619,7.597448979,24.24806485,0.275461852,7.597448979,24.24806485,0.275461852,0.409680399,24105.58333,0.409680399,24105.58333,0.518194933,62732.5,0.518194933,62732.5,0.387977492,16380.2,0.387977492,16380.2,0.518194933,62732.5,0.518194933,62732.5,129842.360085227,16.152924971147,99715.4545454545,7.66930411119686e-06,413378.488302751,4.08276471350422e-05,187284.363636364,0.000305241976640575,3.12846578379065e-05,7.42859088527336e-05,0.789645251428171,871.156702789943,0.369495613757326,70.6147143427144,1.47048339683592,3.99494404791539e-05,0.287173575633015,0.846483001743339,0.000202068212191037,3.37354904955084,0.00377340007715054,1.91402666781996,358.554581591823,2.67601657576319,15.4390147816051,0.615206007104195,634.639996571373,0.000159402284813753,0.00673142036351447,1.34779413918042,6.24660073719437e-05,1417.22712752898,129,0.595865959009307,1.20123218620902,0.83135264118202,0.0405230697340047,3.37354909808872,7.54734658339712e-06,21.796895980835,0.598415694985113,0,0,15.4390147681809,0.924441861176329,0.114041456271872,725.230663707706,0.00976221124226956,0.716845989553925,184479.727272727,175.659051207618,112545,2.67897782077088e-05,94513.6363636364,839.275926655407,0.680008041907652,1.80356510865973e-05,0.113826895584136,9.00687320512903e-05,0.421335871427507,0,0.630755587999688,0,3.00353627705316,0,3.19967031876159e-05,0,0,0,97000,0,0,0,0.0402329747931582,0.263841118686343,0,0,0,0,0,0,0,0,0,83262,0,0,0,0,0,0,0,0.00433609781293206,0.912033149851181,3.37464482381407
"H16-08527 - 2",1,2,"7/6/2016",13009438,0,"12/4/1958 0:00:00",0,0,57,"Portugal",66,157,26.7759341149742,"Chronic glomerulonephritis (Crescentic GN)",2,1,25,0,2,2,2.1,36.03784138,1.8,43.36056344,2,38.21078222,1.7,46.1511162611432,1.29,63.47624795,8.6625658444284,0,0,1.92,38.90052035,-1.8126489777858,0,0,0,0,1.7,44.66300089,"3/14/2022 0:00:00",68,0,0,0,"7/15/2016 0:00:00",0,2,1,2,5,2,15,0,0," ",1,6," ",0,1,1,"3/17/2022 0:00:00",1,1,0,0,2,1,66,1,0,160,83,32.421875,0,0,"Head Thrauma",2,0.8,81.21046918,0,1.09,61,0,0,0,0,2,2,4,3,0,0,44.58805472,1,1,1,1,44.58805472,1.012554591,0,32,0,0,1.9476e-07,279425.25,133609.5281,254.58345,75.64091652,0,0,0,0,0,1.37975e-05,31884.5805,35299.76546,66.55262875,22.07961517,14175.04704,25693.22646,47.48620685,14.04986352,3.65174e-07,0.288162311,0.05442074,0.439927431,0.017152956,0.394089393,0.004583507,0.123703902,-0.286133755,1.65351e-05,0.605910607,2267,60,261414.5,146207.5,0.560246684,159831.1034,0.522266421,8.644154806,31.81790759,0.171218635,8.644154806,31.81790759,0.171218635,0.33641489,24279.03846,0.33641489,24279.03846,0.262169617,70778,0.262169617,70778,0.328381294,17805.09091,0.328381294,17805.09091,0.380599671,59885.75,0.380599671,59885.75,94608.849609375,23.45736515522,114860.125,1.15813459281769e-05,579164.588546753,7.30606876435484e-05,92105.5,0.000449009313512397,0,0.000122379846746018,0.808581131554203,671.295130288522,0.297364762077925,130.797212166274,1.05335767825022,5.82547440713574e-05,0,0.871212368369291,0,4.66445831954479,3.42899076501394e-05,2.78302662921341,406.786201792379,2.72208241759578,20.3414325714111,0.555884738830982,866.528287268862,0.000267244982478641,0.000154534939080882,1.21493841706601,7.33011511630746e-05,1611.01281919475,0,0.552933588913102,1.1886334427512,0.54067453307868,0.000832398138681129,4.66445827664992,1.01035143058871e-05,0,0.554056914751335,0,0,20.3414328663769,0.900586379384172,0,658.423835095212,0.000224427668877608,0.77173109151693,97976.75,203.383538166782,0,2.35676252569788e-05,108932.75,682.110494498264,0,1.84932267735667e-05,0,4.36236391328192e-05,0.433119453614875,0,0,0,0,0,5.16191661699261e-05,0,0,0,0,0,0,0,0.000204049151032032,0,0,0,0,0,0,0,0,0,0,0,0,0,0,0,0,0,0,0.000144201516448145,0,0
"H16-09934 - 1",1,2,"8/6/2016",15047412,0,"5/3/1953 0:00:00",0,0,63,"Portugal",72,165,26.4462809917355,"Diabetic nephropathy",1,2,23,0,1,2,1.4,56.4757796,1.3,61.72823435,1.29,62.30289469,1.2,67.5300971745037,1.2,66.69531983,-0.417388672251846,0,0,0.93,89.43989924,5.47745051637408,0,0,0,0,1.04,76.97137467,"11/28/2023 0:00:00",88,1,1,1,"8/13/2016 0:00:00",0,1,1,1,3,2,17,0,0," ",0,0," ",0,0,0," ",0,0,0,0,1,1,65,0,0,170,89,30.7958477508651,1,0,"Stroke (hemorrhagic)",1,0.7,102.254983,0,1.2,71,0,0,0,1,1,2,4,4,0,0,9.697128725,0,0,0,0,0,0.224598857,12.5,28,3,0.096774194,1.82656e-07,414664.8929,220248.8958,297.3776317,103.6865532,1.95703e-08,144675.6667,105211.2341,157.8712723,105.579329,8.96973e-06,48800.15891,64396.71628,80.4825555,30.95422553,124340.7857,243213.7659,78.22260808,60.27030197,4.43594e-07,0.575159808,0.075741183,0.437724365,0.032688999,2.928480825,0,0.173033967,-0.269010209,9.19979e-06,-1.928480825,1375,68,408369.25,61352,0.193902563,122581.5789,0.298272423,5.664411246,20.78331857,0.270312579,5.664411246,20.78331857,0.270312579,0.687743406,50813.30769,0.687743406,50813.30769,0.957946474,355487.5,0.957946474,355487.5,0.634398541,16734.075,0.634398541,16734.075,0.865559624,164410.75,0.865559624,164410.75,102056.78125,15.263744354248,61786,3.80343128569214e-06,195969.80480957,2.06262032385598e-05,139241.666666667,0.000178219505479118,4.38202472199714e-05,3.10507787410075e-05,0.724878384781557,950.048804011715,0.233622492864429,67.9537150851879,0.508582967100944,2.24552615810734e-05,0.146705885252863,0.844655225102094,0.000193137017118495,2.85992489755154,2.76982523718573e-05,1.07978075172232,354.872104832572,2.93355187885604,10.6691274642944,0.330864306171486,1238.69928716071,0.000117654946833246,0.00013176446203303,1.27512902541098,3.51625612622694e-05,1460.88674144833,0,0.48456718854976,1.76766974064228,0.295589783863635,0.000685736671162362,2.85992493154406,3.01027582846172e-06,9.57225545247396,0.642672931627147,0,0.430998139807699,10.6691271828746,0.904656021102936,0,811.388705250127,0.000184166251097208,0.812264403245367,121766.666666667,170.750404633026,85982.4444444444,1.83629800498327e-05,56349.625,1261.40375057488,0,1.54065125213314e-05,0.114907566756421,2.10699466711217e-05,0.267513656406952,0,0,0.474390441054756,0,1.32799917156198,1.46878904556401e-05,0,0,0,0,0,0,0,0.000158456109954306,0,0,0,0,0,0,0,0,0,0,0,0,0,0,249772,0,2.88927594861032,0,0.000158207889589743,0.90422410356675,1.78765580559363
"H16-09934 - 2",1,2,"8/6/2016",17016122,0,"10/22/1957 0:00:00",0,0,58,"Portugal",77,162,29.3400396281055,"Diabetic nephropathy",1,1,18,0,1,2,1.4,58.2595697,1.2,70.0976438,1.41,57.76409589,1.3,63.283120348576,1.44,55.28189251,-4.000613919288,0,0,1.64,46.70928935,-4.143457749644,0,0,0,0,1.4,55.31129915,"2/26/2024 0:00:00",91,1,1,1,"8/17/2016 0:00:00",0,1,1,0,2,0,19,1,0," ",0,0," ",0,0,0," ",0,0,0,0,2,1,65,0,0,170,89,30.7958477508651,1,0,"Stroke (hemorrhagic)",1,0.7,102.254983,0,1.2,71,0,0,0,0,1,2,3,3,0,0,18.17581335,1,0,0,0,18.17581335,0.535186515,0,29,0,0,1.85648e-07,302483.0862,240531.627,239.1355388,153.1339991,0,0,0,0,0,7.86765e-06,61027.36493,97822.99774,82.59382869,32.99848208,30130.42473,115232.0795,61.73959643,33.98175785,3.32887e-07,0.537735256,0.056155484,0.480141872,0.026983491,0.583420444,0.016648437,0.116956023,-0.179249605,9.00842e-06,0.416579556,1229,52,0,0,0,103808.9474,0.246800553,6.06206866,21.37003963,0.275421712,6.06206866,21.37003963,0.275421712,0.637726305,51598.97619,0.637726305,51598.97619,0.983793661,212679,0.983793661,212679,0.619693606,17816.125,0.619693606,17816.125,0.661769902,96642.77778,0.661769902,96642.77778,106648.673177083,10.0276362101237,30988.5,3.95269473723567e-06,89559.9599329631,1.8461600844552e-05,123746.166666667,0.000153492233800461,1.38396254459156e-05,2.8068578290875e-05,0.746831524145151,900.392196223616,0.218312010952334,37.1892117140373,0.506098731843466,2.54034413241038e-05,0.245473870705144,0.843800554730022,8.56099239019142e-05,2.05572386582692,0.00207115563328709,1.08084527148115,175.234520826371,2.97121424067515,10.276140054067,0.499074230390942,883.838898985027,0.000101035450448158,0.00468500137461089,1.12860607962197,4.51933198116202e-05,774.218953982495,0,0.485585856225301,0,0.546714655887973,0.0352257900236124,2.05572387759323,2.96197396125394e-06,13.5906982421875,0,0,0,10.2761401978043,0.941924747867595,0,717.45755046934,0.0162277536715533,0.833230043684295,38772.6666666667,90.2002561609485,112059,0,44018.6666666667,1221.52577041116,0,0,0.11346099956508,1.97285286991913e-05,0.276616452683422,0,0,0,0,0,1.56752923264429e-05,0,0,0,0,0,0,0,0.0305315399313009,0,0,0,0,0,0,0,0,0,0,0,0,0,0,0,0,0,0,0.00348433565064117,0.905312582621,2.22014436568156
"H17-01673 - 2",1,2,"2/5/2017",19634416,0,"1/16/1959 0:00:00",0,0,58,"Portugal",96,173,32.075912994086,"Undetermined",5,1,80,0,1,2,3.2,21.60433692,3,23.34400727,2.67,26.8477195,2.53,28.4626467277991,2.55,27.84643968,-0.30810352389955,1,1,3.01,22.53907469,-1.48089300944978,1,1,0,0,2.15,33.26154036,"5/22/2024 0:00:00",87,0,0,0,"3/10/2017 0:00:00",0,1,2,2,5,20,19,0,0," ",0,0," ",0,0,0," ",0,0,0,0,2,1,64,1,0,160,90,35.15625,0,0,"Head Thrauma",2,0.8,82.22692221,0,1.09,61,0,0,0,0,3,0,3,4,0,0,9.027472037,0,0,0,1,0,0.010478177,0,20,0,0,1.5363e-07,249885.1,108221.1902,231.2894989,77.95651146,0,0,0,0,0,1.92191e-05,30407.42626,29103.54348,66.55259755,21.28637762,20363.3929,19118.22275,55.34800038,16.10270805,4.68571e-07,0.4084906,0.038389845,0.584403714,0.041407944,0.311459368,0.012751401,0.065690624,-0.495758147,1.82155e-05,0.688540632,2502,61,300310.5,44892,0.214355825,70552.41667,0.246684289,5.362101656,23.32368708,0.222246712,5.362101656,23.32368708,0.222246712,0.412058933,245800.5833,0.412058933,245800.5833,0.738546412,2796205.5,0.738546412,2796205.5,0.373745655,9782.9,0.373745655,9782.9,0.603625321,1425889,0.603625321,1425889,85120.5703125,12.2463715726679,66698.6363636364,4.70327970609605e-06,190383.502530185,3.59381634611938e-05,12725.5,0.000202348617054269,0,4.26100907838933e-05,0.756434704235272,705.060921553081,0.0411449369851741,87.6196502448817,0.0599898945892617,1.85735593231173e-05,0,0.86468068111011,0,2.15369127013467,9.9158094024576e-06,0.763063231891509,399.469865385682,3.10823747118856,11.1813063621521,0.270210001784125,1458.29464181563,0.000170664756319583,5.53562827254476e-05,1.23216837238443,3.56916057704632e-05,1544.16492757807,0,0.329078748252194,0,0.195064458281294,0.000856124096945076,2.15369126554317,7.64547969035914e-06,0,0,0,0,11.1813063227731,0.902040866052516,0,751.696758188569,0.000583876383322325,0.96298758030328,14822.5,197.153331605403,0,0,48885.4545454545,1155.05959664122,0,0,0,0.000118388055622584,0.189829713439628,0,0,0,0,0,3.98385697370713e-05,0,0,0,0,0,0,0,0.000227492766104611,0,0,0,0,0,0,0,0,0,0,0,0,0,0,0,0,0,0,5.51175417217802e-05,0,0
"H17-02019 - 1",1,3,"2/11/2017",8003577,0,"6/18/1958 0:00:00",1,0,58,"Portugal",60,150,26.6666666666667,"Obstructive uropathy (lithiasis)",4,1,68,0,2,2,1.5,40.14380679,1.5,40.14380679,1.24,50.44545487,1.6,36.9218180590117,1.27,48.11279387,5.59548790549415,0,0,1.83,30.65361645,-1.56705040225292,0,0,0,0,1.44,40.12795926,"5/27/2024 0:00:00",87,0,0,0,"2/22/2017 0:00:00",1,2,2,2,6,6,15,0,0," ",0,0," ",0,0,0," ",0,0,0,0,1,1,67,0,0,170,80,27.681660899654,1,0,"Stroke (ischemic)",1,1.5,50.71101886,0,1.47,88,1,0,0,1,2,2,5,3,0,0,28.46750202,1,1,1,1,28.46750202,0.411942566,18.75,44,9,0.169811321,1.65447e-07,349215.3523,208396.4073,257.7979564,122.8310372,3.38414e-08,89590.88889,26693.37047,130.8193227,32.75624324,7.10669e-06,54845.02143,55281.20703,87.34288827,31.5592292,30593.87421,42462.86819,64.49567111,24.3338981,2.63211e-07,0.292618295,0.057776584,0.389766823,0.02387408,0.398145707,0.003652548,0.148233714,-0.416503722,7.7863e-06,0.601854293,1890,70,413910.0405,216300.8649,0.554404434,230724.6765,0.53204585,9.59312079,33.30868587,0.245507129,9.59312079,33.30868587,0.245507129,0.367595445,68810.22222,0.367595445,68810.22222,0.694558028,266303,0.694558028,266303,0.306965104,13165.83333,0.306965104,13165.83333,0.488856128,180099,0.488856128,180099,167368.33125,16.18863149484,33902.75,1.03267698399555e-05,218746.227266947,2.83505985695152e-05,291684.2,0.000378959146493088,1.90445666531166e-05,7.77726632939349e-05,0.805999144399929,1000.01448957754,0.516651729880235,145.581627771952,2.93477539180803,5.81200400956065e-05,0.395786677414983,0.885792206852563,0.000107308821540164,4.3726810614268,0.000971046963363705,3.29693722462918,157.188128690904,2.75463805676677,15.651095199585,0.667180479003443,465.978825392642,0.000137527169572537,0.00286335943348121,1.38203586594481,6.3364593349014e-05,994.011411359422,93.3162956237793,0.700194303210887,1.3262015809854,1.05384820956,0.0162085268786361,4.37268101864452,4.65627197479548e-06,26.8860478401184,0.555359185189206,0.707958228303925,0.872830443652623,15.6510954628974,0.922811411927269,0.115975821723391,897.046400408447,0.00282107666631868,0.620306498167879,283747.2,78.7073134294152,260977,3.05950728009451e-05,35641.0833333333,677.729244327245,0.590212842356023,2.39919740411195e-05,0.115984458895724,2.00586570388276e-05,0.486462162223065,0.736204414587332,0.832985349770935,0.88222936556388,3.19653872396249,0.633837798549143,2.22045414989171e-05,0,0,0,95734.5,0,267,0.860297565971912,0.014719921662054,0.241134009187239,0,0,0,0,0,0,0,0,0,72227.5,0.978768400811183,0,0,97604.625,0.000357413730929025,2.14659409988347,2.26631647403717,0.00166124577452721,0.922747133113352,4.81254494665109
"H17-03700 - 2",1,2,"3/17/2017",19757484,0,"11/2/1961 0:00:00",1,0,55,"Portugal",64,167,22.9481157445588,"ADPKD",4,1,45,0,2,2,1.1,59.34168382,1.2,53.458109,1.18,54.54722716,0.97,68.581029263742,1.28,48.55971186,-10.010658701871,0,1,1.27,48.41295418,-5.0420187709355,0,1,0,0,1.4,42.39209086,"5/22/2024 0:00:00",86,1,1,1,"3/24/2017 0:00:00",0,1,2,0,3,0,21,0,0," ",0,0," ",0,0,0," ",0,0,0,0,2,1,69,0,0,170,90,31.1418685121107,1,0,"Stroke (hemorrhagic)",1,0.7,99.74254616,0,1.28,77,0,0,0,0,1,2,3,3,0,0,22.56777209,1,1,0,0,22.56777209,0.164593578,0,34,0,0,3.36459e-07,206256.1618,99347.08616,215.1048972,65.58941555,0,0,0,0,0,1.34386e-05,35187.83984,47716.83413,73.26464999,24.67291573,10474.56259,7966.732255,45.60677028,13.66471124,2.96876e-07,0.339736806,0.069396766,0.472874352,0.021309569,0.256976862,0.003220641,0.146755191,-0.455617705,1.76965e-05,0.743023138,1358,30,212502.5606,122855.1212,0.584584779,134520.8214,0.593077515,9.490267753,35.81657141,0.163646701,9.490267753,35.81657141,0.163646701,0.360674319,68199,0.360674319,68199,0.695735393,286675.5,0.695735393,286675.5,0.243847891,16295.33333,0.243847891,16295.33333,0.711153605,223910,0.711153605,223910,107235.8046875,24.5195719401042,83426.9523809524,1.10278688435948e-05,476591.311471122,6.04482310980555e-05,86642,0.000326235313115158,4.95544654045582e-05,9.65665900545113e-05,0.810476554390816,689.337683285039,0.258819804157033,112.72006665162,0.955476605488144,6.0874709188242e-05,0.242747166467394,0.892363898449664,0.000254953311214116,5.29295176551456,0.000790990362873063,3.3701781014964,353.505868748778,2.85058887726954,20.2355289459229,0.623978280512802,593.565582149466,0.000204215014617369,0.00182763279319938,1.10876835065706,7.93452053952809e-05,1391.03193070915,0,0.486346381666899,1.24136766384529,0.609906680090646,0.000942755448673753,5.2929517735816,8.30623570370186e-06,18.996826171875,0.569804047125997,0,0,20.2355285134813,0.901751409101724,0,712.241535999102,0.00382971909181868,0.783872882270586,100477,172.710094387399,18,3.35227328456048e-05,80954.6190476191,484.656055337661,0,3.1842345176569e-05,0.116429765205295,4.26082883398827e-05,0.526837654796157,0,0,0,0,0,3.28132473915859e-05,0,0,0,0,0,0,0,0.000227456756404347,0,0,0,0,0,0,0,0,0,0,0,0,0,0,0,0,0,0,0.00091779056054776,0.920615251701479,3.69235289084833
"H17-05601 - 2",1,2,"4/27/2017",11015447,0,"6/19/1953 0:00:00",0,0,63,"Portugal",86,180,26.5432098765432,"Undetermined",5,2,35,0,2,2,1.1,75.43009511,1.1,75.43009511,1.09,76.26127818,1.09,71,0,0,0,0,0,0,0,0,0,0,0,0,1.16,70.14615161,"11/24/2017 0:00:00",7,1,1,1,"5/8/2017 0:00:00",0,2,0,0,2,16,19,0,0," ",1,6," ",0,1,1,"12/15/2017 0:00:00",1,1,0,0,2,1,52,0,0,170,75,25.9515570934256,1,0,"Stroke (ischemic)",1,2.5,30.15775097,0,1.19,70,0,0,0,1,1,2,4,4,0,0,25.17714945,1,1,1,1,25.17714945,0.375859016,6.25,63,5,0.073529412,1.44596e-07,375569.6984,211860.6651,290.1315391,110.3573899,1.14759e-08,166616.2,221793.7487,149.8091618,114.165735,1.03467e-05,43165.2398,46544.39442,77.26040594,26.77334361,33924.79025,38426.75744,53.43017275,16.15538567,3.02964e-07,0.31621485,0.05430605,0.446616931,0.027293631,0.250307807,0.0255735,0.121594248,-0.287701439,9.81166e-06,0.749692193,4508,132,398485.5593,211306.0847,0.49771999,222902.3393,0.520361797,6.92186362,24.73234753,0.237589168,6.92186362,24.73234753,0.237589168,0.28221586,31586.175,0.28221586,31586.175,0.526422804,282133.5,0.526422804,282133.5,0.255125764,15187.77778,0.255125764,15187.77778,0.526026728,179171.75,0.526026728,179171.75,126270.23828125,20.0572975614797,67679.1739130435,1.02254008257986e-05,321329.248271113,4.09853298527656e-05,216970,0.000429857323064834,5.51721154319518e-05,0.000102442897557848,0.803109058273529,791.657571430965,0.486272402303748,156.123122402736,2.21874966422381,6.06742014157855e-05,0.303717724373122,0.849267926788046,0.000286260076021056,3.90863147507543,8.55476006091715e-05,2.02638837023462,340.162968364055,2.70362830575131,18.2861042022705,0.436987813771108,810.434496257805,0.000171979505676129,0.000311748834484476,1.09466287939747,4.83884159691463e-05,1392.94343980835,0,0.701503562051391,1.21476040102407,0.454741582058997,0.00158307486942754,3.90863152011415,5.58850939995054e-06,18.5860471725464,0.568044885185038,0.628874347979799,0.908074904734266,18.2861040656824,0.906961721550341,0,818.141484321719,0.000649208896327695,0.665142784104769,206091.5,167.323985856592,208676,2.17768293322786e-05,66223.1304347826,926.38849554663,0,1.60381443004822e-05,0.115052693713593,2.10310215282937e-05,0.474984635554225,0.504908092494786,0,0.938683706414081,0,1.25061237196323,2.39709403730716e-05,0,0,0,0,0,232,0.788909067075257,0.000520232269303008,0,0,0,0,0,0,0,0,0,0,0,0.917996919910072,0,0,0,0.00097390349274517,3.52213868307749,2.38428135315063,0.000523980332163406,0.919358080868419,3.54752138176342
"H17-07256 - 1",1,2,"6/2/2017",19464534,0,"8/1/1964 0:00:00",1,0,52,"Portugal",72,150,32,"Undetermined",5,2,13,0,2,2,1.8,33.48166942,2,29.5051696,1.65,37.16664651,1.71,35.3865130757431,0,0,0,0,0,0,0,0,0,0,0,0,1.71,35.18899498,"6/25/2018 0:00:00",13,0,0,0,"6/12/2017 0:00:00",0,2,1,1,4,3,22,0,0," ",1,6," ",0,1,1,"8/9/2018 0:00:00",4,1,0,0,1,1,63,1,0,160,100,39.0625,1,0,"Stroke (hemorrhagic)",1,0.8,82.73990965,0,1.26,75,0,0,0,1,2,2,5,3,0,0,43.58120282,1,1,1,1,43.58120282,0.096386421,12.1212121212121,58,8,0.121212121,2.34016e-07,297569.6121,171446.0628,250.4420275,90.392141,3.2278e-08,132634.875,28087.64488,162.7364892,25.76257134,9.22344e-06,53350.29221,72442.76514,83.65269677,31.80509442,0,0,0,0,3.42954e-07,0.237741746,0.069635951,0.492073486,0.02039319,0,0,0.141515348,-0.465881638,9.48974e-06,0,2286,85,313267.1545,170655.4182,0.549147543,183282.14,0.543545324,8.174428695,34.5749384,0.164625463,8.174428695,34.5749384,0.164625463,0.30504739,81974.91176,0.30504739,81974.91176,0.584643599,897706,0.584643599,897706,0.245978962,12030.80769,0.245978962,12030.80769,0.49701978,309293.25,0.49701978,309293.25,167424.9609375,23.1842272385307,76407.4782608696,8.68346287791694e-06,400476.047639266,3.1575644655167e-05,253270.666666667,0.000273112891723896,4.8601655282068e-05,6.80371877461053e-05,0.794720236151161,969.039983997029,0.440681775862199,117.902392350255,2.1141645019528,4.97595923585961e-05,0.302313690262636,0.894414529180019,0.000231481903326625,4.8149981809699,6.50513062463964e-05,2.94293202702974,331.727273444496,2.68611434389838,15.3106018702189,0.562110219628375,793.034566123463,0.000125242345105999,0.000299036488180837,1.37581732653884,0.000121975999438069,1334.67037693431,0,0.645107319970501,1.34621450296158,0.543184097119901,0.00168514707251758,4.81499818562956,5.52599377426178e-06,19.3937969207764,0.556686527101797,0,0,15.3106017562664,0.901344293123409,0,585.471326802194,0.00082804358091409,0.668525599316905,252650,163.93475148776,169884.666666667,2.85492040776846e-05,73726.347826087,496.273247485938,0,2.33709886731474e-05,0.11600398168709,2.14731775408485e-05,0.472278377094925,0,0,0,0,0,2.44823609804817e-05,0,0,0,0,0,198.666666666667,0.760859376701796,0.000473456849049292,0,0,0,0,0,0,0,0,0,8.25122007292351e-05,0,0.904120627391303,0,320.5,153184.833333333,0,0,2.45941341597762,0.000112537807494522,0.916245394608275,3.68341476824697
"H17-14151 - 1",1,2,"11/8/2017",19705057,0,"8/10/1957 0:00:00",0,0,60,"Portugal",72,175,23.5102040816327,"ADPKD",4,2,27,0,2,2,3.8,17.3611538,3.5,19.16184166,2.95,23.52515433,2.69,26.1165109515339,0,0,0,1,1,0,0,0,1,1,0,0,6.81,8.555534299,"10/30/2018 0:00:00",12,0,0,0,"11/30/2017 0:00:00",2,1,2,1,4,0,28,0,0," ",1,6," ",0,1,1,"11/1/2018 0:00:00",4,1,0,0,1,1,81,0,0,170,60,20.7612456747405,1,0,"Stroke (ischemic)",1,0.3,119.56315,0,1.62,94,1,0,0,1,1,2,4,2,0,0,14.15367739,0,0,0,0,14.15367739,0.561592119,5.88235294117647,31,2,0.060606061,1.80309e-07,417365.3226,209861.1204,306.9791314,68.74243655,1.16328e-08,145277.25,14463.25,185.5263782,16.03006553,1.22843e-05,37235.91832,32480.47724,74.62048158,24.2535361,17539.35421,14330.24687,52.65340564,12.35398039,2.44289e-07,0.316797333,0.075254674,0.457416059,0.019231481,0.383482584,0.007281031,0.164521278,-0.202766233,1.35997e-05,0.616517416,2112,42,417365.3226,218397.3548,0.531390763,223165.1,0.522932933,8.12156356,25.80223551,0.273780671,8.12156356,25.80223551,0.273780671,0.283991403,54681.5,0.283991403,54681.5,0.574236765,390398,0.574236765,390398,0.232276515,14459.1875,0.232276515,14459.1875,0.42189777,161941,0.42189777,161941,144021.3984375,24.5829467773438,108056.375,8.96134592784511e-06,541962.1171875,3.17067539411942e-05,202068.5,0.000338037655266783,9.90156029198151e-06,7.02319797705326e-05,0.796493841558585,855.927660709306,0.433032747822424,133.604236888828,1.81312132867451,5.67840796682566e-05,0.46286785045672,0.898149661165996,5.31010669863354e-05,5.01009419560432,2.99225057254132e-05,2.96076676948931,427.97916346763,2.88576746011514,14.7927122116089,0.57019190627499,703.500995397134,0.000152945488934629,0.000142427744151406,1.20440793510415,6.26669163669e-05,1679.47749263447,118.51318359375,0.65166790859024,1.21705464288392,0.550461744378058,0.000776790020452019,5.01009423653084,5.77992579330777e-06,25.5751962661743,0.551820039706797,0,0,14.7927120823598,0.901519739210633,0.113905706664525,833.027804676418,0.000125576794007735,0.687361534244114,188639.5,208.920108762918,491041.5,2.45835886748959e-05,103171.625,781.493538670234,0.114201743442741,1.94328056716003e-05,0.117282437090655,2.0675971671913e-05,0.485675435357424,0,0.776741035642552,0,1.77980665162737,0,2.71769632582124e-05,0,0,0,38511,0,396,0.742687794423315,0.000204827175951793,0.12891552754071,0,0,0,0,0,0,0,0,0,19172,0.886621661763911,0,0,0,0,0,2.29912092048558,5.09953310659926e-05,0.938061468684658,4.76943634580923
"H17-15066 - 2",1,2,"11/28/2017",99017373,0,"12/28/1959 0:00:00",1,0,57,"Portugal",71,159,28.084332107116,"CAKUT",4,1,11,0,1,2,1.4,43.8808902,1.2,52.79728338,1.23,51.25579081,1.3,47.6646097790312,1.2,51.82132991,2.0783600654844,0,0,1.07,58.73047334,2.7664658902422,0,0,0,0,1.07,57.98643851,"1/16/2024 0:00:00",74,0,0,0,"12/5/2017 0:00:00",0,1,0,0,1,0,23,0,0," ",0,0," ",0,0,0," ",0,0,0,0,2,1,75,0,0,170,75,25.9515570934256,1,0,"Stroke (hemorrhagic - aneurysm rupture)",1,0.6,100.6682074,0,1.42,86,1,0,0,0,2,2,4,3,0,0,32.92765069,1,1,1,1,32.92765069,0.082230309,0,17,0,0,1.63323e-07,298236.1765,100676.5356,265.7503287,71.00040089,0,0,0,0,0,1.12501e-05,44429.68702,39047.61119,77.83416532,23.59409477,26333.66924,18085.19957,64.36466511,15.25854153,3.26646e-07,0.456086404,0.048708885,0.499837791,0.014223096,0.339239416,0.006877556,0.097449383,-0.339169595,1.19523e-05,0.660760584,1171,34,316722.75,104625.5,0.335121911,104625.5,0.335121911,6.768943268,23.42513094,0.283810248,6.768943268,23.42513094,0.283810248,0.462675183,56161.09091,0.462675183,56161.09091,0.592138114,190693.5,0.592138114,190693.5,0.371714967,16565.78571,0.371714967,16565.78571,0.621855561,125452.875,0.621855561,125452.875,64160.0556640625,15.2422485351562,94964.25,8.20910039494623e-06,307842.490844727,6.99994964710228e-05,78555.25,0.000472900095096073,0,0.000105414167964301,0.769369519653909,673.524009895663,0.24236884031978,68.6643615004104,0.556754095408661,5.08813388353585e-05,0,0.835192722938444,0,2.82533943653107,0.000173152446881315,1.50206389796971,396.685630758126,2.82365956792867,18.3907413482666,0.51865351998629,1352.79267852808,0.000312149075644299,0.000572183461220583,1.17789646724846,5.06730585150194e-05,1408.60373285934,0,0.505952869259196,1.24742880923473,0.398489735487316,0.00178936609405291,2.82533944157262,6.9102766880329e-06,0,0.644945997700203,0,0,18.3907413586139,0.909627812074767,0,760.319794718434,0.00167442248170782,0.808530746021741,74711.5,194.275948395875,0,2.79400126764253e-05,81690,1205.61155089672,0,2.00230765458691e-05,0,3.81708295835387e-05,0.375476140021548,0,0,0,0,0,3.20951717861435e-05,0,0,0,0,0,0,0,0.000566480963889452,0,0,0,0,0,0,0,0,0,0,0,0,0,0,0,0,0,0,0.000391780385129346,0,0
"H17-16126 - 1",1,2,"12/20/2017",19651038,0,"5/9/1961 0:00:00",0,0,56,"Portugal",81,164,30.116002379536,"Diabetic nephropathy",1,1,103,0,1,2,1.3,64.47493424,1.1,78.78648196,1.03,85.25468635,1.26,66.5238336539292,1.44,55.9738162,-5.2750087269646,0,1,1.9,39.63816777,-6.7214164709823,0,1,0,0,1.9,39.16278937,"4/17/2024 0:00:00",76,1,1,1,"1/8/2018 0:00:00",0,1,1,1,3,4,19,1,0," ",0,0," ",0,0,0," ",0,0,0,0,1,1,54,0,0,170,81,28.0276816608997,1,0,"Stroke (ischemic)",1,0.6,114.7132264,0,0.99,49,0,0,0,1,2,2,5,4,0,0,33.4538,1,1,1,1,33.4538,0.195292697,16.6666666666667,30,5,0.142857143,1.3371e-07,229229.9,146629.4442,215.8617307,98.38350081,2.22851e-08,135106.5,85368.21406,150.8226957,21.18288141,1.17398e-05,36610.77126,38624.7633,70.28688765,23.97031765,30098.71101,26910.80182,65.50755019,22.64888246,2.62964e-07,0.353828151,0.030650418,0.429802096,0.021207722,0.372605661,0.031165053,0.071312863,-0.065321761,1.1914e-05,0.627394339,2634,59,254034.1481,130829.1481,0.493436368,137986.44,0.485039188,7.883728768,34.13471882,0.162842474,7.883728768,34.13471882,0.162842474,0.47812586,87251.65789,0.47812586,87251.65789,0.675685469,1221420.5,0.675685469,1221420.5,0.448830737,12895,0.448830737,12895,0.58798257,366089.125,0.58798257,366089.125,85399.0078125,16.6585159301758,74856.55,1.01217076780388e-05,283259.932067871,5.73622399961594e-05,114858,0.000374628665372256,0,0.000105253874204563,0.792692603298322,800.272826931948,0.339937255830472,93.828466655597,1.1625591001243,5.02678379019548e-05,0,0.863333594827492,0,3.41091973185539,0.000650684158067763,1.92077986664951,341.742254737248,2.63181826715051,19.3815536499023,0.507377230582868,954.678999479661,0.000204168631082966,0.00165410784412468,1.45210580024117,5.35405542719362e-05,1402.71488912107,0,0.589022442152025,1.20650588905942,0.514336813239986,0.00196195398923996,3.41091972938636,6.50059179087228e-06,0,0.552906070118662,0,0,19.3815540808402,0.907200981952581,0,729.363685256851,0.00416112277702868,0.75291679585115,124425,166.046321490612,0,2.38618599201804e-05,71374.55,1047.83306677656,0,1.76220015535603e-05,0,2.97752232343915e-05,0.424461492261651,0,0,0,0,0,2.89676738967977e-05,0,0,0,0,0,217.5,0.84169738283596,0.000595471119404655,0,0,0,0,0,0,0,0,0,0,0,0.963493555987296,6,0,105447.25,0,0,2.36894168085756,0.00247719465874663,0,0
"H17-16126 - 2",1,2,"12/20/2017",19661009,0,"1/26/1983 0:00:00",1,0,34,"Portugal",69,164,25.6543723973825,"CAKUT",4,1,37,0,1,2,1,75.81449506,1.1,67.62091213,1.37,51.96220432,1.64,41.6139193911487,1.89,34.66530767,-3.47430586057435,0,0,3.05,19.27912866,-5.58369768278717,1,1,0,0,6.52,7.679654346,"6/26/2023 0:00:00",66,0,0,0,"12/28/2017 0:00:00",0,2,0,0,2,6,22,0,1,"6/26/2023",1,1,"6/26/2023 0:00:00",1,0,0," ",0,0,0,0,2,1,54,0,0,170,81,28.0276816608997,1,0,"Stroke (ischemic)",1,0.6,114.7132264,0,0.99,49,0,0,0,1,2,2,5,5,0,0,51.93620719,1,1,1,1,0,2.282531716,6.25,30,3,0.090909091,1.67286e-07,300601.9333,124711.406,271.1860039,67.02649681,1.67286e-08,114688.8333,81047.23181,128.6946954,88.17600977,1.00037e-05,36924.18395,32988.61264,73.54701838,23.83706468,0,0,0,0,2.67658e-07,0.224103831,0.050286557,0.369379016,0.0100603,0,0,0.136138098,0.011850187,1.01877e-05,0,1794,48,300601.9333,178554.7,0.578915848,184115.3448,0.580314787,7.697961628,36.86307427,0.150014985,7.697961628,36.86307427,0.150014985,0.325151668,26229.66667,0.325151668,26229.66667,0.517237312,61785,0.517237312,61785,0.292076835,19772.92857,0.292076835,19772.92857,0.440913585,48828.25,0.440913585,48828.25,0,21.960465669632,122831.1875,0,503450.187988281,0,0,0,0,0,0,0,0,83.1988187243716,0,0,0,0.887705116294291,0,4.04249876737595,2.66991569468191e-05,2.34520977949163,453.738550698956,0,0,0.569633528056736,825.293011131572,0,0.000133154492819522,0,8.88382313785939e-05,1724.11841975921,0,0,1.17244535925801,0.567834754585213,0.000780941260259151,4.04249872192086,0,0,0.537852767043176,1.91397849462366,1,0,0.896129583515732,0,628.207721520413,0.000105485017523333,0,0,226.664601114373,0,2.1694989732172e-05,120773.125,560.402125754511,0,1.6622606890612e-05,0,0,0.229679846861819,0.895833333333333,0,1,0,0,0,0,0,0,0,0,0,0,0.00019077219802655,0,0,0,0,0,0,0,0,0,0,0,0,0,0,171986.75,0.0141968630080999,0,0,5.05716024945282e-05,0,0
"H18-01953 - 1",1,2,"2/2/2018",8004474,0,"9/10/1950 0:00:00",1,0,67,"Portugal",48,158,19.2276878705336,"Chronic glomerulonephritis (unspecified)",2,1,71,0,1,2,1.2,49.61368684,1.51,37.65708161,1.38,41.95310342,1.36,42.4298306826558,1.29,44.64864888,1.1094090986721,0,0,1.51,36.504098,-1.48143317066395,0,0,0,0,1.47,37.39106426,"1/4/2024 0:00:00",71,0,0,0,"2/9/2018 0:00:00",0,2,2,1,5,0,26,1,0," ",0,0," ",0,0,0," ",0,0,0,0,1,1,78,1,0,160,50,19.53125,1,0,"Stroke (hemorrhagic)",1,0.9,65.43602377,0,1.99,99,1,0,0,1,3,0,4,3,0,0,73.1096,1,1,1,1,73.1096,0.048945085,11.1111111111111,15,2,0.117647059,2.20943e-07,250863.1,105317.0702,231.0628773,76.99359337,2.9459e-08,117874.25,174.75,173.7612648,3.467401097,1.34039e-05,40104.51813,70929.3277,70.40180422,30.63916595,13363.16886,14477.38217,46.77413226,14.03404609,2.20943e-07,0.438890152,0.055426398,0.537555498,0.022021259,0.325066941,0.002447771,0.103108234,-0.58340636,2.09005e-05,0.674933059,910,15,268709.1786,161617.1429,0.593400984,161617.1429,0.593400984,9.380934829,37.40944703,0.129033429,9.380934829,37.40944703,0.129033429,0.367881137,68883.75,0.367881137,68883.75,0.292791029,382769.5,0.292791029,382769.5,0.382899158,6106.6,0.382899158,6106.6,0.292791029,382769.5,0.292791029,382769.5,77341.57421875,20.4709608289931,136646.888888889,9.41196109439799e-06,545403.158650716,6.52459807841362e-05,84272.5,0.000364029069377599,0,0.000103217744025651,0.785885586845378,740.563115047413,0.259643622522582,53.1220565937721,0.727426030221012,5.52090116017207e-05,0,0.871496111381867,0,3.64539380868276,0.000224076722479008,2.39222876269273,429.938740419878,2.80575959760253,18.8383026123047,0.650390691623835,948.714577833066,0.000230173707345331,0.000656738115176849,1.37040807147988,8.71485940916545e-05,1654.50599553239,0,0.534570474309209,1.54823129779551,0.663453568604448,0.00373282679312262,3.64539378112388,7.35915740381148e-06,0,0.545037772111183,0,0,18.8383027501398,0.90050747986872,0,587.72895333648,0.00140833778100018,0.806625535606448,95845.5,211.774673531679,0,3.78463200672025e-05,135111.888888889,765.568702734147,0,2.18657560716298e-05,0,3.77031847765344e-05,0.365366974560185,0,0,0,0,0,4.34825740062536e-05,0,0,0,0,0,401,0.858214579046748,0.0015683883626137,0,0,0,0,0,0,0,0,0,0,0,0.977073179148846,0,0,117699.5,0,0,2.32670417335392,0.000300772875980583,0,0
"H18-05054 - 1",1,2,"3/28/2018",19058063,0,"10/9/1947 0:00:00",0,0,70,"Portugal",83,175,27.1020408163265,"ADPKD",4,1,81,0,1,2,2.2,31.43414176,2,35.24299673,1.96,36.10784244,1.69,42.869041295702,1.53,47.70633842,2.418648562149,0,0,2.11,32.03795891,-2.7077705964255,0,0,0,0,2,33.88250035,"2/8/2024 0:00:00",70,0,0,0,"4/13/2018 0:00:00",0,1,2,2,5,6,20,0,0," ",0,0," ",0,0,0," ",0,0,0,0,1,1,72,0,0,170,80,27.681660899654,0,0,"Head Thrauma",2,0.7,97.89881334,0,1.1,63,0,0,0,0,1,0,1,3,0,0,19.73650748,1,0,0,0,19.73650748,0.012332456,0,21,0,0,2.06329e-07,405499.2857,222243.5112,299.8541968,123.8779495,0,0,0,0,0,1.35686e-05,69100.08943,78533.37304,92.97396526,36.91365645,40018.43951,40174.66574,73.12351245,23.0431407,3.73356e-07,0.652170887,0.083666063,0.937588412,0.015073103,0.393166843,0.012028055,0.089235385,-0.668565326,1.19026e-05,0.606833157,1381,38,456378.9444,87074.5,0.236008237,103297.3846,0.227414763,6.545166562,22.62731977,0.365091773,6.545166562,22.62731977,0.365091773,0.472589463,51428.78571,0.472589463,51428.78571,0.551001853,219905,0.551001853,219905,0.427406179,10208.5,0.427406179,10208.5,0.585547674,154479.5,0.585547674,154479.5,107596.65234375,18.1900773048401,55832,4.40865590412569e-06,206127.881259155,2.76844877023073e-05,106190.5,0.000216412679132057,1.86099255274408e-05,4.1010750430777e-05,0.782593049416263,800.210886956375,0.194366668434561,57.1012213917672,0.514107479520976,2.19656660043629e-05,0.183541396721218,0.868036164491474,0.000113366945803241,3.25450532436371,0.0017436381827733,1.98454245369096,247.134368482776,2.92412872799116,11.9802576700846,0.407728173733384,774.605716894744,0.000149391140655434,0.00320254141556107,1.08090507098696,7.05896862071074e-05,1320.44093731892,105.354278564453,0.464838037640831,0,0.0938508872640019,0.00742467340331021,3.25450539611804,4.56372303475895e-06,12.3494590759277,0,0,0,11.9802576300913,0.939045273978596,0.114885083779881,618.206659933168,0.0315308884549368,0.84805756956896,101224.333333333,131.931973414316,44593.8,0,13792.4,906.2485038713,0.0613394534350831,0,0.11349237849398,0.00100007948487077,0.230304493494414,0,0.686398290012121,0,1.41256576989864,0,2.34134933774545e-05,0,0,0,176569.5,0,0,0,0.00329315280266828,0.340747847591251,0,0,0,0,0,0,0,0,0,20676,0,0,0,0,0,0,0,0.0129533868634614,0.912767688107809,2.07742905355459
"H18-09647 - 2",1,2,"6/19/2018",19546514,0,"8/5/1956 0:00:00",0,0,61,"Portugal",62,155,25.8064516129032,"Undetermined",5,2,55,0,5,2,1.4,57.18264631,1.18,70.2036163,1.08,78.07453137,1.09,76.7370478721273,1.04,80.18162669,1.72228940893635,0,0,1.02,81.05739616,1.08008707196817,0,0,0,0,1,82.10301041,"5/8/2024 0:00:00",71,1,1,1,"7/6/2018 0:00:00",0,2,1,1,4,4,23,0,0," ",0,0," ",0,0,0," ",0,0,0,0,2,1,75,1,0,160,80,31.25,1,0,"Stroke (hemorrhagic)",1,0.5,97.74850958,0,1.43,86,1,0,0,0,0,0,0,2,0,0,10.27922101,0,0,0,0,10.27922101,0.02731676,0,24,0,0,1.98755e-07,403370.9792,174449.9204,311.9041219,73.45396778,0,0,0,0,0,1.17845e-05,45972.69642,54611.93951,77.2690013,31.5142724,18638.49712,16874.55372,55.81233161,14.79820697,2.56725e-07,0.506777934,0.080171943,0.541765564,0.064616506,0.349936805,0.004192827,0.147982723,-0.30541516,1.54983e-05,0.650063195,1423,31,403370.9792,136650.4583,0.334044023,136650.4583,0.334044023,6.180331662,21.147141,0.331710068,6.180331662,21.147141,0.331710068,0.459488721,158907.6364,0.459488721,158907.6364,0.996560609,1235935.5,0.996560609,1235935.5,0.41149303,17885.5625,0.41149303,17885.5625,0.587477229,534966.5,0.587477229,534966.5,101084.755208333,14.6244983673096,77905.2,4.72258414237235e-06,244873.648828125,2.47665683708718e-05,170200.5,0.000266777636182789,1.16929715660157e-05,4.32502564548095e-05,0.736141791308411,887.298886144632,0.315486841354346,84.949820601956,0.790803217458414,3.07007987199971e-05,0.289806954433292,0.85008449689571,6.82112391506048e-05,2.86535420417786,1.61024160898767e-05,1.08798186955433,449.714679338689,3.14254818840267,12.7990859349569,0.352492210082957,1086.88755625223,0.000152824845400535,7.96158460573833e-05,1.15610009836629,4.99790448833777e-05,1654.92730060744,0,0.553532655957155,1.13428091790451,0.349681546948875,0.000414531931109522,2.86535423334001,3.18852544533803e-06,12.7927665710449,0.60353930442724,0,0,12.7990859337451,0.893045619906549,0,745.173535348439,9.50542107398794e-05,0.752712294617235,166647.166666667,220.812180790447,184264.666666667,2.05048645694251e-05,75156.2,1174.66523785854,0,1.92802158286632e-05,0.115514961753332,1.52522838074325e-05,0.345920443111778,0,0,0,0,0,1.66424186925578e-05,0,0,0,0,0,0,0,9.81955800357827e-05,0,0,0,0,0,0,0,0,0,0,0,0,0,0,0,0,0,0,6.95240755556576e-05,0.903094848192081,2.1835783395839
"H18-11055 - 1",1,1,"7/16/2018",9351987,0,"3/16/1954 0:00:00",1,0,64,"Portugal",74,167,26.5337588296461,"ADPKD",4,2,49,0,1,2,1.4,42.01151821,1.26,47.67353597,1.3,45.91874357,1.32,44.8055996553748,0.92,68.24543456,11.7199174523126,0,0,1.3,44.51280458,-0.0731987688436995,0,0,0,0,1.15,51.30240637,"1/12/2024 0:00:00",66,0,0,0,"7/24/2018 0:00:00",0,0,1,1,2,12,20,0,0," ",0,0," ",0,0,0," ",0,0,0,0,1,1,82,0,0,170,90,31.1418685121107,1,0,"Stroke (hemorrhagic)",1,0.6,96.3796361,0,1.54,91,1,0,0,0,3,2,5,4,0,0,71.1736,1,1,1,1,71.1736,3.314607568,0,27,1,0.035714286,1.78868e-07,281360.3148,149874.4312,241.2682693,100.7137124,6.62473e-09,97015.5,0,99.45853407,0,1.39252e-05,33713.59848,35192.98356,69.01924396,23.13777881,20616.51835,30065.05152,53.98340372,16.31932867,2.98113e-07,0.44511689,0.05032627,0.469467964,0.042594178,0.317815008,0.007021852,0.107198519,-0.191921917,1.46794e-05,0.682184992,2102,45,303863.34,125118.56,0.414134507,128434.7391,0.428666656,7.115961645,28.33151503,0.192101937,7.115961645,28.33151503,0.192101937,0.385820862,123227.25,0.385820862,123227.25,0.201025475,2030155.5,0.201025475,2030155.5,0.384518024,13380.10714,0.384518024,13380.10714,0.388860819,379537.25,0.388860819,379537.25,81707.8020833333,16.0805177052816,107641.8,5.92252852736796e-06,379177.84995931,3.15065563606682e-05,148147.333333333,0.000290328942731401,3.84843830864442e-05,5.63831424324777e-05,0.735655625633204,829.890209908217,0.332919899674122,51.6724852123016,0.879561802652159,3.75766794221632e-05,0.217288409663336,0.819774386448236,0.000220241538895463,2.94801174799601,0.0019354926146968,1.72529530549406,395.440700601939,2.91740855065653,13.77294921875,0.575474393658098,932.623531273114,0.000163144554984195,0.00360374250688422,1.22396678981278,4.25356141484443e-05,1590.62184848582,0,0.566777629726988,1.34191657040738,0.716071427746891,0.0171315926758072,2.94801175278125,3.71984988062893e-06,13.5860481262207,0.534270629120607,0,0,13.7729493446958,0.910202009478263,0,784.472864432749,0.0112482390366069,0.741380354043614,161561.333333333,192.458685592288,161997.5,1.88976973155821e-05,78828.2,1124.02031904067,0,1.37068439616387e-05,0.115354891795326,1.81147673587498e-05,0.335584574230345,0,0,0,0,0,2.30550991309291e-05,0,0,0,0,0,346,0.817517721727662,0.0167834659980828,0,0,0,0,0,0,0,0,0,0,0,0.932324126118539,0,0,0,0,0,2.38955796756672,0.00217021857644113,0.911207604916304,2.24230187392642
"H18-11055 - 2",1,1,"7/16/2018",1005330,0,"6/3/1960 0:00:00",1,0,58,"Portugal",73,162,27.8158817253467,"ADPKD",4,1,61,0,1,2,1.4,43.60882868,0.99,66.09457756,1.22,51.43944425,1.57,37.7700425578374,1.83,31.03728572,-3.3663784189187,0,0,1.98,27.88847703,-2.47039138195935,1,1,0,0,1.6,35.85372822,"2/20/2024 0:00:00",67,0,0,0,"8/13/2017 0:00:00",0,0,1,1,2,0,22,1,0," ",0,0," ",0,0,0," ",0,0,0,0,2,1,82,0,0,170,90,31.1418685121107,1,0,"Stroke (hemorrhagic)",1,0.6,96.3796361,0,1.54,91,1,0,0,1,2,2,5,4,0,0,50.4542,1,1,1,1,50.4542,0.684284159,11.7647058823529,32,6,0.157894737,1.1783e-07,398051.1719,199195.3398,299.82492,108.2017149,2.20931e-08,81884.33333,71604.55069,121.150539,77.66518036,1.1864e-05,47154.29252,45687.76734,83.88491051,28.17109761,0,0,0,0,3.16668e-07,0.467740033,0.046902386,0.559439109,0.025931655,0,0,0.083838233,-0.111206589,1.20039e-05,0,3222,86,437215.5172,103693.1034,0.238410433,106625.1786,0.236033422,6.097109489,27.56760417,0.190815666,6.097109489,27.56760417,0.190815666,0.455263507,163940.4643,0.455263507,163940.4643,0.587797936,1308869,0.587797936,1308869,0.35542121,13146.85714,0.35542121,13146.85714,0.555105804,314734.0714,0.555105804,314734.0714,119795.9703125,12.8100076588717,73908.1818181818,3.85249835913566e-06,198917.032087846,1.41786766729056e-05,159427.6,0.000119976035495659,2.30536569870593e-05,2.26072217116235e-05,0.746967459706155,959.078015824897,0.262599103126822,75.5842960893632,0.601202114730214,2.31006387347163e-05,0.210665148185445,0.825696524581208,0.000117172083436052,2.35339239510623,4.31779375940097e-05,0.751112654458618,387.514359031717,2.97661438354248,8.29422607421875,0.28426296236913,1420.60407922152,7.50697306034095e-05,0.000161246097628888,1.20132345812042,3.67840976827615e-05,1587.75614502068,0,0.507911256328985,1.10341241795313,0.216877499495267,0.00079324675751789,2.35339239979534,2.90866098177103e-06,11.1260995864868,0.669414020275616,0.107579047528836,0.707869687669933,8.29422603776547,0.894262591825843,0,844.373015670486,0.000317176924993842,0.797942378884114,115306,191.99807792008,102577.333333333,1.88245883321137e-05,54092.0909090909,1271.28487771786,0,1.21493841703785e-05,0.114292411316768,1.5026179802731e-05,0.324424189501003,0.401367500150358,0,0.74899007371451,0,0.907504481419116,1.93168974024345e-05,0,0,0,0,0,554,0.728244157893747,0.000208763406146052,0,0,0,0,0,0,0,0,0,0,0,0.86369594698964,0,0,0,0.0065654969653646,2.36287180905269,2.44949188535857,0.000748693761135767,0.913579267020628,2.10333510133966
"H18-17466 - 1",1,2,"11/16/2018",19713864,0,"8/12/1951 0:00:00",0,0,67,"Portugal",82,170,28.3737024221453,"Chronic glomerulonephritis (unspecified)",2,1,49,0,1,2,2.7,25.04813124,2.72,24.82728115,3.53,18.15859325,2.93,22.5667852002142,4.18,14.55114895,-4.0078181251071,1,1,4.01,15.10544633,-1.86533471755355,1,1,0,0,4.01,15.06323004,"1/22/2024 0:00:00",62,0,0,0,"12/17/2018 0:00:00",0,2,1,2,5,0,11,1,1,"1/22/2024",1,1,"1/22/2024 0:00:00",1,0,0," ",0,0,0,0,1,1,66,0,0,170,80,27.681660899654,1,0,"Stroke (hemorrhagic)",1,1,83.00664386,0,1.3,78,0,0,0,0,1,2,3,4,0,0,20.65092874,1,1,0,0,20.65092874,0.27831469,0,35,0,0,3.11347e-07,441122.6429,164264.6016,314.0775208,73.36910257,0,0,0,0,0,2.30841e-05,57043.4183,65044.74463,82.15092397,33.16555464,29408.71574,32727.37718,62.62600601,20.96882987,6.04902e-07,0.809509497,0.137342124,1.316798332,0.019582918,0.316923966,0.012419395,0.104300044,-0.244100544,1.88332e-05,0.683076034,2595,68,441122.6429,38393.2,0.088013988,61574.21429,0.138821351,4.710925337,17.25333869,0.408383241,4.710925337,17.25333869,0.408383241,0.662670923,16958.19048,0.662670923,16958.19048,1,41147.5,1,41147.5,0.645804469,15748.725,0.645804469,15748.725,1,41147.5,1,41147.5,71080.00390625,11.8875985145569,12692.5,5.59894411049642e-06,29471.8208007812,3.54743414094301e-05,58978.5,0.000262679439016467,3.27508446305547e-05,5.18136339835293e-05,0.731785885147779,841.986177450995,0.155632190708736,80.1880294473578,0.359977390568562,3.21993983266329e-05,0.136725980417217,0.841188449158553,0.000183106445570396,2.14402592182159,3.0716754516165e-05,0.389153570506628,272.531988095681,2.99961221406318,12.6351335843404,0.171749212681709,1308.58954353192,0.000182825041290352,0.000161303063674362,1.4130148937878,3.91935821984247e-05,1000.65241636025,107.234111785889,0.438805155114465,0,0.0961149393332865,0.000857605874232259,2.1440258513194,4.39170069896918e-06,11.8721456209819,0,0,0,12.6351335822481,0.896213862747791,0.116374912350508,687.12828135282,0.000203573983645999,0.883315734186459,38292.8333333333,132.929163388821,47977.9333333333,0,6962.5,1420.82359990141,0.217808212861809,0,0.114535662118454,4.80600588786922e-05,0.130407014707453,0,0.634045564768816,0,1.82139772339313,0,2.53922934075078e-05,3.74943020493159e-05,1.60810828208923,26.4627285003662,41833.75,26.4627278811404,0,0,0.000181455358918037,0.067759479764271,0,0,0,0,0,0,0,0,0,74396.5,0,0,0,0,0,0,0,0.000200372552295623,0.904999043664198,1.96536440597487
"H18-17995 - 1",1,2,"11/27/2018",17016765,0,"2/13/1953 0:00:00",0,0,65,"Portugal",61,160,23.828125,"Hypertensive Nephrosclerosis",3,1,15,0,1,2,1.4,55.77765086,1.54,49.74953173,1.68,44.81699404,1.85,39.6740723209737,2.25,30.9807422,-4.34666506048685,0,0,4.18,14.55114895,-6.28073084274343,1,1,0,0,4.18,14.47983091,"11/29/2023 0:00:00",60,0,0,0,"12/5/2018 0:00:00",0,0,2,2,4,27,19,0,1,"11/29/2023",1,1,"11/29/2023 0:00:00",1,0,0," ",0,0,0,0,1,1,72,0,0,170,60,20.7612456747405,1,0,"Stroke (hemorrhagic)",1,0.8,94.02944217,0,1.57,92,1,0,0,1,2,2,5,4,0,0,36.32047687,1,1,1,1,36.32047687,1.26478137,6.25,29,2,0.064516129,1.81111e-07,347432.6724,113666.8457,297.5914653,70.15334778,1.24904e-08,101077.5,5195,163.5177496,5.517749615,1.05544e-05,42952.26036,45415.088,74.78757455,28.57555739,22233.19798,34415.59018,49.8069832,15.64536449,4.37165e-07,0.451731165,0.062923999,0.45333619,0.082980107,0.349351461,0.012628164,0.138802065,-0.272857553,1.1819e-05,0.650648539,1690,70,347432.6724,113134.4828,0.318387276,117155.0357,0.327796832,6.248083408,26.80488568,0.252180425,6.248083408,26.80488568,0.252180425,0.449066501,251718.05,0.449066501,251718.05,0.477170016,1213053,0.477170016,1213053,0.413337929,9365.785714,0.413337929,9365.785714,0.532433166,817206.6667,0.532433166,817206.6667,85918.1875,17.1253729926215,91586.6666666667,6.56076150436374e-06,311443.518568251,3.13074566948179e-05,131177,0.00026478452616592,0,5.55458120841568e-05,0.761804674283345,746.5869595397,0.320934886747861,84.170467179275,0.860620996785195,4.01010327439805e-05,0,0.82083054398249,0,2.94386351108551,2.43171360129852e-05,1.37768632860591,443.865740487975,2.76782664675256,12.7964220046997,0.406014927797785,1127.33347681273,0.000149241315868022,9.32581543572163e-05,1.06960446650021,3.76325326763225e-05,1713.54402655447,0,0.532815844701399,1.13465792391935,0.310292820928643,0.000574678497725355,2.94386346087662,4.45530246319732e-06,0,0.592574085744814,0.537574635621724,0.809724610507286,12.7964219363128,0.902943950999101,0,789.561532682742,0.000258406930291234,0.738121635693942,123217,217.841524179645,0,2.36339940273962e-05,69656.5555555556,1216.42849949961,0,1.70965812905413e-05,0,2.04426560504098e-05,0.344485516541547,0.6672122772814,0,0.835421815052367,0,1.4187182809646,2.05511735723141e-05,0,0,0,0,0,434,0.848479434278084,0.000139991501754505,0,0,0,0,0,0,0,0,0,0,0,0.966858463641342,0,0,0,5.43883903485893e-05,2.51797300695782,2.39161874029775,0.000629645300714374,0,0
"H18-19213 - 2",1,2,"12/21/2018",19806256,0,"12/30/1955 0:00:00",0,0,62,"Portugal",72,173,24.0569347455645,"ADPKD",4,2,27,0,1,2,2.2,33.03768957,1.66,46.3219869,1.47,53.59645723,1.28,62.8874397034838,0.93,91.12432495,14.1184426232581,0,0,0.85,95.23959899,8.08803982162905,0,0,0,0,0.85,94.55497612,"2/27/2024 0:00:00",62,1,1,1,"1/11/2019 0:00:00",0,1,2,0,3,0,18,0,0," ",0,0," ",0,0,0," ",0,0,0,0,2,1,65,0,0,170,85,29.4117647058824,1,0,"Stroke (hemorrhagic)",1,0.8,98.21343773,0,1.23,73,0,0,0,1,2,2,5,4,0,0,51.2108,1,1,1,1,51.2108,0.984539215,3.03030303030303,67,2,0.028985507,1.88047e-07,353510.194,178562.3372,283.4474542,89.25129923,5.61336e-09,82545,5448.5,140.6267165,3.623066888,1.37527e-05,39740.47776,43324.19606,74.42078946,30.97016956,23120.69183,28531.52213,61.62735164,19.34506808,3.33995e-07,0.315347514,0.066476676,0.546539701,0.023603721,0.668389,0.003967539,0.121631925,-0.305300121,1.50347e-05,0.331611,4900,119,353510.194,125698,0.332066829,138730,0.353499581,6.973452907,22.8199964,0.305358905,6.973452907,22.8199964,0.305358905,0.362453792,59732.625,0.362453792,59732.625,0.487115734,444371.5,0.487115734,444371.5,0.348499488,18062.1875,0.348499488,18062.1875,0.418271007,226414.375,0.418271007,226414.375,100985.472265625,16.2585508683149,78585.5882352941,7.17691523240283e-06,259679.685891544,6.76298641948947e-05,165904.5,0.000395838865984885,3.24523474406938e-05,9.71092985808788e-05,0.768896122435736,834.648269094888,0.311885766154738,93.2733666060189,0.87746548398602,4.00290027298023e-05,0.235866980242892,0.858763074730709,0.00017106977807787,2.76745856509489,1.77819591040141e-05,1.16529172972847,414.467987751221,3.03625491411469,16.4872407913208,0.376622769068974,1227.10564723573,0.000258625636353428,9.81351955451723e-05,1.32502753110074,4.6918002110815e-05,1640.56621157656,108.479084014893,0.564187506641194,1.36060493079196,0.341871749686654,0.000541093636865668,2.76745855373791,8.0130247099883e-06,12.7865651448568,0.604615926739582,0,0,16.4872406749388,0.895669127577647,0.114828642092566,761.724762457671,0.000116419255362333,0.762296156549046,153554.1,199.523795120387,83325.6666666667,4.09291541126517e-05,71731.5294117647,1089.41139491878,0.379937603925966,2.06129393010065e-05,0.11458209811585,0.000540301000842837,0.34369012778291,0,0.627219302668224,0,2.22194035752675,0,4.00712187488281e-05,0,0,0,100551.75,0,298,0.780000838217725,0.000117423540146499,0.201279703749461,0,0,0,0,0,0,0,0,0,84640.5,0.908356156709757,0,0,0,0,0,2.43496603628303,5.03459612000008e-05,0.915883702926799,2.41192121828433
"H19-00319 - 1",1,2,"1/8/2019",17025944,0,"12/24/1952 0:00:00",0,0,65,"Portugal",84,164,31.2314098750744,"Diabetic nephropathy",1,1,14,0,2,2,2.9,23.27749622,3.86,16.51616058,4.42,14.03806145,3.69,17.32531802676,0,0,0,1,1,0,0,0,1,1,0,0,3.69,17.21468886,"1/6/2020 0:00:00",12,0,0,0,"1/31/2019 0:00:00",0,2,2,0,4,2,21,1,3,"1/6/2020",1,3,"1/6/2020 0:00:00",1,0,1,"7/20/2020 0:00:00",1,1,0,0,1,1,65,0,0,170,100,34.6020761245675,1,0,"Stroke (hemorrhagic)",1,1.2,67.11141057,0,1.33,80,0,0,0,0,1,2,3,3,0,0,27.38412264,1,1,1,1,27.38412264,0.457948493,0,50,0,0,1.06801e-07,467753.49,220164.0057,324.4377765,100.7013863,0,0,0,0,0,7.31376e-06,75530.91866,172417.5659,95.46411862,41.44393113,55937,32614,63.22438272,10.75534423,2.17875e-07,0.33492429,0.049956703,0.552414728,0.018909749,0.182898977,0,0.090433329,-0.50900915,7.41514e-06,0.817101023,3424,102,487045.1458,222501.7083,0.456347048,225907.1064,0.447840105,8.372843644,27.08498818,0.345398557,8.372843644,27.08498818,0.345398557,0.379514175,124533.4667,0.379514175,124533.4667,0.376668162,959497,0.376668162,959497,0.359182372,17016.15,0.359182372,17016.15,0.420177782,339568.1,0.420177782,339568.1,147410.750976562,17.5026378631592,53223.8,7.69764380391639e-06,254514.60534668,3.24579671524424e-05,247791.9375,0.000284075228007229,1.92591439339307e-05,6.51191297577678e-05,0.778086835158148,937.855748368446,0.413744164557097,94.226222655472,1.61439177106672,4.71911315173797e-05,0.359524371385148,0.881770720338847,0.000112077422377743,3.86039977073669,0.000192489599439261,2.40459902660543,214.835678874771,2.87166565567088,14.3934738636017,0.526872178505937,847.375244157188,0.000141128222302136,0.00063319442780627,1.25507941616058,7.05518209784857e-05,1122.35994154964,122.338027954102,0.640102524000936,1.22127008070538,0.460264986145771,0.00235881760430902,3.86039975876857,4.8612973000807e-06,21.0490973790487,0.582195918438145,0,0,14.3934738222566,0.917893151457262,0.115950635789688,764.569054188952,0.0012533111448046,0.699532141169215,247372.4375,108.418533571709,218587,2.33213568157204e-05,51344,821.27361687496,0.319759022370143,1.80957138714779e-05,0.114640053672013,2.0170292078282e-05,0.37651342115456,0,0.849845307353402,0,2.829081202585,0,2.39580815657874e-05,0,0,0,64484,0,0,0,0.000763973616736049,0.204828155771552,0,0,0,0,0,0,0,0,0,35590,0,0,0,0,0,0,0,0.00056432908515456,0.915706151811554,3.56340522878487
"H19-00319 - 2",1,2,"1/8/2019",19272907,0,"5/6/1962 0:00:00",0,0,56,"Portugal",79,160,30.859375,"Undetermined",5,1,16,0,2,2,1.8,43.63107611,1.94,39.88052389,2.15,35.25305664,1.84,42.231891715273,1.83,41.98349604,-0.124197837636501,0,0,2.19,33.42604203,-2.20146242131825,0,0,0,0,2.19,33.27255942,"2/1/2024 0:00:00",61,0,0,0,"1/15/2019 0:00:00",0,2,1,1,4,4,22,0,0," ",0,0," ",0,0,0," ",0,0,0,0,2,1,65,0,0,170,100,34.6020761245675,1,0,"Stroke (hemorrhagic)",1,1.2,67.11141057,0,1.33,80,0,0,0,1,2,2,5,5,0,0,46.26961844,1,1,1,1,46.26961844,1.230716236,4.34782608695652,47,3,0.06,9.75772e-08,427343.7021,188782.9481,314.5674704,89.98196129,6.22833e-09,64952.33333,35519.10638,118.2477751,47.58988354,9.46706e-06,54705.25461,55000.48382,90.17974799,35.69971473,22206.31962,16171.59477,61.48236171,19.58343614,1.99307e-07,0.342829618,0.041698982,0.517897923,0.022121097,0.259428105,0.006494578,0.080515831,-0.370885489,9.68315e-06,0.740571895,4560,96,427343.7021,188811.1702,0.440761417,199783.0682,0.432422321,7.960067612,24.64060632,0.333216608,7.960067612,24.64060632,0.333216608,0.388621542,54708.86538,0.388621542,54708.86538,0.384562199,363895,0.384562199,363895,0.4080738,13900.27778,0.4080738,13900.27778,0.344853963,146528.1875,0.344853963,146528.1875,133310.867647059,20.0654275894165,81055.7,7.12416220015209e-06,321214.15078125,3.01069233434185e-05,219102.882352941,0.000272352511041706,1.66064393577837e-05,5.9707201846537e-05,0.780973235265792,905.449908517522,0.390842064352606,124.736403893957,1.5369356841118,4.20511890513533e-05,0.366976229374454,0.88238362672632,0.000102789295265045,3.89824120998383,7.100666177716e-05,2.06187668361767,376.063888362153,2.81895895301781,14.9546323103063,0.492092183634593,772.670730137041,0.000138732782640113,0.000314573854762062,1.20140178398915,5.58613542083087e-05,1580.55226099677,99,0.616895864456022,1.16154498164913,0.503000745239828,0.00192727082714658,3.89824126924325,4.38753384009029e-06,22.2860479354858,0.600770209207123,0.170616113744076,0.657135273028364,14.9546323295267,0.900495070117005,0.115308823093824,744.122683060699,0.000323153738945137,0.716550078088717,229572.529411765,186.753511408315,241319.5,2.69100546029635e-05,82218.7,731.157769250687,1.4092229417166,2.3476358937625e-05,0.114926523029368,2.77557963114252e-05,0.400519482656144,0.45790003354579,0.829928710296103,0.706967994861667,3.69361288326468,0.864100663686538,2.20115176272963e-05,0,0,0,256580,0,317.5,0.744147154531613,0.000492864179879154,0.447144093220952,0,0,0,0,0,0,0,0,0,218974,0.87353589409481,0,0,0,0.000327560788109189,2.32457021746962,2.40004873141852,0.000115479413787798,0.914251430420228,3.56976730976026
"H19-04533 - 1",1,2,"3/23/2019",19508593,0,"12/24/1956 0:00:00",0,0,62,"Portugal",71,168,25.15589569161,"Undetermined",5,1,16,0,1,2,1.67,45.98933394,1.73,44.08202752,1.75,43.47816703,1.53,50.7675447759982,1.63,46.47171896,-2.1479129079991,0,0,0,0,0,1,1,0,0,2.72,24.99615797,"11/21/2022 0:00:00",44,1,0,0,"4/1/2019 0:00:00",0,1,1,1,3,4,11,0,0," ",1,6," ",0,1,1,"1/10/2023 0:00:00",4,1,0,0,1,1,64,0,0,170,70,24.2214532871972,1,0,"Stroke (hemorrhagic)",1,1,84.04557832,0,1.35,81,0,0,0,1,2,2,5,4,0,0,47.7917,1,1,1,1,47.7917,0.680401302,10,55,5,0.083333333,2.62178e-07,325848.6364,139919.1514,280.4987812,67.59637658,2.38344e-08,112073.6,53333.5148,160.5893317,45.62090021,1.67508e-05,26952.33281,22989.66338,66.07124683,22.16545676,11335.10276,8594.866784,46.76615664,13.1906112,3.0508e-07,0.49821092,0.085430306,0.451472687,0.037278435,0.306569971,0.011328803,0.189225856,0.217922567,2.0838e-05,0.693430029,3514,64,325848.6364,107415.7818,0.316638826,110646.4151,0.317444003,6.353169848,22.54081522,0.315468288,6.353169848,22.54081522,0.315468288,0.406422265,218940.5417,0.406422265,218940.5417,0.602057184,1482162,0.602057184,1482162,0.355149567,16630.91667,0.355149567,16630.91667,0.457694964,421250.1667,0.457694964,421250.1667,97310.1768465909,13.6875987052917,62318.4166666667,6.78559886175707e-06,176239.374023438,3.79112483122862e-05,139524.727272727,0.000294296036259376,0,6.63342773170715e-05,0.769201486485738,799.856657386154,0.323894227119945,117.907300298061,0.862981937959974,3.66187719642409e-05,0,0.848659311570008,0,2.71988499164581,1.90904920895649e-05,0.980516444745961,403.826969511136,3.07357458134658,13.9946219704368,0.352663736820842,1077.1997981918,0.000167492035244658,9.48868389644295e-05,1.21278762916184,4.59106911637486e-05,1549.64131393914,0,0.561866953124895,0,0.324271371105341,0.000510296760754607,2.7198849781601,5.25734304230065e-06,0,0,0.182409906914713,0.678985246489934,13.9946220804649,0.898597109308141,0,729.716166048085,0.000124717412016274,0.749664729662493,128532.090909091,200.797091966578,0,0,57292.75,1039.9968322232,0,0,0,2.17651589787271e-05,0.343319476310131,0.457180821266014,0,0.721606647573423,0,1.41499149302015,2.62772061032522e-05,0,0,0,0,0,200,0.802407537735948,0.000124197813645163,0,0,0,0,0,0,0,0,0,0,0,0.917755971085565,0,0,173736,0.000127809027690291,2.68154771891437,2.56167108338699,5.70437243478621e-05,0,0
"H19-05840 - 2",1,2,"4/14/2019",11007466,0,"11/6/1960 0:00:00",0,0,58,"Portugal",86,175,28.0816326530612,"Diabetic nephropathy",1,1,32,0,2,2,1.29,64.27073449,1.38,59.27424239,1.61,49.26402185,1.58,50.0762044079805,1.67,46.27624666,-1.89997887399025,0,0,1.63,47.05337204,-0.755708091995125,0,0,0,0,1.63,46.94813984,"3/18/2024 0:00:00",59,1,0,0,"4/22/2019 0:00:00",0,2,1,0,3,4,18,1,0," ",0,0," ",0,0,0," ",0,0,0,0,2,0,62,0,0,160,65,25.390625,0,0,"Head Thrauma",2,0.6,109.1453993,0,1.09,60,0,0,0,1,1,2,4,2,0,0,15.97998931,1,0,0,0,15.97998931,1.658802267,15,37,6,0.139534884,1.42529e-07,544023.8378,271478.3393,353.4628861,116.8668175,2.31128e-08,203913,37864.39908,210.6894055,21.81301822,8.1203e-06,43967.91675,42638.40636,76.76346695,28.07890971,37732.96181,50117.31491,57.86998757,23.80742962,1.73346e-07,0.528452359,0.077539158,0.357032642,0.06167105,0.159786862,0.006358682,0.217176664,-0.146685138,7.44491e-06,0.840213138,2108,45,574599.2714,215998.9714,0.384165517,215998.9714,0.384165517,7.979603857,30.19367153,0.294217163,7.979603857,30.19367153,0.294217163,0.52103799,65148.3,0.52103799,65148.3,0.6776702,491652.5,0.6776702,491652.5,0.491720927,15432.9375,0.491720927,15432.9375,0.638306244,264009.75,0.638306244,264009.75,135776.962239583,15.7881958007813,57025.6,8.83522269572047e-06,258431.255688477,4.93944716460282e-05,222700.333333333,0.000324288756712466,1.91344490673884e-05,8.21764449579887e-05,0.791084008059898,852.691855885818,0.385138723724499,90.0683506650879,1.42268843341302,4.47857982017058e-05,0.363028288339652,0.820660841030455,9.88491421513106e-05,3.29857416152954,0.000299176339778745,1.76531698866194,250.168796674625,2.89548061331357,15.9678014119466,0.490552175572493,888.990267938928,0.000184208454195609,0.0008325334241068,1.15577993334257,5.42833435321756e-05,1234.66002820482,104.221603393555,0.58925861685376,0,0.555340100033102,0.00553292772535905,3.29857413385721,8.46771140990539e-06,19.2600264115767,0,0,0,15.9678013654608,0.910853685735547,0.11472723338437,881.369901515138,0.00196752427136534,0.705208936194395,221848,131.457084773508,239992.636363636,0,59432.4,835.935515311501,0.850171728684273,0,0.115057578611872,5.47301663248489e-05,0.483339520641382,0,0.731870791943158,0,2.97183402393046,0,3.48664016298514e-05,5.69640938232485e-05,2.25951588153839,36.0334701538086,203185.5,36.0334702207912,0,0,0.00215843802784215,0.284066340062971,0,0,0,0,0,0,0,0,3.62880413380356e-05,187358.666666667,0,0,535.333333333333,170537.833333333,0,0,0,0.000575393133815768,0.915650427842369,3.52077079508908
"H19-07811 - 1",1,2,"5/22/2019",19029209,0,"2/22/1960 0:00:00",0,0,59,"Portugal",64,164,23.7953599048186,"Diabetic nephropathy",1,2,42,0,1,2,1.19,70.36611183,1.27,65.08118361,1.32,62.13426859,0.93,94.0024909492175,1.02,83.09916865,-5.45166114960875,0,1,0.87,96.3541184,0.587906862695625,0,0,0,0,0.87,96.33015118,"3/7/2024 0:00:00",58,1,1,1,"6/3/2019 0:00:00",0,1,1,1,3,0,10,0,0," ",0,0," ",0,0,0," ",0,0,0,0,1,1,54,1,0,160,60,23.4375,1,0,"Stroke (ischemic)",1,0.5,111.3861784,0,1.17,68,0,0,0,1,1,2,4,4,0,0,19.39499997,1,0,0,0,19.39499997,1.717603557,9.52380952380952,39,3,0.071428571,1.36167e-07,235736.4231,129893.1769,228.3530465,85.65367944,1.04744e-08,110628.6667,34307.45082,157.6244487,19.48161092,1.06525e-05,43426.03605,39817.1225,76.42041552,26.37650768,19786.27059,19857.49837,54.44312365,14.80382994,3.45656e-07,0.441084066,0.032099618,0.462595034,0.045812867,0.364475165,0.012230378,0.069390322,-0.01788392,1.26958e-05,0.635524835,3051,99,264666.0294,86657.14706,0.311543829,92893.09677,0.314565402,6.753846272,30.27689642,0.242480476,6.753846272,30.27689642,0.242480476,0.462852085,53174.35484,0.462852085,53174.35484,0.529814588,423650,0.529814588,423650,0.431919937,13327.77273,0.431919937,13327.77273,0.538464003,150577.1111,0.538464003,150577.1111,105907.765625,15.0561840193612,63004.7142857143,8.25258682697264e-06,207222.967259725,3.65369620826976e-05,154551,0.000360416838560735,0,7.18987190253761e-05,0.762573787846066,783.903694120003,0.378964945662835,98.5586968597021,1.27544556597944,5.24584105597635e-05,0,0.821020304746504,0,2.86618489878518,0.00208924378431361,1.16844185407911,365.536130023215,2.67624435466693,14.9006500244141,0.38799842726078,1055.22881273094,0.000183153977469496,0.00408965061812836,1.1759356054541,5.95684792631656e-05,1442.05146446863,0,0.581115084016703,1.14223717674282,0.273107649701196,0.000653692170760675,2.86618490083277,5.64199797594279e-06,0,0.587356244648917,0.274583264091723,0.691813099784427,14.9006501966272,0.905363703373708,0,674.385920673194,0.000181899325304706,0.708682433262581,109483,179.184143229311,0,2.98745403485725e-05,47792.9523809524,945.838576165826,0,2.01542642305579e-05,0,2.17766495857244e-05,0.327553629852523,0.466043478421292,0,0.766137766148952,0,1.22521085531976,2.59840005310937e-05,0,0,0,0,0,406,0.735560956934391,0.00017358881330328,0,0,0,0,0,0,0,0,0,0,0,0.882992838985202,0,0,0,8.20979847439905e-05,2.38381049364531,2.28620526160137,0.00218099821668474,0,0
"H19-07811 - 2",1,2,"5/23/2019",19801515,0,"10/10/1957 0:00:00",0,0,61,"Portugal",68,174,22.4600343506408,"Diabetic nephropathy",1,2,51,0,1,2,0.92,94.63951367,1.2,68.80189458,1.14,73.16983422,1.24,65.7371486927197,1.07,77.49154802,5.87719966364015,0,0,1.34,58.42343621,-1.82842812067993,0,0,0,0,1.34,58.37258895,"11/30/2023 0:00:00",54,1,1,1,"6/6/2019 0:00:00",1,2,2,1,5,0,21,0,0," ",0,0," ",0,0,0," ",0,0,0,0,2,1,54,1,0,160,60,23.4375,1,0,"Stroke (ischemic)",1,0.5,111.3861784,0,1.17,68,0,0,0,1,1,2,4,4,0,0,19.9860271,1,0,0,0,19.9860271,0.659936676,16.6666666666667,80,16,0.166666667,1.81342e-07,284342.2813,133003.4144,252.1215009,85.54581385,3.62683e-08,158831.9063,59375.1684,193.8881212,47.90246809,1.50242e-05,41112.56329,40539.79013,76.7583925,27.88935908,24155.40443,22064.84514,56.31229884,16.02594873,3.78551e-07,0.52222336,0.051563102,0.617681589,0.015247387,0.249831233,0.006957766,0.08347845,0.049787155,1.3816e-05,0.750168767,6628,167,306659.7432,72668.78378,0.24472928,75962.55714,0.245489638,5.509793858,30.84326814,0.20231184,5.509793858,30.84326814,0.20231184,0.4849895,49043.43939,0.4849895,49043.43939,0.606928422,527703.5,0.606928422,527703.5,0.466472517,15382.65217,0.466472517,15382.65217,0.527578559,126463.25,0.527578559,126463.25,107385.856534091,15.1112093281102,74974.6756756757,5.86221725350967e-06,229438.241501267,3.25465248025778e-05,113068.909090909,0.000266389365206137,2.12670912230251e-05,5.08260853070717e-05,0.758003060388795,811.44593922168,0.255236497885523,77.4541032107264,0.646217683032883,3.91673444035894e-05,0.256382790005868,0.857529411301311,0.000147170682795216,2.63443452280921,1.95363484777112e-05,1.06449530492911,399.966983633491,3.00730976455726,13.0604867068204,0.351058525075873,2230.09547155199,0.000170135942805469,9.99368508610518e-05,1.20352782041434,4.83264862687999e-05,1526.57694128382,0,0.504128705885158,1.1756119706277,0.256116132635019,0.00440692689794536,2.63443452215625,5.30973347982718e-06,16.5906982421875,0.675835112863085,0.20912030876707,0.627352300598505,13.0604867476583,0.895688199484724,0,741.620392615444,0.00576184009293551,0.800665167326972,80049.7272727273,195.203183493104,80072,2.63813514981361e-05,53743.9459459459,1175.99903244972,0,1.80500712755852e-05,0.113966859071454,2.46166986529443e-05,0.29958391101953,0.433129617682755,0,0.692142707323675,0,1.19376537807681,2.78823042001106e-05,0,0,0,0,0,512.666666666667,0.58838728832702,0.00169850351128046,0,0,0,0,0,0,0,0,0,0,0,0.750936064718716,0,0,0,7.00602396049413e-05,2.51141094978709,2.49843301551687,5.24154276238883e-05,0.907032220596857,2.39746054767544
"H19-09323 - 1",1,2,"6/19/2019",18025908,0,"5/25/1954 0:00:00",0,0,65,"Portugal",72,165,26.4462809917355,"Chronic glomerulonephritis (unspecified)",2,1,61,0,1,2,3.24,20.37791987,2.65,25.93694455,3.07,21.73941293,3.39,19.1810870758568,0,0,0,1,1,0,0,0,1,1,0,0,4.16,14.90427242,"6/21/2021 0:00:00",24,0,0,0,"8/14/2019 0:00:00",0,2,2,0,4,8,28,1,1,"8/5/2021",1,1,"8/5/2021 0:00:00",1,0,0," ",0,0,0,0,1,1,71,1,0,160,55,21.484375,1,0,"Stroke (hemorrhagic)",1,0.6,95.90284574,0,1.61,93,1,0,0,1,1,2,4,4,0,0,89.2917,1,1,1,0,0,1.091639339,20,24,5,0.172413793,3.04305e-07,244522.8958,143361.3682,229.798486,90.19763958,6.33969e-08,130601.1,46114.47256,172.7685929,21.65209745,1.37444e-05,36009.69419,31841.60125,73.73922687,27.23724928,30317.27248,42634.80304,58.60960504,18.78736591,1.90191e-07,0.484502173,0.074409579,0.49493343,0.003281976,0.244509215,0.019760802,0.1503426,-0.236074478,9.61469e-06,0.755490785,1084,15,266532.25,64701.18182,0.253810027,68955.9,0.247558052,5.16475029,24.79745954,0.308329562,5.16475029,24.79745954,0.308329562,0.493277166,18249.41667,0.493277166,18249.41667,0.253531433,38338,0.253531433,38338,0.541226313,14231.7,0.541226313,14231.7,0.253531433,38338,0.253531433,38338,141604.109375,14.0668609142303,44462.625,6.70875782654204e-06,160543.728711128,2.81958972759012e-05,178858.5,0.000300172571840781,0,5.50433564644897e-05,0.780042773279724,902.826823047935,0.370846457971795,123.615177260006,1.19990794587901,4.10634341619918e-05,0,0.814335040083798,0,2.80349297821522,0.00147029567702684,1.43642458847609,272.933581455296,2.71478517369616,13.5987515449524,0.437116583353442,1374.56169402181,0.00015375981515173,0.00270501345480286,1.31249275648301,6.08543999182419e-05,1102.16358608213,0,0.600987353499076,0,0.268438489899351,0.00449528526522518,2.80349301080956,5.20976216519067e-06,0,0,0.361703952540919,0.708856585042227,13.5987517407139,0.89395300444629,0,670.782886118124,0.000307089789245041,0.722881584041422,124547,134.69858289895,0,0,28149.375,964.7243431825,0,0,0,1.80876120178306e-05,0.330907896940685,0.535613227770315,0,0.754094670290353,0,1.04416001743964,2.25899108849987e-05,0,0,0,0,0,0,0,0.00373861607681377,0,0,0,0,0,0,0,0,0,0,0,0,0,0,0,0.000100047767930461,2.23731636605422,0,0.00235000138040675,0,0
"H19-10049 - 1",1,2,"7/4/2019",19038428,0,"8/22/1955 0:00:00",0,0,63,"Portugal",62,165,22.77318640955,"Undetermined",5,2,27,1,2,1,1.93,38.4190929,1.84,40.68501589,1.86,40.16061405,1.59,48.1768411363712,1.6,47.22466388,-0.4760886281856,0,0,1.5,50.39661055,0.554942353407199,0,0,0,0,1.5,0,"3/16/2025 0:00:00",57,0,0,0,"7/12/2019 0:00:00",0,1,1,1,3,0,25,0,0," ",0,0," ",0,0,0," ",0,0,0,0,1,0,77,0,0,170,84,29.0657439446367,0,0,"Head Thrauma",2,0.8,91.15045097,0,1.23,74,0,0,0,2,1,2,5,2,0,0,13.41581955,0,0,0,0,13.41581955,1.919014027,25,17,6,0.260869565,9.84174e-08,360666.1765,183133.4647,285.7637729,100.289617,3.47356e-08,107170.8333,34326.01622,157.9018573,35.62775319,9.78964e-06,45176.26523,45839.57897,77.56796575,28.45164881,32900.27643,38386.37881,60.23826387,18.96777996,2.66306e-07,0.396770304,0.035495828,0.442259229,0.052197822,0.399489975,0.016630717,0.080260231,-0.130344825,1.07967e-05,0.600510025,1691,46,383196.4688,128655.8125,0.326738038,128655.8125,0.326738038,6.930287833,22.8333045,0.392686102,6.930287833,22.8333045,0.392686102,0.453776749,26133.84615,0.453776749,26133.84615,0.592415896,128011,0.592415896,128011,0.428613904,15311.31818,0.428613904,15311.31818,0.592172399,85657.75,0.592172399,85657.75,92863.2473958333,2.19689989089966,153,1.08216051605503e-05,203.99690246582,8.02292725272796e-05,121393.333333333,0.000439582685634897,1.64430488898513e-05,0.000133138728285131,0.785349902442195,748.116820904887,0.313281655380817,18,1.05803430511913,6.3627032936275e-05,0.36370276131223,0.11352166641856,0.000107193058565891,1.33331310749054,0.00728586397535814,1.11473717194437,1.87670045566717,2.99994192338941,21.6514550844828,0.836065573770492,113.511194029851,0.000260460094461182,0.0120049174366101,1.33026232331964,8.12122062197642e-05,178.414213562373,101.482177734375,0.58421639284643,0,1.63085399449036,0.0833333333333333,1.3333130880119,8.32196172933887e-06,21.9906959533691,0,0.27848450945455,0.669209210320906,21.6514552125761,0.932940292657372,0.114980564276653,690.426110919593,0.0765432053142124,0.766541097622192,123325.5,30.0665927567458,205595.5,0,296,666.017805620508,0.778710519262812,0,0.113678739251929,4.01336085130172e-05,0.362290056457654,0.409292951602661,0.852408523324688,0.780090164564088,2.90182429660255,1.48962846099387,3.86584600793258e-05,0.000148417468231621,3.15168714523315,49.1800575256348,155819.333333333,49.180057968351,260,0.722835145801431,0.0833333333333333,0.277118489916979,0,0,0,0,0,0,0,0,0,147692.666666667,0.867484515970074,0,0,121663.333333333,0.000319522902696169,2.64811919326135,2.54465298178666,0.00871446475484013,0.918053019767111,3.40102897191069
"H19-10049 - 2",1,2,"7/3/2019",16024033,0,"11/10/1949 0:00:00",0,0,69,"Portugal",77,175,25.1428571428571,"Chronic glomerulonephritis (anti-GMB)",2,2,32,0,2,2,2.53,26.74639207,2.41,28.35237085,2.94,22.33536405,2.54,26.4550364614982,2.19,31.21575701,2.3803602742509,0,0,2.01,34.17193134,1.92922371962545,0,0,0,0,2.1,0,"3/6/2025 0:00:00",55,0,0,0,"7/24/2019 0:00:00",0,2,2,2,6,0,22,0,0," ",0,0," ",0,0,0," ",0,0,0,0,2,0,77,0,0,170,84,29.0657439446367,0,0,"Head Thrauma",2,0.8,91.15045097,0,1.23,74,0,0,0,0,2,2,4,1,0,0,35.46019642,1,1,1,1,35.46019642,0.344559491,0,34,0,0,1.64494e-07,346603.7941,144457.6902,289.1434191,84.77545235,0,0,0,0,0,1.05711e-05,45008.12517,45282.53325,79.39874707,27.81440727,23488.51148,28608.72726,61.4784662,16.9599443,2.75769e-07,0.345900324,0.057014187,0.475787544,0.049643632,0.518630462,0.00517119,0.119831188,-0.404058049,1.2778e-05,0.481369538,2185,57,356745.5455,169518.4545,0.482806979,177829.6452,0.475392098,7.231612435,22.98935269,0.339762621,7.231612435,22.98935269,0.339762621,0.384354792,82888.21429,0.384354792,82888.21429,0.549784085,261485.5,0.549784085,261485.5,0.308283231,13757.125,0.308283231,13757.125,0.48578354,175063,0.48578354,175063,124978.092447917,19.6396066492254,95757,8.61000235680859e-06,395900.655095881,3.37914774028794e-05,233463,0.000326680764976223,2.85170835369612e-05,8.43236137767987e-05,0.779265874895994,846.138279406683,0.480064559626702,96.684527977204,2.00002328994646,4.51284624990102e-05,0.350277695109997,0.872025818399272,0.000152745380273581,3.84446939555081,4.23144983906931e-05,2.20606058253829,378.692205809438,2.72518834557369,16.249773979187,0.547530103446766,1026.42410213271,0.000131385862196871,0.000207400103476173,1.1584791262767,5.54875851458727e-05,1589.21818089059,0,0.670700658852409,1.24388281333633,0.516972935938082,0.00102040097161964,3.8444694153798,4.66201995791154e-06,19.1475971221924,0.581610440779461,0,0,16.2497741925166,0.901253063166542,0,799.49350364889,0.000215812776296106,0.633882111594059,230669.833333333,185.815050520615,155985.8,2.80177972539142e-05,88969.9090909091,795.641030251595,0,2.4327794011595e-05,0.115685891048709,1.79606004927517e-05,0.505498665809411,0,0,0,0,0,2.28545361144277e-05,0,0,0,0,0,0,0,0.000260469452607179,0,0,0,0,0,0,0,0,0,0,0,0,0,0,0,0,0,0,0.000103424579279084,0.914096670527288,3.58573057761243
"H19-11364 - 2",1,2,"7/30/2019",19355139,0,"3/27/1957 0:00:00",1,0,62,"Portugal",77,162,29.3400396281055,"Undetermined",5,1,16,0,2,2,1.7,33.6965415,1.64,35.1812622,1.5,39.15746094,1.49,39.2283015069539,1.3,45.63404736,3.20287292652305,0,0,1.24,47.69940637,2.11777621576153,0,0,0,0,1.24,0,"3/16/2025 0:00:00",54,0,0,0,"8/14/2019 0:00:00",0,1,1,1,3,2,23,0,0," ",0,0," ",0,0,0," ",0,0,0,0,2,1,76,1,0,160,69,26.953125,1,0,"Stroke (ischemic)",1,0.7,89.57612681,0,1.63,94,1,0,0,1,2,0,3,4,0,0,45.4993,1,1,1,1,45.4993,0,8.33333333333333,22,2,0.083333333,1.32925e-07,353225.7273,123290.6226,289.8409286,61.75692604,1.20841e-08,19418.25,18102.25,49.44157002,40.49729811,9.83043e-06,58327.35495,55270.82549,91.48210099,30.49053977,26843.85413,27074.15526,60.76103653,17.87972962,3.20229e-07,0.388065995,0.046952636,0.573382985,0.017848968,0.344919102,0.003231898,0.08188704,-0.587394801,1.09204e-05,0.655080898,1627,53,353225.7273,146684.0909,0.405812717,146684.0909,0.405812717,7.566159923,22.94827653,0.27747295,7.566159923,22.94827653,0.27747295,0.341079741,87660.15,0.341079741,87660.15,0.444245148,340086,0.444245148,340086,0.318464744,20587.42857,0.318464744,20587.42857,0.393848068,244163.1667,0.393848068,244163.1667,101425.9453125,21.0232570648193,96182,7.55377514271327e-06,354309.2140625,4.44917334133311e-05,102281.333333333,0.000319600471650943,0,6.99605321591176e-05,0.790245038522294,757.182797085911,0.265316088009664,124.406478802052,0.78566461369973,5.28013711008601e-05,0,0.874591274054384,0,3.71784691810608,1.85421101484789e-05,1.59084666530662,447.534200662693,3.18769716797733,15.6275974909465,0.421406886918115,832.415431739171,0.000200342218580696,0.000105934221905984,1.20128216376407,6.44821295897643e-05,1784.53869299358,0,0.540674024915957,1.18771760868719,0.420154785469878,0.000520864406886281,3.71784688535249,6.7394627320053e-06,0,0.608650334611735,0.788320257266453,0.912907523669518,15.6275969596386,0.899567323282665,0,729.709137891051,0.000104067708882604,0.799862552230654,101638.333333333,217.062984121224,0,2.20195281359669e-05,93094.4,877.340145802707,0,1.78907299340198e-05,0,3.0193667369996e-05,0.393333976197521,0.73934304916926,0,0.929730699692416,0,0.76944318500087,2.98626466030559e-05,0,0,0,0,0,0,0,0.000116451294772938,0,0,0,0,0,0,0,0,0,0,0,0,0,0,0,0.00122337369464832,2.15346182300775,0,4.69833860162533e-05,0,0
"H19-16473 - 2",1,2,"11/5/2019",2002674,0,"5/20/1955 0:00:00",1,0,64,"Portugal",53,159,20.9643605870021,"ADPKD",4,1,55,0,1,2,1.2,50.54806367,0.98,64.45412668,1.11,55.50529876,1.06,58.2980425946335,0.9,70.06933326,5.88564533268325,0,0,1.02,59.55205808,0.313503871341625,0,0,0,0,1.05,0,"3/16/2025 0:00:00",50,1,1,0,"11/20/2019 0:00:00",0,1,1,2,4,2,24,0,0," ",0,0," ",0,0,0," ",0,0,0,0,2,1,76,0,0,170,75,25.9515570934256,1,0,"Stroke (hemorrhagic)",1,1,78.00146846,0,1.58,92,1,0,0,1,1,2,4,4,0,0,21.68220359,1,1,0,0,21.68220359,0.254373544,6.12244897959184,93,7,0.07,2.31043e-07,355643.543,211644.2704,270.1473297,116.3642817,1.73903e-08,68862.78571,19921.39504,120.2460834,36.38515379,9.27899e-06,45765.68072,49104.9664,77.41791907,25.89176208,26277.63216,29060.83403,55.77875862,12.80482591,1.34154e-07,0.376110122,0.082169014,0.424659387,0.007703579,0.431427435,0.001598735,0.193493929,-0.331618385,9.75625e-06,0.568572565,3735,54,393704.756,122334.3452,0.311114933,127063.4625,0.310934478,6.470773207,20.424479,0.330855492,6.470773207,20.424479,0.330855492,0.357921451,23419.03333,0.357921451,23419.03333,0.64341411,105326,0.64341411,105326,0.324463066,11675.95833,0.324463066,11675.95833,0.491754988,70391.33333,0.491754988,70391.33333,100182.361002604,13.0589153409004,70424.0333333333,4.5645767565651e-06,223738.734227244,2.43307774476937e-05,163555.833333333,0.000206878966667112,1.24507919028487e-05,4.00716887181478e-05,0.732709693002789,930.99814256716,0.292049411878536,56.9556873265456,0.693178213525475,2.81816155098942e-05,0.266752060222442,0.817378671206699,7.55506597848471e-05,2.53190299272537,0.00279273471924187,1.32879087968013,303.968874970485,2.89955874324727,11.2849980990092,0.506568555261641,1838.78909555574,0.000125332256120487,0.00572087458497887,1.28935770412986,4.16504228903382e-05,1274.97450378553,0,0.530063572533057,1.22095122529706,0.442315684422246,0.0143800857689333,2.53190298871585,3.44449902686705e-06,14.7914743423462,0.581474064490171,0.385233068883831,0.72454018430128,11.2849981349672,0.9195931859962,0,767.352104885864,0.0260216489647731,0.768274642943165,135048.25,149.871671382027,68494.5,1.73873902525034e-05,84901.3,1340.30424609645,0,1.23196555962232e-05,0.114365032156874,1.70875320359579e-05,0.334956097459831,0.516336779171426,0,0.774994181648318,0,1.39837254331836,1.8035219711918e-05,0,0,0,0,0,0,0,0.0117098404622663,0,0,0,0,0,0,0,0,0,0,0,0,0,0,0,9.909353638276e-05,2.61171255531177,0,0.00390211032662389,0.905761937434717,2.14320138215505
"H19-18272 - 1",1,2,"12/3/2019",93000490,0,"6/22/1959 0:00:00",0,0,60,"Portugal",65,171,22.2290619335864,"Chronic glomerulonephritis (IgA)",2,1,15,1,3,1,1.71,45.26093984,1.74,44.32612862,2.03,36.84034213,1.45,54.8247032955789,1.34,59.52372745,2.34951207721055,0,0,1.47,52.60573109,-0.554743051394725,0,0,0,0,1.47,0,"3/16/2025 0:00:00",52,1,0,0,"12/10/2019 0:00:00",0,2,2,2,6,2,25,0,0," ",0,0," ",0,0,0," ",0,0,0,0,1,1,75,1,0,160,70,27.34375,1,0,"Stroke (ischemic)",1,1.1,52.40101671,0,1.73,96,1,0,0,0,1,2,3,3,0,0,9.884021453,0,0,0,0,0,0.230577995,0,119,0,0,2.76292e-07,301833.2017,138459.2036,262.3963853,81.4110487,0,0,0,0,0,1.60575e-05,37718.73417,37574.61963,71.36955747,23.71050464,0,0,0,0,3.57555e-07,0.583212734,0.083394224,0.605667252,0.019870816,0,0,0.137689834,-0.288347758,1.63338e-05,0,6916,154,309454.7457,18846.2069,0.06132638,31182.5,0.120930846,4.465156556,25.74032735,0.210434719,4.465156556,25.74032735,0.210434719,0.641026037,108182.6563,0.641026037,108182.6563,0.989359174,605466,0.989359174,605466,0.51554952,12510.625,0.51554952,12510.625,0.766502553,203854.6875,0.766502553,203854.6875,95920.165625,9.50574651886435,30975.2647058824,4.26948849524643e-06,65292.907459259,2.75704090275093e-05,47503.5,0.000190466445520102,0,3.52501646678906e-05,0.750483238998977,858.785015319859,0.111185153668052,72.1362283720531,0.190305524406088,2.17693989053752e-05,0,0.800211825502105,0,1.83191000363406,6.48752731513877e-05,0.403143767912821,351.217950762833,3.00826224126603,10.2195051193237,0.194101054818904,1606.71207469893,0.000148464015904141,0.000165559516604971,1.39321144854006,3.10664696887248e-05,1410.53668640196,0,0.410801316305941,0,0.0728146181600706,0.00245135170054627,1.83191000751201,5.08686184829903e-06,0,0,0,0,10.219505082133,0.901801127044911,0,744.870382783512,0.00351444856697368,0.908234074342587,18471.1,171.151562403239,0,0,11279.7647058824,1549.37104159462,0,0,0,4.35492431926222e-05,0.1677007972776,0,0,0,0,0,2.64181772711534e-05,0,0,0,0,0,0,0,0.000684864826427815,0,0,0,0,0,0,0,0,0,0,0,0,0,0,0,0,0,0,0.0010711442165818,0,0
"H19-18272 - 2",1,2,"12/3/2019",15053370,0,"1/17/1961 0:00:00",1,0,58,"Portugal",65,162,24.7675659198293,"ADPKD",4,1,33,0,1,2,1.24,50.44545487,1.33,46.37736773,1.51,39.82499481,1.29,47.8100727684365,1.5,39.4017518,-4.20416048421825,0,0,1.3,46.20521591,-0.401214214609125,0,0,0,0,1.3,0,"3/16/2025 0:00:00",54,0,0,0,"12/10/2019 0:00:00",0,1,2,1,4,10,25,0,0," ",0,0," ",0,0,0," ",0,0,0,0,2,1,75,1,0,160,70,27.34375,1,0,"Stroke (ischemic)",1,1.1,52.40101671,0,1.73,96,1,0,0,1,1,2,4,3,0,0,10.68498865,0,0,0,0,10.68498865,0.321635414,2.27272727272727,88,2,0.022222222,2.39462e-07,334344.0682,134332.4282,276.1435488,72.32472242,5.44232e-09,48348.25,5190.75,106.1324673,4.289450831,1.65283e-05,36850.24695,34432.65187,77.43128519,27.10930373,17583.1926,16039.83386,54.79477751,16.5739767,4.40828e-07,0.536869206,0.080062718,0.609072828,0.017850757,0.322325085,0.022186847,0.131450156,-0.193423314,1.73221e-05,0.677674915,6074,162,345605.5588,58209.71765,0.168515076,63921.81081,0.180923443,4.955176624,23.26901617,0.2549932,4.955176624,23.26901617,0.2549932,0.513603121,85636.75,0.513603121,85636.75,0.761265394,481150,0.761265394,481150,0.430991802,14910.21429,0.430991802,14910.21429,0.629258967,184653.9,0.629258967,184653.9,120351.5546875,14.9106098311288,91053.0571428571,4.26245930110673e-06,263106.713643973,2.07440680504044e-05,111757.2,0.000165430670544974,3.36120821302733e-05,3.09231563718007e-05,0.764856130212446,859.193449899056,0.221236489725893,77.2433691788679,0.481693460122352,2.62998925182912e-05,0.119112585779932,0.83095744310792,0.000176443078453272,2.62385387761252,2.24302915292701e-05,1.05504381992512,456.733505500292,2.95624981942564,10.1125860214233,0.356594720124889,1608.87604731609,0.000111176909071298,0.00010298738406907,1.15611596944164,3.7114356354986e-05,1734.62979691785,0,0.478828601450182,1.36127019908767,0.186664254792945,0.00226596151970268,2.62385388860333,4.35078629252757e-06,9.09379959106445,0.671111754180808,0.0238914985714099,0.357795273067803,10.1125859378519,0.896825897160747,0,791.404730478094,0.00426843226344153,0.824162189534248,60601,224.49097198255,42958.5,2.66432074507163e-05,47574.8,1369.145046995,0,1.35184513668428e-05,0.113974013287852,2.05175782080291e-05,0.278597162468976,0.0643884828343913,0,0.481350792692333,0,1.2563349601278,2.11919879815321e-05,0,0,0,0,0,0,0,0.000952543670668567,0,0,0,0,0,0,0,0,0,0,0,0,0,0,0,0.000659051825229425,2.48834938161384,0,0.000122042876121396,0.912464822590025,1.69937435014296
"H20-02897 - 1",1,2,"2/14/2020",19292924,0,"12/1/1951 0:00:00",0,0,68,"Portugal",61,162,23.2434080170706,"Other",6,1,24.9666666666667,0,1,2,1.95,36.78487681,2.12,33.27421408,1.99,35.89939651,2.01,35.2512533680444,1.33,57.14600142,10.9473740259778,0,0,1.51,48.46558563,3.3035830654889,0,0,0,0,1.51,0,"12/30/2025 0:00:00",51,0,0,0,"2/21/2020 0:00:00",0,1,2,2,5,4.17,18,0,0," ",0,0," ",0,0,0," ",0,0,0,0,1,1,69,1,0,160,75,29.296875,0,0,"Anoxia",5,0.8,79.70930029,0,1.19,70,0,0,0,1,2,2,5,4,0,0,52.9647,1,1,1,1,52.9647,0.246024434,12.962962962963,94,14,0.12962963,2.94474e-07,260279.1436,117847.791,240.0304912,71.11626295,4.38578e-08,89059,33763.29126,151.2441666,33.04956139,1.32513e-05,43624.34669,46886.72128,77.34001751,28.19623381,19470.7731,20576.56247,53.76371509,17.41715615,3.85322e-07,0.500539112,0.076645362,0.578080022,0.033687468,0.320960046,0.02526588,0.132586077,-0.580149754,1.50412e-05,0.679039954,4230,123,268315.7143,76120.16484,0.28627369,81997.90244,0.285055297,6.556762509,20.53784897,0.38657784,6.556762509,20.53784897,0.38657784,0.399690372,154183.5606,0.399690372,154183.5606,0.487761444,1889383,0.487761444,1889383,0.309618726,13565.2381,0.309618726,13565.2381,0.557315752,400265.625,0.557315752,400265.625,0,0,0,0,0,0,0,0,0,0,0,0,0,0,0,0,0,0,0,0,0,0,0,0,0,0,0,0,0,0,0,0,0,0,0,0,0,0,0,0,0,0,0,0,0,0,0,0,0,0,0,0,0,0,0,0,0,0,0,0,0,0,0,0,0,0,0,0,0,0,0,0,0,0,0,0,0,0,0,0,0,0,0,0,0,0,0,0,0,0,0,0,0,0,0
"H20-04374 - 1",1,2,"3/6/2020",19709165,0,"5/25/1961 0:00:00",1,0,58,"Portugal",73,176,23.566632231405,"ADPKD",4,1,42.5666666666667,0,3,1,1.3,47.66460978,1.54,38.895844,1.19,52.9994925,1.37,44.4797539804034,0.97,66.48121696,11.0007314897983,0,0,1.29,46.63536437,0.538902597399149,0,0,0,0,1.29,0,"3/16/2025 0:00:00",49,0,0,0,"3/13/2020 0:00:00",0,1,2,2,5,0,24,0,0," ",0,0," ",0,0,0," ",0,0,0,0,1,1,64,1,0,160,70,27.34375,1,0,"Stroke (hemorrhagic)",1,1.2,50.54806367,0,1.48,89,1,0,0,1,2,2,5,3,0,0,25.50621462,1,1,1,1,25.50621462,4.602240522,5.88235294117647,64,4,0.058823529,1.77092e-07,445600.0234,249451.2327,318.3117759,109.1072618,1.10683e-08,91206.75,4913.655875,143.4766837,6.55295651,1.21557e-05,47907.13487,44787.0008,81.97079389,29.94769647,0,0,0,0,3.12678e-07,0.493065901,0.07891229,0.582345692,0.020595306,0,0,0.135507639,-0.094053214,1.23439e-05,0,4393,113,471215.9667,112953.1333,0.236462456,121665.1481,0.24534384,6.204401949,22.17072084,0.331462147,6.204401949,22.17072084,0.331462147,0.534313541,54075.59091,0.534313541,54075.59091,0.583350961,161271.5,0.583350961,161271.5,0.590556561,19165,0.590556561,19165,0.435888255,115169.125,0.435888255,115169.125,110873.398925781,10.4842391331991,44493.3333333333,3.40177328481415e-06,98203.4544433594,1.46489736816733e-05,209333.125,0.000150798999415759,1.95162934190731e-05,2.57566036805566e-05,0.710705241840726,971.461107731807,0.317059239454202,71.1961432392974,0.692220864915116,2.18529604295942e-05,0.212053160193512,0.80794930666726,0.00011257197325416,2.00582033793132,3.35498791207137e-05,0.564267562590644,349.542259012739,2.88120776444834,9.14979469776154,0.269588255701723,1534.02648401851,8.59774047662257e-05,0.000130561174346745,1.13471180465045,3.87260946649926e-05,1407.98595394179,78.2914810180664,0.546629348247198,1.20276914448916,0.204522661050701,0.000708723907099347,2.00582033636149,2.32693614821658e-06,11.8886324564616,0.642775610586232,0.422661047310811,0.730855665705679,9.1497946730977,0.894916413388797,0.117104782697854,759.898846253398,0.000246038066939376,0.747106969389935,159558.875,171.431796101785,122198,1.57736000955249e-05,35009.3333333333,1416.16869509711,0.417195317318079,1.11220362569908e-05,0.115064984698705,1.0942538798453e-05,0.285820638784914,0.573437343838932,0.752376249257731,0.775065544217277,1.89829607141247,1.21711303179658,1.35435531281446e-05,0,0,0,209730,0,0,0,0.000181359613994936,0.159910152041594,0,0,0,0,0,0,0,0,0,288297,0,0,0,0,5.80057068466148e-05,2.45021789996973,0,0.000157597598724283,0.906221956062116,1.95639407749358
"H20-04374 - 2",1,2,"3/6/2020",19209543,0,"10/27/1960 0:00:00",0,0,59,"Portugal",65,173,21.7180660897457,"ANCA vasculitis",2,2,36.1666666666667,0,1,2,1.48,54.16339138,1.4,57.89836037,1.39,58.39856124,1.33,61.1923217041336,1.39,57.3190686,-1.9366265520668,0,0,1.48,52.50501797,-2.1718259335334,0,0,0,0,1.48,0,"3/16/2025 0:00:00",46,1,1,1,"3/17/2020 0:00:00",0,2,1,2,5,0,24,0,0," ",0,0," ",0,0,0," ",0,0,0,0,2,1,64,1,0,160,70,27.34375,1,0,"Stroke (hemorrhagic)",1,1.2,50.54806367,0,1.48,89,1,0,0,1,2,2,5,3,0,0,38.15709359,1,1,1,1,38.15709359,3.169488305,2.5,82,1,0.012048193,2.34756e-07,445785.811,235668.1925,314.7554627,94.0986051,2.86288e-09,99650.5,0,165.1302516,0,1.89494e-05,42460.10568,38832.15006,81.33334891,29.93182509,22607.44286,24491.41271,60.49089154,18.55610907,4.49472e-07,0.670770434,0.104651006,0.804593954,0.030992038,0.333069035,0.009024599,0.130066856,-0.081344468,1.86537e-05,0.666930965,6619,157,468580.5694,89068.05556,0.19898934,149411,0.307662244,6.158984548,18.12036361,0.385747516,6.158984548,18.12036361,0.385747516,0.390864197,137842.881,0.390864197,137842.881,0.536561264,1046878,0.536561264,1046878,0.314296348,13285.95455,0.314296348,13285.95455,0.475088831,274855.5,0.475088831,274855.5,94819.6822350544,14.1130600158985,66250.1538461538,4.40722799821265e-06,187546.124286358,3.63754740592484e-05,92250.1739130435,0.000226314555275766,0.0014415688962455,4.91278970668598e-05,0.73549308696513,907.37403763289,0.154852561083644,86.0633374596703,0.340674769685469,2.3448137280032e-05,0.10897983551701,0.831807218430988,0.00265147156388974,2.5653246824558,2.59297059852122e-05,1.12574055457718,392.32487026816,2.87666456293018,11.9981954201408,0.349289407416532,1271.44316712896,0.000165604663660182,0.000127956473830279,1.28273625797577,2.94511068935476e-05,1610.68038812064,90.9211940765381,0.446650126153871,1.14903059934371,0.289526252230092,0.001047965912161,2.56532465665081,4.25543698906567e-06,8.70422161950005,0.593225321443576,0,0,11.9981954783062,0.897698440310936,0.114550491869676,799.287016678255,0.000152371098119675,0.880766953505121,90892.347826087,199.509387988231,41602.1111111111,1.56194075161897e-05,56643.5384615385,1474.25001431139,0.268663191780758,1.2045971012417e-05,0.114591484930678,0.00207056599197061,0.219241259264854,0,0.676975712231857,0,1.75705849569644,0,2.28016476571248e-05,0,0,0,77120.1666666667,0,331,0.878193874582426,0.0002394423482209,0.119400467761943,0,0,0,0,0,0,0,0,0,102115.333333333,0.992375326753092,0,0,0,0,0,2.31900733182369,0.000554096408308778,0.906798908838443,1.79585080303723
"H20-08233 - 1",1,2,"6/23/2020",19779957,0,"5/19/1971 0:00:00",1,0,49,"Portugal",71,165,26.078971533517,"Diabetic nephropathy",1,1,52.2333333333333,0,1,2,1.02,67.43990143,1.2,55.49062773,0.97,71.6326556,0.92,75.8561387871226,1.02,66.19328036,-4.8314292135613,0,0,0.95,71.19734006,-1.16469968178065,0,0,0,0,0.95,0,"2/15/2025 0:00:00",44,1,1,1,"7/2/2020 0:00:00",0,2,1,2,5,0,18,0,0," ",0,0," ",0,0,0," ",0,0,1,0,1,0,35,0,0,174,65,21.4691504822301,0,0,"Head Thrauma",2,0.6,129.1019015,0,0.72,15,0,0,0,0,0,0,0,2,0,0,6.086860933,0,0,0,0,6.086860933,0.006963796,0,64,0,0,2.69236e-07,268083.0391,105313.7594,258.3400923,66.45150835,0,0,0,0,0,2.00286e-05,29548.61783,29989.54232,67.84988453,25.25783396,25688.16667,33743.39513,55.70496635,30.63424103,1.76686e-07,0.508807285,0.072177474,0.591817386,0.008526459,0.35500752,0,0.121959029,-0.414249436,2.0286e-05,0.64499248,4761,42,272049.4841,55251.36508,0.207106383,56433.78689,0.204233851,5.337144425,21.43886894,0.266795588,5.337144425,21.43886894,0.266795588,0.510061496,50211.6,0.510061496,50211.6,0.850404414,459597,0.850404414,459597,0.463846754,11442.95455,0.463846754,11442.95455,0.637152037,156825.375,0.637152037,156825.375,90819.29296875,14.2447597876839,65105.4782608696,5.7887199964392e-06,162603.249087126,4.1130581841171e-05,64036.75,0.000297656799825099,0,5.90414611890549e-05,0.773838587622743,678.194625837471,0.189444338064422,98.9191531159988,0.368717355287438,3.28933969529775e-05,0,0.814863608089698,0,2.42689211990522,1.95184903765118e-05,0.862668056395106,419.855850331514,3.03661265209521,13.7959852218628,0.346942806096297,1273.78669546542,0.000206839916296548,0.000104312298456093,1.07157871246205,4.40708461240747e-05,1593.40920595978,0,0.449841722305041,0,0.247115320532306,0.000449477160101351,2.42689212375297,7.00965015276054e-06,0,0,0,0,13.7959851781377,0.900168316715654,0,674.027021682454,0.000157673039935029,0.841125229911861,52508.25,203.680217602001,0,0,45780.3913043478,1085.42426600839,0,0,0,3.07731261600957e-05,0.244447817931538,0,0,0,0,0,3.55859408659143e-05,0,0,0,0,0,0,0,0.000100681291755829,0,0,0,0,0,0,0,0,0,0,0,0,0,0,0,0,0,0,6.23501803531075e-05,0,0
"H20-08288 - 1",1,1,"6/24/2020",19533043,0,"2/23/1978 0:00:00",0,0,42,"Portugal",85,170,29.4117647058824,"Chronic glomerulonephritis (unspecified)",2,2,28.4,0,1,2,1.17,79.82041893,1.39,64.911146,1.16,80.64685761,1.24,73.9826710864133,1.1,84.36509346,5.19121118679335,0,0,1.06,87.10938762,3.28167913339668,0,0,0,0,1.06,0,"3/16/2025 0:00:00",47,1,1,1,"7/15/2020 0:00:00",0,1,2,1,4,0,14,1,0," ",0,0," ",0,0,0," ",0,0,1,0,1,0,25,0,0,174,59,19.4873827454089,0,0,"Anoxia",5,0.9,121.5522926,0,0.73,16,0,0,0,0,1,0,1,3,0,0,17.8086,1,0,0,0,17.8086,0,0,14,0,0,1.45448e-07,331916.3571,167864.9512,276.1278711,111.1574119,0,0,0,0,0,1.02749e-05,58613.64813,156567.0548,81.16829129,41.75927324,21510.81886,22392.99444,60.73577268,20.35881492,1.35059e-07,0.52315146,0.048276686,0.602248601,0.011987588,0.50922971,0.000681598,0.080160727,-0.59368948,1.40974e-05,0.49077029,989,13,386543.5,148107.75,0.393661201,148107.75,0.393661201,8.071088685,19.21818112,0.431725097,8.071088685,19.21818112,0.431725097,0.488580497,119609.25,0.488580497,119609.25,0.658977737,211941,0.658977737,211941,0.318183257,27277.5,0.318183257,27277.5,0.658977737,211941,0.658977737,211941,0,0,0,0,0,0,0,0,0,0,0,0,0,0,0,0,0,0,0,0,0,0,0,0,0,0,0,0,0,0,0,0,0,0,0,0,0,0,0,0,0,0,0,0,0,0,0,0,0,0,0,0,0,0,0,0,0,0,0,0,0,0,0,0,0,0,0,0,0,0,0,0,0,0,0,0,0,0,0,0,0,0,0,0,0,0,0,0,0,0,0,0,0,0,0
"H20-08454 - 1",1,2,"6/28/2020",9168386,0,"5/15/1991 0:00:00",0,0,29,"Portugal",76,172,25.6895619253651,"Undetermined",5,2,19.1,0,1,2,1.64,57.70819863,1.7,55.27279547,1.51,63.72029809,1.59,59.5213234056624,1.46,65.1213936,2.8000350971688,0,0,1.45,64.84903158,1.3319270435844,0,0,0,0,1.45,0,"3/16/2025 0:00:00",46,1,1,0,"7/8/2020 0:00:00",0,2,2,2,6,2.04,10,0,0," ",0,0," ",0,0,0," ",0,0,1,0,1,0,43,0,0,174,70,23.1206235962479,0,0,"Head Thrauma",2,0.7,117.2483252,0,0.77,21,0,0,0,1,2,0,3,4,0,0,35.2158,1,1,1,1,35.2158,0.050527331,7.14285714285714,26,2,0.071428571,1.22342e-07,500979.6731,187606.3536,353.6607509,86.22620167,9.41091e-09,142650.5,4013,191.5488975,0.140956175,1.31517e-05,31358.98801,28755.03215,70.54291826,23.56917447,21243.88761,26591.88174,58.48396536,17.52888267,3.29382e-07,0.43841494,0.061290738,0.412425252,0.011763083,0.442871166,0.00646854,0.148610536,0.052032567,1.60306e-05,0.557128834,2795,70,500979.6731,223469.1923,0.475494214,229622.88,0.463185396,7.616169585,16.95050773,0.405292875,7.616169585,16.95050773,0.405292875,0.387867968,35091.94231,0.387867968,35091.94231,0.552269927,302213.5,0.552269927,302213.5,0.352548794,15253.79545,0.352548794,15253.79545,0.582123427,144201.75,0.582123427,144201.75,178844.991319444,25.9188623428345,113082.5,5.96555146517209e-06,560540.114583333,1.7359542462716e-05,278058,0.000206887828693195,1.28381170027819e-05,3.84634047987158e-05,0.812116528979009,958.777532615511,0.429144152945662,136.292511407359,1.66270545361846,3.77771082030095e-05,0.375115990170683,0.897614998223784,7.5691737934709e-05,5.00000826517741,3.26864523893521e-05,3.16671106855687,404.914768191955,3.02585500714305,11.1576942867703,0.613683720766172,783.179085926958,9.31275406850243e-05,0.000164569113448156,1.10945126115068,4.07126317027015e-05,1753.97887108977,0,0.629687014658658,1.15746523259534,0.601960947955772,0.000627610976077548,5.00000819064617,3.74298403231288e-06,18.78759765625,0.612116184940554,0,0,11.1576942850435,0.899141187350794,0,870.03819281326,0.000118584797632462,0.676388270674654,261913.111111111,211.502387611511,235581,2.28966934192664e-05,108882.833333333,1194.39722982413,0,1.58468709242312e-05,0.114382176655675,1.38549627074694e-05,0.437417069059249,0,0,0,0,0,1.98038671086725e-05,0,0,0,0,0,393,0.699303240614214,0.00016256195626928,0,0,0,0,0,0,0,0,0,0,0,0.847962650135639,0,0,0,0,0,2.45464295842622,5.09962036121612e-05,0.914270559130316,3.18657463176639
"H20-10380_1",1,1,"8/4/2020",14003757,0,"10/2/1949 0:00:00",0,0,70,"Portugal",51.3,160,20.0390625,"Undetermined",5,2,41.8666666666667,0,1,2,1.74,41.65332994,1.69,43.13648752,1.52,48.98876813,1.6,45.7787402618091,1.2,63.85402917,9.03764445409545,0,0,1.38,53.32721247,1.88711805204773,0,0,0,0,1.38,0,"3/16/2025 0:00:00",45,0,0,0,"8/12/2020 0:00:00",0,1,2,1,4,8,12,0,0," ",0,0," ",0,0,0," ",0,0,0,0,1,1,63,1,0,160,68,26.5625,1,0,"Stroke (hemorrhagic)",1,0.6,100.7951313,0,1.3,78,0,0,0,2,3,2,7,4,0,0,62.4181,1,1,1,1,62.4181,0.273072577,25,6,2,0.25,1.19154e-07,229654.75,168206.2744,197.0971011,123.536362,3.97178e-08,276760.25,8412.25,255.26092,15.58405415,8.47976e-06,65108.91335,88017.3166,90.56150985,33.48741324,0,0,0,0,1.7873e-07,0.338348997,0.027364175,0.552107945,0.028824243,0,0,0.049563088,-0.575064273,8.63863e-06,0,427,9,275552.7,144187.2,0.474082799,141909.6667,0.476268069,7.581061576,24.28326578,0.338512498,7.581061576,24.28326578,0.338512498,0.340957763,173726.6429,0.340957763,173726.6429,0.419914892,1041597.5,0.419914892,1041597.5,0.336657167,12684.3,0.336657167,12684.3,0.351709254,576332.5,0.351709254,576332.5,82545.21875,16.1917324066162,66727.6666666667,1.43331549131394e-05,334408.078125,8.13123534466857e-05,98018,0.000624169986719788,0,0.000151818694663079,0.835824865649665,653.000346875961,0.348587767527544,148.983004649671,1.40490725000534,7.03939617879505e-05,0,0.800604936770456,0,3.25894550482432,0.00269581686620257,1.68704620628012,215.911204893521,2.94840802974561,22.8638954162598,0.573039052904769,389.048994051703,0.000334298293656156,0.00423920233318751,1.15860079301864,0,1054.82651455244,0,0.628008324941621,1.68173001355121,1.32477707584302,0.335000699094606,3.25894542832442,9.01378344986865e-06,0,0.612256608416136,0,0,22.8638960823373,0.921893328680528,0,0,0.0199475296697033,0.766807696428908,94731,117.1759757244,0,2.95751816491994e-05,2103.33333333333,0,0,2.22415529894468e-05,0,4.1117779360995e-05,0,0,0,0,0,0,3.69641405622079e-05,0,0,0,0,0,0,0,0.333904156630635,0,0,0,0,0,0,0,0,0,0,0,0,0,0,0,0,0,0,0.00329126942301052,0,0
"H20-10380_2",1,1,"8/4/2020",79006376,0,"4/4/1963 0:00:00",1,0,57,"Portugal",64,160,25,"Undetermined",5,1,14.93,0,1,2,1.51,40.0734502,1.8,32.45652847,1.73,34.03876139,1.57,38.0056777599491,2.5,21.47820776,-8.26373499997455,1,1,2.55,20.714565,-4.32277818998728,1,1,0,0,2.55,0,"3/16/2025 0:00:00",42,0,0,0,"8/20/2020 0:00:00",0,0,2,0,2,0,13,0,0," ",0,0," ",0,0,0," ",0,0,0,0,1,1,63,1,0,160,68,26.5625,1,0,"Stroke (hemorrhagic)",1,0.6,100.7951313,0,1.3,78,0,0,0,0,2,2,4,5,0,0,43.4352361,1,1,1,1,43.4352361,0.555090326,0,10,0,0,1.18268e-07,382437.5,161746.5066,290.3898818,103.9914252,0,0,0,0,0,1.07269e-05,53920.45424,48391.99855,89.14391393,29.18688379,31674.23762,28423.27519,69.81296234,22.28231978,2.83843e-07,0.367954525,0.045230151,0.578400144,0.00674063,0.399167962,0.002515623,0.078198719,-0.546545445,1.13282e-05,0.600832038,907,24,424926.6667,149593.3333,0.34369995,149593.3333,0.34369995,7.29274277,21.99837731,0.411491215,7.29274277,21.99837731,0.411491215,0.423916327,19065.125,0.423916327,19065.125,0.361623495,41569,0.361623495,41569,0.444680604,11563.83333,0.444680604,11563.83333,0.361623495,41569,0.361623495,41569,97163.453125,2,35,9.29963185043026e-06,42.4000015258789,5.15408858919366e-05,154407.333333333,0.000445820598830267,4.01967756985039e-05,9.98527154875521e-05,0.78173755321469,780.974849816388,0.380539472355643,0,1.411849370771,6.02587753010552e-05,0.267630654421119,0.0918614163218945,0.000232267117157927,1.21142864227295,0.033650795618693,1.1777778201633,2.41149054700089,2.88671192624613,19.2306219736735,0.972222222222222,54.1666666666667,0.000228949017088147,0.0555555555555556,1.20965346806952,6.25471898859951e-05,30.4142135623731,137.737991333008,0.596757693872783,0,1.4,1,1.21142861502511,5.59100535440368e-06,19.6891489028931,0,0,0,19.2306217354098,1,0.115824581536233,835.421361679435,0,0.708603902788439,155178.666666667,3,145317.5,0,49,936.445137582043,0.229059233522015,0,0.116372110312811,2.48152310537611e-05,0.438882257636199,0,0.718798265338664,0,2.33327832215096,0,2.78936000199555e-05,0,0,0,49633,0,0,0,1,0.106697364758032,0,0,0,0,0,0,0,0,0,45682,0,0,0,0,0,0,0,0.0346122469220843,0.913264714056739,3.1077365735539
"H20-10632",1,1,"8/6/2020",19754798,0,"8/31/1969 0:00:00",1,0,50,"Portugal",95,178,29.9835879308168,"Diabetic nephropathy",1,2,24.1666666666667,0,1,2,0.86,82.25039341,0.79,91.07173615,0.74,98.50495154,0.71,102.878612721639,0.78,90.76524398,-6.0566843708195,0,1,0.61,105.5158196,0.65930171959025,0,0,0,0,0.61,0,"3/16/2025 0:00:00",46,1,1,1,"8/17/2020 0:00:00",0,1,2,1,4,0,14,0,0," ",0,0," ",0,0,0," ",0,0,1,0,1,0,18,0,0,174,72,23.7812128418549,0,0,"Anoxia",5,1.5,68.77834293,0,0.72,14,0,0,0,0,1,2,3,3,0,0,9.68203326,0,0,0,0,0,1.348855998,0,40,0,0,1.5557e-07,500598.6,233617.1152,341.4850756,107.8372298,0,0,0,0,0,7.71626e-06,81574.77243,265251.5542,92.5165965,49.31402867,48056.60821,89379.01801,67.87104734,21.10325877,1.47791e-07,0.587270616,0.077878042,0.629452469,0.011608748,0.33781573,0.019015747,0.123723468,-0.707610182,7.62089e-06,0.66218427,1984,38,526844.5789,139719.8421,0.271527296,139719.8421,0.271527296,7.322060117,18.14400369,0.470530687,7.322060117,18.14400369,0.470530687,0.490902663,138869.4,0.490902663,138869.4,0.633040779,823281,0.633040779,823281,0.442870131,17196.07143,0.442870131,17196.07143,0.602978572,422773.8333,0.602978572,422773.8333,155635.0140625,8.84147357940674,43405,5.13749688335268e-06,148140.9375,1.99441412356065e-05,195402.9,0.000194558303433369,1.90387052391352e-05,3.63607730695904e-05,0.808122229013368,930.36067197747,0.339717779407954,76.4824515329376,0.997552282732554,3.0843818036983e-05,0.259036674440688,0.932769188017476,0.000114190317006097,1.70258903503418,8.38708473907081e-06,0.731867318417971,255.083241158946,3.10043380369394,11.1272970199585,0.213050169296835,1561.94402268561,0.000106707422677194,4.35166089890648e-05,1.18695688187132,6.94934702558975e-05,973.884126397017,93.862905229841,0.569596852098057,0,0.198739453758225,0.011063907727279,1.70258905679361,4.22299826556376e-06,15.8414740562439,0,0,0,11.1272970566554,0.923282135106813,0.114864279443598,692.48727629212,0.0337506341414757,0.744527945066498,164953.3,124.734196944177,137314.125,0,38693.75,983.045312654991,0.679255630275969,0,0.115321787155869,1.53458955527008e-05,0.341367798408942,0,0.7553180781791,0,2.61148073894438,0,2.03360910248372e-05,2.65692221503243e-05,2.55795788764954,23.0724468231201,176810.142857143,23.0724459378895,0,0,0.0050604242016961,0.230047778618048,0,0,0,0,0,0,0,0,0,196791.428571429,0,0,0,0,0,0,0,1.95879881514337e-05,0.909928855231258,2.51404480652543
"H20-11613 - 1",1,2,"8/27/2020",4008508,0,"6/30/1958 0:00:00",1,0,62,"Portugal",56,154,23.6127508854782,"ADPKD",4,1,25.2666666666667,0,1,2,0.6,101.4239599,0.71,96.07580142,0.81,82.02420157,0.85,76.9343547758865,0.8,81.71711529,2.39138025705675,0,0,0.8,80.70696427,0.943152373528374,0,0,0,0,0.8,0,"3/16/2025 0:00:00",41,1,1,1,"9/3/2020 0:00:00",0,1,0,1,2,0,17,0,0," ",0,0," ",0,0,0," ",0,0,0,0,1,1,68,0,0,174,69,22.7903289734443,0,0,"Head Thrauma",2,0.6,105.1476058,0,1.08,59,0,0,0,1,2,2,5,3,0,0,50.3458,1,1,1,1,50.3458,1.083654264,2.77777777777778,71,2,0.02739726,1.34e-07,458066.2958,218737.8369,325.5308755,109.3968796,3.77464e-09,166786.25,5061.25,199.9522539,0.310074024,9.54607e-06,52328.62732,49027.7186,79.87574027,28.73340743,28965.10797,34677.08145,58.42771883,17.70082076,2.35915e-07,0.490451726,0.061380808,0.499532881,0.033130761,0.327599053,0.007724376,0.122876411,0.218347754,9.93916e-06,0.672400947,5058,125,485172.2239,184853.209,0.383757145,184853.209,0.383757145,6.530442109,26.79337874,0.24532677,6.530442109,26.79337874,0.24532677,0.428665549,113412.5357,0.428665549,113412.5357,0.522631991,637979,0.522631991,637979,0.388335224,21151.92857,0.388335224,21151.92857,0.468995875,205673.1429,0.468995875,205673.1429,150768.288085938,17.1549625635147,98998.55,5.77733423843763e-06,354710.961173248,2.25531308924252e-05,263241,0.000237845980045663,1.8825317697304e-05,4.95998334033318e-05,0.787104247364276,943.432749131103,0.423034254805727,125.964910077826,1.47506822561193,3.484579440958e-05,0.354085898508041,0.876075410587825,0.0001124130760789,3.21978201270103,0.00018059805877516,1.61693884508873,406.083655903973,2.83206019641796,13.3015996217728,0.463582797857624,996.084995093315,0.000108565820405491,0.000581911012332798,1.12804267672213,4.96639621410002e-05,1648.04928291746,104.991757710775,0.624208405619493,1.13802248980136,0.424683449650144,0.00726761772917687,3.21978204091213,3.48639559499767e-06,18.7381051870493,0.56601906645722,0,0,13.3015996026681,0.910485314698285,0.114912781020514,787.935167120344,0.00126606418605718,0.681704644026895,241358.875,196.116671814358,206511.538461538,2.16502707156125e-05,84656.4,1071.06528338819,1.01624857585773,1.77547215196801e-05,0.116615899318641,1.36099323742135e-05,0.405457850489509,0,0.7848876616057,0,3.15639849996872,0,1.85737878908022e-05,4.77490232025702e-05,2.35396862030029,36.4715156555176,200856.333333333,36.4715143136073,0,0,0.00594348088051094,0.32498358027649,0,0,0,0,0,0,0,0,0,198309.5,0,0,0,166786.25,0,0,0,0.00221704472148511,0.909960639231125,3.16016697582832
"H20-11613 - 2",1,2,"8/27/2020",19707332,0,"10/2/1957 0:00:00",1,0,62,"Portugal",75,172,25.3515413737155,"Chronic glomerulonephritis (IgA)",2,2,37.3,0,1,2,1.14,54.42998476,1.21,50.67358028,1.58,36.79048643,1.58,36,0,0,0,0,0,0,0,0,0,0,0,0,1.66,34.376918,"2/17/2021 0:00:00",6,0,0,0,"9/23/2020 0:00:00",0,1,0,1,2,0,20,0,0," ",1,6," ",0,1,1,"2/17/2021 0:00:00",2,1,0,0,2,1,68,0,0,174,69,22.7903289734443,0,0,"Head Thrauma",2,0.6,105.1476058,0,1.08,59,0,0,0,1,3,2,6,4,0,0,14.40773584,0,0,0,1,0,0.405829563,15.5555555555556,78,14,0.152173913,1.4529e-07,435245.0769,215714.7529,312.067157,98.30486226,2.60776e-08,145802.0714,82538.42066,175.6912364,70.18508814,8.10269e-06,55082.12621,72951.65223,84.3631878,35.23479723,20843.78876,27128.52028,55.09403067,17.6617481,4.32143e-07,0.444819736,0.063236552,0.446313129,0.074848907,0.287645198,0.010821647,0.141686515,-0.21977718,1.10542e-05,0.712354802,4350,232,440860.2273,216618.5844,0.508919063,232227.7465,0.511479457,7.553512041,23.35737248,0.259431525,7.508250199,24.08187759,0.252659563,0.348629523,253797.0455,0.348629523,253797.0455,0.306097023,2598177.5,0.306097023,2598177.5,0.357144298,17169.88889,0.357144298,17169.88889,0.310313033,1318619.25,0.310313033,1318619.25,120396.401227679,20.693620131566,66806.5384615385,7.23114792307428e-06,320143.431672316,5.09943805550248e-05,238329.5,0.000379715559157764,1.69360660050294e-05,8.88959477160889e-05,0.767473821062933,916.008075693417,0.399922150315773,111.572005185423,1.40939483863599,4.23460180884349e-05,0.327133780453571,0.890238358706324,8.77248311226008e-05,4.27232018800882,8.02020755762446e-05,2.55063241106569,311.278061936275,2.77720197824305,17.2645645822797,0.516430047825475,679.861233987631,0.000207025219731697,0.000298333191616166,1.305976405418,5.04536468641261e-05,1275.57337028197,97.6880676269531,0.631340493918652,1.25656991762249,0.512234217903374,0.00195835577669675,4.27232016006457,6.06613968348066e-06,14.1607982090541,0.532456855711569,0.750222312100496,0.817075593787332,17.2645645142128,0.903719460538558,0.114347114060283,781.183827850028,0.000590849249137889,0.70649127972428,231655.571428571,149.089918243916,185576.428571429,2.54804040355688e-05,64973.0769230769,1031.56397405169,0.828844980523358,1.77848335687967e-05,0.116324253367813,2.99242055206328e-05,0.448974206388763,0.623815956359613,0.740117798251049,0.851924011604001,2.61736141280579,1.26844899196224,3.17555455288082e-05,0,0,0,221005.2,0,0,0,0.000598729192236401,0.284130727045901,0,0,0,0,0,0,0,0,3.66061992602184e-05,238878,0,11.1891489028931,537,169010.25,0.000650637348053477,2.48513163785575,0,0.000913737693320793,0.907254976779629,2.65607890354403
"H20-11850 - 2",1,2,"9/1/2020",19461038,0,"4/27/1960 0:00:00",0,0,60,"Portugal",68.5,164,25.4684711481261,"Alport Syndrome",2,1,51.3333333333333,0,1,2,3.86,17.03782427,3.35,20.1959893,4,16.32476397,3.11,21.9434760954105,2.25,31.95927037,5.00789713729475,0,0,2.27,31.23078019,2.32182602364738,0,0,0,0,2.27,0,"3/16/2025 0:00:00",43,0,0,0,"9/18/2020 0:00:00",0,0,2,2,4,0,21,0,0," ",0,0," ",0,0,0," ",0,0,0,0,2,1,66,1,0,160,50,19.53125,1,0,"Stroke (hemorrhagic)",1,0.8,81.21046918,0,1.61,93,1,0,0,1,2,2,5,4,0,0,8.270300543,0,0,0,1,0,3.874253676,5,79,4,0.048192771,1.79464e-07,399197.8544,306938.4546,270.7991098,153.6737267,9.08681e-09,265179.5,139795.8229,252.5868616,70.38556218,8.87327e-06,50406.23425,54462.2803,83.57056565,35.35080553,21438.62356,25676.39364,57.63308938,20.59721709,4.2708e-07,0.519937362,0.071641836,0.447268087,0.066944124,0.261709126,0.031456505,0.160176499,0.163882772,1.06722e-05,0.738290874,3906,188,463220.0735,118311.8824,0.26975525,132305.65,0.274555363,6.57831091,24.19216804,0.296573049,6.57831091,24.19216804,0.296573049,0.431376007,43457.87931,0.431376007,43457.87931,0.42021025,200617,0.42021025,200617,0.404214293,14519.375,0.404214293,14519.375,0.49173537,107765.6667,0.49173537,107765.6667,174607.147693452,8.53468204062918,18891.1304347826,6.19856567623237e-06,69488.1865025396,3.39616212359432e-05,151556.714285714,0.00028466045189854,1.40350818863009e-05,5.69420730267175e-05,0.786816522393138,860.961255601472,0.30689674070277,55.2699223796377,0.908034427169348,3.87369653400814e-05,0.302928269544906,0.840975330958505,9.00198364834587e-05,1.99653805857119,0.00246954484334797,1.08028429576452,144.2063163911,2.93470886872463,13.8141684759231,0.455333595557544,1056.83919599873,0.000168186456201914,0.00441852465106305,1.28470880117989,5.08346548962891e-05,784.543317859901,112.004281997681,0.549064480917807,1.32991935022107,0.805012696207309,0.0633371955222646,1.99653802385433,6.81666933268685e-06,16.1422491073608,0.600062593369806,0,0,13.8141686268867,0.944134428195774,0.115176391226569,684.323550064345,0.0129570848467763,0.764491222088059,131187.476190476,71.5660467543021,163788.75,2.61136634338985e-05,24034.5652173913,995.975211877508,0.517368765748273,1.98238214964327e-05,0.11438438260955,2.26081163306327e-05,0.269733610261941,0,0.674621595985883,0,2.27774974492807,0,3.16869979085834e-05,3.01384091930331e-05,2.41985951529609,26.3852723439534,129742.375,26.3852724140644,185.5,0.660860036317126,0.0603018314806763,0.195128513757086,0,0,0,0,0,0,0,0,1.64172256305768e-05,162552,0.81295656395173,0,496,0,0,0,3.06124135852114,0.00427215108157022,0.909571686818681,2.53911329102932
"H20-12526 - 1",1,1,"9/13/2020",19782090,0,"4/10/1958 0:00:00",1,0,62,"Portugal",79,170,27.3356401384083,"Chronic glomerulonephritis (unspecified)",2,1,26.3333333333333,0,1,2,1.42,41.81942152,1.32,45.64942556,1.17,52.75953998,1.57,36.842020834194,2.15,24.95139662,-5.945312107097,1,1,1.52,37.3599848,0.129490991451499,0,0,0,0,1.52,0,"3/16/2025 0:00:00",43,0,0,0,"10/12/2020 0:00:00",0,1,0,1,2,39,16,1,0," ",0,0," ",0,0,0," ",0,2,0,0,0,1,66,0,0,174,72,23.7812128418549,1,0,"Stroke (ischemic)",1,0.9,94.19369713,0,1.31,79,0,0,0,0,2,2,4,4,0,0,46.4931,1,1,1,1,46.4931,2.142782574,0,19,0,0,2.84334e-07,253178.3158,166325.3274,223.5657654,99.41264939,0,0,0,0,0,1.16727e-05,45849.42115,45307.70269,80.53380598,26.99726371,28348.91438,33659.18857,62.57115867,20.73008327,2.84334e-07,0.312942172,0.071987318,0.535185509,0.03544327,0.399540203,0.024759202,0.134509094,-0.521328575,1.29384e-05,0.600459797,780,19,253178.3158,106799.1053,0.442285389,130336.4,0.421295666,7.382425251,26.14198907,0.275411796,7.382425251,26.14198907,0.275411796,0.400483478,262005.125,0.400483478,262005.125,0.135936538,1018336,0.135936538,1018336,0.320099885,7868.666667,0.320099885,7868.666667,0.448713634,414487,0.448713634,414487,117386.346354167,24.1044583320618,71278.25,1.0392058224757e-05,374934.220703125,5.53950332509634e-05,156811,0.000450082478728546,3.38984963361342e-05,0.000104292016074812,0.805749179570338,837.367703060578,0.384030188895517,222.936578126893,1.48367687966679,5.17983341095863e-05,0.333723068270922,0.902306526773276,0.000206049667414875,5.54593324661255,0.000132516371993838,3.25986712449852,312.669625011307,2.78428992984792,17.4351511001587,0.564274069864865,678.599355016813,0.000236743271269089,0.000474578405823088,1.46064071567702,7.92821753572662e-05,1299.74240546458,0,0.636718619812152,1.33758810311508,0.525700919773766,0.00248480904819353,5.54593327864004,8.21892443890136e-06,27.5984497070312,0.526431121128442,0,0,17.435151129032,0.905787183228815,0,733.883928999239,0.000372854738259379,0.740931576424323,141166,151.776091672973,166988.5,3.63919141584127e-05,61411,709.732798161789,0,2.84211914605329e-05,0.115182483647149,2.98780115735543e-05,0.425281023136341,0,0,0,0,0,3.75460039420554e-05,0,0,0,0,0,0,0,0.000793863079112763,0,0,0,0,0,0,0,0,0,0,0,0,0,0,0,0,0,0,0.000271544631274553,0.922649045607957,4.34529133667263
"H20-14058",1,2,"10/7/2020",19690413,0,"8/19/1985 0:00:00",1,1,35," ",57.5,160,22.4609375,"ADPKD",4,1,29.1,0,1,2,2.01,32.59987767,1.25,57.6446788,1.46,47.84403642,1.26,56.7421225640754,1.69,39.39890674,-8.6716079120377,0,1,1.49,45.26084723,-2.87031883351885,0,0,0,0,1.49,0,"3/16/2025 0:00:00",41,1,1,0,"10/15/2020 0:00:00",0,1,2,0,3,4,17,0,0," ",0,0," ",0,0,0," ",0,0,1,0,0,1,57,1,0,160,70,27.34375,1,0,"Stroke (ischemic)",1,0.6,104.6274403,0,1.17,68,0,0,0,1,1,0,2,4,0,0,10.99564233,0,0,0,0,10.99564233,0.097286323,7.69230769230769,47,4,0.078431373,1.29699e-07,346916.6915,167471.258,278.8511347,94.2890642,1.10382e-08,92792.625,43304.80193,145.4989352,34.07799654,7.83712e-06,70323.80687,544405.5985,82.83528187,44.11141726,24741.66085,91057.05672,60.3178005,19.35158599,2.40081e-07,0.499931592,0.044994696,0.551136258,0.013526201,0.351605537,0.010116258,0.081639877,-0.561800332,1.12905e-05,0.648394463,2840,87,362286.3111,105547.6667,0.315679485,111203.4286,0.298369002,7.620518911,14.97525946,0.457291745,7.620518911,14.97525946,0.457291745,0.45659673,65731.125,0.45659673,65731.125,0.699581511,388551,0.699581511,388551,0.400470769,21014.54545,0.400470769,21014.54545,0.580073846,164107.6,0.580073846,164107.6,114762.52890625,12.5076416560582,38568,8.61252924176521e-06,145667.040427072,6.0629061061851e-05,89651.5,0.00040032818285416,3.97316927461046e-05,9.32936596414052e-05,0.812172763003538,731.179210060797,0.24377262296892,141.816709947704,0.788158323655664,4.70233241649407e-05,0.2079198391317,0.871169943098921,0.00022625832242058,2.78278391701835,0.00226961587837874,1.56974626682645,205.180680720183,2.87119880999659,18.1429639816284,0.524854309751856,1032.36442345482,0.000259324729922069,0.00468355281296521,1.23099447387612,7.66619049376065e-05,921.141640451287,99.8596149020725,0.518611639554468,1.37578958282217,0.621915102613144,0.162071176377183,2.78278391904255,1.04706717143073e-05,16.9677866829766,0.647357704282773,0.737098430394602,0.941222254531317,18.1429641850895,0.887919548774307,0.115525351192637,691.913805891561,0.013881179876361,0.811202316952156,93446.9,103.957194420436,107196.111111111,3.21744531596622e-05,37095.5714285714,868.916938671335,0.678354193050709,2.19528272579453e-05,0.114463629317821,0.000113462027034995,0.354673400933197,0.824222873900293,0.719853711323525,0.94744046676655,2.86529600906475,1.19728975707204,4.68226844955616e-05,0,0,0,140394.777777778,0,255.666666666667,0.786987417432747,0.161138994609174,0.246215086298235,0,0,0,0,0,0,0,0,0,126267.666666667,0.912136544594352,0,0,0,0.000157556100849544,2.61655866637302,2.56296983985269,0.00257953792376573,0.918634837489673,2.76440337321471
"H20-14222",1,2,"10/10/2020",19752002,0,"11/19/1959 0:00:00",0,0,60,"Portugal",62,170,21.4532871972318,"ADPKD",4,2,22.8666666666667,0,1,2,1.95,38.66138131,1.32,61.74903612,2.07,35.98773267,1.39,57.6766639207598,1.1,75.43009511,8.8767155946201,0,0,1,83.52449573,6.46195795231005,0,0,0,0,1,0,"3/16/2025 0:00:00",41,1,1,0,"10/26/2020 0:00:00",0,2,1,2,5,0,24,0,0," ",0,0," ",0,0,0," ",0,0,1,0,2,1,61,0,0,174,95,31.3779891663364,1,0,"Stroke (hemorrhagic)",1,0.8,100.6873575,0,1.12,64,0,0,0,1,2,2,5,5,0,0,55.9996,1,1,1,1,55.9996,0.330828903,12.8205128205128,69,9,0.115384615,1.50597e-07,487974.8696,188060.2141,338.3334649,83.4293235,1.96431e-08,94935.16667,41779.33103,144.9294582,42.26118426,8.71938e-06,46697.71289,42242.92039,81.719169,27.30133054,23781.08907,23935.95929,56.62619318,18.54670745,3.95046e-07,0.508198589,0.073487779,0.407174875,0.110647739,0.370026456,0.013887674,0.180482107,-0.001857693,1.14416e-05,0.629973544,3995,181,495121.1029,151932.1912,0.300383787,153879.9552,0.303740642,6.558647848,15.72605472,0.409356042,6.558647848,15.72605472,0.409356042,0.441144243,100082.9643,0.441144243,100082.9643,0.49938698,849573.5,0.49938698,849573.5,0.38487664,19182.5,0.38487664,19182.5,0.516167714,207950.25,0.516167714,207950.25,112709.944091797,16.9484252929688,61121.5,6.29779835782766e-06,186336.907714844,3.35611032328637e-05,154122,0.000264780957471004,2.17811060313111e-05,5.56940805968218e-05,0.768757815618646,883.570718483215,0.301353521862584,114.31893424205,0.855789582552008,3.82308400014053e-05,0.277847094417449,0.859643221650617,0.000126298199785231,2.75827199220657,0.000272665965460229,1.04929843603538,368.432517643122,3.33201392108718,13.4947674870491,0.377545362546794,1113.10927934957,0.00015699496951346,0.000825045636315441,1.24092325503684,6.53473287287047e-05,1421.91387002086,106.47038269043,0.54679264295321,1.0757169711141,0.39626314858216,0.00263487369601927,2.75827194721459,4.53472669921181e-06,18.5786595837823,0.528180688493693,0.364689274425763,0.729889798590714,13.4947674438927,0.899937659817003,0.114852940756958,699.090801996916,0.00212630578801639,0.767404244855793,148888.1875,180.575837854743,177272.655172414,2.51393442840566e-05,60215.25,1069.50975470586,0.90404150196441,2.02134055833026e-05,0.114973780301967,2.23027830111574e-05,0.29534237541512,0.535340563820988,0.761754765927798,0.774477310445094,2.98310565575803,1.33520731195036,2.32560218665075e-05,0,0,0,197553,0,291.5,0.69791069870677,0.00105548601109259,0.296450923980464,0,0,0,0,0,0,0,0,0,201492,0.848114209114248,0,0,0,0.000151748205429874,2.4762338894797,2.62924799631117,0.000669697353961678,0.909947714165789,2.73007790363207
"H20-14245 - 1",1,1,"10/10/2020",97014437,0,"5/16/1967 0:00:00",0,0,53,"Portugal",80,177,25.5354463915222,"ADPKD",4,2,22.2333333333333,1,3,1,1.7,47.60880139,2.16,35.71753278,2.06,37.80813796,2.57,28.8141092062041,0,0,0,0,0,0,0,0,0,0,0,0,1.6,50.59365322,"4/18/2022 0:00:00",18,0,0,0,"10/21/2020 0:00:00",0,1,1,1,3,0,24,1,0," ",1,6," ",0,1,1,"4/18/2022 0:00:00",2,1,0,0,1,1,74,0,0,174,70,23.1206235962479,1,0,"Stroke (hemorrhagic)",1,0.8,92.86709158,0,1.48,88,1,0,0,1,2,2,5,2,0,0,46.8135,1,1,1,1,46.8135,0.62113232,8.33333333333333,11,1,0.083333333,9.60803e-08,481940.0455,192327.4169,337.526253,87.87921135,8.73457e-09,77817.5,0,143.4224529,0,9.8526e-06,52144.58378,55956.41579,85.71412916,30.94638085,21433.29712,22527.37041,57.36891357,20.25775027,2.62037e-07,0.290612641,0.046304955,0.513759748,0.027528366,0.303709129,0.021007543,0.09012959,-0.533083624,1.06387e-05,0.696290871,1128,30,481940.0455,261123.3636,0.522057154,261123.3636,0.522057154,8.862089089,25.72410681,0.244785702,8.862089089,25.72410681,0.244785702,0.311593186,64676.45,0.311593186,64676.45,0.362290131,256827.5,0.362290131,256827.5,0.259868554,14475.92857,0.259868554,14475.92857,0.432283994,181811,0.432283994,181811,144018.942708333,18.6953468322754,62463.5,8.86815866454217e-06,245400.9609375,3.6799457944694e-05,293126.333333333,0.000407755810024828,1.69596427359818e-05,0.000101273715652124,0.788759758449414,954.061625288783,0.522232343746843,137.15469334869,2.58554310170719,4.90628200616511e-05,0.458475552872743,0.893101286025212,9.77203705397752e-05,3.84753930568695,2.78833638541931e-05,1.64624817330535,355.027170080009,2.60430105833609,20.1906172434489,0.426993297064772,813.666457710746,0.000148090183948578,0.000137556659209878,1.27637730924114,0,1490.20728624994,124.36279296875,0.720721625562953,1.08609643267473,0.387868846429693,0.000775988599014595,3.84753931331932,4.0100359666109e-06,28.5751953125,0.580050740251004,0,0,20.1906171115274,0.905237656870101,0.114225580741104,0,0.00017396881784084,0.630694309366792,299339,170.228721930005,279861,2.29660932085102e-05,57338.5,0,2.35967059368658,1.9603182703443e-05,0.11757355304521,1.70797857954969e-05,0,0,0.887786260837341,0,5.00679596774708,0,2.19131996465864e-05,0,0,0,332955,0,185,0.783909847861842,0.00018913561692446,0.500961434297476,0,0,0,0,0,0,0,0,0,313274,0.906470668138285,0,0,0,0,0,2.76461832287391,6.57013072430536e-05,0.92673303181446,4.95930483075597
"H20-14245 - 2",1,1,"10/10/2020",84006874,0,"9/26/1958 0:00:00",0,0,62,"Portugal",74,167,26.5337588296461,"Diabetic nephropathy",1,2,26,0,1,2,1.94,38.4197743,1.98,37.49027765,1.96,37.94980944,1.79,42.0525407500744,1.9,38.66424563,-1.6941475600372,0,0,1.53,49.52017037,1.8669074049814,0,0,0,0,1.53,0,"3/16/2025 0:00:00",40,0,0,0,"10/23/2020 0:00:00",0,1,1,1,3,2.7,24,0,0," ",0,0," ",0,0,0," ",0,0,0,0,2,1,74,0,0,174,70,23.1206235962479,1,0,"Stroke (hemorrhagic)",1,0.8,92.86709158,0,1.48,88,1,0,0,0,3,2,5,2,0,0,41.2467,1,1,1,1,41.2467,5.863783474,0,7,0,0,1.0521e-07,261248.7857,220360.9142,236.1510856,105.2504859,0,0,0,0,0,8.37171e-06,46803.69569,57299.9511,74.16253957,32.49071604,33739.36387,40278.78148,64.39979991,20.69406451,5.7114e-07,0.301592524,0.027485982,0.391826932,0.048749154,0.473625167,0.008244907,0.070148272,-0.112061025,1.00911e-05,0.526374833,557,38,261248.7857,138495.7143,0.581421846,176770.8,0.573414294,7.369764932,29.80857146,0.251754297,7.369764932,29.80857146,0.251754297,0.383006283,207907.5,0.383006283,207907.5,0.500967742,904031.5,0.500967742,904031.5,0.213780977,10256.5,0.213780977,10256.5,0.495823154,339674.8333,0.495823154,339674.8333,0,25.9888370513916,90944.6,0,585301.0875,0,0,0,1.70449683815064e-05,0,0,0,0,169.34723875041,0,0,0.461574008561609,0.889867542450973,8.41818272071653e-05,6.09486689567566,5.50449798146672e-05,4.50533385841854,350.919351717991,0,0,0.716884486045367,903.714159019322,0,0.000238823369753344,0,0,1329.31956621393,0,0,0,0.623640239018294,0.00119431090435459,6.09486686269411,0,22.7767457962036,0,0,0,0,0.902291291198138,0,0,0.000209785340494244,0,0,173.477424112685,284630.5,0,80041.8,0,0,0,0.11578359501644,0,0,0,0,0,0,0,0,0,0,0,0,0,0,0,0.000278126203413781,0,0,0,0,0,0,0,0,0,0,0,0,0,0,0,0,0,0,7.59082538976161e-05,0.919994279081428,4.62510259554834
"H20-16090",1,1,"11/7/2020",19718337,0,"2/22/1962 0:00:00",0,0,58,"Portugal",69,172,23.3234180638183,"ADPKD",4,1,62.1,0,1,2,1.68,46.81120033,1.54,51.96321944,1.31,63.09506044,1.31,62.703871060507,1.46,54.3743985,-4.1647362802535,0,0,2.24,32.13055709,-7.64332849262675,0,1,0,0,2.24,0,"3/16/2025 0:00:00",39,1,1,1,"11/16/2020 0:00:00",0,1,1,1,3,0,7,0,0," ",0,0," ",0,0,0," ",0,0,1,0,1,1,55,1,0,160,82,32.03125,1,0,"Stroke (hemorrhagic/aneurysm)",1,0.7,102.0736017,0,1.08,59,0,0,0,1,1,0,2,2,0,0,7.996106682,0,0,0,0,0,0.251523536,9.375,30,3,0.090909091,3.12512e-07,260607.9667,126821.0461,242.8890998,77.43137963,3.12512e-08,76880.5,12928.10613,142.2372443,10.38747587,1.40526e-05,39474.07821,45460.74784,73.36625069,26.95704664,20123.98972,28072.47824,44.76710281,14.07514814,5.41687e-07,0.527209962,0.081442991,0.554713477,0.05285887,0.263278827,0.023005092,0.146819924,-0.557310495,1.35617e-05,0.736721173,1349,52,278239.6071,93473.82143,0.320201235,99324.07692,0.325358857,6.540493527,19.84125941,0.366290651,6.540493527,19.84125941,0.366290651,0.473711594,120642.5909,0.473711594,120642.5909,0.712699014,627046,0.712699014,627046,0.345980297,11736.66667,0.345980297,11736.66667,0.62698915,251329.7,0.62698915,251329.7,91520.29609375,12.7634560721261,45546.4285714286,9.29617130855774e-06,150553.311523438,6.30100886270222e-05,118061.5,0.00042122852963682,2.7964027209989e-05,0.000108685552846173,0.789387918592436,703.713186802039,0.325776341913285,113.946432659817,1.05737689414755,5.02639509088686e-05,0.302163702160541,0.841416444587363,0.000142106005063405,2.92388083253588,0.000100298704358739,1.26444958903412,289.585544291024,2.86856118004675,18.9919816970825,0.40821174117784,1185.06979992752,0.000241148684658671,0.000355561621131739,1.1652159069491,8.37120234332553e-05,1163.42842639592,0,0.568123672824708,0,0.357965964215374,0.00215061310432874,2.92388083611594,7.97386324979127e-06,16.2922477722168,0,0.78409777937548,0.927684884472063,18.991981871909,0.902101286027998,0,595.660847124475,0.000478249388765827,0.747999138417435,111330.2,143.234528032039,129988.5,0,38983.8571428571,788.137922311442,0,0,0.114603269373893,3.89831840073877e-05,0.343925867241272,0.811943323146317,0,0.934825772910484,0,0.987987964108936,3.93676776944828e-05,0,0,0,0,0,241,0.837619109776792,0.000627593094319044,0,0,0,0,0,0,0,0,0,0,0,0.950464442281006,0,0,92862,8.38264885945364e-05,2.34804684996689,2.47757097675476,0.00021510804937453,0.919302886883441,3.16665509920648
"H20-16106",1,1,"11/7/2020",6011676,0,"5/1/1966 0:00:00",0,0,54,"Portugal",114,192,30.9244791666667,"Chronic glomerulonephritis (FSGS)",2,1,35.2333333333333,0,3,1,1.13,77.23796336,1.32,64.09678233,1.36,61.84124948,1.3,64.8771727130682,1.32,62.91195854,-0.982607086534102,0,0,1.12,75.67601954,2.69971170673295,0,0,0,0,1.12,0,"3/16/2025 0:00:00",42,1,1,1,"11/16/2020 0:00:00",0,1,2,2,5,0,13,0,0," ",0,0," ",0,0,0," ",0,0,1,0,2,1,55,1,0,160,82,32.03125,1,0,"Stroke (hemorrhagic/aneurysm)",1,0.7,102.0736017,0,1.08,59,0,0,0,0,1,2,3,3,0,0,23.36462498,1,1,0,0,23.36462498,0.072195259,0,6,0,0,9.95969e-08,276591.4167,96639.61235,262.9963479,54.0254968,0,0,0,0,0,1.11548e-05,48570.62574,68268.20338,75.58083585,29.99794223,22710.61344,37243.89455,50.68270988,15.85135387,1.65995e-07,0.440115823,0.027547635,0.541797937,0.006455163,0.352406485,0.011134395,0.050844851,-0.520077796,1.39452e-05,0.647593515,672,10,276591.4167,89301.83333,0.303805482,104174.4,0.3512954,7.324281696,21.0030066,0.351431861,7.324281696,21.0030066,0.351431861,0.412353593,49626.2,0.412353593,49626.2,0.543732589,171816.5,0.543732589,171816.5,0.308953062,10617.83333,0.308953062,10617.83333,0.567454389,108138.75,0.567454389,108138.75,95582.8828125,17.5968971252441,32462,5.03473295621886e-06,105961.453125,9.10541857502307e-05,212,0.000501831493149639,4.04123233775688e-05,0.000103022601153399,0.788921709101217,550.780682124816,0.000941280941280941,159.013888888889,0.00106736335496101,9.75424526983975e-06,0.257602739786697,0.891441655394616,0.000199357586827096,3.26416897773743,3.23848776972352e-05,1.05127789752265,303.210828773302,2.39038263461634,20.5076789855957,0.32206601648924,744.200216434907,0.000443532365529436,0.000174584516040242,1.05420298913682,7.73991577028548e-05,1249.26616075298,0,0.331744711401434,0,0.289420256042412,0.00107795584156126,3.2641689706426,1.63521916451604e-05,15.6968994140625,0,0,0,20.50767858937,0.909440678188577,0,672.098579971207,0.000211766551432,0.999008220482675,14939,150,110394,0,29152,700.991290641611,0,0,0.115826199370758,0.00534881004747355,0.46342242953595,0,0,0,0,0,8.42912597520752e-05,0,0,0,0,0,0,0,0.000300689511634282,0,0,0,0,0,0,0,0,0,0,0,0,0,0,0,0,0,0,0.000100553538837331,0.923873952349116,3.19835431172451
"H21-00130 - 1",1,1,"1/6/2021",9118296,0,"12/24/1985 0:00:00",0,1,35," ",72,180,22.2222222222222,"Chronic tubulointerstitial nephritis (NSAIDs)",4,1,32.5,0,3,1,1.66,54.79165068,1.9,46.59504858,1.66,54.79165068,1.6,56.9113782517409,1.32,70.80311253,6.94586713912955,0,0,0,0,0,0,0,0,0,1.65,0,"3/16/2025 0:00:00",38,1,1,0,"1/13/2021 0:00:00",0,1,2,2,5,4,26,0,0," ",0,0," ",0,0,0," ",0,0,0,0,1,1,67,0,0,175,100,32.6530612244898,0,0,"Head Thrauma",2,0.67,102.3357751,0,0.99,50,0,0,0,1,2,0,3,2,0,0,40.1831,1,1,1,1,40.1831,0.11127092,7.14285714285714,26,2,0.071428571,1.42569e-07,381867.0385,129895.6291,305.885291,61.26139055,1.09669e-08,110176,45778,150.7259306,36.91468335,8.24709e-06,55497.84408,56341.51747,85.72118486,28.07160076,28756.46804,38685.80241,65.27551841,17.63042703,2.85139e-07,0.337589206,0.054442539,0.457695663,0.029890727,0.407301487,0.024522342,0.118949213,-0.478721085,1.06279e-05,0.592698513,1504,52,381867.0385,234821.5385,0.621239506,234821.5385,0.621239506,8.696119427,23.31020212,0.296139201,8.696119427,23.31020212,0.296139201,0.230443668,208620.0625,0.230443668,208620.0625,0.265679342,1578868.5,0.265679342,1578868.5,0.22541,12870.28571,0.22541,12870.28571,0.265679342,1578868.5,0.265679342,1578868.5,120951.4140625,26.2104102543422,132832.857142857,1.08103176167169e-05,668832.276785714,4.56614517216087e-05,206550,0.000385375147869555,0,0.00011165659885229,0.812521561595405,819.568549981256,0.474686817012886,97.7779377396645,2.23287117153764,5.88046188278922e-05,0,0.88370549840326,0,5.03900940077645,2.69066761936652e-05,3.40773227713166,443.405538935406,2.56833514868519,19.8686218261719,0.664631441781463,812.125827298661,0.00015759739137704,0.000140224315541457,1.20188791369842,0,1715.59091838554,100.260475158691,0.690649638084311,1.22395645178012,0.642851490015039,0.000630120905066873,5.03900938505615,5.48961779647103e-06,0,0.533050878691416,0,0,19.8686215888145,0.896342481822158,0.114802096579334,0,9.54528627492669e-05,0.670489260281834,210090,217.82069454432,0,2.42463043704298e-05,128281,0,1.1842459185979,1.86401031813501e-05,0,2.27735787666153e-05,0,0,0.835181447847017,0,3.72691940412529,0,2.84616713576696e-05,0,0,0,189981,0,112,0.864024201054918,0.000139712410561991,0.354816508835348,0,0,0,0,0,0,0,0,0,170170,0.979969407650615,0,0,155954,0,0,2.24038292204821,4.00238310831472e-05,0,0
"H21-00130 - 2",1,1,"1/7/2021",19607713,0,"7/1/1977 0:00:00",0,0,43,"Portugal",80,162,30.48315806,"Undetermined",5,1,18.3,0,1,2,1.88,44.90002783,1.77,48.26897868,1.69,51.02370415,1.8,47.011922940173,1.9,43.51396774,-1.7489776000865,0,0,0,0,0,0,0,0,0,2.48,0,"3/16/2025 0:00:00",35,0,0,0,"1/13/2021 0:00:00",0,2,1,2,5,6.25,26,0,0," ",0,0," ",0,0,0," ",0,0,0,0,2,1,67,0,0,175,100,32.6530612244898,0,0,"Head Thrauma",2,0.67,102.3357751,0,0.99,50,0,0,0,1,2,2,5,4,0,0,39.7419,1,1,1,1,39.7419,0.034695411,2.27272727272727,46,1,0.021276596,1.50497e-07,352855.1957,218226.2237,270.452627,124.3730644,3.27167e-09,208469,0,218.8332699,0,1.13232e-05,46619.76683,47866.43416,82.94534588,28.64345513,23162.45587,19037.31032,61.33378119,15.10043931,2.3556e-07,0.374355404,0.053103528,0.527886708,0.040645595,0.399641402,0.010749308,0.100596449,-0.521268495,1.29754e-05,0.600358598,3461,72,395008.878,218736.0976,0.52581256,229728.8158,0.526622965,8.32290143,24.3359484,0.274295305,8.32290143,24.3359484,0.274295305,0.358998799,191903.375,0.358998799,191903.375,0.374245773,1100810,0.374245773,1100810,0.327638141,12585,0.327638141,12585,0.390359456,371221.75,0.390359456,371221.75,82706.70703125,16.4739294554058,84585.2631578947,1.1777242301659e-05,347431.932192351,0.000151949176589976,91323,0.000757521551335308,5.22928050662511e-05,0.000206494397849589,0.822111355187823,641.520034396843,0.242602167432594,79.7129248269892,0.896509557923835,4.80891396297909e-05,0.237125068241531,0.865184168073397,0.000258576673697538,3.36220833502318,0.000529889695295372,1.90348744671442,321.393483387897,2.6939045801032,24.9376363754272,0.489870531616004,2131.54337617025,0.000529882855657067,0.00131275918582696,1.43229261134563,5.45137021907351e-05,1375.52471626862,0,0.508027456025545,1.17982514721004,0.551146843498696,0.00750924394407494,3.36220831966477,1.98041144803135e-05,16.7891473770142,0.55272101447526,0,0,24.937637123955,0.915588010155848,0,807.107488720784,0.00388838095946222,0.817689517946611,99330.5,155.021702385937,224558.5,2.02963644178336e-05,91114.4736842105,909.129970767645,0,1.35035532492408e-05,0.114523311834076,0.000110811157767963,0.456855504492513,0,0,0,0,0,0.000107978340306251,0,0,0,0,0,0,0,0.00380320348668252,0,0,0,0,0,0,0,0,0,4.41212281681543e-05,0,0,0,410,0,0,0,0,0.00138952893147169,0.927534161868783,3.35561405664222
"H21-02014",1,1,"2/11/2021",19428857,0,"6/2/1962 0:00:00",1,0,58,"Portugal",74.5,163,28.04019722,"Chronic glomerulonephritis (FSGS)",2,1,47.67,0,1,2,0.83,81.66469677,0.83,81.66469677,0.82,82.86124261,0.89,74.6378376871603,1.6,36.46540679,-19.0862154485801,0,1,0,0,0,0,0,0,0,1.71,0,"3/16/2025 0:00:00",38,1,1,1,"2/23/2021 0:00:00",0,2,1,2,5,2.44,16,0,0," ",0,0," ",0,0,0," ",0,0,1,0,1,0,52,1,0,160,75,29.296875,0,0,"Stroke (unspecified)",1,0.63,106.670423,0,0.94,44,0,0,0,0,2,2,4,3,0,0,30.27093978,1,1,1,1,30.27093978,0.115595125,0,36,0,0,1.40893e-07,348230.0417,133183.4334,283.5492486,79.80334328,0,0,0,0,0,7.39686e-06,74623.14656,191378.1426,90.74863355,37.87050904,0,0,0,0,1.87857e-07,0.262342719,0.049063007,0.551976754,0.011282416,0,0,0.088886002,-0.60598695,7.53547e-06,0,1890,48,377426.8333,165665.6364,0.430343559,165665.6364,0.430343559,8.134812106,23.8209069,0.345790468,8.134812106,23.8209069,0.345790468,0.394424419,70586.96429,0.394424419,70586.96429,0.096573063,380131.5,0.096573063,380131.5,0.416423905,9173,0.416423905,9173,0.36509177,152472.25,0.36509177,152472.25,122056.811298077,12.8899233341217,29365.5,1.37058763422163e-05,166003.605529785,6.61905748905527e-05,149228,0.000441439815649394,3.15672802616063e-05,0.000122370042662795,0.831112515977397,750.074688135036,0.377212858949169,173.945163525499,1.88865486721913,6.85476269947803e-05,0.357971280760711,0.912079368213744,0.00017303615404872,3.53497937321663,0.00654886138883795,1.79103017312028,188.37937176503,2.67691613551732,20.2975939237154,0.298875336318276,787.889180823962,0.000235972737458205,0.0167128559388901,1.23885700437148,7.15491113903035e-05,878.338662994075,115.020938873291,0.601157402541305,1.28235482147184,0.373690118329317,0.00669171011756708,3.53497938372,9.71367350398622e-06,25.8508556365967,0.604691781599467,0,0,20.2975936142322,0.915926375288429,0.115503358871415,823.334397349203,0.0227796534725989,0.725585122553378,154794.230769231,107.55275790492,176230.4,3.47741430295073e-05,27752.75,519.468021274044,0.62150337380806,2.9143562769458e-05,0.115203393694167,4.5776168648554e-05,0.473732931593052,0,0.82487099461384,0,3.58123127446469,0,4.56466043466227e-05,0,0,0,88216.5,0,0,0,0.00387249025271106,0.240004493672578,0,0,0,0,0,0,0,0,0,62656,0,0,0,0,0,0,0,0.0118337243266715,0.925724221315146,4.77451989096887
"H21-03829",1,1,"3/17/2021",20000652,0,"5/2/1981 0:00:00",0,0,39,"Portugal",64,160,25,"Undetermined",5,1,18.2,0,1,2,1.36,67.88805553,1.2,78.89011051,1.26,74.40384949,1.22,76.8612167514145,1.01,95.22508925,9.18193624929275,0,0,0,0,0,0,0,0,0,1,94.69945761,"3/16/2025 0:00:00",36,1,1,1,"3/25/2021 0:00:00",0,1,2,2,5,0,23,0,0," ",0,0," ",0,0,0," ",0,0,1,0,2,1,61,1,0,160,60,23.4375,0,0,"Head Thrauma",2,0.74,91.99134701,0,1.23,73,0,0,0,0,1,2,3,2,0,0,15.5212,1,0,0,0,15.5212,0.202750208,0,27,0,0,1.89964e-07,335241.3519,164143.5079,277.4244371,93.26950319,0,0,0,0,0,7.62672e-06,76541.67066,136422.9902,93.82273969,42.17046296,40570.0299,50720.70464,62.58737197,17.59071603,1.12571e-07,0.449273217,0.06368391,0.583761694,0.009081749,0.343586259,0.008909658,0.109092307,-0.641656785,8.20215e-06,0.656413741,1084,16,361512.9,133044.64,0.359607661,133044.64,0.359607661,7.98566795,24.07461466,0.313700861,7.98566795,24.07461466,0.313700861,0.483417694,156786.0833,0.483417694,156786.0833,0.707208982,666682.5,0.707208982,666682.5,0.358673582,8229.833333,0.358673582,8229.833333,0.608161806,305342.3333,0.608161806,305342.3333,128623.64375,16.3160855770111,79979.875,1.23118652752198e-05,320761.56237793,6.05022130254849e-05,178342.2,0.00040816940428616,3.00880322015432e-05,0.000112969888604435,0.819659167491851,787.711555735036,0.402491874169912,192.680723509886,1.82847176497848,6.24179396717254e-05,0.359941405608805,0.897226679580567,0.000146894385537874,3.3358613550663,7.48164204187434e-05,1.71974637012804,365.710978044618,2.60950272510696,18.5162239074707,0.440438372930324,906.544781470731,0.000213742963071409,0.000253261740135341,1.18641160056452,5.94064267785593e-05,1481.23824766506,105.92248916626,0.619647008279156,0,0.409969301147271,0.00134001593145657,3.33586133298901,7.85481280004862e-06,22.078296661377,0,0,0,18.5162242547481,0.910008649494752,0.11539676665565,742.601060213693,0.00119853179966887,0.704413333552961,167868.8,176.498682303171,179480.5,0,63455.875,704.679680416173,0.33885343437042,0,0.115975144936212,3.57551607065672e-05,0.394639577142273,0,0.809223596003256,0,2.73959806221805,0,3.63830373756027e-05,0,0,0,62376,0,0,0,0.000456343196857999,0.189766808729785,0,0,0,0,0,0,0,0,0,39598.5,0,0,0,0,0,0,0,0.000144932750820769,0.92396662218847,4.4443355310684
"H21-05181 - 2",1,1,"4/10/2021",19806943,0,"3/2/1955 0:00:00",0,0,66,"Portugal",78,170,26.98961938,"Diabetic nephropathy",1,1,63.57,0,1,2,1.44,53.58927286,1.39,55.91072121,1.81,40.728514,1.49,51.1197033648593,1.5,50.08415156,-0.517775902429648,0,0,0,0,0,0,0,0,0,2.09,0,"3/16/2025 0:00:00",35,1,0,0,"4/19/2021 0:00:00",0,2,2,2,6,0,20,0,0," ",0,0," ",0,0,0," ",0,0,0,0,2,1,75,0,0,170,77,26.643598615917,1,0,"Stroke (unspecified)",1,0.71,95.67841928,0,1.44,87,1,0,0,1,1,2,4,4,0,0,29.07358187,1,1,1,1,29.07358187,0.1915073,4.34782608695652,22,1,0.043478261,1.58018e-07,385411.4318,224319.7567,280.6543842,116.8317682,7.18262e-09,211142,0,207.8893937,0,8.54731e-06,55778.11639,103984.7641,82.01221561,28.51167863,21260.90975,25695.49053,60.63743245,20.0300395,2.87305e-07,0.418261542,0.060901774,0.476753042,0.014909003,0.35186213,0.018063816,0.127742811,-0.349835149,1.18994e-05,0.64813787,1190,40,423750.975,223116,0.562298552,232324.4211,0.552767775,7.993075011,29.06006425,0.185599098,7.993075011,29.06006425,0.185599098,0.390175261,39760.4,0.390175261,39760.4,0.603731367,104310,0.603731367,104310,0.272017539,13512.33333,0.272017539,13512.33333,0.567411844,79132.5,0.567411844,79132.5,165809.9375,20.8679765973772,81220.4285714286,5.13765972531443e-06,437049.862165179,1.43515503892906e-05,344688,0.000191395138619609,0,3.6640294664265e-05,0.775121835180889,968.393622860425,0.495053600358485,77.9599630483596,1.7708897056289,2.92903249746145e-05,0,0.900069670248896,0,4.44820329121181,0.000553991816340123,3.40104383538418,282.133923544979,2.76780526444802,9.99246788024902,0.733740810953406,473.582755990415,7.49671093350547e-05,0.001601104740804,1.05715574305549,3.30153229803357e-05,1208.90007142309,83.7255859375,0.675896910468074,1.25707674695437,0.828514132578517,0.0135151778457461,4.44820337888352,3.01988819861691e-06,0,0.538149353432308,0,0,9.99246749389479,0.922490351934485,0.114816766827746,952.768630601113,0.00247098035933193,0.618869597107271,284688,136.066977456626,0,2.5033652808717e-05,74820.2857142857,1109.08753615922,0.811050131304558,1.71900255763373e-05,0,1.03779867909133e-05,0.471334001498203,0,0.802214211530403,0,2.58104581362338,0,1.60857823639812e-05,0,0,0,224699,0,0,0,0.00921364172995689,0.256390536899235,0,0,0,0,0,0,0,0,4.69004532040882e-05,275453,0,0,375,0,0,0,0,0.000651964840008418,0,0
"H21-08255 - 1",1,2,"5/24/2021",20024518,0,"5/19/1958 0:00:00",1,0,63,"Portugal",61,150,27.11111111,"Diabetic nephropathy",1,1,23.6,0,1,2,1.37,43.38687255,1.46,40.19755145,1.69,33.72554536,1.92,28.7581235157659,1.7,32.86860697,2.05524172711705,0,0,0,0,0,0,0,0,0,1.61,0,"3/16/2025 0:00:00",33,0,0,0,"5/31/2021 0:00:00",0,1,2,2,5,18,23,0,0," ",0,0," ",0,0,0," ",0,0,0,0,1,1,77,1,0,162,77,29.3400396281055,1,0,"Stroke (unspecified)",1,0.8,75.84045608,0,1.58,92,1,0,0,1,2,2,5,5,0,0,34.74215497,1,1,1,1,34.74215497,0.147326188,7.69230769230769,101,8,0.073394495,1.16244e-07,478332.5347,270562.8725,314.9075287,126.5208505,9.20743e-09,114827.375,41897.55208,168.5142454,30.28323128,6.28522e-06,69581.35021,149693.6816,94.30683236,38.97327907,27568.35426,39080.62653,64.31041413,20.8242833,2.50902e-07,0.396861454,0.055603169,0.437334037,0.072479013,0.270984949,0.019493137,0.127141188,-0.518804995,6.98157e-06,0.729015051,5461,218,503226.4323,248870.0521,0.509649881,266676.4831,0.503028961,9.425739536,31.52674231,0.276543589,9.425739536,31.52674231,0.276543589,0.472318295,383772.4667,0.472318295,383772.4667,0.643474703,4744184.5,0.643474703,4744184.5,0.391688147,19650.5,0.391688147,19650.5,0.526071727,626520.4444,0.526071727,626520.4444,160851.346354167,18.3051682809989,76399.625,6.3791941998127e-06,358012.44196701,2.12898697556727e-05,329315,0.000245938373542738,1.34371366392175e-05,5.12991798199726e-05,0.778567942524616,1042.38325750162,0.474094140731662,65.8361938603864,1.97482855782031,3.89776215718267e-05,0.390909661339344,0.864503614586568,8.20534082816685e-05,3.70065185427666,0.0029189836468898,2.37112555361725,285.897621532387,2.65199047488196,12.80208568573,0.615388349980785,1161.74335394734,0.000101928615506513,0.00598814389152014,1.28498917976567,6.28092197883645e-05,1234.06342221439,101.782960891724,0.675924716523731,1.2238978299971,0.569458243563217,0.029465428310994,3.70065187285938,3.36588721548553e-06,21.0438545772008,0.57337968947786,0.53288285117665,0.780028764811309,12.8020856535233,0.919335760744411,0.115585777401569,789.450844872085,0.00752283192304809,0.657285625971744,321252.733333333,139.039538734119,266708.428571429,2.35352255482606e-05,73514.9166666667,741.866721903082,1.42729585156477,1.70195585510063e-05,0.115464508988757,1.40959410269517e-05,0.450657629453766,0.617673269648692,0.791656170253664,0.84116774123242,3.58680905813074,1.04942595965229,1.79304997679157e-05,0,0,0,330922.25,0,228.5,0.805516067750044,0.0268797996769927,0.359796484623396,0,0,0,0,0,0,0,0,0,361413.5,0.932450059038247,0,0,160091.166666667,0.000127511158810723,2.4031386553188,2.43333109435825,0.00349632741232456,0.914001961105408,3.45366792832642
"H21-08512 - 1",1,1,"5/27/2021",19057307,0,"5/22/1957 0:00:00",0,0,64,"Portugal",92,172,31.09789075,"Diabetic nephropathy",1,2,23.73,0,1,2,1.5,51.6660618,1.48,52.50501797,1.58,48.54297239,1.51,50.9379573654848,1.33,58.58546455,3.8237535922576,0,0,0,0,0,0,0,0,0,1.53,0,"3/16/2025 0:00:00",36,1,0,0,"6/4/2021 0:00:00",0,1,1,1,3,0,17,0,0," ",0,0," ",0,0,0," ",0,0,0,0,2,1,60,0,0,175,137,44.734693877551,1,1,"Stroke (unspecified)",1,0.73,104.156319,0,1.4,85,0,0,0,1,1,2,4,1,0,0,25.42524839,1,1,1,1,25.42524839,0.539931717,14.7058823529412,35,5,0.125,1.39641e-07,447596.2,200634.3075,320.7762374,97.19776511,1.99487e-08,70574.1,23298.89845,117.5562449,28.48033138,9.77489e-06,49209.69,45983.29562,84.83994422,28.96690912,35539.33867,43074.75269,62.24900848,17.81370777,3.75036e-07,0.348179125,0.062502878,0.48101907,0.029153641,0.425288693,0.008801561,0.129938462,-0.243887527,1.03674e-05,0.574711307,2450,94,460343.1618,190035.7353,0.40087079,200026.375,0.403841364,7.425307027,22.26850493,0.35050515,7.425307027,22.26850493,0.35050515,0.390034045,51542.53704,0.390034045,51542.53704,0.492827774,290078.5,0.492827774,290078.5,0.349661351,17988.39286,0.349661351,17988.39286,0.43351233,87677.76923,0.43351233,87677.76923,124035.097098214,18.4798469543457,8491.5,9.96498734057349e-06,38075.6689453125,4.64708197885313e-05,213218.428571429,0.000367385648189148,4.63093976030771e-05,9.68081071985984e-05,0.809650476079842,854.576769713757,0.438677829978028,177.75,2.00865318546127,5.66109058135823e-05,0.346030453109076,0.871703705176778,0.000213013399943934,4.51838684082031,0.000298170547435756,2.45948473661381,73.8778098527374,2.68612194019322,17.7930686133248,0.547268646770379,874.593829631543,0.000171399583405349,0.00120976109250817,1.26772132151397,0.000112710824977366,674.895490323255,115.400589942932,0.650983190834356,1.04851523090182,0.565212535159913,0.00414195363590697,4.51838679079932,6.41440813795743e-06,21.1013963699341,0.601054695056562,0.686657080594209,0.885173062599172,17.7930687766303,0.922235907374301,0.11460984390078,655.654725391846,0.00155051405356547,0.684161611178896,220522.857142857,51.3594186658637,230197.5,2.15143144340726e-05,8726,494.295672243927,1.06938798961568,1.83489694222696e-05,0.115071395573119,2.73473562097556e-05,0.421968034261515,0.746055723802455,0.81286570645068,0.911651352638116,3.49493096409213,1.04362248384187,2.9736814125835e-05,6.91056534003945e-05,4.74555158615112,34.8503265380859,184562.875,34.8503283177103,228.5,0.785354450959446,0.00152606144922447,0.322886641004292,0,0,0,0,0,0,0,0,0.000235598932918524,162920,0.913238567645764,0,84,0,0.000151650872486677,2.25059110217328,2.24780573585986,0.000575323576601186,0.924035489844027,3.86450845033057
"H21-08717 - 1",1,2,"5/28/2021",19582239,0,"12/11/1962 0:00:00",0,0,58,"Portugal",52,170,17.99307958,"Diabetic nephropathy",1,2,27.03,0,1,2,2,37.97387537,2.03,37.3014462,2.49,29.19319975,2.09,35.7968131260459,2.17,33.79607086,-1.00037113302295,0,0,0,0,0,0,0,0,0,2.17,33.79607086,"2/5/2025 0:00:00",44,0,0,0,"7/2/2021 0:00:00",0,1,1,1,3,2,27,0,0," ",0,0," ",0,0,0," ",0,0,0,0,1,1,69,1,0,172,87,29.40778799351,1,0,"Stroke (unspecified)",1,0.69,93.88697142,0,1.26,76,0,0,0,2,0,2,4,3,0,0,3.476940148,0,0,0,0,3.476940148,3.176280879,30.7692307692308,22,7,0.24137931,9.10891e-08,417904.9318,376709.8784,274.5579895,174.6367696,2.89829e-08,105833.5,34989.40703,151.6544514,16.22384307,7.95788e-06,63314.45291,74162.38271,92.34363017,43.41394975,36956.29457,33970.33702,73.41997184,30.6153019,7.61836e-07,0.636406134,0.038066603,0.503848753,0.161580845,0.308676788,0.025233471,0.075551647,-0.50794768,8.17823e-06,0.691323212,1922,184,509256.1944,89138.33333,0.156547576,105379.0667,0.173184108,7.242868314,26.64259867,0.320265716,7.242868314,26.64259867,0.320265716,0.477727607,31689.27273,0.477727607,31689.27273,0.558521485,66911.5,0.558521485,66911.5,0.462515015,18905.35714,0.462515015,18905.35714,0.504349643,54061.125,0.504349643,54061.125,107513.743489583,7.77674500508742,17255.6363636364,4.81192924564296e-06,36900.6222079884,4.29594228661422e-05,112922,0.000308311767394003,9.81083989965305e-06,6.17465142620364e-05,0.767282812348754,857.851111782277,0.219614964014449,64.4343828775466,0.43862243458197,2.40138200074164e-05,0.254424180976958,0.846042599865527,6.0836613173967e-05,1.79044929417697,0.000821672822093987,0.460115472961519,235.120702690043,2.93250909515849,13.7603573799133,0.229795543390998,1198.39112458763,0.000212805376195943,0.00161802372019776,1.22288028776752,0,1068.46823041636,89.2403195699056,0.462806297773595,0,0.160507297691153,0.0107069520210931,1.79044928778202,4.92346950928317e-06,13.5500785827637,0,0.624626742659966,0.823601749808752,13.7603574891554,0.914515960391294,0.115278499299746,0,0.00804473699779898,0.818947992235763,78764,119.163419119062,179847.2,0,10957.1818181818,0,0.336557623014934,0,0.114909511072238,2.40435001712565e-05,0,0.676464963873187,0.675311847100255,0.853621680939314,1.93911795986663,1.08027530781525,2.43047040347754e-05,0,0,0,116394.666666667,0,417.5,0.761459651929822,0.00943391585200312,0.146854130925417,0,0,0,0,0,0,0,0,0,140156.666666667,0.897623613110837,0,0,118166,6.21302021834235e-05,2.47851331053096,2.46930375792625,0.0051949658300569,0.906850902966363,2.1914873616976
"H21-11172 - 1",1,1,"7/4/2021",19701286,0,"3/24/1955 0:00:00",0,0,66,"Portugal",63,170,21.79930796,"Hypertensive Nephrosclerosis",3,2,35.77,0,1,2,1.18,68.05412367,0.99,84.01379858,1.25,63.50688908,1,82.4920026675966,1.6,46.35171983,-18.0701414187983,0,1,0,0,0,0,0,0,0,0.93,46.35171983,"2/5/2025 0:00:00",43,1,1,1,"7/12/2021 0:00:00",0,1,1,2,4,0,18,0,0," ",0,0," ",0,0,0," ",0,0,0,0,1,0,59,1,0,160,70,27.34375,0,0,"Stroke (unspecified)",1,0.66,100.9875761,0,1.09,61,0,0,0,1,1,2,4,2,0,0,17.74892724,1,0,0,0,17.74892724,3.215806872,7.69230769230769,12,1,0.076923077,1.3245e-07,341957.25,108771.4224,286.2319344,46.44562862,1.10375e-08,83941,0,154.3923573,0,1.03201e-05,33534.45187,25866.31308,71.65987806,21.68626206,19508.19218,18018.97939,58.06198796,16.05415291,5.07726e-07,0.402654679,0.045292305,0.346078151,0.035079815,0.382943231,0.015898791,0.130873055,0.064682561,1.41121e-05,0.617056769,935,46,341957.25,172774.9167,0.490198807,172774.9167,0.490198807,7.466770645,28.81478584,0.209776315,7.466770645,28.81478584,0.209776315,0.428898219,52601.27273,0.428898219,52601.27273,0.795889114,278542.5,0.795889114,278542.5,0.368245708,15733,0.368245708,15733,0.501681232,96843.2,0.501681232,96843.2,0,17.8422088623047,101238.25,0,415484.151367188,0,0,0,0,0,0,0,0,146.497709171697,0,0,0,0.855610641645483,0,3.62571766972542,1.69327432587002e-05,1.88005091175446,475.786158590971,0,0,0.453761841307045,1041.62149086082,0,8.25606920857399e-05,0,6.99152299428145e-05,1782.28902320702,0,0,1.30877800073869,0.415235008818003,0.000568064353856366,3.62571766300472,0,0,0.582914761845158,0,0,0,0.894445015991544,0,712.108766160996,9.30805911463038e-05,0,0,234.023384577506,0,2.83393287196779e-05,90793.25,993.191324371422,0,1.88788775989264e-05,0,0,0.410294214657959,0,0,0,0,0,0,0,0,0,0,0,234,0.826209639013239,0.000104104375530179,0,0,0,0,0,0,0,0,0,0,0,0.953801362300134,0,0,0,0,0,2.28665751875596,3.86803546769345e-05,0,0
"H21-11737 - 1",1,2,"7/13/2021",19348706,0,"8/15/1955 0:00:00",0,0,65,"Portugal",74,180,22.83950617,"Diabetic nephropathy",1,1,65.67,0,3,1,1.49,51.75953192,1.25,63.90308823,1.16,69.89792369,1.01,82.0214053513844,0.97,85.03246293,1.5055287893078,0,0,0,0,0,0,0,0,0,0.97,85.03246293,"2/5/2025 0:00:00",43,1,1,1,"7/26/2021 0:00:00",0,2,2,1,5,74,17,0,0," ",0,0," ",0,0,0," ",0,0,0,0,1,1,63,0,0,170,70,24.2214532871972,1,0,"Donor after Cardiac Death (DCD)",4,1.14,72.26534093,1,1.54,91,1,0,0,0,0,2,2,2,0,0,7.7616,0,0,0,0,7.7616,0.713053989,0,50,0,0,3.56942e-07,452562.08,173531.7001,318.2652245,90.48373814,0,0,0,0,0,1.49987e-05,55802.39029,51243.74043,87.93160335,27.90168204,32935.96573,35426.9912,63.07957918,20.48147661,8.20966e-07,0.793295,0.161538198,0.836962351,0.057862809,0.268790527,0.043579997,0.193005334,-0.402115489,1.31786e-05,0.731209473,2101,115,477733.5,46577.23404,0.095043778,72690.14286,0.135223073,5.388426966,21.46816531,0.332065489,5.388426966,21.46816531,0.332065489,0.676948251,57480.28947,0.676948251,57480.28947,0.790913658,434151.5,0.790913658,434151.5,0.649412668,10132.5,0.649412668,10132.5,0.736608681,160067.1667,0.736608681,160067.1667,125489.332682292,6.56408325831095,5475.33333333333,4.15909481350389e-06,11273.7869790395,2.37422965202017e-05,91898.6666666667,0.000168496063842397,4.5963380353415e-05,3.29708956846362e-05,0.788147300559953,891.740687339497,0.174651641423029,74.2843823220232,0.356733714697638,2.31032482315027e-05,0.109775931458045,0.784795199753206,0.000217611781764888,1.9087771375974,0.00011888862650532,0.305833068336386,201.313880242382,2.95879927602661,10.8277274767558,0.105198346773729,1279.11850813093,0.000120555306708798,0.000326719085400788,1.25030094972386,3.09416300837959e-05,1246.47030380934,104.072869873047,0.453732380998886,0,0.130772432256809,0.0018396231272985,1.90877712360771,4.5822856000002e-06,9.21867040793101,0,0,0,10.8277275188525,0.906638740526471,0.115217096240774,827.201964284427,0.000964089144722678,0.86298503850864,46114.75,114.004917926215,41862.5,0,24558.5,1014.21636782638,0.115336985216272,0,0.115723886765754,2.7486042338396e-05,0.174175870594511,0,0.632186928515416,0,1.5742837415743,0,2.40995652713989e-05,0,0,0,63066.8,0,0,0,0.000465715837898132,0.108115860541076,0,0,0,0,0,0,0,0,0,38807,0,0,0,0,0,0,0,0.0102074708465105,0.911068562788062,1.79169725445114
"H21-11737 - 2",1,2,"7/13/2021",19703646,0,"1/29/1952 0:00:00",0,0,69,"Portugal",75,176,24.21229339,"Chronic glomerulonephritis (IgA)",2,1,39.47,0,3,1,1.2,65.46246229,0.85,94.06228897,0.89,92.76502725,0.98,82.9540384346311,0.94,86.12978932,1.58787544268445,0,0,0,0,0,0,0,0,0,0.86,86.12978932,"2/5/2025 0:00:00",43,1,1,1,"7/26/2021 0:00:00",0,0,1,2,3,39.9,8,0,0," ",0,0," ",0,0,0," ",0,0,0,0,2,1,63,0,0,170,70,24.2214532871972,1,0,"Donor after Cardiac Death (DCD)",4,1.14,72.26534093,1,1.54,91,1,0,0,0,0,2,2,2,0,0,5.581513215,0,0,0,0,5.581513215,6.043142555,0,32,1,0.03030303,0,371360.9688,142874.5666,302.5105603,68.65005209,0,24963.5,0,56.85068161,0,0,0,0,0,0,33782.54333,39954.63756,60.9119225,20.24404323,0,0.895592773,0,0,0,0.265042521,0.027219541,0.190507264,0.901005456,1.92903e-05,0.734957479,1229,58,371360.9688,27002.5,0.071927449,52321,0.113774371,5.332323739,21.12792036,0.296631442,5.332323739,21.12792036,0.296631442,0.682009857,85053.29167,0.682009857,85053.29167,0.980582275,573898,0.980582275,573898,0.612153531,16963.28571,0.612153531,16963.28571,0.779808715,180379.3,0.779808715,180379.3,93398.94921875,17.3813972473144,24853,5.74591545440645e-06,88051.6953125,5.50666845230644e-05,41199.9230769231,0.000288487553713118,5.85030969222008e-05,6.77375932961811e-05,0.805299153460361,743.612179761916,0.102670392108663,92.9224137931034,0.207912500373961,2.64056575059785e-05,0.0870310561137127,0.898337086284949,0.000270823424632201,3.54290008544922,3.73369173300582e-05,0.927934401016967,286.45479406093,2.78591336187482,14.8145068242,0.261913794920434,812.373695302377,0.000232179744908282,0.000183174172698013,1.25745220192271,4.75856612475433e-05,1228.66313037265,0,0.404298002252257,0,0.142561122857339,0.000745053674187451,3.5429000648815,7.86283760020569e-06,8.73596963882446,0,0.000520760310052677,0.36001203845589,14.8145068397077,0.911228922476793,0,622.181066115654,0.000195120800756902,0.921111117480656,28147.7692307692,151.16216457831,32686.4,0,13519,968.761049516158,0,0,0.115317308633231,0.000122085766233379,0.131799313639107,0,0,0.501140905345749,0,1.42976457617412,3.99651573877439e-05,0,0,0,0,0,0,0,0.00017860338180868,0,0,0,0,0,0,0,0,0,0,0,0,0,0,0,0,3.29636801756078,0,0.000142554222244768,0.909634007298865,1.79575969724594
"H21-14920 - 1",1,1,"9/4/2021",19695703,0,"9/23/1958 0:00:00",0,0,62,"Portugal",99,174,32.69916766,"ADPKD",4,2,35.2,0,1,2,2.14,34.15233148,1.76,43.18189367,1.81,41.75443345,1.9,39.1481781850588,1.87,39.4097731,0.130797457470599,0,0,0,0,0,0,0,0,0,1.69,39.4097731,"2/5/2025 0:00:00",41,0,0,0,"9/22/2021 0:00:00",0,2,1,2,5,0,19,0,0," ",0,0," ",0,0,0," ",0,0,0,0,1,1,64,0,0,166,83,30.1204819277108,1,0,"Head Thrauma",2,1.04,80.18162669,0,1.21,71,0,0,0,1,2,2,5,1,0,0,41.2777,1,1,1,1,41.2777,3.645957675,15,19,3,0.136363636,1.80474e-07,366454.9737,131110.9687,300.4202968,53.823425,2.84958e-08,26026.16667,18187.33573,67.26634189,41.23395746,8.72922e-06,43855.61045,42154.25726,75.71360036,25.52114513,25644.29971,23420.61453,61.3907409,16.48886243,3.60947e-07,0.440834971,0.066135434,0.382825325,0.04196546,0.321750379,0.015929486,0.172756163,-0.353033333,1.05157e-05,0.678249621,919,38,366454.9737,167100.7895,0.468361644,167100.7895,0.468361644,8.424641862,26.30416519,0.324531748,8.424641862,26.30416519,0.324531748,0.37338129,13869.875,0.37338129,13869.875,0.458037269,27148.5,0.458037269,27148.5,0.37338129,13869.875,0.37338129,13869.875,0,0,0,0,108433.34765625,26.3829460144043,101000.5,1.36784124390135e-05,550315.9296875,5.99992630696806e-05,143284.5,0.000461630882429171,2.46067996189626e-05,0.000124698811928769,0.841126963521952,766.790045592354,0.402155351922891,183.907255039049,1.96508292327731,8.20616092240363e-05,0.379970176965656,0.894536899337818,0.00015359310263794,5.24926245212555,2.72581365452702e-05,2.72478887578334,468.177948565559,2.67364631539094,21.3865489959717,0.508000362316243,598.473373839501,0.000221781460494188,0.000135228906226055,1.29040910841817,7.03181920094113e-05,1652.70044994732,80.9953880310059,0.622199102286164,1.20016737146514,0.521433069464264,0.000587602935792605,5.24926241445691,7.47348421340719e-06,28.4635645548503,0.631005727957636,1.04184663340656,0.968758684400238,21.3865482157047,0.893656884140339,0.115652223951979,744.598940017681,0.000107265047706402,0.713124327128843,152976.5,229.352189551012,196627.333333333,2.93925769851455e-05,103322.25,610.018989956545,1.53148696758741,2.81767050726425e-05,0.115305754585075,3.3926279772861e-05,0.491157739393164,0.850313200711784,0.807294813041072,0.974845223451564,4.38199862271972,0.634151219698242,4.4663621614004e-05,0,0,0,244508.5,0,60,0.880076991742915,0.000156657955643223,0.386917222858915,0,0,0,0,0,0,0,0,0,220925,0.996938807128692,0,0,0,0.00217220681185379,3.21904726016321,2.43504570990581,5.48612712489319e-05,0.92641064206481,4.32685743688367
"H21-14920 - 2",1,1,"9/4/2021",19657497,0,"7/18/1952 0:00:00",0,0,69,"Portugal",75,170,25.95155709,"Undetermined",5,2,18.1,0,1,2,2.1,33.44619198,2.16,32.33443902,2.04,34.63009086,1.97,35.8880079944103,1.62,44.82174823,4.46687011779485,0,0,0,0,0,0,0,0,0,1.53,44.82174823,"2/5/2025 0:00:00",41,0,0,0,"9/15/2021 0:00:00",0,2,1,2,5,0,19,0,0," ",0,0," ",0,0,0," ",0,0,0,0,2,1,64,0,0,166,83,30.1204819277108,1,0,"Head Thrauma",2,1.04,80.18162669,0,1.21,71,0,0,0,1,1,2,4,1,0,0,81.71932842,1,1,1,0,0,5.095104415,8.33333333333333,35,3,0.078947368,2.62785e-07,276682.0143,153572.7245,240.5561379,90.92603874,2.25244e-08,112547.3333,49803.43695,160.7652781,33.15406488,9.97833e-06,45429.78668,46564.8105,79.83401285,30.09401984,25269.72849,25532.31274,58.04113804,17.53795952,2.70293e-07,0.313084326,0.072707913,0.453313222,0.03993638,0.325227725,0.004212029,0.160392219,-0.2910057,1.0873e-05,0.674772275,1329,36,293379.6818,131517.8788,0.465050474,143369.069,0.426453143,7.827371681,24.69159945,0.362363904,7.827371681,24.69159945,0.362363904,0.298284753,130266.8529,0.298284753,130266.8529,0.643749127,1902532,0.643749127,1902532,0.256324346,15291.39286,0.256324346,15291.39286,0.494099983,666819,0.494099983,666819,127073.1265625,19.2263397216797,50499.3,1.18870199827067e-05,260857.301873779,5.97526403804971e-05,182711.8,0.000405802725740746,7.17244555608431e-05,0.000110098989214577,0.830913493401688,787.02982736804,0.403665870916294,133.132815358704,1.80526892852769,6.05855076334597e-05,0.243989280800183,0.902639387191103,0.000388308906203424,4.09769636392593,0.000167056059390875,2.36237516014345,280.51160768108,2.64972161169773,17.7470869064331,0.460927485629157,853.786900862926,0.000211536902408534,0.000523171970225129,1.18178500208929,8.24126085905664e-05,1195.75750288788,99.5906982421875,0.631316590172665,1.41620223160665,0.50751981692834,0.00392403780424193,4.0976963661866,8.17008086084199e-06,19.4583536783854,0.628326995264511,0,0,17.7470871811208,0.908070250769295,0.116579592214157,722.613835949615,0.0025583742684249,0.712159798527573,187019,133.188081298155,99758,2.89388366315396e-05,50880.2,599.344798227878,1.02810079927412,2.44314325294479e-05,0.116304720129323,3.90864110156516e-05,0.434243565905258,0,0.863543096298887,0,3.8789049212856,0,3.76503778563699e-05,0,0,0,133424,0,127,0.826487172784645,0.00123718132537815,0.308480889300945,0,0,0,0,0,0,0,0,0,114655,0.9505176629272,7.99069213867188,0,108776,0,0,2.63856446720605,0.000682880280516359,0.927003212602407,3.3916832642031
"H21-15818",1,1,"9/19/2021",19075102,0,"9/20/1986 0:00:00",1,0,34,"Portugal",85,175,27.75510204,"Alport Syndrome",2,1,55.57,1,1,2,0.71,114.3515955,0.81,97.62706298,0.98,77.67494528,1.15,63.7109133068769,0,0,0,1,1,0,0,0,1,1,0,0,3.08,0,"2/5/2025 0:00:00",41,1,1,1,"10/2/2021 0:00:00",0,1,2,0,3,29.17,6,0,1,"10/25/2023",1,1,"10/25/2023 0:00:00",1,0,0," ",0,0,1,0,1,0,33,0,0,177,85,27.1314117909924,0,0,"Head Thrauma",2,0.8,119.840374,0,0.66,7,0,0,0,0,1,0,1,1,0,0,10.35713808,0,0,0,0,10.35713808,0.023324546,0,20,0,0,1.37254e-07,371433.05,175057.0252,295.5691195,83.62861711,0,0,0,0,0,6.27939e-06,55947.91967,134749.5661,81.65154298,40.03788314,34335.44797,42899.50548,63.78238641,19.10949152,1.92156e-07,0.300254121,0.050980832,0.35131882,0.02237099,0.439298081,0.001968009,0.145112727,-0.420573889,8.31144e-06,0.560701919,915,28,389402.7895,210118.3684,0.548317294,210118.3684,0.548317294,10.07228756,23.09385405,0.379959404,10.07228756,23.09385405,0.379959404,0.415947939,168430.75,0.415947939,168430.75,0.763149182,1146320,0.763149182,1146320,0.273338732,18715.625,0.273338732,18715.625,0.558557147,318145.875,0.558557147,318145.875,167347.25,25.7444462776184,105657.333333333,1.15964599696303e-05,659974.051595052,3.27697524258798e-05,278947.75,0.000299725381651886,2.4728901837624e-05,8.06523469675504e-05,0.839273425028795,896.008243582313,0.497728688037566,204.44629318394,2.88204556989618,5.60941741378244e-05,0.448369701450252,0.912356827150453,0.000130063174599983,5.48006256421407,3.69818990059521e-05,3.29047390310151,386.496742281406,2.71549072122465,15.4275863170624,0.539808823359757,529.28741735532,0.000119488638159531,0.000159076946998871,1.17258735688888,7.00875232464819e-05,1637.8932589889,0,0.685489986254891,1.3021389003259,0.541418825935178,0.00118099602831911,5.48006253427368,5.6473739689201e-06,31.0751972198486,0.563785500243692,0,0,15.4275863577142,0.907158033808723,0,768.585009712656,0.00021811011313369,0.643510467978133,285925,198.828014579082,256321,3.56086110707363e-05,102040.5,556.360153837899,0,3.09759137574068e-05,0.117919553704068,2.46085120483083e-05,0.484711405008496,0,0,0,0,0,2.66578551349262e-05,0,0,0,0,0,0,0,0.000337338658093881,0,0,0,0,0,0,0,0,0,0,0,0,0,0,0,0,0,0,0.000128507797005136,0.925293937338715,5.83712944664805
"H21-16428 - 2",1,2,"9/29/2021",19781543,0,"5/5/1953 0:00:00",0,0,68,"Portugal",85,168,30.11621315,"Undetermined",5,1,46.03,0,3,1,1.33,58.22223467,1.37,56.18833447,1.94,37.01252925,1.24,62.9366771373741,1.55,47.55648845,-7.69009434368705,0,1,0,0,0,0,0,0,0,1.53,47.55648845,"2/5/2025 0:00:00",40,1,1,1,"11/15/2021 0:00:00",0,0,1,1,2,4,27,0,0," ",0,0," ",0,0,0," ",0,0,0,0,2,1,67,0,0,170,65,22.4913494809689,0,0,"Head Thrauma",2,0.6,105.8035881,0,1.11,63,0,0,0,1,1,2,4,4,0,0,23.8055569,1,1,0,0,23.8055569,1.081850823,2.94117647058824,67,2,0.028985507,1.58106e-07,351054.8582,139683.366,289.1471766,78.89233068,4.71957e-09,109554.75,15448.75,157.176647,11.83222848,1.14568e-05,49291.85778,50331.8167,83.97201713,29.38923119,18626.33147,17951.90609,54.26712272,15.3913091,2.71375e-07,0.518227558,0.055503708,0.564724501,0.02541169,0.287649673,0.010749306,0.098284576,-0.573950816,1.30347e-05,0.712350327,4855,115,356182.0379,102361.4091,0.306036464,106641.6667,0.292299188,6.541803301,18.23484756,0.432679168,6.541803301,18.23484756,0.432679168,0.416581257,107078.775,0.416581257,107078.775,0.683268746,1360611,0.683268746,1360611,0.353423735,13160.76667,0.353423735,13160.76667,0.606053826,388832.8,0.606053826,388832.8,112748.68984375,16.003221145043,70849.6923076923,6.85054270157926e-06,248365.219332181,4.18569100688141e-05,116019.05,0.000291199399979516,3.27248838191523e-05,6.69904110714471e-05,0.789225392319729,791.966243638747,0.271092455091713,98.908182441284,0.801629797274526,3.83757034241944e-05,0.236202268966905,0.850096876150474,0.00018258857623796,3.08261180841006,5.69559608672876e-05,1.43282082957802,382.068502257795,3.13652224968334,15.6381620883942,0.441379074710988,973.93116641562,0.000180785975166763,0.000197792622054302,1.23461303964239,5.31533166318776e-05,1555.33793892762,97.22998046875,0.521197921314176,1.34619827152221,0.450532592608255,0.00270040070210694,3.08261179904541,6.57316061765449e-06,15.847840990339,0.643787849757424,0.533996387484399,0.761471455566161,15.6381621824659,0.908008448201894,0.114739827395195,729.246069281414,0.000326567427266948,0.788468151035039,105807.95,181.837782184093,103838.571428571,3.01255537866537e-05,63016.1538461538,962.225596246387,0.626511446630843,2.04737353391821e-05,0.114979344763327,3.59082486466694e-05,0.340153192898721,0.597908020159159,0.674095945561856,0.825940560951632,2.81362490360252,1.38499020110278,3.31887713040354e-05,0,0,0,134446.333333333,0,0,0,0.00223330654495743,0.256393879797956,0,0,0,0,0,0,0,0,0,112727,0,0,0,0,6.03372149490965e-05,2.60392282412251,0,0.000169625891836228,0.914567026642033,2.70332825039596
"H21-16984 - 1",1,2,"10/7/2021",14026851,0,"9/18/1971 0:00:00",1,0,50,"Portugal",52,151,22.80601728,"Anti-GBM disease",2,1,69.93,0,1,2,0.92,75.85613879,0.94,73.92353066,0.84,84.60596476,0.86,81.7404409701523,0.82,85.47841877,1.86898889992385,0,0,0,0,0,0,0,0,0,0.83,85.47841877,"2/5/2025 0:00:00",40,1,1,1,"10/18/2021 0:00:00",0,1,2,2,5,6,15,0,0," ",0,0," ",0,0,0," ",0,0,0,0,1,0,37,0,0,170,60,20.7612456747405,0,0,"Anoxia",5,1.88,46.60716168,0,0.94,44,0,0,0,1,1,0,2,3,0,0,21.40964036,1,1,0,0,21.40964036,0.026959127,5,38,1,0.025641026,2.51579e-07,276848.5132,100999.672,260.2392306,66.40220924,6.6205e-09,92797,0,154.9870962,0,1.21817e-05,40880.78451,43326.45869,72.87967208,22.48792249,31368.85799,55841.20044,54.26597417,15.71414093,2.97922e-07,0.374213413,0.069649259,0.497998178,0.015769459,0.396266548,0.007572745,0.139858462,-0.418019054,1.25498e-05,0.603733452,1840,45,284325.1486,135730.9459,0.486104715,138436.6389,0.478872149,7.515998198,27.14813701,0.218803778,7.515998198,27.14813701,0.218803778,0.351140668,67607.18182,0.351140668,67607.18182,0.625542635,368427.5,0.625542635,368427.5,0.277274653,15882.5,0.277274653,15882.5,0.439779886,129676.8,0.439779886,129676.8,96869.919921875,21.3813967985265,125247.764705882,9.83257918382114e-06,551018.385035795,4.59934703776237e-05,153761.5,0.000399064265296206,0,9.49289454285654e-05,0.794688664555471,717.462316155446,0.402366137383374,83.3084343711335,1.5204019378585,5.94337780784081e-05,0,0.871809028525921,0,4.21696291250341,0.000459835219095753,2.71294189952328,438.457813229032,2.62109729271115,17.2709016799927,0.624231523702354,1087.31085593064,0.000192742807315361,0.00092938059602003,1.05659422750946,7.11481187460268e-05,1630.92094588668,0,0.627819474773094,1.13995458795021,0.530092763622414,0.00344994272327975,4.21696290485274,5.92821358569504e-06,0,0.561639525702908,0,0,17.270901659353,0.895840942498809,0,648.979426342234,0.00254718214159354,0.703357592243662,136567.25,215.539020708502,0,2.82338457601343e-05,110948.647058824,964.057301899034,0,2.10565428324306e-05,0,2.46641172310705e-05,0.39461403865744,0,0,0,0,0,2.78605297153737e-05,0,0,0,0,0,121,0.73435716285782,0.00140488685110236,0,0,0,0,0,0,0,0,0,0,0,0.869224884667992,0,0,0,0,0,2.37515196077138,0.000791854167133798,0,0
"H21-16984 - 2",1,2,"10/8/2021",19790856,0,"1/11/1970 0:00:00",0,0,51,"Portugal",67,168,23.73866213,"Undetermined",5,2,74.23,0,1,2,1.54,54.27540885,2.46,30.9389692,2.82,26.26207508,1.51,55.2274033443266,0,0,0,1,1,0,0,0,1,0,0,0,4.44,0,"2/5/2025 0:00:00",40,1,1,0,"11/4/2021 0:00:00",0,2,2,1,5,0,26,1,3,"5/14/2024",1,3,"5/14/2024 0:00:00",1,0,0," ",0,0,1,0,2,0,37,0,0,170,60,20.7612456747405,0,0,"Anoxia",5,1.88,46.60716168,0,0.94,44,0,0,0,1,1,2,4,4,0,0,20.44236526,1,1,0,0,20.44236526,0.693165626,2.77777777777778,72,2,0.027027027,2.44776e-07,247518.8194,105512.8719,244.2050163,72.07350805,6.79934e-09,187543.75,1173.75,212.6052287,2.452902985,1.2198e-05,36191.71433,43632.14934,67.56867999,21.9989096,28098.94394,29417.46911,58.6075922,17.5849314,5.03151e-07,0.360842381,0.060586728,0.441467123,0.027078993,0.380651291,0.013150522,0.137239501,-0.257533285,1.28278e-05,0.619348709,3588,148,261517.8309,110728.8235,0.430066736,116135.8889,0.419192573,8.124221252,25.64986441,0.254092062,8.124221252,25.64986441,0.254092062,0.416299998,64688.27273,0.416299998,64688.27273,0.632592769,360553,0.632592769,360553,0.315277982,16987.64286,0.315277982,16987.64286,0.593088527,148164.375,0.593088527,148164.375,84546.7,21.4615002473195,91601.1,1.24347820686947e-05,412031.197767639,8.60704726234224e-05,93098.9333333333,0.00047850162022083,3.88568959861182e-05,0.000138998499429975,0.813174170210029,658.233981421704,0.29426262698485,108.948865878612,1.05010655201055,6.58112928302886e-05,0.325105166040911,0.861642846856973,0.000213481418934602,4.39275687535604,0.0014844774552702,2.56574653419361,394.817920263004,2.90823516927838,21.4660619735718,0.576669832984659,727.290337214099,0.000294534841163773,0.00278562513443908,1.18869132429956,7.41729880388412e-05,1476.84626894441,0,0.546915634368357,1.1800731592689,0.544599080772297,0.00417180488449744,4.39275685667811,9.89966511075547e-06,22.6875977516174,0.587603862172433,0,0,21.4660621094189,0.899624780773083,0,662.399988551515,0.000466672466282573,0.777609060553376,92046.6,194.601412683674,121262.5,3.54464757616245e-05,81992.4666666667,719.360627234113,0,3.02870420629691e-05,0.116218169091715,4.8939781331592e-05,0.420418792670588,0,0,0,0,0,4.45225684865575e-05,0,0,0,0,0,0,0,0.00222638055096259,0,0,0,0,0,0,0,0,0,5.33872349456949e-05,0,0,0,203,0,0,0,0,0.00153172985451673,0.91979890673115,3.89189307016181
"H21-17233 - 2",1,2,"10/9/2021",19710792,0,"8/19/1961 0:00:00",0,0,60,"Portugal",75,178,23.67125363,"Alport Syndrome",2,1,42.37,0,1,2,1.42,56.56826868,1.58,49.76573194,1.98,37.95951649,1.99,37.4967995379391,1.65,46.36979164,4.43649605103045,0,0,0,0,0,0,0,0,0,1.75,46.36979164,"2/5/2025 0:00:00",40,0,0,0,"10/18/2021 0:00:00",0,2,2,1,5,0,17,0,0," ",0,0," ",0,0,0," ",0,0,0,0,2,1,76,0,0,170,70,24.2214532871972,1,0,"Stroke (unspecified)",1,0.7,95.49340897,0,1.53,91,1,0,0,1,2,2,5,4,0,0,21.91,1,1,0,0,21.91,0.158852673,7.14285714285714,28,2,0.066666667,1.76464e-07,266093.6607,134713.7994,245.8374357,91.15836792,1.26046e-08,144412,2135,195.3484088,2.828280012,1.16592e-05,39145.72784,37835.15054,69.12376567,25.54906553,20818.40817,25235.68992,49.33149186,15.69440581,2.83603e-07,0.518519176,0.046955919,0.456408675,0.035507472,0.217409098,0.018775449,0.102881304,0.248597501,1.07514e-05,0.782590902,1850,45,286054.6538,106751,0.366743766,116479.0435,0.372222091,5.144485616,21.01749575,0.32759951,5.144485616,21.01749575,0.32759951,0.467575869,185785.7,0.467575869,185785.7,0.553323861,609221,0.553323861,609221,0.349830649,24683.5,0.349830649,24683.5,0.644193698,427439,0.644193698,427439,71554.625,15.8506979703903,77240.4,1.01977713524498e-05,295276.104962158,0.000119299757908335,72325.5714285714,0.000572259486406508,0,0.000166252968835162,0.801099812296112,628.308609250703,0.228292905748297,82.1710261722633,0.665850145199952,5.44202257624032e-05,0,0.847578623335172,0,3.32777171134949,0.000673713800860316,1.74242643630482,336.493021870865,2.80449356430774,22.1997716086251,0.476484016290853,992.203952473906,0.000403981143647688,0.00187487363294699,1.28603429564449,5.37665124727892e-05,1387.74332521926,0,0.515950502636128,0,0.441721601728646,0.00462390246961585,3.32777173002329,1.41475719390317e-05,0,0,0,0,22.1997717224218,0.909813652117819,0,741.767907893811,0.00467233739558243,0.824731989914288,70806,166.195024449875,0,0,66344.9,992.437981586403,0,0,0,0.00144427664516697,0.430336795523098,0,0,0,0,0,7.0890166925277e-05,0,0,0,0,0,334.5,0.702869966400538,0.00169319217872253,0,0,0,0,0,0,0,0,0,0,0,0.843835807106551,0,0,0,0,0,2.65102036113671,0.00177086065431263,0,0
"H21-17666 - 1",1,2,"10/16/2021",20042085,0,"7/11/1956 0:00:00",1,0,65,"Portugal",73,163,27.47562949,"Chronic glomerulonephritis (IgA)",2,2,21.3,0,1,2,1.54,37.2388402,0.8,81.71711529,0.97,64.84775273,0.95,66.0772069944697,1.05,57.87497679,-4.10111510223485,0,0,0,0,0,0,0,0,0,1.05,57.87497679,"2/5/2025 0:00:00",40,1,1,1,"10/22/2021 0:00:00",0,1,1,1,3,11,16,0,0," ",0,0," ",0,0,0," ",0,0,0,0,1,1,65,0,0,178,85,26.8274207802045,0,0,"Stroke (unspecified)",1,1.26,63.29497143,0,1.28,77,0,0,0,1,1,2,4,4,0,0,25.84147307,1,1,1,1,25.84147307,0.278261873,9.09090909090909,63,6,0.086956522,2.54281e-07,273942.6111,127513.0844,252.7101417,73.05312366,2.42172e-08,78285.16667,8824.323787,135.7801739,12.32521982,1.13982e-05,32821.21052,30949.20215,69.48202473,24.91614143,13454.27615,10754.17729,50.34830693,13.76746695,6.29647e-07,0.412463044,0.069658275,0.374103581,0.053777983,0.282802974,0.006232585,0.186200504,-0.006771866,1.63275e-05,0.717197026,2824,156,278348.6129,104228.9032,0.385222306,108022.661,0.375152494,6.030820469,22.21668046,0.312844643,6.030820469,22.21668046,0.312844643,0.438310453,65413,0.438310453,65413,0.578354664,206421,0.578354664,206421,0.285607532,10172,0.285607532,10172,0.574046382,114516.1111,0.574046382,114516.1111,123767.882080078,20.9201041221619,79271.8666666667,1.02215713188036e-05,374974.582095337,6.4115884278321e-05,128867.1875,0.000383847847582936,5.0763681062005e-05,0.000107401373277159,0.820152820933989,754.852650878937,0.323059729012682,121.4443379971,1.24229545479377,5.43616073991214e-05,0.223485724701134,0.881508854565269,0.000240643981989272,4.54293341636658,0.000162850558550913,2.79824781192684,343.831420356646,2.78506313424879,18.0508476495743,0.547335554081567,990.720819409365,0.000226610727480026,0.000394348226568436,1.24235985140522,7.8835840875153e-05,1425.41038636497,0,0.566567046837507,1.16712688438024,0.473372441890321,0.00215309733795333,4.54293344918708,1.01014979920571e-05,13.5500781059265,0.554510848196693,0.367359290634528,0.776586757934768,18.050847538211,0.902569092430771,0,616.586971281675,0.0011276813191231,0.761869583335072,126184.5,169.498246332566,108492.8,3.37555805780405e-05,68091.8666666667,740.576076213183,0,2.84113878513918e-05,0.114382242719077,4.1612862552308e-05,0.352043137042706,0.623132025313506,0,0.808995674921689,0,1.52372348652104,4.72302061806008e-05,0,0,0,0,0,131,0.827682992763386,0.000692760172458103,0,0,0,0,0,0,0,0,0,0,0,0.94920853990328,0,0,83370.5,6.83442345058081e-05,2.72658983987568,2.60796946141384,0.00102551793331295,0.919410976797146,2.60894858593599
"H21-17666 - 2",1,2,"10/16/2021",19710194,0,"8/7/1962 0:00:00",1,0,59,"Portugal",69,145,32.81807372,"Chronic pyelonephritis",4,1,41.77,0,1,2,1.21,51.62791813,1.23,50.62218928,1.07,59.83654703,1.07,59.4655604339382,1.13,55.00851261,-2.2285239119691,0,0,0,0,0,0,0,0,0,0.9,55.00851261,"2/5/2025 0:00:00",40,1,1,0,"10/28/2021 0:00:00",0,1,2,1,4,2.6,18,0,0," ",0,0," ",0,0,0," ",0,0,0,0,2,1,65,0,0,178,85,26.8274207802045,0,0,"Stroke (unspecified)",1,1.26,63.29497143,0,1.28,77,0,0,0,1,1,2,4,4,0,0,23.6393,1,1,0,0,23.6393,0.277222225,6.66666666666667,120,7,0.05511811,2.25168e-07,252545.7125,117990.5271,239.5027401,69.37365605,1.31348e-08,92156.28571,49106.90733,137.9669417,56.55194965,1.22773e-05,33396.54218,30103.47721,68.66419713,23.34663609,26791.33447,38078.65916,56.19487666,17.41043467,3.52763e-07,0.345588387,0.056865178,0.410018619,0.02255526,0.533464423,0.002813498,0.138689257,0.148806279,1.41185e-05,0.466535577,6543,188,259628.9397,116127.0172,0.449848247,124492.1333,0.444472629,6.589939318,24.42172301,0.269086244,6.589939318,24.42172301,0.269086244,0.53944713,163669.0769,0.53944713,163669.0769,0.546553276,785904,0.546553276,785904,0.360784153,17960.875,0.360784153,17960.875,0.618852897,228428.2778,0.618852897,228428.2778,93663.6647518382,20.4240113593437,69891.2432432432,1.28715548234585e-05,337651.683191248,8.30490299966288e-05,130769.235294118,0.000539213123570558,4.95303315901062e-05,0.00014904312964998,0.812601039999647,727.017746362758,0.366641911218143,120.434998177204,1.51012934688817,6.82914650211997e-05,0.263434688003981,0.897566299128224,0.000258593369921991,4.38088324263289,0.000106997596658679,2.42051844083601,342.062102594537,2.55141265408112,21.6739127776202,0.502704701477082,697.92506613174,0.000298012879352626,0.000347347868413207,1.28417123467547,7.82145513853522e-05,1366.86850861522,103.824035644531,0.610407456242441,1.23763914106154,0.535561774142079,0.0146464252550873,4.38088319278667,9.22477255462638e-06,17.984498500824,0.599989419493973,0.785252144903303,0.904688013616628,21.6739127756469,0.901315494946761,0.11619154151194,673.559803645423,0.00062104576883317,0.734629703773538,128540.588235294,168.645070911572,134773,3.23443806583225e-05,80070.1351351351,603.662140505503,1.14527856664129,2.63216284457852e-05,0.116142474470428,4.38822061401513e-05,0.409074434747029,0.770236230569479,0.845204951121999,0.917467287671181,3.60628055930547,0.953909311890596,4.57842056194701e-05,0,0,0,175213.5,0,0,0,0.013857865255695,0.34457925654083,0,0,0,0,0,0,0,0,0,161465,0,0,0,129872.125,0.000681948361852046,2.48910141521461,0,0.00015042922186053,0.921607832196246,3.28915605148946
"H21-18700 -1",1,2,"10/29/2021",1009184,0,"10/4/1995 0:00:00",1,0,26,"Portugal",61,150,27.11111111,"Undetermined",5,1,15.23,0,1,2,1.31,57.62815993,2.05,33.6709736,2.12,32.34128522,1.83,38.3458167312568,2.01,33.83935028,-2.2532332256284,0,0,0,0,0,0,0,0,0,2.02,33.83935028,"2/5/2025 0:00:00",39,0,0,0,"11/5/2021 0:00:00",0,1,2,1,4,0,20,0,0," ",0,0," ",0,0,0," ",0,0,1,0,2,1,76,0,0,165,100,36.7309458218549,1,0,"Stroke (unspecified)",1,0.67,96.7650254,0,1.46,88,1,0,0,0,2,2,4,4,0,0,5.726787401,0,0,0,1,0,0.064466642,0,76,0,0,1.88922e-07,297425.1974,138598.0645,264.1256468,84.55960574,0,0,0,0,0,1.21159e-05,40646.42347,40314.31336,74.08137028,25.6068293,17426.75679,22913.5243,50.54394769,17.81903076,2.9084e-07,0.533860383,0.056190167,0.492466663,0.043533328,0.258257938,0.00978736,0.114099434,0.091123174,1.32157e-05,0.741742062,4874,117,317188.7042,109500.7465,0.343584651,113031.7059,0.341296749,5.975918371,22.53520606,0.35661939,5.975918371,22.53520606,0.35661939,0.4475431,446364.2778,0.4475431,446364.2778,0.737576783,313705.5,0,7176114,0.386539283,9468.384615,0.386539283,9468.384615,0.645805507,1582293.6,0.645805507,1582293.6,92813.6316964286,16.1104666292667,70260.4375,1.00274193820415e-05,271242.044719696,7.40944024630746e-05,112720.714285714,0.000456008845014601,3.94867450092461e-05,0.00012216385902713,0.803871332987425,704.548268223013,0.306456764129593,85.4559149883508,1.08910648460812,5.24275599444089e-05,0.280990840454643,0.879559925272893,0.000208331435179939,3.40112647414207,0.000723472901196588,1.98333327928401,323.496350535809,2.92585736112361,20.3152691977365,0.527154736142003,913.138936529624,0.000269475167237417,0.00155661364691274,1.20934393637021,7.37719078685832e-05,1289.20148282655,138.166414896647,0.550877670506351,0,0.54359005077895,0.0138690846451587,3.40112647633398,9.1834190498714e-06,17.7265357971191,0,0,0,20.3152693650206,0.905395188529695,0.115818630785042,678.240732472084,0.00467413212331688,0.767587679680327,107846.571428571,161.657816978808,115456.307692308,0,59894.4375,831.400110693057,1.16713892875441,0,0.114608114553281,5.68155300548351e-05,0.382998234260346,0,0.777679773770747,0,3.51764557799426,0,4.35097732728513e-05,0,0,0,169136.666666667,0,0,0,0.0114106981538433,0.331652117262483,0,0,0,0,0,0,0,0,0,164620.666666667,0,0,0,0,0,0,0,0.00091043104605977,0.918218231120952,3.2222237518804
"H21-20678",1,2,"11/29/2021",19766552,0,"11/24/1975 0:00:00",0,0,46,"Portugal",82,175,26.7755102,"ADPKD",4,2,35.97,0,1,2,1.54,55.98970014,1.52,56.8749072,1.47,59.20415744,1.35,65.1675624447039,1.11,81.40337463,8.11790609264805,0,0,0,0,0,0,0,0,0,1.12,81.40337463,"2/5/2025 0:00:00",38,1,1,1,"11/29/2021 0:00:00",0,1,2,1,4,0,15,0,0," ",0,0," ",0,0,0," ",0,0,1,0,1,0,44,0,0,175,85,27.7551020408163,0,0,"Head Thrauma",2,1.12,83.07558239,0,0.79,24,0,0,0,0,1,0,1,1,0,0,22.15565861,1,1,0,0,22.15565861,0.008411048,0,58,0,0,1.67055e-07,363063.8534,125831.8407,296.3050792,75.52704499,0,0,0,0,0,1.24744e-05,43498.03602,71177.07952,75.77062492,32.53153808,25999.90478,108177.5562,56.93256783,18.30380821,2.16019e-07,0.487115267,0.060651627,0.542611856,0.022973402,0.396729202,0.010792686,0.111777187,-0.538495917,1.32336e-05,0.603270798,4331,75,375573.7411,151750.4107,0.394261241,154034.4909,0.399678879,6.588629792,20.90847167,0.320475039,6.588629792,20.90847167,0.320475039,0.472520291,38887,0.472520291,38887,0.757089641,195887.5,0.757089641,195887.5,0.425670126,10961.54545,0.425670126,10961.54545,0.601358244,115682,0.601358244,115682,112103.641084559,17.187253581153,105277.777777778,8.51523970868269e-06,403754.961480035,4.39455478387137e-05,165464.823529412,0.000333554076240556,4.92831289233246e-05,8.31575648819523e-05,0.793616597992768,801.45721296912,0.373341866411856,87.5841873241275,1.39626583733477,4.54016355268687e-05,0.226599207021027,0.865148027938692,0.000261192549715592,3.41865820354886,0.000166749585286941,1.93141526432907,409.787093831652,2.77327562086843,16.6692554249483,0.520151821217033,982.477568149546,0.000175381642438296,0.000663749556065389,1.2172616871866,5.77032878183951e-05,1745.09563389825,115.051940917969,0.597426957755803,1.24780404335718,0.527052460553032,0.0189760421811937,3.41865826284236,5.85227794378135e-06,16.5383726358414,0.569288507708072,0,0,16.6692553645315,0.910971248569175,0.115082592988716,739.288953958347,0.000762855967494048,0.714912233081145,157638.294117647,194.815420261554,78058.75,2.76114608707417e-05,91907.6666666667,824.463553903134,0.52885585051574,1.95449663702679e-05,0.116834694223497,2.43384870430465e-05,0.418592021686808,0,0.767980247477792,0,2.39691950663095,0,2.90196379650714e-05,0,0,0,86638,0,0,0,0.0186280173669164,0.207659319550986,0,0,0,0,0,0,0,0,0,71441.5,0,0,0,0,0,0,0,0.000269949421126328,0.917644789603547,2.88902010053731
"H21-20818 - 1",1,2,"12/2/2021",19092975,0,"4/1/1964 0:00:00",1,0,57,"Portugal",59,165,21.67125803,"Chronic glomerulonephritis (IgA)",2,1,32.07,0,1,2,1.8,32.45652847,1.56,38.53714652,1.49,40.71979193,1.34,45.9623585805042,1.18,52.87710147,3.4573714447479,0,0,0,0,0,0,0,0,0,1.25,52.87710147,"2/5/2025 0:00:00",38,0,0,0,"12/9/2021 0:00:00",0,1,1,0,2,0,20,0,0," ",0,0," ",0,0,0," ",0,0,0,0,1,1,73,1,0,150,55,24.4444444444444,0,0,"Stroke (unspecified)",1,0.71,89.72282357,0,1.61,93,1,0,0,1,2,2,5,4,0,0,36.94753565,1,1,1,1,36.94753565,0.221370951,16.6666666666667,29,5,0.147058824,1.13927e-07,397082.8966,221941.8738,296.7452379,100.7464638,1.96425e-08,95880.7,33832.73427,157.4912084,33.43829063,1.07013e-05,41696.3772,45363.88268,74.27904851,24.66992767,21512.91719,21283.66879,58.78341803,15.71572333,4.71421e-07,0.4916038,0.045238351,0.446203537,0.025454562,0.331108814,0.022617952,0.101385011,-0.437867311,1.3303e-05,0.668891186,2724,120,411260.2143,164717.7857,0.413483081,164717.7857,0.413483081,6.966717039,19.22375449,0.402545966,6.966717039,19.22375449,0.402545966,0.455586524,42663.81481,0.455586524,42663.81481,0.607763875,448839,0.607763875,448839,0.423079016,15043.69048,0.423079016,15043.69048,0.569362805,139334.25,0.569362805,139334.25,112586.653645833,17.708217382431,73520.8,9.57763114601143e-06,340818.021270752,4.23194041736572e-05,173349.777777778,0.000345070672819891,2.79947745244319e-05,8.86469178797368e-05,0.797860860456639,859.51627872276,0.411337646617735,91.7737218354053,1.63723572656463,5.16814287656864e-05,0.326965174003596,0.895487428070808,0.000153278693937991,3.92957229614258,0.00201868860603122,2.26437026289459,318.516516565201,2.75839352941105,17.1891252729628,0.604255171263718,566.927719252737,0.000164643298558577,0.00431445471512426,1.40372813070913,7.40506858645633e-05,1394.57478272433,0,0.64446217623928,1.56344109032571,1.18544675626755,0.0145875232871873,3.9295722774753,5.77762625702046e-06,19.0240316390991,0.634405867153505,0,0,17.1891251489781,0.924265617297379,0,741.030268252255,0.0400903607814937,0.705826151220321,168942.444444444,158.360801309119,148568.5,2.46863754155661e-05,67692,691.805986773546,0,1.94298344490758e-05,0.116880304641687,2.35793200098012e-05,0.431912028048992,0,0,0,0,0,2.92706883130141e-05,2.44583487416409e-05,2.48989021778107,26.1497182846069,0,26.1497188864816,115.5,0.827110118533521,0.0103357770086044,0,0,0,0,0,0,0,0,0,0,0,0.946790907679373,0,0,122435.5,0,0,2.51935727162226,0.00249950895765206,0.919796638150809,3.50417147665687
"H21-20818 - 2",1,2,"12/2/2021",20035459,0,"4/5/1960 0:00:00",0,0,61,"Portugal",67,168,23.73866213,"Diabetic nephropathy",1,1,16.07,0,1,2,1.32,61.3661921,1.42,56.21754542,1.23,66.79312439,1.35,59.3630713984752,1.21,66.86093191,3.7489302557624,0,0,0,0,0,0,0,0,0,1.46,66.86093191,"2/5/2025 0:00:00",38,1,1,0,"12/13/2021 0:00:00",0,1,1,0,2,0,23,0,0," ",0,0," ",0,0,0," ",0,0,0,0,2,1,73,1,0,150,55,24.4444444444444,0,0,"Stroke (unspecified)",1,0.71,89.72282357,0,1.61,93,1,0,0,1,1,2,4,3,0,0,20.0742,1,1,0,0,20.0742,0.480886866,13.6363636363636,37,7,0.159090909,1.3354e-07,310865.6622,134030.8999,262.8874563,87.80381353,2.52643e-08,231951.5,268545.2258,202.9313772,121.192287,1.19211e-05,43891.7413,43699.69426,77.94421684,24.5299066,30083.9146,32562.3551,59.22388252,18.46723114,4.18666e-07,0.438111797,0.041512978,0.523239829,0.023747237,0.297356398,0.012664492,0.079338337,-0.457083503,1.13192e-05,0.702643602,3303,116,338231.8824,121419.5294,0.347700399,121419.5294,0.347700399,7.1149476,22.55242791,0.38389281,7.1149476,22.55242791,0.38389281,0.553137533,223317.6667,0.553137533,223317.6667,0.577926718,2293172,0.577926718,2293172,0.45997275,16510.41667,0.45997275,16510.41667,0.646302316,430124.9167,0.646302316,430124.9167,100442.418526786,11.5925476074219,53823.6,9.62445230993539e-06,249257.423266602,6.24687561845008e-05,126909.142857143,0.000406764616579874,4.71846199663514e-05,0.000107282178579581,0.807787123481461,758.10060660101,0.326981657099359,52.276228956229,1.16988784783304,5.18750423360717e-05,0.249035894059917,0.824414725332025,0.000225391204501914,2.6882985830307,0.00176054275851087,1.50884481260749,205.021506958971,2.78739114344773,19.7939718110221,0.543023686247663,410.966798323148,0.000232687866814877,0.00373908655216219,1.27133266178498,6.52405362524381e-05,857.290648893477,100.183685302734,0.57400252359355,0,1.34338371997506,0.0210444468225461,2.68829860587744,7.85651576067345e-06,15.7860412597656,0,0.430401408918721,0.673785933678603,19.7939715234561,0.93209024923675,0.116881372586554,707.978181306033,0.0110508667967337,0.756722600352087,126771,102.528841308173,98015.1666666667,0,52285,711.362894756638,0.735480566357243,0,0.114998526995576,3.61117256121942e-05,0.389124134708888,0.502481368985377,0.655603238536122,0.754756097946402,3.12493446324981,1.31654923762994,3.86762915253661e-05,0,0,0,131573.5,0,144,0.820095718477675,0.0177395980688181,0.289714457120331,0.221508536025504,1.91177931291192,142851.4140625,1.91177928447723,12.4922485351562,1.61992173410287,4.82071960376678,1020111.375,0,106868,0.945510272012793,0,0,0,0.000118031017908042,2.73028961752879,2.48197591004834,0.00320434756784358,0.919304512595215,3.1021696341149
"H21-21740 - 1",1,2,"12/17/2021",19715328,0,"2/5/1971 0:00:00",0,0,50,"Portugal",100,173,33.41240937,"Chronic glomerulonephritis (unspecified)",2,1,42.53,0,1,2,2.11,37.42743199,2.86,25.98302651,2,39.91103418,2.28,33.8926988062295,0,0,0,1,1,0,0,0,1,0,0,0,3,0,"2/5/2025 0:00:00",38,0,0,0,"12/27/2021 0:00:00",0,1,0,1,2,0,8,1,3,"2/13/2023",1,3,"2/13/2023 0:00:00",1,0,0," ",0,0,1,0,2,1,55,1,0,165,70,25.7116620752984,1,0,"Stroke (unspecified)",1,0.5,110.695584,0,1.08,59,0,0,0,0,1,2,3,2,0,0,18.82978575,1,0,0,0,18.82978575,0.714370439,0,47,0,0,2.2732e-07,315629.2979,147449.055,265.0919976,84.42445205,0,0,0,0,0,1.14531e-05,47407.26225,41149.62816,86.40044063,31.20176966,0,0,0,0,2.32157e-07,0.413133133,0.071748912,0.54295861,0.010520163,0,0,0.132144348,-0.331156475,1.16731e-05,0,2368,48,329651.2111,121265.0222,0.350140783,125551.3953,0.353453003,7.788744328,22.42669703,0.372074679,7.788744328,22.42669703,0.372074679,0.449031196,33861.61111,0.449031196,33861.61111,0.737283159,134806,0.737283159,134806,0.388404082,12838.42857,0.388404082,12838.42857,0.661226098,107442.75,0.661226098,107442.75,133853.405649038,16.3930233120918,40300.75,1.08392043265233e-05,177076.092782974,4.69666224408698e-05,167864,0.000335839420578324,6.32108118239855e-05,8.67335613668664e-05,0.830003246298595,824.496296753002,0.370892074639372,146.574460017567,1.63923605032169,6.03744096176325e-05,0.182252155862272,0.785799018960833,0.000351239991579754,3.38823598623276,0.00216238585207558,1.56658844731923,272.520849060954,2.66385660377562,16.6706972855788,0.518501406555961,544.398012178555,0.00017910482469799,0.00397099798866112,1.26941365094415,6.36119307300774e-05,1069.9305909533,113.16357421875,0.600779052313897,0,0.720079416072897,0.1360177329583,3.3882360605909,7.44334209098756e-06,16.0414729118347,0,0,0,16.670697298813,0.923168225623554,0.116322246602742,721.859204018479,0.0254896934100842,0.731562267076279,164222.692307692,132.961524413984,73611.75,0,38203.125,624.799042884167,0.541579752619556,0,0.115013847899203,3.50454011457602e-05,0.36676197022767,0,0.845382971051326,0,2.9404597051547,0,3.74880887249895e-05,0,0,0,76810.5,0,0,0,0.135560414168116,0.237721114875093,0,0,0,0,0,0,0,0,0,57820.5,0,0,0,0,0,0,0,0.00251961899944256,0.925895124889464,2.8380681140712
"H22-01782 - 1",1,2,"1/27/2022",19753584,0,"11/11/1971 0:00:00",0,0,50,"Portugal",57,160,22.265625,"ADPKD",4,1,32.37,0,1,2,1.15,77.53388893,1.23,71.5225257,1.41,60.71081192,1.15,77.0531788161621,0.98,92.20504043,7.57593080691895,0,0,0,0,0,0,0,0,0,0.87,92.20504043,"2/5/2025 0:00:00",36,1,1,1,"2/4/2022 0:00:00",0,2,2,1,5,6,15,0,0," ",0,0," ",0,0,0," ",0,0,1,0,1,0,56,1,0,153,74,31.6117732496049,0,0,"Stroke (unspecified)",1,0.8,86.42155879,0,1.09,60,0,0,0,0,2,2,4,3,0,0,8.110896935,0,0,0,1,0,0.199354601,0,32,0,0,1.38656e-07,311558.4688,176734.6473,248.2534595,116.1030033,0,0,0,0,0,1.02042e-05,44720.58408,40884.80868,78.477585,26.72763208,31842.27252,30225.9356,67.39878202,17.11175884,3.11976e-07,0.407546218,0.043199401,0.456337923,0.0415653,0.496472262,0.009945592,0.094665375,-0.372236086,1.15803e-05,0.503527738,2355,72,368508.963,130410.5926,0.348304484,135071.1154,0.349233911,7.482915458,22.15188707,0.391515969,7.482915458,22.15188707,0.391515969,0.521708436,221773.8214,0.521708436,221773.8214,0.642542013,1811085,0.60682394,589351.5,0.456569302,16302.5,0.456569302,16302.5,0.58684757,427245.1429,0.58684757,427245.1429,110427.028125,10.6968996524811,31910.875,8.87797330556715e-06,123455.124713898,5.09840955118178e-05,136549.1,0.00036709134887687,4.00972222957799e-05,8.84865086254829e-05,0.808927428002539,808.458532536218,0.3272499464843,139.993887893655,1.10293535030726,4.98663061051173e-05,0.251069563594523,0.866476033903965,0.000212759842870715,2.81245495378971,0.00241267581315527,1.57995827588168,159.642763438669,2.91663355018429,17.8547384262085,0.573282628580543,351.026793417264,0.000210391209647442,0.00703345675576649,1.30108417173439,5.60174417579733e-05,831.563536728228,0,0.580143211622248,1.07196777416837,0.854306694898227,0.0897250141331581,2.81245497918706,6.81580091457596e-06,16.4891478220622,0.641184401222286,0,0,17.8547383755523,0.930370291758843,0,735.400549723964,0.0142656643412383,0.759096179647758,137127.9,80.3890728010611,126464.833333333,2.98539810334624e-05,30368.5,855.012994304904,0,1.71940383321002e-05,0.115178540144299,2.95180506485639e-05,0.393505472742848,0,0,0,0,0,3.25178365379656e-05,0,0,0,0,0,0,0,0.0882888550677795,0,0,0,0,0,0,0,0,0,0,0,0,0,0,0,0,0,0,0.00298055800192892,0.920663590299802,2.87212864998417
"H22-01981 -1",1,2,"2/1/2022",19747818,0,"1/8/1953 0:00:00",0,0,69,"Portugal",84,177,26.81221871,"Chronic glomerulonephritis (IgA)",2,1,60.97,0,1,2,1.39,54.8772161,1.93,37.01187282,1.39,54.8772161,1.41,53.6100101178243,1.11,70.55360911,8.47179949608785,0,0,0,0,0,0,0,0,0,1.27,70.55360911,"2/5/2025 0:00:00",36,1,0,0,"2/14/2022 0:00:00",0,2,2,1,5,0,24,0,0," ",0,0," ",0,0,0," ",0,0,0,0,1,1,73,1,0,158,53,21.2305720237141,0,0,"Stroke (unspecified)",1,0.91,66.61365754,0,1.63,94,1,0,0,0,1,0,1,3,0,0,20.74889303,1,1,0,0,20.74889303,0.002204885,0,54,0,0,2.17142e-07,338277.5185,149920.4123,285.3353687,73.12410547,0,0,0,0,0,1.3881e-05,45384.09111,43720.65764,79.98385954,25.16134955,22887.05385,20312.94824,61.5606253,18.38242745,4.10157e-07,0.566734736,0.073454262,0.629976766,0.01644204,0.339894738,0.010715604,0.116598367,-0.557126943,1.44297e-05,0.660105262,3452,102,341260.0472,80525.96226,0.228715434,87209.75,0.231963436,5.241896945,23.55720529,0.320914207,5.241896945,23.55720529,0.320914207,0.577526738,101327.3333,0.577526738,101327.3333,0.60682394,589351.5,0.642542013,1811085,0.591535282,10368.5,0.591535282,10368.5,0.566319902,174094.4,0.566319902,174094.4,0,0,0,0,0,0,0,0,0,0,0,0,0,0,0,0,0,0,0,0,0,0,0,0,0,0,0,0,0,0,0,0,0,0,0,0,0,0,0,0,0,0,0,0,0,0,0,0,0,0,0,0,0,0,0,0,0,0,0,0,0,0,0,0,0,0,0,0,0,0,0,0,0,0,0,0,0,0,0,0,0,0,0,0,0,0,0,0,0,0,0,0,0,0,0
"H22-03995",1,1,"3/1/2022",20028748,0,"5/23/1996 0:00:00",1,0,25,"Portugal",67,165,24.6097337,"Undetermined",5,2,24.4,0,1,2,0.81,103.2474401,0.77,109.7166263,1.2,64.42342648,0.84,98.2257071938078,1.05,74.22174035,-12.0019834219039,0,1,0,0,0,0,0,0,0,1.04,74.22174035,"2/5/2025 0:00:00",35,1,1,1,"3/8/2022 0:00:00",0,0,1,0,1,0,7,0,0," ",0,0," ",0,0,0," ",0,0,1,0,2,0,50,0,0,170,65,22.4913494809689,1,0,"Head Thrauma",2,0.5,124.2596887,0,0.93,42,0,0,0,0,2,2,4,3,0,0,28.03887646,1,1,1,1,28.03887646,0.277792077,0,10,0,0,1.11974e-07,348561.95,274872.4712,250.6427292,166.7108944,0,0,0,0,0,7.41268e-06,72940.26133,184957.8614,87.42568064,40.64383175,35880.9841,33429.4053,67.99812702,18.90003621,1.79158e-07,0.300865151,0.039029886,0.540682875,0.008552302,0.43587137,0,0.072186282,-0.536796536,8.64256e-06,0.56412863,662,16,435648.75,270284.25,0.613790866,305612.7143,0.58795705,9.939656612,30.35337703,0.29435732,9.939656612,30.35337703,0.29435732,0.373631367,67693.1,0.373631367,67693.1,0.370965033,209635,0.370965033,209635,0.312293574,16441.75,0.312293574,16441.75,0.414523228,101860.6667,0.414523228,101860.6667,0,10.6666666666667,7382.66666666667,0,45834.2803853353,0,0,0,0,0,0,0,0,43.6111111111111,0,0,0,0.647996819093403,0,3.13061849276225,0.00490871052120331,2.45532229979556,33.1906897825637,0,0,0.81671937867759,273.46222602492,0,0.0113709791120207,0,8.5969682660824e-05,453.231842072335,0,0,1.17682014634522,1.21838688377608,0.361748210909598,3.13061847978263,0,0,0.56430365568606,0,0,0,0.929759503357811,0,563.954736249636,0.0281753073024713,0,0,19.7282403281418,0,2.94613649423279e-05,7863.66666666667,650.882872716607,0,2.39181298331878e-05,0,0,0.229193773294421,0,0,0,0,0,0,0,0,0,0,0,0,0,0.353705456034626,0,0,0,0,0,0,0,0,0,0,0,0,0,0,0,0,0,0,0.00577196027247439,0,0
"H22-05628",1,2,"3/23/2022",17025316,0,"7/7/1965 0:00:00",1,0,56,"Portugal",73,150,32.44444444,"ADPKD",4,2,31.8,0,1,2,0.98,67.74212081,0.84,81.50700527,1.12,57.71230932,1.54,39.1385027149538,1.12,56.64550199,8.7534996375231,0,0,0,0,0,0,0,0,0,1.05,56.64550199,"2/5/2025 0:00:00",34,0,0,0,"4/1/2022 0:00:00",0,2,2,2,6,6.25,18,0,0," ",0,0," ",0,0,0," ",0,0,1,0,2,1,60,0,0,180,90,27.7777777777778,0,0,"Head Thrauma",2,1.2,69.23112757,0,0.97,47,0,0,0,1,2,2,5,5,0,0,5.525184921,0,0,0,1,0,1.936645421,11.4285714285714,69,7,0.092105263,1.22624e-07,439638.1377,218100.1985,312.6190802,113.9289404,1.24402e-08,143924.5,76544.00484,165.0860142,64.02594951,8.85029e-06,60656.79006,61552.2268,89.02586051,35.63263272,18549.59996,15924.7358,55.87280097,17.39039989,2.64798e-07,0.489190163,0.053910401,0.536830126,0.053960662,0.302171558,0.013953689,0.100423576,-0.031773462,1.05438e-05,0.697828442,4980,149,466298.2692,137263.6,0.307019615,141343.7619,0.294118958,7.047364134,22.24985842,0.360283589,7.047364134,22.24985842,0.360283589,0.488727091,144094.6944,0.488727091,144094.6944,0.48581398,972945,0.48581398,972945,0.412798779,16095.90909,0.412798779,16095.90909,0.608043009,345235.6429,0.608043009,345235.6429,0,0,0,0,0,0,0,0,0,0,0,0,0,0,0,0,0,0,0,0,0,0,0,0,0,0,0,0,0,0,0,0,0,0,0,0,0,0,0,0,0,0,0,0,0,0,0,0,0,0,0,0,0,0,0,0,0,0,0,0,0,0,0,0,0,0,0,0,0,0,0,0,0,0,0,0,0,0,0,0,0,0,0,0,0,0,0,0,0,0,0,0,0,0,0
"H22-08315 - 1",1,2,"5/4/2022",14028897,0,"3/28/1957 0:00:00",0,0,65,"Portugal",89,173,29.73704434,"Hypertensive Nephrosclerosis",3,1,87.73,0,1,2,1.78,41.81285858,2.41,29.06654493,1.37,57.24653194,1.3,60.5871929773098,0,0,0,0,0,0,0,0,0,0,0,0,1.3,0,"2/5/2025 0:00:00",33,1,1,1,"5/12/2022 0:00:00",0,1,2,2,5,0,17,0,0," ",1,6," ",0,1,1,"9/28/2023 0:00:00",1,0,0,0,1,1,65,1,0,165,70,25.7116620752984,0,1,"Head Thrauma",2,0.56,101.2182156,0,1.38,83,0,0,0,1,2,2,5,3,0,0,35.40493096,1,1,1,1,35.40493096,0.403629111,16.2162162162162,62,12,0.162162162,8.53158e-08,419818.1532,181191.2068,316.5428726,81.35414514,1.65127e-08,130202.5,49082.8477,168.4960261,34.4202827,7.04819e-06,69438.79529,80564.09433,92.76139818,37.22615866,60534.59909,96432.4279,75.34156239,30.08484209,2.76588e-07,0.40559924,0.035817138,0.489417766,0.057718794,0.712169015,0.026309238,0.073183159,-0.227429304,7.3754e-06,0.287830985,5122,201,419818.1532,161884.371,0.392340716,163069.05,0.393417766,7.636996229,33.16857648,0.282412667,7.636996229,33.16857648,0.282412667,0.466594572,488085.9286,0.466594572,488085.9286,0.589897743,6391430,0.589897743,6391430,0.46930828,14056.95,0.46930828,14056.95,0.459810302,1673158.375,0.459810302,1673158.375,0,0,0,0,0,0,0,0,0,0,0,0,0,0,0,0,0,0,0,0,0,0,0,0,0,0,0,0,0,0,0,0,0,0,0,0,0,0,0,0,0,0,0,0,0,0,0,0,0,0,0,0,0,0,0,0,0,0,0,0,0,0,0,0,0,0,0,0,0,0,0,0,0,0,0,0,0,0,0,0,0,0,0,0,0,0,0,0,0,0,0,0,0,0,0
"H22-08315 - 2",1,2,"5/4/2022",19302739,0,"11/29/1951 0:00:00",0,0,70,"Portugal",72,174,23.78121284,"Chronic glomerulonephritis (IgA)",2,1,64.1,0,1,2,1.48,50.58185659,1.36,55.98376915,1.28,60.20836874,1.32,57.6659032963116,1.35,55.43770963,-1.1140968331558,0,0,0,0,0,0,0,0,0,1.2,55.43770963,"2/5/2025 0:00:00",33,1,1,0,"5/27/2022 0:00:00",0,2,2,0,4,6,18,0,0," ",0,0," ",0,0,0," ",0,0,0,0,2,1,65,1,0,165,70,25.7116620752984,0,1,"Head Thrauma",2,0.56,101.2182156,0,1.38,83,0,0,0,1,1,2,4,3,0,0,21.9225,1,1,0,0,21.9225,0.076145337,12.8205128205128,110,9,0.075630252,1.60586e-07,283538.8409,276097.5121,202.3754727,153.1567375,1.31389e-08,155705.7778,59665.68794,193.6080498,42.84118924,6.60301e-06,75039.79836,81563.66199,90.83599727,37.40281265,85439.8235,119777.3659,77.56039541,37.42446409,2.64237e-07,0.506627688,0.045532409,0.495488553,0.026540375,0.239506121,0.018065522,0.091893967,0.003041994,5.52702e-06,0.760493879,4523,181,419875.1781,113677.5342,0.269303724,125404.8308,0.267891798,6.375502921,30.8868537,0.299397548,6.375502921,30.8868537,0.299397548,0.415069647,82750.58333,0.415069647,82750.58333,0.547504774,458273,0.547504774,458273,0.384718924,15708.75,0.384718924,15708.75,0.453008051,166552.875,0.453008051,166552.875,0,0,0,0,0,0,0,0,0,0,0,0,0,0,0,0,0,0,0,0,0,0,0,0,0,0,0,0,0,0,0,0,0,0,0,0,0,0,0,0,0,0,0,0,0,0,0,0,0,0,0,0,0,0,0,0,0,0,0,0,0,0,0,0,0,0,0,0,0,0,0,0,0,0,0,0,0,0,0,0,0,0,0,0,0,0,0,0,0,0,0,0,0,0,0
"H22-11514 - 2",1,2,"6/22/2022",6004348,0,"8/28/1978 0:00:00",1,0,43,"Portugal",53,161,20.44674202,"Lupus",2,1,70.7,0,1,2,0.79,95.12412369,0.79,95.12412369,0.85,87.12453389,0.91,79.7797186017522,0.95,74.8293253,-2.4751966508761,0,0,0,0,0,0,0,0,0,0.83,74.8293253,"2/5/2025 0:00:00",32,1,1,1,"7/8/2022 0:00:00",0,0,0,0,0,14,17,0,0," ",0,0," ",0,0,0," ",0,0,1,0,2,0,41,0,0,170,80,27.681660899654,1,1,"Anoxia",5,0.96,101.8386339,0,1.1,62,0,0,0,1,1,2,4,4,0,0,10.03127438,0,0,0,0,10.03127438,0.546324991,7.89473684210526,70,5,0.066666667,1.24103e-07,570139.3071,244606.914,355.1083922,111.2904876,8.8645e-09,193899.7,55849.31745,214.6648296,37.38196004,1.2233e-05,39168.1163,33609.54802,77.32157941,26.45954849,33958.71053,47752.71803,65.75914177,22.12124113,3.43942e-07,0.39009449,0.070755966,0.479143741,0.04599502,0.722029176,0,0.147671691,-0.265896932,1.24081e-05,0.277970824,6900,194,578401.1087,219482.7101,0.376975301,225412.4627,0.367399172,8.294711853,27.85096317,0.303214094,8.294711853,27.85096317,0.303214094,0.433103065,305776.9737,0.433103065,305776.9737,0.626170846,2628740.5,0.626170846,2628740.5,0.276057958,14944.4,0.276057958,14944.4,0.607597629,628924.2778,0.607597629,628924.2778,0,0,0,0,0,0,0,0,0,0,0,0,0,0,0,0,0,0,0,0,0,0,0,0,0,0,0,0,0,0,0,0,0,0,0,0,0,0,0,0,0,0,0,0,0,0,0,0,0,0,0,0,0,0,0,0,0,0,0,0,0,0,0,0,0,0,0,0,0,0,0,0,0,0,0,0,0,0,0,0,0,0,0,0,0,0,0,0,0,0,0,0,0,0,0
"H22-12296 - 1",1,2,"7/5/2022",21010063,0,"3/5/1960 0:00:00",0,0,62,"Portugal",78,172,26.36560303,"Chronic glomerulonephritis (FSGS)",2,1,22.03,0,1,2,1.07,78.46145399,1.37,58.32465849,1.18,69.76835388,1.03,81.6227472013853,0.92,92.3141913,5.34572204930735,0,0,0,0,0,0,0,0,0,1.08,92.3141913,"2/5/2025 0:00:00",31,1,1,1,"7/12/2022 0:00:00",0,1,1,0,2,0,19,0,0," ",0,0," ",0,0,0," ",0,0,0,0,1,1,75,0,0,170,90,31.1418685121107,1,0,"Stroke (unspecified)",1,0.61,100.1669391,0,1.38,83,0,0,0,1,2,2,5,5,0,0,6.142382157,0,0,0,1,0,0.775050864,1.92307692307692,103,2,0.019047619,1.697e-07,362605.7961,188395.5134,283.2199354,98.83433343,3.29514e-09,140200.5,5245,187.5976033,0.373139095,1.14325e-05,36779.22669,44122.96443,73.73761416,24.62173607,16358.24191,17124.15098,52.4484374,16.4267969,3.06448e-07,0.435191448,0.061534104,0.420478112,0.067779657,0.33602958,0.009469244,0.146343179,-0.372968404,1.38705e-05,0.66397042,6939,186,380558.1582,168167.6327,0.43993631,175782.8172,0.438797003,7.13292306,25.84422988,0.207853875,7.299003583,26.8934831,0.196894569,0.388748595,491166.7895,0.388748595,491166.7895,0.52354239,8073510.5,0.52354239,8073510.5,0.338302384,16619.89286,0.338302384,16619.89286,0.529997988,1819898.1,0.529997988,1819898.1,0,0,0,0,0,0,0,0,0,0,0,0,0,0,0,0,0,0,0,0,0,0,0,0,0,0,0,0,0,0,0,0,0,0,0,0,0,0,0,0,0,0,0,0,0,0,0,0,0,0,0,0,0,0,0,0,0,0,0,0,0,0,0,0,0,0,0,0,0,0,0,0,0,0,0,0,0,0,0,0,0,0,0,0,0,0,0,0,0,0,0,0,0,0,0
"H22-15750 - 1",1,2,"8/30/2022",14022977,0,"9/18/1962 0:00:00",0,0,59,"Portugal",77,172,26.02758248,"ADPKD",4,2,25.47,0,1,2,1.18,71.08230447,1.19,70.36611183,1,86.70016178,1,86.162620779669,1.01,84.08746048,-1.0375801498345,0,0,0,0,0,0,0,0,0,0.98,84.08746048,"2/5/2025 0:00:00",29,1,1,1,"9/16/2022 0:00:00",0,0,2,2,4,2,24,0,0," ",0,0," ",0,0,0," ",0,0,0,0,1,1,60,0,0,170,80,27.681660899654,0,0,"Stroke (unspecified)",1,0.7,105.4847113,0,0.99,50,0,0,0,1,1,2,4,1,0,0,9.859261374,0,0,0,0,0,0.267550494,10,17,2,0.105263158,1.10355e-07,275743.9412,133401.2659,239.4739984,79.75531315,1.29829e-08,107895.25,25355.25,149.5881895,20.58818954,8.93224e-06,42434.10429,38410.53176,76.14870675,27.79027897,21483.43762,21542.62249,56.00775713,15.63703915,3.31064e-07,0.443875104,0.030429652,0.379031722,0.058493603,0.365383641,0.011973906,0.0802826,-0.214968717,1.20174e-05,0.634616359,1376,51,292461.9375,103093.4375,0.363514064,107822.6667,0.352681566,7.191311625,27.19893605,0.328500526,7.191311625,27.19893605,0.328500526,0.477561904,29182.25,0.477561904,29182.25,0.55372705,72805,0.55372705,72805,0.482118816,16732.11111,0.482118816,16732.11111,0.463891168,66532.66667,0.463891168,66532.66667,0,0,0,0,0,0,0,0,0,0,0,0,0,0,0,0,0,0,0,0,0,0,0,0,0,0,0,0,0,0,0,0,0,0,0,0,0,0,0,0,0,0,0,0,0,0,0,0,0,0,0,0,0,0,0,0,0,0,0,0,0,0,0,0,0,0,0,0,0,0,0,0,0,0,0,0,0,0,0,0,0,0,0,0,0,0,0,0,0,0,0,0,0,0,0
"H22-15750 - 2",1,2,"8/30/2022",19692052,0,"1/4/1985 0:00:00",0,2,37,"Bangladesh",65,170,22.49134948,"atipical HUS",4,1,89.97,0,3,1,0.99,100.618964,1.12,86.77216785,1.04,94.84229788,0.96,103.756565528121,0.83,113.4665094,4.8549719359395,0,0,0,0,0,0,0,0,0,0.91,113.4665094,"2/5/2025 0:00:00",29,1,1,1,"9/6/2022 0:00:00",0,1,2,2,5,6.38,26,0,0," ",0,0," ",0,0,0," ",0,0,0,0,2,1,60,0,0,170,80,27.681660899654,0,0,"Stroke (unspecified)",1,0.7,105.4847113,0,0.99,50,0,0,0,1,1,2,4,2,0,0,14.2896,0,0,0,0,14.2896,0.10282866,3.7037037037037,110,4,0.035087719,2.23037e-07,360485.5318,188552.0058,287.7551484,105.0756094,8.11043e-09,136453.125,43696.17146,190.3605725,28.58500381,1.10119e-05,41706.75161,40170.09148,78.32705077,27.75092714,29328.50784,30943.08654,60.26392271,16.22503555,2.71699e-07,0.486374171,0.080401527,0.459271971,0.023426155,0.471475342,0.01355602,0.175062996,0.09015416,1.20789e-05,0.528524658,5431,134,367138.0417,128852.8796,0.345894287,139621.2323,0.345813354,6.414629567,25.30783108,0.340431692,6.414629567,25.30783108,0.340431692,0.473289175,140350.6765,0.473289175,140350.6765,0.791666291,800755.5,0.791666291,800755.5,0.365091921,12726.54167,0.365091921,12726.54167,0.732962582,446648.6,0.732962582,446648.6,0,0,0,0,0,0,0,0,0,0,0,0,0,0,0,0,0,0,0,0,0,0,0,0,0,0,0,0,0,0,0,0,0,0,0,0,0,0,0,0,0,0,0,0,0,0,0,0,0,0,0,0,0,0,0,0,0,0,0,0,0,0,0,0,0,0,0,0,0,0,0,0,0,0,0,0,0,0,0,0,0,0,0,0,0,0,0,0,0,0,0,0,0,0,0
"H22-15991 - 1",1,2,"9/3/2022",19072146,0,"6/21/1957 0:00:00",1,0,65,"Portugal",81,169,28.36035153,"Diabetic nephropathy",1,1,50.07,0,1,2,2.17,24.67569144,1.99,27.37772267,1.42,41.04639293,1.6,35.3489098434572,1.69,32.69293742,-1.3279862117286,0,0,0,0,0,0,0,0,0,1.29,32.69293742,"2/5/2025 0:00:00",29,0,0,0,"9/20/2022 0:00:00",0,1,0,1,2,36,18,0,0," ",0,0," ",0,0,0," ",0,0,0,0,1,1,74,0,0,175,85,27.7551020408163,1,0,"Stroke (unspecified)",1,0.85,91.18229207,0,1.39,84,0,0,0,1,2,2,5,4,0,0,33.3596,1,1,1,1,33.3596,0.973908728,10.7142857142857,53,8,0.131147541,1.19366e-07,360721.8962,156745.7168,293.2199728,83.56282463,1.80175e-08,74076.125,38059.12494,133.3156506,51.95250037,1.07835e-05,43687.80472,39129.28527,80.93376473,26.04068607,24016.6394,33850.55613,57.88105446,16.13571679,3.13054e-07,0.35939981,0.04305796,0.47110687,0.037328369,0.355850034,0.031673529,0.091397436,-0.448388419,1.22758e-05,0.644149966,4788,139,367249.9135,167106.3846,0.459515474,173171,0.439612181,6.994852046,23.62277427,0.26900458,6.994852046,23.62277427,0.26900458,0.408373927,363534.9474,0.408373927,363534.9474,0.57405512,5234570.5,0.57405512,5234570.5,0.346231544,15891.70833,0.346231544,15891.70833,0.514903727,959494.7857,0.514903727,959494.7857,0,0,0,0,0,0,0,0,0,0,0,0,0,0,0,0,0,0,0,0,0,0,0,0,0,0,0,0,0,0,0,0,0,0,0,0,0,0,0,0,0,0,0,0,0,0,0,0,0,0,0,0,0,0,0,0,0,0,0,0,0,0,0,0,0,0,0,0,0,0,0,0,0,0,0,0,0,0,0,0,0,0,0,0,0,0,0,0,0,0,0,0,0,0,0
"H22-15991 - 2",1,2,"9/2/2022",19042317,0,"4/22/1958 0:00:00",1,0,64,"Portugal",64,162,24.38652644,"ADPKD",4,1,60.73,0,1,2,1.4,42.01151821,1.06,58.66174542,0.95,66.90424787,0.83,78.1856949402795,0.74,88.62187467,5.21808986486025,0,0,0,0,0,0,0,0,0,0.7,88.62187467,"2/5/2025 0:00:00",29,1,1,1,"9/16/2022 0:00:00",0,1,1,2,4,8,15,0,0," ",0,0," ",0,0,0," ",0,0,0,0,2,1,74,0,0,175,85,27.7551020408163,1,0,"Stroke (unspecified)",1,0.85,91.18229207,0,1.39,84,0,0,0,1,2,2,5,4,0,0,44.839,1,1,1,1,44.839,2.101312737,13.1578947368421,67,10,0.12987013,2.21539e-07,309987.0672,154360.4484,255.1945091,88.03290517,3.30655e-08,110859.55,31128.04088,165.9399911,29.68197003,1.27137e-05,37164.06528,28221.72365,77.16917292,24.46804979,27899.65206,41737.84614,56.41207037,18.85640738,4.86062e-07,0.40972826,0.068674096,0.472491644,0.036576971,0.308450048,0.011381865,0.145344573,-0.377394158,1.20745e-05,0.691549952,3845,147,333923.0887,151709.1613,0.430177922,151709.1613,0.430177922,7.731958433,32.12288279,0.153120688,7.731958433,32.12288279,0.153120688,0.344861338,81231.78947,0.344861338,81231.78947,0.181646943,753366.5,0.181646943,753366.5,0.326793673,12684.5,0.326793673,12684.5,0.412615083,338284.125,0.412615083,338284.125,0,0,0,0,0,0,0,0,0,0,0,0,0,0,0,0,0,0,0,0,0,0,0,0,0,0,0,0,0,0,0,0,0,0,0,0,0,0,0,0,0,0,0,0,0,0,0,0,0,0,0,0,0,0,0,0,0,0,0,0,0,0,0,0,0,0,0,0,0,0,0,0,0,0,0,0,0,0,0,0,0,0,0,0,0,0,0,0,0,0,0,0,0,0,0
"H22-17837 - 1",1,2,"9/30/2022",15031765,0,"4/6/1956 0:00:00",1,0,66,"Portugal",65,156,26.70940171,"Chronic glomerulonephritis (unspecified)",2,2,36.83,0,1,2,0.91,69.57774242,0.95,66.07720699,0.99,62.88655011,1.14,52.7634487949557,1.18,49.99868387,-1.38238246247785,0,0,0,0,0,0,0,0,0,1.44,49.99868387,"2/5/2025 0:00:00",28,1,0,0,"10/14/2022 0:00:00",0,1,1,2,4,4.26,18,0,0," ",0,0," ",0,0,0," ",0,0,0,0,1,1,74,0,0,168,81,28.6989795918367,0,0,"Stroke (unspecified)",1,0.5,107.0301365,0,1.2,71,0,0,0,1,2,2,5,4,0,0,8.069799222,0,0,0,1,0,0.270756563,4.65116279069767,84,4,0.045454545,1.22555e-07,397094.2202,204639.0665,300.1590355,100.5225328,5.83593e-09,164181.125,31591.28558,199.5186022,15.37294244,9.7781e-06,48743.68815,49709.75015,79.75770287,25.34093283,34666.37585,41469.18779,61.13259637,16.92864837,3.67664e-07,0.414728897,0.048665704,0.476620771,0.062916944,0.400773964,0.013061842,0.102105713,0.037401779,1.04569e-05,0.599226036,6702,252,406769.2134,121510.9024,0.308512072,128332.9351,0.297574138,6.062120546,31.24331042,0.262681719,6.061644215,31.22439859,0.263153528,0.371697013,33494.80556,0.371697013,33494.80556,0.509592948,157941,0.509592948,157941,0.322491817,9075.227273,0.322491817,9075.227273,0.449019464,71868.42857,0.449019464,71868.42857,0,0,0,0,0,0,0,0,0,0,0,0,0,0,0,0,0,0,0,0,0,0,0,0,0,0,0,0,0,0,0,0,0,0,0,0,0,0,0,0,0,0,0,0,0,0,0,0,0,0,0,0,0,0,0,0,0,0,0,0,0,0,0,0,0,0,0,0,0,0,0,0,0,0,0,0,0,0,0,0,0,0,0,0,0,0,0,0,0,0,0,0,0,0,0
"H22-17837 - 2",1,2,"9/30/2022",97008060,0,"10/6/1954 0:00:00",0,0,67,"Portugal",61,162,23.24340802,"Other",6,1,24.97,0,1,2,0.99,83.49291303,0.88,94.24716747,0.75,98.9084901,0.88,93.6628350343408,0.67,100.4441066,3.3906357828296,0,0,0,0,0,0,0,0,0,0.6,100.4441066,"2/5/2025 0:00:00",28,1,1,1,"10/7/2022 0:00:00",0,1,1,1,3,2.04,22,0,0," ",0,0," ",0,0,0," ",0,0,0,0,2,1,74,0,0,168,81,28.6989795918367,0,0,"Stroke (unspecified)",1,0.5,107.0301365,0,1.2,71,0,0,0,1,2,2,5,4,0,0,43.13689842,1,1,1,1,43.13689842,0.376181439,5,122,10,0.075757576,1.48738e-07,400502.7254,197659.1943,304.620209,103.8576994,1.21917e-08,76385.3,51623.24105,131.9784957,68.50822336,1.06897e-05,46010.06723,43105.56005,83.87295796,25.23817763,26517.00161,24536.39561,64.06758275,15.67714889,2.96258e-07,0.419012635,0.059570111,0.491831697,0.045226887,0.432420049,0.01861559,0.121118894,0.108825785,1.18765e-05,0.567579951,8768,243,427632.4825,123533.0263,0.280785933,132068.8447,0.291851216,5.730889632,28.08813084,0.26624915,5.788016382,28.91459076,0.258631496,0.429717902,1251989.938,0.429717902,1251989.938,0.473295963,7657531.5,0.473295963,7657531.5,0.425799386,19239,0.425799386,19239,0.431024073,1662906.917,0.431024073,1662906.917,0,0,0,0,0,0,0,0,0,0,0,0,0,0,0,0,0,0,0,0,0,0,0,0,0,0,0,0,0,0,0,0,0,0,0,0,0,0,0,0,0,0,0,0,0,0,0,0,0,0,0,0,0,0,0,0,0,0,0,0,0,0,0,0,0,0,0,0,0,0,0,0,0,0,0,0,0,0,0,0,0,0,0,0,0,0,0,0,0,0,0,0,0,0,0
"H22-19768 - 1",1,2,"10/27/2022",18012841,0,"11/30/1969 0:00:00",0,0,52,"Portugal",71,165,26.07897153,"Diabetic nephropathy",1,1,52.23,0,3,1,2.06,38.04401082,1.34,63.73840669,1.67,48.94036405,1.5,55.3243655922698,1.43,57.865631,1.2706327038651,0,0,0,0,0,0,0,0,0,1.39,57.865631,"2/5/2025 0:00:00",27,1,1,0,"11/25/2022 0:00:00",0,2,1,1,4,2.13,14,1,0," ",0,0," ",0,0,0," ",0,0,0,0,1,1,76,0,0,165,100,36.7309458218549,1,1,"Stroke (unspecified)",1,0.7,95.49340897,0,1.9,99,1,0,0,1,3,2,6,5,0,0,59.7912,1,1,1,1,59.7912,0.102996562,4.76190476190476,125,6,0.045801527,1.96431e-07,527774.312,263945.0199,343.904048,124.5368612,9.42867e-09,180763.8333,109168.5237,169.2759288,79.20854295,1.06167e-05,52684.65534,48799.85665,88.67513135,31.34288118,16486.5,0,68.46897107,0,4.65148e-07,0.437934908,0.103671018,0.559336145,0.031815573,0.258587427,0,0.185346537,-0.226411715,1.0823e-05,0.741412573,6756,296,583602.6429,94593.94643,0.164200009,101976.5743,0.170607896,5.249203405,33.66226138,0.187173795,5.249203405,33.66226138,0.187173795,0.536605636,177236.5161,0.536605636,177236.5161,0.880649153,2537692,0.880649153,2537692,0.516335585,18869.04167,0.516335585,18869.04167,0.549407773,277258.0789,0.549407773,277258.0789,0,0,0,0,0,0,0,0,0,0,0,0,0,0,0,0,0,0,0,0,0,0,0,0,0,0,0,0,0,0,0,0,0,0,0,0,0,0,0,0,0,0,0,0,0,0,0,0,0,0,0,0,0,0,0,0,0,0,0,0,0,0,0,0,0,0,0,0,0,0,0,0,0,0,0,0,0,0,0,0,0,0,0,0,0,0,0,0,0,0,0,0,0,0,0
"H22-19768 - 2",1,2,"10/27/2022",20045515,0,"9/6/1954 0:00:00",0,0,68,"Portugal",85,170,29.41176471,"Chronic glomerulonephritis (unspecified)",2,2,28.4,0,1,2,8.36,6.413030518,3.47,18.42109617,2.68,25.11591975,2.98,21.9760844371814,2.99,21.61734685,-0.179368793590699,1,1,0,0,0,1,1,0,0,2.44,21.61734685,"2/5/2025 0:00:00",27,0,0,0,"12/9/2022 0:00:00",0,1,1,2,4,0,19,1,0," ",0,0," ",0,0,0," ",0,0,0,0,2,1,76,0,0,165,100,36.7309458218549,1,1,"Stroke (unspecified)",1,0.7,95.49340897,0,1.9,99,1,0,0,0,3,2,5,4,0,0,81.22915609,1,1,1,1,0,0.018305018,0,110,0,0,1.54155e-07,514088.85,261775.9949,338.3339363,109.0915474,0,0,0,0,0,1.00187e-05,54144.18604,55312.61126,90.25415984,32.24706871,16947.7879,10250.5065,61.21904716,16.84876066,3.32133e-07,0.444563891,0.07924925,0.542452126,0.035633045,0.496072771,0.009252293,0.146094459,-0.359931014,1.06949e-05,0.503927229,7149,237,523569.9444,132720.8148,0.260864572,137510.8558,0.264446926,5.786862126,36.90210536,0.175805866,5.786862126,36.90210536,0.175805866,0.466846052,202245.62,0.466846052,202245.62,0.503735067,2080857.5,0.503735067,2080857.5,0.392906512,25389.5,0.392906512,25389.5,0.49019538,258094.9211,0.49019538,258094.9211,0,0,0,0,0,0,0,0,0,0,0,0,0,0,0,0,0,0,0,0,0,0,0,0,0,0,0,0,0,0,0,0,0,0,0,0,0,0,0,0,0,0,0,0,0,0,0,0,0,0,0,0,0,0,0,0,0,0,0,0,0,0,0,0,0,0,0,0,0,0,0,0,0,0,0,0,0,0,0,0,0,0,0,0,0,0,0,0,0,0,0,0,0,0,0
"H22-20281 - 2",1,2,"11/4/2022",19007473,0,"3/14/1965 0:00:00",1,0,57,"Portugal",51.3,160,20.0390625,"Undetermined",5,2,41.87,0,1,2,0.88,76.60372097,1.05,61.97291343,0.86,78.74644029,0.84,80.499451529777,0.7,98.94831466,9.22443156511149,0,0,0,0,0,0,0,0,0,0.71,98.94831466,"2/5/2025 0:00:00",27,1,1,1,"11/15/2022 0:00:00",0,0,0,0,0,0,22,0,0," ",0,0," ",0,0,0," ",0,0,0,0,2,0,43,0,0,172,63,21.295294753921,0,0,"Head Thrauma",2,0.75,114.8306318,0,0.82,29,0,0,0,0,2,2,4,3,0,0,9.137863306,0,0,0,1,0,0.554741766,0,46,0,0,1.0824e-07,464736.2174,289720.387,319.5963238,123.3272188,0,0,0,0,0,6.66855e-06,79728.6265,82343.13231,103.9856491,39.28930149,0,0,0,0,2.30599e-07,0.413668241,0.050303262,0.531674621,0.039904239,0,0,0.094612871,-0.016096451,6.77679e-06,0,2834,98,504308.2857,120274.2857,0.251735181,125309.475,0.254929402,5.69426625,39.09451075,0.174384933,5.69426625,39.09451075,0.174384933,0.468303016,195807.1364,0.468303016,195807.1364,0.587847235,1025308.5,0.587847235,1025308.5,0.43789381,21467.25,0.43789381,21467.25,0.504794062,405015,0.504794062,405015,0,0,0,0,0,0,0,0,0,0,0,0,0,0,0,0,0,0,0,0,0,0,0,0,0,0,0,0,0,0,0,0,0,0,0,0,0,0,0,0,0,0,0,0,0,0,0,0,0,0,0,0,0,0,0,0,0,0,0,0,0,0,0,0,0,0,0,0,0,0,0,0,0,0,0,0,0,0,0,0,0,0,0,0,0,0,0,0,0,0,0,0,0,0,0
"H22-20323 - 1",1,2,"11/6/2022",5011847,0,"3/3/1958 0:00:00",0,0,64,"Portugal",95,178,29.98358793,"Diabetic nephropathy",1,2,24.17,0,1,2,0.88,96.02212868,2.39,29.5418296,1.17,69.61323812,1.35,58.2657498719751,1.35,57.54549431,-0.36012778098755,0,0,0,0,0,0,0,0,0,1.32,57.54549431,"2/5/2025 0:00:00",27,1,1,0,"11/14/2022 0:00:00",0,1,2,2,5,0,12,0,0," ",0,0," ",0,0,0," ",0,0,0,0,1,1,61,0,0,169,71,24.8590735618501,1,0,"Head Thrauma",2,0.6,109.8263225,0,1.09,60,0,0,0,0,1,2,3,3,0,0,5.288717648,0,0,0,0,0,0.065643059,0,100,1,0.00990099,1.48387e-07,424151.32,219973.758,308.9030604,102.2748712,1.48387e-09,241075.5,0,232.4069706,0,1.02372e-05,55181.94282,66385.44026,84.23357816,30.37701219,37212.7,87232.25176,52.89112356,22.57275013,1.67677e-07,0.460887067,0.062938406,0.564908423,0.023265339,0.528252661,0,0.111413468,-0.392429538,1.04226e-05,0.471747339,6899,113,440907.4635,113947.5104,0.251700907,118949.1758,0.256097638,6.467513194,19.01292242,0.291933086,6.467513194,19.01292242,0.291933086,0.448259142,68303.92857,0.448259142,68303.92857,0.498872852,338915.5,0.498872852,338915.5,0.436089827,17605.7,0.436089827,17605.7,0.478682431,195049.5,0.478682431,195049.5,0,0,0,0,0,0,0,0,0,0,0,0,0,0,0,0,0,0,0,0,0,0,0,0,0,0,0,0,0,0,0,0,0,0,0,0,0,0,0,0,0,0,0,0,0,0,0,0,0,0,0,0,0,0,0,0,0,0,0,0,0,0,0,0,0,0,0,0,0,0,0,0,0,0,0,0,0,0,0,0,0,0,0,0,0,0,0,0,0,0,0,0,0,0,0
"H22-20323 - 2",1,2,"11/6/2022",19061301,0,"4/29/1960 0:00:00",1,0,62,"Portugal",56,154,23.61275089,"ADPKD",4,1,25.27,0,1,2,0.61,101.0207349,0.65,99.48621196,0.72,94.47677033,0.69,97.4566268216216,0.56,101.2182156,1.8807943891892,0,0,0,0,0,0,0,0,0,0.66,101.2182156,"2/5/2025 0:00:00",27,1,1,1,"11/14/2022 0:00:00",0,1,2,1,4,0,13,0,0," ",0,0," ",0,0,0," ",0,0,0,0,2,1,61,0,0,169,71,24.8590735618501,1,0,"Head Thrauma",2,0.6,109.8263225,0,1.09,60,0,0,0,1,1,2,4,3,0,0,24.1074,1,1,0,0,24.1074,0.417285862,4.76190476190476,84,5,0.056179775,1.0017e-07,429046.0952,259578.5777,298.1610674,130.4040033,5.96253e-09,155151.8,85280.49887,182.1658892,43.01149632,9.54124e-06,57068.78465,72504.36675,85.24749177,31.95829453,24358.06579,26878.01414,61.35791283,23.11535155,1.87223e-07,0.502226182,0.042977742,0.544506721,0.017876403,0.448595741,0.015042543,0.078929681,-0.475576459,1.09888e-05,0.551404259,8001,157,473421.5789,152582.0658,0.315299737,157794.2329,0.316799306,7.021476032,21.60880667,0.268369744,7.020671381,21.60532317,0.268491865,0.432068772,104320.2917,0.432068772,104320.2917,0.490043485,538980.5,0.490043485,538980.5,0.409664954,24441,0.409664954,24441,0.454472591,184199.5833,0.454472591,184199.5833,0,0,0,0,0,0,0,0,0,0,0,0,0,0,0,0,0,0,0,0,0,0,0,0,0,0,0,0,0,0,0,0,0,0,0,0,0,0,0,0,0,0,0,0,0,0,0,0,0,0,0,0,0,0,0,0,0,0,0,0,0,0,0,0,0,0,0,0,0,0,0,0,0,0,0,0,0,0,0,0,0,0,0,0,0,0,0,0,0,0,0,0,0,0,0
"H22-21560 - 2",1,2,"11/23/2022",9020992,0,"1/2/1960 0:00:00",0,0,62,"Portugal",72,155,29.96878252,"Chronic glomerulonephritis (FSGS)",2,1,21.87,0,1,2,2.26,31.98797575,2.83,24.42154651,2.61,26.91214266,2.34,30.4899595791719,2.93,22.9917865,-3.74908653958595,1,1,0,0,0,1,1,0,0,2.95,22.9917865,"2/5/2025 0:00:00",26,0,0,0,"12/22/2022 0:00:00",0,2,2,2,6,0,17,1,0," ",0,0," ",0,0,0," ",0,0,0,0,2,1,74,0,0,155,72,29.9687825182102,1,0,"Meningitis",3,0.9,89.62182486,0,1.54,91,1,0,0,0,1,2,3,3,0,0,10.69233996,0,0,0,0,10.69233996,0.307185965,0,38,0,0,1.06682e-07,371917.1842,249589.6647,274.8201947,135.6147506,0,0,0,0,0,6.85575e-06,54147.4998,55909.62123,86.61057389,30.20711968,20531.94608,24843.24237,56.55418468,17.96903242,3.20047e-07,0.459427235,0.039677024,0.371221663,0.043061238,0.282225201,0.01938164,0.106882296,-0.23863378,1.12164e-05,0.717774799,2442,114,439826.8281,211666.8125,0.475268262,224007.5333,0.481529477,7.954324579,33.97534915,0.256491221,7.954324579,33.97534915,0.256491221,0.433419699,42929.75,0.433419699,42929.75,0.344837947,257473.5,0.344837947,257473.5,0.474984742,17299.88889,0.474984742,17299.88889,0.308724571,119819.3333,0.308724571,119819.3333,0,0,0,0,0,0,0,0,0,0,0,0,0,0,0,0,0,0,0,0,0,0,0,0,0,0,0,0,0,0,0,0,0,0,0,0,0,0,0,0,0,0,0,0,0,0,0,0,0,0,0,0,0,0,0,0,0,0,0,0,0,0,0,0,0,0,0,0,0,0,0,0,0,0,0,0,0,0,0,0,0,0,0,0,0,0,0,0,0,0,0,0,0,0,0
"H22-21587",1,2,"11/22/2022",19759661,0,"8/27/1989 0:00:00",0,0,33,"Portugal",75,172,25.35154137,"Alport Syndrome",2,1,51.33,0,3,1,1.13,88.01404339,0.98,104.4178663,1.03,98.36519009,0.91,113.421510528353,0.89,113.8983747,0.238432085823504,0,0,0,0,0,0,0,0,0,0.96,113.8983747,"2/5/2025 0:00:00",26,1,1,1,"11/30/2022 0:00:00",0,1,2,1,4,9,22,0,0," ",0,0," ",0,0,0," ",0,0,1,0,2,0,35,0,0,165,100,36.7309458218549,1,0,"Stroke (unspecified)",1,0.79,118.8094362,0,0.86,34,0,0,0,0,1,2,3,3,0,0,15.10004955,1,0,0,0,15.10004955,5.918214968,0,78,0,0,1.11355e-07,441075.4038,277103.4562,299.0393578,145.2990759,0,0,0,0,0,8.1603e-06,60012.94655,60521.47146,87.50706374,30.83817119,31339.53055,32634.06583,63.88074926,17.5722151,2.25565e-07,0.38535023,0.049115818,0.489723683,0.02428928,0.427565185,0.018506209,0.100292919,0.148169263,9.4156e-06,0.572434815,5716,158,505607.2941,202495.3088,0.407976742,204447.7612,0.403333644,7.04126195,36.41436076,0.193174501,7.04126195,36.41436076,0.193174501,0.482989902,277159.4444,0.482989902,277159.4444,0.45214895,3069990.5,0.45214895,3069990.5,0.383999365,20883.08333,0.383999365,20883.08333,0.532485171,405297.625,0.532485171,405297.625,0,0,0,0,0,0,0,0,0,0,0,0,0,0,0,0,0,0,0,0,0,0,0,0,0,0,0,0,0,0,0,0,0,0,0,0,0,0,0,0,0,0,0,0,0,0,0,0,0,0,0,0,0,0,0,0,0,0,0,0,0,0,0,0,0,0,0,0,0,0,0,0,0,0,0,0,0,0,0,0,0,0,0,0,0,0,0,0,0,0,0,0,0,0,0
"H22-21589",1,2,"11/22/2022",1008830,0,"5/27/1974 0:00:00",0,0,48,"Portugal",68.5,164,25.46847115,"Chronic glomerulonephritis (IgA)",2,2,42.4,1,3,1,1.03,89.60377807,1.29,68.39484017,1.23,72.41772171,1.04,88.021745521072,1.22,71.77879641,-8.121474555536,0,1,0,0,0,0,0,0,0,1.14,71.77879641,"2/5/2025 0:00:00",26,1,1,1,"11/29/2022 0:00:00",0,1,2,2,5,54.17,19,0,0," ",0,0," ",0,0,0," ",0,0,1,0,1,0,35,0,0,165,100,36.7309458218549,1,0,"Stroke (unspecified)",1,0.79,118.8094362,0,0.86,34,0,0,0,0,0,0,0,0,0,0,11.93295167,0,0,0,0,11.93295167,0.0044762,0,43,0,0,1.74306e-07,381874.1512,169555.1019,290.0099771,97.60446611,0,0,0,0,0,1.26878e-05,42251.1107,36728.90125,83.80382191,28.18365616,10616.5,2113.370679,46.67102403,8.6928428,3.85094e-07,0.480077391,0.066562853,0.536075155,0.030164592,0.213889253,0,0.124167018,-0.409100684,1.2868e-05,0.786110747,3130,95,410457.6125,148511.125,0.35863221,151225.1795,0.356191728,5.635348036,23.22390187,0.305938133,5.635348036,23.22390187,0.305938133,0.522671881,147734.6923,0.522671881,147734.6923,0.684122369,1302075,0.684122369,1302075,0.456805728,13783.11111,0.456805728,13783.11111,0.670870725,449125.75,0.670870725,449125.75,0,0,0,0,0,0,0,0,0,0,0,0,0,0,0,0,0,0,0,0,0,0,0,0,0,0,0,0,0,0,0,0,0,0,0,0,0,0,0,0,0,0,0,0,0,0,0,0,0,0,0,0,0,0,0,0,0,0,0,0,0,0,0,0,0,0,0,0,0,0,0,0,0,0,0,0,0,0,0,0,0,0,0,0,0,0,0,0,0,0,0,0,0,0,0
"H22-21858 - 1",1,2,"11/28/2022",20039027,0,"6/14/1956 0:00:00",0,0,66,"Portugal",79,170,27.33564014,"Undetermined",5,1,26.33,0,1,2,2.43,28.60127057,1.9,38.42452731,2.24,31.53662636,1.91,37.9465071276684,1.99,35.67682025,-1.1348434388342,0,0,0,0,0,0,0,0,0,2.1,35.67682025,"2/5/2025 0:00:00",26,0,0,0,"12/9/2022 0:00:00",0,2,2,0,4,7,17,1,0," ",0,0," ",0,0,0," ",0,0,0,0,1,1,69,0,0,170,70,24.2214532871972,0,0,"Head Thrauma",2,0.97,84.50526166,0,1.2,71,0,0,0,1,2,2,5,3,0,0,36.8358,1,1,1,1,36.8358,0.422746881,7.14285714285714,79,5,0.05952381,1.3509e-07,476853.2975,192379.8637,345.0099476,86.84467048,8.55001e-09,85297.9,54695.28976,131.6660297,57.80360392,1.36561e-05,40769.29045,38417.62686,80.7675571,25.41437044,30227.57221,30681.57422,67.24466701,18.74719331,3.4713e-07,0.532115991,0.064418157,0.556748267,0.024296305,0.328305571,0.018655143,0.11570428,0.154778516,1.29551e-05,0.671694429,7986,203,482964.2756,104431.7436,0.215003629,107516.8933,0.214123874,5.677750005,24.22791473,0.349868316,5.691037768,24.08221967,0.353012848,0.39861813,279007.5938,0.39861813,279007.5938,0.427772107,2105886,0.427772107,2105886,0.331912069,21960.07143,0.331912069,21960.07143,0.450500623,478933.4444,0.450500623,478933.4444,0,0,0,0,0,0,0,0,0,0,0,0,0,0,0,0,0,0,0,0,0,0,0,0,0,0,0,0,0,0,0,0,0,0,0,0,0,0,0,0,0,0,0,0,0,0,0,0,0,0,0,0,0,0,0,0,0,0,0,0,0,0,0,0,0,0,0,0,0,0,0,0,0,0,0,0,0,0,0,0,0,0,0,0,0,0,0,0,0,0,0,0,0,0,0
"H22-21858 - 2",1,2,"11/28/2022",20034874,0,"3/1/1967 0:00:00",1,0,55,"Portugal",57.5,160,22.4609375,"ADPKD",4,1,29.1,0,1,2,1.28,49.47423913,1.09,59.99558466,1.4,44.43011574,0.76,91.9080959784134,0.94,70.33550992,-10.7862930292067,0,1,0,0,0,0,0,0,0,0.85,70.33550992,"2/5/2025 0:00:00",26,1,1,1,"12/5/2022 0:00:00",0,2,1,1,4,2.27,21,0,0," ",0,0," ",0,0,0," ",0,0,0,0,2,1,69,0,0,170,70,24.2214532871972,0,0,"Head Thrauma",2,0.97,84.50526166,0,1.2,71,0,0,0,1,2,2,5,4,0,0,15.12620772,1,0,0,1,0,0.544742023,11.1111111111111,53,6,0.101694915,1.32186e-07,390016.9717,206836.0933,291.652849,113.7273825,1.49644e-08,133430.9167,7223.589709,184.1927555,6.784454784,1.13655e-05,53195.62245,55975.39744,86.40186948,28.11158814,29366.46701,33782.28423,64.67866149,22.94256571,4.33968e-07,0.53735541,0.051554627,0.604593118,0.021166188,0.315949689,0.016206232,0.085271608,-0.16234032,1.11125e-05,0.684050311,4557,174,412645.13,112931.06,0.312400465,119151.7447,0.285282848,6.338486192,25.84845211,0.32259333,6.338486192,25.84845211,0.32259333,0.411614278,165493.9286,0.411614278,165493.9286,0.487278084,1095174.5,0.487278084,1095174.5,0.366406186,12807.9,0.366406186,12807.9,0.436729884,250319.5,0.436729884,250319.5,0,0,0,0,0,0,0,0,0,0,0,0,0,0,0,0,0,0,0,0,0,0,0,0,0,0,0,0,0,0,0,0,0,0,0,0,0,0,0,0,0,0,0,0,0,0,0,0,0,0,0,0,0,0,0,0,0,0,0,0,0,0,0,0,0,0,0,0,0,0,0,0,0,0,0,0,0,0,0,0,0,0,0,0,0,0,0,0,0,0,0,0,0,0,0
"H22-22159 - 1",1,2,"12/1/2022",19340835,0,"11/24/1967 0:00:00",1,0,55,"Portugal",62,170,21.4532872,"ADPKD",4,2,22.87,0,1,2,1.59,38.13770352,1.43,43.31395515,1.63,37.01740429,1.32,47.3850520913361,1.43,42.51330022,-2.43587593566805,0,0,0,0,0,0,0,0,0,1.3,42.51330022,"2/5/2025 0:00:00",26,0,0,0,"12/7/2022 0:00:00",0,1,2,0,3,33,11,0,0," ",0,0," ",0,0,0," ",0,0,0,0,1,1,70,1,0,165,63,23.1404958677686,0,0,"Stroke (unspecified)",1,0.57,97.70147335,0,1.3,78,0,0,0,2,1,0,3,4,0,0,7.267948495,0,0,0,0,7.267948495,0.169177325,33.3333333333333,12,0,0,7.48897e-08,407021.9583,123078.1026,326.6404153,55.39138689,0,0,0,0,0,7.7698e-06,69796.70402,81848.30545,89.96740934,32.57394732,32446.36012,45351.90923,64.31982402,19.86011123,1.24816e-07,0.399113885,0.03048174,0.542306655,0.015541791,0.433275527,0.013322167,0.056207571,-0.202933383,1.07582e-05,0.566724473,1245,20,407021.9583,194930.8333,0.493739613,198524.7273,0.512235262,7.732590692,28.80350588,0.251942882,7.732590692,28.80350588,0.251942882,0.36872073,252786.4,0.36872073,252786.4,0.376610981,1181139.5,0.376610981,1181139.5,0.366748167,20698.125,0.366748167,20698.125,0.376610981,1181139.5,0.376610981,1181139.5,0,0,0,0,0,0,0,0,0,0,0,0,0,0,0,0,0,0,0,0,0,0,0,0,0,0,0,0,0,0,0,0,0,0,0,0,0,0,0,0,0,0,0,0,0,0,0,0,0,0,0,0,0,0,0,0,0,0,0,0,0,0,0,0,0,0,0,0,0,0,0,0,0,0,0,0,0,0,0,0,0,0,0,0,0,0,0,0,0,0,0,0,0,0,0
"H22-22159 - 2",1,2,"12/1/2022",21023646,0,"6/25/1956 0:00:00",0,0,66,"Portugal",74,167,26.53375883,"Diabetic nephropathy",1,2,26,0,1,2,1.41,54.96040439,1.8,41.00018805,1.43,54.03928694,1.79,41.0192967104176,1.42,53.48891872,6.2348110047912,0,0,0,0,0,0,0,0,0,1.63,53.48891872,"2/5/2025 0:00:00",26,0,0,0,"12/8/2022 0:00:00",0,2,2,0,4,18,15,0,0," ",0,0," ",0,0,0," ",0,0,0,0,2,1,70,1,0,165,63,23.1404958677686,0,0,"Stroke (unspecified)",1,0.57,97.70147335,0,1.3,78,0,0,0,0,2,2,4,3,0,0,27.81367176,1,1,1,1,27.81367176,1.026454531,0,53,0,0,2.51226e-07,325314.4717,148674.6714,281.4310551,77.12300205,0,0,0,0,0,1.21821e-05,39213.35681,34489.80128,77.31273013,24.70774168,38941.82228,42754.63899,63.34715502,18.28598812,2.32265e-07,0.292293725,0.081727399,0.477700361,0.012586703,0.375013492,0.008688519,0.171085069,-0.023322541,1.18421e-05,0.624986508,2570,49,325314.4717,157812.9245,0.480675018,167131.898,0.479264152,7.413850687,29.23390373,0.181571494,7.413850687,29.23390373,0.181571494,0.287986619,85640.1875,0.287986619,85640.1875,0.442664957,309779,0.442664957,309779,0.202039835,14773.625,0.202039835,14773.625,0.373933403,156506.75,0.373933403,156506.75,0,0,0,0,0,0,0,0,0,0,0,0,0,0,0,0,0,0,0,0,0,0,0,0,0,0,0,0,0,0,0,0,0,0,0,0,0,0,0,0,0,0,0,0,0,0,0,0,0,0,0,0,0,0,0,0,0,0,0,0,0,0,0,0,0,0,0,0,0,0,0,0,0,0,0,0,0,0,0,0,0,0,0,0,0,0,0,0,0,0,0,0,0,0,0
"H22-22273",1,2,"12/3/2022",20019160,0,"5/28/1977 0:00:00",0,0,45,"Portugal",80,177,25.53544639,"ADPKD",4,2,22.23,0,1,2,1.51,57.68483801,1.64,52.24219266,1.61,53.41250702,1.4,62.7739364989758,1.42,60.95158142,-0.911177539487902,0,0,0,0,0,0,0,0,0,1.39,60.95158142,"2/5/2025 0:00:00",26,1,1,1,"12/9/2022 0:00:00",0,1,1,2,4,2,13,0,0," ",0,0," ",0,0,0," ",0,0,1,0,1,0,45,1,0,165,75,27.5482093663912,0,0,"Head Thrauma",2,1.04,67.54623648,0,0.86,33,0,0,0,1,1,2,4,4,0,0,18.58578277,1,0,0,0,18.58578277,0.21682725,7.69230769230769,25,1,0.038461538,8.25111e-08,342004.34,123628.0159,288.7354618,59.51565405,3.30044e-09,83184,0,143.8923209,0,9.49538e-06,57706.25287,109503.3142,83.07513204,32.51717039,33755.74196,48574.56407,66.48955314,19.53878505,1.28717e-07,0.484014321,0.028219155,0.547942658,0.016836042,0.414619353,0.005167554,0.051500197,-0.567748354,1.1033e-05,0.585380647,2877,39,342004.34,136048.24,0.411660738,136048.24,0.411660738,8.14657216,21.17983609,0.404215701,8.14657216,21.17983609,0.404215701,0.511905436,145823.4444,0.511905436,145823.4444,0.589181239,646885,0.589181239,646885,0.467248588,19389.21429,0.467248588,19389.21429,0.668204406,588343.25,0.668204406,588343.25,0,0,0,0,0,0,0,0,0,0,0,0,0,0,0,0,0,0,0,0,0,0,0,0,0,0,0,0,0,0,0,0,0,0,0,0,0,0,0,0,0,0,0,0,0,0,0,0,0,0,0,0,0,0,0,0,0,0,0,0,0,0,0,0,0,0,0,0,0,0,0,0,0,0,0,0,0,0,0,0,0,0,0,0,0,0,0,0,0,0,0,0,0,0,0
"H22-22506 - 2",1,2,"12/4/2022",21020180,0,"10/4/1957 0:00:00",0,0,65,"Portugal",69,172,23.32341806,"ADPKD",4,1,62.1,0,1,2,2.09,34.48564228,1.27,62.69738062,1.38,56.74909743,1.2,66.6953198264752,1.24,63.32931891,-1.6830004582376,0,0,0,0,0,0,0,0,0,1.44,63.32931891,"2/5/2025 0:00:00",26,1,1,1,"12/14/2022 0:00:00",0,1,1,1,3,2.17,16,0,0," ",0,0," ",0,0,0," ",0,0,0,0,2,1,78,1,0,162,70,26.6727632982777,1,1,"Head Thrauma",2,0.64,90.40022653,0,1.96,99,1,0,0,1,1,2,4,1,0,0,24.41684343,1,1,0,0,24.41684343,0.662523462,6.81818181818182,83,6,0.06741573,1.7633e-07,347269.4639,143104.6926,289.6056547,68.17163616,1.27468e-08,47529.33333,13136.18691,112.2936313,17.21841166,1.15039e-05,39584.55078,35527.28431,77.29184848,25.88972069,20105.65611,21094.3239,58.64614285,17.21297996,3.08047e-07,0.428214247,0.061234082,0.455378693,0.056177748,0.344562311,0.004328207,0.134468484,-0.394097764,1.34775e-05,0.655437689,5415,145,347269.4639,135073.0482,0.398535344,144144.2368,0.39584089,6.688960231,23.01460459,0.317780105,6.688960231,23.01460459,0.317780105,0.518073193,193063.2,0.518073193,193063.2,0.588207414,771147,0.588207414,771147,0.30575838,16887,0.30575838,16887,0.659616401,310514,0.659616401,310514,0,0,0,0,0,0,0,0,0,0,0,0,0,0,0,0,0,0,0,0,0,0,0,0,0,0,0,0,0,0,0,0,0,0,0,0,0,0,0,0,0,0,0,0,0,0,0,0,0,0,0,0,0,0,0,0,0,0,0,0,0,0,0,0,0,0,0,0,0,0,0,0,0,0,0,0,0,0,0,0,0,0,0,0,0,0,0,0,0,0,0,0,0,0,0
"H22-23447",1,2,"12/20/2022",9106423,0,"5/8/1990 0:00:00",0,0,32,"Portugal",114,192,30.92447917,"Other",6,1,35.23,0,3,1,1.84,49.33620332,1.5,63.04310602,1.53,61.56266273,1.44,65.7977608848814,1.49,62.37643759,-1.7106616474407,0,0,0,0,0,0,0,0,0,1.43,62.37643759,"2/5/2025 0:00:00",26,1,1,1,"12/27/2022 0:00:00",0,2,2,2,6,0,10,0,0," ",0,0," ",0,0,0," ",0,0,1,0,1,0,27,0,0,183,90,26.8744961031981,0,0,"Head Thrauma",2,0.86,121.7093225,0,0.61,3,0,0,0,0,1,0,1,1,0,0,13.0134007,0,0,0,0,13.0134007,0.01458348,0,70,0,0,1.47849e-07,341952.9857,150139.5251,284.9257102,86.90888317,0,0,0,0,0,1.37436e-05,42427.78646,50338.03744,79.86562927,27.07519191,17586.43662,43471.32843,57.44567172,13.72446713,1.81643e-07,0.440682511,0.050557392,0.583111225,0.033060841,0.57306638,0.001115659,0.086702827,-0.610479851,1.42294e-05,0.42693362,6507,86,351976.3382,117459.9265,0.331470928,123025.2969,0.328728025,7.127791355,21.98925186,0.395779591,7.127791355,21.98925186,0.395779591,0.559267775,115531.381,0.559267775,115531.381,0.790336938,569219,0.790336938,569219,0.484800351,7327.769231,0.484800351,7327.769231,0.680277339,291362.25,0.680277339,291362.25,0,0,0,0,0,0,0,0,0,0,0,0,0,0,0,0,0,0,0,0,0,0,0,0,0,0,0,0,0,0,0,0,0,0,0,0,0,0,0,0,0,0,0,0,0,0,0,0,0,0,0,0,0,0,0,0,0,0,0,0,0,0,0,0,0,0,0,0,0,0,0,0,0,0,0,0,0,0,0,0,0,0,0,0,0,0,0,0,0,0,0,0,0,0,0
"H22-23525",1,2,"12/21/2022",20040341,0,"2/1/2000 0:00:00",0,1,22,"Angola",72,180,22.22222222,"Other",6,1,32.5,0,3,1,1.96,48.66871762,2.02,46.93918507,2.17,43.07303838,1.6,61.7038413817542,1.94,48.36064561,-6.6715978858771,0,1,0,0,0,0,0,0,0,1.8,48.36064561,"2/5/2025 0:00:00",26,1,1,1,"12/27/2022 0:00:00",0,2,0,0,2,0,11,0,0," ",0,0," ",0,0,0," ",0,0,1,0,1,0,17,0,0,173,65,21.7180660897457,0,0,"Anoxia",5,1.7,59.5557257,0,0.74,17,0,0,0,0,1,0,1,0,0,0,16.79121949,1,0,0,0,16.79121949,0.70748047,0,24,0,0,1.36997e-07,212781.75,136380.4851,212.7514229,101.4416846,0,0,0,0,0,7.27799e-06,55952.10745,160483.8564,71.48240733,37.08386299,39444.77575,67847.33051,56.44751992,23.75585371,1.5983e-07,0.233981186,0.029150565,0.407218965,0.009697721,0.450400025,0.003456288,0.071584498,-0.434915276,8.17142e-06,0.549599975,1275,28,212781.75,159944.1579,0.669633916,172481.7647,0.611088751,8.591811539,30.62874186,0.149309867,8.591811539,30.62874186,0.149309867,0.366450016,64210.5,0.366450016,64210.5,0.584375603,397416,0.584375603,397416,0.335317789,16609.71429,0.335317789,16609.71429,0.584375603,397416,0.584375603,397416,0,0,0,0,0,0,0,0,0,0,0,0,0,0,0,0,0,0,0,0,0,0,0,0,0,0,0,0,0,0,0,0,0,0,0,0,0,0,0,0,0,0,0,0,0,0,0,0,0,0,0,0,0,0,0,0,0,0,0,0,0,0,0,0,0,0,0,0,0,0,0,0,0,0,0,0,0,0,0,0,0,0,0,0,0,0,0,0,0,0,0,0,0,0,0
"XH13-06026 2",0,0,"5/8/2013",0,0," ",0,0,0," ",0,0,0," ",4,0,0,0,0,0,0,0,0,0,0,0,0,0,0,0,0,0,0,0,0,0,0,0,0,0,0,0," ",0,0,0,0," ",0,0,0,0,0,0,0,0,0," ",0,0," ",0,0,0," ",0,0,0,0,0,1,65,0,0,170,80,27.681660899654,1,0,"Stroke (unspecified)",1,0.9,94.78134145,0,1.43,86,1,0,0,2,3,4,9,9,0,0,89.5899,1,1,1,1,89.5899,10.75833736,24,45,13,0.224137931,1.79744e-07,468130.9556,245063.7919,314.5546058,115.5397959,5.1926e-08,202405.5,110626.9266,208.0232126,93.14977987,1.60052e-05,50781.95208,58304.23768,82.7328323,37.32876148,31230.57541,42275.24577,61.31471613,26.00747467,9.7461e-07,0.839412068,0.084143584,0.81277412,0.201181529,0.341595089,0.019540202,0.103526407,-0.538620998,1.51143e-05,0.658404911,4007,244,525425.9359,88658.05128,0.174123273,136008.7727,0.272386006,5.796473516,15.38723402,0.373010472,5.796473516,15.38723402,0.373010472,0.796834506,120161.8214,0.796834506,120161.8214,0.968513888,654829.5,0.968513888,654829.5,0.688710882,15635.5,0.688710882,15635.5,0.90495813,224688.1429,0.90495813,224688.1429,0,0,0,0,0,0,0,0,0,0,0,0,0,0,0,0,0,0,0,0,0,0,0,0,0,0,0,0,0,0,0,0,0,0,0,0,0,0,0,0,0,0,0,0,0,0,0,0,0,0,0,0,0,0,0,0,0,0,0,0,0,0,0,0,0,0,0,0,0,0,0,0,0,0,0,0,0,0,0,0,0,0,0,0,0,0,0,0,0,0,0,0,0,0,0
"XH14-13191 2",0,0,"10/1/2014",0,0," ",0,0,0," ",0,0,0," ",0,0,0,0,0,0,0,0,0,0,0,0,0,0,0,0,0,0,0,0,0,0,0,0,0,0,0,0," ",0,0,0,0," ",0,0,0,0,0,0,0,0,0," ",0,0," ",0,0,0," ",0,0,0,0,0,1,65,0,0,170,80,27.681660899654,1,0,"Stroke (unspecified)",1,0.9,94.78134145,0,1.43,86,1,0,0,1,3,2,6,5,0,0,8.416163962,0,0,0,1,0,0.581710019,5.88235294117647,16,1,0.058823529,2.52546e-07,492199.625,240486.1396,338.8349607,99.91243381,1.57841e-08,268487.5,0,232.5510697,0,2.66909e-05,50325.89917,48305.87821,80.7742288,29.97286394,35289.92257,42477.65664,61.50072488,18.97778739,1.70469e-06,0.790543332,0.124303011,1.343245942,0.131152214,0.370042973,0.017027264,0.092539279,-0.295243646,2.27777e-05,0.629957027,1691,108,492199.625,48531.5,0.103052072,75254.85714,0.174861419,4.886459666,22.33697564,0.278949581,4.886459666,22.33697564,0.278949581,0.694399958,64105.41667,0.694399958,64105.41667,0.980845428,1035544,0.980845428,1035544,0.637143804,13127.57895,0.637143804,13127.57895,0.911973342,257821.2,0.911973342,257821.2,0,0,0,0,0,0,0,0,0,0,0,0,0,0,0,0,0,0,0,0,0,0,0,0,0,0,0,0,0,0,0,0,0,0,0,0,0,0,0,0,0,0,0,0,0,0,0,0,0,0,0,0,0,0,0,0,0,0,0,0,0,0,0,0,0,0,0,0,0,0,0,0,0,0,0,0,0,0,0,0,0,0,0,0,0,0,0,0,0,0,0,0,0,0,0
"XH16-00908 1",0,0,"1/22/2016",0,0," ",0,0,0," ",0,0,0," ",0,0,0,0,0,0,0,0,0,0,0,0,0,0,0,0,0,0,0,0,0,0,0,0,0,0,0,0," ",0,0,0,0," ",0,0,0,0,0,0,0,0,0," ",0,0," ",0,0,0," ",0,0,0,0,0,1,65,0,0,170,80,27.681660899654,1,0,"Stroke (unspecified)",1,0.9,94.78134145,0,1.43,86,1,0,0,1,1,2,4,6,0,0,14.98746591,0,0,0,0,14.98746591,0.496400228,12.1212121212121,59,7,0.106060606,2.30326e-07,371488.7203,181523.2019,292.1540175,81.87783087,2.73268e-08,98034.85714,39413.26316,140.9483152,36.47309607,1.37883e-05,50516.11283,47283.31148,85.44121358,29.60113833,0,0,0,0,2.6546e-07,0.639853949,0.085563406,0.696531948,0.013211835,0,0,0.122842041,0.175240215,1.4046e-05,0,3532,68,388331.1509,71115.16981,0.187852604,98438.17647,0.233193016,5.411196553,26.756048,0.347815475,5.411196553,26.756048,0.347815475,0.671495355,37330.76087,0.671495355,37330.76087,0.992530156,281102,0.992530156,281102,0.626534118,16677.09375,0.626534118,16677.09375,0.774263895,84539.14286,0.774263895,84539.14286,0,0,0,0,0,0,0,0,0,0,0,0,0,0,0,0,0,0,0,0,0,0,0,0,0,0,0,0,0,0,0,0,0,0,0,0,0,0,0,0,0,0,0,0,0,0,0,0,0,0,0,0,0,0,0,0,0,0,0,0,0,0,0,0,0,0,0,0,0,0,0,0,0,0,0,0,0,0,0,0,0,0,0,0,0,0,0,0,0,0,0,0,0,0,0
"XH17-04464 1",0,0,"3/31/2017",0,0," ",0,0,0," ",0,0,0," ",0,0,0,0,0,0,0,0,0,0,0,0,0,0,0,0,0,0,0,0,0,0,0,0,0,0,0,0," ",0,0,0,0," ",0,0,0,0,0,0,0,0,0," ",0,0," ",0,0,0," ",0,0,0,0,0,1,65,0,0,170,80,27.681660899654,1,0,"Stroke (unspecified)",1,0.9,94.78134145,0,1.43,86,1,0,0,1,2,2,5,6,0,0,41.5741,1,1,1,1,41.5741,6.046343742,2.63157894736842,37,1,0.026315789,2.98644e-07,294465.2027,168530.2924,249.4437382,91.84599241,8.07145e-09,362163,0,278.8207309,0,1.64577e-05,44867.82418,42807.81345,79.86753839,32.08385821,29249.5625,23114.80648,57.88562958,12.26800262,7.50645e-07,0.657070476,0.087940144,0.738420425,0.03459911,0.478559107,0,0.119092242,0.079312544,1.67628e-05,0.521440893,2039,93,314672.4848,70922.42424,0.22439412,102800.3636,0.291496855,5.585358323,22.97775613,0.285296728,5.585358323,22.97775613,0.285296728,0.575880511,58612.97826,0.575880511,58612.97826,0.636077536,362893.5,0.636077536,362893.5,0.548797277,12231.95455,0.548797277,12231.95455,0.60070681,101128.9167,0.60070681,101128.9167,0,0,0,0,0,0,0,0,0,0,0,0,0,0,0,0,0,0,0,0,0,0,0,0,0,0,0,0,0,0,0,0,0,0,0,0,0,0,0,0,0,0,0,0,0,0,0,0,0,0,0,0,0,0,0,0,0,0,0,0,0,0,0,0,0,0,0,0,0,0,0,0,0,0,0,0,0,0,0,0,0,0,0,0,0,0,0,0,0,0,0,0,0,0,0
"XH17-04464 2",0,0,"3/31/2017",0,0," ",0,0,0," ",0,0,0," ",0,0,0,0,0,0,0,0,0,0,0,0,0,0,0,0,0,0,0,0,0,0,0,0,0,0,0,0," ",0,0,0,0," ",0,0,0,0,0,0,0,0,0," ",0,0," ",0,0,0," ",0,0,0,0,0,1,65,0,0,170,80,27.681660899654,1,0,"Stroke (unspecified)",1,0.9,94.78134145,0,1.43,86,1,0,0,1,1,2,4,6,0,0,22.2403,1,1,0,0,22.2403,6.131063013,8,45,4,0.081632653,3.43936e-07,301712.9778,181709.466,255.6823992,95.82657758,3.05721e-08,215050.375,35224.76933,226.5184274,36.06108765,2.02234e-05,41534.37113,42783.84647,76.66468767,30.56606237,19723.98739,17726.28663,54.36525778,16.0245739,1.06238e-06,0.667168682,0.103769916,0.839967418,0.056066175,0.382344322,0.038950159,0.123540406,-0.162171523,2.0309e-05,0.617655678,2646,139,336051.1622,76329.43243,0.215337151,110524.7917,0.282843224,5.592018078,23.59748669,0.265240469,5.592018078,23.59748669,0.265240469,0.485035322,96228.93333,0.485035322,96228.93333,0.536455834,530571.5,0.536455834,530571.5,0.365626787,9247.214286,0.365626787,9247.214286,0.58951779,172337.9375,0.58951779,172337.9375,0,0,0,0,0,0,0,0,0,0,0,0,0,0,0,0,0,0,0,0,0,0,0,0,0,0,0,0,0,0,0,0,0,0,0,0,0,0,0,0,0,0,0,0,0,0,0,0,0,0,0,0,0,0,0,0,0,0,0,0,0,0,0,0,0,0,0,0,0,0,0,0,0,0,0,0,0,0,0,0,0,0,0,0,0,0,0,0,0,0,0,0,0,0,0
"XH17-13729 1",0,0,"10/28/2017",0,0," ",0,0,0," ",0,0,0," ",0,0,0,0,0,0,0,0,0,0,0,0,0,0,0,0,0,0,0,0,0,0,0,0,0,0,0,0," ",0,0,0,0," ",0,0,0,0,0,0,0,0,0," ",0,0," ",0,0,0," ",0,0,0,0,0,1,73,0,0,170,70,24.2214532871972,1,0,"Stroke (unspecified)",1,1.36,54.94891375,0,1.68,95,1,0,0,1,1,2,4,6,0,0,10.5614595,0,0,0,0,10.5614595,4.746998834,13.6363636363636,37,6,0.139534884,4.86059e-07,409955.4595,195835.9336,297.7688467,117.290747,7.88203e-08,265348.8333,152271.0184,238.0642135,73.13865997,3.32228e-05,40703.90826,37419.35733,76.64685246,29.17272813,19656.71832,19977.22128,56.79021963,20.00387271,9.06434e-07,0.778402164,0.199262428,1.352296612,0.024859559,0.286808015,0.011956368,0.147351126,0.008541162,2.15232e-05,0.713191985,2529,69,470893.9828,22679.65517,0.046545511,69172,0.143292029,5.097031916,24.2794984,0.238374169,5.097031916,24.2794984,0.238374169,0.679213665,39390,0.679213665,39390,0.948203534,156232,0.948203534,156232,0.601710423,16273.75,0.601710423,16273.75,0.834220149,85622.5,0.834220149,85622.5,0,0,0,0,0,0,0,0,0,0,0,0,0,0,0,0,0,0,0,0,0,0,0,0,0,0,0,0,0,0,0,0,0,0,0,0,0,0,0,0,0,0,0,0,0,0,0,0,0,0,0,0,0,0,0,0,0,0,0,0,0,0,0,0,0,0,0,0,0,0,0,0,0,0,0,0,0,0,0,0,0,0,0,0,0,0,0,0,0,0,0,0,0,0,0
"XH17-13729 2",0,0,"10/28/2017",0,0," ",0,0,0," ",0,0,0," ",0,0,0,0,0,0,0,0,0,0,0,0,0,0,0,0,0,0,0,0,0,0,0,0,0,0,0,0," ",0,0,0,0," ",0,0,0,0,0,0,0,0,0," ",0,0," ",0,0,0," ",0,0,0,0,0,1,73,0,0,170,70,24.2214532871972,1,0,"Stroke (unspecified)",1,1.36,54.94891375,0,1.68,95,1,0,0,1,1,2,4,6,0,0,11.26347718,0,0,0,0,11.26347718,4.340034322,16.6666666666667,32,7,0.179487179,6.38328e-07,428186.75,309834.5711,293.2128663,155.6870741,1.39634e-07,148253.5,118023.8931,151.5277594,75.87712523,4.30872e-05,40929.43796,38722.38239,76.79255769,29.19055896,16919.83424,13947.78102,54.4346986,18.33760961,2.49347e-06,0.782460197,0.273323723,1.763533273,0.121272454,0.235039609,0.007625273,0.154986428,-0.248510187,2.43943e-05,0.764960391,2160,125,496442.2593,18422.85185,0.036493612,115088,0.255196201,4.894836071,23.44485225,0.249798076,4.894836071,23.44485225,0.249798076,0.690615626,36842.20833,0.690615626,36842.20833,0.82921827,154443.5,0.82921827,154443.5,0.654733572,15625,0.654733572,15625,0.762379734,79276.625,0.762379734,79276.625,0,0,0,0,0,0,0,0,0,0,0,0,0,0,0,0,0,0,0,0,0,0,0,0,0,0,0,0,0,0,0,0,0,0,0,0,0,0,0,0,0,0,0,0,0,0,0,0,0,0,0,0,0,0,0,0,0,0,0,0,0,0,0,0,0,0,0,0,0,0,0,0,0,0,0,0,0,0,0,0,0,0,0,0,0,0,0,0,0,0,0,0,0,0,0
"XH18-04021 1",0,0,"3/11/2018",0,0," ",0,0,0," ",0,0,0," ",0,0,0,0,0,0,0,0,0,0,0,0,0,0,0,0,0,0,0,0,0,0,0,0,0,0,0,0," ",0,0,0,0," ",0,0,0,0,0,0,0,0,0," ",0,0," ",0,0,0," ",0,0,0,0,0,1,76,0,0,170,70,24.2214532871972,1,0,"Stroke (unspecified)",1,0.9,88.5139593,0,1.59,93,1,0,0,0,1,2,3,5,0,0,26.59771566,1,1,1,1,26.59771566,3.084485806,0,14,0,0,1.73074e-07,309270.7143,254872.6656,213.0583607,73.27194411,0,0,0,0,0,1.60093e-05,31315.97722,35312.66253,64.70671177,23.48795272,16337.95805,15899.16679,51.56596658,20.07282395,8.77732e-07,0.578531506,0.053526701,0.501348113,0.100079289,0.228689101,0.020877848,0.106765539,-0.207582147,1.48082e-05,0.771310899,1295,71,309270.7143,116698.6429,0.279404226,158276.3,0.368256085,7.142825398,35.04212628,0.119673385,7.142825398,35.04212628,0.119673385,0.297586038,24219.77273,0.297586038,24219.77273,0.305443925,108154.5,0.305443925,108154.5,0.304155973,13045,0.304155973,13045,0.268021329,74506.25,0.268021329,74506.25,0,0,0,0,0,0,0,0,0,0,0,0,0,0,0,0,0,0,0,0,0,0,0,0,0,0,0,0,0,0,0,0,0,0,0,0,0,0,0,0,0,0,0,0,0,0,0,0,0,0,0,0,0,0,0,0,0,0,0,0,0,0,0,0,0,0,0,0,0,0,0,0,0,0,0,0,0,0,0,0,0,0,0,0,0,0,0,0,0,0,0,0,0,0,0
"XH18-05254 1",0,0,"4/2/2018",0,0," ",0,0,0," ",0,0,0," ",0,0,0,0,0,0,0,0,0,0,0,0,0,0,0,0,0,0,0,0,0,0,0,0,0,0,0,0," ",0,0,0,0," ",0,0,0,0,0,0,0,0,0," ",0,0," ",0,0,0," ",0,0,0,0,0,1,66,0,0,170,70,24.2214532871972,1,0,"Stroke (unspecified)",1,0.9,94.19369713,0,1.36,82,0,0,0,1,3,2,6,4,0,0,58.18872781,1,1,1,1,58.18872781,0.685551414,3.57142857142857,53,2,0.036363636,2.11352e-07,383683.2642,184611.4755,290.5652325,98.99655217,7.97554e-09,241328.25,6616.25,257.5954366,3.404563418,1.60986e-05,59412.09586,69155.06025,85.31016685,32.91286872,25734.43789,23730.43756,59.42445307,17.86563836,4.14728e-07,0.691740381,0.081092108,0.956452674,0.063685717,0.34252332,0.010874713,0.084784234,-0.797900691,1.51532e-05,0.65747668,4037,104,406078.67,60273.16,0.139172461,96586.80769,0.219210225,6.563761343,19.42760784,0.290328094,6.563761343,19.42760784,0.290328094,0.439037838,178898.0882,0.439037838,178898.0882,0.204472661,763510.5,0.204472661,763510.5,0.451045006,20200.78571,0.451045006,20200.78571,0.43063282,289986.2,0.43063282,289986.2,0,0,0,0,0,0,0,0,0,0,0,0,0,0,0,0,0,0,0,0,0,0,0,0,0,0,0,0,0,0,0,0,0,0,0,0,0,0,0,0,0,0,0,0,0,0,0,0,0,0,0,0,0,0,0,0,0,0,0,0,0,0,0,0,0,0,0,0,0,0,0,0,0,0,0,0,0,0,0,0,0,0,0,0,0,0,0,0,0,0,0,0,0,0,0
"XH18-05254 2",0,0,"4/2/2018",0,0," ",0,0,0," ",0,0,0," ",0,0,0,0,0,0,0,0,0,0,0,0,0,0,0,0,0,0,0,0,0,0,0,0,0,0,0,0," ",0,0,0,0," ",0,0,0,0,0,0,0,0,0," ",0,0," ",0,0,0," ",0,0,0,0,0,1,66,0,0,170,70,24.2214532871972,1,0,"Stroke (unspecified)",1,0.9,94.19369713,0,1.36,82,0,0,0,1,1,2,4,5,0,0,12.86866493,0,0,0,0,12.86866493,0.624023907,8.82352941176471,33,3,0.083333333,2.45518e-07,495257.6061,353170.3657,316.7498927,145.3697148,2.23199e-08,129367.1667,35789.22945,181.3438733,23.98053951,1.09293e-05,84684.8499,103010.6954,103.3058098,40.3353901,0,0,0,0,2.67838e-07,0.733334694,0.121594861,0.925545221,0.035204483,0,0,0.131376466,-0.754951117,1.11971e-05,0,1469,36,543169.8,61666.86667,0.103958919,110267.0714,0.177015316,6.747062422,17.81117377,0.314819525,6.747062422,17.81117377,0.314819525,0.674825042,19611,0.674825042,19611,0.5238712,38569.5,0.5238712,38569.5,0.794320622,12444.8,0.794320622,12444.8,0.376086091,37526.5,0.376086091,37526.5,0,0,0,0,0,0,0,0,0,0,0,0,0,0,0,0,0,0,0,0,0,0,0,0,0,0,0,0,0,0,0,0,0,0,0,0,0,0,0,0,0,0,0,0,0,0,0,0,0,0,0,0,0,0,0,0,0,0,0,0,0,0,0,0,0,0,0,0,0,0,0,0,0,0,0,0,0,0,0,0,0,0,0,0,0,0,0,0,0,0,0,0,0,0,0
"XH18-09538 1",0,0,"6/16/2018",0,0," ",0,0,0," ",0,0,0," ",0,0,0,0,0,0,0,0,0,0,0,0,0,0,0,0,0,0,0,0,0,0,0,0,0,0,0,0," ",0,0,0,0," ",0,0,0,0,0,0,0,0,0," ",0,0," ",0,0,0," ",0,0,0,0,0,1,66,0,0,167,99,35.4978665423644,1,0,"Stroke (unspecified)",1,0.9,94.19369713,0,1.29,78,0,0,0,1,3,2,6,5,0,0,63.9995,1,1,1,1,63.9995,2.344696273,17.8571428571429,51,10,0.163934426,1.46369e-07,360023.7941,182226.7671,281.4157175,98.25446069,2.86997e-08,100715.8,54492.87051,145.793329,56.46862143,1.09116e-05,48043.94503,50105.70548,81.19836964,31.31134386,27934.7563,32413.64153,60.93698629,20.53018703,3.67357e-07,0.448452842,0.052696186,0.524238098,0.028148284,0.322209993,0.008026494,0.100519566,-0.34578217,1.12567e-05,0.677790007,3802,128,379276.7188,165189.4167,0.429752106,174951.8667,0.427724747,7.94934844,22.95522895,0.349585862,7.94934844,22.95522895,0.349585862,0.427235573,142954.3333,0.427235573,142954.3333,0.610936819,1291099.5,0.610936819,1291099.5,0.40288428,12986.75,0.40288428,12986.75,0.455065622,291488.7143,0.455065622,291488.7143,0,0,0,0,0,0,0,0,0,0,0,0,0,0,0,0,0,0,0,0,0,0,0,0,0,0,0,0,0,0,0,0,0,0,0,0,0,0,0,0,0,0,0,0,0,0,0,0,0,0,0,0,0,0,0,0,0,0,0,0,0,0,0,0,0,0,0,0,0,0,0,0,0,0,0,0,0,0,0,0,0,0,0,0,0,0,0,0,0,0,0,0,0,0,0
"XH18-09538 2",0,0,"6/16/2018",0,0," ",0,0,0," ",0,0,0," ",0,0,0,0,0,0,0,0,0,0,0,0,0,0,0,0,0,0,0,0,0,0,0,0,0,0,0,0," ",0,0,0,0," ",0,0,0,0,0,0,0,0,0," ",0,0," ",0,0,0," ",0,0,0,0,0,1,66,0,0,167,99,35.4978665423644,1,0,"Stroke (unspecified)",1,0.9,94.19369713,0,1.29,78,0,0,0,1,2,2,5,5,0,0,30.994,1,1,1,1,30.994,0.139120626,5,40,3,0.069767442,1.51642e-07,347916.2875,226249.9789,261.6597765,129.957633,1.13731e-08,73495.83333,54134.12174,106.228807,70.26929554,7.87401e-06,63722.79754,76484.77683,87.76437608,35.38988756,43325.14222,62057.43136,66.4760923,22.89568725,1.93343e-07,0.544416076,0.052758686,0.50175366,0.008578395,0.323861452,0.011655967,0.105148582,-0.288053421,7.76833e-06,0.676138548,2077,51,386452.6111,158418.4444,0.405455316,175671.2188,0.386015785,7.530707141,21.68609475,0.369676822,7.530707141,21.68609475,0.369676822,0.424900995,53270.88889,0.424900995,53270.88889,0.656461184,173292,0.656461184,173292,0.378690194,21511,0.378690194,21511,0.517322598,116790.6667,0.517322598,116790.6667,0,0,0,0,0,0,0,0,0,0,0,0,0,0,0,0,0,0,0,0,0,0,0,0,0,0,0,0,0,0,0,0,0,0,0,0,0,0,0,0,0,0,0,0,0,0,0,0,0,0,0,0,0,0,0,0,0,0,0,0,0,0,0,0,0,0,0,0,0,0,0,0,0,0,0,0,0,0,0,0,0,0,0,0,0,0,0,0,0,0,0,0,0,0,0
"XH18-09539 1",0,0,"6/16/2018",0,0," ",0,0,0," ",0,0,0," ",0,0,0,0,0,0,0,0,0,0,0,0,0,0,0,0,0,0,0,0,0,0,0,0,0,0,0,0," ",0,0,0,0," ",0,0,0,0,0,0,0,0,0," ",0,0," ",0,0,0," ",0,0,0,0,0,1,68,0,0,170,70,24.2214532871972,1,0,"Stroke (unspecified)",1,0.9,93.02931609,0,1.4,85,0,0,0,1,2,2,5,5,0,0,30.95348501,1,1,1,1,30.95348501,5.612583896,9.09090909090909,20,1,0.047619048,8.38118e-08,298831.4,113783.6308,266.8032398,69.09979177,0,24715,0,64.93843238,0,9.19835e-06,44489.31959,44783.051,76.55098628,28.09617041,29906.94581,31974.08633,58.10342392,18.35117239,3.43629e-07,0.363161612,0.025045608,0.409228289,0.033055453,0.340076369,0.014667682,0.061202045,0.03773915,9.66849e-06,0.659923631,2195,82,298831.4,133578.1,0.436507099,140239.1053,0.445817368,7.022079688,24.3309525,0.319377701,7.022079688,24.3309525,0.319377701,0.565603109,372914.5,0.565603109,372914.5,0.511582901,1576987.5,0.511582901,1576987.5,0.522805243,7969.5,0.522805243,7969.5,0.587002042,555387,0.587002042,555387,0,0,0,0,0,0,0,0,0,0,0,0,0,0,0,0,0,0,0,0,0,0,0,0,0,0,0,0,0,0,0,0,0,0,0,0,0,0,0,0,0,0,0,0,0,0,0,0,0,0,0,0,0,0,0,0,0,0,0,0,0,0,0,0,0,0,0,0,0,0,0,0,0,0,0,0,0,0,0,0,0,0,0,0,0,0,0,0,0,0,0,0,0,0,0
"XH18-09539 2",0,0,"6/16/2018",0,0," ",0,0,0," ",0,0,0," ",0,0,0,0,0,0,0,0,0,0,0,0,0,0,0,0,0,0,0,0,0,0,0,0,0,0,0,0," ",0,0,0,0," ",0,0,0,0,0,0,0,0,0," ",0,0," ",0,0,0," ",0,0,0,0,0,1,68,0,0,170,70,24.2214532871972,1,0,"Stroke (unspecified)",1,0.9,93.02931609,0,1.4,85,0,0,0,3,3,2,8,7,0,0,74.2085,1,1,1,1,74.2085,1.507145458,57.5,17,23,0.575,1.18544e-07,247872.5,153716.8034,235.360831,85.70254532,1.60383e-07,89396.80435,50756.84711,128.8663329,58.73920602,7.98426e-06,47424.85852,57328.14024,77.05097787,31.06158267,16091.39153,14406.62996,52.4512703,15.45377852,5.22987e-07,0.392279896,0.029383712,0.378652582,0.068102646,0.24984601,0.053603678,0.077600718,-0.013912622,1.07142e-05,0.75015399,1145,75,263309.7813,121489.1875,0.424409444,127131.8667,0.426116683,7.616487881,31.18168732,0.196314455,7.616487881,31.18168732,0.196314455,0.412196974,103580.375,0.412196974,103580.375,0.569216277,299989.5,0.569216277,299989.5,0.38541418,9921.666667,0.38541418,9921.666667,0.446631996,223998.7143,0.446631996,223998.7143,0,0,0,0,0,0,0,0,0,0,0,0,0,0,0,0,0,0,0,0,0,0,0,0,0,0,0,0,0,0,0,0,0,0,0,0,0,0,0,0,0,0,0,0,0,0,0,0,0,0,0,0,0,0,0,0,0,0,0,0,0,0,0,0,0,0,0,0,0,0,0,0,0,0,0,0,0,0,0,0,0,0,0,0,0,0,0,0,0,0,0,0,0,0,0
"XH18-14173 1",0,0,"9/18/2018",0,0," ",0,0,0," ",0,0,0," ",0,0,0,0,0,0,0,0,0,0,0,0,0,0,0,0,0,0,0,0,0,0,0,0,0,0,0,0," ",0,0,0,0," ",0,0,0,0,0,0,0,0,0," ",0,0," ",0,0,0," ",0,0,0,0,0,1,69,0,0,170,70,24.2214532871972,1,0,"Stroke (unspecified)",1,0.9,92.45253433,0,1.43,86,1,0,0,1,2,2,5,6,0,0,48.2034,1,1,1,1,48.2034,2.161370624,2.5,80,2,0.024390244,2.97375e-07,253936.325,123701.3188,237.4845077,78.84182644,7.43437e-09,128739.75,9147.75,187.6031035,5.43834287,1.76083e-05,42519.86542,58556.30449,73.92361172,28.65089954,23151.03618,30133.1355,52.62756436,17.45847669,6.54224e-07,0.494121926,0.075514239,0.748702528,0.122517277,0.376702268,0.069786132,0.100860136,-0.645380546,1.71517e-05,0.623297732,4737,176,277447.1972,73792.26761,0.249949061,90348.33929,0.293004819,6.23095563,23.15487416,0.257185012,6.23095563,23.15487416,0.257185012,0.393038025,49762.92308,0.393038025,49762.92308,0.328487963,234396,0.328487963,234396,0.461822154,19194.25,0.461822154,19194.25,0.312789874,85426.375,0.312789874,85426.375,0,0,0,0,0,0,0,0,0,0,0,0,0,0,0,0,0,0,0,0,0,0,0,0,0,0,0,0,0,0,0,0,0,0,0,0,0,0,0,0,0,0,0,0,0,0,0,0,0,0,0,0,0,0,0,0,0,0,0,0,0,0,0,0,0,0,0,0,0,0,0,0,0,0,0,0,0,0,0,0,0,0,0,0,0,0,0,0,0,0,0,0,0,0,0
"XH18-14173 2",0,0,"9/18/2018",0,0," ",0,0,0," ",0,0,0," ",0,0,0,0,0,0,0,0,0,0,0,0,0,0,0,0,0,0,0,0,0,0,0,0,0,0,0,0," ",0,0,0,0," ",0,0,0,0,0,0,0,0,0," ",0,0," ",0,0,0," ",0,0,0,0,0,1,69,0,0,170,70,24.2214532871972,1,0,"Stroke (unspecified)",1,0.9,92.45253433,0,1.43,86,1,0,0,1,3,2,6,6,0,0,95.061,1,1,1,1,95.061,2.231938152,10.7142857142857,56,6,0.096774194,6.48175e-07,300840.4107,206864.0484,234.0380237,128.4848792,6.94474e-08,92416.83333,58631.90197,139.3552713,63.86659296,3.80224e-05,50255.84612,48725.66252,85.52576172,32.74197502,28261.18765,41063.5126,57.68696731,19.88924332,1.64359e-06,0.722311218,0.194997345,1.910849409,0.14356011,0.253401166,0.043490007,0.102047469,-1.492864729,1.69537e-05,0.746598834,3285,142,387638.3605,77269.5814,0.184190275,91794.05714,0.211601436,5.680862175,21.87327281,0.301707177,5.680862175,21.87327281,0.301707177,0.493285499,100034.2321,0.493285499,100034.2321,0.921883654,762901.5,0.921883654,762901.5,0.460744366,19393.46875,0.460744366,19393.46875,0.536673676,207555.25,0.536673676,207555.25,0,0,0,0,0,0,0,0,0,0,0,0,0,0,0,0,0,0,0,0,0,0,0,0,0,0,0,0,0,0,0,0,0,0,0,0,0,0,0,0,0,0,0,0,0,0,0,0,0,0,0,0,0,0,0,0,0,0,0,0,0,0,0,0,0,0,0,0,0,0,0,0,0,0,0,0,0,0,0,0,0,0,0,0,0,0,0,0,0,0,0,0,0,0,0
"XH19-01267 1",0,0,"1/22/2019",0,0," ",0,0,0," ",0,0,0," ",0,0,0,0,0,0,0,0,0,0,0,0,0,0,0,0,0,0,0,0,0,0,0,0,0,0,0,0," ",0,0,0,0," ",0,0,0,0,0,0,0,0,0," ",0,0," ",0,0,0," ",0,0,0,0,0,1,77,0,0,170,70,24.2214532871972,1,0,"Stroke (unspecified)",1,0.9,87.96517275,0,1.62,93,1,0,0,2,3,2,7,6,0,0,69.77234142,1,1,1,1,69.77234142,2.701826199,30.7692307692308,23,8,0.258064516,2.54473e-07,317276.2391,169681.5416,263.284059,97.50041201,8.85124e-08,92855.375,22083.26513,151.5273484,19.08763216,1.81893e-05,36091.37622,40424.61462,70.32718477,29.31278135,25381.53384,43581.43139,59.16954231,22.06391967,6.30651e-07,0.554406469,0.080738263,0.656476633,0.028399495,0.306120412,0.027709565,0.122987261,-0.212045207,1.36971e-05,0.693879588,1644,57,359421.225,112727.45,0.304997705,129132.5882,0.326703717,7.388864935,25.14903326,0.312037324,7.388864935,25.14903326,0.312037324,0.301047702,71822.9,0.301047702,71822.9,0.247647326,469109,0.247647326,469109,0.301992592,16993.5625,0.301992592,16993.5625,0.297268143,291140.25,0.297268143,291140.25,0,0,0,0,0,0,0,0,0,0,0,0,0,0,0,0,0,0,0,0,0,0,0,0,0,0,0,0,0,0,0,0,0,0,0,0,0,0,0,0,0,0,0,0,0,0,0,0,0,0,0,0,0,0,0,0,0,0,0,0,0,0,0,0,0,0,0,0,0,0,0,0,0,0,0,0,0,0,0,0,0,0,0,0,0,0,0,0,0,0,0,0,0,0,0
"XH19-01267 2",0,0,"1/22/2019",0,0," ",0,0,0," ",0,0,0," ",0,0,0,0,0,0,0,0,0,0,0,0,0,0,0,0,0,0,0,0,0,0,0,0,0,0,0,0," ",0,0,0,0," ",0,0,0,0,0,0,0,0,0," ",0,0," ",0,0,0," ",0,0,0,0,0,1,77,0,0,170,70,24.2214532871972,1,0,"Stroke (unspecified)",1,0.9,87.96517275,0,1.62,93,1,0,0,3,3,4,10,6,0,0,61.12284772,1,1,1,1,61.12284772,9.708505495,50,8,7,0.466666667,8.40127e-08,229033.125,99454.69301,231.0774853,53.50066168,7.35111e-08,106199.9286,50466.34415,156.3400005,55.00601226,1.298e-05,30927.42193,34627.40979,67.87696886,28.34361131,19889.86172,20338.69367,55.91777542,19.27327958,7.35111e-07,0.53535973,0.019241691,0.401436772,0.336743096,0.273128376,0.016140124,0.04793206,-0.260523602,1.34421e-05,0.726871624,1236,70,229033.125,111991.75,0.47496023,124212.2857,0.491883162,6.941616834,30.24982514,0.215232608,6.941616834,30.24982514,0.215232608,0.292058722,18667.4,0.292058722,18667.4,0.455698468,102426.5,0.455698468,102426.5,0.273876528,9360.833333,0.273876528,9360.833333,0.455698468,102426.5,0.455698468,102426.5,0,0,0,0,0,0,0,0,0,0,0,0,0,0,0,0,0,0,0,0,0,0,0,0,0,0,0,0,0,0,0,0,0,0,0,0,0,0,0,0,0,0,0,0,0,0,0,0,0,0,0,0,0,0,0,0,0,0,0,0,0,0,0,0,0,0,0,0,0,0,0,0,0,0,0,0,0,0,0,0,0,0,0,0,0,0,0,0,0,0,0,0,0,0,0
"XH19-08240 1",0,0,"5/29/2019",0,0," ",0,0,0," ",0,0,0," ",0,0,0,0,0,0,0,0,0,0,0,0,0,0,0,0,0,0,0,0,0,0,0,0,0,0,0,0," ",0,0,0,0," ",0,0,0,0,0,0,0,0,0," ",0,0," ",0,0,0," ",0,0,0,0,0,1,58,0,0,170,70,24.2214532871972,1,0,"Stroke (unspecified)",1,0.9,98.99879402,0,1.2,70,0,0,0,1,3,2,6,6,0,0,94.5505,1,1,1,1,94.5505,1.101363504,6.66666666666667,89,5,0.053191489,1.99642e-07,354630.0056,220737.104,274.905601,111.7037633,1.12158e-08,87954.4,64294.87034,130.9049915,67.78114188,9.38767e-06,55389.18065,75797.20901,81.12760733,30.25588565,28856.95066,26670.28244,63.84583118,22.73653386,4.91254e-07,0.509278214,0.070799086,0.519975127,0.077531417,0.196872624,0.026339999,0.136158602,-0.345157843,8.9581e-06,0.803127376,4185,219,378006.8675,56043.22892,0.141768807,71312.55357,0.1666415,4.57135494,35.93978523,0.140493066,4.57135494,35.93978523,0.140493066,0.339732805,121214.6897,0.339732805,121214.6897,0.883985765,2747090.5,0.883985765,2747090.5,0.320636429,15025.89474,0.320636429,15025.89474,0.376015921,322973.4,0.376015921,322973.4,0,0,0,0,0,0,0,0,0,0,0,0,0,0,0,0,0,0,0,0,0,0,0,0,0,0,0,0,0,0,0,0,0,0,0,0,0,0,0,0,0,0,0,0,0,0,0,0,0,0,0,0,0,0,0,0,0,0,0,0,0,0,0,0,0,0,0,0,0,0,0,0,0,0,0,0,0,0,0,0,0,0,0,0,0,0,0,0,0,0,0,0,0,0,0
"XH19-08240 2",0,0,"5/29/2019",0,0," ",0,0,0," ",0,0,0," ",0,0,0,0,0,0,0,0,0,0,0,0,0,0,0,0,0,0,0,0,0,0,0,0,0,0,0,0," ",0,0,0,0," ",0,0,0,0,0,0,0,0,0," ",0,0," ",0,0,0," ",0,0,0,0,0,1,58,0,0,170,70,24.2214532871972,1,0,"Stroke (unspecified)",1,0.9,98.99879402,0,1.2,70,0,0,0,1,3,2,6,6,0,0,90.6469,1,1,1,1,90.6469,0.499919681,10.5263157894737,36,4,0.1,2.31186e-07,346595.3194,195899.3397,267.2662281,110.8980362,2.56873e-08,110369.375,79010.57189,133.5132909,76.95583899,1.81417e-05,60035.60655,64187.34274,85.76568445,29.6334529,31201.13855,33115.36036,63.74196298,18.59949656,9.56853e-07,0.644274477,0.080127959,1.089146348,0.088095171,0.285583032,0.026076522,0.073569506,-0.875592517,1.17066e-05,0.714416968,2825,149,377146.6818,32830.90909,0.085258804,42253,0.112765845,4.006786738,30.72057133,0.229208541,4.006786738,30.72057133,0.229208541,0.400689545,114510.7308,0.400689545,114510.7308,0.825077433,633060.5,0.825077433,633060.5,0.33461287,16915.4,0.33461287,16915.4,0.620945129,439828.5,0.620945129,439828.5,0,0,0,0,0,0,0,0,0,0,0,0,0,0,0,0,0,0,0,0,0,0,0,0,0,0,0,0,0,0,0,0,0,0,0,0,0,0,0,0,0,0,0,0,0,0,0,0,0,0,0,0,0,0,0,0,0,0,0,0,0,0,0,0,0,0,0,0,0,0,0,0,0,0,0,0,0,0,0,0,0,0,0,0,0,0,0,0,0,0,0,0,0,0,0
"XH19-16710 1",0,0,"11/8/2019",0,0," ",0,0,0," ",0,0,0," ",0,0,0,0,0,0,0,0,0,0,0,0,0,0,0,0,0,0,0,0,0,0,0,0,0,0,0,0," ",0,0,0,0," ",0,0,0,0,0,0,0,0,0," ",0,0," ",0,0,0," ",0,0,0,0,0,1,80,0,0,170,70,24.2214532871972,1,0,"Stroke (unspecified)",1,0.9,86.33914372,0,1.87,95,1,0,0,1,2,2,5,4,0,0,8.310109906,0,0,0,1,0,0.474236244,9.52380952380952,80,7,0.08045977,2.27634e-07,363462.1,179410.9414,277.4836637,100.4918099,1.9918e-08,80480.85714,46811.22481,132.8850158,39.4008848,1.35613e-05,49992.08865,48661.72677,81.16550942,27.79312532,30978.18973,33817.44463,58.81973015,20.20780584,5.34941e-07,0.630838216,0.082736502,0.677958883,0.027089378,0.304095988,0.008318262,0.122037639,-0.101501817,1.35655e-05,0.695904012,4766,188,419598.6406,33621.65625,0.082062298,51166.5,0.135305982,4.723301685,26.14234909,0.235983205,4.723301685,26.14234909,0.235983205,0.637238916,156032.3611,0.637238916,156032.3611,0.996769023,1281354.5,0.996769023,1281354.5,0.559169526,22770.28571,0.559169526,22770.28571,0.910481782,622449.625,0.910481782,622449.625,0,0,0,0,0,0,0,0,0,0,0,0,0,0,0,0,0,0,0,0,0,0,0,0,0,0,0,0,0,0,0,0,0,0,0,0,0,0,0,0,0,0,0,0,0,0,0,0,0,0,0,0,0,0,0,0,0,0,0,0,0,0,0,0,0,0,0,0,0,0,0,0,0,0,0,0,0,0,0,0,0,0,0,0,0,0,0,0,0,0,0,0,0,0,0
"XH19-16710 2",0,0,"11/8/2019",0,0," ",0,0,0," ",0,0,0," ",0,0,0,0,0,0,0,0,0,0,0,0,0,0,0,0,0,0,0,0,0,0,0,0,0,0,0,0," ",0,0,0,0," ",0,0,0,0,0,0,0,0,0," ",0,0," ",0,0,0," ",0,0,0,0,0,1,80,0,0,170,70,24.2214532871972,1,0,"Stroke (unspecified)",1,0.9,86.33914372,0,1.7,95,1,0,0,1,3,2,6,5,0,0,11.21988665,0,0,0,1,0,1.788587716,4.25531914893617,91,4,0.042105263,2.99965e-07,412682.044,196127.6746,301.5553736,97.59697654,1.31853e-08,104025.875,31292.67223,158.3278338,23.15808798,2.04405e-05,60664.07458,58283.55721,92.38838359,32.14843507,0,0,0,0,7.02116e-07,0.73787406,0.123790178,1.240002418,0.06732089,0,0,0.099830594,-0.881529685,2.07536e-05,0,6201,213,549115.1176,25026.64706,0.04630355,74821.5,0.124213404,4.429186916,19.74664283,0.371093857,4.429186916,19.74664283,0.371093857,0.719731924,116004.1818,0.719731924,116004.1818,0.961069587,978823,0.961069587,978823,0.680525444,20160.55556,0.680525444,20160.55556,0.746874871,182357.4615,0.746874871,182357.4615,0,0,0,0,0,0,0,0,0,0,0,0,0,0,0,0,0,0,0,0,0,0,0,0,0,0,0,0,0,0,0,0,0,0,0,0,0,0,0,0,0,0,0,0,0,0,0,0,0,0,0,0,0,0,0,0,0,0,0,0,0,0,0,0,0,0,0,0,0,0,0,0,0,0,0,0,0,0,0,0,0,0,0,0,0,0,0,0,0,0,0,0,0,0,0
"XH19-17342 1",0,0,"11/19/2019",0,0," ",0,0,0," ",0,0,0," ",0,0,0,0,0,0,0,0,0,0,0,0,0,0,0,0,0,0,0,0,0,0,0,0,0,0,0,0," ",0,0,0,0," ",0,0,0,0,0,0,0,0,0," ",0,0," ",0,0,0," ",0,0,0,0,0,1,83,0,0,170,70,24.2214532871972,1,0,"Stroke (unspecified)",1,0.81,87.48296151,0,1.75,96,1,0,0,0,2,2,4,4,0,0,1.82927877,0,0,0,1,0,0.156208926,0,61,1,0.016129032,1.58651e-07,262131.5082,93073.9934,252.2414373,59.98561257,2.60084e-09,155285,0,194.5507646,0,1.02941e-05,48216.03727,58732.65265,78.55782115,26.67062709,26454.57753,32077.5586,59.31082329,16.98915254,5.25369e-07,0.421588828,0.041587474,0.49634172,0.06170499,0.644107702,0.049870029,0.083787987,-0.316649984,1.0909e-05,0.355892298,3958,202,270930.5763,49195.47458,0.179753252,37166.5,0.142212895,5.808769819,25.0439657,0.387269074,5.808769819,25.0439657,0.387269074,0.55223965,180639,0.55223965,180639,0.94116518,1101229.5,0.94116518,1101229.5,0.232493388,12949.5,0.232493388,12949.5,0.643595725,228550.2857,0.643595725,228550.2857,0,0,0,0,0,0,0,0,0,0,0,0,0,0,0,0,0,0,0,0,0,0,0,0,0,0,0,0,0,0,0,0,0,0,0,0,0,0,0,0,0,0,0,0,0,0,0,0,0,0,0,0,0,0,0,0,0,0,0,0,0,0,0,0,0,0,0,0,0,0,0,0,0,0,0,0,0,0,0,0,0,0,0,0,0,0,0,0,0,0,0,0,0,0,0
"XH19-17591 1",0,0,"11/22/2019",0,0," ",0,0,0," ",0,0,0," ",0,0,0,0,0,0,0,0,0,0,0,0,0,0,0,0,0,0,0,0,0,0,0,0,0,0,0,0," ",0,0,0,0," ",0,0,0,0,0,0,0,0,0," ",0,0," ",0,0,0," ",0,0,0,0,0,1,79,0,0,170,80,27.681660899654,0,0,"Stroke (unspecified)",1,1.25,58.57438541,0,1.69,95,1,0,0,1,2,2,5,6,0,0,44.14958693,1,1,1,1,44.14958693,2.18234295,6.89655172413793,54,6,0.1,2.74399e-07,285855.6574,126328.0423,259.4750774,76.06575467,3.04888e-08,121278.6667,39529.00444,169.927897,32.36268149,1.42078e-05,38477.29202,38009.71639,73.6961905,24.23693643,20331.332,21194.34135,56.20085566,16.30346551,6.85997e-07,0.507404319,0.078438443,0.54667609,0.025989393,0.315987115,0.020445081,0.143482483,-0.372860981,1.51384e-05,0.684012885,2796,135,296772.3654,100813.5769,0.337801426,107450.8125,0.341503458,4.938450159,21.82369165,0.329030465,4.938450159,21.82369165,0.329030465,0.392780156,66888.41176,0.392780156,66888.41176,0.474896323,528669,0.474896323,528669,0.41133638,15377.16667,0.41133638,15377.16667,0.371904405,124838.5625,0.371904405,124838.5625,0,0,0,0,0,0,0,0,0,0,0,0,0,0,0,0,0,0,0,0,0,0,0,0,0,0,0,0,0,0,0,0,0,0,0,0,0,0,0,0,0,0,0,0,0,0,0,0,0,0,0,0,0,0,0,0,0,0,0,0,0,0,0,0,0,0,0,0,0,0,0,0,0,0,0,0,0,0,0,0,0,0,0,0,0,0,0,0,0,0,0,0,0,0,0
"XH19-17591 2",0,0,"11/22/2019",0,0," ",0,0,0," ",0,0,0," ",0,0,0,0,0,0,0,0,0,0,0,0,0,0,0,0,0,0,0,0,0,0,0,0,0,0,0,0," ",0,0,0,0," ",0,0,0,0,0,0,0,0,0," ",0,0," ",0,0,0," ",0,0,0,0,0,1,79,0,0,170,80,27.681660899654,0,0,"Stroke (unspecified)",1,1.25,58.57438541,0,1.69,95,1,0,0,1,2,2,5,6,0,0,28.81451187,1,1,1,1,28.81451187,0.661761184,13.1578947368421,67,13,0.1625,2.19595e-07,269558.0224,126911.5736,250.8753504,72.10579122,4.26079e-08,118777.1538,108563.5585,148.5937432,82.85468899,1.37591e-05,33208.52454,31038.23902,69.94394389,23.92192968,17909.8056,16573.59666,54.2657558,16.49831514,5.24405e-07,0.379567132,0.059193506,0.456918787,0.023754973,0.314702211,0.023264431,0.129549294,-0.158818387,1.52447e-05,0.685297789,4198,160,273625.7045,139361.5758,0.500431735,148836.1833,0.497608965,7.28208204,24.83315853,0.269439957,7.28208204,24.83315853,0.269439957,0.337273846,28530.57576,0.337273846,28530.57576,0.645251487,114653.5,0.645251487,114653.5,0.304463466,18818.06,0.304463466,18818.06,0.439806285,58882.1875,0.439806285,58882.1875,0,0,0,0,0,0,0,0,0,0,0,0,0,0,0,0,0,0,0,0,0,0,0,0,0,0,0,0,0,0,0,0,0,0,0,0,0,0,0,0,0,0,0,0,0,0,0,0,0,0,0,0,0,0,0,0,0,0,0,0,0,0,0,0,0,0,0,0,0,0,0,0,0,0,0,0,0,0,0,0,0,0,0,0,0,0,0,0,0,0,0,0,0,0,0
"XH21-20855 1",0,0,"12/2/2021",0,0," ",0,0,0," ",0,0,0," ",0,0,0,0,0,0,0,0,0,0,0,0,0,0,0,0,0,0,0,0,0,0,0,0,0,0,0,0," ",0,0,0,0," ",0,0,0,0,0,0,0,0,0," ",0,0," ",0,0,0," ",0,0,0,0,0,0,57,0,0,170,80,27.681660899654,0,0,"Anoxia",5,1.6,49.94338153,0,1.04,55,0,0,0,0,1,2,3,5,0,0,21.04812354,1,1,0,0,21.04812354,0.243371724,0,60,0,0,2.40135e-07,449663.325,238725.3583,314.896479,123.0187959,0,0,0,0,0,1.20308e-05,47751.72372,40267.60342,82.2318419,25.18909245,24072.24417,24833.56805,54.45540944,15.78785098,3.08173e-07,0.456113192,0.107979901,0.574489687,0.014877292,0.239494445,0.009265228,0.187957945,-0.109698205,1.1462e-05,0.760505555,3006,77,489398.8455,111293.3091,0.232928955,121397.7755,0.233313,5.323302476,31.71115128,0.20308793,5.323302476,31.71115128,0.20308793,0.332602506,47664.13636,0.332602506,47664.13636,0.444376321,145324.5,0.444376321,145324.5,0.313596052,17466.14286,0.313596052,17466.14286,0.365863801,100510.625,0.365863801,100510.625,0,0,0,0,0,0,0,0,0,0,0,0,0,0,0,0,0,0,0,0,0,0,0,0,0,0,0,0,0,0,0,0,0,0,0,0,0,0,0,0,0,0,0,0,0,0,0,0,0,0,0,0,0,0,0,0,0,0,0,0,0,0,0,0,0,0,0,0,0,0,0,0,0,0,0,0,0,0,0,0,0,0,0,0,0,0,0,0,0,0,0,0,0,0,0
"XH21-20855 2",0,0,"12/2/2021",0,0," ",0,0,0," ",0,0,0," ",0,0,0,0,0,0,0,0,0,0,0,0,0,0,0,0,0,0,0,0,0,0,0,0,0,0,0,0," ",0,0,0,0," ",0,0,0,0,0,0,0,0,0," ",0,0," ",0,0,0," ",0,0,0,0,0,0,57,0,0,170,80,27.681660899654,0,0,"Anoxia",5,1.6,49.94338153,0,1.04,55,0,0,0,1,1,2,4,8,0,0,16.13369261,1,0,0,0,16.13369261,4.757289242,8.82352941176471,63,5,0.073529412,3.01974e-07,386500.9524,179792.7771,297.6768311,87.32685961,2.39662e-08,227704.2,50318.33065,245.4788312,26.67477159,1.58033e-05,34282.38232,38088.1027,68.1001152,23.8820089,21442.05868,22453.97684,52.80275869,17.44376765,3.73873e-07,0.525953876,0.116713404,0.541775746,0.007705853,0.304584357,0.009523164,0.215427518,0.202437059,1.54541e-05,0.695415643,3297,78,400719.8333,78772.83333,0.200145874,87253.09615,0.219630263,5.060630873,29.25364133,0.201713523,5.060630873,29.25364133,0.201713523,0.361883702,31465.41667,0.361883702,31465.41667,0.245610509,109409.5,0.245610509,109409.5,0.409120698,18148.33333,0.409120698,18148.33333,0.220172713,71416.66667,0.220172713,71416.66667,0,0,0,0,0,0,0,0,0,0,0,0,0,0,0,0,0,0,0,0,0,0,0,0,0,0,0,0,0,0,0,0,0,0,0,0,0,0,0,0,0,0,0,0,0,0,0,0,0,0,0,0,0,0,0,0,0,0,0,0,0,0,0,0,0,0,0,0,0,0,0,0,0,0,0,0,0,0,0,0,0,0,0,0,0,0,0,0,0,0,0,0,0,0,0
"XH22-04453 1",0,0,"3/8/2022",0,0," ",0,0,0," ",0,0,0," ",0,0,0,0,0,0,0,0,0,0,0,0,0,0,0,0,0,0,0,0,0,0,0,0,0,0,0,0," ",0,0,0,0," ",0,0,0,0,0,0,0,0,0," ",0,0," ",0,0,0," ",0,0,0,0,0,1,68,0,0,173,85,28.4005479635136,1,0,"Stroke (unspecified)",1,1.52,49.60192531,0,1.47,88,1,0,0,1,3,2,6,6,0,0,78.8102,1,1,1,1,78.8102,4.783193325,18.5185185185185,50,13,0.206349206,7.54064e-08,504404.74,271662.9886,321.1065863,115.2282093,1.96057e-08,123909.5769,109688.8218,153.2714596,81.07032823,7.607e-06,61569.68309,72654.06875,89.71191057,40.31392113,34403.34763,40076.35922,68.46675659,27.6698423,1.97565e-07,0.374022853,0.038035343,0.468360402,0.041230483,0.350101399,0.013670266,0.081209562,-0.232227508,8.31351e-06,0.649898601,5044,131,546724.0435,190678.9783,0.343734507,198259.4545,0.356584621,7.333395685,31.03790272,0.25807271,7.333395685,31.03790272,0.25807271,0.313544149,143444.9583,0.313544149,143444.9583,0.385405027,995001.5,0.385405027,995001.5,0.278941528,19444.83333,0.278941528,19444.83333,0.34814677,267445.0833,0.34814677,267445.0833,0,0,0,0,0,0,0,0,0,0,0,0,0,0,0,0,0,0,0,0,0,0,0,0,0,0,0,0,0,0,0,0,0,0,0,0,0,0,0,0,0,0,0,0,0,0,0,0,0,0,0,0,0,0,0,0,0,0,0,0,0,0,0,0,0,0,0,0,0,0,0,0,0,0,0,0,0,0,0,0,0,0,0,0,0,0,0,0,0,0,0,0,0,0,0
"XH22-04453 2",0,0,"3/8/2022",0,0," ",0,0,0," ",0,0,0," ",0,0,0,0,0,0,0,0,0,0,0,0,0,0,0,0,0,0,0,0,0,0,0,0,0,0,0,0," ",0,0,0,0," ",0,0,0,0,0,0,0,0,0," ",0,0," ",0,0,0," ",0,0,0,0,0,1,68,0,0,173,85,28.4005479635136,1,0,"Stroke (unspecified)",1,1.52,49.60192531,0,1.47,88,1,0,0,2,3,2,7,7,0,0,69.4805,1,1,1,1,69.4805,6.103210528,27.2727272727273,33,11,0.25,9.13228e-08,573831.1818,305887.8349,348.0038624,121.3849732,3.04409e-08,168271.1364,86588.46797,188.0852919,70.08381533,7.00971e-06,57512.87544,70683.64323,92.60004942,38.33669041,33265.89468,42540.94244,67.83222804,28.1627737,2.51829e-07,0.406437223,0.052403844,0.403148761,0.08354999,0.302355618,0.014848966,0.129986369,-0.269144485,8.02921e-06,0.697644382,2533,91,610739.5323,251944.5484,0.448338089,251944.5484,0.448338089,7.821851361,30.64575811,0.274253403,7.821851361,30.64575811,0.274253403,0.28017004,57042.8,0.28017004,57042.8,0.520151089,261406.5,0.520151089,261406.5,0.225812334,10001.14286,0.225812334,10001.14286,0.407004686,166806.6667,0.407004686,166806.6667,0,0,0,0,0,0,0,0,0,0,0,0,0,0,0,0,0,0,0,0,0,0,0,0,0,0,0,0,0,0,0,0,0,0,0,0,0,0,0,0,0,0,0,0,0,0,0,0,0,0,0,0,0,0,0,0,0,0,0,0,0,0,0,0,0,0,0,0,0,0,0,0,0,0,0,0,0,0,0,0,0,0,0,0,0,0,0,0,0,0,0,0,0,0,0
"XH22-08601 1",0,0,"5/8/2022",0,0," ",0,0,0," ",0,0,0," ",0,0,0,0,0,0,0,0,0,0,0,0,0,0,0,0,0,0,0,0,0,0,0,0,0,0,0,0," ",0,0,0,0," ",0,0,0,0,0,0,0,0,0," ",0,0," ",0,0,0," ",0,0,0,0,0,1,65,0,0,168,80,28.3446712018141,1,1,"Anoxia",5,1.64,46.13188967,0,1.73,96,1,0,0,1,2,2,5,6,0,0,12.11313569,0,0,0,1,0,0.088828412,2.4390243902439,82,2,0.023809524,1.6342e-07,464053.061,224375.9266,332.3932178,110.921,3.98586e-09,153128.75,8831.25,204.1015095,9.358088555,9.39865e-06,50165.70388,50518.02397,81.55590612,27.88259485,40826.13212,49766.42224,63.15682537,20.81433846,3.30826e-07,0.478601328,0.075835641,0.471490097,0.051121702,0.397546573,0.031820135,0.16084249,0.043275031,9.63013e-06,0.602453427,4716,166,480645.0316,142015.0886,0.302264339,151681.7397,0.299953355,6.130480186,24.69918606,0.263519168,6.130480186,24.69918606,0.263519168,0.351127204,490168.5625,0.351127204,490168.5625,0.590829985,2211390,0.590829985,2211390,0.11379581,31078,0.11379581,31078,0.385031689,555752.9286,0.385031689,555752.9286,0,0,0,0,0,0,0,0,0,0,0,0,0,0,0,0,0,0,0,0,0,0,0,0,0,0,0,0,0,0,0,0,0,0,0,0,0,0,0,0,0,0,0,0,0,0,0,0,0,0,0,0,0,0,0,0,0,0,0,0,0,0,0,0,0,0,0,0,0,0,0,0,0,0,0,0,0,0,0,0,0,0,0,0,0,0,0,0,0,0,0,0,0,0,0
"XH22-08601 2",0,0,"5/8/2022",0,0," ",0,0,0," ",0,0,0," ",0,0,0,0,0,0,0,0,0,0,0,0,0,0,0,0,0,0,0,0,0,0,0,0,0,0,0,0," ",0,0,0,0," ",0,0,0,0,0,0,0,0,0," ",0,0," ",0,0,0," ",0,0,0,0,0,1,65,0,0,168,80,28.3446712018141,1,1,"Anoxia",5,1.64,46.13188967,0,1.73,96,1,0,0,1,2,0,3,5,0,0,24.9518,1,1,0,1,0,0.020520834,3.125,64,3,0.044776119,1.14208e-07,425805.7188,236346.6675,312.4799886,118.3697485,5.35348e-09,44434.33333,39427.64438,55.28178127,38.75037195,1.0309e-05,47359.94911,41982.27983,82.84703866,28.55176387,33209.43333,31245.86479,66.94022677,18.35187253,1.9451e-07,0.52631899,0.048630258,0.488234766,0.027992771,0.611796082,0.006157434,0.09960425,-0.180955647,1.05318e-05,0.388203918,5777,109,446687.7459,125002.377,0.287288944,134423.8214,0.282041436,6.530723275,21.40809562,0.276993178,6.530723275,21.40809562,0.276993178,0.532976835,226804.0625,0.532976835,226804.0625,0.586298547,771361.5,0.586298547,771361.5,0.43331808,22960.5,0.43331808,22960.5,0.592772089,349110.2,0.592772089,349110.2,0,0,0,0,0,0,0,0,0,0,0,0,0,0,0,0,0,0,0,0,0,0,0,0,0,0,0,0,0,0,0,0,0,0,0,0,0,0,0,0,0,0,0,0,0,0,0,0,0,0,0,0,0,0,0,0,0,0,0,0,0,0,0,0,0,0,0,0,0,0,0,0,0,0,0,0,0,0,0,0,0,0,0,0,0,0,0,0,0,0,0,0,0,0,0
"XH22-13097 1",0,0,"7/14/2022",0,0," ",0,0,0," ",0,0,0," ",0,0,0,0,0,0,0,0,0,0,0,0,0,0,0,0,0,0,0,0,0,0,0,0,0,0,0,0," ",0,0,0,0," ",0,0,0,0,0,0,0,0,0," ",0,0," ",0,0,0," ",0,0,0,0,0,1,77,1,0,160,80,31.25,1,0,"Stroke (unspecified)",1,0.94,62.49647121,0,1.62,93,1,0,0,1,1,2,4,5,0,0,27.51584115,1,1,1,1,27.51584115,2.306839227,10,19,1,0.05,1.32911e-07,402905.6316,146481.8277,309.5450895,59.79698702,6.99532e-09,209446.5,0,215.9282288,0,1.22348e-05,39812.99371,39012.42391,73.53493561,26.57607788,38225.47553,72462.75738,63.13836353,28.99271825,2.2385e-07,0.515931184,0.05355059,0.487104305,0.025899593,0.259717597,0.015003128,0.109936598,-0.111070798,8.82641e-06,0.740282403,1749,32,402905.6316,163019.7895,0.398379874,171151.5,0.40668011,6.961241698,29.29235669,0.219871074,6.961241698,29.29235669,0.219871074,0.323896958,100690.1667,0.323896958,100690.1667,0.292161166,263538.5,0.292161166,263538.5,0.339764854,19266,0.339764854,19266,0.292161166,263538.5,0.292161166,263538.5,0,0,0,0,0,0,0,0,0,0,0,0,0,0,0,0,0,0,0,0,0,0,0,0,0,0,0,0,0,0,0,0,0,0,0,0,0,0,0,0,0,0,0,0,0,0,0,0,0,0,0,0,0,0,0,0,0,0,0,0,0,0,0,0,0,0,0,0,0,0,0,0,0,0,0,0,0,0,0,0,0,0,0,0,0,0,0,0,0,0,0,0,0,0,0
"XH22-13097 2",0,0,"7/14/2022",0,0," ",0,0,0," ",0,0,0," ",0,0,0,0,0,0,0,0,0,0,0,0,0,0,0,0,0,0,0,0,0,0,0,0,0,0,0,0," ",0,0,0,0," ",0,0,0,0,0,0,0,0,0," ",0,0," ",0,0,0," ",0,0,0,0,0,1,77,1,0,160,80,31.25,1,0,"Stroke (unspecified)",1,0.94,62.49647121,0,1.62,93,1,0,0,2,3,2,7,6,0,0,71.2888,1,1,1,1,71.2888,7.175241116,33.3333333333333,24,12,0.333333333,1.58284e-07,219209.75,185683.6474,192.5914978,124.0017404,7.91418e-08,195033.6667,167683.9197,182.4733703,54.08221332,9.40469e-06,37795.26648,32373.73844,72.36157087,24.17144767,22864.68619,22988.61229,59.42156776,22.48903009,3.29758e-07,0.45625601,0.034697315,0.3554526,0.139738321,0.217321066,0.008879528,0.097614463,-0.142245722,9.55232e-06,0.782678934,1426,50,290490.9167,136611.5,0.485780701,158904.5714,0.510226062,8.230010194,31.51553769,0.177197174,8.230010194,31.51553769,0.177197174,0.331084451,184956.8125,0.331084451,184956.8125,0.384626723,1008153.5,0.384626723,1008153.5,0.363429467,17015.25,0.363429467,17015.25,0.320302779,240937.3333,0.320302779,240937.3333,0,0,0,0,0,0,0,0,0,0,0,0,0,0,0,0,0,0,0,0,0,0,0,0,0,0,0,0,0,0,0,0,0,0,0,0,0,0,0,0,0,0,0,0,0,0,0,0,0,0,0,0,0,0,0,0,0,0,0,0,0,0,0,0,0,0,0,0,0,0,0,0,0,0,0,0,0,0,0,0,0,0,0,0,0,0,0,0,0,0,0,0,0,0,0
"XH22-17417 1",0,0,"9/25/2022",0,0," ",0,0,0," ",0,0,0," ",0,0,0,0,0,0,0,0,0,0,0,0,0,0,0,0,0,0,0,0,0,0,0,0,0,0,0,0," ",0,0,0,0," ",0,0,0,0,0,0,0,0,0," ",0,0," ",0,0,0," ",0,0,0,0,0,1,79,1,0,155,70,29.1363163371488,1,1,"Stroke (unspecified)",1,1,57.30689857,0,2.4,100,1,0,0,3,3,2,8,7,0,0,56.5655,1,1,1,1,56.5655,0.870653843,60,19,18,0.486486486,1.91079e-07,365440.9737,297201.363,241.7029245,162.0544466,1.81023e-07,151272.1667,34858.18385,192.5152961,22.01955393,8.06557e-06,61332.39214,66364.29301,88.56858721,39.74473566,40561.02099,54952.36688,65.5913191,24.11500316,1.01574e-06,0.511702526,0.069828278,0.494680467,0.072666246,0.290461382,0.020052966,0.141158348,-0.387133499,7.53562e-06,0.709538618,802,101,514119.0385,115758.1538,0.206906576,132351.9091,0.232590802,6.283692241,32.77290407,0.233110429,6.283692241,32.77290407,0.233110429,0.360510671,226370.625,0.360510671,226370.625,0.466203103,1252623.5,0.466203103,1252623.5,0.191162784,31580.5,0.191162784,31580.5,0.384703226,254197.7857,0.384703226,254197.7857,0,0,0,0,0,0,0,0,0,0,0,0,0,0,0,0,0,0,0,0,0,0,0,0,0,0,0,0,0,0,0,0,0,0,0,0,0,0,0,0,0,0,0,0,0,0,0,0,0,0,0,0,0,0,0,0,0,0,0,0,0,0,0,0,0,0,0,0,0,0,0,0,0,0,0,0,0,0,0,0,0,0,0,0,0,0,0,0,0,0,0,0,0,0,0
"XH22-17417 2",0,0,"9/25/2022",0,0," ",0,0,0," ",0,0,0," ",0,0,0,0,0,0,0,0,0,0,0,0,0,0,0,0,0,0,0,0,0,0,0,0,0,0,0,0," ",0,0,0,0," ",0,0,0,0,0,0,0,0,0," ",0,0," ",0,0,0," ",0,0,0,0,0,1,79,1,0,155,70,29.1363163371488,1,1,"Stroke (unspecified)",1,1,57.30689857,0,2.4,100,1,0,0,2,2,2,6,7,0,0,51.34871743,1,1,1,1,51.34871743,3.395585533,43.4782608695652,29,20,0.408163265,8.84778e-08,615039.6379,309824.488,364.5795564,131.4453688,6.10192e-08,127584.125,67076.66194,161.6237435,66.75938527,6.18124e-06,65538.10192,69988.96293,94.78834185,38.5421842,33069.17582,42212.56221,66.20240014,23.16475931,5.55275e-07,0.444417598,0.054417372,0.405107015,0.09370638,0.257475108,0.025608157,0.134328388,-0.305986689,6.6843e-06,0.742524892,2026,182,701467,205938.24,0.315851861,213544.75,0.327016401,7.42938305,40.37729557,0.191829203,7.42938305,40.37729557,0.191829203,0.370667115,165421.05,0.370667115,165421.05,0.39945618,1538756.5,0.39945618,1538756.5,0.348199331,15429.61111,0.348199331,15429.61111,0.389049848,288141.3182,0.389049848,288141.3182,0,0,0,0,0,0,0,0,0,0,0,0,0,0,0,0,0,0,0,0,0,0,0,0,0,0,0,0,0,0,0,0,0,0,0,0,0,0,0,0,0,0,0,0,0,0,0,0,0,0,0,0,0,0,0,0,0,0,0,0,0,0,0,0,0,0,0,0,0,0,0,0,0,0,0,0,0,0,0,0,0,0,0,0,0,0,0,0,0,0,0,0,0,0,0
"XH22-17953 2",0,0,"10/3/2022",0,0," ",0,0,0," ",0,0,0," ",0,0,0,0,0,0,0,0,0,0,0,0,0,0,0,0,0,0,0,0,0,0,0,0,0,0,0,0," ",0,0,0,0," ",0,0,0,0,0,0,0,0,0," ",0,0," ",0,0,0," ",0,0,0,0,0,0,58,1,0,160,52,20.3125,0,0,"Stroke (unspecified)",1,1.2,52.46994022,0,1.36,82,0,0,0,1,3,2,6,6,0,0,69.8621,1,1,1,1,69.8621,2.862054157,11.1111111111111,65,8,0.109589041,1.35715e-07,410354.6923,242114.9265,297.605679,103.4431756,1.67034e-08,113423.625,68376.93901,148.6706194,72.85291299,1.04667e-05,58549.28855,67079.67032,91.62074624,34.65596379,32257.30767,39452.55589,62.54986226,27.36955882,4.17584e-07,0.585156607,0.055691207,0.61282038,0.041388725,0.225576174,0.018882058,0.090876885,-0.57415034,9.51101e-06,0.774423826,5013,200,433252.4918,110395.0164,0.259994467,125116.0392,0.290749053,5.144822187,20.11397403,0.281707167,6.278479651,22.62987883,0.247175783,0.398317283,374975.3333,0.398317283,374975.3333,0.434474516,3614723.5,0.434474516,3614723.5,0.403343367,25700.5,0.403343367,25700.5,0.393919458,680590.8125,0.393919458,680590.8125,0,0,0,0,0,0,0,0,0,0,0,0,0,0,0,0,0,0,0,0,0,0,0,0,0,0,0,0,0,0,0,0,0,0,0,0,0,0,0,0,0,0,0,0,0,0,0,0,0,0,0,0,0,0,0,0,0,0,0,0,0,0,0,0,0,0,0,0,0,0,0,0,0,0,0,0,0,0,0,0,0,0,0,0,0,0,0,0,0,0,0,0,0,0,0
"XH22-20454 1",0,0,"11/7/2022",0,0," ",0,0,0," ",0,0,0," ",0,0,0,0,0,0,0,0,0,0,0,0,0,0,0,0,0,0,0,0,0,0,0,0,0,0,0,0," ",0,0,0,0," ",0,0,0,0,0,0,0,0,0," ",0,0," ",0,0,0," ",0,0,0,0,0,1,74,0,0,170,80,27.681660899654,1,0,"Stroke (unspecified)",1,0.9,89.62182486,0,1.44,87,1,0,0,0,1,2,3,5,0,0,17.03565644,1,0,0,0,17.03565644,0.166147528,0,47,0,0,1.44971e-07,396015.8617,233730.8381,276.5952038,105.1539279,0,0,0,0,0,1.18136e-05,50003.53538,72867.54916,85.58034136,31.84233275,22398.20905,18723.36063,65.28158951,20.68014508,3.17701e-07,0.55889334,0.057410622,0.590719491,0.016023745,0.297532166,0.027800417,0.097187622,-0.611828863,1.26788e-05,0.702467834,3830,103,431315.5349,148852.3488,0.336198163,158235.45,0.340979755,6.284662065,22.34220736,0.315319735,6.284662065,22.34220736,0.315319735,0.500454825,140074.4167,0.500454825,140074.4167,0.443122567,328087.5,0.443122567,328087.5,0.482177261,15837.25,0.482177261,15837.25,0.509593607,202193,0.509593607,202193,0,0,0,0,0,0,0,0,0,0,0,0,0,0,0,0,0,0,0,0,0,0,0,0,0,0,0,0,0,0,0,0,0,0,0,0,0,0,0,0,0,0,0,0,0,0,0,0,0,0,0,0,0,0,0,0,0,0,0,0,0,0,0,0,0,0,0,0,0,0,0,0,0,0,0,0,0,0,0,0,0,0,0,0,0,0,0,0,0,0,0,0,0,0,0
"XH22-20454 2",0,0,"11/7/2022",0,0," ",0,0,0," ",0,0,0," ",0,0,0,0,0,0,0,0,0,0,0,0,0,0,0,0,0,0,0,0,0,0,0,0,0,0,0,0," ",0,0,0,0," ",0,0,0,0,0,0,0,0,0," ",0,0," ",0,0,0," ",0,0,0,0,0,1,74,0,0,170,80,27.681660899654,1,0,"Stroke (unspecified)",1,0.9,89.62182486,0,1.44,87,1,0,0,1,2,2,5,6,0,0,7.263584759,0,0,0,1,0,1.050028075,2.7027027027027,75,1,0.013157895,2.27261e-07,429773.66,228075.441,292.0625693,104.6156885,3.03015e-09,388642,0,316.204048,0,8.03293e-06,64023.96492,72867.21779,91.1550733,36.08670859,33770.25654,36506.19879,68.01982932,23.0869456,2.18171e-07,0.564374585,0.097670923,0.514300004,0.050250197,0.319262148,0.0131883,0.189910407,-0.557572297,8.57548e-06,0.680737852,2651,72,446963.0139,112875.2361,0.255569888,117988.2353,0.263736003,6.641798818,29.97431784,0.226419939,6.641798818,29.97431784,0.226419939,0.521128193,515423.1923,0.521128193,515423.1923,0.605108201,3626780,0.605108201,3626780,0.504736967,20880.75,0.504736967,20880.75,0.528413182,735219.8333,0.528413182,735219.8333,0,0,0,0,0,0,0,0,0,0,0,0,0,0,0,0,0,0,0,0,0,0,0,0,0,0,0,0,0,0,0,0,0,0,0,0,0,0,0,0,0,0,0,0,0,0,0,0,0,0,0,0,0,0,0,0,0,0,0,0,0,0,0,0,0,0,0,0,0,0,0,0,0,0,0,0,0,0,0,0,0,0,0,0,0,0,0,0,0,0,0,0,0,0,0
"XH22-20769 1",0,0,"11/10/2022",0,0," ",0,0,0," ",0,0,0," ",0,0,0,0,0,0,0,0,0,0,0,0,0,0,0,0,0,0,0,0,0,0,0,0,0,0,0,0," ",0,0,0,0," ",0,0,0,0,0,0,0,0,0," ",0,0," ",0,0,0," ",0,0,0,0,0,1,63,0,0,168,82,29.0532879818594,1,0,"Stroke (unspecified)",1,1.5,51.98838981,0,1.39,84,0,0,0,2,3,2,7,7,0,0,17.6441,1,0,0,1,0,5.026763105,20,36,8,0.181818182,9.18056e-08,524364.6667,448341.9017,288.9688759,192.8621842,2.04013e-08,97590.6875,92856.55056,122.2825392,67.48596603,7.59947e-06,57064.19178,78101.53926,84.05561962,43.54914826,33566.9928,54872.22953,63.47250035,34.06250203,4.36077e-07,0.501489068,0.048139631,0.43365741,0.056937065,0.33203461,0.0192448,0.111008437,-0.017043921,7.95441e-06,0.66796539,2980,171,672521.2143,128481.5,0.209403641,144554.375,0.210578634,6.278399339,24.98638917,0.241463527,6.278399339,24.98638917,0.241463527,0.455310864,119614.1154,0.455310864,119614.1154,0.55795058,593515,0.55795058,593515,0.445579527,27790.5,0.445579527,27790.5,0.458230266,147161.2,0.458230266,147161.2,0,0,0,0,0,0,0,0,0,0,0,0,0,0,0,0,0,0,0,0,0,0,0,0,0,0,0,0,0,0,0,0,0,0,0,0,0,0,0,0,0,0,0,0,0,0,0,0,0,0,0,0,0,0,0,0,0,0,0,0,0,0,0,0,0,0,0,0,0,0,0,0,0,0,0,0,0,0,0,0,0,0,0,0,0,0,0,0,0,0,0,0,0,0,0
"XH22-20769 2",0,0,"11/10/2022",0,0," ",0,0,0," ",0,0,0," ",0,0,0,0,0,0,0,0,0,0,0,0,0,0,0,0,0,0,0,0,0,0,0,0,0,0,0,0," ",0,0,0,0," ",0,0,0,0,0,0,0,0,0," ",0,0," ",0,0,0," ",0,0,0,0,0,1,63,0,0,168,82,29.0532879818594,1,0,"Stroke (unspecified)",1,1.5,51.98838981,0,1.39,84,0,0,0,2,3,2,7,7,0,0,52.504,1,1,1,1,52.504,3.342178302,41.6666666666667,47,21,0.308823529,8.72355e-08,453670.2979,484821.7972,245.7895301,223.9762917,3.89776e-08,109661.1905,69673.38917,146.0111635,65.89802464,5.0578e-06,85278.13174,130754.5456,97.36411182,51.34894123,59529.56633,87898.50884,74.65632639,39.40260883,2.70987e-07,0.403275528,0.039576143,0.431319851,0.097838112,0.534578313,0.023169301,0.091755904,-0.206033565,5.25938e-06,0.465421687,2725,146,735262.8393,220789.0357,0.326834573,266004.3478,0.307097576,6.7301315,26.1680914,0.236138971,6.7301315,26.1680914,0.236138971,0.413995576,623226.4643,0.413995576,623226.4643,0.533768326,3769169.5,0.533768326,3769169.5,0.318635185,29725.75,0.318635185,29725.75,0.452139732,860626.75,0.452139732,860626.75,0,0,0,0,0,0,0,0,0,0,0,0,0,0,0,0,0,0,0,0,0,0,0,0,0,0,0,0,0,0,0,0,0,0,0,0,0,0,0,0,0,0,0,0,0,0,0,0,0,0,0,0,0,0,0,0,0,0,0,0,0,0,0,0,0,0,0,0,0,0,0,0,0,0,0,0,0,0,0,0,0,0,0,0,0,0,0,0,0,0,0,0,0,0,0
"XH22-22084 1",0,0,"11/29/2022",0,0," ",0,0,0," ",0,0,0," ",0,0,0,0,0,0,0,0,0,0,0,0,0,0,0,0,0,0,0,0,0,0,0,0,0,0,0,0," ",0,0,0,0," ",0,0,0,0,0,0,0,0,0," ",0,0," ",0,0,0," ",0,0,0,0,0,1,63,0,0,170,90,31.1418685121107,1,1,"Anoxia",5,1.27,63.48211864,0,1.58,92,1,0,0,0,2,2,4,4,0,0,48.2366,1,1,1,1,48.2366,0.254531679,0,37,0,0,1.40561e-07,453556.8514,231476.7795,318.1877416,124.0409436,0,0,0,0,0,7.24081e-06,65205.00236,67736.86694,92.3915952,32.2092509,40746.64441,49414.04557,67.51240358,22.45937662,3.41906e-07,0.470651597,0.063752552,0.472136887,0.02531935,0.380475219,0.019447257,0.135029806,0.063824816,8.18118e-06,0.619524781,1906,90,493555.0735,126740.2941,0.236021898,130108.8788,0.241049202,6.108146739,24.46305762,0.3115697,6.108146739,24.46305762,0.3115697,0.404090258,239689.125,0.404090258,239689.125,0.468640817,2770566,0.468640817,2770566,0.315186678,16475.125,0.315186678,16475.125,0.433724784,314093.7917,0.433724784,314093.7917,0,0,0,0,0,0,0,0,0,0,0,0,0,0,0,0,0,0,0,0,0,0,0,0,0,0,0,0,0,0,0,0,0,0,0,0,0,0,0,0,0,0,0,0,0,0,0,0,0,0,0,0,0,0,0,0,0,0,0,0,0,0,0,0,0,0,0,0,0,0,0,0,0,0,0,0,0,0,0,0,0,0,0,0,0,0,0,0,0,0,0,0,0,0,0
"XH22-22084 2",0,0,"11/29/2022",0,0," ",0,0,0," ",0,0,0," ",0,0,0,0,0,0,0,0,0,0,0,0,0,0,0,0,0,0,0,0,0,0,0,0,0,0,0,0," ",0,0,0,0," ",0,0,0,0,0,0,0,0,0," ",0,0," ",0,0,0," ",0,0,0,0,0,1,63,0,0,170,90,31.1418685121107,1,1,"Anoxia",5,1.27,63.48211864,0,1.58,92,1,0,0,1,2,2,5,5,0,0,47.4039,1,1,1,1,47.4039,1.146220397,5.55555555555556,35,2,0.054054054,1.58209e-07,571061.7286,359621.3497,350.6297872,149.9435447,9.04052e-09,241229,16688.5,262.3829242,8.497123077,9.13544e-06,47479.56927,40059.09847,85.31883828,30.69987905,23331.32985,18733.0707,64.18415123,19.58867138,4.15864e-07,0.440631045,0.090347114,0.433746785,0.039724541,0.442726565,0.038437217,0.208294602,-0.011046312,1.1949e-05,0.557273435,2021,92,644629.2097,172418.8065,0.272979925,172418.8065,0.272979925,6.434053473,21.46986993,0.300345403,6.434053473,21.46986993,0.300345403,0.450305957,77058.76471,0.450305957,77058.76471,0.662959161,509252,0.662959161,509252,0.389580161,22897.91667,0.389580161,22897.91667,0.483429118,106601.0455,0.483429118,106601.0455,0,0,0,0,0,0,0,0,0,0,0,0,0,0,0,0,0,0,0,0,0,0,0,0,0,0,0,0,0,0,0,0,0,0,0,0,0,0,0,0,0,0,0,0,0,0,0,0,0,0,0,0,0,0,0,0,0,0,0,0,0,0,0,0,0,0,0,0,0,0,0,0,0,0,0,0,0,0,0,0,0,0,0,0,0,0,0,0,0,0,0,0,0,0,0
"XH23-01369 1",0,0,"1/19/2023",0,0," ",0,0,0," ",0,0,0," ",0,0,0,0,0,0,0,0,0,0,0,0,0,0,0,0,0,0,0,0,0,0,0,0,0,0,0,0," ",0,0,0,0," ",0,0,0,0,0,0,0,0,0," ",0,0," ",0,0,0," ",0,0,0,0,0,1,71,0,0,170,85,29.4117647058824,1,1,"Stroke (unspecified)",1,1.21,64.01258601,0,1.9,99,1,0,0,1,1,2,4,5,0,0,19.79875754,1,0,0,0,19.79875754,2.136318923,5.26315789473684,114,5,0.042016807,1.66315e-07,328390.1535,166918.1898,270.8439604,95.51396502,7.29453e-09,243031.1,156895.7462,220.961676,73.07214067,1.41032e-05,37947.43069,47221.26398,76.9638599,28.59761175,17327.47805,17243.41861,51.38589169,16.93254769,3.45761e-07,0.431671366,0.054616318,0.535182042,0.014292218,0.283649835,0.031674306,0.10205185,-0.325189449,1.49908e-05,0.716350165,9667,237,349461.5748,190547.9346,0.551350959,195821,0.546457108,8.207976044,33.18514577,0.204404733,8.225749657,33.58479148,0.202286623,0.360553601,57314.57813,0.360553601,57314.57813,0.573400113,356510,0.573400113,356510,0.325940256,20838.85,0.343095006,20838.85,0.41824251,118107.4583,0.41824251,118107.4583,0,0,0,0,0,0,0,0,0,0,0,0,0,0,0,0,0,0,0,0,0,0,0,0,0,0,0,0,0,0,0,0,0,0,0,0,0,0,0,0,0,0,0,0,0,0,0,0,0,0,0,0,0,0,0,0,0,0,0,0,0,0,0,0,0,0,0,0,0,0,0,0,0,0,0,0,0,0,0,0,0,0,0,0,0,0,0,0,0,0,0,0,0,0,0
"XH23-01369 2",0,0,"1/19/2023",0,0," ",0,0,0," ",0,0,0," ",0,0,0,0,0,0,0,0,0,0,0,0,0,0,0,0,0,0,0,0,0,0,0,0,0,0,0,0," ",0,0,0,0," ",0,0,0,0,0,0,0,0,0," ",0,0," ",0,0,0," ",0,0,0,0,0,1,71,0,0,170,85,29.4117647058824,1,1,"Stroke (unspecified)",1,1.21,64.01258601,0,1.9,99,1,0,0,1,3,4,8,8,0,0,57.6766,1,1,1,1,57.6766,18.07315014,11.2903225806452,117,14,0.106870229,1.64385e-07,266735.9744,144830.6563,243.6088294,80.37914293,1.967e-08,144975.1071,65783.01752,190.122569,48.10904466,1.11374e-05,34106.22707,32820.25945,70.99324771,24.87188377,14355.81503,17903.45284,47.59520353,18.61964284,5.6762e-07,0.406406138,0.043847364,0.379855637,0.062292547,0.229612102,0.044744648,0.115431654,0.22888364,1.26546e-05,0.770387898,7927,404,273571.3991,132401.3158,0.469647063,144838.402,0.473919847,7.784831727,41.83285656,0.101050807,7.780452445,41.67791596,0.101765091,0.346429658,398524.4219,0.346429658,398524.4219,0.487505174,9642421.5,0.487505174,9642421.5,0.30733698,17789.18421,0.30733698,17789.18421,0.403565109,954983.6154,0.403565109,954983.6154,0,0,0,0,0,0,0,0,0,0,0,0,0,0,0,0,0,0,0,0,0,0,0,0,0,0,0,0,0,0,0,0,0,0,0,0,0,0,0,0,0,0,0,0,0,0,0,0,0,0,0,0,0,0,0,0,0,0,0,0,0,0,0,0,0,0,0,0,0,0,0,0,0,0,0,0,0,0,0,0,0,0,0,0,0,0,0,0,0,0,0,0,0,0,0
"XH23-03908 1",0,0,"2/20/2023",0,0," ",0,0,0," ",0,0,0," ",0,0,0,0,0,0,0,0,0,0,0,0,0,0,0,0,0,0,0,0,0,0,0,0,0,0,0,0," ",0,0,0,0," ",0,0,0,0,0,0,0,0,0," ",0,0," ",0,0,0," ",0,0,0,0,0,1,65,0,0,185,97,28.3418553688824,1,1,"Stroke (unspecified)",1,0.87,95.75672287,0,1.48,89,1,0,0,1,1,2,4,6,0,0,17.02907057,1,0,0,0,17.02907057,6.160294484,9.09090909090909,23,3,0.115384615,8.80215e-08,706367.4783,456155.1104,373.1603968,186.909804,1.14811e-08,218686,32948.30576,219.5695397,16.5997154,6.54421e-06,60539.85263,59944.70128,87.68625676,33.32963876,289438.5,0,144.4991349,0,2.75546e-07,0.534862951,0.062175537,0.396185412,0.018437637,4.418874665,0,0.156935452,0.20007836,6.64587e-06,-3.418874665,1710,72,850760.9737,212343.9474,0.25460639,212343.9474,0.25460639,6.380185934,37.5220404,0.198604157,6.380185934,37.5220404,0.198604157,0.400547007,220534,0.400547007,220534,0.586977546,628687,0.586977546,628687,0.307331738,16457.5,0.307331738,16457.5,0.586977546,628687,0.586977546,628687,0,0,0,0,0,0,0,0,0,0,0,0,0,0,0,0,0,0,0,0,0,0,0,0,0,0,0,0,0,0,0,0,0,0,0,0,0,0,0,0,0,0,0,0,0,0,0,0,0,0,0,0,0,0,0,0,0,0,0,0,0,0,0,0,0,0,0,0,0,0,0,0,0,0,0,0,0,0,0,0,0,0,0,0,0,0,0,0,0,0,0,0,0,0,0
"XH23-03908 2",0,0,"2/20/2023",0,0," ",0,0,0," ",0,0,0," ",0,0,0,0,0,0,0,0,0,0,0,0,0,0,0,0,0,0,0,0,0,0,0,0,0,0,0,0," ",0,0,0,0," ",0,0,0,0,0,0,0,0,0," ",0,0," ",0,0,0," ",0,0,0,0,0,1,65,0,0,185,97,28.3418553688824,1,1,"Stroke (unspecified)",1,0.87,95.75672287,0,1.48,89,1,0,0,1,1,4,6,6,0,0,6.04483779,0,0,0,0,0,7.652406704,13.3333333333333,28,4,0.125,1.54452e-07,730596.375,556511.2385,370.9523984,186.835289,2.20645e-08,331953,62579.06917,294.757972,28.51294327,5.11345e-06,65893.63916,64142.59233,91.73384207,36.69979906,33393.78571,22333.5847,71.89135684,24.04587784,2.31677e-07,0.439479901,0.112841749,0.336943817,0.075035207,0.113329094,0.040793946,0.334897817,0.219117985,5.26863e-06,0.886670906,927,42,786195.1346,155435.0385,0.210280396,173941.7391,0.199556013,5.793141015,39.22826548,0.200083436,5.793141015,39.22826548,0.200083436,0.378583217,729558.5,0.378583217,729558.5,0,5725178,0,5725178,0.273649795,33664.33333,0.273649795,33664.33333,0.441543271,1077505.583,0.441543271,1077505.583,0,0,0,0,0,0,0,0,0,0,0,0,0,0,0,0,0,0,0,0,0,0,0,0,0,0,0,0,0,0,0,0,0,0,0,0,0,0,0,0,0,0,0,0,0,0,0,0,0,0,0,0,0,0,0,0,0,0,0,0,0,0,0,0,0,0,0,0,0,0,0,0,0,0,0,0,0,0,0,0,0,0,0,0,0,0,0,0,0,0,0,0,0,0,0
"XH23-06547 1",0,0,"3/25/2023",0,0," ",0,0,0," ",0,0,0," ",0,0,0,0,0,0,0,0,0,0,0,0,0,0,0,0,0,0,0,0,0,0,0,0,0,0,0,0," ",0,0,0,0," ",0,0,0,0,0,0,0,0,0," ",0,0," ",0,0,0," ",0,0,0,0,0,1,75,0,0,178,71,22.4087867693473,0,0,"Stroke (unspecified)",1,0.77,93.36278839,0,1.3,78,0,0,0,1,2,2,5,4,0,0,9.239862765,0,0,0,1,0,6.691247928,4.08163265306122,99,4,0.038834951,2.12643e-07,340062.1263,172382.6628,281.8787575,87.77394287,8.59163e-09,102405.625,11840.69219,156.7940766,11.17441484,8.51645e-06,52529.92585,77151.04571,78.3703725,34.55972731,65147.725,104107.2117,69.80079367,24.04430014,3.50109e-07,0.39452363,0.072311741,0.447368433,0.010996871,0.662302754,0.000570386,0.161638005,0.107111144,8.80662e-06,0.337697246,3965,163,359931.9946,88363.68817,0.260774135,93107.70115,0.27096316,5.104672849,28.34219941,0.303363103,5.104672849,28.34219941,0.303363103,0.417827622,84182.88889,0.417827622,84182.88889,0.782378778,1050139,0.782378778,1050139,0.379558447,17283.26923,0.379558447,17283.26923,0.517327477,258121.9,0.517327477,258121.9,0,0,0,0,0,0,0,0,0,0,0,0,0,0,0,0,0,0,0,0,0,0,0,0,0,0,0,0,0,0,0,0,0,0,0,0,0,0,0,0,0,0,0,0,0,0,0,0,0,0,0,0,0,0,0,0,0,0,0,0,0,0,0,0,0,0,0,0,0,0,0,0,0,0,0,0,0,0,0,0,0,0,0,0,0,0,0,0,0,0,0,0,0,0,0
"XH23-06547 2",0,0,"3/25/2023",0,0," ",0,0,0," ",0,0,0," ",0,0,0,0,0,0,0,0,0,0,0,0,0,0,0,0,0,0,0,0,0,0,0,0,0,0,0,0," ",0,0,0,0," ",0,0,0,0,0,0,0,0,0," ",0,0," ",0,0,0," ",0,0,0,0,0,1,75,0,0,178,71,22.4087867693473,0,0,"Stroke (unspecified)",1,0.77,93.36278839,0,1.3,78,0,0,0,2,1,2,5,5,0,0,15.0296,1,0,0,0,0,0.407566939,20,8,2,0.2,8.63015e-08,356061.8125,200179.1414,276.4702683,140.7806477,2.15754e-08,109600,14351.5,154.5873099,13.10586232,8.59779e-06,45636.05772,54957.97874,72.85274373,27.08839916,48495.26908,76675.75733,62.25457507,23.27218556,5.50172e-07,0.560113815,0.030728669,0.392369103,0.059370551,0.288872441,0.008745239,0.07831572,-0.230978549,6.43327e-06,0.711127559,797,51,469906.5833,104387,0.220966403,104387,0.220966403,4.823903372,26.29480011,0.281064277,4.823903372,26.29480011,0.281064277,0.516619009,36256.5,0.516619009,36256.5,0.516619009,36256.5,0.516619009,36256.5,0,0,0,0,0.516619009,36256.5,0.516619009,36256.5,0,0,0,0,0,0,0,0,0,0,0,0,0,0,0,0,0,0,0,0,0,0,0,0,0,0,0,0,0,0,0,0,0,0,0,0,0,0,0,0,0,0,0,0,0,0,0,0,0,0,0,0,0,0,0,0,0,0,0,0,0,0,0,0,0,0,0,0,0,0,0,0,0,0,0,0,0,0,0,0,0,0,0,0,0,0,0,0,0,0,0,0,0,0,0
"XH23-08067 1",0,0,"4/14/2023",0,0," ",0,0,0," ",0,0,0," ",0,0,0,0,0,0,0,0,0,0,0,0,0,0,0,0,0,0,0,0,0,0,0,0,0,0,0,0," ",0,0,0,0," ",0,0,0,0,0,0,0,0,0," ",0,0," ",0,0,0," ",0,0,0,0,0,1,75,0,0,163,85,31.9921713274869,0,0,"Stroke (unspecified)",1,0.82,91.60564343,0,1.34,81,0,0,0,1,2,2,5,6,0,0,72.70575552,1,1,1,1,0,0.230228658,12.5,22,2,0.083333333,6.76082e-07,262881.5,242223.479,204.2278054,147.6753314,6.1462e-08,125060.25,14483.75,170.0983659,13.74939723,5.80201e-05,59751.83686,71406.5021,90.01236057,37.50437895,35748.38806,45632.968,64.03490782,21.26620054,5.83889e-06,0.615590254,0.177729325,3.466806771,0.295254235,0.262471667,0.019070656,0.051266002,-3.16374593,9.66393e-06,0.737528333,1888,190,435231.1667,45611,0.104820347,61554.66667,0.150083358,4.464380627,19.95635565,0.318769296,4.464380627,19.95635565,0.318769296,0.686509898,345966.9091,0.686509898,345966.9091,0.887077292,3052643,0.887077292,3052643,0.563820297,23968.41667,0.563820297,23968.41667,0.833737419,732365.1,0.833737419,732365.1,0,0,0,0,0,0,0,0,0,0,0,0,0,0,0,0,0,0,0,0,0,0,0,0,0,0,0,0,0,0,0,0,0,0,0,0,0,0,0,0,0,0,0,0,0,0,0,0,0,0,0,0,0,0,0,0,0,0,0,0,0,0,0,0,0,0,0,0,0,0,0,0,0,0,0,0,0,0,0,0,0,0,0,0,0,0,0,0,0,0,0,0,0,0,0
"XH23-08067 2",0,0,"4/14/2023",0,0," ",0,0,0," ",0,0,0," ",0,0,0,0,0,0,0,0,0,0,0,0,0,0,0,0,0,0,0,0,0,0,0,0,0,0,0,0," ",0,0,0,0," ",0,0,0,0,0,0,0,0,0," ",0,0," ",0,0,0," ",0,0,0,0,0,1,75,0,0,163,85,31.9921713274869,0,0,"Stroke (unspecified)",1,0.82,91.60564343,0,1.34,81,0,0,0,1,1,2,4,5,0,0,22.7832,1,1,0,0,22.7832,0.747777586,9.52380952380952,41,4,0.088888889,8.31596e-08,470457.6585,253882.9223,323.0468506,128.2503293,8.11313e-09,111087.375,27942.64513,164.6697773,13.35531549,8.2186e-06,65807.39956,82015.18704,93.28154591,40.15822769,34566.9783,38353.06879,67.32196222,21.24240524,3.79289e-07,0.469465016,0.03912308,0.540844984,0.014682861,0.421210568,0.020656681,0.072336957,-0.162975156,8.85863e-06,0.578789432,4052,187,530187.125,107599.3889,0.202710965,112904.8529,0.210564912,5.159734927,25.57409206,0.264382168,5.159734927,25.57409206,0.264382168,0.469150887,77606.65789,0.469150887,77606.65789,0.541699592,206636.5,0.541699592,206636.5,0.481687718,20507.3125,0.481687718,20507.3125,0.460033192,119133.4545,0.460033192,119133.4545,0,0,0,0,0,0,0,0,0,0,0,0,0,0,0,0,0,0,0,0,0,0,0,0,0,0,0,0,0,0,0,0,0,0,0,0,0,0,0,0,0,0,0,0,0,0,0,0,0,0,0,0,0,0,0,0,0,0,0,0,0,0,0,0,0,0,0,0,0,0,0,0,0,0,0,0,0,0,0,0,0,0,0,0,0,0,0,0,0,0,0,0,0,0,0
"XH23-11571 1",0,0,"6/1/2023",0,0," ",0,0,0," ",0,0,0," ",0,0,0,0,0,0,0,0,0,0,0,0,0,0,0,0,0,0,0,0,0,0,0,0,0,0,0,0," ",0,0,0,0," ",0,0,0,0,0,0,0,0,0," ",0,0," ",0,0,0," ",0,0,0,0,0,1,53,0,0,175,95,31.0204081632653,1,1,"Stroke (unspecified)",1,1.32,64.49666163,0,1.42,86,1,0,0,1,2,2,5,5,0,0,17.0366,1,0,0,1,0,0.451084057,9.67741935483871,68,9,0.116883117,1.18648e-07,466075.4779,281774.1159,307.9989407,131.8031269,1.57034e-08,126639.7222,178641.0749,128.1341286,117.1825764,6.78734e-06,65467.04794,154509.0755,91.51607543,36.36789622,21795.26925,18981.43461,60.08057792,17.2458275,3.26281e-07,0.451814492,0.055298738,0.444347166,0.01997021,0.292678126,0.027651758,0.1244494,-0.166785327,9.60525e-06,0.707321874,3890,187,472999.5597,236088.6418,0.50684941,277732.3519,0.498536997,8.044034928,38.61978092,0.204708191,8.044034928,38.61978092,0.204708191,0.417443065,132378.6,0.417443065,132378.6,0.550042715,960654.5,0.550042715,960654.5,0.451927363,24650.08333,0.451927363,24650.08333,0.406553287,166398.1316,0.406553287,166398.1316,0,0,0,0,0,0,0,0,0,0,0,0,0,0,0,0,0,0,0,0,0,0,0,0,0,0,0,0,0,0,0,0,0,0,0,0,0,0,0,0,0,0,0,0,0,0,0,0,0,0,0,0,0,0,0,0,0,0,0,0,0,0,0,0,0,0,0,0,0,0,0,0,0,0,0,0,0,0,0,0,0,0,0,0,0,0,0,0,0,0,0,0,0,0,0
"XH23-12347 1",0,0,"6/13/2023",0,0," ",0,0,0," ",0,0,0," ",0,0,0,0,0,0,0,0,0,0,0,0,0,0,0,0,0,0,0,0,0,0,0,0,0,0,0,0," ",0,0,0,0," ",0,0,0,0,0,0,0,0,0," ",0,0," ",0,0,0," ",0,0,0,0,0,1,61,1,0,155,70,29.1363163371488,0,1,"Anoxia",5,0.7,98.33483511,0,1.41,85,0,0,0,0,1,2,3,3,0,0,14.58939577,0,0,0,0,14.58939577,0.509804385,0,22,0,0,1.65632e-07,271534.0455,248661.8454,216.5571202,150.4425745,0,0,0,0,0,1.2174e-05,56291.01701,57709.74171,84.49087856,29.20648409,33642.2056,39852.50309,63.97062643,21.43418017,2.63506e-07,0.613651832,0.044974763,0.685284686,0.04455184,0.27949156,0.004755633,0.065629313,0.189301863,9.67021e-06,0.72050844,1617,35,386036.4,91573.93333,0.230135553,111121.25,0.261712194,5.871165851,25.66620445,0.413770909,5.871165851,25.66620445,0.413770909,0.492687509,62068.07143,0.492687509,62068.07143,0.656442028,305698,0.656442028,305698,0.465395089,21463.08333,0.465395089,21463.08333,0.656442028,305698,0.656442028,305698,0,0,0,0,0,0,0,0,0,0,0,0,0,0,0,0,0,0,0,0,0,0,0,0,0,0,0,0,0,0,0,0,0,0,0,0,0,0,0,0,0,0,0,0,0,0,0,0,0,0,0,0,0,0,0,0,0,0,0,0,0,0,0,0,0,0,0,0,0,0,0,0,0,0,0,0,0,0,0,0,0,0,0,0,0,0,0,0,0,0,0,0,0,0,0
"XH23-12347 2",0,0,"6/13/2023",0,0," ",0,0,0," ",0,0,0," ",0,0,0,0,0,0,0,0,0,0,0,0,0,0,0,0,0,0,0,0,0,0,0,0,0,0,0,0," ",0,0,0,0," ",0,0,0,0,0,0,0,0,0," ",0,0," ",0,0,0," ",0,0,0,0,0,1,61,1,0,155,70,29.1363163371488,0,1,"Anoxia",5,0.7,98.33483511,0,1.41,85,0,0,0,1,1,2,4,4,0,0,20.9259,1,1,0,0,20.9259,0.017477459,6.45161290322581,58,4,0.064516129,1.82242e-07,396750.2241,161442.1452,302.520465,90.13126053,1.25684e-08,164424.375,21949.88983,199.3679965,17.30323633,1.19054e-05,39051.21536,36520.54121,75.30823664,24.56938035,52651.48364,59237.10459,76.04290691,23.32309933,3.17353e-07,0.544539733,0.072304658,0.464922177,0.031058356,0.808015479,0,0.155519917,0.18595636,1.22365e-05,0.191984521,3789,101,424498.8704,121340.6111,0.28292203,125489.6346,0.283432532,6.37730642,22.46840561,0.391384206,6.37730642,22.46840561,0.391384206,0.560779711,62696.67742,0.560779711,62696.67742,0.714162867,266099,0.714162867,266099,0.506859087,16080.83333,0.506859087,16080.83333,0.635439036,127241.6923,0.635439036,127241.6923,0,0,0,0,0,0,0,0,0,0,0,0,0,0,0,0,0,0,0,0,0,0,0,0,0,0,0,0,0,0,0,0,0,0,0,0,0,0,0,0,0,0,0,0,0,0,0,0,0,0,0,0,0,0,0,0,0,0,0,0,0,0,0,0,0,0,0,0,0,0,0,0,0,0,0,0,0,0,0,0,0,0,0,0,0,0,0,0,0,0,0,0,0,0,0
"XH23-12632 1",0,0,"6/16/2023",0,0," ",0,0,0," ",0,0,0," ",0,0,0,0,0,0,0,0,0,0,0,0,0,0,0,0,0,0,0,0,0,0,0,0,0,0,0,0," ",0,0,0,0," ",0,0,0,0,0,0,0,0,0," ",0,0," ",0,0,0," ",0,0,0,0,0,1,61,1,0,147,68,31.4683696607895,0,0,"Stroke (unspecified)",1,1.3,46.78353336,0,1.41,85,0,0,0,2,3,2,7,6,0,0,60.2699,1,1,1,1,60.2699,2.08951954,22.2222222222222,64,19,0.228915663,1.46867e-07,455436.5156,233574.7835,321.2149089,104.6320837,4.36011e-08,113471.5526,53899.45731,158.4731357,56.83958958,1.3335e-05,38883.38358,39970.94012,79.26720195,30.87209959,26489.75,23060.79672,74.02125253,39.60245162,2.7308e-07,0.410871427,0.066888469,0.518511456,0.034673286,0.152764412,0,0.129000947,0.147765436,1.35132e-05,0.847235588,5811,119,462056.6694,114941.4355,0.262419429,130785.7736,0.265509819,6.057196543,26.0637269,0.273751482,6.057196543,26.0637269,0.273751482,0.406337061,226413.9286,0.406337061,226413.9286,0.587280787,1482578,0.587280787,1482578,0.353115512,17415.27273,0.353115512,17415.27273,0.464880765,456312.45,0.464880765,456312.45,0,0,0,0,0,0,0,0,0,0,0,0,0,0,0,0,0,0,0,0,0,0,0,0,0,0,0,0,0,0,0,0,0,0,0,0,0,0,0,0,0,0,0,0,0,0,0,0,0,0,0,0,0,0,0,0,0,0,0,0,0,0,0,0,0,0,0,0,0,0,0,0,0,0,0,0,0,0,0,0,0,0,0,0,0,0,0,0,0,0,0,0,0,0,0
"XH23-12632 2",0,0,"6/16/2023",0,0," ",0,0,0," ",0,0,0," ",0,0,0,0,0,0,0,0,0,0,0,0,0,0,0,0,0,0,0,0,0,0,0,0,0,0,0,0," ",0,0,0,0," ",0,0,0,0,0,0,0,0,0," ",0,0," ",0,0,0," ",0,0,0,0,0,1,61,1,0,147,68,31.4683696607895,0,0,"Stroke (unspecified)",1,1.3,46.78353336,0,1.41,85,0,0,0,2,2,2,6,6,0,0,87.3794,1,1,1,1,87.3794,4.366567885,27.5862068965517,88,32,0.266666667,1.40554e-07,499388.3409,251449.3502,330.8566562,123.2779024,5.11106e-08,147994.0625,61142.07968,191.8109185,47.16437004,9.19192e-06,45103.89096,49309.56604,80.95785873,36.66137697,18477.975,11058.0063,57.57674573,17.45475152,2.37984e-07,0.33830919,0.070191111,0.414591488,0.021572089,0.192822975,0.001436939,0.169301862,0.306212562,9.3868e-06,0.807177025,5755,149,535860.6159,166013.7805,0.325700893,177023.1842,0.328598493,6.851483625,28.42518912,0.265134185,6.851483625,28.42518912,0.265134185,0.379596349,101116.1897,0.379596349,101116.1897,0.225720112,542253,0.225720112,542253,0.348352446,18254.54167,0.348352446,18254.54167,0.40165087,159606.7647,0.40165087,159606.7647,0,0,0,0,0,0,0,0,0,0,0,0,0,0,0,0,0,0,0,0,0,0,0,0,0,0,0,0,0,0,0,0,0,0,0,0,0,0,0,0,0,0,0,0,0,0,0,0,0,0,0,0,0,0,0,0,0,0,0,0,0,0,0,0,0,0,0,0,0,0,0,0,0,0,0,0,0,0,0,0,0,0,0,0,0,0,0,0,0,0,0,0,0,0,0
"XH23-16567 1",0,0,"8/18/2023",0,0," ",0,0,0," ",0,0,0," ",0,0,0,0,0,0,0,0,0,0,0,0,0,0,0,0,0,0,0,0,0,0,0,0,0,0,0,0," ",0,0,0,0," ",0,0,0,0,0,0,0,0,0," ",0,0," ",0,0,0," ",0,0,0,0,0,1,70,1,0,165,70,25.7116620752984,1,1,"Stroke (unspecified)",1,0.7,92.98188056,0,1.85,98,1,0,0,0,3,0,3,3,0,0,60.365,1,1,1,1,60.365,0.06359926,0,7,0,0,8.1991e-08,272579.2857,108108.1704,255.5049008,51.96663702,0,0,0,0,0,7.01609e-06,44407.68447,42919.17187,79.93325896,28.42856475,24204.85166,23928.88179,60.67355644,17.46007264,5.73937e-07,0.340670408,0.022349052,0.311568231,0.11365202,0.363419797,0.00852496,0.071730844,-0.346700455,9.87078e-06,0.636580203,599,49,272579.2857,133322.5714,0.479604352,133322.5714,0.479604352,8.462024239,43.42140223,0.165689885,8.462024239,43.42140223,0.165689885,0.406634002,128707.8636,0.406634002,128707.8636,0.413086721,1123581,0.413086721,1123581,0.369167575,18079.8125,0.369167575,18079.8125,0.506544474,423716,0.506544474,423716,0,0,0,0,0,0,0,0,0,0,0,0,0,0,0,0,0,0,0,0,0,0,0,0,0,0,0,0,0,0,0,0,0,0,0,0,0,0,0,0,0,0,0,0,0,0,0,0,0,0,0,0,0,0,0,0,0,0,0,0,0,0,0,0,0,0,0,0,0,0,0,0,0,0,0,0,0,0,0,0,0,0,0,0,0,0,0,0,0,0,0,0,0,0,0
"XH23-18901 1",0,0,"9/22/2023",0,0," ",0,0,0," ",0,0,0," ",0,0,0,0,0,0,0,0,0,0,0,0,0,0,0,0,0,0,0,0,0,0,0,0,0,0,0,0," ",0,0,0,0," ",0,0,0,0,0,0,0,0,0," ",0,0," ",0,0,0," ",0,0,0,0,0,1,72,1,0,158,64,25.6369171607114,0,1,"Stroke (unspecified)",1,0.7,91.83247947,0,1.85,98,1,0,0,1,2,2,5,4,0,0,32.1325,1,1,1,1,32.1325,7.904796692,8.33333333333333,22,2,0.083333333,2.80644e-07,393604.6591,159006.0975,295.6680477,80.50294252,2.55131e-08,150643.25,14907.75,200.7967302,8.583307102,1.7604e-05,42184.50145,43494.53093,76.94961241,31.99298912,17641.0483,22046.7507,56.71345772,21.10000146,8.16418e-07,0.594682207,0.110462677,0.74261661,0.049000611,0.238997855,0.026433113,0.148747921,-0.219680469,1.43606e-05,0.761002145,1380,64,412168.5714,116899.0476,0.299802444,116899.0476,0.299802444,6.399449867,31.12420321,0.288048341,6.399449867,31.12420321,0.288048341,0.394510236,90130.04167,0.394510236,90130.04167,0.608651669,463913.5,0.608651669,463913.5,0.32829503,17871.5625,0.32829503,17871.5625,0.526940648,234647,0.526940648,234647,0,0,0,0,0,0,0,0,0,0,0,0,0,0,0,0,0,0,0,0,0,0,0,0,0,0,0,0,0,0,0,0,0,0,0,0,0,0,0,0,0,0,0,0,0,0,0,0,0,0,0,0,0,0,0,0,0,0,0,0,0,0,0,0,0,0,0,0,0,0,0,0,0,0,0,0,0,0,0,0,0,0,0,0,0,0,0,0,0,0,0,0,0,0,0
"XH23-18901 2",0,0,"9/22/2023",0,0," ",0,0,0," ",0,0,0," ",0,0,0,0,0,0,0,0,0,0,0,0,0,0,0,0,0,0,0,0,0,0,0,0,0,0,0,0," ",0,0,0,0," ",0,0,0,0,0,0,0,0,0," ",0,0," ",0,0,0," ",0,0,0,0,0,1,72,1,0,158,64,25.6369171607114,0,1,"Stroke (unspecified)",1,0.7,91.83247947,0,1.85,98,1,0,0,1,3,2,6,4,0,0,67.96611582,1,1,1,1,67.96611582,0.666485861,4.34782608695652,43,4,0.085106383,1.55193e-07,434719.1512,193538.5356,326.164067,84.25239749,1.44365e-08,69893.125,69361.9567,105.0440097,91.80961841,1.12749e-05,46280.62276,44201.28303,82.63123805,30.30086663,28074.6815,31112.53937,62.3172128,18.88858415,4.54751e-07,0.415729532,0.06746532,0.521811412,0.052852731,0.527476938,0.009487906,0.129290617,-0.280821191,1.38806e-05,0.472523062,3124,126,434719.1512,103303,0.235305982,103303,0.235305982,6.396907539,29.75909848,0.302529256,6.396907539,29.75909848,0.302529256,0.326146249,76761.2381,0.326146249,76761.2381,0.500876686,1024190.5,0.500876686,1024190.5,0.28501519,17067.1875,0.28501519,17067.1875,0.457765638,267782.2,0.457765638,267782.2,0,0,0,0,0,0,0,0,0,0,0,0,0,0,0,0,0,0,0,0,0,0,0,0,0,0,0,0,0,0,0,0,0,0,0,0,0,0,0,0,0,0,0,0,0,0,0,0,0,0,0,0,0,0,0,0,0,0,0,0,0,0,0,0,0,0,0,0,0,0,0,0,0,0,0,0,0,0,0,0,0,0,0,0,0,0,0,0,0,0,0,0,0,0,0
"XH23-19921 1",0,0,"10/5/2023",0,0," ",0,0,0," ",0,0,0," ",0,0,0,0,0,0,0,0,0,0,0,0,0,0,0,0,0,0,0,0,0,0,0,0,0,0,0,0," ",0,0,0,0," ",0,0,0,0,0,0,0,0,0," ",0,0," ",0,0,0," ",0,0,0,0,0,1,73,0,0,160,74,28.90625,1,1,"Stroke (unspecified)",1,0.81,93.09654258,0,1.99,99,1,0,0,1,1,2,4,5,0,0,25.032117,1,1,1,1,25.032117,0.656826638,11.7647058823529,30,4,0.117647059,1.56917e-07,367932.6,159984.0562,291.7202679,85.24329071,2.09223e-08,82464.375,50498.69092,124.0216005,59.18946373,9.69748e-06,47872.9617,46637.24503,82.36937602,27.64442363,19551.25912,23920.57719,52.9898097,17.19473777,5.70132e-07,0.461777198,0.057734917,0.464246936,0.044764345,0.238486741,0.037134828,0.124362515,-0.278806969,1.15864e-05,0.761513259,1854,109,380609.2931,145605.8966,0.371445889,145605.8966,0.371445889,7.228346728,24.76551668,0.31708674,7.228346728,24.76551668,0.31708674,0.40656413,38793.1,0.40656413,38793.1,0.637450543,189312,0.637450543,189312,0.370470964,17884.22727,0.370470964,17884.22727,0.505820335,96292.5,0.505820335,96292.5,0,0,0,0,0,0,0,0,0,0,0,0,0,0,0,0,0,0,0,0,0,0,0,0,0,0,0,0,0,0,0,0,0,0,0,0,0,0,0,0,0,0,0,0,0,0,0,0,0,0,0,0,0,0,0,0,0,0,0,0,0,0,0,0,0,0,0,0,0,0,0,0,0,0,0,0,0,0,0,0,0,0,0,0,0,0,0,0,0,0,0,0,0,0,0
"XH23-19921 2",0,0,"10/5/2023",0,0," ",0,0,0," ",0,0,0," ",0,0,0,0,0,0,0,0,0,0,0,0,0,0,0,0,0,0,0,0,0,0,0,0,0,0,0,0," ",0,0,0,0," ",0,0,0,0,0,0,0,0,0," ",0,0," ",0,0,0," ",0,0,0,0,0,1,73,0,0,160,74,28.90625,1,1,"Stroke (unspecified)",1,0.81,93.09654258,0,1.99,99,1,0,0,1,1,2,4,4,0,0,4.234388793,0,0,0,0,0,0.431090532,6.25,32,2,0.058823529,8.09065e-08,346775.5,189076.0912,275.4480524,111.8098069,5.05666e-09,130545.5,30072.5,172.3716196,35.31323785,9.23093e-06,47030.08231,47073.11308,82.87749524,30.08061469,29701.76649,30687.40284,64.11864768,20.13500529,5.99214e-07,0.433699974,0.028056402,0.434131361,0.080422922,0.430726369,0.041182858,0.064626526,-0.084090367,1.12716e-05,0.569273631,3651,237,382634.1207,123005.931,0.304252429,131127,0.314572982,6.74221274,30.78891712,0.22988476,6.74221274,30.78891712,0.22988476,0.440443624,44068.60526,0.440443624,44068.60526,0.66929523,194501,0.66929523,194501,0.407219109,20434.20833,0.407219109,20434.20833,0.497399936,84584.71429,0.497399936,84584.71429,0,0,0,0,0,0,0,0,0,0,0,0,0,0,0,0,0,0,0,0,0,0,0,0,0,0,0,0,0,0,0,0,0,0,0,0,0,0,0,0,0,0,0,0,0,0,0,0,0,0,0,0,0,0,0,0,0,0,0,0,0,0,0,0,0,0,0,0,0,0,0,0,0,0,0,0,0,0,0,0,0,0,0,0,0,0,0,0,0,0,0,0,0,0,0
"XH23-24126 1",0,0,"12/4/2023",0,0," ",0,0,0," ",0,0,0," ",0,0,0,0,0,0,0,0,0,0,0,0,0,0,0,0,0,0,0,0,0,0,0,0,0,0,0,0," ",0,0,0,0," ",0,0,0,0,0,0,0,0,0," ",0,0," ",0,0,0," ",0,0,0,0,0,1,65,1,0,155,93,38.7096774193548,0,0,"Stroke (unspecified)",1,2.9,17.42382153,0,1.37,83,0,0,0,1,2,2,5,4,0,0,83.32773607,1,1,1,1,0,0.037309453,11.1111111111111,19,1,0.05,1.04634e-07,440136.4211,290545.6038,290.9619261,101.2690512,5.50705e-09,31035,0,70.80254233,0,8.61853e-06,79918.12748,160245.7458,91.78489075,47.13179431,27058.50339,32005.9064,63.81585455,32.67786066,2.91873e-07,0.552679182,0.046053179,0.688776538,0.032767978,0.264366707,0.017886615,0.066862293,-0.70156986,9.07556e-06,0.735633293,1565,53,463345.8056,99080.11111,0.210054113,113789.0667,0.230666898,6.615542804,21.21966223,0.305204185,6.615542804,21.21966223,0.305204185,0.495057983,104013.5,0.495057983,104013.5,0.27004885,498092.5,0.27004885,498092.5,0.46445765,23192.5,0.46445765,23192.5,0.501858057,121973.7222,0.501858057,121973.7222,0,0,0,0,0,0,0,0,0,0,0,0,0,0,0,0,0,0,0,0,0,0,0,0,0,0,0,0,0,0,0,0,0,0,0,0,0,0,0,0,0,0,0,0,0,0,0,0,0,0,0,0,0,0,0,0,0,0,0,0,0,0,0,0,0,0,0,0,0,0,0,0,0,0,0,0,0,0,0,0,0,0,0,0,0,0,0,0,0,0,0,0,0,0,0
"XH23-24126 2",0,0,"12/4/2023",0,0," ",0,0,0," ",0,0,0," ",0,0,0,0,0,0,0,0,0,0,0,0,0,0,0,0,0,0,0,0,0,0,0,0,0,0,0,0," ",0,0,0,0," ",0,0,0,0,0,0,0,0,0," ",0,0," ",0,0,0," ",0,0,0,0,0,1,65,1,0,155,93,38.7096774193548,0,0,"Stroke (unspecified)",1,2.9,17.42382153,0,1.37,83,0,0,0,2,1,2,5,7,0,0,23.028,1,1,0,0,23.028,6.987012643,21.7391304347826,36,10,0.217391304,1.47507e-07,486974.1944,266873.0324,332.8313945,118.6340618,4.09741e-08,143747.2,43302.6151,187.5361636,31.73148842,1.03378e-05,48607.96651,63941.1605,80.14919851,42.38727506,21812.99871,28353.424,58.30044753,29.06792762,5.16274e-07,0.514415014,0.071832005,0.502497889,0.061445742,0.349190469,0.030130499,0.142949864,-0.319981865,1.14347e-05,0.650809531,2523,126,510515.2059,128314.2353,0.265944488,135340.6563,0.267635996,6.433991032,26.88989991,0.262247664,6.433991032,26.88989991,0.262247664,0.44242296,66239.23913,0.44242296,66239.23913,0.586062208,487442.5,0.586062208,487442.5,0.392693299,17310.85,0.392693299,17310.85,0.480676545,103876.4615,0.480676545,103876.4615,0,0,0,0,0,0,0,0,0,0,0,0,0,0,0,0,0,0,0,0,0,0,0,0,0,0,0,0,0,0,0,0,0,0,0,0,0,0,0,0,0,0,0,0,0,0,0,0,0,0,0,0,0,0,0,0,0,0,0,0,0,0,0,0,0,0,0,0,0,0,0,0,0,0,0,0,0,0,0,0,0,0,0,0,0,0,0,0,0,0,0,0,0,0,0
"XH23-24396 1",0,0,"12/6/2023",0,0," ",0,0,0," ",0,0,0," ",0,0,0,0,0,0,0,0,0,0,0,0,0,0,0,0,0,0,0,0,0,0,0,0,0,0,0,0," ",0,0,0,0," ",0,0,0,0,0,0,0,0,0," ",0,0," ",0,0,0," ",0,0,0,0,0,1,66,1,0,157,97,39.3525092295833,1,0,"Stroke (unspecified)",1,0.63,97.77546975,0,1.29,78,0,0,0,0,2,2,4,5,0,0,43.54204037,1,1,1,1,43.54204037,1.751624386,0,13,0,0,7.67352e-08,491810.3462,242790.0581,332.4253149,117.6475603,0,0,0,0,0,9.85162e-06,36670.82834,39167.93733,66.72455768,24.26245732,22639.47619,21302.56912,55.96525647,16.60512585,2.24303e-07,0.418783874,0.037739186,0.361267237,0.042577491,0.377113578,0.006780135,0.104463352,0.12917568,1.05633e-05,0.622886422,1669,38,530528.625,229018.3333,0.419007721,237534.8182,0.412183021,7.18480663,35.86368334,0.140591226,7.18480663,35.86368334,0.140591226,0.416911891,40282.66667,0.416911891,40282.66667,0.525225731,48856,0.525225731,48856,0.339395525,23580.5,0.339395525,23580.5,0.455670075,48633.75,0.455670075,48633.75,0,0,0,0,0,0,0,0,0,0,0,0,0,0,0,0,0,0,0,0,0,0,0,0,0,0,0,0,0,0,0,0,0,0,0,0,0,0,0,0,0,0,0,0,0,0,0,0,0,0,0,0,0,0,0,0,0,0,0,0,0,0,0,0,0,0,0,0,0,0,0,0,0,0,0,0,0,0,0,0,0,0,0,0,0,0,0,0,0,0,0,0,0,0,0
"XH23-24396 2",0,0,"12/6/2023",0,0," ",0,0,0," ",0,0,0," ",0,0,0,0,0,0,0,0,0,0,0,0,0,0,0,0,0,0,0,0,0,0,0,0,0,0,0,0," ",0,0,0,0," ",0,0,0,0,0,0,0,0,0," ",0,0," ",0,0,0," ",0,0,0,0,0,1,66,1,0,157,97,39.3525092295833,1,0,"Stroke (unspecified)",1,0.63,97.77546975,0,1.29,78,0,0,0,1,2,2,5,4,0,0,45.7686,1,1,1,1,45.7686,0.822620691,4.16666666666667,48,2,0.04,1.23821e-07,453254.2396,210016.0239,323.4776311,92.91300407,5.15919e-09,121898.25,116.75,166.5982465,15.34680019,9.75861e-06,47653.37576,48048.05212,80.7619248,28.82967939,32462.77564,38891.67046,60.71927991,17.61234477,2.08947e-07,0.313765515,0.056122223,0.465030851,0.017881879,0.484119173,0.044393346,0.120684946,0.105891374,1.01449e-05,0.515880827,3783,81,462860.5319,242325.8723,0.523919327,246303.6522,0.520791418,7.755203018,43.40812967,0.128587828,7.755203018,43.40812967,0.128587828,0.305127661,90323.36667,0.305127661,90323.36667,0.574607213,403132,0.574607213,403132,0.264105589,21528.95,0.264105589,21528.95,0.387171804,227912.2,0.387171804,227912.2,0,0,0,0,0,0,0,0,0,0,0,0,0,0,0,0,0,0,0,0,0,0,0,0,0,0,0,0,0,0,0,0,0,0,0,0,0,0,0,0,0,0,0,0,0,0,0,0,0,0,0,0,0,0,0,0,0,0,0,0,0,0,0,0,0,0,0,0,0,0,0,0,0,0,0,0,0,0,0,0,0,0,0,0,0,0,0,0,0,0,0,0,0,0,0
"XH24-11187 1",0,0,"5/27/2024",0,0," ",0,0,0," ",0,0,0," ",0,0,0,0,0,0,0,0,0,0,0,0,0,0,0,0,0,0,0,0,0,0,0,0,0,0,0,0," ",0,0,0,0," ",0,0,0,0,0,0,0,0,0," ",0,0," ",0,0,0," ",0,0,0,0,0,1,75,0,0,165,68,24.9770431588613,1,1,"Stroke (unspecified)",1,0.93,85.62966563,0,2.13,100,1,0,0,2,1,2,5,4,0,0,23.63302403,1,1,0,0,23.63302403,4.299999028,27.2727272727273,24,5,0.172413793,1.03872e-07,408128.4167,449154.5927,253.237504,186.4336788,2.16399e-08,165998.3,86614.51208,191.3964813,53.41523152,9.23592e-06,50438.92549,61099.16519,81.16075292,31.57768336,32512.76362,30185.07515,65.73561842,18.41221136,3.41911e-07,0.391896128,0.042392985,0.465850066,0.022167039,0.368095889,0.014522466,0.09100135,-0.304139735,9.97538e-06,0.631904111,2134,79,575656.6765,208648.5882,0.44464735,240439.1538,0.512603777,8.805906147,45.42582017,0.172704817,8.805906147,45.42582017,0.172704817,0.418484356,70297.35714,0.418484356,70297.35714,0.671573794,350787,0.671573794,350787,0.366980446,16260.86364,0.40367849,16260.86364,0.475138656,129737.5,0.475138656,129737.5,0,0,0,0,0,0,0,0,0,0,0,0,0,0,0,0,0,0,0,0,0,0,0,0,0,0,0,0,0,0,0,0,0,0,0,0,0,0,0,0,0,0,0,0,0,0,0,0,0,0,0,0,0,0,0,0,0,0,0,0,0,0,0,0,0,0,0,0,0,0,0,0,0,0,0,0,0,0,0,0,0,0,0,0,0,0,0,0,0,0,0,0,0,0,0
"XH24-11187 2",0,0,"5/27/2024",0,0," ",0,0,0," ",0,0,0," ",0,0,0,0,0,0,0,0,0,0,0,0,0,0,0,0,0,0,0,0,0,0,0,0,0,0,0,0," ",0,0,0,0," ",0,0,0,0,0,0,0,0,0," ",0,0," ",0,0,0," ",0,0,0,0,0,1,75,0,0,165,68,24.9770431588613,1,1,"Stroke (unspecified)",1,0.93,85.62966563,0,2.13,100,1,0,0,2,2,2,6,4,0,0,40.32,1,1,1,1,40.32,2.672782354,26.6666666666667,50,15,0.230769231,1.17576e-07,389199.6,219382.1627,290.5217246,100.2262818,3.52727e-08,107278.5333,69197.5554,146.044017,62.27957205,9.81758e-06,51647.01269,51961.48896,87.70166806,36.00022531,0,0,0,0,3.4097e-07,0.397159828,0.045760438,0.507048465,0.027206841,0,0,0.090248648,-0.090320983,9.97042e-06,0,4175,145,405392.3958,155197.2708,0.38810886,167101.3636,0.40812494,7.514429069,43.69535998,0.176218576,7.514429069,43.69535998,0.176218576,0.491552598,109847.8333,0.491552598,109847.8333,0.672735564,329933.5,0.672735564,329933.5,0.395333828,18743,0.395333828,18743,0.539661983,155400.25,0.539661983,155400.25,0,0,0,0,0,0,0,0,0,0,0,0,0,0,0,0,0,0,0,0,0,0,0,0,0,0,0,0,0,0,0,0,0,0,0,0,0,0,0,0,0,0,0,0,0,0,0,0,0,0,0,0,0,0,0,0,0,0,0,0,0,0,0,0,0,0,0,0,0,0,0,0,0,0,0,0,0,0,0,0,0,0,0,0,0,0,0,0,0,0,0,0,0,0,0
"XH24-15014 1",0,0,"7/13/2024",0,0," ",0,0,0," ",0,0,0," ",0,0,0,0,0,0,0,0,0,0,0,0,0,0,0,0,0,0,0,0,0,0,0,0,0,0,0,0," ",0,0,0,0," ",0,0,0,0,0,0,0,0,0," ",0,0," ",0,0,0," ",0,0,0,0,0,1,63,0,0,160,70,27.34375,1,1,"Stroke (unspecified)",1,0.7,103.5348351,0,1.7,95,1,0,0,1,2,2,5,4,0,0,36.9651,1,1,1,1,36.9651,1.299007338,8.57142857142857,66,5,0.070422535,1.38245e-07,383290.4924,208880.8225,293.2038658,111.9540992,1.04731e-08,113786.2,75601.30023,138.7153483,69.27519134,1.38413e-05,39892.27656,37142.9304,78.4906846,27.8191685,21326.21779,18469.12368,55.11026036,14.38866937,1.44529e-07,0.407368803,0.05298813,0.552160671,0.023505155,0.37759515,0.006777085,0.095965057,-0.054455345,1.48918e-05,0.62240485,6608,69,413223.7213,175681.7377,0.43817774,188212.6964,0.432506089,7.924944861,36.94130987,0.170490613,7.924944861,36.94130987,0.170490613,0.410870382,149728.8333,0.410870382,149728.8333,0.631242055,933674.5,0.631242055,933674.5,0.345185065,13955.08333,0.345185065,13955.08333,0.542241017,421276.3333,0.542241017,421276.3333,0,0,0,0,0,0,0,0,0,0,0,0,0,0,0,0,0,0,0,0,0,0,0,0,0,0,0,0,0,0,0,0,0,0,0,0,0,0,0,0,0,0,0,0,0,0,0,0,0,0,0,0,0,0,0,0,0,0,0,0,0,0,0,0,0,0,0,0,0,0,0,0,0,0,0,0,0,0,0,0,0,0,0,0,0,0,0,0,0,0,0,0,0,0,0
"XH24-15014 2",0,0,"7/13/2024",0,0," ",0,0,0," ",0,0,0," ",0,0,0,0,0,0,0,0,0,0,0,0,0,0,0,0,0,0,0,0,0,0,0,0,0,0,0,0," ",0,0,0,0," ",0,0,0,0,0,0,0,0,0," ",0,0," ",0,0,0," ",0,0,0,0,0,1,63,0,0,160,70,27.34375,1,1,"Stroke (unspecified)",1,0.7,103.5348351,0,1.7,95,1,0,0,1,2,2,5,4,0,0,46.51,1,1,1,1,46.51,1.114857138,5,75,4,0.050632911,1.51141e-07,508580.3067,222106.8625,342.9258313,91.21100575,8.06085e-09,144035,70757.51379,163.388093,55.63120594,9.45941e-06,57278.70196,53392.84473,91.33129353,33.34653973,15599.5874,15949.58668,54.09174826,17.34873455,2.13613e-07,0.44710931,0.076867313,0.541822644,0.023905238,0.247910447,0.016006626,0.141868034,-0.409169554,1.14125e-05,0.752089553,4694,106,514547.4662,231580.1216,0.451510057,234407.4932,0.446501159,7.82559534,42.85329834,0.169008299,7.82559534,42.85329834,0.169008299,0.396381042,183102.5227,0.396381042,183102.5227,0.675484532,1838172,0.675484532,1838172,0.346384222,20833.95455,0.346384222,20833.95455,0.446377862,345371.0909,0.446377862,345371.0909,0,0,0,0,0,0,0,0,0,0,0,0,0,0,0,0,0,0,0,0,0,0,0,0,0,0,0,0,0,0,0,0,0,0,0,0,0,0,0,0,0,0,0,0,0,0,0,0,0,0,0,0,0,0,0,0,0,0,0,0,0,0,0,0,0,0,0,0,0,0,0,0,0,0,0,0,0,0,0,0,0,0,0,0,0,0,0,0,0,0,0,0,0,0,0
"XH24-16739 1",0,0,"8/7/2024",0,0," ",0,0,0," ",0,0,0," ",0,0,0,0,0,0,0,0,0,0,0,0,0,0,0,0,0,0,0,0,0,0,0,0,0,0,0,0," ",0,0,0,0," ",0,0,0,0,0,0,0,0,0," ",0,0," ",0,0,0," ",0,0,0,0,0,1,78,1,0,160,60,23.4375,0,0,"Stroke (unspecified)",1,0.3,108.5107262,0,1.47,88,1,0,0,1,2,2,5,5,0,0,39.55622037,1,1,1,1,39.55622037,1.339789004,4,48,2,0.04,1.77133e-07,355257.25,204909.5325,281.641035,89.33279472,7.38054e-09,63865,10229,133.5702908,9.485642295,1.00043e-05,50026.71265,53139.23517,87.30316467,27.14024818,0,0,0,0,2.98912e-07,0.310455046,0.062927761,0.500483285,0.048116027,0,0,0.125733992,-0.491143025,1.01888e-05,0,2711,81,375852.5222,197981.7111,0.554973304,202228.0909,0.563400131,8.980389019,43.60570989,0.157760492,8.980389019,43.60570989,0.157760492,0.334992105,45589.85714,0.334992105,45589.85714,0.540762828,214968,0.540762828,214968,0.302190345,16014.65,0.33576705,16014.65,0.416996505,119527.875,0.416996505,119527.875,0,0,0,0,0,0,0,0,0,0,0,0,0,0,0,0,0,0,0,0,0,0,0,0,0,0,0,0,0,0,0,0,0,0,0,0,0,0,0,0,0,0,0,0,0,0,0,0,0,0,0,0,0,0,0,0,0,0,0,0,0,0,0,0,0,0,0,0,0,0,0,0,0,0,0,0,0,0,0,0,0,0,0,0,0,0,0,0,0,0,0,0,0,0,0
"XH24-17428 1",0,0,"8/20/2024",0,0," ",0,0,0," ",0,0,0," ",0,0,0,0,0,0,0,0,0,0,0,0,0,0,0,0,0,0,0,0,0,0,0,0,0,0,0,0," ",0,0,0,0," ",0,0,0,0,0,0,0,0,0," ",0,0," ",0,0,0," ",0,0,0,0,0,1,70,0,0,170,72,24.9134948096886,1,0,"Stroke (unspecified)",1,1.26,61.35700752,0,1.54,91,1,0,0,1,2,2,5,5,0,0,46.3712,1,1,1,1,46.3712,2.452916735,18.1818181818182,80,18,0.183673469,1.19255e-07,448357.1,306430.4269,300.5472422,147.1294674,2.68325e-08,221172.6389,152229.2964,210.7920865,90.1987105,9.32876e-06,53854.63391,55681.91542,89.31251995,36.36440975,20031.3,20212.32541,52.64108459,23.42255778,2.02734e-07,0.453438503,0.053469028,0.502396829,0.026374402,0.126150069,0,0.106427878,0.084089334,9.46734e-06,0.873849931,6258,136,490780.5616,184412.3014,0.383375113,196154.6324,0.364960325,7.946365751,30.16468233,0.29357448,7.946365751,30.16468233,0.29357448,0.507323241,139262.7885,0.507323241,139262.7885,0.416220179,959826,0.416220179,959826,0.424036011,20384.17857,0.424036011,20384.17857,0.604491675,277954.5,0.604491675,277954.5,0,0,0,0,0,0,0,0,0,0,0,0,0,0,0,0,0,0,0,0,0,0,0,0,0,0,0,0,0,0,0,0,0,0,0,0,0,0,0,0,0,0,0,0,0,0,0,0,0,0,0,0,0,0,0,0,0,0,0,0,0,0,0,0,0,0,0,0,0,0,0,0,0,0,0,0,0,0,0,0,0,0,0,0,0,0,0,0,0,0,0,0,0,0,0
"XH24-17428 2",0,0,"8/20/2024",0,0," ",0,0,0," ",0,0,0," ",0,0,0,0,0,0,0,0,0,0,0,0,0,0,0,0,0,0,0,0,0,0,0,0,0,0,0,0," ",0,0,0,0," ",0,0,0,0,0,0,0,0,0," ",0,0," ",0,0,0," ",0,0,0,0,0,1,70,0,0,170,72,24.9134948096886,1,0,"Stroke (unspecified)",1,1.26,61.35700752,0,1.54,91,1,0,0,1,3,2,6,4,0,0,89.48795835,1,1,1,1,0,1.973669824,12.8205128205128,73,11,0.130952381,1.0515e-07,567952.2534,319313.386,352.1262314,140.2750992,1.58445e-08,157710.0909,109278.7164,182.7419283,78.9080386,1.02312e-05,49019.17563,50773.59745,88.43693176,35.25096433,65443.5,0,99.32774033,0,2.67916e-07,0.477061427,0.059720024,0.501525598,0.017852946,0.373590334,0,0.119076722,0.169612543,1.0351e-05,0.626409666,7103,186,618042.6866,226026.2388,0.357933418,229262.3788,0.362228949,7.588431406,29.82226837,0.308498024,7.588431406,29.82226837,0.308498024,0.511088444,103465.1333,0.511088444,103465.1333,0.412320775,1164719,0.412320775,1164719,0.459567989,19188.64706,0.459567989,19188.64706,0.578461348,213672.8462,0.578461348,213672.8462,0,0,0,0,0,0,0,0,0,0,0,0,0,0,0,0,0,0,0,0,0,0,0,0,0,0,0,0,0,0,0,0,0,0,0,0,0,0,0,0,0,0,0,0,0,0,0,0,0,0,0,0,0,0,0,0,0,0,0,0,0,0,0,0,0,0,0,0,0,0,0,0,0,0,0,0,0,0,0,0,0,0,0,0,0,0,0,0,0,0,0,0,0,0,0
"XH24-18297 2",0,0,"8/30/2024",0,0," ",0,0,0," ",0,0,0," ",0,0,0,0,0,0,0,0,0,0,0,0,0,0,0,0,0,0,0,0,0,0,0,0,0,0,0,0," ",0,0,0,0," ",0,0,0,0,0,0,0,0,0," ",0,0," ",0,0,0," ",0,0,0,0,0,1,81,1,0,153,80,34.1748899995728,1,0,"Stroke (unspecified)",1,0.7,86.83348712,0,1.7,95,1,0,0,2,1,0,3,5,0,0,12.9576,0,0,0,0,12.9576,0.24547188,46.1538461538462,14,12,0.461538462,1.07165e-07,322689.1071,165579.712,272.5965688,104.101101,9.18558e-08,62320.54167,28217.90874,112.8385378,36.71690424,1.28828e-05,46887.8366,73150.37314,73.79377719,28.11253199,24654.91312,35320.4573,54.43537063,19.06911447,6.12372e-07,0.491890043,0.034581014,0.604045563,0.028585785,0.279736461,0.016938318,0.057249016,-0.120327897,1.1753e-05,0.720263539,1683,80,347483.6154,125796.1538,0.353067878,133755.6667,0.353503446,7.537260106,29.94448445,0.225738455,7.537260106,29.94448445,0.225738455,0.456865052,41242.5,0.456865052,41242.5,0.567287498,89214,0.567287498,89214,0.402563183,6925.333333,0.402563183,6925.333333,0.497591454,66980.375,0.497591454,66980.375,0,0,0,0,0,0,0,0,0,0,0,0,0,0,0,0,0,0,0,0,0,0,0,0,0,0,0,0,0,0,0,0,0,0,0,0,0,0,0,0,0,0,0,0,0,0,0,0,0,0,0,0,0,0,0,0,0,0,0,0,0,0,0,0,0,0,0,0,0,0,0,0,0,0,0,0,0,0,0,0,0,0,0,0,0,0,0,0,0,0,0,0,0,0,0
"XH24-18298 1",0,0,"8/31/2024",0,0," ",0,0,0," ",0,0,0," ",0,0,0,0,0,0,0,0,0,0,0,0,0,0,0,0,0,0,0,0,0,0,0,0,0,0,0,0," ",0,0,0,0," ",0,0,0,0,0,0,0,0,0," ",0,0," ",0,0,0," ",0,0,0,0,0,0,36,1,0,165,90,33.0578512396694,0,0,"Stroke (unspecified)",1,1.47,47.15952585,0,0.9,39,0,0,0,1,3,2,6,5,0,0,59.2871,1,1,1,1,59.2871,3.112132341,5.55555555555556,70,4,0.054054054,1.87648e-07,338813.8857,155403.5518,278.3040083,83.77354928,1.07227e-08,129686.75,19058.34587,178.0461079,13.58614941,1.35938e-05,37802.6195,35020.50777,73.84253321,27.95540561,0,0,0,0,4.93246e-07,0.274172439,0.063577754,0.513879679,0.024401394,0,0,0.123721089,-0.163177246,1.37921e-05,0,5071,184,348770.0294,113032.1912,0.314883145,117110.7692,0.315123096,6.798296709,30.03821074,0.211853787,6.798296709,30.03821074,0.211853787,0.380627226,81422.65217,0.380627226,81422.65217,0.480033509,421739,0.480033509,421739,0.389040598,15151.31818,0.389040598,15151.31818,0.372914969,142171.375,0.372914969,142171.375,0,0,0,0,0,0,0,0,0,0,0,0,0,0,0,0,0,0,0,0,0,0,0,0,0,0,0,0,0,0,0,0,0,0,0,0,0,0,0,0,0,0,0,0,0,0,0,0,0,0,0,0,0,0,0,0,0,0,0,0,0,0,0,0,0,0,0,0,0,0,0,0,0,0,0,0,0,0,0,0,0,0,0,0,0,0,0,0,0,0,0,0,0,0,0
"XH24-18298 2",0,0,"8/31/2024",0,0," ",0,0,0," ",0,0,0," ",0,0,0,0,0,0,0,0,0,0,0,0,0,0,0,0,0,0,0,0,0,0,0,0,0,0,0,0," ",0,0,0,0," ",0,0,0,0,0,0,0,0,0," ",0,0," ",0,0,0," ",0,0,0,0,0,0,36,1,0,165,90,33.0578512396694,0,0,"Stroke (unspecified)",1,1.47,47.15952585,0,0.9,39,0,0,0,1,2,2,5,5,0,0,35.01877906,1,1,1,1,35.01877906,3.048577495,3.77358490566038,102,4,0.037735849,1.85969e-07,335880.1373,159107.8622,283.6629178,82.46238625,7.2929e-09,139152.875,59806.1537,172.3139831,28.03375183,1.15447e-05,43838.30425,45934.8327,75.75162877,30.47244272,16766.76314,19765.00781,51.44024518,18.59627691,3.93817e-07,0.328008949,0.062463294,0.50609849,0.0402283,0.368818095,0.023328856,0.123421222,-0.319028952,1.26519e-05,0.631181905,6332,216,339203.3317,131152.6535,0.397652135,134632.1596,0.387594191,7.213986403,30.53429939,0.193389669,7.213986403,30.53429939,0.193389669,0.265609823,394957.6563,0.265609823,394957.6563,0.578491195,5454383,0.578491195,5454383,0.157736491,20228.5,0.157736491,20228.5,0.3015676,519867.375,0.3015676,519867.375,0,0,0,0,0,0,0,0,0,0,0,0,0,0,0,0,0,0,0,0,0,0,0,0,0,0,0,0,0,0,0,0,0,0,0,0,0,0,0,0,0,0,0,0,0,0,0,0,0,0,0,0,0,0,0,0,0,0,0,0,0,0,0,0,0,0,0,0,0,0,0,0,0,0,0,0,0,0,0,0,0,0,0,0,0,0,0,0,0,0,0,0,0,0,0
