"Slide_number","Allocated_Discarded","Number_of_Sections_Per_Slide","Transplant_date_OR_Harvest_date","Recipient_code","RECIPIENT_DATA","Recipient_birth_date","Recipient_Sex","Recipient_Race","Recipient_age_at_transplantation_date","Country_of_birth","Recipient_weight_Kg","Recipient_height_cm","Recipient_BMI_Kgm2","Recipient_CKD_ethiology","CKD_etiology_code","Pre_transplant_Renal_Replacement_Therapy","Pretransplant_time_on_Renal_Replacement_Therapy_months","Recipient_previous_kidney_transplant","Imunossupression_code","Antibody_induction_therapy","Cr1M","eGFR_CKD_EPI_1M","Cr3M","eGFR_CKD_EPI_3M","Cr6M","eGFR_CKD_EPI_6M","Cr12M","eGFR_CKD_EPI_12M","Cr3years","eGFR_CKD_EPI_3years","eGFR_Variation_1Y_3Y_total","eGFR_less30_OR_Dialysis__3Y","eGFR_less_30_dialysis_Decline_sup_5ml__3Y","Cr5years","eGFR_CKD_EPI_5years","eGFR_Variation_1Y_5Y_total","eGFR_less30_OR_Dialysis__5Y","eGFR_less_30_dialysis_Decline_sup_5ml__5Y","Cr10years","eGFRMDRD_10years","Cr_at_last_Followup","eGFR_CKD_EPI_last_follow_up","Last_follow_up_date","Follow_up_time_Months","eGFR_12M_ABOVE_50_CKD_EPI","eGFR_12M_ABOVE_55_CKD_EPI","eGFR_12M_ABOVE_60_CKD_EPI","Transplant_admission_discharge_date","Blood_units_needed_during_admission","HLA_A_mismatches","HLA_B_mismatches","HLA_DR_mismatches","Total_HLA_mismatches","PRA_Panel_Reactive_Antibodies","Cold_Ischemia_hours","Delayed_Graft_Function","Graft_loss_Returned_to_Dialysis","Return_to_dialysis_date","Graft_loss","Graft_loss_code","Graft_loss_date","Graft_loss_death_censored","Death_With_a_Functioning_Graft","Death","Death_date","Cause_of_death","FollowUp_Status","Biopsy_type_Allocation_0_Preimplantation_1","DONOR_VARIABLES","Kidney_used","Expanded_criteria_donor","Donor_age","Donor_Sex_0_Male_1_Female","Donor_race","Donor_height","Donor_weight_Kg","Donor_BMI","Donor_Hypertension_History","Donor_Diabetes_History","Donor_cause_of_death","Donor_cause_of_death_code","Donor_final_creatinine","Donor_eGFR_CKD_EPI_final_creatinine","Donation_after_Cardiac_Death_donor","KDRI_2024","KDPI_2024","KDPI_SUP_85_2024","Donor_HCV_Status","REMUZZI_CALCULATIONS","Glomerular_GT1","Vascular_GT1","IFTA_GT1","REMUZZI_GT1","REMUZZI_OnCall_RP","AI_FEATURES","COMPUTATIONAL_MORPHOMETRIC","Fibrointimal_thickening_AI_All_Estimations","Fibro15","Fibro20","Fibro25","Fibro25_human","Fibrointimal_thickening__AI_After_Human_Revision","IFTA_AI_PERCENTAGE","Glomerulosclerosis_PERCENTAGE_AI_PLUS_HUMAN_GT","Glomerulus_count","sGlomerulus_count","Glomerulosclerosis_ratio","Glomerular_density_count","Average_glomerular_area_","Std_glomerular_area","Average_glomerular_radius","Std_glomerular_radius","Glomerulosclerosis_density_count","Average_sclglomerular_area","Std_sclglomerular_area","Average_sclglomerular_radius","Std_sclglomerular_radius","Cortical_tubular_density","Averag_cortical_tubular_area","Std_cortical_tubular_area","Average_cortical_tubular_radius","Std_cortical_tubular_radius","Average_medullary_tubular_area","Std_medullary_tubular_area","Average_medullary_tubular_radius","Std_medullary_tubular_radius","Cortical_arterialolar_density","Average_lumen_to_wall_ratio","Cortical_glomerular_density_area","Cortical_tubular_density_area","Cortical_artery_density_area","Medullary_tubular_density_area","Medullary_arteriole_density_area","Gloms_cortex_tubules_ratio_","Cortical_interstitial_density","Total_nephron_density_count","Medullary_interstitial_density","Cortical_tubule_count","Cortical_artery_arteriole_count","Glom_Area","Glomerular_Mesangial_Area","Glomerular_Mesangial_Fraction","Glomerular_Mesangial_Area_Reviewed_MF01","Glomerular_Mesangial_Fraction_Reviewed_MF01","Average_TBM_Thickness_TF_Cortical","Average_Cell_Thickness_TF_Cortical","Luminal_Fraction_TF_Cortical","TUBULAR_Average_TBM_Thickness_TF_CT_Rev","TUBULAR_Average_Cell_Thickness_TF_CT_Rev","TUBULAR_Luminal_Fraction_TF_Rev","VASCULAR_Luminal_ratio_V_Mean","VASCULAR_Arterial_Area_V_Mean","VASCULAR_Luminal_ratio_Mean_Rev","VASCULAR_Arterial_Area_Mean_Rev","VASCULAR_Luminal_ratio_V_ARTERY_Max_AREA","VASCULAR_Arterial_Area_V_ARTERY_Max_AREA","VASCULAR_Luminal_ratio_V_MaxAr_Rev","VASCULAR_Arterial_Area_V_MaxAr_Rev","VASCULAR_Luminal_ratio_V_INF35000_ARTERIOLAR","VASCULAR_Arterial_Area_V_INF35000_ARTERIOLAR","VASCULAR_Luminal_ratio_V_INF35_Rev","VASCULAR_Arterial_Area_V_INF35_Rev","VASCULAR_Luminal_ratio_V_SUP35000_ARTERY_MEAN","VASCULAR_Arterial_Area_V_SUP35000_ARTERY_MEAN","VASCULAR_Luminal_ratio_V_SUP35_Rev","VASCULAR_Arterial_Area_V_SUP35_Rev","tubules_hc2_feat58","tubules_hc3_feat58","tubules_hc2_feat18","arteries_hc4_feat46","tubules_hc2_feat5","arteries_hc4_feat18","tubules_hc2_feat15","arteries_hc2_feat10","arteries_hc4_feat10","tubules_hc2_feat16","tubules_hc2_feat12","tubules_hc1_feat7","tubules_hc2_feat26","arteries_hc4_feat56","tubules_hc3_feat17","tubules_hc2_feat10","tubules_hc1_feat16","tubules_hc2_feat23","arteries_hc4_feat54","arteries_hc4_feat53","tubules_hc2_feat11","tubules_hc4_feat8","arteries_hc2_feat15","tubules_hc1_feat4","arteries_hc4_feat16","tubules_hc4_feat50","tubules_hc3_feat59","tubules_hc2_feat13","arteries_hc1_feat5","scl_gloms_hc2_feat13","tubules_hc3_feat14","tubules_hc4_feat3","tubules_hc1_feat8","tubules_hc3_feat48","tubules_hc4_feat4","scl_gloms_hc1_feat59","arteries_hc3_feat57","tubules_hc1_feat10","arteries_hc1_feat48","arteries_hc1_feat3","tubules_hc3_feat15","tubules_hc4_feat49","tubules_hc3_feat47","arteries_hc1_feat53","tubules_hc4_feat55","scl_gloms_hc2_feat23","arteries_hc1_feat55","arteries_hc4_feat15","arteries_hc4_feat50","tubules_hc3_feat46","arteries_hc3_feat10","arteries_hc1_feat50","arteries_hc3_feat51","arteries_hc4_feat5","tubules_hc3_feat6","tubules_hc4_feat7","scl_gloms_hc2_feat27","tubules_hc1_feat17","arteries_hc2_feat23","scl_gloms_hc1_feat52","tubules_hc1_feat13","scl_gloms_hc2_feat47","scl_gloms_hc1_feat46","scl_gloms_hc2_feat26","scl_gloms_hc4_feat9","tubules_hc1_feat5","scl_gloms_hc2_feat10","arteries_hc4_feat7","arteries_hc1_feat9","scl_gloms_hc1_feat10","arteries_hc3_feat46","scl_gloms_hc1_feat18","scl_gloms_hc3_feat58","scl_gloms_hc4_feat12","scl_gloms_hc4_feat3","scl_gloms_hc3_feat15","scl_gloms_hc2_feat58","scl_gloms_hc3_feat52","arteries_hc1_feat14","arteries_hc3_feat9","tubules_hc1_feat12","tubules_hc4_feat1","arteries_hc2_feat22","scl_gloms_hc2_feat11","scl_gloms_hc3_feat11","scl_gloms_hc3_feat10","scl_gloms_hc4_feat11","tubules_hc4_feat52","arteries_hc4_feat23","arteries_hc3_feat12","arteries_hc3_feat53","tubules_hc3_feat9","scl_gloms_hc1_feat11","tubules_hc4_feat47","arteries_hc2_feat56","arteries_hc2_feat46"
"H11-02415 - 1",1,3,"2/23/2011",19507187,0,"5/3/1946 0:00:00",0,0,64,"Portugal",69,172,23.3234180638183,"Undetermined",5,1,57,0,1,2,1.7,44.46068651,1.67,45.42083402,1.25,64.30175914,1.3,60.9651770751759,1.23,64.34661618,1.69071955241205,0,0,1.26,61.73979425,0.193654293706025,0,0,1.75,38.2928862265749,2.58,25.10768933,"9/23/2021 0:00:00",127,1,1,1,"3/4/2011 0:00:00",0,1,2,2,5,0,17,0,1,"9/23/2021",1,1,"9/23/2021 0:00:00",1,0,0," ",0,0,0,0,1,1,73,1,0,160,57,22.265625,1,0,"Stroke (hemorrhagic)",1,0.8,77.75081792,0,1.72,96,1,0,0,1,1,0,2,4,0,0,14.32538675,0,0,0,0,14.32538675,1.142312871,8.33333333333333,35,1,0.027777778,0,312955.3,126222.3563,276.0590913,71.78185892,0,55433.5,0,124.4869471,0,0,0,0,0,0,30299.66026,29608.45021,64.756991,24.93232118,0,0.812160342,0,0,0,0.236131273,0.015184189,0.120972941,8.012368386,1.91771e-05,0.763868727,2205,86,342797.5,44220,0.162880575,66199.13043,0.206535103,6.21702522,23.13592206,0.296422026,6.130906503,22.67927096,0.303273734,0.530753899,25054.97059,0.530753899,25054.97059,0.766721703,89698.5,0.766721703,89698.5,0.520590317,9381.75,0.520590317,9381.75,0.58727845,65333.625,0.555146495,62670.7,21.1082670547947,25.605216113643,6.62215001668838,9.33333333333333,0.000295490075295909,5.26666657129924,1.61112665272682,1.18454062365907,0.646343255195163,8.73954162390571e-05,16585.79395515,0.000456533465931572,0.000857082910318238,39.5823535024084,0.00302810225566527,0.153050588325863,0.000159708801345097,0.000216178781859517,78.9602173264881,95.7968573027127,1.61112665207886,0.143126779635189,2.50359663963318,0.000126281183505483,0.00103422343615093,126.833333333333,0.225187640370535,2.18321561604257e-05,0.00213408687451787,0,0.000946355617490526,14.266666730245,0.00402280018145376,1.03921607144534,0.0108862347121724,0.0325795773313971,0.555146495464009,0.0547327771497083,0.858893998763073,1361.88885498047,2.23912189217652,11,2.27051884280773,107.708803087549,127.5,0,6969.875,1.69062908490499,6395,39.1945578231293,0.885021837277613,6972.25,1039.63424894594,0.0039943523862394,2.12135223726026,0.0174390085962113,0,0.00956529841183982,0.000749267564015784,1.01659726376284,5.92227586377528e-05,0,96,0,0,0.00111201256972983,0,0.0013384596558652,5.64689981937408,0.365732321525149,94.8,7.19689989089966,0,0,0,0,0,0,0.00393459623158341,9.47317962646484,1423.2236777318,0.124192441248506,0.000302388333118748,0,0,0,0,6.68582212297097,0.00119487818275086,54511.4484375,352.076989921288,8.04739856492905,2.14338847068146,2.39927430765598,51.1540569809607,18.4
"H11-11431 - 1",1,2,"9/21/2011",19480101199,0,"1/19/1948 0:00:00",0,0,63,"Portugal",64,165,23.5078053259871,"Undetermined",5,1,31,0,2,2,1.84,40.68501589,1.85,40.42125594,2.01,36.59153334,2.1,34.5025914961238,2.27,31.03714935,-1.7327210730619,0,0,2.76,24.24487454,-2.56442923903095,1,1,0,0,2.12,32.69572448,"11/14/2018 0:00:00",86,0,0,0,"10/12/2011 0:00:00",0,1,1,1,3,0,13,0,0," ",1,6," ",0,1,1,"12/23/2018 0:00:00",1,1,0,0,1,1,72,1,0,160,80,31.25,0,0,"Head Thrauma",2,1,59.85686382,0,1.26,75,0,0,0,1,1,2,4,3,0,0,17.37183162,1,0,0,0,17.37183162,1.146927687,20,15,4,0.210526316,1.61077e-07,390234.5333,219671.5421,287.8569107,65.9737243,4.2954e-08,111636.875,27021.42211,166.2712459,27.87243762,2.34743e-05,31644.48262,29833.87892,69.86014019,24.35160951,18113.21884,16316.85969,54.06998065,16.51412213,5.79879e-07,0.659490065,0.062857953,0.742833419,0.039904707,0.231835883,0.016598525,0.084619178,-0.593507527,1.96315e-05,0.768164117,2186,54,314109.5,71867,0.211629664,89417.33333,0.210029125,4.577644178,19.71261298,0.292939524,4.531656058,19.36678384,0.294633852,0.582445203,91384.33333,0.582445203,91384.33333,0.864306517,1068357.5,0.864306517,1068357.5,0.534177865,15221.79167,0.534177865,15221.79167,0.678979877,243709.4167,0.678979877,243709.4167,13.8746767318272,24.8445494806436,2.72113243995557,3357,0.001218535549433,11.5875988006592,1.12353612888404,0.457435004554256,0.530956726975947,0.000210215395886213,748.269541143186,8.09054316670614e-05,0.00283556333343365,315.336328386058,0.00523503877646276,0.0462467373732279,6.0203423964432e-05,0.000815925303713172,704.665546870095,2110.08383171302,1.12353612941471,0.00236362482987024,1.68182270526886,1.86912210536229e-05,1.08453739440502e-05,23388.125,0.139128318560232,9.06823176606445e-05,0.00131716773368209,2.27207439456816e-05,0.00183442272005923,3050.48361339024,0.000759229741623308,1.24184621886634,8.02192369449799e-05,0.524491342422982,0.541575353703954,0.056643292648285,1.57071788552477,2183.12866210938,2.87453034626586,24.9679222179315,2.68701085503384,158.039525067515,23362.0007142857,0.000141073142119986,12954.6,1.93824017047882,1068437,23.6607142857143,0.54384911179103,12970.8,489.111007747734,1.24417257225227e-05,1.41116304695606,0.000247879715817689,26.1968994140625,0.00417908262502537,0.0002892218482344,1.46340415263914,1.85979396957504e-05,2.43465645594767,342,0.000567929833157641,5.19689989089966,0.000175417838498901,1.50758950401849,9.53504903155629e-06,4.79627981185913,1.71822367858974,50.7142857142857,13.1968994140625,30020,208424.328125,22446.375,2.69025874137878,44732,1.35767473475288,0.000542986063397398,5.14197138377598,4464.51201349146,0.131104511987378,0.00018029620366843,2.88074036780553,2.69025872479081,1.36520113061655,2.80042361708274,1.64649716730127,2.20415022681025e-05,8731.79973493304,164.990600391778,4.14951596728393,3.01873805437698,2.43750662112938,113.600133171229,242.6
"H11-15201 - 2",1,3,"12/17/2011",19790699,0,"2/4/1952 0:00:00",0,0,59,"Portugal",62,170,21.4532871972318,"Undetermined",5,1,32,0,2,2,1.74,44.60266515,1.53,52.04633957,1.9,40.13429021,2,37.5044590274056,2.19,33.21880057,-2.1428292287028,0,0,1.98,37.02683933,-0.1194049243514,0,0,1.7,0,1.9,37.22025762,"3/21/2023 0:00:00",135,0,0,0,"1/2/2012 0:00:00",0,1,1,1,3,0,25,0,0," ",0,0," ",0,0,0," ",0,0,0,0,2,1,73,0,0,170,78,26.9896193771626,1,0,"Stroke (hemorrhagic)",1,1.1,70.88177417,0,1.5,90,1,0,0,1,2,2,5,3,0,0,39.0721,1,1,1,1,39.0721,1.008737699,11.1111111111111,48,4,0.076923077,4.87107e-07,240648.1979,128990.4761,233.4378838,95.16293181,4.05922e-08,92864.5,5630.905833,153.3609585,7.205303471,2.71055e-05,35447.27668,30452.56765,73.07009347,24.07436382,35400.36136,44707.45465,55.22824186,19.54214531,7.10364e-07,0.513588335,0.11722133,0.960814515,0.027558204,0.304369019,0.00230864,0.122002039,-0.128532407,1.64031e-05,0.695630981,2671,70,268955.5,59607,0.226112379,73088.85714,0.247114793,5.955322818,42.11099601,0,5.575215144,20.86946464,0.343435365,0.452868202,46665.75,0.452868202,46665.75,0.335861267,166547,0.335861267,166547,0.434483092,13165.625,0.434483092,13165.625,0.477381681,91332.58333,0.477381681,91332.58333,19.354173464497,19.4566319282351,3.84730707278026,20.5,0.00110755070872468,6.09844994544983,1.28019116334141,0.741119851412327,0.596499626492204,0.000225202503553581,1806.15066907139,0.000703233765415192,0.00221528561626986,45.7199486928646,0.00240168054012787,0.0817883542278456,0.00115062768977162,0.000627601571435542,91.2165509871121,120.209441504303,1.28019116402062,0.201680672268908,2.34153525034587,0.000232498597792809,0.000756457610593515,98,0.386362291281452,7.95038572453291e-05,0.00129375149202555,2.35251588594896e-05,0.000820984484910736,13.5999994277954,0.00622378680473214,1.51309367216822,0.0127925356068919,0.396412785038378,0.412791228371197,1.03284991934693,1.12900078757041,3123.62815348307,1.49744302917898,7.75,2.58289328394466,157.968255749189,86.25,0.000122205274323784,14634.8333333333,1.8506453037262,8770,153.872787610619,1.5097438497213,14648.5,1360.64449173591,0.00164766783107693,2.03074942542388,0.0219534050179211,30.5906982421875,0.00323801886614232,0.000167357163559954,1.33953521765164,0.000325876008912104,2.56484645244307,247,0.000625551066258793,7.59069967269897,0.00205730926161968,0.59062265005213,0.000542512745465603,6.32919979095459,1.74031907314065,234.666666666667,12.7875995635986,15804,158081.203125,16314.4599609375,2.27315473556519,12915,1.16556834473724,0.000437404504257733,8.79483270645142,13924.8109166874,0.134139779220772,9.52674556958691e-05,1.96308044516251,2.27315464391479,0.984582208395399,2.8367075766684,7.88961877487372,0.00143776096307791,199783.252604167,481.020959211367,9.74870469243126,2.93864583146289,1.82289202556232,106.548781502548,113.666666666667
"H12-05837 - 1",1,2,"5/5/2012",19758339,0,"7/24/1981 0:00:00",0,0,30,"Portugal",89,185,26.0043827611395,"Chronic glomerulonephritis (IgA)",2,1,61,0,1,2,1.57,60.43235868,1.4,69.34185974,1.6,59.07519295,1.8,50.9707605976482,1.48,63.66958905,6.3494142261759,0,0,1.74,51.78273588,0.202993820587949,0,0,1.89,0,2.16,38.06858897,"4/23/2024 0:00:00",144,1,0,0,"5/14/2012 0:00:00",0,1,0,2,3,0,15,0,0," ",0,0," ",0,0,0," ",0,0,0,0,1,1,49,0,0,170,90,31.1418685121107,1,0,"Stroke (hemorrhagic - aneurysm rupture)",1,0.8,108.4893318,0,0.96,46,0,0,0,0,1,2,3,3,0,0,11.1849656,0,0,0,0,11.1849656,0.589310431,0,77,0,0,4.76595e-07,328691.2338,178458.8639,270.1442735,95.1699441,0,0,0,0,0,1.61361e-05,37524.6705,32216.20248,75.44621351,22.78373614,0,0,0,0,3.58993e-07,0.483112343,0.156652475,0.605503046,0.018168799,0,0,0.258714594,0.035689104,1.66127e-05,0,2607,58,373174.5,59990,0.171555315,81948.03704,0.222183698,8.191637207,45.01114345,0.005192261,6.074105978,19.95809384,0.246609251,0.49996569,60472.86667,0.49996569,60472.86667,0.687211135,265421,0.687211135,265421,0.4834762,15646.38889,0.4834762,15646.38889,0.524699925,127712.5833,0.524699925,127712.5833,21.5702472299885,15.4320133460996,5.87953738446506,465,0.000789640655458505,16.8968982696533,1.64749951122115,0,1.23594903800019,0.000301435675986089,4374.93645068142,0.000108223448196918,0.00140485446285169,153.362389231547,0.0108534256305522,0.17576406503593,0.000108294969260089,0.000362153879316105,395.853481353727,911.420456122677,1.64749951062784,0.279999995231628,0,2.06065158540642e-05,7.44922297734992e-05,42,0.38563521407642,9.07357723262316e-05,0.000941525161410788,0,0.00542021143052996,5.40000009536743,0.000992915279225303,1.37781943954949,0.0257142867360796,0,0.530586044415963,0.211716929742281,1.41909497776864,3041.16687011719,1.24361324816534,5,2.54201702883516,172.70079312076,32,0,17585.5,2.89992046356201,233844.5,46.1465753424658,0.674381274911557,17600,1251.37197795538,6.46193103935133e-05,1.91029670630416,0.03333333276567,0,0.00145100710820578,0.0153456261524787,0,2.47553310097216e-05,0,0,0,0,0.000188975130256689,0,3.54606619854414e-05,5.7468997836113,0,187.5,0,0,0,0,0,0,0,0.000420621974169849,6.74302470684052,17212.5964307977,0.128571430842082,0.0132995426654816,0,0,0,0,9.2705654289445,9.66551393497735e-05,47947.9125976562,501.60856551718,7.63637562451297,0,1.73205080756888,5,2
"H12-05837 - 2",1,2,"5/5/2012",1508,0,"11/28/1952 0:00:00",0,0,59,"Portugal",68,169,23.8086901719127,"ADPKD",4,1,62,1,1,2,1.61,48.95858492,1.7,45.86497934,1.3,63.28312035,1.4,57.5393905342541,1.22,67.03244929,4.74652937787295,0,0,1.25,64.30175914,1.69059215143647,0,0,1.6,0,1.81,39.37359625,"5/9/2024 0:00:00",144,1,1,0,"6/4/2012 0:00:00",0,0,2,1,3,6,17,1,0," ",0,0," ",0,0,0," ",0,0,0,0,2,1,49,0,0,170,90,31.1418685121107,1,0,"Stroke (hemorrhagic - aneurysm rupture)",1,0.8,108.4893318,0,0.96,46,0,0,0,1,2,2,5,4,0,0,35.3975,1,1,1,1,35.3975,4.643874818,14.2857142857143,25,4,0.137931034,-7.68001093142036e-07,432723.8,199473.3526,296.475927,100.4853456,-1.2288017e-07,140132.25,46397.62556,195.1178637,33.52639641,0,0,0,0,0,21175.93569,17923.43911,62.1030129,20.14788141,0,0.838058329,0,0,0,0.295031155,0.009143516,0.235201421,0.828145855,2.7237e-05,0.704968845,1000,27,449600.5,66870,0.134763967,81247.47059,0.185774919,6.193156185,18.4353325,0.279390318,6.084599279,17.63163298,0.296732814,0.533621604,76497.8,0.533621604,76497.8,0.539838021,215014.5,0.539838021,215014.5,0.571517827,9832.25,0.571517827,9832.25,0.508357455,120941.5,0.508357455,120941.5,16.4474110832251,2.95259859244104,5.30096716262035,416,0.000232894946270596,12.5906982421875,1.48299258590394,1.10619564157936,1.07936528113523,8.04455191337938e-05,6011.03852624772,0.000497388876607429,0.000737735206255691,246.398051940351,0.0217993938561642,0.0738029335639915,0.000137316750491891,0.000161693707438071,495.582934025422,553.831270008047,1.48299258390959,0.0070294338767788,2.599045753479,0.000136316551409904,5.85314408543885e-05,7824.82644628099,0,2.31903179665586e-05,0.00100135254127798,3.13921805145364e-05,0.0102665561618227,1333.30747755697,0.00455036895199728,0,0.000301289578444538,0.253558410115004,0.921442675250927,0.0253757859066752,0.79105283132982,2247.0390625,0.564660588900248,80.1960338208815,3.94105215105017,141.437880220088,7811.5826446281,0.000313264099194711,13660.5,2.66750454902649,215110,1,0.444538340177978,13671,297.764501987817,5.96597009092385e-05,1.01666665077209,0.0007818125856639,34.36279296875,0.0128693286709022,0.000177801441418901,1.08945696560709,5.78548315550991e-05,2.44950092993832,521,0.00121901425977332,4.39379978179932,0.00124511214186502,2.00473607708187,3.43721806601242e-05,5.39379978179932,0.979018791144074,8,12.9875984191894,67346,178550.296875,11827.884765625,2.910799741745,59555,1.14397063823216,0.000376110507733185,6.39379978179932,413.948981299415,0.165518903989255,8.14277758502297e-05,3.25439602222013,2.91079974863497,1.40779530755193,3.28495229191964,1.52051163851384,0.000351198324731173,2675.67626953125,104.582386108742,1.13333332538605,2.42307281128534,2.83974175368296,94.0239300782059,183.5
"H12-06008 - 1",1,2,"5/8/2012",14030372,0,"9/6/1951 0:00:00",0,0,60,"Portugal",66,163,24.8409800895781,"Chronic pyelonephritis",4,1,26,0,6,0,1.35,60.10607627,1.2,69.23112757,1.1,76.85067353,1.2,68.8018945765631,1.1,75.43009511,3.31410026671845,0,0,1.06,77.88374461,2.27046250835922,0,0,0,0,1.13,70.79289901,"9/10/2019 0:00:00",88,1,1,1,"5/17/2012 0:00:00",0,1,1,0,2,2,15,0,0," ",1,6," ",0,1,1,"6/29/2020 0:00:00",2,1,0,0,1,1,68,0,0,170,60,20.7612456747405,1,0,"Stroke (hemorrhagic)",1,0.8,96.39797036,0,1.47,88,1,0,0,1,2,2,5,4,0,0,28.8814149,1,1,1,1,28.8814149,2.678810451,5.88235294117647,35,2,0.054054054,5.6798e-07,455265.4,333303.8177,293.0455786,136.5003516,3.2456e-08,294527,18570.5,282.5660636,14.29754143,2.40823e-05,42703.62163,40210.05925,80.0594324,27.46924437,12294.03427,8788.575699,50.74809131,16.07538678,6.16664e-07,0.669976045,0.258581441,1.028402848,0.02282197,0.246724486,0.021606117,0.251439833,-0.265651545,2.19155e-05,0.753275514,1484,38,507349,38886,0.131152489,148543.0667,0.288824012,5.659675434,22.71755391,0.334251903,5.659675434,22.71755391,0.334251903,0.558823962,20865.22727,0.558823962,20865.22727,0.24590043,46427,0.24590043,46427,0.601921997,16322.66667,0.601921997,16322.66667,0.364882804,41306.75,0.364882804,41306.75,24.7461944017183,10.8308326792835,7.18791540512479,18,0.000241973052524317,10.5907001495361,1.66399493505575,0.662855443021492,1.58033437346771,0.000113104202907861,20751.7190831079,0.000778593808714391,0.0010077343637771,37.4833296279826,0.0262443947095466,0.288504947025888,0.00248869694396262,0.000229658773954692,74.8932581075656,121.87778685546,1.66399493717689,0.00523152187729412,2.04874923825264,0.00029643409462339,0.00148370694165538,16371.4462011419,0,2.63735107691828e-05,0.00081794512607966,8.60413816754251e-06,0.0123353448777871,3580.00565984807,0.00693267291868321,0.468697474986416,0.000173357190721262,0.639736823194053,0.605198997866339,2.17283879056302,1.02478360717387,2913.21020507812,2.76927389204502,69.9742640977977,2.49995832666035,236.108906914565,16348.9808959157,3.34140216751107e-05,16598,2.63499808311462,7138,2.5,0.459900350262798,16610.5,430.029743623842,0.00189900412083779,1.16369277238846,0.000582665936435064,24.9689960479736,0.0046484200243994,0.000262659279114004,1.15773020895066,0.000736399567523373,2.4553940968407,640,0.000175324374002736,0,0.00263920342640071,0.871151750234548,0.000615550543821703,4.89379978179932,5.32958925281245,31,45.968994140625,0,0,0,0,50204,0,0.000365518938235959,6.34844994544983,16226.9200193917,0.221470615082194,0.000148666474967557,2.37528411055033,0,0,0,1.45765342969187,0.00162249424105001,6274.53033447266,144.670660316683,2.02461248636246,6.62201586249856,2.49986134777142,79.5661148103613,90.5
"H12-09036 - 1",1,1,"7/11/2012",3005054,0,"9/10/1948 0:00:00",0,0,63,"Portugal",67,162,25.5296448712087,"CAKUT",4,1,45,0,2,2,1.8,41.77234646,1.5,51.98838981,1.8,41.77234646,1.9,38.9054594803115,1.5,51.02738867,6.06096459484425,0,0,1.61,46.29347566,1.84700404492212,0,0,1.86,0,1.33,55.5619262,"3/20/2024 0:00:00",140,0,0,0,"7/20/2012 0:00:00",0,2,1,1,4,0,20,0,0," ",0,0," ",0,0,0," ",0,0,0,0,1,1,73,1,0,160,60,23.4375,1,0,"Stroke (hemorrhagic)",1,0.6,94.71733696,0,1.68,95,1,0,0,1,1,0,2,2,0,0,18.10524532,1,0,0,0,18.10524532,0.106929116,4.34782608695652,22,1,0.043478261,5.43394e-07,353676.1591,145732.8241,288.7811619,69.08680042,2.46997e-08,112088,0,166.7393175,0,1.87718e-05,35644.56908,28985.8927,75.19925718,22.82872459,19400.42159,19380.75819,53.51871438,14.35875854,5.43394e-07,0.488612584,0.192185595,0.669112785,0.024228678,0.252942842,0.002953989,0.287224515,-0.771268584,1.55854e-05,0.747057158,760,22,363619.5,144596.5,0.44221615,154003.619,0.430268334,7.915616377,20.39762201,0.321005788,7.915616377,20.39762201,0.321005788,0.366775169,55148.57692,0.366775169,55148.57692,0.554433006,338035,0.554433006,338035,0.347390979,20214.38889,0.347390979,20214.38889,0.410389596,133750.5,0.410389596,133750.5,23.8342580954005,6.6258892071041,8.79489609574884,32.6666666666667,0.000644132604018981,16.9250653584798,2.0586921119593,1.60183054053015,2.70293653809053,0.000450507471657156,20994.287792671,0.000533441827294055,0.00264455180808782,62.3584155660706,0.0116022094178595,0.721570164476106,0.000318935175162963,0.00103800843781418,124.810187207635,152.324679726085,2.05869211402551,0.000995850541491721,3.60091853141785,0.000161632368764306,0.00111486014501871,72389.7763157895,0,0.000116510848049846,0.000423524332692939,0,0.00506353411226641,12850.7891288891,0.00475815892629578,0.697944645270066,2.71184028362381e-05,0.636901363214617,0.51769639710611,0.0952942015017405,1.16010738187393,7128.53552246094,1.83299934864044,61.3477372547228,2.04919436738931,270.058618733429,72329.8355263158,0,40482.9375,4.13586632410685,14946.6666666667,5,1.07810751897072,40508.625,383.764501987817,0.000899573508401518,1.04999995231628,0.000111564346706329,0,0.0115137312215124,0.000285061882859838,1.28358360950577,0.000118137157493466,0,339,0,0,0.00144190009397771,0,0.000346782904486102,5.07151237130165,3.25417428431285,16,28.9844970703125,0,0,0,0,0,0,0.000183114746351828,5,1359.56382768274,0.18078545872932,0.000124004460844624,0,0,0,0,2.76265653893736,0.00251124162207607,11081.8671875,123.135489132583,2,4.31333115631945,2.60871933827137,208.201825160108,585
"H12-12801 - 2",1,3,"10/12/2012",19250461,0,"7/30/1951 0:00:00",1,0,61,"Portugal",80,157,32.4556777151203,"Chronic pyelonephritis",4,1,33,0,2,2,1.7,33.90676343,1.4,42.80272305,1.5,39.4017518,1.4,42.5373461636107,2.09,25.97445691,-8.28144462680535,1,1,2.44,21.30356141,-5.30844618840267,1,1,0,0,4.54,9.972469655,"10/25/2019 0:00:00",84,0,0,0,"11/1/2012 0:00:00",1,1,1,1,3,0,16,1,0," ",1,6," ",0,1,1,"11/30/2019 0:00:00",1,1,0,0,2,1,67,0,0,170,85,29.4117647058824,1,0,"Stroke (hemorrhagic)",1,0.8,96.99936643,0,1.27,76,0,0,0,1,1,2,4,4,0,0,18.03480859,1,0,0,0,18.03480859,0.23649067,3.84615384615385,73,3,0.039473684,2.72045e-07,325336.5,132050.0116,273.1399673,66.81263428,1.11799e-08,77918.66667,8451.286927,145.0688007,8.26900251,1.46122e-05,43296.74892,40337.3243,79.30910688,29.38746027,0,0,0,0,4.58378e-07,0.524988418,0.088506265,0.632660171,0.033039967,0,0,0.139895428,-0.225761509,1.48954e-05,0,3921,123,339287.75,57948,0.178578261,69288.66667,0.196651048,5.624374241,26.49139538,0.252945479,5.624374241,26.49139538,0.252945479,0.560687158,50636.84,0.560687158,50636.84,0.77486962,206381.5,0.77486962,206381.5,0.573785901,19225.4,0.573785901,19225.4,0.541039044,97754,0.541039044,97754,21.4732918382185,28.1516075514467,3.49485241869048,116.833333333333,0.00183106504356343,18.4881143569946,1.23231075812979,0.115206683900886,1.6005846997013,0.000345784806650819,1294.59278415688,0.000112996662411812,0.00346262270263698,91.9070787265583,0.00514256003490882,0.108058747234609,6.8531754183424e-05,0.00104608444190699,208.587192788413,404.416574961251,1.23231075933438,0.00520163857988545,1.08409598469734,2.24982330327434e-05,0.000334391256299396,17671.9018987342,0.221722359467085,0.00012574197255258,0.00109169483700917,2.31528940633051e-05,0.00224289426344899,3765.40219987797,0.0010124258213027,1.36052490929559,0.000178985116223293,0.250087979338276,0.653363039232496,0.100954241315305,1.08888045543233,3524.84926757812,1.37095637586807,60.8153264591454,2.51941298829604,165.807971275957,17648.2167721519,0.00011420879154571,17477.55,3.33692133426666,58842.8333333333,101.82075976458,0.536645523261037,17495.9,1443.94900346546,0.000285907444441499,1.73981504404589,0.000584766475800925,36.9534912109375,0.00242153907847381,0.000574815451630552,1.16811062965882,1.74594103400364e-05,2.71473114164681,286,0.000687762724938349,0,0.000201332979040565,0.493156637097062,0.000137340050278887,6.73379974365234,1.11528649248837,264.6,12,231,0,0,1.48174333572388,2488,1.17085113313979,0.000365472661028485,8.39441976547241,9721.70157756168,0.20623540666238,0.000452563152578339,1.94574603873239,1.48174330392144,0.214756468672351,0,1.70643110125554,0.00032134972070972,67842.6890625,520.17797687523,7.92306393400879,2.54521177995157,2.3033172578494,67.2562820960064,43
"H12-15143 - 1",1,3,"12/2/2012",19690230,0,"2/20/1958 0:00:00",1,1,54,"Guinea Bissau",89,173,29.7370443382672,"Undetermined",5,1,53,0,1,2,2.8,19.45998304,4.4,11.31328905,2.2,25.99111304,1.9,30.7983015065515,1.6,37.3839419,3.29282019672425,0,0,1.63,36.10787512,1.32739340336213,0,0,0,0,2.5,21.09823607,"1/5/2021 0:00:00",97,0,0,0,"1/10/2013 0:00:00",0,2,2,1,5,0,18,1,0," ",1,6," ",0,1,1,"5/1/2021 0:00:00",1,0,0,0,1,1,65,0,0,170,70,24.2214532871972,1,0,"Stroke (hemorrhagic)",1,0.8,98.21343773,0,1.31,79,0,0,0,1,2,0,3,4,0,0,11.487668,0,0,0,1,0,0.10080244,5,57,2,0.033898305,2.41509e-07,370774.5789,156164.4164,289.2024628,85.09461447,8.47402e-09,113670.5,13889.5,167.6642951,2.276871171,1.21475e-05,47687.67213,38773.77655,81.23103056,25.02346933,22935.97744,26623.87877,53.28516922,15.6168738,4.91493e-07,0.534573755,0.089545568,0.579286094,0.069555156,0.2739235,0.015242982,0.154579177,-0.271533399,1.22501e-05,0.7260765,2867,116,377643,55452,0.156973617,72779.95455,0.179829106,5.091448245,29.27403448,0.227259565,5.091448245,29.27403448,0.227259565,0.534301352,166346.475,0.534301352,166346.475,0.530413003,1462090.5,0.530413003,1462090.5,0.43211815,15335.66667,0.43211815,15335.66667,0.617905789,289900.7727,0.617905789,289900.7727,25.5757458731868,33.5575445584378,4.86420719264434,434.285714285714,0.00114765207750892,9.33754260199411,1.42846701310636,0.769512611506405,0.358275733259628,0.000250773090791466,3510.37786911113,0.000655975142049282,0.00203568928849552,171.637699349038,0.0186285815386666,0.134991388399734,0.000968159479609733,0.00057908538743742,368.211436481517,727.391146973522,1.42846701294698,0.0012541338949423,2.15677426542555,0.000209635302271151,7.55824766874578e-05,87188.7065527066,0.212277596060262,7.97667939793803e-05,0.00177730154341506,2.16865734433591e-05,0.00857547502951457,20530.884005149,0.00577419605492869,0.267119965711134,2.90872207539057e-05,0.208921291941047,0.530413003135134,0.852875495657979,1.15066662431991,2174.944921875,0.894554206303188,59.5710547180673,2.0808969800528,131.421614689099,87118.8893637227,9.63899856388736e-05,10500.8,1.84961158888681,222946.714285714,1.42857142857143,0.850747760155977,10512.6,4762.06969364581,0.000168928279993256,1.09377939360482,0.000139637295969196,27.1968994140625,0.00275995621090676,0.000445955135967409,1.54853817405206,0.000267795480705594,2.59481927138357,460,0.000498303366021043,0,0.0018434114327052,0.740119354095503,9.21202975618179e-05,6.07751989364624,0.857169967481586,3786,10.1968994140625,0,0,0,0,13894,0,0.000768383645795941,10.5907001495361,12604.8560923765,0.237824648732881,0.000232920576579225,2.1649488689639,0,0,0,2.83089575435059,0.000162701802494641,1244020.375,1453.41954894097,1.59999998978206,2.20215463009562,2.47131001514049,87.1846571844263,65
"H13-03641 - 1",1,2,"3/16/2013",19084846,0,"1/16/1943 0:00:00",1,0,70,"Portugal",65,153,27.7670981246529,"Chronic glomerulonephritis (unspecified)",2,1,63,0,2,2,1.1,54.05610523,1.3,44.23682519,1.3,44.23682519,1.3,43.9625568783178,0,0,0,0,0,0,0,0,0,0,0,0,1.27,45.20604163,"1/24/2014 0:00:00",10,0,0,0,"5/3/2013 0:00:00",1,1,2,1,4,0,18,0,0," ",1,6," ",0,1,1,"6/4/2020 0:00:00",1,2,0,0,1,1,63,0,0,170,75,25.9515570934256,0,0,"Anoxia",5,1.3,61.72823435,0,1.13,65,0,0,0,0,0,2,2,2,0,0,5.738222322,0,0,0,0,5.738222322,0.06135675,0,27,0,0,1.72057e-07,353607.4259,137640.2829,292.2363838,68.86788,0,0,0,0,0,1.31401e-05,47768.60378,55589.1782,75.39293345,28.3424681,28894.39904,65206.30576,59.2787573,18.86790086,5.03427e-07,0.752597169,0.06084076,0.62768348,0.09845001,0.416537813,0.020226536,0.096929045,-0.168622916,1.34836e-05,0.583462187,2062,79,338145,52814,0.174637356,87488.9375,0.213805855,5.422339917,16.84074069,0.382547466,5.422339917,16.84074069,0.382547466,0.603910063,45802.86842,0.603910063,45802.86842,0.673158875,510340.5,0.673158875,510340.5,0.564118373,11895.23333,0.564118373,11895.23333,0.753128903,172956.5,0.753128903,172956.5,25.7995807829792,14.5638885476303,8.29856561139079,19,0.00154971746040333,1.39999997615814,2.10498619846778,0.352086567423945,0.00684431465595912,0.000816894098418231,11778.0558464692,9.87145417883503e-05,0.00273271624661178,45.254833995939,0.00752426782815746,0.705946418591778,7.48780332475182e-05,0.000793068491712435,91.492683119761,153.193124655793,2.10498619993973,0.115052089643131,1.88290452957153,2.02731000871048e-05,0.000127760538068821,218.666666666667,0.40466561314274,0.00024088133695432,0.00149606591464447,0,0.00374057056881425,24.9777779579163,0.000878877435427501,1.37690993604692,0.00761162900071335,0,0.673158875042584,0.149146958189191,1.3908650683302,1948.6780865009,1.28846527207749,12.2592592592593,2.48826435317071,128.951720480665,212.444444444444,0,10770.9230769231,1.02739727497101,10958,75.2432090966519,0.299031564442233,10789.1538461538,4025.53145495419,0.00131653544372335,1.76918826597217,0.0117784265350895,0,0.0016012023211845,0.000408072860038214,0,1.8047908525857e-05,0,0,0,0,0.0001802664395818,0,0.000511042152275285,5.50363823083731,0,738,0,0,0,0,0,0,0,0.000595196093638718,10.5907001495361,19338.4505415635,0.116479986765168,0.000286616874915976,0,0,0,0,3.33931441912915,0.000842415637223462,152663.6875,1284.25372193269,7.18185761738486,0,2.17394818624561,80.6469682686987,88.5
"H13-04616 - 1",1,2,"4/7/2013",9003708,0,"9/11/1987 0:00:00",0,0,25,"Moldavia",87,183,25.9786795664248,"Undetermined",5,1,49,0,2,2,2,46.62492768,1.7,56.665074,2.1,43.9734978,1.9,49.2775193573988,1.52,63.61,7.1662403213006,0,0,0,0,0,0,0,0,0,1.52,63.67133983,"7/20/2015 0:00:00",27,0,0,0,"4/26/2013 0:00:00",1,2,1,2,5,0,22,1,0," ",0,0," ",0,0,0," ",0,2,0,0,1,1,51,0,0,170,90,31.1418685121107,1,0,"Stroke (hemorrhagic)",1,1.8,45.00916566,0,1.14,65,0,0,0,1,2,2,5,5,0,0,43.5912,1,1,1,1,43.5912,1.653952273,13.3333333333333,26,4,0.133333333,1.31796e-07,435693.1346,124427.5026,322.9869243,53.07093024,2.02762e-08,137403.125,79095.82649,186.4857054,42.54799249,1.25814e-05,55022.69259,55024.48426,86.1081272,31.42270518,24443,7951,59.11969962,1.69148356,2.88936e-07,0.534938295,0.057422434,0.692263045,0.02450686,1.635037961,0,0.082948865,-0.362494315,1.27417e-05,-0.635037961,2482,57,412580.75,107181.5,0.245931151,126260.1579,0.263047972,5.858607718,15.65606008,0.40179707,5.858607718,15.65606008,0.40179707,0.527113649,47634.38462,0.527113649,47634.38462,0.415058987,345789.5,0.415058987,345789.5,0.552440514,14885.5625,0.552440514,14885.5625,0.486590666,100032.5,0.486590666,100032.5,16.0782912042076,15.4442714065667,5.20817503844133,9,0.000760585557368519,0,1.46499815041829,1.81699661407614,0,0.00026627888403548,4862.54959083615,7.75799368217155e-05,0.0015251957127939,14.3178210632763,0.0070485041802331,0.164060717964103,6.00251243114156e-05,0.000410112009290766,26.7718752942673,59.4387244598087,1.46499814967933,0.11543270276147,3.33223605155945,1.41813961767694e-05,0,98.25,0.418465375103253,8.39974310031253e-05,0.00180072756773288,1.13391704563365e-05,0.00324295616899032,39.6414747238159,0.000699050783391654,1.44898796486422,0.0143959279635817,0.0898209641170677,0.502170553697758,0.111136019395891,1.3594300148408,1412.39561462402,1.3412834918971,25.5,2.57990080106648,115.135047659941,93.625,6.70547457054818e-05,8024.3125,0,1210,56.9348659003831,1.14882133536155,8036.375,755.250195398404,0.0115663193641825,2.01709181778276,0.0196623393133691,36.5751953125,0.00147864267905097,0.000180530820749597,2.03641324004608,1.41518086366163e-05,2.58418019753113,105,0.000315474743287303,9.59070014953613,0.000127721854858496,0.967492056253088,0.00165289256198347,4.77306240797043,0.634120869048072,90.0714285714286,13.7875995635986,2932,237099.328125,35860.53515625,1.68514013290405,72931,1.13065752240619,0.00127433649345644,6.85227125031607,13246.1574820517,0.490686917649739,6.32524005418869e-05,2.57027248660971,1.68514013171559,0.301796184331254,2.78318262853621,12.7018009290006,0.00247457847800306,45578.7890973772,279.676171134568,8.18521197088834,2.32152126675712,2.31773561331344,209.63789231196,539
"H13-04616 - 2",1,2,"4/7/2013",16000972,0,"12/10/1965 0:00:00",0,0,47,"Portugal",78,184,23.038752362949,"Chronic glomerulonephritis (unspecified)",2,1,47,0,1,2,1.4,62.38473809,1.8,46.14291138,1.3,68.18674766,1.2,74.5956488865486,1.26,69.48392167,-2.5558636082743,0,0,1.18,74.24522919,-0.0876049241371497,0,0,1.5,0,1.45,55.70111123,"5/24/2024 0:00:00",134,1,1,1,"5/14/2013 0:00:00",0,2,2,2,6,0,20,1,0," ",0,0," ",0,0,0," ",0,0,0,0,2,1,51,0,0,170,90,31.1418685121107,1,0,"Stroke (hemorrhagic)",1,1.8,45.00916566,0,1.14,65,0,0,0,1,2,2,5,4,0,0,28.06469037,1,1,1,1,28.06469037,1.006474504,6.25,29,2,0.064516129,-4.25963566307986e-06,517793.2069,273647.0643,342.5051815,100.0907895,-2.93767976764128e-07,208646,9100,239.4019135,2.494758673,0,0,0,0,0,24393.01238,24481.18217,63.25717749,16.94359367,0,0.863892272,0,0,0,0.326002485,0.030369838,0.208916607,4.95405131,2.72239e-05,0.673997515,1250,37,529163,69089,0.090389465,98393.38462,0.156922551,4.954120706,13.13099127,0.457154304,4.954120706,13.13099127,0.457154304,0.493549293,187716.5,0.493549293,187716.5,0.680190065,787117.5,0.680190065,787117.5,0.403817713,7471.25,0.403817713,7471.25,0.553370347,307880,0.553370347,307880,13.6647241147187,26.2989809495613,4.4925731250713,15,0.000128854292452394,7.19689989089966,1.40085423408553,0.74521041955626,0.635837562728102,4.02447662981342e-05,2977.20726477268,0.000345476341563237,0.000549697010648916,39.3954312071844,0.00502331661255906,0.0252835854655407,0.000143124768974596,0.00011919912716848,78.2981497170732,111.709245433033,1.40085423382285,0.00343561005895117,2.33212018013,9.75770207006265e-05,0.00105064231983937,26361.0065645514,0.0965108449480088,1.26446763349481e-05,0.00180604638932626,3.02772483968593e-05,0.00188606168657322,5639.78939970421,0.00314583793592882,1.25035857893502,0.000102930218644398,0.632059775690818,0.489960487496909,0.0282754816921042,0.787959573139383,1363.85583496094,3.20374987125397,79.3600465774171,2.62301521762119,106.860848306082,26330.3320568928,0.00011214299110386,8107,1.9663599729538,6850,21.525,1.64523367397065,8122,1146.30927060974,0.00201106797228205,1.46285623908043,0.000387098961617258,18.5875968933106,0.0150840090067255,7.73703728808488e-05,1.0917952994653,6.03425992980045e-05,2.48198015516019,515,0.000507081975483155,0,0.00088857498520326,4.73287889778529,0.00081751823425293,4.99689960479736,4.63197781028773,188.5,36.968994140625,0,0,0,0,155560,0,0.000761831673708829,7.1984498500824,591.665118308228,0.215958063719728,4.38091895146727e-05,6.59486911296204,0,0,0,1.831983866158,0.00173934049751979,114764.81640625,459.680642879657,4.57720990180969,6.8192664999705,2.80494426127756,291.821863471536,2224
"H13-05503 - 1",1,2,"4/24/2013",19725235,0,"9/30/1951 0:00:00",1,0,61,"Portugal",63,160,24.609375,"Undetermined",5,1,74,0,1,2,1,64.09513135,0.9,72.73342361,1,64.09513135,1,63.6977415373697,0.85,76.45736178,6.37981012131515,0,0,0.77,85.02196416,5.33105565565757,0,0,0.92,0,0.91,66.80865885,"4/9/2024 0:00:00",132,1,1,1,"5/2/2013 0:00:00",0,2,2,1,5,0,19,0,0," ",0,0," ",0,0,0," ",0,0,0,0,1,1,62,0,0,170,80,27.681660899654,1,0,"Stroke (ischemic)",1,1.8,42.03295075,0,1.35,82,0,0,0,1,0,2,3,2,0,0,9.302603962,0,0,0,0,9.302603962,0.47636067,2.77777777777778,70,1,0.014084507,3.28282e-07,416328.2714,220749.2575,309.7838583,104.8315847,4.68974e-09,68923,0,115.2605744,0,1.83322e-05,58645.46457,73454.72782,85.28136539,30.21337437,31893.63372,29321.85706,63.99485598,17.53290032,7.40979e-07,0.69980367,0.136672954,1.075099694,0.049372072,0.372768054,0.022956911,0.127125842,-0.840696075,1.84324e-05,0.627231946,3909,158,391443.25,25189,0.051513851,69977.1875,0.153364843,4.850588129,16.18154059,0.398588925,4.850588129,16.18154059,0.398588925,0.738635457,37392.54688,0.738635457,37392.54688,0.971268671,346235.5,0.971268671,346235.5,0.723240328,18634.90741,0.723240328,18634.90741,0.821769154,138683.8,0.821769154,138683.8,17.8868243202968,27.7465054954375,3.41196153358029,129.875,0.000645250612379275,6.96957015991211,1.22018384609939,0.0666927226605524,0.234967725438631,0.000134698311779733,1359.23318354023,0.000314827701003471,0.00137864209572948,80.0535258997959,0.00398856312676832,0.0423491084890795,7.49059753962819e-05,0.00034110974082472,163.946294379716,433.420476108084,1.22018384573633,0.000597343874526581,1.10359491242303,7.97935190820566e-05,0.000151767051217969,171720.052459016,0.149726420143057,5.11318637446102e-05,0.00105388523479691,0,0.00128141323561655,31754.9197801934,0.0027884562579157,1.20568322862716,1.19899507858311e-05,0.0314408833045573,0.971268671304911,0.0148539464479912,1.33627208370455,3609.73447091239,2.96248237223461,44.6958532025981,2.57610830091176,184.668449466238,171622.095901639,0,18871.1071428571,1.6216489225626,58180.875,35.6551724137931,0.144727817763762,18891.0714285714,2264.04999872455,0.000413524655742619,1.57684103990423,6.66191768508527e-05,0,0.0158038855370694,0.000677116483770242,1.54469375207698,3.37495980374629e-05,0,197,0,0,0.000705315154777907,0,0.000186867350778456,6.12545776367188,0.482560063399626,828,7.393798828125,0,0,0,0,0,0,0.000421741904745765,10.393798828125,513.703340878596,0.183336680887808,0.000564018699602134,0,0,0,0,3.0739448555564,0.000293646766921677,50127.05859375,801.841116839504,5.23649518243198,1.79182792904623,2.47579596857035,54.767213338109,29.1111111111111
"H13-05628 - 2",1,2,"4/29/2013",19768006,0,"2/6/1952 0:00:00",1,0,61,"Portugal",57,162,21.7192501143118,"ADPKD",4,1,70,0,1,2,0.9,72.73342361,0.9,72.73342361,1.1,57.16810805,0.8,83.2560974527622,0.77,86.08612293,1.4150127386189,0,0,0.78,83.71561667,0.114879804309449,0,0,0.84,0,0.82,75.86197484,"4/15/2024 0:00:00",132,1,1,1,"5/6/2013 0:00:00",0,2,1,2,5,0,21,0,0," ",0,0," ",0,0,0," ",0,0,0,0,2,1,65,1,0,160,65,25.390625,1,0,"Stroke (hemorrhagic)",1,0.6,99.54914625,0,1.37,83,0,0,0,1,2,0,3,5,0,0,5.09529932,0,0,0,1,0,0.163800126,3.7037037037037,52,1,0.018867925,5.727e-07,298724.0192,149880.863,267.6501875,79.54710869,1.10135e-08,156211,0,188.6080592,0,3.52541e-05,37012.59778,38054.60584,73.35271325,23.03849276,21103.61733,21926.63645,55.85001564,13.8517603,1.99344e-06,0.681849314,0.17107912,1.304844505,0.241590167,0.358570735,0.008829939,0.131110733,-0.967322693,2.10668e-05,0.641429265,3201,181,273673,48774,0.162657747,58400.64286,0.178591358,5.510553595,17.41689281,0.412005349,5.510553595,17.41689281,0.412005349,0.633258049,79498.07609,0.633258049,79498.07609,0.902937806,1801233.5,0.902937806,1801233.5,0.551417119,16283.25758,0.551417119,16283.25758,0.841008101,239966.4615,0.841008101,239966.4615,16.3736059325422,17.3916431639536,5.61836449241054,1.5,0.000356325502896395,0,1.53080092267629,0.187941505843924,0,0.000105258090671291,6650.15918326112,0.000528734340394928,0.001168542429371,6.67132504145527,0.00338077405479654,0.0992905732824542,0.000180398239734931,0.00032515083604859,12.4711711404911,17.5161695189997,1.53080092331355,0.0871306284682966,1.39696059985594,0.000152734645685361,0,445.16,0.379398053843723,2.93707923871532e-05,0.00155602416244749,0,0.000996795228703439,57.7568963050842,0.00466408296378148,1.14877737638363,0.00611981009314599,0.00750907426493653,0.902937806292138,0.0434925387769425,1.48846311340616,3516.10005987258,2.05543786633081,20.0376470588235,2.44329384990996,164.325957157232,446.38,0,16022.619047619,0,142,32.0455801104972,0.303727610618781,16041.7619047619,5344.95194463972,0.105448474486669,1.75341282661449,0.00986144474231427,0,0.012269166569691,0.000396784604485018,1.38381207615311,7.41136434914922e-05,0,432,0,0,0.0013471288697457,0,0.0132604196055415,6.70985689617339,0.220732209335624,4682,10.5968990325928,0,0,0,0,0,0,0.000514191821540271,11.393798828125,825.316495766234,0.126053332959069,0.000304053791401217,0,0,0,0,7.42660444534902,0.0160435038132039,547138.5625,1863.60277838571,6.13136610438152,1.9360776917518,2.35047064719566,92.7993028693223,108.409090909091
"H13-09897 - 1",1,2,"7/26/2013",19530801150,0,"8/8/1953 0:00:00",0,1,59,"Portugal",75,179,23.4075091289286,"Undetermined",5,2,33,0,2,1,1.1,77.33012028,1.4,57.89836037,1.7,45.86497934,2.1,35.371684822315,1.62,47.69785705,6.1630861138425,0,0,1.3,61.34551929,6.49345861692125,0,0,1.77,0,1.76,40.88714977,"5/21/2024 0:00:00",130,0,0,0,"8/2/2013 0:00:00",0,1,1,1,3,0,16,0,0," ",0,0," ",0,0,0," ",0,0,0,0,1,0,71,1,0,160,75,29.296875,1,0,"Stroke (ischemic)",1,0.9,68.34770789,0,1.51,90,1,0,0,0,2,2,4,3,0,0,41.9768,1,1,1,1,41.9768,0.048195867,0,50,0,0,1.29042e-07,352523.77,161431.6827,284.5908654,97.37884428,0,0,0,0,0,1.16344e-05,36486.01985,30253.3112,73.71508283,21.34448943,20755.90022,21214.88838,54.23632247,14.85689443,3.27766e-07,0.333237136,0.045490263,0.424492908,0.031791965,0.310674933,0.014403758,0.107163777,-0.03902883,1.19947e-05,0.689325067,4508,127,424849.5,157826.5,0.468815788,178561.0667,0.468598636,6.449465075,27.10142902,0.207793877,6.449465075,27.10142902,0.207793877,0.345450901,51456.29825,0.345450901,51456.29825,0.494818997,505121.5,0.494818997,505121.5,0.305657303,15079.05405,0.305657303,15079.05405,0.419069057,118754.2,0.419069057,118754.2,28.643134188627,21.8906238212377,16.0715820449771,27.5,0.000224397539790061,14.2571929295858,3.11610895178535,3.34825436265528,2.82208255441773,0.000184376101003265,152417.565367543,0.000304544724104838,0.00102103887171693,52.0020937994351,0.00203388784824066,1.58020325297606,0.000470945432358647,0.000243224089968915,104.213424099731,136.35052829673,3.11610895257635,0.00687438921011444,5.45441659291585,7.08945571310029e-05,0.00144994642386743,13533.6483870968,0.263609032999782,3.63285900608392e-05,0.00124416802503872,0,0.00057040260388611,3447.07278801087,0.00270772318990172,1.08132834450111,0.00024740526534909,0,0.413354289546402,1.77250842235619,1.14366750669816,3293.53891427176,2.13283662487708,73.9886248232325,2.19396901440014,168.38970198814,13514.2016129032,0,15243.1785714286,3.99485666222043,11727.6666666667,21.7294413057125,3.3787025644142,15262.1428571429,922.163398487404,0.0015848541748493,2.46277708028445,0.000781198528653446,0,0.000850901213988065,0.00040403169709002,0,0.000105045455443155,0,0,0,0,0.000629898477562816,0,0.000588240572810903,6.70874977111816,0,86,0,0,0,0,0,0,0,0.000522944060882973,7.38343655435663,62108.0278456076,0.247747185625097,0.00012454624607702,0,0,0,0,1.69811248601611,0.00296114530226351,181012.764597039,345.909678247614,8.36022150030094,0,2.27587659708741,208.074920110863,468
"H14-10806 - 1",1,2,"8/5/2014",19671190,0,"11/7/1945 0:00:00",1,0,68,"Portugal",45,153,19.2233756247597,"Undetermined",5,1,61,0,1,2,0.9,69.63490339,0.8,80.20658109,0.82,77.86483469,0.8,79.7093002861342,1.17,49.88752195,-14.9108891680671,0,1,1.01,58.77969148,-5.23240220153355,0,1,0,0,1.01,56.89145125,"2/6/2024 0:00:00",114,1,1,1,"8/12/2014 0:00:00",1,1,2,1,4,0,20,0,0," ",0,0," ",0,0,0," ",0,0,0,0,1,1,73,1,0,160,70,27.34375,0,0,"Head Thrauma",2,0.6,94.71733696,0,1.25,75,0,0,0,0,2,2,4,1,0,0,45.48193238,1,1,1,1,45.48193238,0.082976329,0,27,0,0,2.07957e-07,390468.3333,147871.1171,299.0357708,77.19921544,0,0,0,0,0,1.09601e-05,47252.75123,48999.52345,81.56923789,30.79963551,25468.73772,27021.42101,58.32687397,17.45676296,2.61871e-07,0.423788526,0.081200536,0.517894519,0.064988888,0.271512021,0.014640384,0.156789719,-0.596503625,1.09606e-05,0.728487979,1423,34,429566.5,188070,0.453182453,208660.2083,0.495233927,7.991993907,30.64878191,0.225814438,7.991993907,30.64878191,0.225814438,0.333846453,29804.54545,0.333846453,29804.54545,0.473702943,101878.5,0.473702943,101878.5,0.284022641,13185.3125,0.284022641,13185.3125,0.466709953,74122.5,0.466709953,74122.5,4.67005369553298,19.396933636965,1.8393798828125,204,0.121268703937531,26.1968994140625,1.05662257671356,0.658698449817626,3.76163086617804,0.0176853208277343,47.1574951171875,0.000371906978483903,0.0547679919940192,155.544205935162,0.00431374307079177,0.438990571423111,0.000710653757947006,0.0277408256985961,315.5897623754,411.828166704499,1.05662259279259,0.000886192116397896,2.78895926475525,0.000107051363653333,0.000257036464389,103712.131147541,0.323891416144744,0.0107620625988039,0.00112706957558276,0,0.00173079412279092,20801.8139133855,0.00331314519117582,1.26985537248526,2.03201472226402e-05,0,0.0392232270276368,1.48182686895709,1.4680859199654,3440.23975372314,1.69671964982453,62.4521291763864,2.46603830119325,168.978444362871,103640.612412178,0,17580.0625,5.79695558547974,101919,33.5994344957587,2.5300269549985,17598.75,201.899494936612,0.000156161460009488,2.06440106256181,0.000100348041203549,0,0.00143673930635681,0.000105205459288879,0,0.000178703149062055,0,0,0,0,0.000958231338299768,0,6.86816931329965e-05,6.49688339233398,0,2,0,0,0,0,0,0,0,0.000486213171193868,3,42617.2529473375,0.200001518999985,6.85500402929699e-05,0,0,0,0,2.53840404198532,0.000519264892179481,1055.02124023438,98.9051114566134,7.51095871561322,0,2.50822298527777,113.595774569303,188
"H14-11086 - 2",1,2,"8/11/2014",99002504,0,"12/30/1963 0:00:00",0,0,50,"Portugal",77,163,28.9811434378411,"Undetermined",5,1,17,0,5,2,2,39.91103418,1.7,48.50542012,1.63,51.01570009,1.5,56.0168208846447,1.47,56.68199817,0.332588642677649,0,0,1.38,60.3905569,1.09343400383882,0,0,0,0,1.75,43.95122457,"4/2/2024 0:00:00",116,1,1,0,"9/8/2014 0:00:00",4,2,1,0,3,0,18,0,0," ",0,0," ",0,0,0," ",0,0,0,0,2,1,53,0,0,170,55,19.0311418685121,1,0,"Stroke (hemorrhagic)",1,0.5,121.9627585,0,1.12,63,0,0,0,0,1,2,3,3,0,0,7.974794542,0,0,0,0,0,0.28792698,0,28,0,0,2.16665e-07,529924.2679,272088.864,341.737474,107.181583,0,0,0,0,0,9.72671e-06,45118.40613,82117.24697,71.96377603,29.32757654,21812.79964,25992.9593,51.10867277,16.51172989,2.78569e-07,0.549450837,0.11481602,0.43885361,0.072687461,0.283279671,0.013854498,0.261627152,0.072926593,1.09472e-05,0.716720329,1257,36,569757,231360,0.385411522,226795.2083,0.388859832,6.704538948,27.5157468,0.296563492,6.704538948,27.5157468,0.296563492,0.518133923,279995.7222,0.518133923,279995.7222,0.711725394,2343183.5,0.711725394,2343183.5,0.494882249,19526.07143,0.494882249,19526.07143,0.599514783,1191639.5,0.599514783,1191639.5,28.7494483622163,26.0767891535055,12.2323681248947,64,0.00232882328159306,3.59689998626709,2.94910939348059,1.0831384591225,0.0114970785640674,0.00166093484797644,29462.8460048105,0.000495092202873212,0.0127720337959187,67.2309452558864,0.000924884512068525,1.69630373004445,0.000511722513964766,0.00906887187613567,146.889460286639,287.204735667319,2.94910940092531,6.05713401796317e-05,3.66306447982788,0.000156929723166729,0.000114580147370894,2366362,0.321165351576323,0.000555639887650335,0.00077074423776188,0,0.000235203323719182,686562.4375,0.00436163310193984,1.72701580435239,1.08501116968053e-06,0,0.273506723897123,0.367958153786285,1.29240538117601,4496.44868977865,1.99961437316651,103.845436893204,2.67997786338046,208.396609143872,2365590.5,0,22531.75,1.4975780248642,31392,133.286415711948,3.36950794274642,22544.6666666667,381.80613254816,0.00049106950661175,1.78305171476448,6.84464063685686e-06,0,0.00433040386088331,0.000110380983309481,0,0.000152193321669043,0,0,0,0,0.00138495404559892,0,0.000235531338614912,6.297416528066,0,13,0,0,0,0,0,0,0,0.000332509349120023,7.59069967269897,6787.07787927273,0.290134154241828,6.49672542606975e-05,0,0,0,0,10.4681904583968,0.000256748231857422,34561.04296875,117.19830679767,8.0731508766961,0,2.26740057416183,635.97877323068,2200
"H14-12052 - 2",1,1,"9/4/2014",19078464,0,"9/25/1958 0:00:00",1,0,55,"Portugal",71,163,26.7228725206067,"ADPKD",4,1,20,0,1,2,1,66.53207791,1,66.53207791,1.05,62.74858381,0.9,75.0307121425563,1.17,54.08851158,-10.4711002812781,0,1,1.03,62.24742346,-3.19582217063907,0,0,0,0,1.72,32.49932276,"4/17/2024 0:00:00",115,1,1,1,"9/15/2014 0:00:00",0,1,1,1,3,2,20,0,0," ",0,0," ",0,0,0," ",0,0,0,0,2,1,68,0,0,170,80,27.681660899654,1,0,"Stroke (hemorrhagic)",1,0.9,93.02931609,0,1.31,79,0,0,0,0,1,2,3,3,0,0,13.21940546,0,0,0,0,13.21940546,0.18839923,0,11,0,0,2.08942e-07,447209.8636,150333.4309,334.8052699,62.38352331,0,0,0,0,0,1.00102e-05,59814.81499,59070.88753,90.08343971,33.15624104,30134.40136,40125.63853,63.14054189,27.82280906,4.55874e-07,0.608113496,0.093441101,0.59876067,0.099543558,0.174263826,0.033297605,0.156057512,-0.521889347,8.77464e-06,0.825736174,527,24,431113,144750,0.391165997,155683.0909,0.367724853,6.569129663,20.0338347,0.355522799,6.569129663,20.0338347,0.355522799,0.474389665,55800.2,0.474389665,55800.2,0.803483987,318899.5,0.803483987,318899.5,0.370595332,14850.21429,0.370595332,14850.21429,0.716576442,151350.1667,0.716576442,151350.1667,29.4465311552106,4.86821284494592,9.64503906186947,23.3333333333333,0.000885750209239943,10.5896657307943,2.24874016667201,0.819279396207194,1.86178694932865,0.000606285833012762,25113.3458030007,5.81245665265026e-05,0.00249904564270314,50.4508049567016,0.0359190687323396,0.914329784667671,6.23701413379699e-05,0.000692313658918381,102.017927964895,114.760656435153,2.24874016604388,0.00245236704190241,2.62736845016479,1.22163122696149e-05,0.00118925453257301,34379.5523809524,0,0.000161162790395172,0.000531709888678148,0,0.0185660107007196,5728.49998099918,0.00051630482929456,0.190448139862274,8.06335843380203e-05,0,0.897337209658388,0.184956250398534,1.13045462391068,5709.90704345703,0.96351557970047,53.4800858482724,2.03651210443224,234.806713083398,34345.4357142857,0,35783.875,3.01397482554118,9321,1.25,0.234887775614098,35817.5,673.61226509632,0.00129394144062618,0.952330470085144,0.000275866751067803,0,0.000829034653372139,0.000218165905963187,0,1.34942677264876e-05,0,0,0,0,0.000108518454235287,0,0.000386628105223478,5.39612472057343,0,74,0,0,0,0,0,0,0,0.000203196099204577,5.69689989089966,26300.1701253255,0.17324980919743,0.000125837670571284,0,0,0,0,1.7365369865518,0.00276352862307131,5302.24523925781,224.611925518563,1.34999999403954,0,2.62360998912595,173.104014973657,577
"H14-15235 - 1",1,2,"11/9/2014",13005588,0,"9/8/1947 0:00:00",0,0,67,"Portugal",68,170,23.5294117647059,"Diabetic nephropathy",1,1,51,0,2,1,1.7,43.63883435,1.9,38.18629524,2.13,33.29326005,2.04,34.8461369115083,1.85,38.69926799,1.92656553924585,0,0,0,0,0,1,1,0,0,2.28,29.88950955,"11/25/2018 0:00:00",49,0,0,0,"11/25/2014 0:00:00",0,2,2,2,6,57,22,0,0," ",1,6," ",0,1,1,"12/15/2018 0:00:00",2,0,0,0,1,1,57,0,0,170,82,28.3737024221453,1,0,"Stroke (ischemic)",1,0.9,99.61641579,0,1.1,62,0,0,0,2,1,2,5,5,0,0,40.98462533,1,1,1,0,0,1.169200159,46.6666666666667,16,14,0.466666667,7.26961e-08,400010.2813,191715.7392,295.7102446,84.32793867,6.36091e-08,76763.78571,27895.71042,126.328928,32.03795431,1.17904e-05,45276.37534,39575.42423,81.88652324,29.40836015,0,0,0,0,2.63523e-07,0.255057732,0.029079173,0.533826248,0.01120367,0,0,0.054473104,-0.288281719,1.19249e-05,0,2595,58,328230.25,150030,0.445421273,179675.4375,0.463502715,7.982520205,32.46153403,0.173165409,7.982520205,32.46153403,0.173165409,0.282007045,39288.83333,0.282007045,39288.83333,0.366358332,158392,0.366358332,158392,0.255941918,14430.14286,0.255941918,14430.14286,0.37323499,126294.25,0.37323499,126294.25,37.3022086053829,36.4025174802332,17.4583293245389,281,0.00021346540937932,19.5782966613769,3.2594689979003,3.64249791750674,2.50712773256364,0.000194947766760787,181319.764022436,0.000478233482424783,0.00095804542601572,146,0.00135582718835102,1.81725035152351,0.000548414832122343,0.000200448082660695,385.195905247237,596.424136848926,3.25946899246645,0.0872222222222222,5.23352575302124,0.000140379791512907,0.000123518479930456,106.4,0.0784477010695751,3.68858599660916e-05,0.00129477842033156,6.11696994136532e-05,0.000345557399680583,7,0.00418407449473043,1.35991405911136,0.00595495977966483,0.83720849557997,0.191474224608759,0.87491114589236,1.26832031542417,2585.91064453125,3.72850349450797,6.2,2.40866966863377,148.626130081793,103.6,0.000436613284658721,12885.25,4.21801948547363,158505,58.7866868381241,4.63457000225328,12906.75,478.682286887658,0.000119838855986298,2.18896720539243,0.00648586612166022,11.6504993438721,0.0017419279016808,0.000446946452892824,1.30694528908774,0.000138857354397452,2.57496637381782,146.75,0.00173933156063717,7.09844994544983,0.00122764328451048,4.57609067460288,9.07706257702894e-05,5.79612481594086,4.90229417107674,33.3333333333333,27.6821718215942,144,251429.9140625,15705.3447265625,6.13504886627197,78691.2857142857,16.3647515014365,0.000508160337326053,6.86149978637695,23200.4806507182,0.0477633140310217,8.61281816733557e-05,5.64536484751318,6.13504872423537,4.43611215444712,4.4616438389112,12.1672212312786,0.00027902296298022,81846.3912760417,168.682757111202,8.7393449377184,5.9409612267106,1.14254305870248,120.702112657567,157
"H14-15379 - 2",1,2,"11/12/2014",6007619,0,"9/25/1948 0:00:00",0,0,69,"Portugal",85,171,29.0687732977668,"Diabetic nephropathy",1,1,31,0,1,2,2.4,28.49419171,2.3,29.98723539,1.92,37.24331734,1.9,37.4804246905571,2.06,33.59434243,-1.94304113027855,0,0,0,0,0,0,0,0,0,2.06,34.17385053,"12/25/2017 0:00:00",37,0,0,0,"11/21/2014 0:00:00",0,1,1,1,3,3,21,0,0," ",1,6," ",0,1,1,"12/25/2017 0:00:00",1,1,0,0,2,1,69,0,0,170,80,27.681660899654,1,0,"Stroke (ischemic)",1,0.7,99.74254616,0,1.28,77,0,0,0,1,1,2,4,4,0,0,19.15668873,1,0,0,0,19.15668873,0.508853106,8.33333333333333,45,5,0.1,2.57676e-07,299637.6111,165816.7406,251.38577,99.10508001,2.86306e-08,117951.4,59563.70322,144.767743,72.27378912,1.60503e-05,35726.67677,28807.39316,75.39009174,22.83895122,30114.53243,36656.25091,59.802128,17.30856596,4.52364e-07,0.444402471,0.077209324,0.573425004,0.021233569,0.352997437,0.012318244,0.134645896,-0.166900391,1.446e-05,0.647002563,2803,79,312449.5,118546,0.384344435,156557.3939,0.43118717,6.641476043,26.39041787,0.253188727,6.641476043,26.39041787,0.253188727,0.482265998,54462.13333,0.482265998,54462.13333,0.403497088,449465,0.403497088,449465,0.467313898,16467.36364,0.467313898,16467.36364,0.523384273,158947.75,0.523384273,158947.75,26.4872338521876,26.0179756849744,13.2052728308553,111.666666666667,0.000981703682939613,8.79276609420776,2.99279884716322,3.23113043519378,0.304524976576015,0.000814958605810873,40524.2058862322,0.000482325997737244,0.00509382241283534,92.2329001675438,0.000823323886153875,1.7098909270939,0.000377382275161685,0.00247020038064626,187.985157562647,438.69872943712,2.99279884668498,0.0880721506394949,4.62941706180573,0.000136780111779204,0.000150277325734679,228,0.249520385223936,0.000206309647413552,0.00117899296292908,0,0.000264720839298711,37.458916982015,0.00417751593686198,1.29149461028715,0.00557105266755156,0.0267665070806748,0.40349708779389,0.353740790900538,1.12663200636133,3436.33463541667,2.28873344920109,12.5555555555556,2.41166059882274,159.448158659162,229.666666666667,0.0138888888888889,15689.8333333333,1.92397125562032,62151.6666666667,137.504867872045,4.10449285436245,15704.3333333333,3242.08867069207,0.000280087496830536,2.0060428279829,0.008206713428397,1,0.00348933468713299,0.0023205132516838,1.35494779522589,0.000103195820119644,0,252,0.0138888888888889,9.1968994140625,0.0011784810483588,0,0.000131111244299542,6.6583997408549,0.34748470959673,1086,14.5906982421875,118823.5,186920.21875,30384.427734375,7.65563130378723,5,1.66350783906286,0.00246297910260496,11.393798828125,7522.14288379894,0.11173536996415,0.00040014233598628,0,7.65563134906728,6.31336122965354,3.97339070106073,7.90753985347906,0.00023152699494677,1845277.375,1373.80644174965,9.47580621703444,3.25092572773973,1.9126264540887,63.2160978155567,26.375
"H14-17337 - 2",1,2,"12/20/2014",19716291,0,"5/4/1958 0:00:00",0,0,56,"Portugal",72,170,24.9134948096886,"Chronic glomerulonephritis (unspecified)",2,1,43,0,2,2,2.1,36.26266993,2,38.44916705,1.72,46.07748796,1.5,53.9650286776293,1.28,64.47152518,5.25324825118535,0,0,1.11,75.54927798,5.39606232559268,0,0,0,0,1.04,79.2939512,"2/16/2024 0:00:00",110,1,0,0,"12/31/2014 0:00:00",2,2,1,1,4,0,23,0,0," ",0,0," ",0,0,0," ",0,0,0,0,2,1,64,0,0,170,90,31.1418685121107,1,0,"Stroke (hemorrhagic)",1,0.7,102.8929191,0,1.18,69,0,0,0,1,2,2,5,3,0,0,37.9442,1,1,1,1,37.9442,0.328092896,8.33333333333333,45,3,0.0625,1.38794e-07,338252.3,211209.7158,259.6682031,124.9117105,9.2529e-09,94296,25837.71699,159.3210405,24.97610965,8.88587e-06,53447.37956,49742.69269,84.89090583,29.22154282,27713.53612,29868.60889,61.09259248,15.15707656,2.18985e-07,0.292167626,0.046947232,0.474926489,0.01213466,0.560332648,0.002952473,0.098851576,-0.271974441,9.46534e-06,0.439667352,2881,71,348375.5,161482,0.507309248,200317.4063,0.480842677,8.401057941,33.46782895,0.19104803,8.401057941,33.46782895,0.19104803,0.415574184,92386.88462,0.415574184,92386.88462,0.597642716,345646,0.597642716,345646,0.314501732,21215.64286,0.314501732,21215.64286,0.533492044,175420,0.533492044,175420,36.3456281332202,24.251508987561,21.8181836586532,31.3333333333333,0.000190409769601602,14.6635653177897,4.2414146229787,3.02396498219708,2.73276339463714,0.00020254973108003,322365.512405229,0.000451715838430429,0.0011704403617611,62.5020699912119,0.0579114967658031,2.57750156140706,0.00108455490269127,0.000288316090535945,124.736746929362,153.661193240666,4.24141461911764,0.00327132644234766,5.78937530517578,0.000130621126794645,0.0011486702232603,34129.8127925117,0.143710027988387,3.9910282487027e-05,0.00060675013420452,3.9996974478882e-05,0.0255012333473302,9135.32613379944,0.0039742157919133,0.101931071713533,0.000107961274645468,0.800070550736688,0.574042589813041,3.79433135581985,1.1596740544959,6750.39443359375,2.2065591679679,103.447266849847,2.37452897768558,277.99192031619,34095.7043681747,0.00044220745784781,30918.8,4.18591324488322,15925,1.22222222222222,2.3342664919183,30952.6,1261.40115370178,0.001310582058324,0.973215036922031,0.000374379293516423,18.1813983917236,0.00142164759487175,0.000228871713869474,1.09737992654056,0.000294680263375683,2.25928046234992,170,0.00249984853454195,0,0.00115134120647111,4.34707130454073,0.000516262033203748,7.43503971099854,4.1549071666058,189,23.9720954895019,55983,0,0,5.09194898605347,115050,1.02215507484391,0.000258094888893628,8.93023300170898,119483.034688675,0.268810922439325,7.94230389315001e-05,5.22872464001472,5.09194896965912,3.80305397045308,0,1.82045865396308,0.00206246009489329,271492.8203125,434.412233377084,1.35555554760827,5.26066515315804,2.39351295450888,184.149122691589,399.5
"H15-00504 - 1",1,2,"1/14/2015",8013082,0,"2/28/1947 0:00:00",0,0,67,"Portugal",62,168,21.9671201814059,"Diabetic nephropathy",1,1,67,0,1,2,0.9,93.60969621,1.3,60.21155238,1.41,54.61964989,1.4,54.7466055408156,1.32,58.0256624,1.6395284295922,0,0,1.27,60.02640637,1.3199502072961,0,0,0,0,1.47,49.369164,"5/16/2022 0:00:00",88,1,0,0,"1/23/2015 0:00:00",0,1,2,2,5,0,25,0,0," ",1,6," ",0,1,1,"11/19/2022 0:00:00",4,1,0,0,1,1,70,0,0,170,80,27.681660899654,1,0,"Stroke (ischemic)",1,0.5,109.726142,0,1.25,74,0,0,0,0,1,2,3,3,0,0,22.3038,1,1,0,0,22.3038,1.130601971,0,33,0,0,2.56232e-07,461496.6364,182442.9617,337.1075759,85.1563472,0,0,0,0,0,1.80294e-05,41984.57709,33716.41146,83.0625363,24.08298509,0,0,0,0,2.32938e-07,0.46446192,0.118250234,0.756957555,0.006986396,0,0,0.156217787,-0.031398106,1.82857e-05,0,2322,30,475916,80382,0.223813712,110038.16,0.225599034,5.431608221,22.42939024,0.426728271,5.431608221,22.42939024,0.426728271,0.537021173,26519.33333,0.537021173,26519.33333,0.72922399,157216.5,0.72922399,157216.5,0.512995821,10182.1875,0.512995821,10182.1875,0.72922399,157216.5,0.72922399,157216.5,35.9106952150102,25.2844650842563,9.58126300793022,12,0.000938293022382509,9.59069943428039,2.21289712322432,0.710651900947295,1.68628336629163,0.00064703620272867,23902.2305171882,0.000287364837214713,0.00314933756790626,41.3823704754364,0.00211017321930932,0.996960595431615,0.000139158501057587,0.000968569860395931,84.2918961507742,93.0905784462132,2.2128971233761,0.2,2.58190560340881,7.82298118427694e-05,0.00153311780343372,51,0.440064467823636,0.000165140228834125,0.00145876266414147,0,0.000875733247712767,5,0.00254186792966955,1.51826305211382,0.0196078431372549,0,0.456806516429646,0.102260947928768,1.50976796642461,1445.58357747396,1.58110639249861,5,2.53642116281936,128.841222652828,50.5,0,8622,2.85567045211792,6158.5,191.635359116022,2.2022327197555,8636,458.885329232572,0.00229289551077231,1.60024445820909,0.0196078431372549,0,0.0071653981529736,0.000495984471732658,0,4.58209843142815e-05,0,0,0,0,0.000693310346432888,0,0.000785520285588421,3.99896653493245,0,29.3333333333333,0,0,0,0,0,0,0,0.00066321460851613,6.13126659393311,3035.74722977158,0.0980392156862745,0.000302241818495159,0,0,0,0,8.29668413977688,0.00256903328821619,31929.0546875,153.964012576833,7.6515264107158,0,2.61803398874989,194.558474500598,206
"H15-06802 - 1",1,1,"5/25/2015",19617487,0,"1/21/1945 0:00:00",1,0,70,"Portugal",46,156,18.9020381328074,"ADPKD",4,1,69,0,1,2,1.5,37.25687826,1.8,29.93566895,2.49,20.28041123,1.7,31.8622367523197,3.43,13.55376673,-9.15423501115985,1,1,2.17,23.18778447,-2.16861307057992,1,1,0,0,2.4,20.04381683,"1/17/2024 0:00:00",104,0,0,0,"6/2/2015 0:00:00",0,2,2,1,5,0,18,0,0," ",0,0," ",0,0,0," ",0,0,0,0,1,1,72,1,0,160,60,23.4375,1,0,"Stroke (ischemic)",1,0.8,78.23588038,0,1.65,94,1,0,0,1,1,2,4,2,0,0,10.98961376,0,0,0,0,10.98961376,2.197233949,7.69230769230769,36,3,0.076923077,4.32715e-07,327811.4167,174610.8804,269.7406101,93.23493589,3.60596e-08,94342.5,61061.23431,145.6964933,56.87001414,1.64792e-05,39268.03538,37018.49449,73.82196599,25.80706157,0,0,0,0,5.40894e-07,0.79228871,0.141848898,0.647106884,0.019680735,0,0,0.219204743,-0.501036136,1.6948e-05,0,1371,45,358789,31563.5,0.098163244,51190.875,0.173772999,5.05621441,19.54541319,0.259902673,5.05621441,19.54541319,0.259902673,0.797323628,42522.8,0.797323628,42522.8,0.980070859,273880.5,0.980070859,273880.5,0.754997219,15598.95,0.754997219,15598.95,0.881976445,96370.5,0.881976445,96370.5,20.7081551779873,15.3838224852007,3.14231391230448,99.875,0.000639774611525534,5.91996228694916,1.20618690958974,0.171627528125753,0.261768031428861,0.000125065069963201,789.593025249788,0.00111178822304569,0.00126384506312422,76.0816668507911,0.0129975658077557,0.0244027120751425,0.00132790265199214,0.000306218956056507,156.552989324052,294.278803444014,1.20618690961444,0.000748258667693228,1.57014739513397,0.000520452350678181,0.000199058277371024,105836.790243902,0.368243653717318,5.18241827313967e-05,0.00204670488937225,1.82078013753985e-05,0.00693742988293104,16534.788145484,0.00970583587819832,1.28014433485972,1.63053076251313e-05,0.0092684673216914,0.980070858574649,0.667750110019763,1.25973174860664,1059.63671875,1.00420381877788,33.0597383318626,2.45354336190756,105.642726105069,105760.151219512,8.18588702560653e-05,6826,1.57203736901283,36782.25,54.0793650793651,0.312119992846924,6834.33333333333,2147.07647738325,0.00044195408105363,1.67954022512234,8.19287252663286e-05,30.5751953125,0.00830770717853611,0.000667927710074265,1.56492229405937,0.000455752727251537,2.63542929762123,111,0.000399790728215958,0,0.00452183090275435,1.51536244363294,0.0001831333172455,3.59793329238892,0.0239876209854049,775,3.59689998626709,740,0,0,1.45456194877624,60737,1.31871860269198,0.000699518214122647,8,7601.67341368126,0.158434582250924,0.000513010165609172,3.2907869085382,1.45456190478523,0.178134126682249,0,3.00288925218182,0.000338985288896213,85523.375,836.350033596208,6.51371645548987,1.30006185071222,2.36754169607807,48.7242788901016,38
"H15-09412 - 1",1,2,"7/18/2015",19103036,0,"2/27/1945 0:00:00",0,0,70,"Portugal",84,172,28.3937263385614,"Hypertensive Nephrosclerosis",3,1,48,0,2,2,1.9,37.48042469,1.9,37.48042469,1.89,37.71852137,1.9,37.2480460574757,1.36,54.94891375,8.85043384626215,0,0,0,0,0,0,0,0,0,1.68,42.27730286,"7/17/2019 0:00:00",48,0,0,0,"7/24/2015 0:00:00",0,2,2,1,5,0,19,0,0," ",1,6," ",0,1,1,"11/3/2019 0:00:00",1,0,0,0,1,1,71,1,0,160,85,33.203125,0,0,"Head Thrauma",2,0.6,95.90284574,0,1.14,65,0,0,0,1,2,2,5,3,0,0,36.08192335,1,1,1,1,36.08192335,2.760476269,16.6666666666667,32,6,0.157894737,1.57095e-07,309233.1406,188891.1203,247.4929084,111.0470523,2.94554e-08,70539.83333,46666.29975,111.0573938,55.80551307,1.04027e-05,45685.49504,74463.36173,78.6648436,28.37853418,14170.63804,9754.009128,51.91819444,16.21532203,2.70008e-07,0.221347182,0.04857909,0.475250581,0.014541365,0.131230033,0.001104239,0.102217844,-0.465586963,1.04835e-05,0.868769967,2119,55,346721,172865.5,0.559039553,203895.8889,0.548457214,9.685192814,35.12253295,0.208840203,9.685192814,35.12253295,0.208840203,0.221681779,32229.3,0.221681779,32229.3,0.356550729,106204.5,0.356550729,106204.5,0.206638393,20968.45455,0.206638393,20968.45455,0.263051091,63196.625,0.263051091,63196.625,37.8062213514062,25.7868930589419,24.5468432736245,24,0.000209723944072413,16,5.08016463297947,3.96882559250405,1.88892546622984,0.000249184643019895,510628.980381668,0.000418968471187455,0.0014783418362154,54.1202365109392,0.00250359011039026,3.13345151452507,0.00111984517114861,0.000398669319095398,108.309837553159,116.747902876405,5.08016462499073,0.16980056980057,6.06448888778687,0.000120583701950114,0.00161290322580645,116,0.313935937035315,5.3033359388143e-05,0.000788013348712221,0.00106656153792904,0.000831635112653453,13.8666667938232,0.00365576693589605,1.54568085052649,0.00969048765864655,0.935676137027384,0.280820605405243,4.10792700561893,1.03132392265389,4067.63126627604,3.03623391885805,12.3333333333333,2.70390283003947,174.561349462638,110.666666666667,0.00680297271795735,20790.2777777778,3.22348880767822,9920,28.9799498746867,5.2288366313403,20814.6666666667,797.76049737446,0.00139335178593707,2.36606193081777,0.0172896534863672,4.99689960479736,0.00146152824202048,0.000665018636670623,1.51377824084596,0.0003114190793045,3.61968889525747,257,0.0220127735894157,7.99069976806641,0.00105176975896708,1.6083747624984,0.000504032258064516,7.06287760204739,6.63277762313501,52.5,40.5534915924072,64096,218219.6875,8236.7587890625,10.736768245697,3104,1.44678961024558,0.000338158016494871,8.34147477149963,123802.430308521,0.119258764518207,0.000152922238549942,2.07872838999295,10.7367679639411,9.41447398254187,7.34005003363606,12.4501654113846,0.00257155600017686,242826.65234375,265.08308448288,8.71703208389139,7.81675489877206,2.48332540407682,169.118301789014,170
"H15-09412 - 2",1,2,"7/18/2015",98007670,0,"3/21/1955 0:00:00",1,0,60,"Portugal",71,154,29.9375948726598,"Chronic glomerulonephritis (unspecified)",2,1,20,0,2,1,1.1,57.52476157,1.3,47.07540085,1.14,55.11124573,1.26,48.5713738499248,0.98,64.85623533,8.1424307400376,0,0,0.84,77.07009037,7.1246791300188,0,0,0,0,0.88,71.01966237,"5/21/2024 0:00:00",106,0,0,0,"7/26/2015 0:00:00",0,2,2,2,6,0,17,0,0," ",0,0," ",0,0,0," ",0,0,0,0,2,1,71,1,0,160,85,33.203125,0,0,"Head Thrauma",2,0.6,95.90284574,0,1.14,65,0,0,0,1,3,2,6,3,0,0,69.2043,1,1,1,1,69.2043,1.225554083,16.6666666666667,30,5,0.142857143,1.01305e-07,387781.8833,219318.2917,292.4099429,96.86360827,1.68841e-08,71918.4,18677.98784,135.2604936,19.97495603,1.2761e-05,36793.3837,42679.80206,75.08511564,25.32171836,15781.68421,16917.21787,49.68012625,17.19671948,3.57943e-07,0.202128465,0.039284125,0.469520905,0.050536415,0.196090927,0.002346242,0.083668532,-0.506986889,1.28746e-05,0.803909073,3779,106,383046.75,172780.5,0.498723831,213428.7778,0.471418741,9.644552831,30.11378139,0.279305041,9.644552831,30.11378139,0.279305041,0.21530659,186775.0938,0.21530659,186775.0938,0.278194666,1371306,0.278194666,1371306,0.171552786,14896,0.171552786,14896,0.346568002,702412.375,0.346568002,702412.375,31.484757552824,31.0537338465777,22.1368030558387,75,0.000223765883255593,22.9813957214356,4.6558754309047,7.08362192435055,3.83797678555345,0.000258064351115426,275179.560195594,0.000433581606152696,0.00168104562603929,124.450793488832,0.00157375159685,2.72737583664138,0.000600397442612914,0.00048415386312198,248.308087007849,284.836024500364,4.65587543440569,0.0593389063107266,10.6985573768616,0.000122806339248704,0.000413967319128804,211.777777777778,0.236525637361137,5.52044766250048e-05,0.001018339150553,0.00010779148004052,0.00043446213052142,32.6844117906358,0.00378318635518209,1.3005728215437,0.00507650178061574,1.02080017442494,0,1.14115454297606,1.15677531097888,3907.07771809896,5.47489426203707,16.3981481481481,2.424672600699,177.739387833306,211,0.00174538879504155,18822.875,6.17938756942749,55515,49.0283911671924,1.55479825776199,18845.9166666667,30.142135623731,0.000281198842536243,2.01277699101987,0.00747235973790161,10.4953498840332,0.00187643366555914,9.19899742472565e-05,1.23424337324616,0.000157061455306821,2.44166782490808,60,0.0066433775575422,12.7875995635986,0.00107288366845905,8.34170305955831,0.000111625684786088,6.42661643028259,10.1406774260316,0,40.5441932678223,57687,535376.4375,17002.19140625,8.87578392028809,87787.5,1.15663231867495,0.000421876971194066,0,29565.93044081,0.116402920855103,2.0824892028767e-05,9.63712866064511,8.87578356219784,6.99080240925478,9.86923585636072,7.13024104857884,0.000872361475936996,90.1782989501953,9.86684535584131,7.99222758124679,11.4386043868272,2.13819334920928,450.230948306245,1948
"H15-10995 - 2",1,2,"8/29/2015",9004620,0,"6/12/1956 0:00:00",0,0,59,"Portugal",68,169,23.8086901719127,"Hypertensive Nephrosclerosis",3,1,62,0,2,2,1.9,40.13429021,2.2,33.65988988,2.06,36.42329602,2,37.5044590274056,1.81,41.75443345,2.1249872112972,0,0,2.3,30.9343836,-1.6425188568514,0,0,0,0,2.44,28.14208299,"4/2/2024 0:00:00",103,0,0,0,"9/14/2015 0:00:00",0,1,2,1,4,0,15,1,0," ",0,0," ",0,0,0," ",0,0,0,0,2,1,68,1,0,160,75,29.296875,1,0,"Stroke (ischemic)",1,0.8,80.20658109,0,1.41,85,0,0,0,0,2,2,4,2,0,0,50.20325443,1,1,1,1,50.20325443,0.365160215,0,22,0,0,1.80625e-07,345188.2955,170807.4637,278.4383635,79.61575608,0,0,0,0,0,1.1289e-05,43138.71564,41505.21741,80.82116507,29.05397491,21234.05427,17236.65931,54.74890542,17.62554381,2.05255e-07,0.354735677,0.062349524,0.486994781,0.009169798,0.212249035,0.003838882,0.128029141,-0.185867885,1.08765e-05,0.787750965,1375,25,382203,210268.5,0.552992055,179327.9524,0.511134155,7.594862434,27.49885625,0.207647892,7.594862434,27.49885625,0.207647892,0.315823806,26170.91667,0.315823806,26170.91667,0.525633915,64485.5,0.525633915,64485.5,0.247897133,13146.625,0.247897133,13146.625,0.451677152,52219.5,0.451677152,52219.5,28.4693791684721,23.9586059632204,14.3417215206584,38.5,0.00363179756406325,19.1875982284546,4.09993438134428,4.22386400590354,3.87466723974619,0.00260755602743925,27095.3074605973,0.000289447773558865,0.0220033762990991,69.4247114110051,0.0017741081112526,3.17604695308609,0.000506486145612377,0.0146452400369963,140.408549444231,171.925951352827,4.09993438403696,0.000899881131157664,6.47393560409546,7.23385195797852e-05,0.00106439583151727,118527.119266055,0.225393803461881,0.000799469462520033,0.00230818583950516,0,0.000469538220030529,30260.7374883529,0.00255283834383192,1.18242691116545,2.23686314949821e-05,0,0.525633915228842,2.22980608847008,0.949299159527009,1592.99462890625,2.48386523098761,75.6059605799974,2.22872539543486,106.411916212497,118452.016055046,0,7117.5,5.10674715042114,19208,20.2463768115942,2.89520091707219,7138.5,954.489465456345,0.00088681966972298,2.57791886093536,0.000102299578337487,0,0.000861634007561364,0.00104255432145889,0,0.000118071525712244,0,0,0,0,0.00063752228595082,0,0.000365197013183263,6.49379968643188,0,69,0,0,0,0,0,0,0,0.000813648415596043,8,85184.7069548837,0.258463361648854,0.000234324359073146,0,0,0,0,2.4203329494549,0.00230545009530284,186815.734375,311.554417075356,8.52256238402952,0,2.43755474946303,78.7146746166177,44
"H15-14813 - 1",1,1,"11/18/2015",19168800,0,"1/28/1953 0:00:00",0,0,62,"Portugal",96,168,34.0136054421769,"Obstructive uropathy (lithiasis)",4,1,27,0,1,2,3.1,21.8918696,1.6,48.41421627,1.53,51.08426723,1.38,57.4593850652804,2.68,25.58892901,-15.9352280276402,1,1,3.33,19.47505832,-9.4960816863201,1,1,0,0,3.33,19.37358179,"12/2/2020 0:00:00",60,1,1,0,"1/4/2016 0:00:00",0,2,2,1,5,0,29,0,1,"6/6/2021",1,1,"6/6/2021 0:00:00",1,0,0," ",0,0,0,0,1,1,78,0,0,170,66,22.8373702422145,1,0,"Stroke (ischemic)",1,0.8,90.58531818,0,1.65,94,1,0,0,1,0,2,3,3,0,0,21.5564,1,1,0,0,21.5564,0.841095284,10,9,0,0,2.40843e-07,336244.1667,150333.7018,286.5131375,69.15200501,0,0,0,0,0,1.50928e-05,55062.84397,65248.36687,79.1880874,29.41522871,36040.30048,36222.0865,60.6367664,19.30517476,4.01405e-07,0.681104847,0.080982056,0.831054051,0.010876376,0.374727144,0.026284673,0.097444992,-0.617733688,1.27813e-05,0.625272856,564,15,379710.5,65514.5,0.163756979,64881.5,0.181049608,5.462834937,21.8604524,0.378976016,5.462834937,21.8604524,0.378976016,0.601466009,32601.35714,0.601466009,32601.35714,0.616962913,61779,0.616962913,61779,0.493233578,14436.625,0.493233578,14436.625,0.745775917,56821,0.745775917,56821,25.3196216054097,28.707790093491,5.33288288453204,65,0.0011077137940024,8.59379959106445,1.49407100913215,1.42698007615786,0.277281117829652,0.000372113149682838,5272.39817732472,0.000323066038786206,0.00224763239878953,92.655275079188,0.00663557034525283,0.232489906729389,0.000137386742255607,0.000619502966404883,191.223468206531,373.969612630786,1.49407100950523,0.000689809560301586,2.76875801881154,8.31593596743924e-05,0.000155828747412726,135160.693251534,0.0853775055892574,0.000117895303172817,0.000592810391527251,0,0.00265304891264203,25693.0365671731,0.00283476026763396,1.2305153278428,1.50920500463516e-05,0,0.633052623769321,0.0586123293256997,1.3465802468185,6676.6669921875,4.70061742558199,55.3064402190146,2.76741164673659,220.327692598458,135070.662576687,0,29377,1.88391971588135,55149,14.3529411764706,0.888414309884064,29406,923.941738241592,0.000289239103392679,1.49204392526664,7.81506095579416e-05,0,0.00800247143923414,0.00161178453307289,0,4.96445145217358e-05,0,0,0,0,0.000729360955766959,0,0.000115936821733836,7.79689979553223,0,70,0,0,0,0,0,0,0,0.000320394058696559,8.49224996566772,2056.53911506319,0.191351666472671,0.00061698875682171,0,0,0,0,3.54777759890026,0.00034863572125346,52309.060546875,327.420330507483,4.16613518724255,0,2.47644118048551,43.5642571193539,23.6666666666667
"H16-00638 - 2",1,2,"1/18/2016",17008699,0,"6/5/1972 0:00:00",1,0,43,"Portugal",65,161,25.0761930481077,"Undetermined",5,1,21,0,1,2,1.4,47.87287786,1.4,47.87287786,1.36,49.56743988,1.61,40.2301007026701,1.23,54.88504467,7.32747198366495,0,0,1.27,52.16433501,2.98355857683248,0,0,0,0,1.4,45.27531678,"5/24/2024 0:00:00",100,0,0,0,"1/27/2016 0:00:00",0,0,0,0,0,0,17,0,0," ",0,0," ",0,0,0," ",0,0,0,0,2,1,46,0,0,170,92,31.8339100346021,1,0,"Stroke (ischemic)",1,0.8,110.5325163,0,0.93,43,0,0,0,1,1,2,4,4,0,0,47.27664609,1,1,1,0,0,7.858209301,13.3333333333333,25,4,0.137931034,1.51957e-07,434229.5,169297.7885,321.3209466,80.06977762,2.43132e-08,164755.25,27995.91929,188.751738,36.18744808,1.0485e-05,45093.72174,45311.3043,76.31282668,31.82994701,41472.65654,40939.71336,68.5036688,20.98129286,3.40384e-07,0.351339405,0.065984313,0.472809885,0.011006955,0.471627781,0.010929448,0.139557812,0.141048934,1.08429e-05,0.528372219,1725,56,396934.5,187527,0.396113057,169875.4,0.373053771,6.785123903,30.00868935,0.248235805,6.785123903,30.00868935,0.248235805,0.249509709,31604.75,0.249509709,31604.75,0.293178919,103739,0.293178919,103739,0.21417699,12165.78571,0.21417699,12165.78571,0.331952719,76962.33333,0.331952719,76962.33333,28.3154741581018,37.0207044984169,13.3326216288975,92.6666666666667,0.000168445804131539,28.2573649088542,2.45947503300456,3.91876370773073,3.55318757718668,0.000120691373057561,112850.380766792,0.000425501382270569,0.000931917605922763,115.927859753973,0.00244845894691507,0.919880529070516,0.000393360403678003,0.000245765936440641,226.427884931034,440.654357974728,2.45947503364588,0.00241632367098504,5.04292802810669,0.000123627958868208,0.000393320409943651,41339.2363387978,0.0314913941853436,2.26491002464641e-05,0.00116011737313052,4.7435292261631e-05,0.000693322167005514,9530.09778032146,0.0037229610259985,1.07885223321433,6.41476468884789e-05,0.736665746409644,0,0.601298230179381,1.66092725142098,2776.4033203125,4.07706500289445,65.3279262258922,2.37742361556419,139.166601054671,41296.8893442623,0.000318459607113373,13388.5,5.479429880778,76969.3333333333,22.4910179640719,1.67343388771524,13407,127.947222151364,0.000267758068391427,1.8284013851912,0.000272552263284065,10.5907001495361,0.00157732022320457,0.00272253173108073,1.2138529268245,9.9274207540885e-05,2.53108105378525,512,0.00141473419042695,10.9844989776611,0.00108089114907475,5.60599780104786,0.000127750928920986,5.79379987716675,3.32161924115575,2,25.1658954620361,165150,496961.15625,27196.6875,5.72687101364136,121017,1.12957156220115,0.000397161468427781,2,16756.1861534832,0.229343042759507,0.000329655533803954,6.70882092873703,5.72687093568551,4.77947619178865,4.91841090497917,1.9532350056299,0.000553668639758223,655.986083984375,53.9746230990815,6.29913272852907,4.48946066240473,2.38006474955585,58.684406665638,26.6
"H16-03611 - 1",1,2,"3/23/2016",19488578,0,"2/14/1948 0:00:00",0,0,68,"Portugal",81,167,29.0437089892072,"Undetermined",5,1,52,0,1,2,1.7,43.36827358,1.2,65.87086163,1.16,68.60586628,1,81.4722728271009,1.22,63.38347124,-9.04440079355045,0,1,1.72,41.45449847,-10.0044435892752,0,1,0,0,1.09,71.29830049,"12/9/2021 0:00:00",69,1,1,1,"4/7/2016 0:00:00",0,1,0,0,1,8,19,0,0," ",1,6," ",0,1,1,"2/28/2022 0:00:00",4,1,0,0,1,1,47,1,0,160,75,29.296875,1,0,"Stroke (hemorrhagic)",1,0.7,107.2806757,0,1.01,51,0,0,0,1,0,2,3,3,0,0,10.97906548,0,0,0,0,10.97906548,0.243157598,7.40740740740741,50,4,0.074074074,3.01502e-07,361558.63,168032.8588,288.5062137,86.02351234,2.41202e-08,159030.5,40943.89581,205.0293247,22.56049683,1.94288e-05,41892.15394,43627.09253,76.93324007,28.6373606,29862.96429,16173.68173,63.97824329,13.70605026,4.34163e-07,0.638906788,0.109010628,0.813913649,0.021066721,0.864622332,0,0.133933898,0.018497126,1.98342e-05,0.135377668,3222,72,421593.75,62656.5,0.153659688,64158.52632,0.172294987,4.850077127,20.17452976,0.407180857,4.850077127,20.17452976,0.407180857,0.588658325,30473.21429,0.588658325,30473.21429,0.696434012,255923,0.696434012,255923,0.578902998,12818.36842,0.578902998,12818.36842,0.681333928,198194.25,0.681333928,198194.25,19.3561661095544,22.5892071036538,2.63616801877866,75.5,0.000890120266279986,5.49922490119934,1.01159916025147,0.414677154541016,0.242485831211484,0.000124898590879966,844.198185435079,0.000115299387402336,0.00219081653117824,78.0888470457739,0.00308690339459107,0.0309852637957236,6.71433656588745e-05,0.000594945973599959,186.998597334736,324.459852169199,1.01159915971521,0.199999998675452,2.03776478767395,2.31684206616413e-05,0.000182243318856268,157,0.327877448308487,5.14734951090917e-05,0.00136461108145848,1.48301932795026e-05,0.000960742027879099,5.80000003178914,0.00101471607658692,1.29688608759736,0.0106859117154939,0.289201965672929,0.921336939180351,0.0704106375400637,1.14924732677479,2189.0590297154,1.79981471977982,5.66666666666667,2.44661675442255,146.543429494569,164.666666666667,8.47972295821861e-05,11716.25,1.53902748227119,51230,64.9302832244009,0.0269840084897161,11731.3571428571,334.149278298667,0.000578678048536395,1.57543810987784,0.0127823472743648,52.9534912109375,0.00349557815961255,0.000256290706864334,1.11157825393306,1.87529071728783e-05,2.68490279105508,317,0.000424745860793107,7.59069967269897,0.000203767949782711,0.445914245907625,0.000223422845800655,5.25337839126587,1.04951279149476,18.5,14.393798828125,88,88832.1015625,22547.787109375,1.05999994277954,18689,1.08604337078692,0.000526479989500739,4,6222.39790489982,0.0612419055750846,0.000175120636820793,2.5792820128542,1.05999994277954,9.66293619070208e-05,2.90064005102041,10.4418245231042,0.000394123656754611,209.07209777832,115.104138830313,6.28570784618652,2.50853233934949,2.76666368000132,190.128903641713,293
"H16-03611 - 2",1,2,"3/22/2016",10004850,0,"9/4/1970 0:00:00",0,0,45,"Portugal",74,169,25.9094569517874,"ADPKD",4,1,44,0,1,2,1.3,69.04019214,1.4,63.16556299,1.53,56.78116478,1.32,67.3665472736572,1.1,82.80561159,7.7195321581714,0,0,1.47,57.74949283,-2.4042636109143,0,0,0,0,1.47,56.45683229,"4/24/2024 0:00:00",97,1,1,1,"3/30/2016 0:00:00",0,2,0,2,4,11,16,0,0," ",0,0," ",0,0,0," ",0,0,0,0,2,1,47,1,0,160,75,29.296875,1,0,"Stroke (hemorrhagic)",1,0.7,107.2806757,0,1.01,51,0,0,0,0,0,2,2,2,0,0,11.66133595,0,0,0,0,11.66133595,0.097557038,0,30,0,0,1.45192e-07,317376.9833,168344.1792,263.2457574,96.7431543,0,0,0,0,0,1.44514e-05,50816.36537,50653.05788,83.54638262,31.97465206,51716.70513,28929.13411,74.35169731,15.11255141,2.90384e-07,0.586231651,0.046080534,0.734368807,0.011517734,0.958954614,0,0.06274849,-0.13940406,1.46364e-05,0.041045386,2986,60,371994,68903,0.211530108,83944.47826,0.228617845,5.614707716,21.20942738,0.420590771,5.614707716,21.20942738,0.420590771,0.582253581,49700.94444,0.582253581,49700.94444,0.998740044,288415,0.998740044,288415,0.533003482,11779.71429,0.533003482,11779.71429,0.754628927,182425.25,0.754628927,182425.25,20.0582912124292,5.98954986373567,3.81702550411804,355,0.000826274657442222,8.68914937973022,1.25342725656038,0.744514795449562,0.199444807463417,0.000157645215285663,2192.23475525733,0.000113897192231227,0.00216385257131799,156.244219949322,0,0.0677871943985731,7.83671443836463e-05,0.000608695496653102,330.644351745954,1037.69910634784,1.2534272556483,0.00401657366908887,2.33243028322856,2.26541485946669e-05,3.59487841219282e-05,22923.9799107143,0.751539114264565,5.71315805958008e-05,0.00142076411620442,0,0,4291.43067245824,0.000997986850993036,0,0.000140811308713638,0,0.437680446084497,0.128816499334116,1.46829988583307,1983.02931722005,0,48.7628471992195,3.71893535638762,125.492281702731,22897.1897321429,0,11112.5833333333,1.63536244630814,254693,1,1.61213406083955,11126.6666666667,362.999752413778,7.03421820919745e-05,2.46045724550883,0.000452829841070619,0,0.00177516044353719,0.000509863210625327,0,1.88240585577269e-05,0,0,0,0,0.000198396384327429,0,3.57293612294503e-05,5.03023322423299,0,17.4285714285714,0,0,0,0,0,0,0,0.00175138132177704,5.99689987727574,12821.9983814773,0.183202323610471,0.000297042990148692,0,0,0,0,1.716476979093,0.000154612622202613,15551.2740652902,121.843302066711,5,0,2.33620336597906,123.228159464013,114
"H16-04365 - 1",1,2,"4/8/2016",19059320,0,"12/27/1955 0:00:00",0,0,60,"Portugal",59,167,21.1552942020151,"Undetermined",5,2,60,0,1,2,1.3,62.890765,1.4,57.53939053,1.51,52.5468351,1.5,52.6390910948694,1.27,63.48211864,5.4215137725653,0,0,1.26,63.29497143,2.66397008378265,0,0,0,0,1.25,62.6477723,"3/6/2024 0:00:00",95,1,0,0,"4/28/2016 0:00:00",0,1,2,1,4,0,20,0,0," ",0,0," ",0,0,0," ",0,0,0,0,1,1,70,0,0,170,70,24.2214532871972,1,0,"Stroke (hemorrhagic)",1,1.6,46.06433916,0,1.65,94,1,0,0,1,2,2,5,3,0,0,35.1988,1,1,1,1,35.1988,0.236431779,14.2857142857143,37,5,0.119047619,2.10664e-07,318349.2973,201303.6383,262.8291464,111.8523488,2.84681e-08,73460.5,45115.69842,125.061992,55.57425803,1.76559e-05,28350.94099,33795.86179,66.58909943,22.94345916,10933.66667,10339.7112,45.90783583,15.53480797,4.61183e-07,0.59337264,0.067064663,0.50056142,0.01876364,0.29628751,0.03803841,0.13397889,-0.147447855,1.8004e-05,0.70371249,3101,81,326482.5,74061,0.283767017,124081.1429,0.324321984,5.711279619,19.65553261,0.300047095,5.711279619,19.65553261,0.300047095,0.597558973,51391.70588,0.597558973,51391.70588,0.89052772,247117,0.89052772,247117,0.579031108,15771.15,0.579031108,15771.15,0.624027353,102278.2143,0.624027353,102278.2143,27.9092171449708,20.8920967076437,11.1055944869507,1,0.00103531204241289,2,2.54264968268948,0.549253719956128,0.937931060791016,0.000742306956930568,28418.7015250567,0.000470095447728036,0.00295626260877688,4,0.00109935003702143,1.1731428541294,0.000309505416236583,0.000967974662273647,3.18489311561261,27.3965306604208,2.54264967848273,0.0719301985836776,1.26896548271179,0.000139848721945283,0.0344827586206896,114,0.284634234348464,0.00019300587980281,0.000609651203278161,0.000141280681744805,0.000295611388109072,14.3552109400431,0.00414981560833231,1.30116924375084,0.00720678869618497,0.481036434788304,0.684002203600067,0.142495975299955,1.79912372792436,6129.21150716146,2.06496408732251,9.62962962962963,2.4246890281323,262.432920241666,111.333333333333,0.000525576198374772,32567.9166666667,1.23636364936829,58,224.208754208754,0.668282334299401,32600.5833333333,1481.81269752191,0.142857142857143,1.75829270231202,0.0112364993885571,19,0.00695615420503889,0.039467243771804,1.24624179292085,0.000104319755338011,1.86912140868748,253.5,0.00190514388849895,6.59069967269897,0.00123383134145244,0.249642962295581,0.0172413793103448,6.1291997830073,2.92415019536439,256,22.2798480987549,573,302356.375,14057.8935546875,1.41895115375519,773,3.00597954009538,0.00040310284505226,7.99173307418823,3109.73026284428,0.127567234825823,0.0223844069153515,1.87253413823748,1.41895115629156,0.00539765321886634,3.880941302562,3.64773952321763,0.142857142857143,98641.2864583333,475.936333736461,8.62423835780083,4.39708188659236,2.15135563810467,5.8309518948453,0
"H16-04650 - 2",1,2,"4/14/2016",19021820,0,"5/16/1959 0:00:00",0,0,56,"Portugal",77,168,27.281746031746,"Chronic glomerulonephritis (IgA)",2,2,22,0,2,2,1.5,54.30169921,1.3,64.47493424,1.41,58.48708753,1.3,64.0751896499452,1.09,78.1822402,7.0535252750274,0,0,1.18,70.2036163,1.5321066625137,0,0,0,0,1.85,39.92406908,"5/10/2024 0:00:00",97,1,1,1,"4/21/2016 0:00:00",0,1,1,0,2,0,19,0,0," ",0,0," ",0,0,0," ",0,0,0,0,2,1,61,0,0,170,85,29.4117647058824,1,0,"Stroke (hemorrhagic)",1,0.8,100.6873575,0,1.15,66,0,0,0,0,1,2,3,3,0,0,40.21828685,1,1,1,0,0,0.873499068,0,41,0,0,2.32859e-07,354245.2683,164172.0349,276.732593,95.51311378,0,0,0,0,0,1.23074e-05,40517.75265,43439.82721,74.52510894,27.44644182,26644.25299,25000.84247,54.97733714,17.77499607,1.81744e-07,0.387626822,0.082489153,0.49866994,0.009092784,0.224377015,0.001649525,0.165418339,-0.292057789,1.0588e-05,0.775622985,2167,32,385416,170149.5,0.453252322,174366.6216,0.43906619,7.597448979,24.24806485,0.275461852,7.597448979,24.24806485,0.275461852,0.409680399,24105.58333,0.409680399,24105.58333,0.518194933,62732.5,0.518194933,62732.5,0.387977492,16380.2,0.387977492,16380.2,0.518194933,62732.5,0.518194933,62732.5,20.5301784475314,25.6356181135361,9.56265131392523,13,0.00132838272266965,11.7875995635986,2.27931396219357,3.10939117775364,2.37511705227715,0.000562499991840225,18533.8953280395,0.000679296129110479,0.00290119893412646,29.0688837074973,0.000562719937239292,0.812735740171642,0.00161637669772411,0.000869640233996545,59.4944749962499,99.3965240014862,2.27931396016845,0.125393453414652,5.02256178855896,0.000219468865976431,0.00255032444041511,130.2,0.301242859177224,0.000142964851451776,0.00234235209841662,0,0.000116272849533986,15.7987599372864,0.00593789317571751,1.51666459939318,0.0101453620868117,0,0.518194932669922,2.93883688782026,1.1741924079896,1797.45672607422,2.94024259599589,12.7,2.48860385763649,124.241567330696,127.6,0,7686.25,3.43485331535339,4622,105.454237288136,2.62851124994026,7689,1074.63160108008,0.00323326475038303,2.23880723115415,0.0145194926304542,0,0.00223256053173083,0.00140608517737405,0,0.000457956674269691,0,0,0,0,0.00193177201125482,0,0.000908697492268528,6.09534978866577,0,64,0,0,0,0,0,0,0,0.000813179757230605,8,50821.0202496866,0.12261816751975,0.000369604667315923,0,0,0,0,3.41887732944626,0.00388484427092642,164983.765625,438.885518609155,10.059998665287,0,2.18399637594115,73.9077309698491,52.5
"H16-08527 - 2",1,2,"7/6/2016",13009438,0,"12/4/1958 0:00:00",0,0,57,"Portugal",66,157,26.7759341149742,"Chronic glomerulonephritis (Crescentic GN)",2,1,25,0,2,2,2.1,36.03784138,1.8,43.36056344,2,38.21078222,1.7,46.1511162611432,1.29,63.47624795,8.6625658444284,0,0,1.92,38.90052035,-1.8126489777858,0,0,0,0,1.7,44.66300089,"3/14/2022 0:00:00",68,0,0,0,"7/15/2016 0:00:00",0,2,1,2,5,2,15,0,0," ",1,6," ",0,1,1,"3/17/2022 0:00:00",1,1,0,0,2,1,66,1,0,160,83,32.421875,0,0,"Head Thrauma",2,0.8,81.21046918,0,1.09,61,0,0,0,0,2,2,4,3,0,0,44.58805472,1,1,1,1,44.58805472,1.012554591,0,32,0,0,1.9476e-07,279425.25,133609.5281,254.58345,75.64091652,0,0,0,0,0,1.37975e-05,31884.5805,35299.76546,66.55262875,22.07961517,14175.04704,25693.22646,47.48620685,14.04986352,3.65174e-07,0.288162311,0.05442074,0.439927431,0.017152956,0.394089393,0.004583507,0.123703902,-0.286133755,1.65351e-05,0.605910607,2267,60,261414.5,146207.5,0.560246684,159831.1034,0.522266421,8.644154806,31.81790759,0.171218635,8.644154806,31.81790759,0.171218635,0.33641489,24279.03846,0.33641489,24279.03846,0.262169617,70778,0.262169617,70778,0.328381294,17805.09091,0.328381294,17805.09091,0.380599671,59885.75,0.380599671,59885.75,15.7872509666967,37.7297429834234,10.2994335761531,9,0.00209341515579764,12.3844985961914,2.71024778306397,3.45129635412673,2.20751612562663,0.000973395499727286,16693.4734667126,0.000525147142205216,0.00480597563653582,50.0099990001999,0.000522146540584525,1.13719552139886,0.00133437232318866,0.00159636919905922,104.793675746201,112.735476554344,2.71024778144542,0.166666666666667,5.40385210514069,0.000157116260510126,0.00134966200917517,95.6666666666667,0.143267178799949,0.000270268715674704,0.0012863961734949,0,0.000112266795070419,9.26666673024495,0.00460260281401031,1.37117972686569,0.0124730277835229,0,0.262169616719253,3.83452551710609,1.05146641014349,2943.71562848772,4.75837576737565,8.33333333333333,2.457207419846,149.363544475958,99.6666666666667,0,14002.1428571429,3.56058502197266,9176,137.402247191011,4.99412076271186,14022.8571428571,1105.80317395533,0.0020625005258578,2.14309733717629,0.0149730278828639,0,0.00175068020843328,0.00136791743415944,0,0.000372970464213216,0,0,0,0,0.00137809642299725,0,0.000936214052913702,6.22679996490479,0,92,0,0,0,0,0,0,0,0.000518579232727233,8.39999961853027,83671.5774156514,0.0974078751193286,0.000333766530166356,0,0,0,0,2.26455869523344,0.00214244513458391,353583.75,432.734489701976,9.79625594214107,0,2.46877712202135,77.2539095717779,44.75
"H16-09934 - 1",1,2,"8/6/2016",15047412,0,"5/3/1953 0:00:00",0,0,63,"Portugal",72,165,26.4462809917355,"Diabetic nephropathy",1,2,23,0,1,2,1.4,56.4757796,1.3,61.72823435,1.29,62.30289469,1.2,67.5300971745037,1.2,66.69531983,-0.417388672251846,0,0,0.93,89.43989924,5.47745051637408,0,0,0,0,1.04,76.97137467,"11/28/2023 0:00:00",88,1,1,1,"8/13/2016 0:00:00",0,1,1,1,3,2,17,0,0," ",0,0," ",0,0,0," ",0,0,0,0,1,1,65,0,0,170,89,30.7958477508651,1,0,"Stroke (hemorrhagic)",1,0.7,102.254983,0,1.2,71,0,0,0,1,1,2,4,4,0,0,9.697128725,0,0,0,0,0,0.224598857,12.5,28,3,0.096774194,1.82656e-07,414664.8929,220248.8958,297.3776317,103.6865532,1.95703e-08,144675.6667,105211.2341,157.8712723,105.579329,8.96973e-06,48800.15891,64396.71628,80.4825555,30.95422553,124340.7857,243213.7659,78.22260808,60.27030197,4.43594e-07,0.575159808,0.075741183,0.437724365,0.032688999,2.928480825,0,0.173033967,-0.269010209,9.19979e-06,-1.928480825,1375,68,408369.25,61352,0.193902563,122581.5789,0.298272423,5.664411246,20.78331857,0.270312579,5.664411246,20.78331857,0.270312579,0.687743406,50813.30769,0.687743406,50813.30769,0.957946474,355487.5,0.957946474,355487.5,0.634398541,16734.075,0.634398541,16734.075,0.865559624,164410.75,0.865559624,164410.75,17.2409148534528,22.8306735371101,7.75166810761898,2,0.000707263220840875,4,1.85664474909459,0.280137401870147,1.43223897819845,0.000303560455310127,19416.0058959588,0.000258054401777878,0.00203794603129533,7.21110255092798,0.000134397975349958,0.444686723068912,0.000598431225214568,0.000568808259599013,4.0073362905333,43.3719478076431,1.85664475090043,0.110736175159052,1.62619287234086,8.61292405500537e-05,0.0341880341880342,235.444444444444,0.258059669571086,8.15772943096223e-05,0.000732854321887518,1.34672311869686e-05,2.29593106435099e-05,27.2867974175347,0.00232538497288509,1.39391970717663,0.00791383715592257,0,0.928298001986881,1.44467132058374,1.47932141289399,4604.85263671875,2.83395117979783,10.5851851851852,2.49531767854802,215.992311965394,231.333333333333,9.86583757978979e-05,26323.4,1.64286231994629,117,998.641025641026,0.365138598150943,26352.8,2243.34141264695,0.0816326567104885,1.47001624413026,0.0102467462869281,46.3782958984375,0.00117423362165919,0.000657343171613963,15.5247948937525,0.000154548570685275,2.47909234352362,4,0.000446886192062492,0,0.000777559608148785,0.799563017244199,0.0170940170940171,5.65658264160156,0,767,0,174679,0,0,3.83681654930115,37375,1.20952430432943,0.000331969851725929,7.89378356933594,60170.5349376903,0.10095642483292,0.000469302098160936,2.47021351964764,3.83681644554439,2.78566183238489,0,6.79470168303461,1,119970.87890625,794.430825051116,7.79001636994191,0,2.32074095065312,75.2229303657664,69.9230769230769
"H16-09934 - 2",1,2,"8/6/2016",17016122,0,"10/22/1957 0:00:00",0,0,58,"Portugal",77,162,29.3400396281055,"Diabetic nephropathy",1,1,18,0,1,2,1.4,58.2595697,1.2,70.0976438,1.41,57.76409589,1.3,63.283120348576,1.44,55.28189251,-4.000613919288,0,0,1.64,46.70928935,-4.143457749644,0,0,0,0,1.4,55.31129915,"2/26/2024 0:00:00",91,1,1,1,"8/17/2016 0:00:00",0,1,1,0,2,0,19,1,0," ",0,0," ",0,0,0," ",0,0,0,0,2,1,65,0,0,170,89,30.7958477508651,1,0,"Stroke (hemorrhagic)",1,0.7,102.254983,0,1.2,71,0,0,0,0,1,2,3,3,0,0,18.17581335,1,0,0,0,18.17581335,0.535186515,0,29,0,0,1.85648e-07,302483.0862,240531.627,239.1355388,153.1339991,0,0,0,0,0,7.86765e-06,61027.36493,97822.99774,82.59382869,32.99848208,30130.42473,115232.0795,61.73959643,33.98175785,3.32887e-07,0.537735256,0.056155484,0.480141872,0.026983491,0.583420444,0.016648437,0.116956023,-0.179249605,9.00842e-06,0.416579556,1229,52,0,0,0,103808.9474,0.246800553,6.06206866,21.37003963,0.275421712,6.06206866,21.37003963,0.275421712,0.637726305,51598.97619,0.637726305,51598.97619,0.983793661,212679,0.983793661,212679,0.619693606,17816.125,0.619693606,17816.125,0.661769902,96642.77778,0.661769902,96642.77778,22.2666922999851,24.2736988984808,13.3036986307882,38.1428571428571,0.000639535260819568,8.22015380859375,2.81596766809123,0.466250667800556,0.731883523426826,0.000541812967895702,79619.0466209297,0.000334775778777698,0.00237112777673127,59.0919963935392,8.87394621637074e-05,1.51577379896853,0.000389419304198269,0.00067462500020764,117.606483240874,156.623371957597,2.8159676662945,0.0884620872773757,1.90751266479492,9.62089436546802e-05,0.000616013090710927,251.230769230769,0.229461213049004,0.000134023453736255,0.000436075008900401,0,1.30164113864452e-05,29.3528747558594,0.00296991504002946,1.39834456192046,0.00639051756338216,0,0.823944823523087,0.478963547022459,1.50369980778456,6083.80301339286,3.1458855919216,13.4538461538462,2.44415487961507,282.48423966859,245.5,0,35352.9285714286,2.07166635990143,14641.1428571429,1976.95652173913,0.560006924504818,35385.4285714286,1634.56367132979,0.00112646912820113,1.46755243902621,0.0095437644411234,0,0.00201889321563658,0.000732336312464348,0,0.000103773884759976,0,0,0,0,0.000853845120800134,0,0.00042960366315343,5.96610804966518,0,351.75,0,0,0,0,0,0,0,0.000208283344341334,7.09610748291016,18978.9774833092,0.117077491252912,0.000448773310910798,0,0,0,0,8.51029773886285,0.00101668563690714,91639.111328125,605.621379373812,8.51566215183424,0,2.74152979801375,53.4824978781648,37
"H17-01673 - 2",1,2,"2/5/2017",19634416,0,"1/16/1959 0:00:00",0,0,58,"Portugal",96,173,32.075912994086,"Undetermined",5,1,80,0,1,2,3.2,21.60433692,3,23.34400727,2.67,26.8477195,2.53,28.4626467277991,2.55,27.84643968,-0.30810352389955,1,1,3.01,22.53907469,-1.48089300944978,1,1,0,0,2.15,33.26154036,"5/22/2024 0:00:00",87,0,0,0,"3/10/2017 0:00:00",0,1,2,2,5,20,19,0,0," ",0,0," ",0,0,0," ",0,0,0,0,2,1,64,1,0,160,90,35.15625,0,0,"Head Thrauma",2,0.8,82.22692221,0,1.09,61,0,0,0,0,3,0,3,4,0,0,9.027472037,0,0,0,1,0,0.010478177,0,20,0,0,1.5363e-07,249885.1,108221.1902,231.2894989,77.95651146,0,0,0,0,0,1.92191e-05,30407.42626,29103.54348,66.55259755,21.28637762,20363.3929,19118.22275,55.34800038,16.10270805,4.68571e-07,0.4084906,0.038389845,0.584403714,0.041407944,0.311459368,0.012751401,0.065690624,-0.495758147,1.82155e-05,0.688540632,2502,61,300310.5,44892,0.214355825,70552.41667,0.246684289,5.362101656,23.32368708,0.222246712,5.362101656,23.32368708,0.222246712,0.412058933,245800.5833,0.412058933,245800.5833,0.738546412,2796205.5,0.738546412,2796205.5,0.373745655,9782.9,0.373745655,9782.9,0.603625321,1425889,0.603625321,1425889,25.9081751858709,25.8014847255857,9.45347456631435,6886,0.000321150271539793,22.5906982421875,1.95799088665984,2.69209917741177,1.07344926270649,0.000143543581923653,39082.2382013217,0.000593683487950542,0.000887686903180485,747.420229857341,0.00205578165777768,0.493434735928329,0.000325076413741635,0.000202426994345614,1496.34760491064,2595.46890296813,1.95799088562727,0.189033189033189,3.89327618053981,0.000176184287614267,8.07836603993769e-06,117.666666666667,0.147458043485711,3.04226513206045e-05,0.000862314698290292,0,0.000545898236761161,13,0.00524519160568095,1.05010126730676,0.011804233961534,0,0.559016994374947,0.18718936188321,1.42255084091749,7278.41927083333,2.16348426633291,11.6666666666667,2.23781913781122,225.19600481425,128.5,0,29634.6666666667,2.9817111492157,2796444,33.6941176470588,0.829470140253195,29660.3333333333,460.001046020527,5.9154259535744e-06,2.09998004004966,0.0159163791157795,0,0.0057744502985428,0.0030672871079228,0,9.83800690257265e-05,0,0,0,0,0.00155847475331489,0,3.92802393956794e-06,7.65839989980062,0,8,0,0,0,0,0,0,0,0.000397883015856014,4.39379978179932,3469.5382340895,0.108400348078388,0.0005764228807706,0,0,0,0,6.36347698382373,5.11468246500726e-06,2823.51635742188,210.857150509492,7.74313898884872,0,1.81138792954713,46.8780158001828,14.8571428571429
"H17-02019 - 1",1,3,"2/11/2017",8003577,0,"6/18/1958 0:00:00",1,0,58,"Portugal",60,150,26.6666666666667,"Obstructive uropathy (lithiasis)",4,1,68,0,2,2,1.5,40.14380679,1.5,40.14380679,1.24,50.44545487,1.6,36.9218180590117,1.27,48.11279387,5.59548790549415,0,0,1.83,30.65361645,-1.56705040225292,0,0,0,0,1.44,40.12795926,"5/27/2024 0:00:00",87,0,0,0,"2/22/2017 0:00:00",1,2,2,2,6,6,15,0,0," ",0,0," ",0,0,0," ",0,0,0,0,1,1,67,0,0,170,80,27.681660899654,1,0,"Stroke (ischemic)",1,1.5,50.71101886,0,1.47,88,1,0,0,1,2,2,5,3,0,0,28.46750202,1,1,1,1,28.46750202,0.411942566,18.75,44,9,0.169811321,1.65447e-07,349215.3523,208396.4073,257.7979564,122.8310372,3.38414e-08,89590.88889,26693.37047,130.8193227,32.75624324,7.10669e-06,54845.02143,55281.20703,87.34288827,31.5592292,30593.87421,42462.86819,64.49567111,24.3338981,2.63211e-07,0.292618295,0.057776584,0.389766823,0.02387408,0.398145707,0.003652548,0.148233714,-0.416503722,7.7863e-06,0.601854293,1890,70,413910.0405,216300.8649,0.554404434,230724.6765,0.53204585,9.59312079,33.30868587,0.245507129,9.59312079,33.30868587,0.245507129,0.367595445,68810.22222,0.367595445,68810.22222,0.694558028,266303,0.694558028,266303,0.306965104,13165.83333,0.306965104,13165.83333,0.488856128,180099,0.488856128,180099,37.4575718894397,34.3185287753389,20.937045911106,214,0.00193995250295614,26.8860473632812,5.7678757087659,1.78427524935901,3.98666996599517,0.00183744743239042,88426.102572231,0.000461528183200304,0.0503282373107458,179.428761324606,0.000346034422438279,4.72153984697806,0.000643196834458929,0.0426364032577237,363.724978237823,466.219009292888,5.76787570457948,0.00175271144536033,5.28358316421509,0.000138649592022773,0.000243039289133986,55423.1728395062,0.271157903487599,0.000549240582300597,0.000989998347000271,0.000263129566544077,6.80683076546998e-05,13287.7545546886,0.0040033097473127,1.46863263512127,4.45185742995842e-05,0.96382633557779,0.219589041914795,1.24450132140502,1.01933832901023,6220.04833984375,4.26315022570621,73.9229736117902,2.51652462897036,227.287420887433,55377.3310886644,0.000930048268416832,22161.5,6.11394834518433,137072,217.313653136531,3.54924275185003,22190.5,350.523646969432,0.000164535237500931,2.27855592636165,0.000199781091236866,8.78759956359863,0.00178970428572706,0.000254100074331937,2.0865163508506,0.000168275028817672,2.14659409988347,219,0.00344341675689602,10.2891492843628,0.00119881037028986,3.22965221441639,8.92921305640241e-05,7.89379978179932,7.93457069728813,18.25,51.5596942901611,95193.25,706090.625,20011.3828125,6.64579343795776,11796,1.58845838775992,0.000409514408713126,5.44689977169037,29328.8024208388,0.239324664425925,0.000139334709263226,4.38689601749633,6.64579344860527,5.67564483701004,8.85128400387535,1.7803472336921,0.000591094947218062,30653.0634765625,115.998550086019,11.5052903375942,9.0756636793837,2.52917326208891,204.071066052981,171
"H17-03700 - 2",1,2,"3/17/2017",19757484,0,"11/2/1961 0:00:00",1,0,55,"Portugal",64,167,22.9481157445588,"ADPKD",4,1,45,0,2,2,1.1,59.34168382,1.2,53.458109,1.18,54.54722716,0.97,68.581029263742,1.28,48.55971186,-10.010658701871,0,1,1.27,48.41295418,-5.0420187709355,0,1,0,0,1.4,42.39209086,"5/22/2024 0:00:00",86,1,1,1,"3/24/2017 0:00:00",0,1,2,0,3,0,21,0,0," ",0,0," ",0,0,0," ",0,0,0,0,2,1,69,0,0,170,90,31.1418685121107,1,0,"Stroke (hemorrhagic)",1,0.7,99.74254616,0,1.28,77,0,0,0,0,1,2,3,3,0,0,22.56777209,1,1,0,0,22.56777209,0.164593578,0,34,0,0,3.36459e-07,206256.1618,99347.08616,215.1048972,65.58941555,0,0,0,0,0,1.34386e-05,35187.83984,47716.83413,73.26464999,24.67291573,10474.56259,7966.732255,45.60677028,13.66471124,2.96876e-07,0.339736806,0.069396766,0.472874352,0.021309569,0.256976862,0.003220641,0.146755191,-0.455617705,1.76965e-05,0.743023138,1358,30,212502.5606,122855.1212,0.584584779,134520.8214,0.593077515,9.490267753,35.81657141,0.163646701,9.490267753,35.81657141,0.163646701,0.360674319,68199,0.360674319,68199,0.695735393,286675.5,0.695735393,286675.5,0.243847891,16295.33333,0.243847891,16295.33333,0.711153605,223910,0.711153605,223910,17.9161356768732,43.3353737829227,10.2393017525281,22,0.00202141577727468,23.8922119140625,2.67896496816115,1.44901044120663,5.42396191458302,0.000943001974366766,17590.3809917499,0.00104298262998457,0.00499640497248086,61.5520269416114,0.000817683665905358,1.13043480097271,0.00227830376571952,0.00165016998402775,121.522978762718,156.367597937337,2.67896496840754,0.00011593494649908,4.40580201148987,0.000371930527417604,0.00178581183337575,973990,0.0975232266997522,0.000259073383381552,0.00178720133119003,0,0.000195554303983348,263797.6328125,0.00894808529712568,1.28489430103252,2.35565943694856e-06,0,0.297962595946625,3.06966679846912,0.895146966216664,1721.91607666016,4.90978765641688,95.7296195652174,2.37392000757736,114.659302557984,973586.75,0,8538.25,6.68245124816895,15532,75.8307493540052,3.37621354715181,8560,632.733585439879,0.00142845884770369,2.18883429510033,1.36592087482398e-05,0,0.00307068228522607,0.00045575521704913,0,0.000713377653909414,0,0,0,0,0.00317682504308627,0,0.00060091611362022,5.3984375,0,36,0,0,0,0,0,0,0,0.000659542847014926,6.393798828125,27940.7798857313,0.270831158781946,0.000252004970561937,0,0,0,0,2.07242898957879,0.00425064127730988,83851.3203125,240.148804439404,9.37620871689277,0,2.59286964175177,213.502523736496,192
"H17-05601 - 2",1,2,"4/27/2017",11015447,0,"6/19/1953 0:00:00",0,0,63,"Portugal",86,180,26.5432098765432,"Undetermined",5,2,35,0,2,2,1.1,75.43009511,1.1,75.43009511,1.09,76.26127818,1.09,71,0,0,0,0,0,0,0,0,0,0,0,0,1.16,70.14615161,"11/24/2017 0:00:00",7,1,1,1,"5/8/2017 0:00:00",0,2,0,0,2,16,19,0,0," ",1,6," ",0,1,1,"12/15/2017 0:00:00",1,1,0,0,2,1,52,0,0,170,75,25.9515570934256,1,0,"Stroke (ischemic)",1,2.5,30.15775097,0,1.19,70,0,0,0,1,1,2,4,4,0,0,25.17714945,1,1,1,1,25.17714945,0.375859016,6.25,63,5,0.073529412,1.44596e-07,375569.6984,211860.6651,290.1315391,110.3573899,1.14759e-08,166616.2,221793.7487,149.8091618,114.165735,1.03467e-05,43165.2398,46544.39442,77.26040594,26.77334361,33924.79025,38426.75744,53.43017275,16.15538567,3.02964e-07,0.31621485,0.05430605,0.446616931,0.027293631,0.250307807,0.0255735,0.121594248,-0.287701439,9.81166e-06,0.749692193,4508,132,398485.5593,211306.0847,0.49771999,222902.3393,0.520361797,6.92186362,24.73234753,0.237589168,6.92186362,24.73234753,0.237589168,0.28221586,31586.175,0.28221586,31586.175,0.526422804,282133.5,0.526422804,282133.5,0.255125764,15187.77778,0.255125764,15187.77778,0.526026728,179171.75,0.526026728,179171.75,19.6502364577506,30.3247459183077,2.92933842769036,22.6666666666667,0.0795213328578665,19.7573652267456,1.29048550587434,3.46844790776182,4.34699958573352,0.0212345094568874,256.961257054256,0.000428492196089916,0.273530931658045,55.9682081825464,0.00157544571601484,1.0016008133308,0.000552461971315371,0.257221170460601,113.481929763003,134.734524877736,1.29048551303451,0.000974590546635065,4.92625570297241,0.000121159282882172,0.00168120318848312,114861.894927536,0.150058067024476,0.0100123577232366,0.00185097699733475,0.00038978426080001,0.000428729664521425,30424.9655372509,0.00375628083206939,1.13230599410176,2.5719883895797e-05,0.807080253146637,0.526422803936799,1.16812930438774,1.26940005732721,2257.36676025391,4.40511203032807,88.6134947273313,2.27941738877395,118.218587132605,114782.690821256,0.00101303409621736,9783.375,5.3789005279541,12006.8333333333,40.7290152015863,3.12780521679977,9798,2123.80735803743,0.00141327438477046,2.26899068030945,0.000111139115698256,6.59069967269897,0.00143296870283223,0.00174586183829522,1.48085097632234,0.000138176866799276,4.71785998733577,232,0.00269999986591519,6.39379978179932,0.00106336214718317,0.437337943246789,0.000552885988976543,6.59457457065582,4.49010403166946,370,34.2565937042236,398515,67592.5703125,2984.76293945312,4.36779356002808,1856,1.36922644906884,0.000623893731480262,9,36665.373175636,0.267740249918263,0.000271031629952642,1.55523920994179,4.36779368226746,2.65285947046504,6.16158343778487,3.4874382704839,0.0048242320132871,882798,795.762967202091,8.57373367392773,5.69368315247047,2.47179110396029,75.6220011700495,40.6666666666667
"H17-07256 - 1",1,2,"6/2/2017",19464534,0,"8/1/1964 0:00:00",1,0,52,"Portugal",72,150,32,"Undetermined",5,2,13,0,2,2,1.8,33.48166942,2,29.5051696,1.65,37.16664651,1.71,35.3865130757431,0,0,0,0,0,0,0,0,0,0,0,0,1.71,35.18899498,"6/25/2018 0:00:00",13,0,0,0,"6/12/2017 0:00:00",0,2,1,1,4,3,22,0,0," ",1,6," ",0,1,1,"8/9/2018 0:00:00",4,1,0,0,1,1,63,1,0,160,100,39.0625,1,0,"Stroke (hemorrhagic)",1,0.8,82.73990965,0,1.26,75,0,0,0,1,2,2,5,3,0,0,43.58120282,1,1,1,1,43.58120282,0.096386421,12.1212121212121,58,8,0.121212121,2.34016e-07,297569.6121,171446.0628,250.4420275,90.392141,3.2278e-08,132634.875,28087.64488,162.7364892,25.76257134,9.22344e-06,53350.29221,72442.76514,83.65269677,31.80509442,0,0,0,0,3.42954e-07,0.237741746,0.069635951,0.492073486,0.02039319,0,0,0.141515348,-0.465881638,9.48974e-06,0,2286,85,313267.1545,170655.4182,0.549147543,183282.14,0.543545324,8.174428695,34.5749384,0.164625463,8.174428695,34.5749384,0.164625463,0.30504739,81974.91176,0.30504739,81974.91176,0.584643599,897706,0.584643599,897706,0.245978962,12030.80769,0.245978962,12030.80769,0.49701978,309293.25,0.49701978,309293.25,46.6274479475014,39.3451272544147,25.8883897246217,20.1428571428571,0.000153847752325744,19.9840537479946,5.05739651909835,2.01221932944661,4.3784013739344,0.000185478038708389,629862.31193795,0.00048206683783144,0.000995651339745204,58.3935763962422,0.00109746231784599,3.54371344099028,0.000664840415135257,0.000217027485080309,115.37899138582,148.277644704264,5.05739651770406,0.0900518341307815,4.09959701697032,0.000148852712609305,0.00156209892409478,125,0.0701655597418789,3.70358254549232e-05,0.00185091410849909,8.25122007292351e-05,0.000281857750222483,10.649999499321,0.00399795742129502,1.18206365454142,0.00486107562995714,0.776932999621884,0.584643599332815,1.30699639368642,1.18637320546256,2650.29427083333,4.88007555427326,9.625,2.32966872934219,137.0327150513,116.875,0.00238668948427127,10378.3333333333,5.55224984032767,13468,78.5188470066519,5.51792440641797,10394.5,5286.79047303223,0.00121610346134584,2.31309324709997,0.00773063909162924,5.69689989089966,0.00163687392246624,0.000373948655505927,1.67933645159857,0.000175108421862122,2.32474660755206,205,0.00753571964512918,9.59070014953613,0.00121064505083035,10.6523040989252,0.000440844995543194,6.82661644617717,4.27043431312171,1125,32.6736469268799,115194.333333333,567611.25,19210.296875,7.22449588775635,148818,1.2922586329353,0.000662277428089292,11.9844989776611,38442.9829970394,0.0639460549290499,0.00014442918847772,12.1040473855287,7.22449572303489,5.35890491417013,7.34895516397581,9.03447887381104,0.00398841221887741,4954290.5,2150.05820156348,9.5280978094624,5.91434975875486,1.57036157413558,127.315884451957,157.666666666667
"H17-14151 - 1",1,2,"11/8/2017",19705057,0,"8/10/1957 0:00:00",0,0,60,"Portugal",72,175,23.5102040816327,"ADPKD",4,2,27,0,2,2,3.8,17.3611538,3.5,19.16184166,2.95,23.52515433,2.69,26.1165109515339,0,0,0,1,1,0,0,0,1,1,0,0,6.81,8.555534299,"10/30/2018 0:00:00",12,0,0,0,"11/30/2017 0:00:00",2,1,2,1,4,0,28,0,0," ",1,6," ",0,1,1,"11/1/2018 0:00:00",4,1,0,0,1,1,81,0,0,170,60,20.7612456747405,1,0,"Stroke (ischemic)",1,0.3,119.56315,0,1.62,94,1,0,0,1,1,2,4,2,0,0,14.15367739,0,0,0,0,14.15367739,0.561592119,5.88235294117647,31,2,0.060606061,1.80309e-07,417365.3226,209861.1204,306.9791314,68.74243655,1.16328e-08,145277.25,14463.25,185.5263782,16.03006553,1.22843e-05,37235.91832,32480.47724,74.62048158,24.2535361,17539.35421,14330.24687,52.65340564,12.35398039,2.44289e-07,0.316797333,0.075254674,0.457416059,0.019231481,0.383482584,0.007281031,0.164521278,-0.202766233,1.35997e-05,0.616517416,2112,42,417365.3226,218397.3548,0.531390763,223165.1,0.522932933,8.12156356,25.80223551,0.273780671,8.12156356,25.80223551,0.273780671,0.283991403,54681.5,0.283991403,54681.5,0.574236765,390398,0.574236765,390398,0.232276515,14459.1875,0.232276515,14459.1875,0.42189777,161941,0.42189777,161941,25.4010191123961,18.0755846535923,16.5095245100818,43.4285714285714,0.000359064407999175,18.1018834795271,3.6239257003713,2.04419820972194,3.52513642795964,0.000294087708504329,105112.858796819,0.000556103020904721,0.00171752604192163,77.0306825731899,0.00208967492888988,1.62794211762435,0.00140752674473153,0.000523563876948762,155.468569358987,196.789948161823,3.62392569762996,0.153846153846154,4.71339178085327,0.000163203196631802,0.000989051799200137,111,0.336798917031107,6.59067131576039e-05,0.00180293099634861,3.37115125567869e-05,0.000586317507880581,16.3999996185303,0.00485782391457801,1.2560307311222,0.011365210687792,0.848166098429832,0,3.73881122747715,1.03843291958568,3435.87231445312,2.7937543700573,13,2.45806634496614,151.249449806291,92.5,0.000390681476047116,12154.75,4.98525619506836,26693.5714285714,20.9107939339875,1.46744192800214,12164,62.3492424049175,0.00108258190007593,2.31906352396207,0.018018018018018,35,0.00186550478308563,0.000219129909200934,1.37551211750838,0.000400697409478275,2.34002274228601,362,0.00121422376409367,0,0.00142546146231792,3.78772455932872,0.000401045830752865,8.09844970703125,4.64707949995415,1,43.36279296875,0,0,0,0,122829,0,0.000635065635986977,1.39999997615814,71940.7123108821,0.147747744311084,9.92756163321319e-05,5.38753815961622,0,0,0,6.91048437543984,0.00206414230534975,181.962799072266,30.8609626212558,8.04639652049722,5.94010607436927,2.11124982629865,214.953483340001,495
"H17-15066 - 2",1,2,"11/28/2017",99017373,0,"12/28/1959 0:00:00",1,0,57,"Portugal",71,159,28.084332107116,"CAKUT",4,1,11,0,1,2,1.4,43.8808902,1.2,52.79728338,1.23,51.25579081,1.3,47.6646097790312,1.2,51.82132991,2.0783600654844,0,0,1.07,58.73047334,2.7664658902422,0,0,0,0,1.07,57.98643851,"1/16/2024 0:00:00",74,0,0,0,"12/5/2017 0:00:00",0,1,0,0,1,0,23,0,0," ",0,0," ",0,0,0," ",0,0,0,0,2,1,75,0,0,170,75,25.9515570934256,1,0,"Stroke (hemorrhagic - aneurysm rupture)",1,0.6,100.6682074,0,1.42,86,1,0,0,0,2,2,4,3,0,0,32.92765069,1,1,1,1,32.92765069,0.082230309,0,17,0,0,1.63323e-07,298236.1765,100676.5356,265.7503287,71.00040089,0,0,0,0,0,1.12501e-05,44429.68702,39047.61119,77.83416532,23.59409477,26333.66924,18085.19957,64.36466511,15.25854153,3.26646e-07,0.456086404,0.048708885,0.499837791,0.014223096,0.339239416,0.006877556,0.097449383,-0.339169595,1.19523e-05,0.660760584,1171,34,316722.75,104625.5,0.335121911,104625.5,0.335121911,6.768943268,23.42513094,0.283810248,6.768943268,23.42513094,0.283810248,0.462675183,56161.09091,0.462675183,56161.09091,0.592138114,190693.5,0.592138114,190693.5,0.371714967,16565.78571,0.371714967,16565.78571,0.621855561,125452.875,0.621855561,125452.875,22.8587899274705,13.7271052147569,10.0014120190186,40,0.000186149666091117,16,1.99250868476142,1.08165738604371,3.16444014439379,0.000130799335749021,56630.8316728842,0.000323590558298074,0.00101059951222497,57.2450871254468,0.00289291512137098,0.640261586752352,0.00065288763123337,0.000250415150632598,115.299427922509,147.19855244338,1.99250869105552,0.0914141403304206,2.79667901992798,0.000102118023906475,0.00120563634993595,136,0.456059860183587,2.65359283708097e-05,0.000821087911444748,0,0.00102287597634842,14.9000000953674,0.00292672606782758,1.34998155699991,0.00763478964180141,0,0.566251538816744,1.04244842809083,1.57537215456078,2680.32521565755,1.57972902209381,8.5,2.47842437974156,167.899314029886,118.5,0,17122.5833333333,4.12365341186523,13271,48.927868852459,1.69381213854283,17143.1666666667,1559.69256762417,0.00131801608180212,1.92062345788778,0.00887445878414881,0,0.00137060539411517,0.000530232003255662,0,0.000170282869182221,0,0,0,0,0.000923858679902443,0,0.000587514113143865,4.86459986368815,0,453,0,0,0,0,0,0,0,0.000342185758568728,7.49534964561462,23794.5148610148,0.108982684705165,0.000284019414067484,0,0,0,0,15.6277109313049,0.00205291053935293,280397,541.959229368805,7.52929156412844,0,2.37996638434618,117.441499837407,165
"H17-16126 - 1",1,2,"12/20/2017",19651038,0,"5/9/1961 0:00:00",0,0,56,"Portugal",81,164,30.116002379536,"Diabetic nephropathy",1,1,103,0,1,2,1.3,64.47493424,1.1,78.78648196,1.03,85.25468635,1.26,66.5238336539292,1.44,55.9738162,-5.2750087269646,0,1,1.9,39.63816777,-6.7214164709823,0,1,0,0,1.9,39.16278937,"4/17/2024 0:00:00",76,1,1,1,"1/8/2018 0:00:00",0,1,1,1,3,4,19,1,0," ",0,0," ",0,0,0," ",0,0,0,0,1,1,54,0,0,170,81,28.0276816608997,1,0,"Stroke (ischemic)",1,0.6,114.7132264,0,0.99,49,0,0,0,1,2,2,5,4,0,0,33.4538,1,1,1,1,33.4538,0.195292697,16.6666666666667,30,5,0.142857143,1.3371e-07,229229.9,146629.4442,215.8617307,98.38350081,2.22851e-08,135106.5,85368.21406,150.8226957,21.18288141,1.17398e-05,36610.77126,38624.7633,70.28688765,23.97031765,30098.71101,26910.80182,65.50755019,22.64888246,2.62964e-07,0.353828151,0.030650418,0.429802096,0.021207722,0.372605661,0.031165053,0.071312863,-0.065321761,1.1914e-05,0.627394339,2634,59,254034.1481,130829.1481,0.493436368,137986.44,0.485039188,7.883728768,34.13471882,0.162842474,7.883728768,34.13471882,0.162842474,0.47812586,87251.65789,0.47812586,87251.65789,0.675685469,1221420.5,0.675685469,1221420.5,0.448830737,12895,0.448830737,12895,0.58798257,366089.125,0.58798257,366089.125,40.1507992696847,17.3394703081326,16.9811799051976,122.333333333333,0.000917463815396534,20.9198811848958,4.00409968810445,2.16652892798316,2.191956233759,0.00101950244088897,82876.9295412734,0.000345530976879148,0.0151832309733397,113.708772903987,0.0359537334328242,3.08350995800837,0.000541906775456034,0.0108773803127775,235.384486660175,342.260442432911,4.00409969227239,0.000671518195048893,2.71262931823731,9.94996440194002e-05,0.000541383846334731,119466.147286822,0.00779178299825941,0.000267413886781359,0.00115661206777687,7.36683174613554e-05,0.0176774941715943,21662.4465729469,0.00304890334059622,0.251438159575717,1.63726940107579e-05,0.831436297801476,0.675685468565734,1.08912185446892,1.24535673229173,2548.17759050642,1.78065258264542,51.4386477096671,2.11394549764153,168.063924528056,119382.798449612,0.000962319039794304,16224.3571428571,4.27876456578573,69313,1.58333333333333,1.86880587716663,16243.6428571429,4869.1567799111,0.000438819463623156,0.980710953474045,7.55737598393554e-05,9.39688110351562,0.00142785269630918,0.0111725178631869,1.263888088698,0.000135912741747278,2.41275238100488,279,0.00350225923972604,8.59378051757812,0.00087793191629019,5.94555404566651,0.000201914616977551,4.48349434988839,3.87548931523864,1982,19,296668,798109.375,15084.611328125,10.9861011505127,92579.5,3.15413027210678,0.000475451774206646,11.3937683105469,33334.3880840852,0.181052477715989,0.000899690311091187,6.90912906229681,10.9861008984581,9.57635126338244,11.8147408662956,3.24365891572306,0.00104363035198767,2282823,2057.0565808162,1.38333129882812,4.70039343219816,2.43445636316307,10.770329614269,3
"H17-16126 - 2",1,2,"12/20/2017",19661009,0,"1/26/1983 0:00:00",1,0,34,"Portugal",69,164,25.6543723973825,"CAKUT",4,1,37,0,1,2,1,75.81449506,1.1,67.62091213,1.37,51.96220432,1.64,41.6139193911487,1.89,34.66530767,-3.47430586057435,0,0,3.05,19.27912866,-5.58369768278717,1,1,0,0,6.52,7.679654346,"6/26/2023 0:00:00",66,0,0,0,"12/28/2017 0:00:00",0,2,0,0,2,6,22,0,1,"6/26/2023",1,1,"6/26/2023 0:00:00",1,0,0," ",0,0,0,0,2,1,54,0,0,170,81,28.0276816608997,1,0,"Stroke (ischemic)",1,0.6,114.7132264,0,0.99,49,0,0,0,1,2,2,5,5,0,0,51.93620719,1,1,1,1,0,2.282531716,6.25,30,3,0.090909091,1.67286e-07,300601.9333,124711.406,271.1860039,67.02649681,1.67286e-08,114688.8333,81047.23181,128.6946954,88.17600977,1.00037e-05,36924.18395,32988.61264,73.54701838,23.83706468,0,0,0,0,2.67658e-07,0.224103831,0.050286557,0.369379016,0.0100603,0,0,0.136138098,0.011850187,1.01877e-05,0,1794,48,300601.9333,178554.7,0.578915848,184115.3448,0.580314787,7.697961628,36.86307427,0.150014985,7.697961628,36.86307427,0.150014985,0.325151668,26229.66667,0.325151668,26229.66667,0.517237312,61785,0.517237312,61785,0.292076835,19772.92857,0.292076835,19772.92857,0.440913585,48828.25,0.440913585,48828.25,4.04303066264764,45.0323916774904,4.69689989089966,67,0.154222218195597,17.7906970977783,2.01698678731918,2.09321494760286,2.55982187201089,0.0565791959969539,156.445747375488,0.000323676440270411,0.5,82.4196578493262,0.000402788986663158,1.81959492734063,0.00114461128632256,0.5,163.483879638468,212.57344579089,2.0169867425948,0.00270659380270763,3.10773658752441,0.000104218005109601,0.000654502873143195,29319.9730538922,0.118803920545594,0.0244324633405932,0.000509928578116683,4.00241837048955e-05,8.00766883057197e-05,5468.9954450002,0.00290303166549539,1.30647964989111,8.73535789758487e-05,1.91397849462366,0.517237312074836,3.47264469045403,1.23994356622796,4554.91611328125,4.21594084351213,58.3284941872728,2.4485261817245,227.780921553924,29289.3196107784,0.000542865701856316,27285.1,4.08291721343994,27182,228.818181818182,2.8527788786619,27306,1065.47727214752,0.000472349545441688,1.57986181599277,0.000303411269049585,14.1968994140625,0.00141427196687119,0.00425575285887831,16.3796268379401,0.000308484353803335,2.42175810296055,2,0.00213390942643356,0,0.000933709822710659,5.89808393164064,0.00019843277837537,5.75875988006592,1.09375,155,2,158424,0,0,7.16512107849121,161462,1.47647053139815,0.000233087122221397,6.39379978179932,83557.7441928472,0.186065543240593,0.000904727216328715,6.96272724496651,7.16512129892345,6.20589912577237,0,1.66610170998016,0.00182554206471101,176355.9375,429.596586318658,7.32801090920722,1.22093023255814,2.49071821751199,38.6207464251736,14
"H18-01953 - 1",1,2,"2/2/2018",8004474,0,"9/10/1950 0:00:00",1,0,67,"Portugal",48,158,19.2276878705336,"Chronic glomerulonephritis (unspecified)",2,1,71,0,1,2,1.2,49.61368684,1.51,37.65708161,1.38,41.95310342,1.36,42.4298306826558,1.29,44.64864888,1.1094090986721,0,0,1.51,36.504098,-1.48143317066395,0,0,0,0,1.47,37.39106426,"1/4/2024 0:00:00",71,0,0,0,"2/9/2018 0:00:00",0,2,2,1,5,0,26,1,0," ",0,0," ",0,0,0," ",0,0,0,0,1,1,78,1,0,160,50,19.53125,1,0,"Stroke (hemorrhagic)",1,0.9,65.43602377,0,1.99,99,1,0,0,1,3,0,4,3,0,0,73.1096,1,1,1,1,73.1096,0.048945085,11.1111111111111,15,2,0.117647059,2.20943e-07,250863.1,105317.0702,231.0628773,76.99359337,2.9459e-08,117874.25,174.75,173.7612648,3.467401097,1.34039e-05,40104.51813,70929.3277,70.40180422,30.63916595,13363.16886,14477.38217,46.77413226,14.03404609,2.20943e-07,0.438890152,0.055426398,0.537555498,0.022021259,0.325066941,0.002447771,0.103108234,-0.58340636,2.09005e-05,0.674933059,910,15,268709.1786,161617.1429,0.593400984,161617.1429,0.593400984,9.380934829,37.40944703,0.129033429,9.380934829,37.40944703,0.129033429,0.367881137,68883.75,0.367881137,68883.75,0.292791029,382769.5,0.292791029,382769.5,0.382899158,6106.6,0.382899158,6106.6,0.292791029,382769.5,0.292791029,382769.5,15.2520771797883,43.1445789240948,6.15505860692306,24.5,0.00214174198292051,12.6953277587891,1.72160070469911,4.86910963483784,2.33639989433155,0.000722545746395028,5199.3991308967,0.000586290998134129,0.00422434126549627,44.2150912327381,9.07252064092185e-05,0.450657385098154,0.0014412147751767,0.00132158931324065,87.8214740082623,115.866932068408,1.72160070485059,0.00160449955343874,6.49032115936279,0.000201100294149112,0.00161468169646382,51049.1552,0.103295746938513,0.000216985112940684,0.00168500549847998,4.86615870960088e-05,1.52106446802025e-05,9084.91615058594,0.00525825132722193,1.36685116096082,4.42779081799465e-05,0.840071538111887,0.370116605098803,1.86603844200054,1.15989982802957,1163.32232666016,4.31518232822418,48.7759280289314,2.42509844116617,107.915137584786,51001.3824,0.00119826549511216,7286,3.51060783863068,7860,1165.5,2.14180238785282,7301.5,98.3847763108502,0.00161830769533537,1.8086587701525,0.000179962314352781,15.9813842773438,0.002285725710661,0.000576784916543275,1.3275104111909,0.000409365495488062,2.32670417335392,188,0.00463631687767443,0,0.00181275834321672,4.9321438853185,0.000483119360462257,4.59844970703125,6.59493099787686,2,35.78759765625,0,0,0,0,111828,0,0.000647490688723145,2,24795.8251779842,0.181656889087516,7.92585701951174e-05,5.74698217175106,0,0,0,2.88868822538239,0.00292753414240705,531.1669921875,45.8157245918222,11.9893646240234,7.66375656284541,2.42717144348779,308.598444584544,1028
"H18-05054 - 1",1,2,"3/28/2018",19058063,0,"10/9/1947 0:00:00",0,0,70,"Portugal",83,175,27.1020408163265,"ADPKD",4,1,81,0,1,2,2.2,31.43414176,2,35.24299673,1.96,36.10784244,1.69,42.869041295702,1.53,47.70633842,2.418648562149,0,0,2.11,32.03795891,-2.7077705964255,0,0,0,0,2,33.88250035,"2/8/2024 0:00:00",70,0,0,0,"4/13/2018 0:00:00",0,1,2,2,5,6,20,0,0," ",0,0," ",0,0,0," ",0,0,0,0,1,1,72,0,0,170,80,27.681660899654,0,0,"Head Thrauma",2,0.7,97.89881334,0,1.1,63,0,0,0,0,1,0,1,3,0,0,19.73650748,1,0,0,0,19.73650748,0.012332456,0,21,0,0,2.06329e-07,405499.2857,222243.5112,299.8541968,123.8779495,0,0,0,0,0,1.35686e-05,69100.08943,78533.37304,92.97396526,36.91365645,40018.43951,40174.66574,73.12351245,23.0431407,3.73356e-07,0.652170887,0.083666063,0.937588412,0.015073103,0.393166843,0.012028055,0.089235385,-0.668565326,1.19026e-05,0.606833157,1381,38,456378.9444,87074.5,0.236008237,103297.3846,0.227414763,6.545166562,22.62731977,0.365091773,6.545166562,22.62731977,0.365091773,0.472589463,51428.78571,0.472589463,51428.78571,0.551001853,219905,0.551001853,219905,0.427406179,10208.5,0.427406179,10208.5,0.585547674,154479.5,0.585547674,154479.5,29.2055291667383,21.879167897466,9.99732834895452,191,0.00264640505392368,24.3782958984375,2.54243135565803,0.950556953479809,2.15561573674113,0.00136968259601687,17587.3034909748,0.000377368895743203,0.00424679281410747,83.4386001800126,0.00183958950261347,1.04779123996655,0.000139668299273628,0.0014226946315757,193.465272241847,641.75854506669,2.54243135780206,0.0666666655313401,2.6020839214325,9.90704351794566e-05,0.000273516991085253,205,0.395353554598883,0.000438363813769479,0.00213791954838544,0,0.000653223488080401,21.7999992370606,0.00334369634003178,1.61158902693322,0.00506387919914432,0,0.523546077624265,0.0565775726975596,0.93211779950732,1034.00260416667,1.58619549401901,7,2.57998571372789,103.056572183858,184.5,0,6295.5,4.41257381439209,89129,237.97641509434,0.730004339994056,6307.66666666667,472.223917448001,0.000162647574510185,1.91894283440878,0.00682926817638118,0,0.0102690262219572,0.000100375434060717,0,5.21300540864451e-05,0,0,0,0,0.000878360307530748,0,8.96531966931796e-05,4.53126653035482,0,41,0,0,0,0,0,0,0,0.000780656110528513,6.69534969329834,1825.8447040837,0.106341459692978,5.2141891465688e-05,0,0,0,0,7.61851190668963,0.00033635979533454,12937.3388671875,163.275130021714,10.0871080557505,0,3.1520258947467,200.262327960103,424
"H18-09647 - 2",1,2,"6/19/2018",19546514,0,"8/5/1956 0:00:00",0,0,61,"Portugal",62,155,25.8064516129032,"Undetermined",5,2,55,0,5,2,1.4,57.18264631,1.18,70.2036163,1.08,78.07453137,1.09,76.7370478721273,1.04,80.18162669,1.72228940893635,0,0,1.02,81.05739616,1.08008707196817,0,0,0,0,1,82.10301041,"5/8/2024 0:00:00",71,1,1,1,"7/6/2018 0:00:00",0,2,1,1,4,4,23,0,0," ",0,0," ",0,0,0," ",0,0,0,0,2,1,75,1,0,160,80,31.25,1,0,"Stroke (hemorrhagic)",1,0.5,97.74850958,0,1.43,86,1,0,0,0,0,0,0,2,0,0,10.27922101,0,0,0,0,10.27922101,0.02731676,0,24,0,0,1.98755e-07,403370.9792,174449.9204,311.9041219,73.45396778,0,0,0,0,0,1.17845e-05,45972.69642,54611.93951,77.2690013,31.5142724,18638.49712,16874.55372,55.81233161,14.79820697,2.56725e-07,0.506777934,0.080171943,0.541765564,0.064616506,0.349936805,0.004192827,0.147982723,-0.30541516,1.54983e-05,0.650063195,1423,31,403370.9792,136650.4583,0.334044023,136650.4583,0.334044023,6.180331662,21.147141,0.331710068,6.180331662,21.147141,0.331710068,0.459488721,158907.6364,0.459488721,158907.6364,0.996560609,1235935.5,0.996560609,1235935.5,0.41149303,17885.5625,0.41149303,17885.5625,0.587477229,534966.5,0.587477229,534966.5,13.3643583963367,21.3717459472929,3.96892161819879,682,0.00122842794012674,15.1968994140625,1.3132971028809,0.607155236429644,1.41513554468468,0.000308841723255579,2080.55731030314,0.000311206269023941,0.00287106401232375,203,0.000662848998847989,0.122689875192715,0.000569156088761616,0.000830066425752551,404.720905761846,1101.65810759103,1.31329710425071,0.0999999982970101,2.40474891662598,0.000106324017139665,4.61605969724089e-05,178,0.416212490243739,0.000108856266736812,0.000567544794882439,0,0.00015597365922139,15.2000007629394,0.00281888942219306,1.52193769392754,0.0060995187652245,0,0.532208112423512,0.640307752154577,1.22034086657451,3809.75427246094,1.70328141277276,14,2.58943414599611,215.087638919019,174,0,24464.0833333333,3.38350319862366,329218,250.252427184466,1.32962638163204,24486.1666666667,406.757070462288,4.54046604181803e-05,1.44189588005103,0.00786516840538282,0,0.00179963786231652,7.69850074091575e-06,0,0.000151378270247112,0,0,0,0,0.000964239080771552,0,2.60942601848506e-05,4.86459986368815,0,20.3333333333333,0,0,0,0,0,0,0,0.000265270993308372,6.33126656214396,13807.4172334574,0.085393262713143,4.8899912400926e-06,0,0,0,0,2.12718831078614,0.000223371017853416,12348.8235677083,147.743834354456,6.23829086359265,0,2.33337455206295,183.806963959476,2047
"H18-11055 - 1",1,1,"7/16/2018",9351987,0,"3/16/1954 0:00:00",1,0,64,"Portugal",74,167,26.5337588296461,"ADPKD",4,2,49,0,1,2,1.4,42.01151821,1.26,47.67353597,1.3,45.91874357,1.32,44.8055996553748,0.92,68.24543456,11.7199174523126,0,0,1.3,44.51280458,-0.0731987688436995,0,0,0,0,1.15,51.30240637,"1/12/2024 0:00:00",66,0,0,0,"7/24/2018 0:00:00",0,0,1,1,2,12,20,0,0," ",0,0," ",0,0,0," ",0,0,0,0,1,1,82,0,0,170,90,31.1418685121107,1,0,"Stroke (hemorrhagic)",1,0.6,96.3796361,0,1.54,91,1,0,0,0,3,2,5,4,0,0,71.1736,1,1,1,1,71.1736,3.314607568,0,27,1,0.035714286,1.78868e-07,281360.3148,149874.4312,241.2682693,100.7137124,6.62473e-09,97015.5,0,99.45853407,0,1.39252e-05,33713.59848,35192.98356,69.01924396,23.13777881,20616.51835,30065.05152,53.98340372,16.31932867,2.98113e-07,0.44511689,0.05032627,0.469467964,0.042594178,0.317815008,0.007021852,0.107198519,-0.191921917,1.46794e-05,0.682184992,2102,45,303863.34,125118.56,0.414134507,128434.7391,0.428666656,7.115961645,28.33151503,0.192101937,7.115961645,28.33151503,0.192101937,0.385820862,123227.25,0.385820862,123227.25,0.201025475,2030155.5,0.201025475,2030155.5,0.384518024,13380.10714,0.384518024,13380.10714,0.388860819,379537.25,0.388860819,379537.25,18.5995580057835,27.59061419211,4.31342310721739,96.4,0.00124777974849723,17.3088382720947,1.3743277133409,0.962876263786765,2.09555133883397,0.000302251130481022,2676.28393415559,0.00751090188366797,0.00274564800828054,93.4671293559279,0.00213633036627528,0.13246775313302,0.00942031906580278,0.000799448566786478,188.069315573363,266.456758027104,1.37432771287844,0.000777265347204467,1.93285858631134,0.0060826065441738,0.000544026635921816,91212.3288288288,0.175537241403823,0.000104674008788999,0.00110153849935929,0,0.000578173152633684,14656.1635005367,0.111259498836295,1.36235026223508,1.96666371362153e-05,0.825806185609516,0.201025475270491,0.844448152690856,1.31175149976852,2785.8039456881,2.21687714980049,42.6486599909657,2.57210909997225,170.310058215679,91140.0518018018,0,17736.1153846154,3.89148163795471,40678.8,78.3885980221059,2.97671178765504,17756.5384615385,6219.4462812612,0.000479803467562905,1.32834506624309,8.65047474483228e-05,0,0.014076058395701,0.0137384536707006,2.84846909837536,0.00465322412694898,0,346,0,0,0.0933175187003398,0,0.000221042867402966,4.61252289551955,3.72599388497362,6427,29.9844970703125,0,0,0,0,0,0,0.000447400868914515,8.1968994140625,1204.62413683805,0.159946059692892,0.00532870169948129,0,0,0,0,3.16579372573887,0.00111343241090487,6043674.5,2154.21265833279,4.40728888600423,4.55769188354654,2.6000339899054,14.560219778561,3
"H18-11055 - 2",1,1,"7/16/2018",1005330,0,"6/3/1960 0:00:00",1,0,58,"Portugal",73,162,27.8158817253467,"ADPKD",4,1,61,0,1,2,1.4,43.60882868,0.99,66.09457756,1.22,51.43944425,1.57,37.7700425578374,1.83,31.03728572,-3.3663784189187,0,0,1.98,27.88847703,-2.47039138195935,1,1,0,0,1.6,35.85372822,"2/20/2024 0:00:00",67,0,0,0,"8/13/2017 0:00:00",0,0,1,1,2,0,22,1,0," ",0,0," ",0,0,0," ",0,0,0,0,2,1,82,0,0,170,90,31.1418685121107,1,0,"Stroke (hemorrhagic)",1,0.6,96.3796361,0,1.54,91,1,0,0,1,2,2,5,4,0,0,50.4542,1,1,1,1,50.4542,0.684284159,11.7647058823529,32,6,0.157894737,1.1783e-07,398051.1719,199195.3398,299.82492,108.2017149,2.20931e-08,81884.33333,71604.55069,121.150539,77.66518036,1.1864e-05,47154.29252,45687.76734,83.88491051,28.17109761,0,0,0,0,3.16668e-07,0.467740033,0.046902386,0.559439109,0.025931655,0,0,0.083838233,-0.111206589,1.20039e-05,0,3222,86,437215.5172,103693.1034,0.238410433,106625.1786,0.236033422,6.097109489,27.56760417,0.190815666,6.097109489,27.56760417,0.190815666,0.455263507,163940.4643,0.455263507,163940.4643,0.587797936,1308869,0.587797936,1308869,0.35542121,13146.85714,0.35542121,13146.85714,0.555105804,314734.0714,0.555105804,314734.0714,16.1489907760938,27.2767672353244,0.333333333333333,17.3333333333333,0.158975851157355,9.13126627604167,0.180952390034993,1.37677709500759,1.22280767427242,0.00374531835205993,12.6666666666667,0.000256954556060934,0.0496481926633898,44.8674826981644,0.000931047294200668,0.142322097378277,0.000226050976288088,0.0310958810486176,87.4414352638114,117.574788723888,0.180952380952381,0.00371968843703238,3.1287636756897,7.41230750530451e-05,0.00115391458903341,20303.2380952381,0.186807568464085,0.0020331729217415,0.000829383608384972,0.00683245045798165,0.000224642089131001,3247.30988757641,0.00230041392942761,1.42131992861346,0.00014447540000345,0.653121271402085,0.587797935809591,0.146933832854791,1.19893018145594,2826.91796875,1.81808369469127,39.3242613661122,2.46000746019176,168.144849674688,20280.4329004329,0.00899166879007372,16970.75,2.57897162437439,8068.66666666667,376.342762063228,1.37851904338094,16986.75,4445.83001155152,0.0015847102070624,1.46202372731068,0.000417505273470534,1.39999997615814,0.00469427878900172,0.000306277608303283,1.25342401177459,6.94150085914812e-05,2.56653118100324,554,0.0118644065776114,9.1968994140625,0.000668754915623557,0.321125161307199,0.00059270387169307,5.59767472743988,3.13612594956259,3127,24.1968975067139,5042,112396.484375,22045.02734375,2.20149922370911,4,3.62020736273559,0.000311178002847606,7.59069967269897,5062.09983883768,0.157138016299617,0.000131723071319213,1.19567879210127,2.20149915659487,1.1048651606482,2.99731951185365,1.68136507047086,0.00173064254608241,1804460.75,1519.39862552328,7.29951986338255,4.26902605607035,2.52347729052658,192.613835981693,368.666666666667
"H18-17466 - 1",1,2,"11/16/2018",19713864,0,"8/12/1951 0:00:00",0,0,67,"Portugal",82,170,28.3737024221453,"Chronic glomerulonephritis (unspecified)",2,1,49,0,1,2,2.7,25.04813124,2.72,24.82728115,3.53,18.15859325,2.93,22.5667852002142,4.18,14.55114895,-4.0078181251071,1,1,4.01,15.10544633,-1.86533471755355,1,1,0,0,4.01,15.06323004,"1/22/2024 0:00:00",62,0,0,0,"12/17/2018 0:00:00",0,2,1,2,5,0,11,1,1,"1/22/2024",1,1,"1/22/2024 0:00:00",1,0,0," ",0,0,0,0,1,1,66,0,0,170,80,27.681660899654,1,0,"Stroke (hemorrhagic)",1,1,83.00664386,0,1.3,78,0,0,0,0,1,2,3,4,0,0,20.65092874,1,1,0,0,20.65092874,0.27831469,0,35,0,0,3.11347e-07,441122.6429,164264.6016,314.0775208,73.36910257,0,0,0,0,0,2.30841e-05,57043.4183,65044.74463,82.15092397,33.16555464,29408.71574,32727.37718,62.62600601,20.96882987,6.04902e-07,0.809509497,0.137342124,1.316798332,0.019582918,0.316923966,0.012419395,0.104300044,-0.244100544,1.88332e-05,0.683076034,2595,68,441122.6429,38393.2,0.088013988,61574.21429,0.138821351,4.710925337,17.25333869,0.408383241,4.710925337,17.25333869,0.408383241,0.662670923,16958.19048,0.662670923,16958.19048,1,41147.5,1,41147.5,0.645804469,15748.725,0.645804469,15748.725,1,41147.5,1,41147.5,16.3156272415544,29.1571908300873,3.0393880481337,96,0.000921415367892534,10.5968990325928,1.14137674834935,0.115736051616245,0.864998549936835,0.000162165454025502,889.106680445877,8.60983281591536e-05,0.00190539376848747,56.5154846037792,0.00565837205001128,0.0364212412920235,4.97408903478218e-05,0.000515419067903352,128.797556961549,449.458871201825,1.14137674889049,0.177189540440072,1.34207608018603,1.86292742132551e-05,0.000257443735304231,117,0.098705483027532,6.38718060575157e-05,0.000667447784620152,0,0.0019250583490407,13.4500000476837,0.000760730079296431,1.26422835543697,0.0139578611343606,0,0.606015287912768,0.0287422090885051,1.42832333554372,3524.74556477865,3.27665580596243,11.75,2.62244793253007,192.824927323284,114.375,0,21158.25,3.13784003257752,41162,31.75,0.672217392130711,21175.1666666667,349.301566466951,0.000309395986584721,1.40642374186289,0.0196759817665663,0,0.00643042129226524,0.000452613871903939,0,1.57526644806106e-05,0,0,0,0,0.000164645199310032,0,0.000145765511879889,6.0963830947876,0,22.5714285714286,0,0,0,0,0,0,0,0.000320141951474409,4.28217121532985,3078.33938699498,0.126968936304231,0.000373453658421876,0,0,0,0,6.67815994813049,0.000252163101805333,5570.9775390625,117.76815127601,4.37338558548973,0,1.57199792216907,60.111934454687,46.2857142857143
"H18-17995 - 1",1,2,"11/27/2018",17016765,0,"2/13/1953 0:00:00",0,0,65,"Portugal",61,160,23.828125,"Hypertensive Nephrosclerosis",3,1,15,0,1,2,1.4,55.77765086,1.54,49.74953173,1.68,44.81699404,1.85,39.6740723209737,2.25,30.9807422,-4.34666506048685,0,0,4.18,14.55114895,-6.28073084274343,1,1,0,0,4.18,14.47983091,"11/29/2023 0:00:00",60,0,0,0,"12/5/2018 0:00:00",0,0,2,2,4,27,19,0,1,"11/29/2023",1,1,"11/29/2023 0:00:00",1,0,0," ",0,0,0,0,1,1,72,0,0,170,60,20.7612456747405,1,0,"Stroke (hemorrhagic)",1,0.8,94.02944217,0,1.57,92,1,0,0,1,2,2,5,4,0,0,36.32047687,1,1,1,1,36.32047687,1.26478137,6.25,29,2,0.064516129,1.81111e-07,347432.6724,113666.8457,297.5914653,70.15334778,1.24904e-08,101077.5,5195,163.5177496,5.517749615,1.05544e-05,42952.26036,45415.088,74.78757455,28.57555739,22233.19798,34415.59018,49.8069832,15.64536449,4.37165e-07,0.451731165,0.062923999,0.45333619,0.082980107,0.349351461,0.012628164,0.138802065,-0.272857553,1.1819e-05,0.650648539,1690,70,347432.6724,113134.4828,0.318387276,117155.0357,0.327796832,6.248083408,26.80488568,0.252180425,6.248083408,26.80488568,0.252180425,0.449066501,251718.05,0.449066501,251718.05,0.477170016,1213053,0.477170016,1213053,0.413337929,9365.785714,0.413337929,9365.785714,0.532433166,817206.6667,0.532433166,817206.6667,32.0758266617571,20.4976251899316,11.6381606139613,23,0.00135340856208885,12.489143371582,2.61123651010503,2.49039118392289,2.46435927660085,0.00107356099682986,35226.7019247117,0.000183016661461357,0.00678963940497031,45.4324407847001,0.00603798882611495,1.44911550234138,0.000222446739841555,0.00411491447235186,90.1337304316728,122.024630120501,2.61123650596557,0.00049550609642238,2.82753801345825,4.62017262619437e-05,0.00171771587636328,158875.791946309,0.240688160143793,0.000315318646639202,0.000629041931151809,3.6288601782152e-05,0.0025501957792398,27591.9496251049,0.00162483201162546,1.34963745767547,1.12032460026707e-05,0.847754593144981,0.491247049936386,0.415018020369036,1.34199474987425,16562.2870686849,1.42055791214958,49.38146593597,2.57417378880289,368.878135469974,158774.285234899,0.000255246726832247,88970.8333333333,3.67056310176849,9121.25,27.7344559585492,3.29298858355967,89012,4485.3112883124,0.00199031091821157,1.73374616173265,5.51776899216527e-05,30.7782287597656,0.00132552109766119,1,1.16933142818792,5.26506510699772e-05,2.51797300695782,434,0.00142143022951857,0,0.00040993054097906,2.32236171637979,0.00072934640860875,5.99379475911458,3.93501391736097,2390.5,27.36279296875,0,0,0,0,51544,0,0.000271453291243189,10.5937805175781,18894.4324874357,0.173038332583576,0.00158982511923688,3.48069391924622,0,0,0,3.50251073152307,0.00338909502723804,3842939.25,1464.31884770999,5.85334374620507,4.63772456748939,2.51707184161931,11.6619037896906,3
"H18-19213 - 2",1,2,"12/21/2018",19806256,0,"12/30/1955 0:00:00",0,0,62,"Portugal",72,173,24.0569347455645,"ADPKD",4,2,27,0,1,2,2.2,33.03768957,1.66,46.3219869,1.47,53.59645723,1.28,62.8874397034838,0.93,91.12432495,14.1184426232581,0,0,0.85,95.23959899,8.08803982162905,0,0,0,0,0.85,94.55497612,"2/27/2024 0:00:00",62,1,1,1,"1/11/2019 0:00:00",0,1,2,0,3,0,18,0,0," ",0,0," ",0,0,0," ",0,0,0,0,2,1,65,0,0,170,85,29.4117647058824,1,0,"Stroke (hemorrhagic)",1,0.8,98.21343773,0,1.23,73,0,0,0,1,2,2,5,4,0,0,51.2108,1,1,1,1,51.2108,0.984539215,3.03030303030303,67,2,0.028985507,1.88047e-07,353510.194,178562.3372,283.4474542,89.25129923,5.61336e-09,82545,5448.5,140.6267165,3.623066888,1.37527e-05,39740.47776,43324.19606,74.42078946,30.97016956,23120.69183,28531.52213,61.62735164,19.34506808,3.33995e-07,0.315347514,0.066476676,0.546539701,0.023603721,0.668389,0.003967539,0.121631925,-0.305300121,1.50347e-05,0.331611,4900,119,353510.194,125698,0.332066829,138730,0.353499581,6.973452907,22.8199964,0.305358905,6.973452907,22.8199964,0.305358905,0.362453792,59732.625,0.362453792,59732.625,0.487115734,444371.5,0.487115734,444371.5,0.348499488,18062.1875,0.348499488,18062.1875,0.418271007,226414.375,0.418271007,226414.375,15.7922201610973,23.3974545267518,5.83234216461542,12,0.001440140521478,9.49224972724914,1.5908480543747,2.41285285676405,1.74216544752566,0.000449805730703329,4722.24536967916,0.000295514842041538,0.00338458246124954,36.6314906162163,0.000578361053098933,0.292896958679342,0.000384455006924731,0.00103270410417674,72.4113441424827,96.4241187772225,1.59084805488582,0.00720039351679786,4.86289715766907,7.59709282291905e-05,0.00170926852621335,10993.2513227513,0.367351871714435,0.000128879685741551,0.000816787470769435,5.09124873947225e-05,0.000121291330716558,1907.48742855667,0.00263391997398667,1.44709710423245,0.00031025003763449,0.725792246018172,0.288895860260525,0.586692967522234,1.12657823760932,3599.22981144832,1.79558258605237,46.3526946453594,2.47801905071439,176.298737993751,10976.164021164,0.000419171579316937,20175.2307692308,2.78127598762512,5471,222.233369683751,5.52446216786544,20197.7692307692,770.490451653955,0.00283673718964343,1.76803115917006,0.000773995554622475,12.9875984191894,0.00132734370843436,0.000314281846510657,1.24853456713717,9.12953151761152e-05,2.3887587558648,305,0.00202551441347309,0,0.000677092575665425,3.1759210517791,0.000985206973900416,5.41228444759662,2.89618638953264,81.3333333333333,17.5906982421875,0,0,0,0,62213,0,0.000392904821672098,7.45943323771159,16994.7924769428,0.169652662776654,0.000124940596817615,3.92912041118948,0,0,0,1.94031069931712,0.00312490424031124,193347.557291667,292.985481427031,9.49989886840271,3.85285712531548,2.52523656975582,267.14367281492,688.5
"H19-00319 - 1",1,2,"1/8/2019",17025944,0,"12/24/1952 0:00:00",0,0,65,"Portugal",84,164,31.2314098750744,"Diabetic nephropathy",1,1,14,0,2,2,2.9,23.27749622,3.86,16.51616058,4.42,14.03806145,3.69,17.32531802676,0,0,0,1,1,0,0,0,1,1,0,0,3.69,17.21468886,"1/6/2020 0:00:00",12,0,0,0,"1/31/2019 0:00:00",0,2,2,0,4,2,21,1,3,"1/6/2020",1,3,"1/6/2020 0:00:00",1,0,1,"7/20/2020 0:00:00",1,1,0,0,1,1,65,0,0,170,100,34.6020761245675,1,0,"Stroke (hemorrhagic)",1,1.2,67.11141057,0,1.33,80,0,0,0,0,1,2,3,3,0,0,27.38412264,1,1,1,1,27.38412264,0.457948493,0,50,0,0,1.06801e-07,467753.49,220164.0057,324.4377765,100.7013863,0,0,0,0,0,7.31376e-06,75530.91866,172417.5659,95.46411862,41.44393113,55937,32614,63.22438272,10.75534423,2.17875e-07,0.33492429,0.049956703,0.552414728,0.018909749,0.182898977,0,0.090433329,-0.50900915,7.41514e-06,0.817101023,3424,102,487045.1458,222501.7083,0.456347048,225907.1064,0.447840105,8.372843644,27.08498818,0.345398557,8.372843644,27.08498818,0.345398557,0.379514175,124533.4667,0.379514175,124533.4667,0.376668162,959497,0.376668162,959497,0.359182372,17016.15,0.359182372,17016.15,0.420177782,339568.1,0.420177782,339568.1,28.9267048645615,23.1959043328703,15.8134540368461,56.375,0.00118615082461013,20.0563976764679,3.66054005927405,0.00256204386996256,3.48409292148307,0.000976064879184129,83141.9698526911,1.87987619710026e-05,0.0097555209484,82.5215783505656,0.0258728726794302,2.37590444311142,2.38397572155949e-05,0.00674865795364473,165.228330245413,225.774963659173,3.66054005771983,0.00195899369771494,1.1297789812088,3.35014350331591e-06,0.000767870302225054,79942.6105404198,0.275843798267445,0.00026102918907094,0.00155597191738194,0,0.0115854019980272,18867.8540504527,0.00016455292750494,0.34903122114198,5.78245769536168e-05,0,0.573869609581296,0.966455767079492,0.952699746273123,2397.53466796875,1.33884159723918,87.2768477237643,2.23728088859277,143.198988945939,79889.8436802144,0,10658.9,4.96459436416626,29721.125,1.83333333333333,3.25542207781695,10682.2,3506.84097937106,0.000607029744451514,1.03835088014603,0.000226209217419281,0,7.4358369321386e-05,4.46668140122808e-05,0,3.5254334659027e-06,0,0,0,0,2.93096239702373e-05,0,0.000256219957934756,6.31627979278564,0,861,0,0,0,0,0,0,0,0.000653293027542155,9.78759956359863,1139442.14160156,0.240126843622883,3.92315335911307e-05,0,0,0,0,1.9195713250667,0.00181974363420385,2010893.75,1471.15065365215,1.74896662433942,0,2.60509726779175,204.009803685999,89
"H19-00319 - 2",1,2,"1/8/2019",19272907,0,"5/6/1962 0:00:00",0,0,56,"Portugal",79,160,30.859375,"Undetermined",5,1,16,0,2,2,1.8,43.63107611,1.94,39.88052389,2.15,35.25305664,1.84,42.231891715273,1.83,41.98349604,-0.124197837636501,0,0,2.19,33.42604203,-2.20146242131825,0,0,0,0,2.19,33.27255942,"2/1/2024 0:00:00",61,0,0,0,"1/15/2019 0:00:00",0,2,1,1,4,4,22,0,0," ",0,0," ",0,0,0," ",0,0,0,0,2,1,65,0,0,170,100,34.6020761245675,1,0,"Stroke (hemorrhagic)",1,1.2,67.11141057,0,1.33,80,0,0,0,1,2,2,5,5,0,0,46.26961844,1,1,1,1,46.26961844,1.230716236,4.34782608695652,47,3,0.06,9.75772e-08,427343.7021,188782.9481,314.5674704,89.98196129,6.22833e-09,64952.33333,35519.10638,118.2477751,47.58988354,9.46706e-06,54705.25461,55000.48382,90.17974799,35.69971473,22206.31962,16171.59477,61.48236171,19.58343614,1.99307e-07,0.342829618,0.041698982,0.517897923,0.022121097,0.259428105,0.006494578,0.080515831,-0.370885489,9.68315e-06,0.740571895,4560,96,427343.7021,188811.1702,0.440761417,199783.0682,0.432422321,7.960067612,24.64060632,0.333216608,7.960067612,24.64060632,0.333216608,0.388621542,54708.86538,0.388621542,54708.86538,0.384562199,363895,0.384562199,363895,0.4080738,13900.27778,0.4080738,13900.27778,0.344853963,146528.1875,0.344853963,146528.1875,24.96182775811,23.8887847818111,13.5089519704402,26.3333333333333,0.000155094063024175,14.7719648679097,2.45453269846044,3.29359274150663,2.11332449214918,0.00011418847449989,119083.881212242,0.000450562143563031,0.000802523486756005,61.2376458027192,0.00243088730185376,0.847287393928118,0.000921721102129787,0.000190643048908448,122.476644321242,148.754283982577,2.45453269723587,0.0922892255913709,4.66726576198231,0.000130226214689903,0.00113130972502751,204.714285714286,0.333145282504505,2.12132334724989e-05,0.0294117647058823,4.51343251306294e-05,0.000841666637031284,23.4276853970119,0.00397746742629693,1.73389060423639,0.0070738280005726,0.170616113744076,0.459188083781914,1.83746818729368,0.467421788839582,34,1.87417716213441,16.6190476190476,2.81671837079859,60.1733423823076,197.642857142857,0.000311009438321142,334.5,3.85893175999324,14882.75,46.1009549795362,3.50073685074204,336,2412.5804819966,0.00118938255822729,2.13177852844205,0.0104574698738564,16.7782974243164,0.00156063459194326,0.00171090819727834,1.87338649833082,0.000242971118224351,2.42882653691093,70,0.00129782622403438,0,0.00114747208141222,2.89369700210116,0.000472575874144552,1,1.02368241047467,604.5,9.79999923706055,75101,0,0,4.88940382003784,69122,1.26022659291905,0.0059203487081626,10.5906991958618,57047.537129841,0.10503334971009,0.000296965748861861,3.90949012875704,4.88940371713444,3.65786965443805,0,6.5090248186719,0.00241709468642975,1153621.3125,874.050409838478,8.60139991717753,2.23560239239927,1.63568858815846,94.092439571851,121.090909090909
"H19-04533 - 1",1,2,"3/23/2019",19508593,0,"12/24/1956 0:00:00",0,0,62,"Portugal",71,168,25.15589569161,"Undetermined",5,1,16,0,1,2,1.67,45.98933394,1.73,44.08202752,1.75,43.47816703,1.53,50.7675447759982,1.63,46.47171896,-2.1479129079991,0,0,0,0,0,1,1,0,0,2.72,24.99615797,"11/21/2022 0:00:00",44,1,0,0,"4/1/2019 0:00:00",0,1,1,1,3,4,11,0,0," ",1,6," ",0,1,1,"1/10/2023 0:00:00",4,1,0,0,1,1,64,0,0,170,70,24.2214532871972,1,0,"Stroke (hemorrhagic)",1,1,84.04557832,0,1.35,81,0,0,0,1,2,2,5,4,0,0,47.7917,1,1,1,1,47.7917,0.680401302,10,55,5,0.083333333,2.62178e-07,325848.6364,139919.1514,280.4987812,67.59637658,2.38344e-08,112073.6,53333.5148,160.5893317,45.62090021,1.67508e-05,26952.33281,22989.66338,66.07124683,22.16545676,11335.10276,8594.866784,46.76615664,13.1906112,3.0508e-07,0.49821092,0.085430306,0.451472687,0.037278435,0.306569971,0.011328803,0.189225856,0.217922567,2.0838e-05,0.693430029,3514,64,325848.6364,107415.7818,0.316638826,110646.4151,0.317444003,6.353169848,22.54081522,0.315468288,6.353169848,22.54081522,0.315468288,0.406422265,218940.5417,0.406422265,218940.5417,0.602057184,1482162,0.602057184,1482162,0.355149567,16630.91667,0.355149567,16630.91667,0.457694964,421250.1667,0.457694964,421250.1667,22.2364587232732,16.2909507504461,8.49119278449047,2992,0.00154773697952714,27.9844970703125,2.13976766263382,1.97226750530066,1.87069956449237,0.000953153955041772,11059.6070247602,0.000181524968417198,0.00466614047345579,608.822634270442,0.00453143210332501,0.918613844418739,0.000223680875969644,0.0015501145307635,1312.48868171292,1482.69408343968,2.13976766261938,0.134006026487517,2.2160918712616,4.30699845467495e-05,1.88777293905001e-05,120.375,0.336284029526395,0.000261178992475736,0.000586775483301837,4.51444708618834e-05,0.00171257827890722,12.5499999523163,0.00160184529536794,1.26682910132827,0.0122116583621835,0.776685457071327,0.0346687622640768,0.508114064947048,1.43760580746196,25612.8051893446,1.46741681391373,9.5,2.54167007148151,386.991104553674,118.6875,0.000163385737645417,117640.444444444,4.18089866638184,1482408,16.5493390716262,0.293762489463434,117677.777777778,1102.15346238077,1.09826357525189e-05,1.93498727343026,0.0144981884216571,12.393798828125,0.000892794981494651,0.5,1.10741110947466,4.78330276614522e-05,2.46335960720723,275,0.000697534828237562,7.59069967269897,0.00038006488446819,2.26869024289577,8.0949374261337e-06,7.28406630622016,5.69466567820684,379,44.0751953125,2454,423738.78125,16659.12890625,1.99009835720062,23431,1.75525394603229,0.000259546118011648,5,23978.6341556763,0.11338612426326,0.00244498777506113,3.47278357195447,1.99009837013824,0.519583772373862,5.54704517934285,6.46623206750852,0.000178316500041021,25266.51171875,366.14998896713,6.55545999202734,7.81681837171896,2.85127449111138,9.05538513813742,2
"H19-05840 - 2",1,2,"4/14/2019",11007466,0,"11/6/1960 0:00:00",0,0,58,"Portugal",86,175,28.0816326530612,"Diabetic nephropathy",1,1,32,0,2,2,1.29,64.27073449,1.38,59.27424239,1.61,49.26402185,1.58,50.0762044079805,1.67,46.27624666,-1.89997887399025,0,0,1.63,47.05337204,-0.755708091995125,0,0,0,0,1.63,46.94813984,"3/18/2024 0:00:00",59,1,0,0,"4/22/2019 0:00:00",0,2,1,0,3,4,18,1,0," ",0,0," ",0,0,0," ",0,0,0,0,2,0,62,0,0,160,65,25.390625,0,0,"Head Thrauma",2,0.6,109.1453993,0,1.09,60,0,0,0,1,1,2,4,2,0,0,15.97998931,1,0,0,0,15.97998931,1.658802267,15,37,6,0.139534884,1.42529e-07,544023.8378,271478.3393,353.4628861,116.8668175,2.31128e-08,203913,37864.39908,210.6894055,21.81301822,8.1203e-06,43967.91675,42638.40636,76.76346695,28.07890971,37732.96181,50117.31491,57.86998757,23.80742962,1.73346e-07,0.528452359,0.077539158,0.357032642,0.06167105,0.159786862,0.006358682,0.217176664,-0.146685138,7.44491e-06,0.840213138,2108,45,574599.2714,215998.9714,0.384165517,215998.9714,0.384165517,7.979603857,30.19367153,0.294217163,7.979603857,30.19367153,0.294217163,0.52103799,65148.3,0.52103799,65148.3,0.6776702,491652.5,0.6776702,491652.5,0.491720927,15432.9375,0.491720927,15432.9375,0.638306244,264009.75,0.638306244,264009.75,26.4126368981464,30.2425851773041,10.6878334506722,42,0.000833179907412446,22.6329193115234,2.41872794373091,2.66407470396226,2.99338220109295,0.000384011064051298,28483.0100979685,0.00852798701234044,0.00271098744980623,77.466257840059,0.000427919044584582,0.730863624647403,0.0164223902005242,0.000887606158533773,153.299576840503,221.440788629448,2.41872794324494,0.00420429602252745,4.04479742050171,0.00598265760043818,0.000863428241536838,23496.9568345324,0.269335937667686,9.58355213868989e-05,0.000841409737876795,5.11930547271836e-05,8.23406124486004e-05,5316.84491600358,0.104460011974857,1.80692943637309,0.00014405265236914,0.742269565046018,0.677670199506874,0.876453997549343,2.38879554225851,3813.80834960938,3.06792743671575,72.5361473675349,2.72630707112687,179.783064855644,23469.535971223,0.000250613074997287,18400,5.09561586380005,26608,168.532544378698,1.54806395919886,18444,2863.35064736294,0.000662174849277245,2.07654306486514,0.000482171005070982,11.4906768798828,0.0213407660453801,0.00408054481524952,1.19355379355356,0.00895737235309394,2.44941840983206,415,0.00110349197433648,8.393798828125,0.0801508289388298,6.48426843944275,0.000273658315041027,6.393798828125,4.85146836793001,614,37,198996,1256960.75,43912.3515625,9.60306406021118,121911,1.52012518946681,0.000405074107639094,12.9875793457031,144.883596801758,0.215270350547027,0.000907444815531382,7.92757811890354,9.60306409109077,7.59616865521166,6.49394112389504,1.88643688387794,0.00197181406306044,761262,1097.34690942495,10.1590787447416,7.06010213334863,2.55152987432824,45.7909875906213,14.5
"H19-07811 - 1",1,2,"5/22/2019",19029209,0,"2/22/1960 0:00:00",0,0,59,"Portugal",64,164,23.7953599048186,"Diabetic nephropathy",1,2,42,0,1,2,1.19,70.36611183,1.27,65.08118361,1.32,62.13426859,0.93,94.0024909492175,1.02,83.09916865,-5.45166114960875,0,1,0.87,96.3541184,0.587906862695625,0,0,0,0,0.87,96.33015118,"3/7/2024 0:00:00",58,1,1,1,"6/3/2019 0:00:00",0,1,1,1,3,0,10,0,0," ",0,0," ",0,0,0," ",0,0,0,0,1,1,54,1,0,160,60,23.4375,1,0,"Stroke (ischemic)",1,0.5,111.3861784,0,1.17,68,0,0,0,1,1,2,4,4,0,0,19.39499997,1,0,0,0,19.39499997,1.717603557,9.52380952380952,39,3,0.071428571,1.36167e-07,235736.4231,129893.1769,228.3530465,85.65367944,1.04744e-08,110628.6667,34307.45082,157.6244487,19.48161092,1.06525e-05,43426.03605,39817.1225,76.42041552,26.37650768,19786.27059,19857.49837,54.44312365,14.80382994,3.45656e-07,0.441084066,0.032099618,0.462595034,0.045812867,0.364475165,0.012230378,0.069390322,-0.01788392,1.26958e-05,0.635524835,3051,99,264666.0294,86657.14706,0.311543829,92893.09677,0.314565402,6.753846272,30.27689642,0.242480476,6.753846272,30.27689642,0.242480476,0.462852085,53174.35484,0.462852085,53174.35484,0.529814588,423650,0.529814588,423650,0.431919937,13327.77273,0.431919937,13327.77273,0.538464003,150577.1111,0.538464003,150577.1111,29.4127940871292,16.0568350247101,7.978466520001,1,0.000884658896807189,0,1.86050207686955,0.21787679684631,0,0.000389393014379987,15123.794134765,0.000118874422834495,0.00235197163837123,4.24264068711928,0.00371073049006642,0.544080708998884,0.000129315698962242,0.000632179038164053,4.03009616141954,15.748476855773,1.86050207590763,0.00803787936605644,1.20185532569885,2.39510924077905e-05,0,15930.3355481728,0.396278267024348,9.79878761768736e-05,0.00125088148664699,1.987224680935e-05,0.00142577563872275,3292.32434641721,0.00105014435068695,1.21942259579569,0.000417783116455255,0.183243139625758,0.596565208119078,0.585123930077665,1.34133419968613,4244.7541809082,1.53658824087269,59.5188958539025,2.45884499280955,195.377563598747,15907.8995016611,0.000146870820098173,19445.85,0,44,24.2509702457956,1.1453435099218,19469.45,2198.44958031634,0.177777787049611,2.17105830309462,0.000928185283716179,41.3782958984375,0.000562163924513632,0.00113959359436403,1.16328791007633,2.49702620268227e-05,2.42895105341097,83,0.000666274248010394,0,0.000211335140050651,1.44109559980642,0.0318181812763214,6.70612483024597,1.71907556880139,280.4,21.1968994140625,70372,0,0,3.9929039478302,55549,1.5206114011129,0.00043744813507416,9.79317932128906,54505.679114328,0.198972287103115,0.000930075000591414,3.01807762383133,3.99290391691682,2.93702422607441,0,1.86716366027772,0.0407094861331739,214060.1234375,856.38009523847,7.84770605480841,3.78152046191248,2.35353135552706,51.4599155958692,22.6
"H19-07811 - 2",1,2,"5/23/2019",19801515,0,"10/10/1957 0:00:00",0,0,61,"Portugal",68,174,22.4600343506408,"Diabetic nephropathy",1,2,51,0,1,2,0.92,94.63951367,1.2,68.80189458,1.14,73.16983422,1.24,65.7371486927197,1.07,77.49154802,5.87719966364015,0,0,1.34,58.42343621,-1.82842812067993,0,0,0,0,1.34,58.37258895,"11/30/2023 0:00:00",54,1,1,1,"6/6/2019 0:00:00",1,2,2,1,5,0,21,0,0," ",0,0," ",0,0,0," ",0,0,0,0,2,1,54,1,0,160,60,23.4375,1,0,"Stroke (ischemic)",1,0.5,111.3861784,0,1.17,68,0,0,0,1,1,2,4,4,0,0,19.9860271,1,0,0,0,19.9860271,0.659936676,16.6666666666667,80,16,0.166666667,1.81342e-07,284342.2813,133003.4144,252.1215009,85.54581385,3.62683e-08,158831.9063,59375.1684,193.8881212,47.90246809,1.50242e-05,41112.56329,40539.79013,76.7583925,27.88935908,24155.40443,22064.84514,56.31229884,16.02594873,3.78551e-07,0.52222336,0.051563102,0.617681589,0.015247387,0.249831233,0.006957766,0.08347845,0.049787155,1.3816e-05,0.750168767,6628,167,306659.7432,72668.78378,0.24472928,75962.55714,0.245489638,5.509793858,30.84326814,0.20231184,5.509793858,30.84326814,0.20231184,0.4849895,49043.43939,0.4849895,49043.43939,0.606928422,527703.5,0.606928422,527703.5,0.466472517,15382.65217,0.466472517,15382.65217,0.527578559,126463.25,0.527578559,126463.25,30.3592181615532,27.9894184895265,7.30866481630136,8,0.00025818238741813,2,1.61038009019151,1.21487061882675,0.0173154357295708,0.000100123950880979,16941.3280624222,0.000698594873381579,0.000765744415118641,13.9283882771841,0.00273836679515417,0.208969079104531,0.00133404135258961,0.00017279105023732,27.768137830154,74.1314564524112,1.61038008987557,0.121358114403564,2.83358274400234,0.000228069013796945,0.00134228187919463,146,0.204537575909167,2.26451299802821e-05,0.00147302742556279,1.59933825807934e-05,0.000934814765132706,16.8984498977661,0.00614714876842086,1.26822713022905,0.0112233412430907,0.0635102827301166,0.606928422481347,1.63061836442632,1.2953624492271,2768.84191080729,1.54566063366852,9,2.38183682944779,140.631564924469,157.25,8.47727318277403e-05,12772.3666666667,1.07499992847443,1490,41.9434097421203,0.665302695203033,12790.2,2803.99530830361,0.00690614475923426,1.99368012397627,0.0133149201912828,32.3100792566935,0.00269514009510436,0.000751969918732586,1.27948339451531,0.000360869300206966,2.58605979597058,341.833333333333,0.000498623290162065,10.1984491348267,0.002006484673337,1.48111146153906,0.00147442945697964,6.82315317789714,0.347541612871782,1055,9.89431595802307,16276.5,149541.32421875,48163.265625,3.79319500923157,49778.1666666667,1.80741361646093,0.000527160719876019,9.39379978179932,22644.7438156535,0.117603160482643,0.000348205478752031,2.83973491130646,3.79319508620135,2.36160500544851,2.10771953569221,7.58246659692733,0.00238201849990421,351127.46875,996.049347711746,7.96243136015355,1.89825896825049,3.19366106752025,95.4116908859073,77.25
"H19-09323 - 1",1,2,"6/19/2019",18025908,0,"5/25/1954 0:00:00",0,0,65,"Portugal",72,165,26.4462809917355,"Chronic glomerulonephritis (unspecified)",2,1,61,0,1,2,3.24,20.37791987,2.65,25.93694455,3.07,21.73941293,3.39,19.1810870758568,0,0,0,1,1,0,0,0,1,1,0,0,4.16,14.90427242,"6/21/2021 0:00:00",24,0,0,0,"8/14/2019 0:00:00",0,2,2,0,4,8,28,1,1,"8/5/2021",1,1,"8/5/2021 0:00:00",1,0,0," ",0,0,0,0,1,1,71,1,0,160,55,21.484375,1,0,"Stroke (hemorrhagic)",1,0.6,95.90284574,0,1.61,93,1,0,0,1,1,2,4,4,0,0,89.2917,1,1,1,0,0,1.091639339,20,24,5,0.172413793,3.04305e-07,244522.8958,143361.3682,229.798486,90.19763958,6.33969e-08,130601.1,46114.47256,172.7685929,21.65209745,1.37444e-05,36009.69419,31841.60125,73.73922687,27.23724928,30317.27248,42634.80304,58.60960504,18.78736591,1.90191e-07,0.484502173,0.074409579,0.49493343,0.003281976,0.244509215,0.019760802,0.1503426,-0.236074478,9.61469e-06,0.755490785,1084,15,266532.25,64701.18182,0.253810027,68955.9,0.247558052,5.16475029,24.79745954,0.308329562,5.16475029,24.79745954,0.308329562,0.493277166,18249.41667,0.493277166,18249.41667,0.253531433,38338,0.253531433,38338,0.541226313,14231.7,0.541226313,14231.7,0.253531433,38338,0.253531433,38338,15.9689900186639,23.8688878433946,5.52255956968675,14,0.00129775692871261,6.19689989089966,1.51084831264869,2.06849296378115,0.739722240439548,0.000316590983436099,6207.22591154778,0.000646008710301255,0.00299838334203743,47.5078940808788,0.000589443601108172,0.258972634758521,0.000932817084036288,0.000911482146664796,95.9133330215229,114.50666663483,1.51084831334097,0.103476925627979,3.33049321174622,0.000207714785631346,0.00072250202762034,109,0.315431304659688,9.40230719098337e-05,0.00151875509530545,5.35869079124496e-05,0.000139689853710387,13.761663610285,0.00561870714658872,1.43950158797724,0.0109393474838569,0.111533139442685,0.382178429602779,1.02690651540456,0.804663432865271,3315.25341796875,1.88670150778796,10.6363636363636,2.51611931089125,135.915345466991,104.318181818182,0.000257183315509255,12875.1666666667,1.91275179386139,8577,145.017543859649,3.2551097884976,12892,618.21529547665,0.00165923230380933,2.23456328715149,0.0188821791305383,29.5907001495361,0.00207928565604063,0.000490816710870477,1.46841692969479,0.000253376076166679,2.23731636605422,436,0.00120699543765444,11.9968986511231,0.00179620468099757,2.00838369430074,0.000675504241245977,7.99276622136434,0.310630746869594,35,8.69689989089966,9025,49137.20703125,25574.662109375,1.84460604190826,25303,1.30332997045422,0.000504456535053354,5.79379987716675,16220.2255044646,0.189995819947564,0.000129369684608546,3.74969024320286,1.84460598674392,0.295261414782865,2.10798828962891,15.8221530769745,0.00245700113378202,78106.359375,229.40459584434,10.3428239498222,1.79843313194338,2.55618729578387,92.4175308044962,72
"H19-10049 - 1",1,2,"7/4/2019",19038428,0,"8/22/1955 0:00:00",0,0,63,"Portugal",62,165,22.77318640955,"Undetermined",5,2,27,1,2,1,1.93,38.4190929,1.84,40.68501589,1.86,40.16061405,1.59,48.1768411363712,1.6,47.22466388,-0.4760886281856,0,0,1.5,50.39661055,0.554942353407199,0,0,0,0,1.5,0,"3/16/2025 0:00:00",57,0,0,0,"7/12/2019 0:00:00",0,1,1,1,3,0,25,0,0," ",0,0," ",0,0,0," ",0,0,0,0,1,0,77,0,0,170,84,29.0657439446367,0,0,"Head Thrauma",2,0.8,91.15045097,0,1.23,74,0,0,0,2,1,2,5,2,0,0,13.41581955,0,0,0,0,13.41581955,1.919014027,25,17,6,0.260869565,9.84174e-08,360666.1765,183133.4647,285.7637729,100.289617,3.47356e-08,107170.8333,34326.01622,157.9018573,35.62775319,9.78964e-06,45176.26523,45839.57897,77.56796575,28.45164881,32900.27643,38386.37881,60.23826387,18.96777996,2.66306e-07,0.396770304,0.035495828,0.442259229,0.052197822,0.399489975,0.016630717,0.080260231,-0.130344825,1.07967e-05,0.600510025,1691,46,383196.4688,128655.8125,0.326738038,128655.8125,0.326738038,6.930287833,22.8333045,0.392686102,6.930287833,22.8333045,0.392686102,0.453776749,26133.84615,0.453776749,26133.84615,0.592415896,128011,0.592415896,128011,0.428613904,15311.31818,0.428613904,15311.31818,0.592172399,85657.75,0.592172399,85657.75,26.5289247772477,14.5620149975561,13.4165893498431,59.25,0.00211179276261944,14.7868232727051,3.45467033580448,1.61526287218421,1.79473645216431,0.00176337436400171,32245.6703926258,0.000373076441759397,0.0125889233168712,85.6273819066173,0.0380763169527078,2.31667135728589,0.000329042635868359,0.00786051003919224,172.749974355961,255.471033930545,3.45467033282422,0.000940252292843367,3.63155460357666,0.000102240153157727,0.000439143942850886,105849.304964539,0.310190709013509,0.000505694293249903,0.00163781516291223,0.000130778471949165,0.0177553737248979,24824.1915136026,0.00326377568081247,0.0627914429834797,2.31077362916967e-05,0.745416018602199,0.0928476690885259,0.445974328722232,1.17805745562584,1903.80212402344,1.16808145046234,104.450391664491,2.20788307372366,134.881407115752,105769.854609929,0.000713068324805603,10542.2142857143,3.60241502523422,34292.5,1,3.44263313762817,10560.5714285714,140.361435713737,0.000457353613958416,0.893555545806885,0.000107435642293315,40.7720909118652,0.0019442095694774,0.000586194360023976,1.36394654309525,8.49112940377738e-05,2.64811919326135,260,0.00235976912327036,10.1984491348267,0.000893286944782577,1.93879090341238,0.000208735830246272,4.76832846232823,3.46798665207678,1,25.972095489502,84214,704706.71875,27235.2470703125,9.38138961791992,10081,1.40010221722217,0.000694531375320498,4,13746.2306073751,0.233634770239417,0.000258313237803236,4.73692717116358,9.38138945684061,7.7135477033278,6.78471962978294,3.29173701326764,0.00131542743023979,2853.94287109375,54.3667572754129,1.4,4.78856070032156,2.73222571722653,155.900609363787,203
"H19-10049 - 2",1,2,"7/3/2019",16024033,0,"11/10/1949 0:00:00",0,0,69,"Portugal",77,175,25.1428571428571,"Chronic glomerulonephritis (anti-GMB)",2,2,32,0,2,2,2.53,26.74639207,2.41,28.35237085,2.94,22.33536405,2.54,26.4550364614982,2.19,31.21575701,2.3803602742509,0,0,2.01,34.17193134,1.92922371962545,0,0,0,0,2.1,0,"3/6/2025 0:00:00",55,0,0,0,"7/24/2019 0:00:00",0,2,2,2,6,0,22,0,0," ",0,0," ",0,0,0," ",0,0,0,0,2,0,77,0,0,170,84,29.0657439446367,0,0,"Head Thrauma",2,0.8,91.15045097,0,1.23,74,0,0,0,0,2,2,4,1,0,0,35.46019642,1,1,1,1,35.46019642,0.344559491,0,34,0,0,1.64494e-07,346603.7941,144457.6902,289.1434191,84.77545235,0,0,0,0,0,1.05711e-05,45008.12517,45282.53325,79.39874707,27.81440727,23488.51148,28608.72726,61.4784662,16.9599443,2.75769e-07,0.345900324,0.057014187,0.475787544,0.049643632,0.518630462,0.00517119,0.119831188,-0.404058049,1.2778e-05,0.481369538,2185,57,356745.5455,169518.4545,0.482806979,177829.6452,0.475392098,7.231612435,22.98935269,0.339762621,7.231612435,22.98935269,0.339762621,0.384354792,82888.21429,0.384354792,82888.21429,0.549784085,261485.5,0.549784085,261485.5,0.308283231,13757.125,0.308283231,13757.125,0.48578354,175063,0.48578354,175063,17.1245209778381,28.5746385455866,7.85684452509668,271,0.00109535508574709,23.5844955444336,1.91369902238648,2.02851451893013,3.60620811128911,0.000410857218378134,13195.2056459421,0.000117438027572054,0.00317963222414758,141.449637680695,0.00183049363504434,0.516749564899187,0.000132076386041004,0.000971655517722185,292.493667877278,676.031117498016,1.91369902163048,0.166501234769457,4.4871814250946,2.47837436605952e-05,0.000154212544835607,140.2,0.144676418287844,0.000106500294116574,0.00100451913373224,0,0.000495927616248721,16.4987599849701,0.00103300152795285,1.20795691454643,0.0121905337169784,0,0.260037039195425,0.694651255425683,2.1152110384439,2373.044921875,3.03188020097596,10.4,2.40719311377206,140.383457747323,138.8,0,13840.5,5.39437437057495,152935,44.1856823266219,3.39885190066312,13859,437.565872752686,9.89052115119093e-05,1.87534884331744,0.0156800576230017,0,0.000467528403686117,0.000543850622923687,0,2.60044509051671e-05,0,0,0,0,0.000217896529987241,0,4.83460279321236e-05,4.99689960479736,0,32.6666666666667,0,0,0,0,0,0,0,0.000448270632105381,6.26149972279867,71782.7773339517,0.110818739580117,0.000240957786109774,0,0,0,0,11.4188682863652,0.000321131445079348,46239.7877604167,147.312895440272,7.1348361132929,0,2.42311189824697,190.397900842337,286.5
"H19-11364 - 2",1,2,"7/30/2019",19355139,0,"3/27/1957 0:00:00",1,0,62,"Portugal",77,162,29.3400396281055,"Undetermined",5,1,16,0,2,2,1.7,33.6965415,1.64,35.1812622,1.5,39.15746094,1.49,39.2283015069539,1.3,45.63404736,3.20287292652305,0,0,1.24,47.69940637,2.11777621576153,0,0,0,0,1.24,0,"3/16/2025 0:00:00",54,0,0,0,"8/14/2019 0:00:00",0,1,1,1,3,2,23,0,0," ",0,0," ",0,0,0," ",0,0,0,0,2,1,76,1,0,160,69,26.953125,1,0,"Stroke (ischemic)",1,0.7,89.57612681,0,1.63,94,1,0,0,1,2,0,3,4,0,0,45.4993,1,1,1,1,45.4993,0,8.33333333333333,22,2,0.083333333,1.32925e-07,353225.7273,123290.6226,289.8409286,61.75692604,1.20841e-08,19418.25,18102.25,49.44157002,40.49729811,9.83043e-06,58327.35495,55270.82549,91.48210099,30.49053977,26843.85413,27074.15526,60.76103653,17.87972962,3.20229e-07,0.388065995,0.046952636,0.573382985,0.017848968,0.344919102,0.003231898,0.08188704,-0.587394801,1.09204e-05,0.655080898,1627,53,353225.7273,146684.0909,0.405812717,146684.0909,0.405812717,7.566159923,22.94827653,0.27747295,7.566159923,22.94827653,0.27747295,0.341079741,87660.15,0.341079741,87660.15,0.444245148,340086,0.444245148,340086,0.318464744,20587.42857,0.318464744,20587.42857,0.393848068,244163.1667,0.393848068,244163.1667,8.38821322544906,26.6134089197483,2.84844994544983,36,0.0818512966751536,16.2906980514526,1.19841256737709,4.30073402529699,2.47412069285281,0.0207286679015728,136.268997192383,0.00047416884601726,0.182485780803672,72.4603343101396,0.00165747359256863,0.924489152975072,0.000306484140045354,0.171844935197851,145.214103570706,182.938187162486,1.19841257800905,0.000973067522851404,5.90220413208008,0.000140746229838415,0.000783876223449309,110924.545299145,0.190036744300076,0.00845402305983283,0.00189769290785753,0.00182096444064742,0.000416153168534055,26313.2507595486,0.00419010331190975,1.30562811209891,2.27530804732144e-05,0.725576684745672,0.442612662307358,0.296743388142193,1.29131449885459,2084.24365234375,2.76382017168102,63.8757359900997,2.36070775851775,115.670619104693,110852.285470085,0.0111722164154053,9426,4.08840048313141,21119,48.0326975476839,3.75812880427172,9435,2199.17846174305,0.000854010964766465,2.26525050223036,0.000109850242858278,3.19689989089966,0.00253382841711208,0.00158027009431973,1.3724011575001,8.59352595731276e-05,1.9519116370868,116,0.0255751991271973,0,0.00124390388790352,1.91747551623544,0.000366092647892763,5.79379987716675,2.5737397689736,566,17.1813983917236,0,0,0,0,1120,0,0.000780099675787562,8.19689989089966,8798.87827820516,0.238305869321544,0.000233020806131867,2.42370362023682,0,0,0,2.32757688722044,0.00181359690970895,1228111.3125,752.94202965617,8.52391599374506,3.74334045670283,2.5164695295294,78.7897049399801,56.6
"H19-16473 - 2",1,2,"11/5/2019",2002674,0,"5/20/1955 0:00:00",1,0,64,"Portugal",53,159,20.9643605870021,"ADPKD",4,1,55,0,1,2,1.2,50.54806367,0.98,64.45412668,1.11,55.50529876,1.06,58.2980425946335,0.9,70.06933326,5.88564533268325,0,0,1.02,59.55205808,0.313503871341625,0,0,0,0,1.05,0,"3/16/2025 0:00:00",50,1,1,0,"11/20/2019 0:00:00",0,1,1,2,4,2,24,0,0," ",0,0," ",0,0,0," ",0,0,0,0,2,1,76,0,0,170,75,25.9515570934256,1,0,"Stroke (hemorrhagic)",1,1,78.00146846,0,1.58,92,1,0,0,1,1,2,4,4,0,0,21.68220359,1,1,0,0,21.68220359,0.254373544,6.12244897959184,93,7,0.07,2.31043e-07,355643.543,211644.2704,270.1473297,116.3642817,1.73903e-08,68862.78571,19921.39504,120.2460834,36.38515379,9.27899e-06,45765.68072,49104.9664,77.41791907,25.89176208,26277.63216,29060.83403,55.77875862,12.80482591,1.34154e-07,0.376110122,0.082169014,0.424659387,0.007703579,0.431427435,0.001598735,0.193493929,-0.331618385,9.75625e-06,0.568572565,3735,54,393704.756,122334.3452,0.311114933,127063.4625,0.310934478,6.470773207,20.424479,0.330855492,6.470773207,20.424479,0.330855492,0.357921451,23419.03333,0.357921451,23419.03333,0.64341411,105326,0.64341411,105326,0.324463066,11675.95833,0.324463066,11675.95833,0.491754988,70391.33333,0.491754988,70391.33333,17.1325072536453,15.9804219395567,5.56707512926356,22.8571428571429,0.000736357342723717,10.7937992640904,1.49371869809919,0.536106727358097,2.09581288644463,0.000235230783710737,7266.65962921637,7.93804352129154e-05,0.00217968520940764,45.320415013293,0.0161736564155379,0.224156757424828,9.8504182056808e-05,0.000607716175538854,90.1730170841772,115.859831687475,1.49371869831755,0.00240712647488133,2.01779770851135,1.72592922405507e-05,0.00138332628858731,34019.3666398066,0.288696301813909,6.84745693815149e-05,0.00125754473411314,4.25387698354639e-05,0.0085850737576933,5428.24918566511,0.000707605630341804,0.533280648796781,7.67036100759859e-05,0.573101196639911,0.372528065902585,0.444725221590568,1.03266047129085,2665.25869750977,0.797079993145806,37.5974475670104,2.33981217250094,140.988044711162,33985.2171635778,0.000236501054286019,13162.625,3.17289934839521,8298.28571428571,2.5,2.03275337650496,13180.75,801.796031280393,0.00172768393296055,1.08797298158918,0.000264870552141929,29.7875938415527,0.000580192004382025,0.000249748809764159,1.32794686980726,2.00349513144525e-05,2.61954596744373,290,0.0011271225155726,5.86563316980998,0.000153817184597186,1.25668032535358,0.000625434481018263,6.3445748090744,2.35016288111213,90,13.7844982147217,7246,95434.4244791667,13532.974609375,2.2370069026947,21065,4.19373398404193,0.000499312393515106,6.26253318786621,53664.0490058543,0.160512054483796,0.000155244906297094,2.68585536058831,2.23700699842118,0.779563044904351,2.58190371136669,1.93418088277653,0.00277807733333645,90329.6692708333,266.325486372238,1.81384283729962,3.26659723024128,2.49992056604178,115.524889093217,195
"H19-18272 - 1",1,2,"12/3/2019",93000490,0,"6/22/1959 0:00:00",0,0,60,"Portugal",65,171,22.2290619335864,"Chronic glomerulonephritis (IgA)",2,1,15,1,3,1,1.71,45.26093984,1.74,44.32612862,2.03,36.84034213,1.45,54.8247032955789,1.34,59.52372745,2.34951207721055,0,0,1.47,52.60573109,-0.554743051394725,0,0,0,0,1.47,0,"3/16/2025 0:00:00",52,1,0,0,"12/10/2019 0:00:00",0,2,2,2,6,2,25,0,0," ",0,0," ",0,0,0," ",0,0,0,0,1,1,75,1,0,160,70,27.34375,1,0,"Stroke (ischemic)",1,1.1,52.40101671,0,1.73,96,1,0,0,0,1,2,3,3,0,0,9.884021453,0,0,0,0,0,0.230577995,0,119,0,0,2.76292e-07,301833.2017,138459.2036,262.3963853,81.4110487,0,0,0,0,0,1.60575e-05,37718.73417,37574.61963,71.36955747,23.71050464,0,0,0,0,3.57555e-07,0.583212734,0.083394224,0.605667252,0.019870816,0,0,0.137689834,-0.288347758,1.63338e-05,0,6916,154,309454.7457,18846.2069,0.06132638,31182.5,0.120930846,4.465156556,25.74032735,0.210434719,4.465156556,25.74032735,0.210434719,0.641026037,108182.6563,0.641026037,108182.6563,0.989359174,605466,0.989359174,605466,0.51554952,12510.625,0.51554952,12510.625,0.766502553,203854.6875,0.766502553,203854.6875,25.5972559883298,26.0373433069382,3.83595696193926,30,0.00132649357494883,9.29379940032959,1.308744094035,0.108814692519522,0.970794011489366,0.000226213521543362,1609.87076984171,0.000126157878555771,0.00203265298504055,57.8303263206544,0.00437404478256654,0.0727916306363688,6.23356746148314e-05,0.000573945349140746,119.29807765533,128.769138339894,1.30874409385693,0.00320849199772263,1.46367320418358,2.38782847491583e-05,0.00079588377563941,30208.1936385879,0.187330333107511,8.21817172988959e-05,0.000300048962431907,0,0.00148879211845743,5553.87560750354,0.00115118340176003,1.02100086112933,8.26743839414775e-05,0,0.569815523118933,0.0605072320436806,1.48415211690181,15196.847265625,1.82109152320725,33.230975885589,2.28231270072045,378.791040413903,30174.9547361063,0,71637.2,2.22594213485718,12140.5,24.6066838046272,0.276986927704039,71673,349.506637611548,0.00161494267588716,1.92313354088898,0.000345425348441239,0,0.00264682108590676,0.000101912351769163,0,1.71456145544677e-05,0,0,0,0,0.000217487603195319,0,0.000636789809660493,8.35503950119019,0,14.8,0,0,0,0,0,0,0,0.000162435111682068,6.79441976547241,5841.15116411078,0.183145574239973,8.25013506690247e-05,0,0,0,0,1.68891141787409,0.000656768798536599,2174.78432617187,119.305678923838,6.70170080355323,0,2.50074604378151,239.386963613412,693
"H19-18272 - 2",1,2,"12/3/2019",15053370,0,"1/17/1961 0:00:00",1,0,58,"Portugal",65,162,24.7675659198293,"ADPKD",4,1,33,0,1,2,1.24,50.44545487,1.33,46.37736773,1.51,39.82499481,1.29,47.8100727684365,1.5,39.4017518,-4.20416048421825,0,0,1.3,46.20521591,-0.401214214609125,0,0,0,0,1.3,0,"3/16/2025 0:00:00",54,0,0,0,"12/10/2019 0:00:00",0,1,2,1,4,10,25,0,0," ",0,0," ",0,0,0," ",0,0,0,0,2,1,75,1,0,160,70,27.34375,1,0,"Stroke (ischemic)",1,1.1,52.40101671,0,1.73,96,1,0,0,1,1,2,4,3,0,0,10.68498865,0,0,0,0,10.68498865,0.321635414,2.27272727272727,88,2,0.022222222,2.39462e-07,334344.0682,134332.4282,276.1435488,72.32472242,5.44232e-09,48348.25,5190.75,106.1324673,4.289450831,1.65283e-05,36850.24695,34432.65187,77.43128519,27.10930373,17583.1926,16039.83386,54.79477751,16.5739767,4.40828e-07,0.536869206,0.080062718,0.609072828,0.017850757,0.322325085,0.022186847,0.131450156,-0.193423314,1.73221e-05,0.677674915,6074,162,345605.5588,58209.71765,0.168515076,63921.81081,0.180923443,4.955176624,23.26901617,0.2549932,4.955176624,23.26901617,0.2549932,0.513603121,85636.75,0.513603121,85636.75,0.761265394,481150,0.761265394,481150,0.430991802,14910.21429,0.430991802,14910.21429,0.629258967,184653.9,0.629258967,184653.9,24.3345338443212,17.7934726876762,7.93829291289084,9.33333333333333,0.00327412681403262,7.5312663714091,2.11933556790358,0.932901119984299,1.07533330754651,0.00124927697896379,8513.49659038193,0.000137681765359715,0.00471636773627648,41.391179949071,0.00764799230015022,0.798380247306534,8.4260519072141e-05,0.00154172085287703,82.9548308280705,100.082411246297,2.11933556386285,0.00270883716397806,2.39305480321248,2.73483950139714e-05,0.00121791983439407,30552.8859291758,0.304787726861875,0.000384379483725877,0.00118840110050849,2.90475759502692e-05,0.00345520704314459,5769.33224300814,0.00122443109101306,1.22364874023105,7.1225954318751e-05,0.0336950634117186,0.746108231472937,0.124347910485167,1.14029386543208,3095.78002929688,1.35218824091283,42.159737879683,2.38161986704358,141.763367907133,30519.6142275149,0.000203057844251992,13316,2.24519010384878,6532.66666666667,22.5997727272727,0.44087352945104,13334,2412.80378669997,0.00250491704788475,2.26919055635279,0.000300832695429812,28.7968940734863,0.00151004209387008,0.000498646290053862,1.43316631409983,2.09979652435269e-05,2.47763590029728,98,0.000775611238781683,0,0.000243050442353323,0.0350023276368092,0.000932117081159344,8.39999961853027,0.151158194922422,462,4.19999980926514,0,0,0,0,608,0,0.000522116639986553,9.29379940032959,9475.11949827133,0.187185273421632,0.00023787927578608,1.25415808966546,0,0,0,1.49609415624664,0.0016999486568572,149039.609375,965.975144968756,8.1948333792253,1.49857518374699,2.54171190317156,107.163717840617,81
"H20-02897 - 1",1,2,"2/14/2020",19292924,0,"12/1/1951 0:00:00",0,0,68,"Portugal",61,162,23.2434080170706,"Other",6,1,24.9666666666667,0,1,2,1.95,36.78487681,2.12,33.27421408,1.99,35.89939651,2.01,35.2512533680444,1.33,57.14600142,10.9473740259778,0,0,1.51,48.46558563,3.3035830654889,0,0,0,0,1.51,0,"12/30/2025 0:00:00",51,0,0,0,"2/21/2020 0:00:00",0,1,2,2,5,4.17,18,0,0," ",0,0," ",0,0,0," ",0,0,0,0,1,1,69,1,0,160,75,29.296875,0,0,"Anoxia",5,0.8,79.70930029,0,1.19,70,0,0,0,1,2,2,5,4,0,0,52.9647,1,1,1,1,52.9647,0.246024434,12.962962962963,94,14,0.12962963,2.94474e-07,260279.1436,117847.791,240.0304912,71.11626295,4.38578e-08,89059,33763.29126,151.2441666,33.04956139,1.32513e-05,43624.34669,46886.72128,77.34001751,28.19623381,19470.7731,20576.56247,53.76371509,17.41715615,3.85322e-07,0.500539112,0.076645362,0.578080022,0.033687468,0.320960046,0.02526588,0.132586077,-0.580149754,1.50412e-05,0.679039954,4230,123,268315.7143,76120.16484,0.28627369,81997.90244,0.285055297,6.556762509,20.53784897,0.38657784,6.556762509,20.53784897,0.38657784,0.399690372,154183.5606,0.399690372,154183.5606,0.487761444,1889383,0.487761444,1889383,0.309618726,13565.2381,0.309618726,13565.2381,0.557315752,400265.625,0.557315752,400265.625,0,0,0,0,0,0,0,0,0,0,0,0,0,0,0,0,0,0,0,0,0,0,0,0,0,0,0,0,0,0,0,0,0,0,0,0,0,0,0,0,0,0,0,0,0,0,0,0,0,0,0,0,0,0,0,0,0,0,0,0,0,0,0,0,0,0,0,0,0,0,0,0,0,0,0,0,0,0,0,0,0,0,0,0,0,0,0,0,0,0,0,0,0,0,0,0
"H20-04374 - 1",1,2,"3/6/2020",19709165,0,"5/25/1961 0:00:00",1,0,58,"Portugal",73,176,23.566632231405,"ADPKD",4,1,42.5666666666667,0,3,1,1.3,47.66460978,1.54,38.895844,1.19,52.9994925,1.37,44.4797539804034,0.97,66.48121696,11.0007314897983,0,0,1.29,46.63536437,0.538902597399149,0,0,0,0,1.29,0,"3/16/2025 0:00:00",49,0,0,0,"3/13/2020 0:00:00",0,1,2,2,5,0,24,0,0," ",0,0," ",0,0,0," ",0,0,0,0,1,1,64,1,0,160,70,27.34375,1,0,"Stroke (hemorrhagic)",1,1.2,50.54806367,0,1.48,89,1,0,0,1,2,2,5,3,0,0,25.50621462,1,1,1,1,25.50621462,4.602240522,5.88235294117647,64,4,0.058823529,1.77092e-07,445600.0234,249451.2327,318.3117759,109.1072618,1.10683e-08,91206.75,4913.655875,143.4766837,6.55295651,1.21557e-05,47907.13487,44787.0008,81.97079389,29.94769647,0,0,0,0,3.12678e-07,0.493065901,0.07891229,0.582345692,0.020595306,0,0,0.135507639,-0.094053214,1.23439e-05,0,4393,113,471215.9667,112953.1333,0.236462456,121665.1481,0.24534384,6.204401949,22.17072084,0.331462147,6.204401949,22.17072084,0.331462147,0.534313541,54075.59091,0.534313541,54075.59091,0.583350961,161271.5,0.583350961,161271.5,0.590556561,19165,0.590556561,19165,0.435888255,115169.125,0.435888255,115169.125,30.9177233626,17.7384903284215,7.27898452222907,370.666666666667,0.00108404949038769,11.3281656901042,1.86379965414459,0.353846162230104,0.984208727390222,0.000493603021579311,11171.9725722387,6.48064347527878e-05,0.0021205477470384,187.096458664299,0.00515322387715791,0.44714857289494,6.71367849266387e-05,0.000594886342238742,380.23731777625,445.324201008037,1.86379965535338,0.115261903693076,1.23846161365509,1.40918276151962e-05,8.76323349304388e-05,118.8,0.394506396438776,0.000143232487282282,0.000869219540132182,3.04750118513182e-05,0.002220131717147,21.5993797302246,0.000584812741830333,1.5184621485555,0.0112195850831861,0.344879145355552,0.438185227465772,0.138415654804353,1.15817787022651,3549.75326538086,1.39649343097546,16.8,2.62832745219991,179.0850698479,115,0.0001697410329935,22752.5,2.38666645685832,132302,103.169631236443,1.39685714934641,22775.75,682.184174680499,9.39189225129209e-05,1.41602485919464,0.0179410133740398,25.9689960479736,0.00116209779133708,0.0189655176524458,1.24424656272168,1.58516054721601e-05,2.45931230209915,217,0.000872672761878273,6,0.000127213566765132,1.56071684845006,4.60868038438475e-05,4.49534976482391,1.80149288302544,127.333333333333,17.1813983917236,31046,165921.625,15547.2333984375,3.00471234321594,44172,1.24219308541661,0.0004985471467149,4.06253321965535,15348.7807445066,0.30129169358813,0.0120879123499105,2.78709232763166,3.00471234111647,1.80629648426272,3.08921290262521,16.2769522858915,0.00019245705653983,48426.6477864583,212.159705485496,5.23027324800636,3.24407840693919,3.97806817679527,15.1327459504216,1
"H20-04374 - 2",1,2,"3/6/2020",19209543,0,"10/27/1960 0:00:00",0,0,59,"Portugal",65,173,21.7180660897457,"ANCA vasculitis",2,2,36.1666666666667,0,1,2,1.48,54.16339138,1.4,57.89836037,1.39,58.39856124,1.33,61.1923217041336,1.39,57.3190686,-1.9366265520668,0,0,1.48,52.50501797,-2.1718259335334,0,0,0,0,1.48,0,"3/16/2025 0:00:00",46,1,1,1,"3/17/2020 0:00:00",0,2,1,2,5,0,24,0,0," ",0,0," ",0,0,0," ",0,0,0,0,2,1,64,1,0,160,70,27.34375,1,0,"Stroke (hemorrhagic)",1,1.2,50.54806367,0,1.48,89,1,0,0,1,2,2,5,3,0,0,38.15709359,1,1,1,1,38.15709359,3.169488305,2.5,82,1,0.012048193,2.34756e-07,445785.811,235668.1925,314.7554627,94.0986051,2.86288e-09,99650.5,0,165.1302516,0,1.89494e-05,42460.10568,38832.15006,81.33334891,29.93182509,22607.44286,24491.41271,60.49089154,18.55610907,4.49472e-07,0.670770434,0.104651006,0.804593954,0.030992038,0.333069035,0.009024599,0.130066856,-0.081344468,1.86537e-05,0.666930965,6619,157,468580.5694,89068.05556,0.19898934,149411,0.307662244,6.158984548,18.12036361,0.385747516,6.158984548,18.12036361,0.385747516,0.390864197,137842.881,0.390864197,137842.881,0.536561264,1046878,0.536561264,1046878,0.314296348,13285.95455,0.314296348,13285.95455,0.475088831,274855.5,0.475088831,274855.5,19.5897044593989,29.2309929511913,5.58493009623121,4,0.000149883256350189,10.393798828125,1.46180008078745,1.61145899230367,2.2181642665883,6.82202720692182e-05,13084.2120770197,0.000256456939223208,0.000764075259956956,24.5967477524977,0.00229393569280067,0.14496114593029,0.000105747797008237,0.000163692288902198,13.0628054597942,101.141086267705,1.46180008114778,0.00315886427002039,3.12867097854614,8.50727467835868e-05,0.0108608138224922,24080.7376681614,0.142090838400351,1.7752091938646e-05,0.000749547865667868,0,0.000634927127925063,4438.5245098918,0.00237325892343022,1.334840970697,9.56012636851422e-05,0.880105970366431,0.536561264414244,0.0316091417466576,1.07943729825839,3703.16302490234,2.19915806238979,58.4375763232072,2.59614607219598,185.749745811071,24052.4049887892,0,24145.8571428571,2.8042049407959,957,87.8206319702602,2.78191523906941,24170.8571428571,4151.83592873718,0.0107573702221825,1.34582726740483,0.000354978756947366,0,0.0131608173226213,0.000205071422041677,1.1257367221533,4.30538844198368e-05,0,331,0,0,0.000791587928333676,0,0.00208986415882968,4.78283551761082,5.56381604686857,2795,29.9844989776611,0,0,0,0,0,0,0.000294757921684354,7.39379978179932,813.7493667134,0.18617109181929,8.06908535172982e-05,0,0,0,0,1.59451977292757,0.0138708578912835,2912773.75,1582.75254987034,4.569390489931,6.33552135570761,2.7235941616555,232.634887825379,882.8
"H20-08233 - 1",1,2,"6/23/2020",19779957,0,"5/19/1971 0:00:00",1,0,49,"Portugal",71,165,26.078971533517,"Diabetic nephropathy",1,1,52.2333333333333,0,1,2,1.02,67.43990143,1.2,55.49062773,0.97,71.6326556,0.92,75.8561387871226,1.02,66.19328036,-4.8314292135613,0,0,0.95,71.19734006,-1.16469968178065,0,0,0,0,0.95,0,"2/15/2025 0:00:00",44,1,1,1,"7/2/2020 0:00:00",0,2,1,2,5,0,18,0,0," ",0,0," ",0,0,0," ",0,0,1,0,1,0,35,0,0,174,65,21.4691504822301,0,0,"Head Thrauma",2,0.6,129.1019015,0,0.72,15,0,0,0,0,0,0,0,2,0,0,6.086860933,0,0,0,0,6.086860933,0.006963796,0,64,0,0,2.69236e-07,268083.0391,105313.7594,258.3400923,66.45150835,0,0,0,0,0,2.00286e-05,29548.61783,29989.54232,67.84988453,25.25783396,25688.16667,33743.39513,55.70496635,30.63424103,1.76686e-07,0.508807285,0.072177474,0.591817386,0.008526459,0.35500752,0,0.121959029,-0.414249436,2.0286e-05,0.64499248,4761,42,272049.4841,55251.36508,0.207106383,56433.78689,0.204233851,5.337144425,21.43886894,0.266795588,5.337144425,21.43886894,0.266795588,0.510061496,50211.6,0.510061496,50211.6,0.850404414,459597,0.850404414,459597,0.463846754,11442.95455,0.463846754,11442.95455,0.637152037,156825.375,0.637152037,156825.375,21.7703907698611,26.6559108298802,5.85058775528127,59.75,0.000249974576713708,10.0914742946625,1.40528116698414,0.111732845561859,0.848127509543378,8.87674892736897e-05,13355.0748356715,0.000674779677186875,0.000898430952947643,75.6330358315116,0.00167891658445287,0.178170047269892,0.000386834463987145,0.00019210213604813,153.075906437292,391.993791685344,1.40528116793246,0.0549119242892401,1.48590433597565,0.000200377310743864,0.000241024359089679,276.384615384615,0.153577799076696,2.17716537326341e-05,0.0012364805922997,0,0.000448437875236201,43.6075132076557,0.00595235806965901,1.06919643607512,0.00385458800936229,0,0.378056063126334,0.159940693201036,1.91203770922303,2409.01374511719,1.66824104521276,18.6987179487179,2.27815069254633,150.009084791178,277.769230769231,0,12392.6,2.2768594622612,47991.5,63.6418884982421,1.45532958911823,12408,337.935064736294,0.000447784838598327,1.76105820048939,0.00529214461616441,0,0.00440292806030197,0.000198651448019207,0,0.000129442170575762,0,0,0,0,0.00176579963415652,0,0.000196531311955354,5.55813989639282,0,13.4,0,0,0,0,0,0,0,0.000451333870623411,6.15565977096558,2302.27529537613,0.101881876247146,0.0001603521323068,0,0,0,0,6.53749525089356,0.000542751975579399,11821.45703125,110.597936703584,7.27951456804721,0,1.73915482513149,262.230814360174,204
"H20-08288 - 1",1,1,"6/24/2020",19533043,0,"2/23/1978 0:00:00",0,0,42,"Portugal",85,170,29.4117647058824,"Chronic glomerulonephritis (unspecified)",2,2,28.4,0,1,2,1.17,79.82041893,1.39,64.911146,1.16,80.64685761,1.24,73.9826710864133,1.1,84.36509346,5.19121118679335,0,0,1.06,87.10938762,3.28167913339668,0,0,0,0,1.06,0,"3/16/2025 0:00:00",47,1,1,1,"7/15/2020 0:00:00",0,1,2,1,4,0,14,1,0," ",0,0," ",0,0,0," ",0,0,1,0,1,0,25,0,0,174,59,19.4873827454089,0,0,"Anoxia",5,0.9,121.5522926,0,0.73,16,0,0,0,0,1,0,1,3,0,0,17.8086,1,0,0,0,17.8086,0,0,14,0,0,1.45448e-07,331916.3571,167864.9512,276.1278711,111.1574119,0,0,0,0,0,1.02749e-05,58613.64813,156567.0548,81.16829129,41.75927324,21510.81886,22392.99444,60.73577268,20.35881492,1.35059e-07,0.52315146,0.048276686,0.602248601,0.011987588,0.50922971,0.000681598,0.080160727,-0.59368948,1.40974e-05,0.49077029,989,13,386543.5,148107.75,0.393661201,148107.75,0.393661201,8.071088685,19.21818112,0.431725097,8.071088685,19.21818112,0.431725097,0.488580497,119609.25,0.488580497,119609.25,0.658977737,211941,0.658977737,211941,0.318183257,27277.5,0.318183257,27277.5,0.658977737,211941,0.658977737,211941,0,0,0,0,0,0,0,0,0,0,0,0,0,0,0,0,0,0,0,0,0,0,0,0,0,0,0,0,0,0,0,0,0,0,0,0,0,0,0,0,0,0,0,0,0,0,0,0,0,0,0,0,0,0,0,0,0,0,0,0,0,0,0,0,0,0,0,0,0,0,0,0,0,0,0,0,0,0,0,0,0,0,0,0,0,0,0,0,0,0,0,0,0,0,0,0
"H20-08454 - 1",1,2,"6/28/2020",9168386,0,"5/15/1991 0:00:00",0,0,29,"Portugal",76,172,25.6895619253651,"Undetermined",5,2,19.1,0,1,2,1.64,57.70819863,1.7,55.27279547,1.51,63.72029809,1.59,59.5213234056624,1.46,65.1213936,2.8000350971688,0,0,1.45,64.84903158,1.3319270435844,0,0,0,0,1.45,0,"3/16/2025 0:00:00",46,1,1,0,"7/8/2020 0:00:00",0,2,2,2,6,2.04,10,0,0," ",0,0," ",0,0,0," ",0,0,1,0,1,0,43,0,0,174,70,23.1206235962479,0,0,"Head Thrauma",2,0.7,117.2483252,0,0.77,21,0,0,0,1,2,0,3,4,0,0,35.2158,1,1,1,1,35.2158,0.050527331,7.14285714285714,26,2,0.071428571,1.22342e-07,500979.6731,187606.3536,353.6607509,86.22620167,9.41091e-09,142650.5,4013,191.5488975,0.140956175,1.31517e-05,31358.98801,28755.03215,70.54291826,23.56917447,21243.88761,26591.88174,58.48396536,17.52888267,3.29382e-07,0.43841494,0.061290738,0.412425252,0.011763083,0.442871166,0.00646854,0.148610536,0.052032567,1.60306e-05,0.557128834,2795,70,500979.6731,223469.1923,0.475494214,229622.88,0.463185396,7.616169585,16.95050773,0.405292875,7.616169585,16.95050773,0.405292875,0.387867968,35091.94231,0.387867968,35091.94231,0.552269927,302213.5,0.552269927,302213.5,0.352548794,15253.79545,0.352548794,15253.79545,0.582123427,144201.75,0.582123427,144201.75,14.0010851758017,17.3415558818426,4.82118227420467,86,0.00171782608930551,18.9824301401774,1.46813599444852,2.12258935512148,2.0112656003007,0.000390661605996874,3172.83619779681,0.00042104465995096,0.00391816326992294,155.139740750555,0.000664908340956311,0.207033638046912,0.000579907919861493,0.00126890283524251,311.76887271087,368.85521740186,1.46813599393576,0.119271284006375,4.49480485916138,0.000118059701808672,0.000217957429427427,168.666666666667,0.410639841646362,0.000124865367063938,0.00136083036989168,3.09066534043983e-05,0.000146290373055862,18.2666664123535,0.00369580114853228,1.68703078933404,0.00807484026061391,0.483310792534487,0.443947576201014,0.919122643779334,1.1721057217283,2268.10825758714,2.17804284234201,11.75,2.69671254860501,137.183545999625,162.333333333333,0.000157995785180642,11922.8461538462,4.65040286382039,91582.3333333333,107.606451612903,2.90723879608643,11940.5384615385,540.939714283277,0.000199871470647141,2.00108780830137,0.010975365465196,9.78759956359863,0.00148182747143762,0.000350516034718487,1.11365045570745,0.000149726958480736,2.42598604700048,376,0.000686463709047456,0,0.0010366805793325,3.58099939681436,8.30833064873911e-05,5.32021522521973,1.94963750612869,23.3333333333333,19.5907001495361,0,0,0,0,98450,0,0.000535213714576714,7.86149962743123,19686.1847577322,0.101907166782167,0.000144847804823629,4.53465509429077,0,0,0,4.40841713187523,0.000786004393756787,58866.6642795139,192.753609577198,9.25229221467049,3.20184633692911,3.49016603192463,269.016728104406,470
"H20-10380_1",1,1,"8/4/2020",14003757,0,"10/2/1949 0:00:00",0,0,70,"Portugal",51.3,160,20.0390625,"Undetermined",5,2,41.8666666666667,0,1,2,1.74,41.65332994,1.69,43.13648752,1.52,48.98876813,1.6,45.7787402618091,1.2,63.85402917,9.03764445409545,0,0,1.38,53.32721247,1.88711805204773,0,0,0,0,1.38,0,"3/16/2025 0:00:00",45,0,0,0,"8/12/2020 0:00:00",0,1,2,1,4,8,12,0,0," ",0,0," ",0,0,0," ",0,0,0,0,1,1,63,1,0,160,68,26.5625,1,0,"Stroke (hemorrhagic)",1,0.6,100.7951313,0,1.3,78,0,0,0,2,3,2,7,4,0,0,62.4181,1,1,1,1,62.4181,0.273072577,25,6,2,0.25,1.19154e-07,229654.75,168206.2744,197.0971011,123.536362,3.97178e-08,276760.25,8412.25,255.26092,15.58405415,8.47976e-06,65108.91335,88017.3166,90.56150985,33.48741324,0,0,0,0,1.7873e-07,0.338348997,0.027364175,0.552107945,0.028824243,0,0,0.049563088,-0.575064273,8.63863e-06,0,427,9,275552.7,144187.2,0.474082799,141909.6667,0.476268069,7.581061576,24.28326578,0.338512498,7.581061576,24.28326578,0.338512498,0.340957763,173726.6429,0.340957763,173726.6429,0.419914892,1041597.5,0.419914892,1041597.5,0.336657167,12684.3,0.336657167,12684.3,0.351709254,576332.5,0.351709254,576332.5,31.8837823403668,20.9714564477563,15.5089752949201,208,0.00143233826646109,21,3.60915780411317,5.26090748342158,3.03352074373324,0.000993636505582759,57398.7886141264,9.74897725671118e-05,0.00591232961651584,109.402925006601,0.00104970453001442,2.26609709450483,0.000107686111514967,0.00312775320067915,247.152040017622,637.948640564377,3.6091577982473,0.00016102352431078,8.02917766571045,2.33189318688817e-05,0.000188947472602617,809841,0.393655940211874,0.000253795199075743,0.00119045144922996,4.22045596820189e-05,0.000270011992023391,209055.026041667,0.000857390349750136,1.28246758308836,3.20613083646797e-06,0.430013412934277,0.265753645318366,0.705372916071344,1.0274315767323,2824.73461914062,2.09835178761686,83.4197556356891,2.35061355627917,159.292454953435,809482.5,0.000327501864947299,14363.5,4.5206093788147,111142,59.4644549763033,2.99695302044998,14389.75,291.007142674936,0.000139932909290198,2.3301189555941,1.84032695533827e-05,79.9286804199219,0.000386978780982002,0.00016661707981645,1.15990046801564,2.22828289932726e-05,2.46703907173509,126,0.000980647810221602,0,0.000205009269130268,6.60906521253213,7.73227006088108e-05,6.14379978179932,3.19058336839153,7,40,0,0,0,0,181779,0,0.000511728823667418,6.39379978179932,86351.7533866112,0.25718135307063,3.80291205717091e-05,11.3289699289893,0,0,0,2.42463750330014,0.000338706831660733,17915.78515625,94.632621252039,8.94745697455384,7.31630101856244,2.33216730942159,418.001196170537,1770
"H20-10380_2",1,1,"8/4/2020",79006376,0,"4/4/1963 0:00:00",1,0,57,"Portugal",64,160,25,"Undetermined",5,1,14.93,0,1,2,1.51,40.0734502,1.8,32.45652847,1.73,34.03876139,1.57,38.0056777599491,2.5,21.47820776,-8.26373499997455,1,1,2.55,20.714565,-4.32277818998728,1,1,0,0,2.55,0,"3/16/2025 0:00:00",42,0,0,0,"8/20/2020 0:00:00",0,0,2,0,2,0,13,0,0," ",0,0," ",0,0,0," ",0,0,0,0,1,1,63,1,0,160,68,26.5625,1,0,"Stroke (hemorrhagic)",1,0.6,100.7951313,0,1.3,78,0,0,0,0,2,2,4,5,0,0,43.4352361,1,1,1,1,43.4352361,0.555090326,0,10,0,0,1.18268e-07,382437.5,161746.5066,290.3898818,103.9914252,0,0,0,0,0,1.07269e-05,53920.45424,48391.99855,89.14391393,29.18688379,31674.23762,28423.27519,69.81296234,22.28231978,2.83843e-07,0.367954525,0.045230151,0.578400144,0.00674063,0.399167962,0.002515623,0.078198719,-0.546545445,1.13282e-05,0.600832038,907,24,424926.6667,149593.3333,0.34369995,149593.3333,0.34369995,7.29274277,21.99837731,0.411491215,7.29274277,21.99837731,0.411491215,0.423916327,19065.125,0.423916327,19065.125,0.361623495,41569,0.361623495,41569,0.444680604,11563.83333,0.444680604,11563.83333,0.361623495,41569,0.361623495,41569,21.2928745859759,12.8889829478354,8.56068693233442,28,0.000186651875251671,8.59379959106445,1.81155428214918,2.813939693246,1.73439252178912,9.43568624733282e-05,47066.4640101179,0.000352732344855452,0.00114029665806382,38.8329756778952,0.035909110555449,0.45565571973502,0.000263423194304145,0.000323315787265468,78.0867799186166,144.28006738301,1.81155428307502,0.0037322200696041,4.36403465270996,9.78471422317731e-05,0.000975902747111566,25200.9625468165,0.657548576502139,2.03073309115197e-05,0.00140178162476112,0,0.0188108691641736,4807.21639386009,0.00310666341042497,0,0.000125003149580585,0,0.408505292875508,0.329543547170874,1.10922076862523,1886.2373046875,1.42292535305023,54.4018683554497,2.57748060352759,157.685301385677,25172.6441947566,0,9737,2.81427311897278,8806,1,2.83781868046972,9761,495.487373415292,0.00150018973228259,1.02857142686844,0.000420848178305833,0,0.00253740031421994,0.00118366872463377,0,7.31912447563815e-05,0,0,0,0,0.000861487315352481,0,0.000498955233000149,6,0,40,0,0,0,0,0,0,0,0.00062551440100593,5,10512.3252644447,0.193885675753668,0.000284131704192224,0,0,0,0,1.75148617761193,0.00261921811222832,45915.90625,181.404698960977,1.19999998807907,0,2.34209478014292,99.7045635866283,104
"H20-10632",1,1,"8/6/2020",19754798,0,"8/31/1969 0:00:00",1,0,50,"Portugal",95,178,29.9835879308168,"Diabetic nephropathy",1,2,24.1666666666667,0,1,2,0.86,82.25039341,0.79,91.07173615,0.74,98.50495154,0.71,102.878612721639,0.78,90.76524398,-6.0566843708195,0,1,0.61,105.5158196,0.65930171959025,0,0,0,0,0.61,0,"3/16/2025 0:00:00",46,1,1,1,"8/17/2020 0:00:00",0,1,2,1,4,0,14,0,0," ",0,0," ",0,0,0," ",0,0,1,0,1,0,18,0,0,174,72,23.7812128418549,0,0,"Anoxia",5,1.5,68.77834293,0,0.72,14,0,0,0,0,1,2,3,3,0,0,9.68203326,0,0,0,0,0,1.348855998,0,40,0,0,1.5557e-07,500598.6,233617.1152,341.4850756,107.8372298,0,0,0,0,0,7.71626e-06,81574.77243,265251.5542,92.5165965,49.31402867,48056.60821,89379.01801,67.87104734,21.10325877,1.47791e-07,0.587270616,0.077878042,0.629452469,0.011608748,0.33781573,0.019015747,0.123723468,-0.707610182,7.62089e-06,0.66218427,1984,38,526844.5789,139719.8421,0.271527296,139719.8421,0.271527296,7.322060117,18.14400369,0.470530687,7.322060117,18.14400369,0.470530687,0.490902663,138869.4,0.490902663,138869.4,0.633040779,823281,0.633040779,823281,0.442870131,17196.07143,0.442870131,17196.07143,0.602978572,422773.8333,0.602978572,422773.8333,16.5661169259317,9.43785800067915,6.32605609756665,188,0.000791846323883947,23.6891489028931,1.57049297665556,1.68981960802938,1.9416371149714,0.000167380592508782,13880.2960716408,7.50334682582023e-06,0.00209328519125471,179.921064302065,0.0326758430106567,0.178766786073067,9.50544643311783e-06,0.000628685911493563,383.060802672099,803.216327722146,1.57049297763071,0.00427242972486451,2.83262896537781,1.15104910983821e-06,0.000110854522257123,32641.1050583658,0.193900120674209,4.88288973588121e-05,0.00106538645828545,0,0.0188126720611958,7909.05894696202,6.52632121490836e-05,0.270939819903924,0.000161180553655987,0,0.633040779453736,0.455675357908921,1.46045677990146,4053.8271077474,0.917208179831505,85.2628676308154,1.496003877317,178.143829661439,32608.9309338521,0,18421.4166666667,4.39041435718536,222607,1.25,1.25799668461992,18441.1666666667,4666.22279708908,9.4751697817107e-05,1.16715355217457,0.000492776359664119,0,5.5202478541827e-05,0.00134931295503246,0,1.16832069597136e-06,0,0,0,0,1.00135011313749e-05,0,4.49863541995675e-05,6.72868315378825,0,919,0,0,0,0,0,0,0,0.000406292142493906,15.78759765625,1177218.91889881,0.237679896574866,0.000382647108524404,0,0,0,0,2.15916350901614,0.000327300634800661,1035878.5,1748.1510045814,2.04999996721745,0,2.321028986243,51.0881590977792,18
"H20-11613 - 1",1,2,"8/27/2020",4008508,0,"6/30/1958 0:00:00",1,0,62,"Portugal",56,154,23.6127508854782,"ADPKD",4,1,25.2666666666667,0,1,2,0.6,101.4239599,0.71,96.07580142,0.81,82.02420157,0.85,76.9343547758865,0.8,81.71711529,2.39138025705675,0,0,0.8,80.70696427,0.943152373528374,0,0,0,0,0.8,0,"3/16/2025 0:00:00",41,1,1,1,"9/3/2020 0:00:00",0,1,0,1,2,0,17,0,0," ",0,0," ",0,0,0," ",0,0,0,0,1,1,68,0,0,174,69,22.7903289734443,0,0,"Head Thrauma",2,0.6,105.1476058,0,1.08,59,0,0,0,1,2,2,5,3,0,0,50.3458,1,1,1,1,50.3458,1.083654264,2.77777777777778,71,2,0.02739726,1.34e-07,458066.2958,218737.8369,325.5308755,109.3968796,3.77464e-09,166786.25,5061.25,199.9522539,0.310074024,9.54607e-06,52328.62732,49027.7186,79.87574027,28.73340743,28965.10797,34677.08145,58.42771883,17.70082076,2.35915e-07,0.490451726,0.061380808,0.499532881,0.033130761,0.327599053,0.007724376,0.122876411,0.218347754,9.93916e-06,0.672400947,5058,125,485172.2239,184853.209,0.383757145,184853.209,0.383757145,6.530442109,26.79337874,0.24532677,6.530442109,26.79337874,0.24532677,0.428665549,113412.5357,0.428665549,113412.5357,0.522631991,637979,0.522631991,637979,0.388335224,21151.92857,0.388335224,21151.92857,0.468995875,205673.1429,0.468995875,205673.1429,30.4023371089839,22.6012599041931,12.8084763153965,685,0.000930518192623287,28.5906982421875,2.82797358189999,2.07348467405474,2.96918210212714,0.000735299865468455,43506.8550226445,8.62035152253974e-05,0.00384916728674553,410.813826446969,0.00240141752753022,1.57195891378489,0.000106731819686594,0.00141772858740434,820.771077014332,991.401786875798,2.82797358268468,0.115677138651254,4.29128273328145,1.7534303264782e-05,4.48068966178397e-05,150.230769230769,0.277693178799721,0.00018235173364231,0.000509992537868542,3.27655133583393e-05,0.000802213469314005,17.0300536522499,0.000758424883435434,1.33158458091919,0.00872111930771886,0.814047338483248,0.436504422859222,0.585440137965231,1.21521290233274,6460.57537841797,1.79365581724251,10.9038461538462,2.45030742369266,238.586953254437,146.461538461538,0.000237911298023294,32171.875,5.70797395706177,638087,62.9265723743605,2.57775808126517,32198.25,358.791413922398,3.31665541052033e-05,1.87525098427139,0.0139494295392217,30.1813983917236,0.000474881205908565,0.000362309764746771,1.28786790584334,2.00470787416496e-05,2.48618453072734,395,0.00111642370317835,0,0.000154167680067889,3.82144187318798,2.0040526704977e-05,6.74612480401993,3.87428990494252,17,24.9689960479736,0,0,0,0,126967,0,0.000226099274238379,5.6984498500824,70093.7636467581,0.117897404052135,0.000140567129353239,5.30037886907314,0,0,0,6.48125729695053,0.000303080834113774,22794.9453125,120.716772299255,7.36205123524116,5.18365249151593,2.14042770637356,189.310770317814,299.333333333333
"H20-11613 - 2",1,2,"8/27/2020",19707332,0,"10/2/1957 0:00:00",1,0,62,"Portugal",75,172,25.3515413737155,"Chronic glomerulonephritis (IgA)",2,2,37.3,0,1,2,1.14,54.42998476,1.21,50.67358028,1.58,36.79048643,1.58,36,0,0,0,0,0,0,0,0,0,0,0,0,1.66,34.376918,"2/17/2021 0:00:00",6,0,0,0,"9/23/2020 0:00:00",0,1,0,1,2,0,20,0,0," ",1,6," ",0,1,1,"2/17/2021 0:00:00",2,1,0,0,2,1,68,0,0,174,69,22.7903289734443,0,0,"Head Thrauma",2,0.6,105.1476058,0,1.08,59,0,0,0,1,3,2,6,4,0,0,14.40773584,0,0,0,1,0,0.405829563,15.5555555555556,78,14,0.152173913,1.4529e-07,435245.0769,215714.7529,312.067157,98.30486226,2.60776e-08,145802.0714,82538.42066,175.6912364,70.18508814,8.10269e-06,55082.12621,72951.65223,84.3631878,35.23479723,20843.78876,27128.52028,55.09403067,17.6617481,4.32143e-07,0.444819736,0.063236552,0.446313129,0.074848907,0.287645198,0.010821647,0.141686515,-0.21977718,1.10542e-05,0.712354802,4350,232,440860.2273,216618.5844,0.508919063,232227.7465,0.511479457,7.553512041,23.35737248,0.259431525,7.508250199,24.08187759,0.252659563,0.348629523,253797.0455,0.348629523,253797.0455,0.306097023,2598177.5,0.306097023,2598177.5,0.357144298,17169.88889,0.357144298,17169.88889,0.310313033,1318619.25,0.310313033,1318619.25,27.4818184648789,10.8458044118427,12.5993587160671,17.5,0.00113984812150843,15.6891489028931,2.88418343684253,2.15273397667403,2.23986399449083,0.000895646537352714,37698.6998299632,0.00053196352994106,0.00636948728450321,40.1289723195068,0.0332527914633249,1.60072267793709,0.000476220857261386,0.00368728091759179,81.1237359329014,133.250626758042,2.88418343732959,0.000723775113667544,3.2247166633606,0.000158460241786121,0.00191459344248805,136264.280604134,0.117416019725562,0.000231276286379895,0.00061581149691966,4.39309554227581e-05,0.0168010560570837,26120.2252272953,0.00472340434218357,0.382741608651936,1.63298513838564e-05,0.663350928502784,0.306097023009264,0.326592266621348,0.922122470739631,4220.17815290179,1.51119304856946,51.8173838305669,2.6674134094066,208.365311527397,136183.193163752,0.000425283299626434,24115.0714285714,3.68552577495575,8757,1.54838709677419,4.05573926329604,24142.7142857143,6418.33376235774,0.00191885953448976,1.0395709314654,8.13566237074417e-05,15.3198986053467,0.00390226963923822,0.00268152737226643,1.33684256143904,0.000140149484680312,2.43336025417982,213.8,0.00159974751946517,6.09534978866577,0.00140908310782122,8.07039549827006,0.00071460959272034,6.36567122595651,1.21091527702447,4348,18.1906982421875,37020,155635.4765625,7056.84399414062,2.64117407798767,144190.833333333,1.75778677280695,0.000291219615584517,22.5720958709717,6590.8207042042,0.192392154328687,0.000555993098940353,9.64487018729185,2.64117401274876,2.33866068970264,5.30365528891045,2.95465878713043,0.00241109854055829,10538149,2292.19324196008,1.47096773501365,2.94372606393331,2.44532881104194,46.0977222864644,18
"H20-11850 - 2",1,2,"9/1/2020",19461038,0,"4/27/1960 0:00:00",0,0,60,"Portugal",68.5,164,25.4684711481261,"Alport Syndrome",2,1,51.3333333333333,0,1,2,3.86,17.03782427,3.35,20.1959893,4,16.32476397,3.11,21.9434760954105,2.25,31.95927037,5.00789713729475,0,0,2.27,31.23078019,2.32182602364738,0,0,0,0,2.27,0,"3/16/2025 0:00:00",43,0,0,0,"9/18/2020 0:00:00",0,0,2,2,4,0,21,0,0," ",0,0," ",0,0,0," ",0,0,0,0,2,1,66,1,0,160,50,19.53125,1,0,"Stroke (hemorrhagic)",1,0.8,81.21046918,0,1.61,93,1,0,0,1,2,2,5,4,0,0,8.270300543,0,0,0,1,0,3.874253676,5,79,4,0.048192771,1.79464e-07,399197.8544,306938.4546,270.7991098,153.6737267,9.08681e-09,265179.5,139795.8229,252.5868616,70.38556218,8.87327e-06,50406.23425,54462.2803,83.57056565,35.35080553,21438.62356,25676.39364,57.63308938,20.59721709,4.2708e-07,0.519937362,0.071641836,0.447268087,0.066944124,0.261709126,0.031456505,0.160176499,0.163882772,1.06722e-05,0.738290874,3906,188,463220.0735,118311.8824,0.26975525,132305.65,0.274555363,6.57831091,24.19216804,0.296573049,6.57831091,24.19216804,0.296573049,0.431376007,43457.87931,0.431376007,43457.87931,0.42021025,200617,0.42021025,200617,0.404214293,14519.375,0.404214293,14519.375,0.49173537,107765.6667,0.49173537,107765.6667,28.4317632699663,24.4427674515546,12.750752688626,253.333333333333,0.0015279842638803,22.5793304443359,3.10928908331858,2.14442191122669,2.34405300154315,0.00125776309287081,30100.1293733189,0.000516708957582896,0.00551578604721354,151.970601912148,0.000569142023734073,1.71985179184793,0.000359765842986999,0.00261620311206112,324.880450592395,722.084522266804,3.10928907955818,0.107000090940109,4.04846457072667,0.000150685879254658,0.000134842272596124,115.375,0.35984417374651,0.000338471692392791,0.00157564215876771,4.43598983500544e-05,0.000124116153195793,11.4750000238419,0.00454850202446249,1.32437664697237,0.00795551594229549,0.691863506846709,0.4947110845694,0.265823764870506,0.77609034861784,2257.76950073242,1.80895246194743,8.75,2.45579712070604,143.382461829939,107.625,0.000170347523906673,12555.5625,4.45440165201823,174494.333333333,228.507124352332,1.81010906404263,12574.375,448.423494425115,9.69877647614862e-05,1.8350525048267,0.0102977030921959,27.393798828125,0.0038483247697044,0.0007486535963754,1.16084293422126,0.000107402752588006,3.08915859518762,1031,0.00083263826225304,10.5968990325928,0.00132608682731699,3.96444401103088,5.49626489700383e-05,5.12112480401993,4.0300317938565,21.2727272727273,48.78759765625,189338,572598.5,26140.81640625,5.4438042640686,74309,1.14890850182343,0.000575001584036619,5.86793617768721,5930.9855927447,0.0842388724160936,0.000256615633311071,6.11257203200179,5.44380435932706,3.8789800537409,6.597288951874,16.7608241850107,0.00035982503914278,25427.978959517,156.756005212439,9.39813146751779,6.76057559825961,3.01535068073635,107.512016387848,102.142857142857
"H20-12526 - 1",1,1,"9/13/2020",19782090,0,"4/10/1958 0:00:00",1,0,62,"Portugal",79,170,27.3356401384083,"Chronic glomerulonephritis (unspecified)",2,1,26.3333333333333,0,1,2,1.42,41.81942152,1.32,45.64942556,1.17,52.75953998,1.57,36.842020834194,2.15,24.95139662,-5.945312107097,1,1,1.52,37.3599848,0.129490991451499,0,0,0,0,1.52,0,"3/16/2025 0:00:00",43,0,0,0,"10/12/2020 0:00:00",0,1,0,1,2,39,16,1,0," ",0,0," ",0,0,0," ",0,2,0,0,0,1,66,0,0,174,72,23.7812128418549,1,0,"Stroke (ischemic)",1,0.9,94.19369713,0,1.31,79,0,0,0,0,2,2,4,4,0,0,46.4931,1,1,1,1,46.4931,2.142782574,0,19,0,0,2.84334e-07,253178.3158,166325.3274,223.5657654,99.41264939,0,0,0,0,0,1.16727e-05,45849.42115,45307.70269,80.53380598,26.99726371,28348.91438,33659.18857,62.57115867,20.73008327,2.84334e-07,0.312942172,0.071987318,0.535185509,0.03544327,0.399540203,0.024759202,0.134509094,-0.521328575,1.29384e-05,0.600459797,780,19,253178.3158,106799.1053,0.442285389,130336.4,0.421295666,7.382425251,26.14198907,0.275411796,7.382425251,26.14198907,0.275411796,0.400483478,262005.125,0.400483478,262005.125,0.135936538,1018336,0.135936538,1018336,0.320099885,7868.666667,0.320099885,7868.666667,0.448713634,414487,0.448713634,414487,27.2401822753524,22.8209633278622,12.5905914783478,1496.5,0.000235487681732691,61.2798442840576,2.51762400973927,2.14371675318687,7.09503449122552,0.000154429028672378,107767.533376132,0.000549404453914312,0.0011282005388718,424.947049661554,0.00393171669433382,1.04164351170562,0.00129921141458705,0.000287454353693174,846.028285300889,1410.78261785218,2.51762400194017,0.158333332339923,3.14572842915853,0.000183003521765608,6.50936412756049e-05,59.5,0.274253917304997,3.15535334177279e-05,0.000265571555687602,0,0.0018397038854132,8.90000009536743,0.00487089291647599,1.09114957929747,0.0179284041476362,0,0.577516957355067,2.51012041200908,1.43613171151831,8823.2685546875,1.78459259483245,8.5,2.24254790376301,503.062558187603,55.25,0,49082.5,9.38855171203613,917914,46.9987228607918,0.152132895083978,49133,1229.3803384216,1.87369172695949e-05,2.17656507482931,0.0202758214283437,0,0.00190042931735071,0.00299402944155629,0,0.000392552583116695,0,0,0,0,0.0016301455158966,0,1.41283663269373e-05,6.19689989089966,0,227,0,0,0,0,0,0,0,0.000130000771704145,6.4953498840332,60316.913408162,0.142224179746959,0.000599170570112413,0,0,0,0,29.4302264471399,0.000244255558137003,16015.326171875,476.506599711532,8.2549220379894,0,2.55164260522525,44.7989910403689,24.3333333333333
"H20-14058",1,2,"10/7/2020",19690413,0,"8/19/1985 0:00:00",1,1,35," ",57.5,160,22.4609375,"ADPKD",4,1,29.1,0,1,2,2.01,32.59987767,1.25,57.6446788,1.46,47.84403642,1.26,56.7421225640754,1.69,39.39890674,-8.6716079120377,0,1,1.49,45.26084723,-2.87031883351885,0,0,0,0,1.49,0,"3/16/2025 0:00:00",41,1,1,0,"10/15/2020 0:00:00",0,1,2,0,3,4,17,0,0," ",0,0," ",0,0,0," ",0,0,1,0,0,1,57,1,0,160,70,27.34375,1,0,"Stroke (ischemic)",1,0.6,104.6274403,0,1.17,68,0,0,0,1,1,0,2,4,0,0,10.99564233,0,0,0,0,10.99564233,0.097286323,7.69230769230769,47,4,0.078431373,1.29699e-07,346916.6915,167471.258,278.8511347,94.2890642,1.10382e-08,92792.625,43304.80193,145.4989352,34.07799654,7.83712e-06,70323.80687,544405.5985,82.83528187,44.11141726,24741.66085,91057.05672,60.3178005,19.35158599,2.40081e-07,0.499931592,0.044994696,0.551136258,0.013526201,0.351605537,0.010116258,0.081639877,-0.561800332,1.12905e-05,0.648394463,2840,87,362286.3111,105547.6667,0.315679485,111203.4286,0.298369002,7.620518911,14.97525946,0.457291745,7.620518911,14.97525946,0.457291745,0.45659673,65731.125,0.45659673,65731.125,0.699581511,388551,0.699581511,388551,0.400470769,21014.54545,0.400470769,21014.54545,0.580073846,164107.6,0.580073846,164107.6,14.7265882791237,13.9128231168124,8.50848035320573,144.5,0.000602161406102152,16.889922618866,1.96264535161946,1.93840154200827,1.51896241993863,0.000262500079793879,26952.2085043595,0.00073997548355118,0.00212470953898713,158.646532000579,0.00685364431693533,0.435217962823339,0.00128757033980108,0.000642117109018521,319.343790714824,412.632948472526,1.96264535215402,1.87343329742842e-05,3.41081682840983,0.000292183073615742,0.000200119415729012,10088820.3333333,0.454512372606739,6.48037311009621e-05,0.000768116610752409,3.14781149646704e-05,0.00317350670949961,2588956.52083333,0.00670870220792662,1.32562726058772,2.87725366518858e-07,0.919542245801727,0.699581510544416,1.23605433855268,1.4792501222198,3934.59658203125,1.33088306688393,102.586840851891,2.52509963110071,195.172534711535,10086374.75,0.000131231160177157,20997.1,3.40819191932678,108042.25,20.3630208333333,1.10549344568325,21015,2581.05209076561,0.000180545273843567,2.29220808741326,2.12796748190032e-06,14.9844989776611,0.00282040290220888,0.00161908372426359,1.11653732684068,0.000408345875681897,2.74799283217823,176,0.00070718292404838,7,0.00275988537430525,3.14409712055107,8.83752453608188e-05,5.87565975189209,4.99098109934259,508,26.793794631958,25124,507897.8125,23093.732421875,4.42827177047729,83947,1.14539434732613,0.00034657326032818,10.5968990325928,22193.9132780754,0.251103803209956,0.000503262866586213,4.3000994298272,4.42827154344268,3.64988269794721,4.93771023517174,3.19563288282987,0.000648757717569946,429635.65625,1001.59332578061,8.1127223445413,5.86010937339188,2.51309308344368,67.0424127559276,42.3333333333333
"H20-14222",1,2,"10/10/2020",19752002,0,"11/19/1959 0:00:00",0,0,60,"Portugal",62,170,21.4532871972318,"ADPKD",4,2,22.8666666666667,0,1,2,1.95,38.66138131,1.32,61.74903612,2.07,35.98773267,1.39,57.6766639207598,1.1,75.43009511,8.8767155946201,0,0,1,83.52449573,6.46195795231005,0,0,0,0,1,0,"3/16/2025 0:00:00",41,1,1,0,"10/26/2020 0:00:00",0,2,1,2,5,0,24,0,0," ",0,0," ",0,0,0," ",0,0,1,0,2,1,61,0,0,174,95,31.3779891663364,1,0,"Stroke (hemorrhagic)",1,0.8,100.6873575,0,1.12,64,0,0,0,1,2,2,5,5,0,0,55.9996,1,1,1,1,55.9996,0.330828903,12.8205128205128,69,9,0.115384615,1.50597e-07,487974.8696,188060.2141,338.3334649,83.4293235,1.96431e-08,94935.16667,41779.33103,144.9294582,42.26118426,8.71938e-06,46697.71289,42242.92039,81.719169,27.30133054,23781.08907,23935.95929,56.62619318,18.54670745,3.95046e-07,0.508198589,0.073487779,0.407174875,0.110647739,0.370026456,0.013887674,0.180482107,-0.001857693,1.14416e-05,0.629973544,3995,181,495121.1029,151932.1912,0.300383787,153879.9552,0.303740642,6.558647848,15.72605472,0.409356042,6.558647848,15.72605472,0.409356042,0.441144243,100082.9643,0.441144243,100082.9643,0.49938698,849573.5,0.49938698,849573.5,0.38487664,19182.5,0.38487664,19182.5,0.516167714,207950.25,0.516167714,207950.25,15.7963156513533,16.7079561121391,6.37675029776689,1164,0.000517699821601915,20.9844970703125,1.59873191097568,1.76946546100986,1.63868019626489,0.000208758653316992,9072.73039795098,0.000636993903055008,0.00153971169166654,475.037893225372,0.000626353388571497,0.245272433360158,0.000254645452494836,0.00037805884970305,960.31305611107,1127.73201888619,1.59873191127401,0.00779782263080558,3.57012852032979,0.000193617080684962,2.46972900830825e-05,12820.5329341317,0.465741178680666,5.4000453693042e-05,0.000579701846339188,7.94370658856387e-05,0.000147859454607959,2635.94694902797,0.00558755627294903,1.6048339152182,0.000330326024975701,0.405485796247882,0.554068021091311,0.0605117108206189,1.66917290776501,4089.35864257812,1.63495863055878,75.7186851907858,2.56549898550553,204.041300112927,12801.7956586826,0.000342656833865055,23372.1,3.56235980987549,849668,198.639658848614,0.863249536031788,23400.4,354.099025766973,1.67428299772055e-05,1.80021604444427,0.000858727890390351,15.9922332763672,0.010575254157738,0.000849497685404347,1.50509107457438,0.000100890804142383,2.56688091790263,172,0.00143210274780774,5.89533996582031,0.00169451980496544,4.63933023098912,1.08241094334052e-05,5.55751953125,1.73848787453025,10,17.940673828125,2118,441900.375,24381.931640625,3.05981087684631,53442.5,3.14230325452679,0.000235071038789191,5.1968994140625,852.460010155871,0.197054727904325,0.000324988379066597,6.84887668165896,3.05981081588249,1.9128906621246,3.95304274982549,1.84246725993815,0.000159426924087966,7655.79809570312,114.254858559635,8.98828808229361,3.37620443838898,2.56581084760721,118.028401340991,106.833333333333
"H20-14245 - 1",1,1,"10/10/2020",97014437,0,"5/16/1967 0:00:00",0,0,53,"Portugal",80,177,25.5354463915222,"ADPKD",4,2,22.2333333333333,1,3,1,1.7,47.60880139,2.16,35.71753278,2.06,37.80813796,2.57,28.8141092062041,0,0,0,0,0,0,0,0,0,0,0,0,1.6,50.59365322,"4/18/2022 0:00:00",18,0,0,0,"10/21/2020 0:00:00",0,1,1,1,3,0,24,1,0," ",1,6," ",0,1,1,"4/18/2022 0:00:00",2,1,0,0,1,1,74,0,0,174,70,23.1206235962479,1,0,"Stroke (hemorrhagic)",1,0.8,92.86709158,0,1.48,88,1,0,0,1,2,2,5,2,0,0,46.8135,1,1,1,1,46.8135,0.62113232,8.33333333333333,11,1,0.083333333,9.60803e-08,481940.0455,192327.4169,337.526253,87.87921135,8.73457e-09,77817.5,0,143.4224529,0,9.8526e-06,52144.58378,55956.41579,85.71412916,30.94638085,21433.29712,22527.37041,57.36891357,20.25775027,2.62037e-07,0.290612641,0.046304955,0.513759748,0.027528366,0.303709129,0.021007543,0.09012959,-0.533083624,1.06387e-05,0.696290871,1128,30,481940.0455,261123.3636,0.522057154,261123.3636,0.522057154,8.862089089,25.72410681,0.244785702,8.862089089,25.72410681,0.244785702,0.311593186,64676.45,0.311593186,64676.45,0.362290131,256827.5,0.362290131,256827.5,0.259868554,14475.92857,0.259868554,14475.92857,0.432283994,181811,0.432283994,181811,26.5595177571452,25.0539121579901,16.367969363378,160,0.00197127625225437,36.1968994140625,4.27813713752916,3.57782766790416,4.44980465725851,0.00177223483011659,55717.6707002422,0.000104771346820987,0.0293476707613381,134.825813552153,0.00133552438850902,3.13503645038927,0.000133741219099801,0.0236800286877525,270.559143574828,431.862454688147,4.2781371353821,0.109003627490389,5.52364706993103,2.19296851107448e-05,0.000400328467938491,232,0.226277224737904,0.000515716860576893,0.000757384727826588,0,0.000364221781398547,34.1281674702962,0.000919606217408982,1.23234176790656,0.00630030906982422,0.790464869727246,0.33651307549109,1.03362744647691,1.25165145262728,3445.83666992188,2.32414815074954,19.5,2.30518533030961,175.959119867698,228.666666666667,0,20121.8333333333,6.20860481262207,90418,52.1060606060606,3.49042899749124,20140.6666666667,382.272384310961,0.000189877398603614,2.14334735093695,0.0107231239857942,0,0.000372701103809821,0.000398776256524059,1.20930713902151,2.60348506857464e-05,0,185,0,0,0.000192392727474245,0,9.28332829945289e-05,5.46459992726644,3.47977327045641,16.75,21,0,0,0,0,0,0,0.000374152925528944,6.04767489433289,130819.47429591,0.127479339248457,9.88956195540596e-05,0,0,0,0,14.7842120564094,0.00105204312675139,36997.3081054688,126.751356987733,8.42604892891207,4.4389967544708,3.19642000576171,148.045669609091,398.5
"H20-14245 - 2",1,1,"10/10/2020",84006874,0,"9/26/1958 0:00:00",0,0,62,"Portugal",74,167,26.5337588296461,"Diabetic nephropathy",1,2,26,0,1,2,1.94,38.4197743,1.98,37.49027765,1.96,37.94980944,1.79,42.0525407500744,1.9,38.66424563,-1.6941475600372,0,0,1.53,49.52017037,1.8669074049814,0,0,0,0,1.53,0,"3/16/2025 0:00:00",40,0,0,0,"10/23/2020 0:00:00",0,1,1,1,3,2.7,24,0,0," ",0,0," ",0,0,0," ",0,0,0,0,2,1,74,0,0,174,70,23.1206235962479,1,0,"Stroke (hemorrhagic)",1,0.8,92.86709158,0,1.48,88,1,0,0,0,3,2,5,2,0,0,41.2467,1,1,1,1,41.2467,5.863783474,0,7,0,0,1.0521e-07,261248.7857,220360.9142,236.1510856,105.2504859,0,0,0,0,0,8.37171e-06,46803.69569,57299.9511,74.16253957,32.49071604,33739.36387,40278.78148,64.39979991,20.69406451,5.7114e-07,0.301592524,0.027485982,0.391826932,0.048749154,0.473625167,0.008244907,0.070148272,-0.112061025,1.00911e-05,0.526374833,557,38,261248.7857,138495.7143,0.581421846,176770.8,0.573414294,7.369764932,29.80857146,0.251754297,7.369764932,29.80857146,0.251754297,0.383006283,207907.5,0.383006283,207907.5,0.500967742,904031.5,0.500967742,904031.5,0.213780977,10256.5,0.213780977,10256.5,0.495823154,339674.8333,0.495823154,339674.8333,28.5061073411096,24.2249437966533,13.876318787682,95.5,0.000531592161915312,17.4906978607178,3.07550709734302,1.76293393648588,2.26092655984722,0.000351477487327315,65653.9298189603,0.00073436674458843,0.00187419335331626,125.558929502959,0.0023381867161336,1.42674918647851,0.00203530497988377,0.000520290103566918,255.53059438502,284.021729375568,3.07550710104651,0.000688996759932606,1.76293396949768,0.00024428696978767,0.00031544803386934,168397.682926829,0.257434925150368,8.01054282243853e-05,0.000736360717132014,0,0.000756939366583503,49061.1075647866,0.00632122341499155,1.31223230135254,1.7218781399206e-05,0,0.50096774247409,3.97602369982594,1.37514230447157,4125.60009765625,2.04949896226467,135.611286601016,2.38695135742269,188.498022933329,168301.231707317,0,20449,4.39328896999359,57536.5,25.2218309859155,2.51576048966518,20475,3726.12438406675,0.000272889593561065,2.31587707156866,7.9002349798317e-05,0,0.00261645417037691,0,0,0.000604596890543325,0,0,0,0,0.00210290325025403,0,0.000135470217943668,6,0,1073,0,0,0,0,0,0,0,0.000389977472250124,17.1813983917236,57725.3205768991,0.287360864378628,0,0,0,0,0,3.35253133106135,0.00106083768058055,2274569.5,1227.62624021454,8.23378204627776,0,2.33480360793967,5,0
"H20-16090",1,1,"11/7/2020",19718337,0,"2/22/1962 0:00:00",0,0,58,"Portugal",69,172,23.3234180638183,"ADPKD",4,1,62.1,0,1,2,1.68,46.81120033,1.54,51.96321944,1.31,63.09506044,1.31,62.703871060507,1.46,54.3743985,-4.1647362802535,0,0,2.24,32.13055709,-7.64332849262675,0,1,0,0,2.24,0,"3/16/2025 0:00:00",39,1,1,1,"11/16/2020 0:00:00",0,1,1,1,3,0,7,0,0," ",0,0," ",0,0,0," ",0,0,1,0,1,1,55,1,0,160,82,32.03125,1,0,"Stroke (hemorrhagic/aneurysm)",1,0.7,102.0736017,0,1.08,59,0,0,0,1,1,0,2,2,0,0,7.996106682,0,0,0,0,0,0.251523536,9.375,30,3,0.090909091,3.12512e-07,260607.9667,126821.0461,242.8890998,77.43137963,3.12512e-08,76880.5,12928.10613,142.2372443,10.38747587,1.40526e-05,39474.07821,45460.74784,73.36625069,26.95704664,20123.98972,28072.47824,44.76710281,14.07514814,5.41687e-07,0.527209962,0.081442991,0.554713477,0.05285887,0.263278827,0.023005092,0.146819924,-0.557310495,1.35617e-05,0.736721173,1349,52,278239.6071,93473.82143,0.320201235,99324.07692,0.325358857,6.540493527,19.84125941,0.366290651,6.540493527,19.84125941,0.366290651,0.473711594,120642.5909,0.473711594,120642.5909,0.712699014,627046,0.712699014,627046,0.345980297,11736.66667,0.345980297,11736.66667,0.62698915,251329.7,0.62698915,251329.7,8.50292765617131,18.9770437005784,2.84844986597697,111.5,0.0546726769779867,16.9875984191895,1.18559851249059,0.45240572183372,2.15698926226915,0.00746127809670561,901.546592712402,0.000648546826674719,0.0552809472666567,100.443575351295,0.00073503701386852,0.761115951109519,0.000938252701478463,0.0374281617798995,207.783079252704,321.534223357393,1.18559850411881,0.00678661061109126,2.0912606716156,0.000197978382591655,0.000357087410293746,14499.1414489897,0.371301197411109,0.00407112976239657,0.00181896678258623,5.91202078499226e-05,0.000178490273200793,3890.07662710431,0.00573343935173116,1.51765953411407,0.000234587510440664,0.912019986646852,0.712699014387283,1.0351873860416,1.7330504546577,1464.82670898438,1.69089719065084,88.2010588496445,2.41976320041081,119.105889908218,14476.5830458354,0.000458478222579542,8568.6,3.81153070926666,51681.5,120.78255033557,0.679449791196946,8587.6,3539.69379311345,0.000310509387371599,2.17250809285465,0.000768137200211006,6.19689989089966,0.00230526058060563,6.30105340977912e-05,1.15259151100169,0.000257282605620199,2.47757097675476,131,0.0015270822796697,0,0.00175029763276924,3.79374388134708,0.00015105671794396,5.03751993179321,9.3563625647264,645,49.3658905029297,47986,0,0,4.16466760635376,67675,1.05244285395885,0.000742110058548965,9.99379920959473,17368.3553882051,0.264061212866946,4.21460725437586e-05,4.52919929484183,4.16466759842599,3.38147404966579,0,2.16684983318989,0.000938589508345404,426114.21875,1390.09184282176,9.79364782947822,10.8003016577195,2.51326423844732,147.329562546015,210
"H20-16106",1,1,"11/7/2020",6011676,0,"5/1/1966 0:00:00",0,0,54,"Portugal",114,192,30.9244791666667,"Chronic glomerulonephritis (FSGS)",2,1,35.2333333333333,0,3,1,1.13,77.23796336,1.32,64.09678233,1.36,61.84124948,1.3,64.8771727130682,1.32,62.91195854,-0.982607086534102,0,0,1.12,75.67601954,2.69971170673295,0,0,0,0,1.12,0,"3/16/2025 0:00:00",42,1,1,1,"11/16/2020 0:00:00",0,1,2,2,5,0,13,0,0," ",0,0," ",0,0,0," ",0,0,1,0,2,1,55,1,0,160,82,32.03125,1,0,"Stroke (hemorrhagic/aneurysm)",1,0.7,102.0736017,0,1.08,59,0,0,0,0,1,2,3,3,0,0,23.36462498,1,1,0,0,23.36462498,0.072195259,0,6,0,0,9.95969e-08,276591.4167,96639.61235,262.9963479,54.0254968,0,0,0,0,0,1.11548e-05,48570.62574,68268.20338,75.58083585,29.99794223,22710.61344,37243.89455,50.68270988,15.85135387,1.65995e-07,0.440115823,0.027547635,0.541797937,0.006455163,0.352406485,0.011134395,0.050844851,-0.520077796,1.39452e-05,0.647593515,672,10,276591.4167,89301.83333,0.303805482,104174.4,0.3512954,7.324281696,21.0030066,0.351431861,7.324281696,21.0030066,0.351431861,0.412353593,49626.2,0.412353593,49626.2,0.543732589,171816.5,0.543732589,171816.5,0.308953062,10617.83333,0.308953062,10617.83333,0.567454389,108138.75,0.567454389,108138.75,16.4584438023693,25.8336040153299,6.21858499715129,15,0.00195473633211726,10.5968990325928,1.66528638224302,1.89214410472838,2.24438797197467,0.000487974802676648,6282.34024015457,0.0165262136676064,0.00358892212441357,38.4187454245971,0.00214150557591696,0.325484554890653,0.0234196918117916,0.00115728604422329,71.1948450661753,95.8973571214568,1.66528638298372,0.00114108404915646,3.64423012733459,0.010928711810688,0.00198816116934198,105453.217665615,0.170228760557713,0.000143781673396803,0.00214432844236576,0,0.000578151993021046,27736.9347089412,0.0910489952946474,1.17798312808481,3.0277650834691e-05,0,0.543732589257458,2.82217274559061,0.835381538172691,1717.66064453125,2.75802713427757,86.5123798704895,2.25819636659788,113.066001617616,105372.22555205,0,7937.5,3.17647051811218,5330,28.5601374570447,1.8634435938009,7950,1734.28549673674,0.00270447049245818,2.1758689317097,0.00012923891295199,0,0.0290898925068052,0.00150802868118681,0,0.010228488674492,0,0,0,0,0.0729556008264819,0,0.00112570356472795,7.19379949569702,0,334,0,0,0,0,0,0,0,0.000813070542366857,7.99069976806641,12355.9705281939,0.264348493838011,0.000544382792675311,0,0,0,0,3.38299224470473,0.00434014731051375,320318.5,688.238588991977,7.70946053581959,0,2.27775372888552,83.251621695604,67.5
"H21-00130 - 1",1,1,"1/6/2021",9118296,0,"12/24/1985 0:00:00",0,1,35," ",72,180,22.2222222222222,"Chronic tubulointerstitial nephritis (NSAIDs)",4,1,32.5,0,3,1,1.66,54.79165068,1.9,46.59504858,1.66,54.79165068,1.6,56.9113782517409,1.32,70.80311253,6.94586713912955,0,0,0,0,0,0,0,0,0,1.65,0,"3/16/2025 0:00:00",38,1,1,0,"1/13/2021 0:00:00",0,1,2,2,5,4,26,0,0," ",0,0," ",0,0,0," ",0,0,0,0,1,1,67,0,0,175,100,32.6530612244898,0,0,"Head Thrauma",2,0.67,102.3357751,0,0.99,50,0,0,0,1,2,0,3,2,0,0,40.1831,1,1,1,1,40.1831,0.11127092,7.14285714285714,26,2,0.071428571,1.42569e-07,381867.0385,129895.6291,305.885291,61.26139055,1.09669e-08,110176,45778,150.7259306,36.91468335,8.24709e-06,55497.84408,56341.51747,85.72118486,28.07160076,28756.46804,38685.80241,65.27551841,17.63042703,2.85139e-07,0.337589206,0.054442539,0.457695663,0.029890727,0.407301487,0.024522342,0.118949213,-0.478721085,1.06279e-05,0.592698513,1504,52,381867.0385,234821.5385,0.621239506,234821.5385,0.621239506,8.696119427,23.31020212,0.296139201,8.696119427,23.31020212,0.296139201,0.230443668,208620.0625,0.230443668,208620.0625,0.265679342,1578868.5,0.265679342,1578868.5,0.22541,12870.28571,0.22541,12870.28571,0.265679342,1578868.5,0.265679342,1578868.5,19.8992792885551,23.6940178434484,6.91545840719743,25,0.00102915875298721,10.9844989776611,1.76803763944711,1.37719172841495,2.85460468878389,0.000313123377993819,10883.8217819603,7.8552409569399e-05,0.0025641914975483,37.6430604494374,0.00119968631583308,0.362067273820036,0.000125011350285259,0.000792626279412675,75.7077416903985,102.789352181858,1.76803764067212,0.0669664624351213,1.58279144763947,1.63486459656155e-05,0.00180517649591802,291.818181818182,0.257465593411062,8.51908937707711e-05,0.00113684026839488,0.000142987381772081,0.000306553731605646,40.7040184194391,0.000691544147434818,1.28077622032468,0.00510671446634402,0.888550470010388,0.265679341712564,1.21504912615522,0.956347512484755,3320.99243164062,2.98226406482173,17.9393939393939,2.43802314830139,160.776791602296,286.727272727273,0.00142684889055485,16706,3.37155842781067,6085,76.0780608052588,6.72965563102646,16727,4791.57308551453,0.00169040089429811,1.79908938974069,0.00638290467315954,8.1968994140625,0.000316566837845231,1,1.40843360354361,2.35852397252026e-05,2.24038292204821,398,0.00529857751393827,0,0.000143864164257999,7.96368193453304,0.000460147896847376,6.23627986907959,5.79061164367323,3089,37.181396484375,0,0,0,0,62870,0,0.000463740035634059,11.9844989776611,178073.592912474,0.107725047984524,0.00206185567010309,9.21696628961307,0,0,0,5.6880018225251,0.00670570694670385,10625958,1561.09569619226,7.31281364992592,6.83650867351571,2.15887893966985,7,3
"H21-00130 - 2",1,1,"1/7/2021",19607713,0,"7/1/1977 0:00:00",0,0,43,"Portugal",80,162,30.48315806,"Undetermined",5,1,18.3,0,1,2,1.88,44.90002783,1.77,48.26897868,1.69,51.02370415,1.8,47.011922940173,1.9,43.51396774,-1.7489776000865,0,0,0,0,0,0,0,0,0,2.48,0,"3/16/2025 0:00:00",35,0,0,0,"1/13/2021 0:00:00",0,2,1,2,5,6.25,26,0,0," ",0,0," ",0,0,0," ",0,0,0,0,2,1,67,0,0,175,100,32.6530612244898,0,0,"Head Thrauma",2,0.67,102.3357751,0,0.99,50,0,0,0,1,2,2,5,4,0,0,39.7419,1,1,1,1,39.7419,0.034695411,2.27272727272727,46,1,0.021276596,1.50497e-07,352855.1957,218226.2237,270.452627,124.3730644,3.27167e-09,208469,0,218.8332699,0,1.13232e-05,46619.76683,47866.43416,82.94534588,28.64345513,23162.45587,19037.31032,61.33378119,15.10043931,2.3556e-07,0.374355404,0.053103528,0.527886708,0.040645595,0.399641402,0.010749308,0.100596449,-0.521268495,1.29754e-05,0.600358598,3461,72,395008.878,218736.0976,0.52581256,229728.8158,0.526622965,8.32290143,24.3359484,0.274295305,8.32290143,24.3359484,0.274295305,0.358998799,191903.375,0.358998799,191903.375,0.374245773,1100810,0.374245773,1100810,0.327638141,12585,0.327638141,12585,0.390359456,371221.75,0.390359456,371221.75,24.646142884807,20.3999358960126,11.3343119614124,1313,0.000796952171185198,37.4191265106201,2.52548897874355,4.49390545274817,3.7165638835723,0.000550861851212467,39025.7791702118,0.00865883329460729,0.00308827529212259,423.220857791203,0.00348672481062614,1.24958903286445,0.0294165864613133,0.00121591362485539,848.58634242598,1126.45269806064,2.52548897685175,0.000841991723774027,6.37508475780487,0.00691470953481808,5.13725528975078e-05,119233.583201268,0.324194530922187,0.000137032839969131,0.000554952783141774,0,0.00142338941948258,25369.9476061064,0.0942121209472117,1.3560873655357,1.89463703162696e-05,0.892430049551732,0.287318156134267,1.75291950985779,1.82032831146496,8984.39990234375,1.59749037552559,62.3927361092459,2.47187831484041,240.855386699612,119156.68858954,0,38054.25,6.19954125086467,762155.666666667,30.2842144731909,3.34787509564794,38085.5,402.332024100607,2.1752274666988e-05,2.33435165962567,9.50328946983436e-05,0,0.0476504216773967,0.000541355445290139,1.36616056627093,0.0134754838788442,0,410,0,0,0.076720936017205,0,1.39686920625789e-05,7.39379978179932,7.52081645323834,25.2857142857143,61.3162841796875,0,0,0,0,0,0,0.000261405914863279,5.96921416691371,394.704661369324,0.213551261207508,0.000102458002142579,0,0,0,0,2.59245905639052,0.000281898399427412,38324.759765625,135.721221842947,8.35650428583169,9.20276182402703,2.57761589266129,195.79275633855,240.25
"H21-02014",1,1,"2/11/2021",19428857,0,"6/2/1962 0:00:00",1,0,58,"Portugal",74.5,163,28.04019722,"Chronic glomerulonephritis (FSGS)",2,1,47.67,0,1,2,0.83,81.66469677,0.83,81.66469677,0.82,82.86124261,0.89,74.6378376871603,1.6,36.46540679,-19.0862154485801,0,1,0,0,0,0,0,0,0,1.71,0,"3/16/2025 0:00:00",38,1,1,1,"2/23/2021 0:00:00",0,2,1,2,5,2.44,16,0,0," ",0,0," ",0,0,0," ",0,0,1,0,1,0,52,1,0,160,75,29.296875,0,0,"Stroke (unspecified)",1,0.63,106.670423,0,0.94,44,0,0,0,0,2,2,4,3,0,0,30.27093978,1,1,1,1,30.27093978,0.115595125,0,36,0,0,1.40893e-07,348230.0417,133183.4334,283.5492486,79.80334328,0,0,0,0,0,7.39686e-06,74623.14656,191378.1426,90.74863355,37.87050904,0,0,0,0,1.87857e-07,0.262342719,0.049063007,0.551976754,0.011282416,0,0,0.088886002,-0.60598695,7.53547e-06,0,1890,48,377426.8333,165665.6364,0.430343559,165665.6364,0.430343559,8.134812106,23.8209069,0.345790468,8.134812106,23.8209069,0.345790468,0.394424419,70586.96429,0.394424419,70586.96429,0.096573063,380131.5,0.096573063,380131.5,0.416423905,9173,0.416423905,9173,0.36509177,152472.25,0.36509177,152472.25,26.2001521246447,21.3978031887183,25.7813979062167,4,1.08306935511929e-05,2,3.29415479573337,3.12432726411116,0.0369263590972477,1.38719427199692e-05,2872307.73863636,0.000630656930453932,0.000106631525902187,25.4950975679639,0.0123383738158599,1.40079673123825,0.00158164615397946,1.9999308658509e-05,52.515882662159,99.3301912426563,3.29415480649428,0.00184326424969918,4.26671344893319,0.000284483169245283,0.000533617929562433,75351.7130307467,0.388845113275543,1.8962958886756e-06,0.000582944016801164,0,0.00715532906167455,18661.6451789554,0.00585015675507741,1.27899449434783,5.57615495513789e-05,0,0.117047479846158,2.00507520010688,1.05923024799206,10281.4591471354,0.388618845590122,101.239358902219,2.36907085459466,269.385719360479,75301.4655929722,0,36861.8333333333,1.1728812456131,3748,34.9214659685864,5.1597667047985,36883.3333333333,2837.69988976786,0.00566084815926628,2.0529473052599,0.000210774998106617,0,0.00222360684002844,0.00416153084944644,0,0.000545655112624591,0,0,0,0,0.00270924000475944,0,0.00186766275346852,8.66356611251831,0,307.666666666667,0,0,0,0,0,0,0,0.000201405685101093,12.0604661305745,69040.7238026495,0.251141343965008,0.000620584431925146,0,0,0,0,1.97855925422357,0.00230628541372355,1167634.1875,1127.12282545063,7.71463213104228,0,2.34926513373262,54.2995552171741,29.4285714285714
"H21-03829",1,1,"3/17/2021",20000652,0,"5/2/1981 0:00:00",0,0,39,"Portugal",64,160,25,"Undetermined",5,1,18.2,0,1,2,1.36,67.88805553,1.2,78.89011051,1.26,74.40384949,1.22,76.8612167514145,1.01,95.22508925,9.18193624929275,0,0,0,0,0,0,0,0,0,1,94.69945761,"3/16/2025 0:00:00",36,1,1,1,"3/25/2021 0:00:00",0,1,2,2,5,0,23,0,0," ",0,0," ",0,0,0," ",0,0,1,0,2,1,61,1,0,160,60,23.4375,0,0,"Head Thrauma",2,0.74,91.99134701,0,1.23,73,0,0,0,0,1,2,3,2,0,0,15.5212,1,0,0,0,15.5212,0.202750208,0,27,0,0,1.89964e-07,335241.3519,164143.5079,277.4244371,93.26950319,0,0,0,0,0,7.62672e-06,76541.67066,136422.9902,93.82273969,42.17046296,40570.0299,50720.70464,62.58737197,17.59071603,1.12571e-07,0.449273217,0.06368391,0.583761694,0.009081749,0.343586259,0.008909658,0.109092307,-0.641656785,8.20215e-06,0.656413741,1084,16,361512.9,133044.64,0.359607661,133044.64,0.359607661,7.98566795,24.07461466,0.313700861,7.98566795,24.07461466,0.313700861,0.483417694,156786.0833,0.483417694,156786.0833,0.707208982,666682.5,0.707208982,666682.5,0.358673582,8229.833333,0.358673582,8229.833333,0.608161806,305342.3333,0.608161806,305342.3333,23.3120262964992,21.6150107091533,10.0845071303962,280,0.000806027196000561,15.393798828125,2.24355640488096,1.57007977107995,1.17892710167735,0.000348048183968074,39387.8005971814,0.000413934206799362,0.00242804154922228,138.924439894498,0.0201025949566097,0.694153516610444,0.00105153583434098,0.000734781807751579,271.277228519347,797.805797920535,2.24355640741234,0.000160935540937694,4.33397722244263,0.000130083450260497,9.61307331867374e-05,738136.125,0.335515893354274,8.58161354934279e-05,0.00185731534735894,0,0.00969407273763727,182492.330078125,0.00364787887855709,0.218795574290192,3.29143649535313e-06,0,0.598209916037143,2.59269973538518,1.44595814793257,1544.7510172526,1.02892161670484,99.8332540243268,1.90497561593408,115.195997360955,737797.796875,0,8229.83333333333,2.67243719100952,160134,1.31578947368421,1.97662796616806,8240,1127.2173875177,8.89750880678768e-05,1.00312444410826,1.85053746637937e-05,0,0.00161599105753541,0.000179146276454638,0,0.00029105050513021,0,0,0,0,0.00115171319451735,0,4.11574036288294e-05,5.59586652119954,0,121,0,0,0,0,0,0,0,0.00071867686162371,7.59069967269897,73211.4807580988,0.242286337094459,9.35638656713583e-05,0,0,0,0,3.02063221944005,0.000214049120332604,176676.9375,364.735006880845,1.63108944892883,0,2.37044903791285,357.755503102328,604
"H21-05181 - 2",1,1,"4/10/2021",19806943,0,"3/2/1955 0:00:00",0,0,66,"Portugal",78,170,26.98961938,"Diabetic nephropathy",1,1,63.57,0,1,2,1.44,53.58927286,1.39,55.91072121,1.81,40.728514,1.49,51.1197033648593,1.5,50.08415156,-0.517775902429648,0,0,0,0,0,0,0,0,0,2.09,0,"3/16/2025 0:00:00",35,1,0,0,"4/19/2021 0:00:00",0,2,2,2,6,0,20,0,0," ",0,0," ",0,0,0," ",0,0,0,0,2,1,75,0,0,170,77,26.643598615917,1,0,"Stroke (unspecified)",1,0.71,95.67841928,0,1.44,87,1,0,0,1,1,2,4,4,0,0,29.07358187,1,1,1,1,29.07358187,0.1915073,4.34782608695652,22,1,0.043478261,1.58018e-07,385411.4318,224319.7567,280.6543842,116.8317682,7.18262e-09,211142,0,207.8893937,0,8.54731e-06,55778.11639,103984.7641,82.01221561,28.51167863,21260.90975,25695.49053,60.63743245,20.0300395,2.87305e-07,0.418261542,0.060901774,0.476753042,0.014909003,0.35186213,0.018063816,0.127742811,-0.349835149,1.18994e-05,0.64813787,1190,40,423750.975,223116,0.562298552,232324.4211,0.552767775,7.993075011,29.06006425,0.185599098,7.993075011,29.06006425,0.185599098,0.390175261,39760.4,0.390175261,39760.4,0.603731367,104310,0.603731367,104310,0.272017539,13512.33333,0.272017539,13512.33333,0.567411844,79132.5,0.567411844,79132.5,32.1243366754247,5.20368989037195,14.5906395030246,21,0.00077851684323918,12.1891479492188,3.27502922989358,1.43640911768353,2.05568490182434,0.000655044495979669,75062.3689875588,0.000114279940880637,0.00810729812565596,50.0075186576696,0.0335128029408612,2.04457947671209,0.000165759629467995,0.0057936862172731,99.5123629124629,115.228971490269,3.27502923111302,0.0051795207279001,1.74026489257812,2.48875896389143e-05,0.00135372121439207,17109.4325050369,0,0.000166923348702709,0.000774068988137945,0,0.0142589392712347,3889.34740858417,0.00100917991051284,0.100385756301075,0.000177909775216307,0.903979312500592,0.567411843652277,1.11708394397482,1.26280732911541,4435.92504882812,1.74830736054315,79.7185369867863,2.79124557156674,179.068800523807,17087.5402955003,0,20975,3.14943826198578,9027.5,1.55555555555556,1.824437256824,21007,1064.1272900944,0.00141923066924587,1.08175089624193,0.000587448528950336,0,0.000461431848766336,0.0833333333333333,1.48144619437099,3.2763585448008e-05,0,375,0,0,0.000219627549537475,0,0.000435949855058282,6.99688720703125,8.43884545097315,125.75,51.7410888671875,0,0,0,0,0,0,0.000380228520416939,6.69534301757812,160327.698602956,0.22665939030246,0.00793650793650794,0,0,0,0,1.488557000123,0.00257949705931232,142964.525390625,367.069108714443,1.57777574327257,9.90636063268697,2.53353094895162,10.4403065089106,1
"H21-08255 - 1",1,2,"5/24/2021",20024518,0,"5/19/1958 0:00:00",1,0,63,"Portugal",61,150,27.11111111,"Diabetic nephropathy",1,1,23.6,0,1,2,1.37,43.38687255,1.46,40.19755145,1.69,33.72554536,1.92,28.7581235157659,1.7,32.86860697,2.05524172711705,0,0,0,0,0,0,0,0,0,1.61,0,"3/16/2025 0:00:00",33,0,0,0,"5/31/2021 0:00:00",0,1,2,2,5,18,23,0,0," ",0,0," ",0,0,0," ",0,0,0,0,1,1,77,1,0,162,77,29.3400396281055,1,0,"Stroke (unspecified)",1,0.8,75.84045608,0,1.58,92,1,0,0,1,2,2,5,5,0,0,34.74215497,1,1,1,1,34.74215497,0.147326188,7.69230769230769,101,8,0.073394495,1.16244e-07,478332.5347,270562.8725,314.9075287,126.5208505,9.20743e-09,114827.375,41897.55208,168.5142454,30.28323128,6.28522e-06,69581.35021,149693.6816,94.30683236,38.97327907,27568.35426,39080.62653,64.31041413,20.8242833,2.50902e-07,0.396861454,0.055603169,0.437334037,0.072479013,0.270984949,0.019493137,0.127141188,-0.518804995,6.98157e-06,0.729015051,5461,218,503226.4323,248870.0521,0.509649881,266676.4831,0.503028961,9.425739536,31.52674231,0.276543589,9.425739536,31.52674231,0.276543589,0.472318295,383772.4667,0.472318295,383772.4667,0.643474703,4744184.5,0.643474703,4744184.5,0.391688147,19650.5,0.391688147,19650.5,0.526071727,626520.4444,0.526071727,626520.4444,32.5419120256691,28.0061689452413,27.2752432823181,67.25,2.3847901437542e-05,22.4329471588135,3.62006719410419,1.9322057584967,3.82926895504597,2.34728079941543e-05,2589399.50195312,0.000262238705873079,0.000176951266747893,86.314781846526,0.00268800330306502,1.72917071701694,0.000650661785356309,3.42490573654997e-05,173.634372407776,240.078889707784,3.62006718199365,0.0807199385906772,4.23986955483754,7.85277908491373e-05,0.000732201397277722,238.575,0.288401518873997,3.27001099288632e-06,0.000856840568139666,3.70578485292118e-05,0.00100539896128719,28.8877521514893,0.00233522724578611,1.46300803247509,0.00533386298709082,0.983238407458511,0.643474702688694,1.94781234992713,1.6051140645829,3144.83435058594,1.9571056517724,14.20625,2.60961300683074,170.486885855942,237.8125,0.000450791160035413,16672.75,5.1995165348053,32655,95.6020579085906,2.44342802077849,16694.5,9370.15540574505,0.000452030824195624,1.8995868853902,0.0081997638198916,20.1886310577393,0.00106621108562317,0.000673259015979524,1.0990788685915,0.000168680612481117,2.50485322583227,448,0.00183670363870075,7.3937996228536,0.000699241666787552,4.45844978612263,0.000212741301054247,5.69689977169037,6.99080572226678,8745,40.5906982421875,34068,433673.5625,14480.5305989583,5.03758335113525,121356,1.19875832243437,0.000424927506043937,15.5937976837158,105021.553895348,0.105403932385071,0.000284180856989346,5.55368315254882,5.0375835295011,3.11158068979534,6.59130330718088,6.05371559738841,0.00178143232680236,11592898,3116.53317118509,8.00855465892628,7.94170378050601,2.11550176684222,162.287686667999,216.833333333333
"H21-08512 - 1",1,1,"5/27/2021",19057307,0,"5/22/1957 0:00:00",0,0,64,"Portugal",92,172,31.09789075,"Diabetic nephropathy",1,2,23.73,0,1,2,1.5,51.6660618,1.48,52.50501797,1.58,48.54297239,1.51,50.9379573654848,1.33,58.58546455,3.8237535922576,0,0,0,0,0,0,0,0,0,1.53,0,"3/16/2025 0:00:00",36,1,0,0,"6/4/2021 0:00:00",0,1,1,1,3,0,17,0,0," ",0,0," ",0,0,0," ",0,0,0,0,2,1,60,0,0,175,137,44.734693877551,1,1,"Stroke (unspecified)",1,0.73,104.156319,0,1.4,85,0,0,0,1,1,2,4,1,0,0,25.42524839,1,1,1,1,25.42524839,0.539931717,14.7058823529412,35,5,0.125,1.39641e-07,447596.2,200634.3075,320.7762374,97.19776511,1.99487e-08,70574.1,23298.89845,117.5562449,28.48033138,9.77489e-06,49209.69,45983.29562,84.83994422,28.96690912,35539.33867,43074.75269,62.24900848,17.81370777,3.75036e-07,0.348179125,0.062502878,0.48101907,0.029153641,0.425288693,0.008801561,0.129938462,-0.243887527,1.03674e-05,0.574711307,2450,94,460343.1618,190035.7353,0.40087079,200026.375,0.403841364,7.425307027,22.26850493,0.35050515,7.425307027,22.26850493,0.35050515,0.390034045,51542.53704,0.390034045,51542.53704,0.492827774,290078.5,0.492827774,290078.5,0.349661351,17988.39286,0.349661351,17988.39286,0.43351233,87677.76923,0.43351233,87677.76923,22.5092882889629,19.6337980642298,13.2595724127983,32.5,0.00019387501860359,14.4352736473083,2.5970954160547,3.31718900382039,3.15833905549882,0.000140324631819739,93758.3792771303,0.00870579655537473,0.00114767940317667,55.8792697772972,0.0016714588752634,0.869213783359743,0.0155498646048126,0.000347479548190228,112.875917295757,134.752418810089,2.59709541171166,0.00437255037611661,5.1824966944181,0.00555332817889533,0.00123493709194467,21716.5521235521,0.362784747394529,2.79719119998691e-05,0.00096154985210341,0.000235598932918524,0.000475653854252809,4528.59082856049,0.0644058772896742,1.4835850193259,0.000148786300121952,0.751313678853919,0.465503728423569,0.452331389545089,1.03499826341582,3629.21899414062,2.34373011867166,56.1149880193616,2.65782483673651,168.311401419551,21691.1592664093,0.0149968482445979,17381.125,4.23892843723297,11921.25,40.2771684945165,4.21571852106369,17406,1947.16774773065,0.00119642937056564,1.98662095762797,0.000498249588142308,1.39999997615814,0.0162119975800947,0.00123472455027615,1.20081119408803,0.00794583476951611,2.61684555224113,123,0.0202898547269296,6.19689989089966,0.0425560795934062,17.0142479274072,0.000498868402894682,6.69689983129501,2.97670922645926,421.5,24.5751953125,73074.5,131643.34375,6986.384765625,4.06093943119049,84133,1.71676788465367,0.000426089481270238,9.29379940032959,86.1250654856364,0.203105004303418,0.000297072957926507,19.2392442222745,4.06093947759886,3.19553774920349,5.04226075340892,1.84735190848113,0.00409340081180252,1077236.5,649.850144299661,7.81734588994818,4.21822274603009,2.29601805904121,111.076591829685,91
"H21-08717 - 1",1,2,"5/28/2021",19582239,0,"12/11/1962 0:00:00",0,0,58,"Portugal",52,170,17.99307958,"Diabetic nephropathy",1,2,27.03,0,1,2,2,37.97387537,2.03,37.3014462,2.49,29.19319975,2.09,35.7968131260459,2.17,33.79607086,-1.00037113302295,0,0,0,0,0,0,0,0,0,2.17,33.79607086,"2/5/2025 0:00:00",44,0,0,0,"7/2/2021 0:00:00",0,1,1,1,3,2,27,0,0," ",0,0," ",0,0,0," ",0,0,0,0,1,1,69,1,0,172,87,29.40778799351,1,0,"Stroke (unspecified)",1,0.69,93.88697142,0,1.26,76,0,0,0,2,0,2,4,3,0,0,3.476940148,0,0,0,0,3.476940148,3.176280879,30.7692307692308,22,7,0.24137931,9.10891e-08,417904.9318,376709.8784,274.5579895,174.6367696,2.89829e-08,105833.5,34989.40703,151.6544514,16.22384307,7.95788e-06,63314.45291,74162.38271,92.34363017,43.41394975,36956.29457,33970.33702,73.41997184,30.6153019,7.61836e-07,0.636406134,0.038066603,0.503848753,0.161580845,0.308676788,0.025233471,0.075551647,-0.50794768,8.17823e-06,0.691323212,1922,184,509256.1944,89138.33333,0.156547576,105379.0667,0.173184108,7.242868314,26.64259867,0.320265716,7.242868314,26.64259867,0.320265716,0.477727607,31689.27273,0.477727607,31689.27273,0.558521485,66911.5,0.558521485,66911.5,0.462515015,18905.35714,0.462515015,18905.35714,0.504349643,54061.125,0.504349643,54061.125,26.916259548347,20.219739483818,14.6793170811379,36.25,0.0020764963056613,10.9914741516113,3.88970773709963,0.702585334125339,1.11671776562522,0.00185058975672954,39157.7029028488,0.000379464416452017,0.0065054846475432,62.1466955954282,0.0332891684943087,2.3797130282624,0.000251793400259527,0.00254839367019615,126.047433346476,184.329567751482,3.88970773976751,0.000853142097719549,2.01809120178223,0.000111526736678162,0.000648658583640384,132018.731241473,0.340084287863096,0.000526220982756587,0.000441803559966915,9.99878628479816e-05,0.0201234769253471,27259.909730586,0.0033818545665204,0.0760448119078805,1.83775790066408e-05,0.780315857532291,0.596455826440609,0.102331422090237,1.30849148571639,5838.61499023438,0.86082062125206,69.4090328746429,1.51985253879399,225.1968486551,131943.396316508,0.000468412592575651,34084.75,2.59744799137115,17946.75,1.25,1.15790698750568,34108.25,1032.71634149718,0.000803098719013241,0.949404746294021,9.68695153559961e-05,20.3751964569092,0.00779205711235665,0.00153811821854553,2.20423632527653,8.6631588342606e-05,2.60693046989556,719.5,0.0018907940290376,8.19534969329834,0.000998711863037465,4.60264120319855,0.000366409132757164,6.39379978179932,3.03972413772172,162,20.78759765625,48316,606146.65625,21490.7275390625,3.19811165332794,42604,1.19921843095611,0.000196432703720302,7.89379954338074,2916.93300305947,0.209176372462107,0.000829377470784352,6.41462121458985,3.19811166422938,2.16746203449497,7.21542555704517,2.21043100653513,0.00121402019521722,76016.890625,381.108207577525,1.22499999403954,3.7564788893404,2.613779722409,51.4295634824952,19
"H21-11172 - 1",1,1,"7/4/2021",19701286,0,"3/24/1955 0:00:00",0,0,66,"Portugal",63,170,21.79930796,"Hypertensive Nephrosclerosis",3,2,35.77,0,1,2,1.18,68.05412367,0.99,84.01379858,1.25,63.50688908,1,82.4920026675966,1.6,46.35171983,-18.0701414187983,0,1,0,0,0,0,0,0,0,0.93,46.35171983,"2/5/2025 0:00:00",43,1,1,1,"7/12/2021 0:00:00",0,1,1,2,4,0,18,0,0," ",0,0," ",0,0,0," ",0,0,0,0,1,0,59,1,0,160,70,27.34375,0,0,"Stroke (unspecified)",1,0.66,100.9875761,0,1.09,61,0,0,0,1,1,2,4,2,0,0,17.74892724,1,0,0,0,17.74892724,3.215806872,7.69230769230769,12,1,0.076923077,1.3245e-07,341957.25,108771.4224,286.2319344,46.44562862,1.10375e-08,83941,0,154.3923573,0,1.03201e-05,33534.45187,25866.31308,71.65987806,21.68626206,19508.19218,18018.97939,58.06198796,16.05415291,5.07726e-07,0.402654679,0.045292305,0.346078151,0.035079815,0.382943231,0.015898791,0.130873055,0.064682561,1.41121e-05,0.617056769,935,46,341957.25,172774.9167,0.490198807,172774.9167,0.490198807,7.466770645,28.81478584,0.209776315,7.466770645,28.81478584,0.209776315,0.428898219,52601.27273,0.428898219,52601.27273,0.795889114,278542.5,0.795889114,278542.5,0.368245708,15733,0.368245708,15733,0.501681232,96843.2,0.501681232,96843.2,33.8304951209285,3.39142086718497,17.8330275390625,15,0.00121897483572281,11.5875854492188,4.50154847831726,1.35062203717061,1.58558584320555,0.001240945272628,74094.0274643066,0.000581276864999631,0.011204579426198,42.0475920832573,0,3.30699839173681,0.000711776194781845,0.00653993615162584,86.4701666744736,140.946120055133,4.50154847797495,0.00140266466485879,3.75708198547363,0.000176715813305559,0.00121616136116905,65435.4474474474,0,0.000342072175380551,0.00112271632870256,0,0,15215.6021974123,0.00508459040726495,0,3.62273195446762e-05,0.912664847928902,0.399866865363223,0.924392862449341,1.21101741669923,2885.57232666016,0,81.3289126006542,3.3755293783947,149.717043106707,65378.8378378378,0,14359.75,3.17717385292053,9528,1,2.55117474103369,14378.25,844.931269327043,0.00140195310273917,1.15384614467621,0.00016049524416762,0,0.00208921459810525,0.000346854388838985,1.12042925386108,0.000190681922763091,0,234,0,0,0.00154558181261082,0,0.000440480627000682,5.84379577636719,4.65834878619392,93.2,26.7720947265625,0,0,0,0,0,0,0.000474039196213696,6.07689819335937,15316.058321319,0.233381994982399,0.000182590186669711,0,0,0,0,2.54557813934429,0.0025857564579452,118474.4703125,308.824260789299,1.5,5.63821646011961,2.46760098109837,185.010810494955,310
"H21-11737 - 1",1,2,"7/13/2021",19348706,0,"8/15/1955 0:00:00",0,0,65,"Portugal",74,180,22.83950617,"Diabetic nephropathy",1,1,65.67,0,3,1,1.49,51.75953192,1.25,63.90308823,1.16,69.89792369,1.01,82.0214053513844,0.97,85.03246293,1.5055287893078,0,0,0,0,0,0,0,0,0,0.97,85.03246293,"2/5/2025 0:00:00",43,1,1,1,"7/26/2021 0:00:00",0,2,2,1,5,74,17,0,0," ",0,0," ",0,0,0," ",0,0,0,0,1,1,63,0,0,170,70,24.2214532871972,1,0,"Donor after Cardiac Death (DCD)",4,1.14,72.26534093,1,1.54,91,1,0,0,0,0,2,2,2,0,0,7.7616,0,0,0,0,7.7616,0.713053989,0,50,0,0,3.56942e-07,452562.08,173531.7001,318.2652245,90.48373814,0,0,0,0,0,1.49987e-05,55802.39029,51243.74043,87.93160335,27.90168204,32935.96573,35426.9912,63.07957918,20.48147661,8.20966e-07,0.793295,0.161538198,0.836962351,0.057862809,0.268790527,0.043579997,0.193005334,-0.402115489,1.31786e-05,0.731209473,2101,115,477733.5,46577.23404,0.095043778,72690.14286,0.135223073,5.388426966,21.46816531,0.332065489,5.388426966,21.46816531,0.332065489,0.676948251,57480.28947,0.676948251,57480.28947,0.790913658,434151.5,0.790913658,434151.5,0.649412668,10132.5,0.649412668,10132.5,0.736608681,160067.1667,0.736608681,160067.1667,20.6226759710935,2.10479815190682,4.57194515202183,645,0.00018092940901166,9.78759956359863,1.39393554342554,0.496262261803681,0.361145792071227,4.76100265613834e-05,4086.93808286603,0.000377087520301905,0.00069675180040201,222.182357535426,0,0.0378803428154857,0.000113934381053669,0.000161266933850802,448.521878288696,1280.6553067136,1.39393554372719,0.00685043873582887,1.86672174930573,0.000100271959567405,2.25408542375192e-05,13859.3888888889,0.647056842672414,1.47341701817235e-05,0.00149897971102783,0,0,2770.29703295672,0.00331023101865968,0.0289887755693818,0.000291529311008795,0,0.725747685676798,0.0259586591173464,1.55810434220063,1962.7796359592,0,59.167572785291,1.99158649932084,129.517373622103,13840.0740740741,0,11027.0555555556,2.01285219192505,434216,1.25,0.244718681977707,11044.4444444444,1388.89375106131,4.10013014905631e-05,1.0953049659729,0.000794873265365331,0,0.0135864029879675,0.00137245793858708,0,4.72468983881218e-05,0,0,0,0,0.000880475734209247,0,2.07270114413103e-05,5.24065531624688,0,158.2,0,0,0,0,0,0,0,0.00136287383986577,7.43565969467163,808.333088675564,0.198679238902622,0.000852650330295294,0,0,0,0,1.91971932569432,0.000109426156817829,28147.1692382813,547.737347050942,1.64922496676445,0,2.4039713885993,43.4292824319336,11.75
"H21-11737 - 2",1,2,"7/13/2021",19703646,0,"1/29/1952 0:00:00",0,0,69,"Portugal",75,176,24.21229339,"Chronic glomerulonephritis (IgA)",2,1,39.47,0,3,1,1.2,65.46246229,0.85,94.06228897,0.89,92.76502725,0.98,82.9540384346311,0.94,86.12978932,1.58787544268445,0,0,0,0,0,0,0,0,0,0.86,86.12978932,"2/5/2025 0:00:00",43,1,1,1,"7/26/2021 0:00:00",0,0,1,2,3,39.9,8,0,0," ",0,0," ",0,0,0," ",0,0,0,0,2,1,63,0,0,170,70,24.2214532871972,1,0,"Donor after Cardiac Death (DCD)",4,1.14,72.26534093,1,1.54,91,1,0,0,0,0,2,2,2,0,0,5.581513215,0,0,0,0,5.581513215,6.043142555,0,32,1,0.03030303,0,371360.9688,142874.5666,302.5105603,68.65005209,0,24963.5,0,56.85068161,0,0,0,0,0,0,33782.54333,39954.63756,60.9119225,20.24404323,0,0.895592773,0,0,0,0.265042521,0.027219541,0.190507264,0.901005456,1.92903e-05,0.734957479,1229,58,371360.9688,27002.5,0.071927449,52321,0.113774371,5.332323739,21.12792036,0.296631442,5.332323739,21.12792036,0.296631442,0.682009857,85053.29167,0.682009857,85053.29167,0.980582275,573898,0.980582275,573898,0.612153531,16963.28571,0.612153531,16963.28571,0.779808715,180379.3,0.779808715,180379.3,17.8714468896976,3.17441216957308,2.00938011866243,76,0.00118819724419735,4.59689974784851,0.852398021266931,0.206711957089776,0.0763490915522728,0.000115171938101995,357.418522138523,0.000151650587314481,0.00200723674006788,89.420164834965,0,0.0187105070848704,5.24757945985464e-05,0.000580504321040304,171.605081030217,312.809853409289,0.852398021855825,0.00677869899017832,1.85704004764557,3.28478254345621e-05,0.000123049372841762,13402.03125,0,4.93659897406986e-05,0.000577638241861849,0,0,2750.49744880199,0.00132245250207944,0,0.000285691085565688,0.000520760310052677,0.503172512598416,0.0224925399886112,1.24401396249074,13343.1466471354,0,69.692357197635,1.63299316185545,308.29962621035,13382.2265625,0,54503.0833333333,1.42861354351044,43771,1,0.303229063230899,54534.1666666667,393.618999274831,0.00046162668617571,1.16666662693024,0.000776551312191133,0,0.0100255693089326,3.83855461128134e-05,2.96539776193046,1.90228751807893e-05,0,26,0,0,0.000286311701793075,0,0.000202291354606932,8.3594331741333,0,18,0,0,0,0,0,0,0,0.00031215121370484,5.13023312886556,1787.10402635643,0.191475242128289,2.97482148237223e-05,0,0,0,0,2.55379561444784,0.000236928833433915,3517.40384928385,129.989182183748,2,0,2.60870317157296,191.815015053567,814
"H21-14920 - 1",1,1,"9/4/2021",19695703,0,"9/23/1958 0:00:00",0,0,62,"Portugal",99,174,32.69916766,"ADPKD",4,2,35.2,0,1,2,2.14,34.15233148,1.76,43.18189367,1.81,41.75443345,1.9,39.1481781850588,1.87,39.4097731,0.130797457470599,0,0,0,0,0,0,0,0,0,1.69,39.4097731,"2/5/2025 0:00:00",41,0,0,0,"9/22/2021 0:00:00",0,2,1,2,5,0,19,0,0," ",0,0," ",0,0,0," ",0,0,0,0,1,1,64,0,0,166,83,30.1204819277108,1,0,"Head Thrauma",2,1.04,80.18162669,0,1.21,71,0,0,0,1,2,2,5,1,0,0,41.2777,1,1,1,1,41.2777,3.645957675,15,19,3,0.136363636,1.80474e-07,366454.9737,131110.9687,300.4202968,53.823425,2.84958e-08,26026.16667,18187.33573,67.26634189,41.23395746,8.72922e-06,43855.61045,42154.25726,75.71360036,25.52114513,25644.29971,23420.61453,61.3907409,16.48886243,3.60947e-07,0.440834971,0.066135434,0.382825325,0.04196546,0.321750379,0.015929486,0.172756163,-0.353033333,1.05157e-05,0.678249621,919,38,366454.9737,167100.7895,0.468361644,167100.7895,0.468361644,8.424641862,26.30416519,0.324531748,8.424641862,26.30416519,0.324531748,0.37338129,13869.875,0.37338129,13869.875,0.458037269,27148.5,0.458037269,27148.5,0.37338129,13869.875,0.37338129,13869.875,0,0,0,0,32.6966252379311,5.03523266977523,16.4697849958023,21,0.00104299702112055,17.1968994140625,4.04793721003388,3.71653200545508,3.87815126504566,0.000997887333965052,70340.275417294,0.000435853235544202,0.0109297906891796,42.3792402008342,0.0227957940293237,2.67867585933938,0.000528472570165489,0.00728298960505101,84.5317374969609,109.827170922189,4.04793721234478,0.000893787991255412,4.83534304300944,0.000124972063251285,0.00237920578501141,109391.840909091,0.0317374932759548,0.000274217030333739,0.00176793781668584,0.00363296314522072,0.00973220546701529,26920.3206409801,0.00380098183051377,0.186023230032436,2.24322515859402e-05,0.898300008386146,0.458037269409203,0.738907348619886,1.22784861747669,1718.47762044271,1.92472313000606,113.112285748928,2.21097075862736,118.806867711308,109315.634090909,0.0816568044515757,8664.5,4.68593740463257,7228,1.46153846153846,3.66434145623206,8679.33333333333,683.75440072005,0.00168192243158687,1.09276536794809,0.000102879131155535,1.39999997615814,0.00240196821116811,0.00356684223803018,1.30848483368887,0.000139388361927025,4.10449769826158,118,0.107692305858319,0,0.00108988158430462,1.70022673430266,0.000718995557678425,5.45943307876587,4.43149058602447,43,28.78759765625,35388,0,0,9.05363464355469,633,1.18520244193813,0.000677161000551149,6.19689989089966,19276.0206739693,0.244032716468192,0.000433505954536311,1.96180007804153,9.05363482202288,7.9678956985048,0,3.20729603811515,0.00734387607459562,99545.5,269.931877209703,1.92259997587938,5.31379442116141,2.53690500914534,56.1697821668513,37.3333333333333
"H21-14920 - 2",1,1,"9/4/2021",19657497,0,"7/18/1952 0:00:00",0,0,69,"Portugal",75,170,25.95155709,"Undetermined",5,2,18.1,0,1,2,2.1,33.44619198,2.16,32.33443902,2.04,34.63009086,1.97,35.8880079944103,1.62,44.82174823,4.46687011779485,0,0,0,0,0,0,0,0,0,1.53,44.82174823,"2/5/2025 0:00:00",41,0,0,0,"9/15/2021 0:00:00",0,2,1,2,5,0,19,0,0," ",0,0," ",0,0,0," ",0,0,0,0,2,1,64,0,0,166,83,30.1204819277108,1,0,"Head Thrauma",2,1.04,80.18162669,0,1.21,71,0,0,0,1,1,2,4,1,0,0,81.71932842,1,1,1,0,0,5.095104415,8.33333333333333,35,3,0.078947368,2.62785e-07,276682.0143,153572.7245,240.5561379,90.92603874,2.25244e-08,112547.3333,49803.43695,160.7652781,33.15406488,9.97833e-06,45429.78668,46564.8105,79.83401285,30.09401984,25269.72849,25532.31274,58.04113804,17.53795952,2.70293e-07,0.313084326,0.072707913,0.453313222,0.03993638,0.325227725,0.004212029,0.160392219,-0.2910057,1.0873e-05,0.674772275,1329,36,293379.6818,131517.8788,0.465050474,143369.069,0.426453143,7.827371681,24.69159945,0.362363904,7.827371681,24.69159945,0.362363904,0.298284753,130266.8529,0.298284753,130266.8529,0.643749127,1902532,0.643749127,1902532,0.256324346,15291.39286,0.256324346,15291.39286,0.494099983,666819,0.494099983,666819,35.140737251902,8.32135088229904,17.1606099491036,37.5,0.00138395974543223,18.8937530517578,4.38968906964798,2.20391305787278,3.85539597498953,0.00144824772287544,63023.7511753932,0.000441908262148849,0.0238785464689201,70.5,0.0178060819318532,3.24959236816769,0.000526821277659976,0.018633125795297,115.111329805704,217.543762288188,4.38968907221194,0.00112977702038982,6.40051412582397,0.000128018295294045,0.00110474432944759,91982.115720524,0,0.00040628449684513,0.00117895850567317,0.000140622338871518,0.00641894661491916,23361.1954425662,0.00384758081743371,0.562140044387808,2.90489558111915e-05,0.968370384733834,0,0.835914353011009,1.18258684026924,4624.91960261418,2.80562359946115,121.20153244085,2.52164978740096,187.430503683734,91918.2128820961,0.00103489616661988,21361.4230769231,4.69293761253357,17149.5,3.28571428571429,0.989230019705636,21382,49.4142135623731,0.00115951157907025,1.36718090942928,0.000129822400672566,10.78759765625,0.00202051039763183,7.90090635399427e-05,1.55080087212516,0.00013773830960173,2.63856446720605,145,0.00332335109557917,0,0.0011144332304074,6.22464781171814,0.000479515038663719,6.5033944936899,20.7529566228923,1,104.309906005859,104635,0,0,8.70877075195312,47710,1.06208877323234,0.000531568640906467,1,20667.0380914563,0.251701620575408,4.25917802296956e-05,7.53145120298204,8.70877110212292,7.40073465214594,0,2.3456465988987,0.00187436427136028,55.3968811035156,34.7099542336676,2.94196428571429,23.8802730261215,2.54551596924784,312.553995335206,1472
"H21-15818",1,1,"9/19/2021",19075102,0,"9/20/1986 0:00:00",1,0,34,"Portugal",85,175,27.75510204,"Alport Syndrome",2,1,55.57,1,1,2,0.71,114.3515955,0.81,97.62706298,0.98,77.67494528,1.15,63.7109133068769,0,0,0,1,1,0,0,0,1,1,0,0,3.08,0,"2/5/2025 0:00:00",41,1,1,1,"10/2/2021 0:00:00",0,1,2,0,3,29.17,6,0,1,"10/25/2023",1,1,"10/25/2023 0:00:00",1,0,0," ",0,0,1,0,1,0,33,0,0,177,85,27.1314117909924,0,0,"Head Thrauma",2,0.8,119.840374,0,0.66,7,0,0,0,0,1,0,1,1,0,0,10.35713808,0,0,0,0,10.35713808,0.023324546,0,20,0,0,1.37254e-07,371433.05,175057.0252,295.5691195,83.62861711,0,0,0,0,0,6.27939e-06,55947.91967,134749.5661,81.65154298,40.03788314,34335.44797,42899.50548,63.78238641,19.10949152,1.92156e-07,0.300254121,0.050980832,0.35131882,0.02237099,0.439298081,0.001968009,0.145112727,-0.420573889,8.31144e-06,0.560701919,915,28,389402.7895,210118.3684,0.548317294,210118.3684,0.548317294,10.07228756,23.09385405,0.379959404,10.07228756,23.09385405,0.379959404,0.415947939,168430.75,0.415947939,168430.75,0.763149182,1146320,0.763149182,1146320,0.273338732,18715.625,0.273338732,18715.625,0.558557147,318145.875,0.558557147,318145.875,30.132216454051,16.9452280569449,22.4859207846902,57,7.35516393330738e-05,28.7798471450806,3.99305559071628,1.79178270702793,4.50205321434817,7.89634084207705e-05,603897.344744318,0.000579270666293822,0.00051260612245455,91.9627119977293,0.0308323101327694,1.72889319329329,0.00157933416326432,0.00013824060997091,180.404778225328,305.851569233849,3.99305559946776,0.00344939294308589,4.80459403991699,0.000209494598267711,0.000710123801853505,36179.4565548781,0.268493466329317,1.44974037383113e-05,0.000556623770114585,0,0.0136678580479466,9681.40087037842,0.00507545147238455,0.504263638947447,0.000122341940436648,0,0.139951513712666,3.22331587967569,1.16760182651109,7559.5126953125,1.61684130960041,125.27663393514,3.00746986388211,230.857552009386,36147.3765243902,0,31905.1666666667,6.21542310714722,43094.5,1.38888888888889,4.79896318867566,31932,367.220346110533,0.000448562441156496,1.14991639720069,0.000399402377290622,0,0.00221780026691701,0.000168517284410101,0,0.000481536714167308,0,0,0,0,0.00184694717972541,0,0.000212710369435493,8.86253309249878,0,14.5,0,0,0,0,0,0,0,0.000279711315935245,6.69224977493286,92392.8125725512,0.264988903719974,8.54897682414276e-05,0,0,0,0,1.87258128797014,0.00196952667310585,46288.8046875,114.313832361542,1.85521109898885,0,2.43865904182157,336.933227806341,1243
"H21-16428 - 2",1,2,"9/29/2021",19781543,0,"5/5/1953 0:00:00",0,0,68,"Portugal",85,168,30.11621315,"Undetermined",5,1,46.03,0,3,1,1.33,58.22223467,1.37,56.18833447,1.94,37.01252925,1.24,62.9366771373741,1.55,47.55648845,-7.69009434368705,0,1,0,0,0,0,0,0,0,1.53,47.55648845,"2/5/2025 0:00:00",40,1,1,1,"11/15/2021 0:00:00",0,0,1,1,2,4,27,0,0," ",0,0," ",0,0,0," ",0,0,0,0,2,1,67,0,0,170,65,22.4913494809689,0,0,"Head Thrauma",2,0.6,105.8035881,0,1.11,63,0,0,0,1,1,2,4,4,0,0,23.8055569,1,1,0,0,23.8055569,1.081850823,2.94117647058824,67,2,0.028985507,1.58106e-07,351054.8582,139683.366,289.1471766,78.89233068,4.71957e-09,109554.75,15448.75,157.176647,11.83222848,1.14568e-05,49291.85778,50331.8167,83.97201713,29.38923119,18626.33147,17951.90609,54.26712272,15.3913091,2.71375e-07,0.518227558,0.055503708,0.564724501,0.02541169,0.287649673,0.010749306,0.098284576,-0.573950816,1.30347e-05,0.712350327,4855,115,356182.0379,102361.4091,0.306036464,106641.6667,0.292299188,6.541803301,18.23484756,0.432679168,6.541803301,18.23484756,0.432679168,0.416581257,107078.775,0.416581257,107078.775,0.683268746,1360611,0.683268746,1360611,0.353423735,13160.76667,0.353423735,13160.76667,0.606053826,388832.8,0.606053826,388832.8,14.508591508846,18.0807232017521,4.3131809381621,176.8,0.00182431335541704,24.1544174194336,1.36620471266193,1.73682090837625,2.21233290734697,0.00036596000009229,2233.16530439081,0.00021448952536362,0.00375309609130834,128.488296427595,0.00273488215087558,0.164310052286618,0.000192087547890374,0.00126087948051509,260.917276103107,570.711605622855,1.3662047139604,0.000677295575913182,2.72222423553467,4.97201305109238e-05,0.000246943264873143,153458.256880734,0.397626807496333,0.000120018047103962,0.00118023704979402,4.1900929980684e-05,0.000824611871542068,33828.9456744553,0.00189026370820928,1.27365056170149,1.47716550523384e-05,0.536336982564488,0.683268745687156,0.365267715504333,1.1639650406153,2529.61955769857,2.6779817571208,78.7358044980269,2.46482344388572,154.132617751519,153366.852293578,0.000161967220338248,13314.9583333333,4.32958850860596,123181.6,34.9372822299652,1.96339586242375,13330.3333333333,4497.05627484771,0.000203546788961101,1.80225836088433,7.68542903709598e-05,16.1813983917236,0.0010305998651916,0.00494321781318337,1.32749524269497,4.51546535876279e-05,2.68609257607214,220,0.000614141429775453,0,0.00043794617590072,2.40067190736708,9.91895115244225e-05,5.69689973195394,2.23521108321808,1907,21.796895980835,0,0,0,0,50032,0,0.000505557039294547,11.9968986511231,16747.4342455228,0.221243372695489,0.00122238571472585,3.94434408489545,0,0,0,2.71530922275591,0.000666302515267195,2671592.75,1522.66785450929,6.52349029330842,3.8066912315338,2.55854928843347,22.2783955983723,8
"H21-16984 - 1",1,2,"10/7/2021",14026851,0,"9/18/1971 0:00:00",1,0,50,"Portugal",52,151,22.80601728,"Anti-GBM disease",2,1,69.93,0,1,2,0.92,75.85613879,0.94,73.92353066,0.84,84.60596476,0.86,81.7404409701523,0.82,85.47841877,1.86898889992385,0,0,0,0,0,0,0,0,0,0.83,85.47841877,"2/5/2025 0:00:00",40,1,1,1,"10/18/2021 0:00:00",0,1,2,2,5,6,15,0,0," ",0,0," ",0,0,0," ",0,0,0,0,1,0,37,0,0,170,60,20.7612456747405,0,0,"Anoxia",5,1.88,46.60716168,0,0.94,44,0,0,0,1,1,0,2,3,0,0,21.40964036,1,1,0,0,21.40964036,0.026959127,5,38,1,0.025641026,2.51579e-07,276848.5132,100999.672,260.2392306,66.40220924,6.6205e-09,92797,0,154.9870962,0,1.21817e-05,40880.78451,43326.45869,72.87967208,22.48792249,31368.85799,55841.20044,54.26597417,15.71414093,2.97922e-07,0.374213413,0.069649259,0.497998178,0.015769459,0.396266548,0.007572745,0.139858462,-0.418019054,1.25498e-05,0.603733452,1840,45,284325.1486,135730.9459,0.486104715,138436.6389,0.478872149,7.515998198,27.14813701,0.218803778,7.515998198,27.14813701,0.218803778,0.351140668,67607.18182,0.351140668,67607.18182,0.625542635,368427.5,0.625542635,368427.5,0.277274653,15882.5,0.277274653,15882.5,0.439779886,129676.8,0.439779886,129676.8,21.1885341233266,22.2087038440249,7.77659791650236,18,0.00127505822760584,14,1.91217870646438,3.1579173523007,3.30386672680012,0.000464450268773757,11194.8008912146,0.000398838192683966,0.00269547662598081,34.6554469023269,0.000659930206816101,0.51549788364133,0.000771125629182754,0.000799245073187345,62.2660257054169,136.599184915515,1.91217870795858,0.096529404831075,5.44030928611755,0.000116825954861095,0.00217256362507759,283.48275862069,0.250398183873859,0.000120498477538346,0.00102917588284621,0,0.00013861445005993,43.1396958910186,0.00351837382348967,1.57281994149676,0.00739278081893692,0.581182581333448,0.625542635301073,1.68397721624972,1.07871140702873,3555.04248046875,2.49022054689824,17.1408045977011,2.50789213850471,168.997387506298,281.362068965517,0,17772.2,4.24867630004883,6444,126.365781710914,2.49050591692694,17795.8,2504.50793488832,0.00212282900589364,2.10542145380228,0.0118021319703559,0,0.0013740162837283,0.000626935774666373,1.17186901890346,0.000196567715503638,0,121,0,0,0.00103078109125565,0,0.000775915580384854,6.55441980361938,4.24399796993129,520,32.7720947265625,0,0,0,0,0,0,0.000420869214772761,8.39379978179932,52339.3945616915,0.153509251006899,0.000182547275640937,0,0,0,0,6.56395148698574,0.00262944705155445,917798.75,977.50224404442,8.78447663397212,5.77920143573649,2.90726204558712,129.629398995286,102.25
"H21-16984 - 2",1,2,"10/8/2021",19790856,0,"1/11/1970 0:00:00",0,0,51,"Portugal",67,168,23.73866213,"Undetermined",5,2,74.23,0,1,2,1.54,54.27540885,2.46,30.9389692,2.82,26.26207508,1.51,55.2274033443266,0,0,0,1,1,0,0,0,1,0,0,0,4.44,0,"2/5/2025 0:00:00",40,1,1,0,"11/4/2021 0:00:00",0,2,2,1,5,0,26,1,3,"5/14/2024",1,3,"5/14/2024 0:00:00",1,0,0," ",0,0,1,0,2,0,37,0,0,170,60,20.7612456747405,0,0,"Anoxia",5,1.88,46.60716168,0,0.94,44,0,0,0,1,1,2,4,4,0,0,20.44236526,1,1,0,0,20.44236526,0.693165626,2.77777777777778,72,2,0.027027027,2.44776e-07,247518.8194,105512.8719,244.2050163,72.07350805,6.79934e-09,187543.75,1173.75,212.6052287,2.452902985,1.2198e-05,36191.71433,43632.14934,67.56867999,21.9989096,28098.94394,29417.46911,58.6075922,17.5849314,5.03151e-07,0.360842381,0.060586728,0.441467123,0.027078993,0.380651291,0.013150522,0.137239501,-0.257533285,1.28278e-05,0.619348709,3588,148,261517.8309,110728.8235,0.430066736,116135.8889,0.419192573,8.124221252,25.64986441,0.254092062,8.124221252,25.64986441,0.254092062,0.416299998,64688.27273,0.416299998,64688.27273,0.632592769,360553,0.632592769,360553,0.315277982,16987.64286,0.315277982,16987.64286,0.593088527,148164.375,0.593088527,148164.375,24.5136927974809,21.3234329962123,14.9255340925959,18.3333333333333,0.000240183246562766,15.1886310577393,3.05228375697481,2.33842399157543,3.63340977638631,0.000205034528441525,125390.945224315,0.000426894926679122,0.00130800569590761,49.5376230484788,0.00181557018390104,1.37673719074534,0.000971683278496284,0.000368996585914837,99.5000733834282,120.979713993672,3.05228375449698,0.122017397181355,4.53257064819336,0.000128535868488125,0.00161838663723744,102.6,0.276528563755022,4.31422615654924e-05,0.000783987404846821,5.92156423389936e-05,0.000504000919926489,11.0266665140788,0.0037459811902665,1.29859510153331,0.0112226177577798,0.764041490587783,0.632592768778707,2.27828807176936,1.14242682511729,4428.19506835938,2.07466878981914,8.46666666666667,2.40699661138257,178.129146370276,101.433333333333,0.000378992574392534,21205.25,4.64590732256571,9491.33333333333,29.9025423728814,2.10760405227779,21220.5,2423.90072042589,0.00159761011801034,2.11994618163638,0.0136548202582386,22.399995803833,0.0015000877996879,0.00109417291273118,1.32250747445562,0.000262153140095352,2.48200824448254,167,0.00155361324759558,0,0.00112878117980932,8.94221335657771,0.000483245899933984,6.09844994544983,6.80833134684148,577,40,0,0,0,0,168632,0,0.000431334097719481,8.78759956359863,52399.2705822832,0.10866473839992,0.000396650276534973,11.0392761123362,0,0,0,7.81137825107993,0.00410301283943812,760027.3125,945.643563847818,7.73116527013308,8.9779174467015,2.15005357175964,102.289191463088,71
"H21-17233 - 2",1,2,"10/9/2021",19710792,0,"8/19/1961 0:00:00",0,0,60,"Portugal",75,178,23.67125363,"Alport Syndrome",2,1,42.37,0,1,2,1.42,56.56826868,1.58,49.76573194,1.98,37.95951649,1.99,37.4967995379391,1.65,46.36979164,4.43649605103045,0,0,0,0,0,0,0,0,0,1.75,46.36979164,"2/5/2025 0:00:00",40,0,0,0,"10/18/2021 0:00:00",0,2,2,1,5,0,17,0,0," ",0,0," ",0,0,0," ",0,0,0,0,2,1,76,0,0,170,70,24.2214532871972,1,0,"Stroke (unspecified)",1,0.7,95.49340897,0,1.53,91,1,0,0,1,2,2,5,4,0,0,21.91,1,1,0,0,21.91,0.158852673,7.14285714285714,28,2,0.066666667,1.76464e-07,266093.6607,134713.7994,245.8374357,91.15836792,1.26046e-08,144412,2135,195.3484088,2.828280012,1.16592e-05,39145.72784,37835.15054,69.12376567,25.54906553,20818.40817,25235.68992,49.33149186,15.69440581,2.83603e-07,0.518519176,0.046955919,0.456408675,0.035507472,0.217409098,0.018775449,0.102881304,0.248597501,1.07514e-05,0.782590902,1850,45,286054.6538,106751,0.366743766,116479.0435,0.372222091,5.144485616,21.01749575,0.32759951,5.144485616,21.01749575,0.32759951,0.467575869,185785.7,0.467575869,185785.7,0.553323861,609221,0.553323861,609221,0.349830649,24683.5,0.349830649,24683.5,0.644193698,427439,0.644193698,427439,21.1663436039251,20.9220846912771,12.0064284443405,284,0.00212178770509623,20.1968994140625,3.04291894867735,2.39004643685933,1.59241265820209,0.00151666069204659,25137.4152611614,0.000730951409219934,0.0134248735973615,164.347193465541,0.000711012024746803,1.85207479485221,0.000515892128705186,0.00923054323340577,336.705519846543,979.381901355546,3.04291894936543,0.180437338774312,4.33092403411865,0.000226532030253488,8.21914272333964e-05,91.9230769230769,0.310087224813926,0.000438821506967173,0.000559050751021029,3.01557572589882e-05,0.00014645302224306,9.27644623242892,0.00642583533822364,1.9414741647386,0.0141476333481367,0.669574140584915,0.26984126984127,0.353289635007928,1.42268137307313,5562.24780273438,2.26231245228112,6.5,2.67650100831417,221.46473583636,85.3076923076923,0.000121696487642972,28527.25,4.13613891601562,245730,107.79107373868,3.00866605312995,28574.5,499.889393668845,7.10615318141641e-05,2.12081924709281,0.0163952387750331,16.5844974517822,0.00402728495211905,0.000204005590347385,1.16047643082795,0.000151066658757114,2.60662470186327,326,0.00063171818275177,0,0.00199183360543018,3.10308782096761,3.82281356846918e-05,7.89379978179932,3.00914665741587,48,24.9844989776611,0,0,0,0,96127,0,0.000249211081787551,4.19999980926514,5873.69821673618,0.101664938077285,6.79947208886091e-05,4.42047226973237,0,0,0,7.72275933808945,0.000326570416659118,51234.57421875,175.125381517175,9.42047621207589,4.27582057534493,2.13040111024956,323.51970573676,1119
"H21-17666 - 1",1,2,"10/16/2021",20042085,0,"7/11/1956 0:00:00",1,0,65,"Portugal",73,163,27.47562949,"Chronic glomerulonephritis (IgA)",2,2,21.3,0,1,2,1.54,37.2388402,0.8,81.71711529,0.97,64.84775273,0.95,66.0772069944697,1.05,57.87497679,-4.10111510223485,0,0,0,0,0,0,0,0,0,1.05,57.87497679,"2/5/2025 0:00:00",40,1,1,1,"10/22/2021 0:00:00",0,1,1,1,3,11,16,0,0," ",0,0," ",0,0,0," ",0,0,0,0,1,1,65,0,0,178,85,26.8274207802045,0,0,"Stroke (unspecified)",1,1.26,63.29497143,0,1.28,77,0,0,0,1,1,2,4,4,0,0,25.84147307,1,1,1,1,25.84147307,0.278261873,9.09090909090909,63,6,0.086956522,2.54281e-07,273942.6111,127513.0844,252.7101417,73.05312366,2.42172e-08,78285.16667,8824.323787,135.7801739,12.32521982,1.13982e-05,32821.21052,30949.20215,69.48202473,24.91614143,13454.27615,10754.17729,50.34830693,13.76746695,6.29647e-07,0.412463044,0.069658275,0.374103581,0.053777983,0.282802974,0.006232585,0.186200504,-0.006771866,1.63275e-05,0.717197026,2824,156,278348.6129,104228.9032,0.385222306,108022.661,0.375152494,6.030820469,22.21668046,0.312844643,6.030820469,22.21668046,0.312844643,0.438310453,65413,0.438310453,65413,0.578354664,206421,0.578354664,206421,0.285607532,10172,0.285607532,10172,0.574046382,114516.1111,0.574046382,114516.1111,22.8043631511619,5.21668763693119,11.7972913907551,256.25,0.00153838726323468,19.539146900177,3.00849473054166,2.10123248922414,1.434235571781,0.00108619395091887,25255.8658285451,0.000166742374909669,0.00814809409150271,174.341885631956,0.0254856387920504,1.62012908995577,0.00021675930161387,0.00439601121290176,385.606084022745,669.62080034233,3.00849472993071,0.00595284952216451,2.95040702819824,3.6817096700064e-05,0.000105451768066757,12834.6431475724,0.0817910447761194,0.000296089335209084,0.000708094275080607,0.000116663521202021,0.0115408210166453,2888.39824134737,0.00145950262396834,0.75728052868544,0.000205388702698336,0.367359290634528,0.220352572082623,0.968306845559377,1.18631271891478,9674.17947387695,1.3939139286677,88.0965710230291,2.42816484871529,266.623656458913,12814.7907199235,0.00107014273864512,41793.5625,3.52561670541763,185657,1.8,3.49843458063183,41821.875,337.714249456123,9.62998060121506e-05,0.848137315114339,0.000679687598000227,18.5751972198486,0.000753431730779778,0.00764442146973833,1.31463333798228,4.68336093014143e-05,2.25319159472826,162,0.00475677265553102,6.59069967269897,0.000322055228980922,8.18511240500563,5.81543504375086e-05,8.69379967451096,2.12240878229671,19.5,17.4614976247152,50830,423837.25,15104.4521484375,7.77241516113281,72145,1.16906713996583,0.000295408185068886,4.34767484664917,63272.2732059805,0.223776445364951,0.00127582758322529,9.73277063141391,7.77241532536783,6.54508980542159,6.07025364498296,1.52056722633547,0.000356776457649748,29145.2807617188,106.066090200613,1.1733333269755,3.40725658092819,2.81846995307279,24.3515913237718,5
"H21-17666 - 2",1,2,"10/16/2021",19710194,0,"8/7/1962 0:00:00",1,0,59,"Portugal",69,145,32.81807372,"Chronic pyelonephritis",4,1,41.77,0,1,2,1.21,51.62791813,1.23,50.62218928,1.07,59.83654703,1.07,59.4655604339382,1.13,55.00851261,-2.2285239119691,0,0,0,0,0,0,0,0,0,0.9,55.00851261,"2/5/2025 0:00:00",40,1,1,0,"10/28/2021 0:00:00",0,1,2,1,4,2.6,18,0,0," ",0,0," ",0,0,0," ",0,0,0,0,2,1,65,0,0,178,85,26.8274207802045,0,0,"Stroke (unspecified)",1,1.26,63.29497143,0,1.28,77,0,0,0,1,1,2,4,4,0,0,23.6393,1,1,0,0,23.6393,0.277222225,6.66666666666667,120,7,0.05511811,2.25168e-07,252545.7125,117990.5271,239.5027401,69.37365605,1.31348e-08,92156.28571,49106.90733,137.9669417,56.55194965,1.22773e-05,33396.54218,30103.47721,68.66419713,23.34663609,26791.33447,38078.65916,56.19487666,17.41043467,3.52763e-07,0.345588387,0.056865178,0.410018619,0.02255526,0.533464423,0.002813498,0.138689257,0.148806279,1.41185e-05,0.466535577,6543,188,259628.9397,116127.0172,0.449848247,124492.1333,0.444472629,6.589939318,24.42172301,0.269086244,6.589939318,24.42172301,0.269086244,0.53944713,163669.0769,0.53944713,163669.0769,0.546553276,785904,0.546553276,785904,0.360784153,17960.875,0.360784153,17960.875,0.618852897,228428.2778,0.618852897,228428.2778,23.8690861671214,22.4070295385576,15.6910711646639,934,0.000275441013150074,35.5813941955566,3.25858108771462,1.6188816961528,2.50639509142979,0.000242652843172923,114181.022072057,0.000482748372896951,0.00150881884882431,414.656484333719,0.00190348769217746,1.50074297361287,0.00120145030827125,0.000445208791020043,833.204546254901,1204.70106023178,3.25858108838193,0.0816544088956791,4.21103307179042,0.000144654064632946,4.52682006475168e-05,215.568181818182,0.270643671804385,5.13431046135198e-05,0.00044603482082089,0.0015881999484907,0.000519187907552083,29.62558148124,0.00424167317479745,1.23300372577548,0.00631223715936122,0.861007515446583,0.35106440341554,2.80014671662834,1.1990008632951,10836.1831054688,2.51118884373308,15.3806818181818,2.43735953576618,354.769172743477,214.170454545455,0.0254444501229695,46943.75,5.68507146835327,786013,30.2376943005181,2.92619544917926,46974.5,465.751322481387,2.23730977312175e-05,1.9595019836397,0.00945485873281883,3,0.00165832639890025,0.000540159329574484,1.20177668908897,0.000327976192688251,2.39212598312188,230,0.0535714285714286,9.58914947509766,0.0012709169733879,2.44106333283786,1.39749584010203e-05,8.69534945487976,7.62280496430064,28.6666666666667,40.4767456054688,41585.5,1022064.46875,25002.826171875,4.46758699417114,1804,1.45891937033292,0.000176430369734971,6.79793326059977,55987.8957695733,0.127320701671701,0.000278693968634672,2.83811332191363,4.46758688334493,3.24092691938588,8.30418639454547,7.68794079116925,0.000243714189628547,44780.0690104167,154.845671688522,7.22813785204822,8.84827486368003,2.53648791991109,183.210334752346,195.857142857143
"H21-18700 -1",1,2,"10/29/2021",1009184,0,"10/4/1995 0:00:00",1,0,26,"Portugal",61,150,27.11111111,"Undetermined",5,1,15.23,0,1,2,1.31,57.62815993,2.05,33.6709736,2.12,32.34128522,1.83,38.3458167312568,2.01,33.83935028,-2.2532332256284,0,0,0,0,0,0,0,0,0,2.02,33.83935028,"2/5/2025 0:00:00",39,0,0,0,"11/5/2021 0:00:00",0,1,2,1,4,0,20,0,0," ",0,0," ",0,0,0," ",0,0,1,0,2,1,76,0,0,165,100,36.7309458218549,1,0,"Stroke (unspecified)",1,0.67,96.7650254,0,1.46,88,1,0,0,0,2,2,4,4,0,0,5.726787401,0,0,0,1,0,0.064466642,0,76,0,0,1.88922e-07,297425.1974,138598.0645,264.1256468,84.55960574,0,0,0,0,0,1.21159e-05,40646.42347,40314.31336,74.08137028,25.6068293,17426.75679,22913.5243,50.54394769,17.81903076,2.9084e-07,0.533860383,0.056190167,0.492466663,0.043533328,0.258257938,0.00978736,0.114099434,0.091123174,1.32157e-05,0.741742062,4874,117,317188.7042,109500.7465,0.343584651,113031.7059,0.341296749,5.975918371,22.53520606,0.35661939,5.975918371,22.53520606,0.35661939,0.4475431,446364.2778,0.4475431,446364.2778,0.737576783,313705.5,0,7176114,0.386539283,9468.384615,0.386539283,9468.384615,0.645805507,1582293.6,0.645805507,1582293.6,23.4409581674442,14.9628993442639,11.6130703952039,292,0.00130680391325856,25.3782952626546,2.76836761883078,2.5543514792906,1.87739460606195,0.000865571198986348,29741.2785045088,0.000148436542586331,0.00810145875368472,188014,0.0280590215493888,1.45753926713284,0.000172693906373292,0.00512229590272126,372.065306857752,640.920801467661,2.76836761810675,0.00605127013988203,5.98161935806274,3.1927333288411e-05,0.000168202474356102,14991.5894206549,0.266607806771229,0.00022907887912677,0.00174336227618272,0,0.0135230887965575,3714.04437896479,0.00130910871270671,0.149814949582938,0.000210392379354045,0,84.380092438916,0.751064001448198,1.20321700085664,1869.8295710637,1.25993399487601,94.5429342338641,2.03865644836483,119.78941637538,14968.9769521411,0,9468.38461538462,3.97246408462524,188077.666666667,1.27777777777778,0.0231067739810302,9483.38461538462,3532.7718241315,0.000104764776051613,0.999707738558451,0.000687744686349104,0,0.000581565585244478,4.94508087300447e-05,0,3.58189464627834e-05,0,0,0,0,0.00028147670177982,0,6.61634277851995e-05,5.81228446960449,0,107,0,0,0,0,0,0,0,0.000658373688443964,11.9844989776611,58765.6145795116,0.248303830383321,2.26436746425649e-05,0,0,0,0,1.74730069662412,0.000462167594654003,3961.95678710938,1746.94470171494,1.3333333267106,0,2.84287332288927,7176114,10053
"H21-20678",1,2,"11/29/2021",19766552,0,"11/24/1975 0:00:00",0,0,46,"Portugal",82,175,26.7755102,"ADPKD",4,2,35.97,0,1,2,1.54,55.98970014,1.52,56.8749072,1.47,59.20415744,1.35,65.1675624447039,1.11,81.40337463,8.11790609264805,0,0,0,0,0,0,0,0,0,1.12,81.40337463,"2/5/2025 0:00:00",38,1,1,1,"11/29/2021 0:00:00",0,1,2,1,4,0,15,0,0," ",0,0," ",0,0,0," ",0,0,1,0,1,0,44,0,0,175,85,27.7551020408163,0,0,"Head Thrauma",2,1.12,83.07558239,0,0.79,24,0,0,0,0,1,0,1,1,0,0,22.15565861,1,1,0,0,22.15565861,0.008411048,0,58,0,0,1.67055e-07,363063.8534,125831.8407,296.3050792,75.52704499,0,0,0,0,0,1.24744e-05,43498.03602,71177.07952,75.77062492,32.53153808,25999.90478,108177.5562,56.93256783,18.30380821,2.16019e-07,0.487115267,0.060651627,0.542611856,0.022973402,0.396729202,0.010792686,0.111777187,-0.538495917,1.32336e-05,0.603270798,4331,75,375573.7411,151750.4107,0.394261241,154034.4909,0.399678879,6.588629792,20.90847167,0.320475039,6.588629792,20.90847167,0.320475039,0.472520291,38887,0.472520291,38887,0.757089641,195887.5,0.757089641,195887.5,0.425670126,10961.54545,0.425670126,10961.54545,0.601358244,115682,0.601358244,115682,18.7603644434843,18.9576811095702,6.4132006931481,15.3333333333333,0.0013687381307409,14.288631439209,1.65039861642422,1.48389493240254,2.6503848052015,0.000380585445635155,12907.4123369494,0.0003714685140806,0.00324262011424531,43.1085134503498,0.060526264261838,0.320355736119703,0.000596771313892321,0.00103326765091557,86.2945985524548,110.562263118665,1.65039861738286,0.000103505886495052,3.92279505729675,0.000117130543468228,0.00203982272982639,1458304.3,0.300930230443961,0.000112744202642464,0.000736378431637878,0,0.0294081179044238,318856.2765625,0.00329405166836772,0,1.67680360967411e-06,0,0.793033249053308,0.94255205497815,1.19317489875602,5295.62646484375,1.48502052531523,66.744066482173,1.47999846660235,206.621615230721,1457661.35,0,24855.9166666667,3.89293654759725,7580.83333333333,0.823529411764706,0.00844617838812498,24885.6666666667,421.267027304759,0.00222504190455859,0.92554375704597,1.17150635556446e-05,0,0.00146703507337346,0.000371939529227221,0,0.000163074634832389,0,0,0,0,0.00103904304191596,0,0.000806151251543879,6.52764979998271,0,1,0,0,0,0,0,0,0,0.00031554560864337,11,33340.944164813,0.22073351824571,0.000188585910903216,0,0,0,0,2.92694046692419,0.00367523880657958,36.7999992370605,102.973864778213,1.27058822267196,0,2.50664397579845,156.742018547846,207.5
"H21-20818 - 1",1,2,"12/2/2021",19092975,0,"4/1/1964 0:00:00",1,0,57,"Portugal",59,165,21.67125803,"Chronic glomerulonephritis (IgA)",2,1,32.07,0,1,2,1.8,32.45652847,1.56,38.53714652,1.49,40.71979193,1.34,45.9623585805042,1.18,52.87710147,3.4573714447479,0,0,0,0,0,0,0,0,0,1.25,52.87710147,"2/5/2025 0:00:00",38,0,0,0,"12/9/2021 0:00:00",0,1,1,0,2,0,20,0,0," ",0,0," ",0,0,0," ",0,0,0,0,1,1,73,1,0,150,55,24.4444444444444,0,0,"Stroke (unspecified)",1,0.71,89.72282357,0,1.61,93,1,0,0,1,2,2,5,4,0,0,36.94753565,1,1,1,1,36.94753565,0.221370951,16.6666666666667,29,5,0.147058824,1.13927e-07,397082.8966,221941.8738,296.7452379,100.7464638,1.96425e-08,95880.7,33832.73427,157.4912084,33.43829063,1.07013e-05,41696.3772,45363.88268,74.27904851,24.66992767,21512.91719,21283.66879,58.78341803,15.71572333,4.71421e-07,0.4916038,0.045238351,0.446203537,0.025454562,0.331108814,0.022617952,0.101385011,-0.437867311,1.3303e-05,0.668891186,2724,120,411260.2143,164717.7857,0.413483081,164717.7857,0.413483081,6.966717039,19.22375449,0.402545966,6.966717039,19.22375449,0.402545966,0.455586524,42663.81481,0.455586524,42663.81481,0.607763875,448839,0.607763875,448839,0.423079016,15043.69048,0.423079016,15043.69048,0.569362805,139334.25,0.569362805,139334.25,17.0733516866248,18.7881639698698,6.77769821091815,82.4444444444444,0.00147014700677107,22.4716633690728,1.79154200340807,0,2.8138125168527,0.000447220584847929,6716.1993646237,0.000330468293706483,0.00370564900675849,103.341405003178,0.00462411892528901,0.353373602443573,0.000494168073083717,0.00126861564712542,211.871107812704,335.111943845703,1.79154200229736,0.00105250103165145,0,8.68700066497131e-05,0.000483119181608805,98308.2392550143,0.394386994964921,0.000124403281531941,0.00165092737513464,6.90744084558524e-05,0.00148258924317298,24080.2774374888,0.00289702830787588,1.1523175544221,2.71070052791342e-05,0.782565816966151,0.60776387505538,1.15488304356796,0.984364426858092,2475.62174606323,4.92815062684833,105.891381629515,2.59708429174045,140.416079780288,98235.8259312321,0.000386248914359596,11703.46875,4.96845621532864,57209.2222222222,17.288679245283,2.00418896101292,11717.75,3204.5567081236,0.000377994163388282,1.66839769133982,0.000120460622780362,18.5875968933106,0.00119507500805402,0.00325416431707494,1.09780020014898,0.000117643129426747,2.93661038182519,122,0.00158830843446106,5.59999990463257,0.000760995765386084,7.18278723198216,0.0001909025500369,6.22228735685349,4.75148759795485,524,31.3782958984375,92506,281780.5,8752.0732421875,7.17274141311646,112365.5,1.51982240167497,0.000657935230397427,15.78759765625,35507.5481001487,0.246345076135,0.000835030843626778,9.01077800557919,7.17274159721536,6.1302647384523,6.31922361014554,3.09477755641217,0.00126225332595704,899716.5,1302.95443024245,5.14518418559488,5.92663459734901,2.61050297931346,9.8488578017961,1
"H21-20818 - 2",1,2,"12/2/2021",20035459,0,"4/5/1960 0:00:00",0,0,61,"Portugal",67,168,23.73866213,"Diabetic nephropathy",1,1,16.07,0,1,2,1.32,61.3661921,1.42,56.21754542,1.23,66.79312439,1.35,59.3630713984752,1.21,66.86093191,3.7489302557624,0,0,0,0,0,0,0,0,0,1.46,66.86093191,"2/5/2025 0:00:00",38,1,1,0,"12/13/2021 0:00:00",0,1,1,0,2,0,23,0,0," ",0,0," ",0,0,0," ",0,0,0,0,2,1,73,1,0,150,55,24.4444444444444,0,0,"Stroke (unspecified)",1,0.71,89.72282357,0,1.61,93,1,0,0,1,1,2,4,3,0,0,20.0742,1,1,0,0,20.0742,0.480886866,13.6363636363636,37,7,0.159090909,1.3354e-07,310865.6622,134030.8999,262.8874563,87.80381353,2.52643e-08,231951.5,268545.2258,202.9313772,121.192287,1.19211e-05,43891.7413,43699.69426,77.94421684,24.5299066,30083.9146,32562.3551,59.22388252,18.46723114,4.18666e-07,0.438111797,0.041512978,0.523239829,0.023747237,0.297356398,0.012664492,0.079338337,-0.457083503,1.13192e-05,0.702643602,3303,116,338231.8824,121419.5294,0.347700399,121419.5294,0.347700399,7.1149476,22.55242791,0.38389281,7.1149476,22.55242791,0.38389281,0.553137533,223317.6667,0.553137533,223317.6667,0.577926718,2293172,0.577926718,2293172,0.45997275,16510.41667,0.45997275,16510.41667,0.646302316,430124.9167,0.646302316,430124.9167,34.151767960244,17.8110280493203,16.2949322623496,88,0.00176912356084395,20.7844543457031,4.14427427179325,1.03874527756308,2.73940909028553,0.0017422109712969,46994.4323929117,0.000117876086715872,0.0241822357133328,82.8613299434664,0.00175303835428716,3.0734066746218,0.00016680397468219,0.0189829001586332,173.58052838609,409.259074118288,4.14427426717116,0.0978810411141954,3.25661426782608,2.56004597180908e-05,0.000380173297464892,115.4,0.4290587320388,0.000494645909280083,0.000884587035305629,6.98417612361301e-05,0.00049463729339068,15.6660359700521,0.00103341826370709,1.64016303219221,0.00967832913774793,0.430401408918721,0.57792671758268,0.918353129344414,1.28528064368085,3282.1875,2.16216791463237,12.6333333333333,2.72755194720216,168.673407598991,114.1,0.000477965056559901,16510.4166666667,4.89336204528809,54671,36.4754044239023,3.5459951365825,16528.1666666667,8141.16933215742,0.000289057076483664,2.13591875357768,0.0139443101840997,14.0844879150391,0.000514039929267784,0.000886136611675278,1.07658602148557,3.26677685127403e-05,2.48542935755988,87,0.00205494882233767,9.18914794921875,0.000224404355937438,4.36346236322869,0.000120551997259745,5.56304423014323,1.79550218157148,2743,22.39990234375,307337,333638.40625,12889.9052734375,4.82071959972382,65087.5,1.27779018903428,0.000450863111290162,13.181396484375,85634.4392837625,0.175535466129418,0.00050131855595187,5.48348029524114,4.82071960376678,1.61992173410287,7.58157052426153,9.46355335720112,0.000929112361093489,8132559,3368.53783194455,8.12793416085909,3.57327115470371,1.69162778898992,116.484151623287,67.25
"H21-21740 - 1",1,2,"12/17/2021",19715328,0,"2/5/1971 0:00:00",0,0,50,"Portugal",100,173,33.41240937,"Chronic glomerulonephritis (unspecified)",2,1,42.53,0,1,2,2.11,37.42743199,2.86,25.98302651,2,39.91103418,2.28,33.8926988062295,0,0,0,1,1,0,0,0,1,0,0,0,3,0,"2/5/2025 0:00:00",38,0,0,0,"12/27/2021 0:00:00",0,1,0,1,2,0,8,1,3,"2/13/2023",1,3,"2/13/2023 0:00:00",1,0,0," ",0,0,1,0,2,1,55,1,0,165,70,25.7116620752984,1,0,"Stroke (unspecified)",1,0.5,110.695584,0,1.08,59,0,0,0,0,1,2,3,2,0,0,18.82978575,1,0,0,0,18.82978575,0.714370439,0,47,0,0,2.2732e-07,315629.2979,147449.055,265.0919976,84.42445205,0,0,0,0,0,1.14531e-05,47407.26225,41149.62816,86.40044063,31.20176966,0,0,0,0,2.32157e-07,0.413133133,0.071748912,0.54295861,0.010520163,0,0,0.132144348,-0.331156475,1.16731e-05,0,2368,48,329651.2111,121265.0222,0.350140783,125551.3953,0.353453003,7.788744328,22.42669703,0.372074679,7.788744328,22.42669703,0.372074679,0.449031196,33861.61111,0.449031196,33861.61111,0.737283159,134806,0.737283159,134806,0.388404082,12838.42857,0.388404082,12838.42857,0.661226098,107442.75,0.661226098,107442.75,22.8987264483114,31.537871365193,11.4344117593629,96,0.000151729791247199,18.1782970428467,2.25768568659239,2.48793555121452,1.10495046935477,0.000100425830447836,87227.9582435586,0.000464289661617084,0.0010190929477968,162.855764405194,0.00221945973913366,0.704121543121673,0.000416646013411906,0.000290701530935199,313.853599157076,550.143817623003,2.25768568470649,0.00186836852041001,4.80632925033569,0.000139260505192009,0.000134787841582361,44970.8250428816,0.0672953586894435,2.00770238774193e-05,0.00193558012606607,0,0.000621854375771268,9490.43776361325,0.00386627039967751,1.13212295248005,4.87207691460701e-05,0,0.401326107773389,0.469385475714144,1.03683937434599,1431.44580078125,3.50785131035028,68.256595294791,2.37155226935287,106.20853877,44929.0930531732,0,7708.75,3.68798112869263,134866,33.5740740740741,3.73443258410143,7723,532.087036706366,0.000152324368884725,1.69982521622269,0.000212730348389001,0,0.00207061724992666,0.000756486825623177,0,0.000111391638587909,0,0,0,0,0.00112456820546605,0,7.55386767764218e-05,5.29767489433289,0,36.6666666666667,0,0,0,0,0,0,0,0.00072188486323666,5.66356643040975,9717.06979355695,0.211448369474045,0.000277632194709697,0,0,0,0,1.60311344383564,0.000524942839269491,70375.6627604167,188.609890851439,6.0296686505094,0,2.47463652865011,102.591422643416,98
"H22-01782 - 1",1,2,"1/27/2022",19753584,0,"11/11/1971 0:00:00",0,0,50,"Portugal",57,160,22.265625,"ADPKD",4,1,32.37,0,1,2,1.15,77.53388893,1.23,71.5225257,1.41,60.71081192,1.15,77.0531788161621,0.98,92.20504043,7.57593080691895,0,0,0,0,0,0,0,0,0,0.87,92.20504043,"2/5/2025 0:00:00",36,1,1,1,"2/4/2022 0:00:00",0,2,2,1,5,6,15,0,0," ",0,0," ",0,0,0," ",0,0,1,0,1,0,56,1,0,153,74,31.6117732496049,0,0,"Stroke (unspecified)",1,0.8,86.42155879,0,1.09,60,0,0,0,0,2,2,4,3,0,0,8.110896935,0,0,0,1,0,0.199354601,0,32,0,0,1.38656e-07,311558.4688,176734.6473,248.2534595,116.1030033,0,0,0,0,0,1.02042e-05,44720.58408,40884.80868,78.477585,26.72763208,31842.27252,30225.9356,67.39878202,17.11175884,3.11976e-07,0.407546218,0.043199401,0.456337923,0.0415653,0.496472262,0.009945592,0.094665375,-0.372236086,1.15803e-05,0.503527738,2355,72,368508.963,130410.5926,0.348304484,135071.1154,0.349233911,7.482915458,22.15188707,0.391515969,7.482915458,22.15188707,0.391515969,0.521708436,221773.8214,0.521708436,221773.8214,0.642542013,1811085,0.60682394,589351.5,0.456569302,16302.5,0.456569302,16302.5,0.58684757,427245.1429,0.58684757,427245.1429,22.1928652129533,24.3113695728,10.0981976187929,690,0.000673443887589554,35.968994140625,2.25642457853017,2.4411033779271,1.83489846628067,0.00041142652527143,29640.9671256225,0.000441860351623833,0.00256211763649424,194.537914042482,0.000465089250606107,0.895538021496946,0.000424335197534674,0.000737435214094382,419.189557114438,2257.91880516801,2.25642457723301,0.00499021367512237,3.65544279416402,0.000128608883916456,5.50507349342801e-05,26038.32,0.38797029693326,9.83712248418338e-05,0.000484402925184904,0,9.44644861865321e-05,6152.54508769735,0.00385703078094289,1.45473788637177,0.000192408236152124,0,0.642542013211862,0.480281715164733,1.50678455334662,14893.6573079427,2.49032651731767,72.260273250486,2.51645014112797,393.44072717916,26011.2426666667,0,68465.5,4.77774429321289,653379,157.021084337349,2.00380240732633,68506.6666666667,5518.69797719556,2.78736776493455e-05,1.95265468578023,0.000540657907358433,0,0.00209723517016869,0.00311155040973546,0,0.000112964504652773,0,0,0,0,0.00112272575252699,0,2.17047049135703e-05,7.88475539949205,0,2124,0,0,0,0,0,0,0,0.000240141408990458,11.9968986511231,11113.3670809218,0.223920609423825,0.000700462956555515,0,0,0,0,2.10032276728249,0.000126667489691425,3629329,1998.31394919829,9.42851055601993,0,2.21157740234919,43.3530210536821,17
"H22-01981 -1",1,2,"2/1/2022",19747818,0,"1/8/1953 0:00:00",0,0,69,"Portugal",84,177,26.81221871,"Chronic glomerulonephritis (IgA)",2,1,60.97,0,1,2,1.39,54.8772161,1.93,37.01187282,1.39,54.8772161,1.41,53.6100101178243,1.11,70.55360911,8.47179949608785,0,0,0,0,0,0,0,0,0,1.27,70.55360911,"2/5/2025 0:00:00",36,1,0,0,"2/14/2022 0:00:00",0,2,2,1,5,0,24,0,0," ",0,0," ",0,0,0," ",0,0,0,0,1,1,73,1,0,158,53,21.2305720237141,0,0,"Stroke (unspecified)",1,0.91,66.61365754,0,1.63,94,1,0,0,0,1,0,1,3,0,0,20.74889303,1,1,0,0,20.74889303,0.002204885,0,54,0,0,2.17142e-07,338277.5185,149920.4123,285.3353687,73.12410547,0,0,0,0,0,1.3881e-05,45384.09111,43720.65764,79.98385954,25.16134955,22887.05385,20312.94824,61.5606253,18.38242745,4.10157e-07,0.566734736,0.073454262,0.629976766,0.01644204,0.339894738,0.010715604,0.116598367,-0.557126943,1.44297e-05,0.660105262,3452,102,341260.0472,80525.96226,0.228715434,87209.75,0.231963436,5.241896945,23.55720529,0.320914207,5.241896945,23.55720529,0.320914207,0.577526738,101327.3333,0.577526738,101327.3333,0.60682394,589351.5,0.642542013,1811085,0.591535282,10368.5,0.591535282,10368.5,0.566319902,174094.4,0.566319902,174094.4,0,0,0,0,0,0,0,0,0,0,0,0,0,0,0,0,0,0,0,0,0,0,0,0,0,0,0,0,0,0,0,0,0,0,0,0,0,0,0,0,0,0,0,0,0,0,0,0,0,0,0,0,0,0,0,0,0,0,0,0,0,0,0,0,0,0,0,0,0,0,0,0,0,0,0,0,0,0,0,0,0,0,0,0,0,0,0,0,0,0,0,0,0,0,0,0
"H22-03995",1,1,"3/1/2022",20028748,0,"5/23/1996 0:00:00",1,0,25,"Portugal",67,165,24.6097337,"Undetermined",5,2,24.4,0,1,2,0.81,103.2474401,0.77,109.7166263,1.2,64.42342648,0.84,98.2257071938078,1.05,74.22174035,-12.0019834219039,0,1,0,0,0,0,0,0,0,1.04,74.22174035,"2/5/2025 0:00:00",35,1,1,1,"3/8/2022 0:00:00",0,0,1,0,1,0,7,0,0," ",0,0," ",0,0,0," ",0,0,1,0,2,0,50,0,0,170,65,22.4913494809689,1,0,"Head Thrauma",2,0.5,124.2596887,0,0.93,42,0,0,0,0,2,2,4,3,0,0,28.03887646,1,1,1,1,28.03887646,0.277792077,0,10,0,0,1.11974e-07,348561.95,274872.4712,250.6427292,166.7108944,0,0,0,0,0,7.41268e-06,72940.26133,184957.8614,87.42568064,40.64383175,35880.9841,33429.4053,67.99812702,18.90003621,1.79158e-07,0.300865151,0.039029886,0.540682875,0.008552302,0.43587137,0,0.072186282,-0.536796536,8.64256e-06,0.56412863,662,16,435648.75,270284.25,0.613790866,305612.7143,0.58795705,9.939656612,30.35337703,0.29435732,9.939656612,30.35337703,0.29435732,0.373631367,67693.1,0.373631367,67693.1,0.370965033,209635,0.370965033,209635,0.312293574,16441.75,0.312293574,16441.75,0.414523228,101860.6667,0.414523228,101860.6667,40.520796395589,37.0561720789447,31.6345329284668,15,2.20576847703352e-05,13.1968994140625,4.96716573021629,2.35572667129166,2.76083757069828,3.06239272497686e-05,2965539.625,0.000379607359786443,0.000199206909627491,57,0.00120874013740033,2.3035569297235,0.000428818263538713,4.50540670459324e-05,112.712261067433,156.494277086845,4.9671657595443,0.0675420912323701,4.32618594169617,0.000109753868913949,0.000956921137993075,532,0.150064642202087,4.87198051761195e-06,0.00124445489504635,0,0.000312183997346212,86.5309017726353,0.00330981629456458,1.51775527685996,0.00404945072819736,0,0.370965033236674,0.851338559456289,0.880651331184177,6446.4951171875,4.48794865668574,31.0833333333333,2.58581005699703,169.353076179842,532.5,0,19119.5,4.19741058349609,13791,62.9949367088608,3.8721306129943,19146,2068.91291373471,0.00115712699347996,2.19118798956086,0.00665737829698644,0,0.0018930721302886,0.000947863620297921,0,0.000110174251271419,0,0,0,0,0.000957264700881339,0,0.000449343767014695,9.1968994140625,0,227,0,0,0,0,0,0,0,0.000426173849796035,12.9875984191894,47242.824213185,0.149567568113714,0.000319649642071558,0,0,0,0,5.69343221431919,0.00273680296100554,811954.8125,850.825178987712,9.24575116000598,0,2.68320007084259,105.383990128899,64.5
"H22-05628",1,2,"3/23/2022",17025316,0,"7/7/1965 0:00:00",1,0,56,"Portugal",73,150,32.44444444,"ADPKD",4,2,31.8,0,1,2,0.98,67.74212081,0.84,81.50700527,1.12,57.71230932,1.54,39.1385027149538,1.12,56.64550199,8.7534996375231,0,0,0,0,0,0,0,0,0,1.05,56.64550199,"2/5/2025 0:00:00",34,0,0,0,"4/1/2022 0:00:00",0,2,2,2,6,6.25,18,0,0," ",0,0," ",0,0,0," ",0,0,1,0,2,1,60,0,0,180,90,27.7777777777778,0,0,"Head Thrauma",2,1.2,69.23112757,0,0.97,47,0,0,0,1,2,2,5,5,0,0,5.525184921,0,0,0,1,0,1.936645421,11.4285714285714,69,7,0.092105263,1.22624e-07,439638.1377,218100.1985,312.6190802,113.9289404,1.24402e-08,143924.5,76544.00484,165.0860142,64.02594951,8.85029e-06,60656.79006,61552.2268,89.02586051,35.63263272,18549.59996,15924.7358,55.87280097,17.39039989,2.64798e-07,0.489190163,0.053910401,0.536830126,0.053960662,0.302171558,0.013953689,0.100423576,-0.031773462,1.05438e-05,0.697828442,4980,149,466298.2692,137263.6,0.307019615,141343.7619,0.294118958,7.047364134,22.24985842,0.360283589,7.047364134,22.24985842,0.360283589,0.488727091,144094.6944,0.488727091,144094.6944,0.48581398,972945,0.48581398,972945,0.412798779,16095.90909,0.412798779,16095.90909,0.608043009,345235.6429,0.608043009,345235.6429,0,0,0,0,0,0,0,0,0,0,0,0,0,0,0,0,0,0,0,0,0,0,0,0,0,0,0,0,0,0,0,0,0,0,0,0,0,0,0,0,0,0,0,0,0,0,0,0,0,0,0,0,0,0,0,0,0,0,0,0,0,0,0,0,0,0,0,0,0,0,0,0,0,0,0,0,0,0,0,0,0,0,0,0,0,0,0,0,0,0,0,0,0,0,0,0
"H22-08315 - 1",1,2,"5/4/2022",14028897,0,"3/28/1957 0:00:00",0,0,65,"Portugal",89,173,29.73704434,"Hypertensive Nephrosclerosis",3,1,87.73,0,1,2,1.78,41.81285858,2.41,29.06654493,1.37,57.24653194,1.3,60.5871929773098,0,0,0,0,0,0,0,0,0,0,0,0,1.3,0,"2/5/2025 0:00:00",33,1,1,1,"5/12/2022 0:00:00",0,1,2,2,5,0,17,0,0," ",1,6," ",0,1,1,"9/28/2023 0:00:00",1,0,0,0,1,1,65,1,0,165,70,25.7116620752984,0,1,"Head Thrauma",2,0.56,101.2182156,0,1.38,83,0,0,0,1,2,2,5,3,0,0,35.40493096,1,1,1,1,35.40493096,0.403629111,16.2162162162162,62,12,0.162162162,8.53158e-08,419818.1532,181191.2068,316.5428726,81.35414514,1.65127e-08,130202.5,49082.8477,168.4960261,34.4202827,7.04819e-06,69438.79529,80564.09433,92.76139818,37.22615866,60534.59909,96432.4279,75.34156239,30.08484209,2.76588e-07,0.40559924,0.035817138,0.489417766,0.057718794,0.712169015,0.026309238,0.073183159,-0.227429304,7.3754e-06,0.287830985,5122,201,419818.1532,161884.371,0.392340716,163069.05,0.393417766,7.636996229,33.16857648,0.282412667,7.636996229,33.16857648,0.282412667,0.466594572,488085.9286,0.466594572,488085.9286,0.589897743,6391430,0.589897743,6391430,0.46930828,14056.95,0.46930828,14056.95,0.459810302,1673158.375,0.459810302,1673158.375,0,0,0,0,0,0,0,0,0,0,0,0,0,0,0,0,0,0,0,0,0,0,0,0,0,0,0,0,0,0,0,0,0,0,0,0,0,0,0,0,0,0,0,0,0,0,0,0,0,0,0,0,0,0,0,0,0,0,0,0,0,0,0,0,0,0,0,0,0,0,0,0,0,0,0,0,0,0,0,0,0,0,0,0,0,0,0,0,0,0,0,0,0,0,0,0
"H22-08315 - 2",1,2,"5/4/2022",19302739,0,"11/29/1951 0:00:00",0,0,70,"Portugal",72,174,23.78121284,"Chronic glomerulonephritis (IgA)",2,1,64.1,0,1,2,1.48,50.58185659,1.36,55.98376915,1.28,60.20836874,1.32,57.6659032963116,1.35,55.43770963,-1.1140968331558,0,0,0,0,0,0,0,0,0,1.2,55.43770963,"2/5/2025 0:00:00",33,1,1,0,"5/27/2022 0:00:00",0,2,2,0,4,6,18,0,0," ",0,0," ",0,0,0," ",0,0,0,0,2,1,65,1,0,165,70,25.7116620752984,0,1,"Head Thrauma",2,0.56,101.2182156,0,1.38,83,0,0,0,1,1,2,4,3,0,0,21.9225,1,1,0,0,21.9225,0.076145337,12.8205128205128,110,9,0.075630252,1.60586e-07,283538.8409,276097.5121,202.3754727,153.1567375,1.31389e-08,155705.7778,59665.68794,193.6080498,42.84118924,6.60301e-06,75039.79836,81563.66199,90.83599727,37.40281265,85439.8235,119777.3659,77.56039541,37.42446409,2.64237e-07,0.506627688,0.045532409,0.495488553,0.026540375,0.239506121,0.018065522,0.091893967,0.003041994,5.52702e-06,0.760493879,4523,181,419875.1781,113677.5342,0.269303724,125404.8308,0.267891798,6.375502921,30.8868537,0.299397548,6.375502921,30.8868537,0.299397548,0.415069647,82750.58333,0.415069647,82750.58333,0.547504774,458273,0.547504774,458273,0.384718924,15708.75,0.384718924,15708.75,0.453008051,166552.875,0.453008051,166552.875,0,0,0,0,0,0,0,0,0,0,0,0,0,0,0,0,0,0,0,0,0,0,0,0,0,0,0,0,0,0,0,0,0,0,0,0,0,0,0,0,0,0,0,0,0,0,0,0,0,0,0,0,0,0,0,0,0,0,0,0,0,0,0,0,0,0,0,0,0,0,0,0,0,0,0,0,0,0,0,0,0,0,0,0,0,0,0,0,0,0,0,0,0,0,0,0
"H22-11514 - 2",1,2,"6/22/2022",6004348,0,"8/28/1978 0:00:00",1,0,43,"Portugal",53,161,20.44674202,"Lupus",2,1,70.7,0,1,2,0.79,95.12412369,0.79,95.12412369,0.85,87.12453389,0.91,79.7797186017522,0.95,74.8293253,-2.4751966508761,0,0,0,0,0,0,0,0,0,0.83,74.8293253,"2/5/2025 0:00:00",32,1,1,1,"7/8/2022 0:00:00",0,0,0,0,0,14,17,0,0," ",0,0," ",0,0,0," ",0,0,1,0,2,0,41,0,0,170,80,27.681660899654,1,1,"Anoxia",5,0.96,101.8386339,0,1.1,62,0,0,0,1,1,2,4,4,0,0,10.03127438,0,0,0,0,10.03127438,0.546324991,7.89473684210526,70,5,0.066666667,1.24103e-07,570139.3071,244606.914,355.1083922,111.2904876,8.8645e-09,193899.7,55849.31745,214.6648296,37.38196004,1.2233e-05,39168.1163,33609.54802,77.32157941,26.45954849,33958.71053,47752.71803,65.75914177,22.12124113,3.43942e-07,0.39009449,0.070755966,0.479143741,0.04599502,0.722029176,0,0.147671691,-0.265896932,1.24081e-05,0.277970824,6900,194,578401.1087,219482.7101,0.376975301,225412.4627,0.367399172,8.294711853,27.85096317,0.303214094,8.294711853,27.85096317,0.303214094,0.433103065,305776.9737,0.433103065,305776.9737,0.626170846,2628740.5,0.626170846,2628740.5,0.276057958,14944.4,0.276057958,14944.4,0.607597629,628924.2778,0.607597629,628924.2778,0,0,0,0,0,0,0,0,0,0,0,0,0,0,0,0,0,0,0,0,0,0,0,0,0,0,0,0,0,0,0,0,0,0,0,0,0,0,0,0,0,0,0,0,0,0,0,0,0,0,0,0,0,0,0,0,0,0,0,0,0,0,0,0,0,0,0,0,0,0,0,0,0,0,0,0,0,0,0,0,0,0,0,0,0,0,0,0,0,0,0,0,0,0,0,0
"H22-12296 - 1",1,2,"7/5/2022",21010063,0,"3/5/1960 0:00:00",0,0,62,"Portugal",78,172,26.36560303,"Chronic glomerulonephritis (FSGS)",2,1,22.03,0,1,2,1.07,78.46145399,1.37,58.32465849,1.18,69.76835388,1.03,81.6227472013853,0.92,92.3141913,5.34572204930735,0,0,0,0,0,0,0,0,0,1.08,92.3141913,"2/5/2025 0:00:00",31,1,1,1,"7/12/2022 0:00:00",0,1,1,0,2,0,19,0,0," ",0,0," ",0,0,0," ",0,0,0,0,1,1,75,0,0,170,90,31.1418685121107,1,0,"Stroke (unspecified)",1,0.61,100.1669391,0,1.38,83,0,0,0,1,2,2,5,5,0,0,6.142382157,0,0,0,1,0,0.775050864,1.92307692307692,103,2,0.019047619,1.697e-07,362605.7961,188395.5134,283.2199354,98.83433343,3.29514e-09,140200.5,5245,187.5976033,0.373139095,1.14325e-05,36779.22669,44122.96443,73.73761416,24.62173607,16358.24191,17124.15098,52.4484374,16.4267969,3.06448e-07,0.435191448,0.061534104,0.420478112,0.067779657,0.33602958,0.009469244,0.146343179,-0.372968404,1.38705e-05,0.66397042,6939,186,380558.1582,168167.6327,0.43993631,175782.8172,0.438797003,7.13292306,25.84422988,0.207853875,7.299003583,26.8934831,0.196894569,0.388748595,491166.7895,0.388748595,491166.7895,0.52354239,8073510.5,0.52354239,8073510.5,0.338302384,16619.89286,0.338302384,16619.89286,0.529997988,1819898.1,0.529997988,1819898.1,0,0,0,0,0,0,0,0,0,0,0,0,0,0,0,0,0,0,0,0,0,0,0,0,0,0,0,0,0,0,0,0,0,0,0,0,0,0,0,0,0,0,0,0,0,0,0,0,0,0,0,0,0,0,0,0,0,0,0,0,0,0,0,0,0,0,0,0,0,0,0,0,0,0,0,0,0,0,0,0,0,0,0,0,0,0,0,0,0,0,0,0,0,0,0,0
"H22-15750 - 1",1,2,"8/30/2022",14022977,0,"9/18/1962 0:00:00",0,0,59,"Portugal",77,172,26.02758248,"ADPKD",4,2,25.47,0,1,2,1.18,71.08230447,1.19,70.36611183,1,86.70016178,1,86.162620779669,1.01,84.08746048,-1.0375801498345,0,0,0,0,0,0,0,0,0,0.98,84.08746048,"2/5/2025 0:00:00",29,1,1,1,"9/16/2022 0:00:00",0,0,2,2,4,2,24,0,0," ",0,0," ",0,0,0," ",0,0,0,0,1,1,60,0,0,170,80,27.681660899654,0,0,"Stroke (unspecified)",1,0.7,105.4847113,0,0.99,50,0,0,0,1,1,2,4,1,0,0,9.859261374,0,0,0,0,0,0.267550494,10,17,2,0.105263158,1.10355e-07,275743.9412,133401.2659,239.4739984,79.75531315,1.29829e-08,107895.25,25355.25,149.5881895,20.58818954,8.93224e-06,42434.10429,38410.53176,76.14870675,27.79027897,21483.43762,21542.62249,56.00775713,15.63703915,3.31064e-07,0.443875104,0.030429652,0.379031722,0.058493603,0.365383641,0.011973906,0.0802826,-0.214968717,1.20174e-05,0.634616359,1376,51,292461.9375,103093.4375,0.363514064,107822.6667,0.352681566,7.191311625,27.19893605,0.328500526,7.191311625,27.19893605,0.328500526,0.477561904,29182.25,0.477561904,29182.25,0.55372705,72805,0.55372705,72805,0.482118816,16732.11111,0.482118816,16732.11111,0.463891168,66532.66667,0.463891168,66532.66667,0,0,0,0,0,0,0,0,0,0,0,0,0,0,0,0,0,0,0,0,0,0,0,0,0,0,0,0,0,0,0,0,0,0,0,0,0,0,0,0,0,0,0,0,0,0,0,0,0,0,0,0,0,0,0,0,0,0,0,0,0,0,0,0,0,0,0,0,0,0,0,0,0,0,0,0,0,0,0,0,0,0,0,0,0,0,0,0,0,0,0,0,0,0,0,0
"H22-15750 - 2",1,2,"8/30/2022",19692052,0,"1/4/1985 0:00:00",0,2,37,"Bangladesh",65,170,22.49134948,"atipical HUS",4,1,89.97,0,3,1,0.99,100.618964,1.12,86.77216785,1.04,94.84229788,0.96,103.756565528121,0.83,113.4665094,4.8549719359395,0,0,0,0,0,0,0,0,0,0.91,113.4665094,"2/5/2025 0:00:00",29,1,1,1,"9/6/2022 0:00:00",0,1,2,2,5,6.38,26,0,0," ",0,0," ",0,0,0," ",0,0,0,0,2,1,60,0,0,170,80,27.681660899654,0,0,"Stroke (unspecified)",1,0.7,105.4847113,0,0.99,50,0,0,0,1,1,2,4,2,0,0,14.2896,0,0,0,0,14.2896,0.10282866,3.7037037037037,110,4,0.035087719,2.23037e-07,360485.5318,188552.0058,287.7551484,105.0756094,8.11043e-09,136453.125,43696.17146,190.3605725,28.58500381,1.10119e-05,41706.75161,40170.09148,78.32705077,27.75092714,29328.50784,30943.08654,60.26392271,16.22503555,2.71699e-07,0.486374171,0.080401527,0.459271971,0.023426155,0.471475342,0.01355602,0.175062996,0.09015416,1.20789e-05,0.528524658,5431,134,367138.0417,128852.8796,0.345894287,139621.2323,0.345813354,6.414629567,25.30783108,0.340431692,6.414629567,25.30783108,0.340431692,0.473289175,140350.6765,0.473289175,140350.6765,0.791666291,800755.5,0.791666291,800755.5,0.365091921,12726.54167,0.365091921,12726.54167,0.732962582,446648.6,0.732962582,446648.6,0,0,0,0,0,0,0,0,0,0,0,0,0,0,0,0,0,0,0,0,0,0,0,0,0,0,0,0,0,0,0,0,0,0,0,0,0,0,0,0,0,0,0,0,0,0,0,0,0,0,0,0,0,0,0,0,0,0,0,0,0,0,0,0,0,0,0,0,0,0,0,0,0,0,0,0,0,0,0,0,0,0,0,0,0,0,0,0,0,0,0,0,0,0,0,0
"H22-15991 - 1",1,2,"9/3/2022",19072146,0,"6/21/1957 0:00:00",1,0,65,"Portugal",81,169,28.36035153,"Diabetic nephropathy",1,1,50.07,0,1,2,2.17,24.67569144,1.99,27.37772267,1.42,41.04639293,1.6,35.3489098434572,1.69,32.69293742,-1.3279862117286,0,0,0,0,0,0,0,0,0,1.29,32.69293742,"2/5/2025 0:00:00",29,0,0,0,"9/20/2022 0:00:00",0,1,0,1,2,36,18,0,0," ",0,0," ",0,0,0," ",0,0,0,0,1,1,74,0,0,175,85,27.7551020408163,1,0,"Stroke (unspecified)",1,0.85,91.18229207,0,1.39,84,0,0,0,1,2,2,5,4,0,0,33.3596,1,1,1,1,33.3596,0.973908728,10.7142857142857,53,8,0.131147541,1.19366e-07,360721.8962,156745.7168,293.2199728,83.56282463,1.80175e-08,74076.125,38059.12494,133.3156506,51.95250037,1.07835e-05,43687.80472,39129.28527,80.93376473,26.04068607,24016.6394,33850.55613,57.88105446,16.13571679,3.13054e-07,0.35939981,0.04305796,0.47110687,0.037328369,0.355850034,0.031673529,0.091397436,-0.448388419,1.22758e-05,0.644149966,4788,139,367249.9135,167106.3846,0.459515474,173171,0.439612181,6.994852046,23.62277427,0.26900458,6.994852046,23.62277427,0.26900458,0.408373927,363534.9474,0.408373927,363534.9474,0.57405512,5234570.5,0.57405512,5234570.5,0.346231544,15891.70833,0.346231544,15891.70833,0.514903727,959494.7857,0.514903727,959494.7857,0,0,0,0,0,0,0,0,0,0,0,0,0,0,0,0,0,0,0,0,0,0,0,0,0,0,0,0,0,0,0,0,0,0,0,0,0,0,0,0,0,0,0,0,0,0,0,0,0,0,0,0,0,0,0,0,0,0,0,0,0,0,0,0,0,0,0,0,0,0,0,0,0,0,0,0,0,0,0,0,0,0,0,0,0,0,0,0,0,0,0,0,0,0,0,0
"H22-15991 - 2",1,2,"9/2/2022",19042317,0,"4/22/1958 0:00:00",1,0,64,"Portugal",64,162,24.38652644,"ADPKD",4,1,60.73,0,1,2,1.4,42.01151821,1.06,58.66174542,0.95,66.90424787,0.83,78.1856949402795,0.74,88.62187467,5.21808986486025,0,0,0,0,0,0,0,0,0,0.7,88.62187467,"2/5/2025 0:00:00",29,1,1,1,"9/16/2022 0:00:00",0,1,1,2,4,8,15,0,0," ",0,0," ",0,0,0," ",0,0,0,0,2,1,74,0,0,175,85,27.7551020408163,1,0,"Stroke (unspecified)",1,0.85,91.18229207,0,1.39,84,0,0,0,1,2,2,5,4,0,0,44.839,1,1,1,1,44.839,2.101312737,13.1578947368421,67,10,0.12987013,2.21539e-07,309987.0672,154360.4484,255.1945091,88.03290517,3.30655e-08,110859.55,31128.04088,165.9399911,29.68197003,1.27137e-05,37164.06528,28221.72365,77.16917292,24.46804979,27899.65206,41737.84614,56.41207037,18.85640738,4.86062e-07,0.40972826,0.068674096,0.472491644,0.036576971,0.308450048,0.011381865,0.145344573,-0.377394158,1.20745e-05,0.691549952,3845,147,333923.0887,151709.1613,0.430177922,151709.1613,0.430177922,7.731958433,32.12288279,0.153120688,7.731958433,32.12288279,0.153120688,0.344861338,81231.78947,0.344861338,81231.78947,0.181646943,753366.5,0.181646943,753366.5,0.326793673,12684.5,0.326793673,12684.5,0.412615083,338284.125,0.412615083,338284.125,0,0,0,0,0,0,0,0,0,0,0,0,0,0,0,0,0,0,0,0,0,0,0,0,0,0,0,0,0,0,0,0,0,0,0,0,0,0,0,0,0,0,0,0,0,0,0,0,0,0,0,0,0,0,0,0,0,0,0,0,0,0,0,0,0,0,0,0,0,0,0,0,0,0,0,0,0,0,0,0,0,0,0,0,0,0,0,0,0,0,0,0,0,0,0,0
"H22-17837 - 1",1,2,"9/30/2022",15031765,0,"4/6/1956 0:00:00",1,0,66,"Portugal",65,156,26.70940171,"Chronic glomerulonephritis (unspecified)",2,2,36.83,0,1,2,0.91,69.57774242,0.95,66.07720699,0.99,62.88655011,1.14,52.7634487949557,1.18,49.99868387,-1.38238246247785,0,0,0,0,0,0,0,0,0,1.44,49.99868387,"2/5/2025 0:00:00",28,1,0,0,"10/14/2022 0:00:00",0,1,1,2,4,4.26,18,0,0," ",0,0," ",0,0,0," ",0,0,0,0,1,1,74,0,0,168,81,28.6989795918367,0,0,"Stroke (unspecified)",1,0.5,107.0301365,0,1.2,71,0,0,0,1,2,2,5,4,0,0,8.069799222,0,0,0,1,0,0.270756563,4.65116279069767,84,4,0.045454545,1.22555e-07,397094.2202,204639.0665,300.1590355,100.5225328,5.83593e-09,164181.125,31591.28558,199.5186022,15.37294244,9.7781e-06,48743.68815,49709.75015,79.75770287,25.34093283,34666.37585,41469.18779,61.13259637,16.92864837,3.67664e-07,0.414728897,0.048665704,0.476620771,0.062916944,0.400773964,0.013061842,0.102105713,0.037401779,1.04569e-05,0.599226036,6702,252,406769.2134,121510.9024,0.308512072,128332.9351,0.297574138,6.062120546,31.24331042,0.262681719,6.061644215,31.22439859,0.263153528,0.371697013,33494.80556,0.371697013,33494.80556,0.509592948,157941,0.509592948,157941,0.322491817,9075.227273,0.322491817,9075.227273,0.449019464,71868.42857,0.449019464,71868.42857,0,0,0,0,0,0,0,0,0,0,0,0,0,0,0,0,0,0,0,0,0,0,0,0,0,0,0,0,0,0,0,0,0,0,0,0,0,0,0,0,0,0,0,0,0,0,0,0,0,0,0,0,0,0,0,0,0,0,0,0,0,0,0,0,0,0,0,0,0,0,0,0,0,0,0,0,0,0,0,0,0,0,0,0,0,0,0,0,0,0,0,0,0,0,0,0
"H22-17837 - 2",1,2,"9/30/2022",97008060,0,"10/6/1954 0:00:00",0,0,67,"Portugal",61,162,23.24340802,"Other",6,1,24.97,0,1,2,0.99,83.49291303,0.88,94.24716747,0.75,98.9084901,0.88,93.6628350343408,0.67,100.4441066,3.3906357828296,0,0,0,0,0,0,0,0,0,0.6,100.4441066,"2/5/2025 0:00:00",28,1,1,1,"10/7/2022 0:00:00",0,1,1,1,3,2.04,22,0,0," ",0,0," ",0,0,0," ",0,0,0,0,2,1,74,0,0,168,81,28.6989795918367,0,0,"Stroke (unspecified)",1,0.5,107.0301365,0,1.2,71,0,0,0,1,2,2,5,4,0,0,43.13689842,1,1,1,1,43.13689842,0.376181439,5,122,10,0.075757576,1.48738e-07,400502.7254,197659.1943,304.620209,103.8576994,1.21917e-08,76385.3,51623.24105,131.9784957,68.50822336,1.06897e-05,46010.06723,43105.56005,83.87295796,25.23817763,26517.00161,24536.39561,64.06758275,15.67714889,2.96258e-07,0.419012635,0.059570111,0.491831697,0.045226887,0.432420049,0.01861559,0.121118894,0.108825785,1.18765e-05,0.567579951,8768,243,427632.4825,123533.0263,0.280785933,132068.8447,0.291851216,5.730889632,28.08813084,0.26624915,5.788016382,28.91459076,0.258631496,0.429717902,1251989.938,0.429717902,1251989.938,0.473295963,7657531.5,0.473295963,7657531.5,0.425799386,19239,0.425799386,19239,0.431024073,1662906.917,0.431024073,1662906.917,0,0,0,0,0,0,0,0,0,0,0,0,0,0,0,0,0,0,0,0,0,0,0,0,0,0,0,0,0,0,0,0,0,0,0,0,0,0,0,0,0,0,0,0,0,0,0,0,0,0,0,0,0,0,0,0,0,0,0,0,0,0,0,0,0,0,0,0,0,0,0,0,0,0,0,0,0,0,0,0,0,0,0,0,0,0,0,0,0,0,0,0,0,0,0,0
"H22-19768 - 1",1,2,"10/27/2022",18012841,0,"11/30/1969 0:00:00",0,0,52,"Portugal",71,165,26.07897153,"Diabetic nephropathy",1,1,52.23,0,3,1,2.06,38.04401082,1.34,63.73840669,1.67,48.94036405,1.5,55.3243655922698,1.43,57.865631,1.2706327038651,0,0,0,0,0,0,0,0,0,1.39,57.865631,"2/5/2025 0:00:00",27,1,1,0,"11/25/2022 0:00:00",0,2,1,1,4,2.13,14,1,0," ",0,0," ",0,0,0," ",0,0,0,0,1,1,76,0,0,165,100,36.7309458218549,1,1,"Stroke (unspecified)",1,0.7,95.49340897,0,1.9,99,1,0,0,1,3,2,6,5,0,0,59.7912,1,1,1,1,59.7912,0.102996562,4.76190476190476,125,6,0.045801527,1.96431e-07,527774.312,263945.0199,343.904048,124.5368612,9.42867e-09,180763.8333,109168.5237,169.2759288,79.20854295,1.06167e-05,52684.65534,48799.85665,88.67513135,31.34288118,16486.5,0,68.46897107,0,4.65148e-07,0.437934908,0.103671018,0.559336145,0.031815573,0.258587427,0,0.185346537,-0.226411715,1.0823e-05,0.741412573,6756,296,583602.6429,94593.94643,0.164200009,101976.5743,0.170607896,5.249203405,33.66226138,0.187173795,5.249203405,33.66226138,0.187173795,0.536605636,177236.5161,0.536605636,177236.5161,0.880649153,2537692,0.880649153,2537692,0.516335585,18869.04167,0.516335585,18869.04167,0.549407773,277258.0789,0.549407773,277258.0789,0,0,0,0,0,0,0,0,0,0,0,0,0,0,0,0,0,0,0,0,0,0,0,0,0,0,0,0,0,0,0,0,0,0,0,0,0,0,0,0,0,0,0,0,0,0,0,0,0,0,0,0,0,0,0,0,0,0,0,0,0,0,0,0,0,0,0,0,0,0,0,0,0,0,0,0,0,0,0,0,0,0,0,0,0,0,0,0,0,0,0,0,0,0,0,0
"H22-19768 - 2",1,2,"10/27/2022",20045515,0,"9/6/1954 0:00:00",0,0,68,"Portugal",85,170,29.41176471,"Chronic glomerulonephritis (unspecified)",2,2,28.4,0,1,2,8.36,6.413030518,3.47,18.42109617,2.68,25.11591975,2.98,21.9760844371814,2.99,21.61734685,-0.179368793590699,1,1,0,0,0,1,1,0,0,2.44,21.61734685,"2/5/2025 0:00:00",27,0,0,0,"12/9/2022 0:00:00",0,1,1,2,4,0,19,1,0," ",0,0," ",0,0,0," ",0,0,0,0,2,1,76,0,0,165,100,36.7309458218549,1,1,"Stroke (unspecified)",1,0.7,95.49340897,0,1.9,99,1,0,0,0,3,2,5,4,0,0,81.22915609,1,1,1,1,0,0.018305018,0,110,0,0,1.54155e-07,514088.85,261775.9949,338.3339363,109.0915474,0,0,0,0,0,1.00187e-05,54144.18604,55312.61126,90.25415984,32.24706871,16947.7879,10250.5065,61.21904716,16.84876066,3.32133e-07,0.444563891,0.07924925,0.542452126,0.035633045,0.496072771,0.009252293,0.146094459,-0.359931014,1.06949e-05,0.503927229,7149,237,523569.9444,132720.8148,0.260864572,137510.8558,0.264446926,5.786862126,36.90210536,0.175805866,5.786862126,36.90210536,0.175805866,0.466846052,202245.62,0.466846052,202245.62,0.503735067,2080857.5,0.503735067,2080857.5,0.392906512,25389.5,0.392906512,25389.5,0.49019538,258094.9211,0.49019538,258094.9211,0,0,0,0,0,0,0,0,0,0,0,0,0,0,0,0,0,0,0,0,0,0,0,0,0,0,0,0,0,0,0,0,0,0,0,0,0,0,0,0,0,0,0,0,0,0,0,0,0,0,0,0,0,0,0,0,0,0,0,0,0,0,0,0,0,0,0,0,0,0,0,0,0,0,0,0,0,0,0,0,0,0,0,0,0,0,0,0,0,0,0,0,0,0,0,0
"H22-20281 - 2",1,2,"11/4/2022",19007473,0,"3/14/1965 0:00:00",1,0,57,"Portugal",51.3,160,20.0390625,"Undetermined",5,2,41.87,0,1,2,0.88,76.60372097,1.05,61.97291343,0.86,78.74644029,0.84,80.499451529777,0.7,98.94831466,9.22443156511149,0,0,0,0,0,0,0,0,0,0.71,98.94831466,"2/5/2025 0:00:00",27,1,1,1,"11/15/2022 0:00:00",0,0,0,0,0,0,22,0,0," ",0,0," ",0,0,0," ",0,0,0,0,2,0,43,0,0,172,63,21.295294753921,0,0,"Head Thrauma",2,0.75,114.8306318,0,0.82,29,0,0,0,0,2,2,4,3,0,0,9.137863306,0,0,0,1,0,0.554741766,0,46,0,0,1.0824e-07,464736.2174,289720.387,319.5963238,123.3272188,0,0,0,0,0,6.66855e-06,79728.6265,82343.13231,103.9856491,39.28930149,0,0,0,0,2.30599e-07,0.413668241,0.050303262,0.531674621,0.039904239,0,0,0.094612871,-0.016096451,6.77679e-06,0,2834,98,504308.2857,120274.2857,0.251735181,125309.475,0.254929402,5.69426625,39.09451075,0.174384933,5.69426625,39.09451075,0.174384933,0.468303016,195807.1364,0.468303016,195807.1364,0.587847235,1025308.5,0.587847235,1025308.5,0.43789381,21467.25,0.43789381,21467.25,0.504794062,405015,0.504794062,405015,0,0,0,0,0,0,0,0,0,0,0,0,0,0,0,0,0,0,0,0,0,0,0,0,0,0,0,0,0,0,0,0,0,0,0,0,0,0,0,0,0,0,0,0,0,0,0,0,0,0,0,0,0,0,0,0,0,0,0,0,0,0,0,0,0,0,0,0,0,0,0,0,0,0,0,0,0,0,0,0,0,0,0,0,0,0,0,0,0,0,0,0,0,0,0,0
"H22-20323 - 1",1,2,"11/6/2022",5011847,0,"3/3/1958 0:00:00",0,0,64,"Portugal",95,178,29.98358793,"Diabetic nephropathy",1,2,24.17,0,1,2,0.88,96.02212868,2.39,29.5418296,1.17,69.61323812,1.35,58.2657498719751,1.35,57.54549431,-0.36012778098755,0,0,0,0,0,0,0,0,0,1.32,57.54549431,"2/5/2025 0:00:00",27,1,1,0,"11/14/2022 0:00:00",0,1,2,2,5,0,12,0,0," ",0,0," ",0,0,0," ",0,0,0,0,1,1,61,0,0,169,71,24.8590735618501,1,0,"Head Thrauma",2,0.6,109.8263225,0,1.09,60,0,0,0,0,1,2,3,3,0,0,5.288717648,0,0,0,0,0,0.065643059,0,100,1,0.00990099,1.48387e-07,424151.32,219973.758,308.9030604,102.2748712,1.48387e-09,241075.5,0,232.4069706,0,1.02372e-05,55181.94282,66385.44026,84.23357816,30.37701219,37212.7,87232.25176,52.89112356,22.57275013,1.67677e-07,0.460887067,0.062938406,0.564908423,0.023265339,0.528252661,0,0.111413468,-0.392429538,1.04226e-05,0.471747339,6899,113,440907.4635,113947.5104,0.251700907,118949.1758,0.256097638,6.467513194,19.01292242,0.291933086,6.467513194,19.01292242,0.291933086,0.448259142,68303.92857,0.448259142,68303.92857,0.498872852,338915.5,0.498872852,338915.5,0.436089827,17605.7,0.436089827,17605.7,0.478682431,195049.5,0.478682431,195049.5,0,0,0,0,0,0,0,0,0,0,0,0,0,0,0,0,0,0,0,0,0,0,0,0,0,0,0,0,0,0,0,0,0,0,0,0,0,0,0,0,0,0,0,0,0,0,0,0,0,0,0,0,0,0,0,0,0,0,0,0,0,0,0,0,0,0,0,0,0,0,0,0,0,0,0,0,0,0,0,0,0,0,0,0,0,0,0,0,0,0,0,0,0,0,0,0
"H22-20323 - 2",1,2,"11/6/2022",19061301,0,"4/29/1960 0:00:00",1,0,62,"Portugal",56,154,23.61275089,"ADPKD",4,1,25.27,0,1,2,0.61,101.0207349,0.65,99.48621196,0.72,94.47677033,0.69,97.4566268216216,0.56,101.2182156,1.8807943891892,0,0,0,0,0,0,0,0,0,0.66,101.2182156,"2/5/2025 0:00:00",27,1,1,1,"11/14/2022 0:00:00",0,1,2,1,4,0,13,0,0," ",0,0," ",0,0,0," ",0,0,0,0,2,1,61,0,0,169,71,24.8590735618501,1,0,"Head Thrauma",2,0.6,109.8263225,0,1.09,60,0,0,0,1,1,2,4,3,0,0,24.1074,1,1,0,0,24.1074,0.417285862,4.76190476190476,84,5,0.056179775,1.0017e-07,429046.0952,259578.5777,298.1610674,130.4040033,5.96253e-09,155151.8,85280.49887,182.1658892,43.01149632,9.54124e-06,57068.78465,72504.36675,85.24749177,31.95829453,24358.06579,26878.01414,61.35791283,23.11535155,1.87223e-07,0.502226182,0.042977742,0.544506721,0.017876403,0.448595741,0.015042543,0.078929681,-0.475576459,1.09888e-05,0.551404259,8001,157,473421.5789,152582.0658,0.315299737,157794.2329,0.316799306,7.021476032,21.60880667,0.268369744,7.020671381,21.60532317,0.268491865,0.432068772,104320.2917,0.432068772,104320.2917,0.490043485,538980.5,0.490043485,538980.5,0.409664954,24441,0.409664954,24441,0.454472591,184199.5833,0.454472591,184199.5833,0,0,0,0,0,0,0,0,0,0,0,0,0,0,0,0,0,0,0,0,0,0,0,0,0,0,0,0,0,0,0,0,0,0,0,0,0,0,0,0,0,0,0,0,0,0,0,0,0,0,0,0,0,0,0,0,0,0,0,0,0,0,0,0,0,0,0,0,0,0,0,0,0,0,0,0,0,0,0,0,0,0,0,0,0,0,0,0,0,0,0,0,0,0,0,0
"H22-21560 - 2",1,2,"11/23/2022",9020992,0,"1/2/1960 0:00:00",0,0,62,"Portugal",72,155,29.96878252,"Chronic glomerulonephritis (FSGS)",2,1,21.87,0,1,2,2.26,31.98797575,2.83,24.42154651,2.61,26.91214266,2.34,30.4899595791719,2.93,22.9917865,-3.74908653958595,1,1,0,0,0,1,1,0,0,2.95,22.9917865,"2/5/2025 0:00:00",26,0,0,0,"12/22/2022 0:00:00",0,2,2,2,6,0,17,1,0," ",0,0," ",0,0,0," ",0,0,0,0,2,1,74,0,0,155,72,29.9687825182102,1,0,"Meningitis",3,0.9,89.62182486,0,1.54,91,1,0,0,0,1,2,3,3,0,0,10.69233996,0,0,0,0,10.69233996,0.307185965,0,38,0,0,1.06682e-07,371917.1842,249589.6647,274.8201947,135.6147506,0,0,0,0,0,6.85575e-06,54147.4998,55909.62123,86.61057389,30.20711968,20531.94608,24843.24237,56.55418468,17.96903242,3.20047e-07,0.459427235,0.039677024,0.371221663,0.043061238,0.282225201,0.01938164,0.106882296,-0.23863378,1.12164e-05,0.717774799,2442,114,439826.8281,211666.8125,0.475268262,224007.5333,0.481529477,7.954324579,33.97534915,0.256491221,7.954324579,33.97534915,0.256491221,0.433419699,42929.75,0.433419699,42929.75,0.344837947,257473.5,0.344837947,257473.5,0.474984742,17299.88889,0.474984742,17299.88889,0.308724571,119819.3333,0.308724571,119819.3333,0,0,0,0,0,0,0,0,0,0,0,0,0,0,0,0,0,0,0,0,0,0,0,0,0,0,0,0,0,0,0,0,0,0,0,0,0,0,0,0,0,0,0,0,0,0,0,0,0,0,0,0,0,0,0,0,0,0,0,0,0,0,0,0,0,0,0,0,0,0,0,0,0,0,0,0,0,0,0,0,0,0,0,0,0,0,0,0,0,0,0,0,0,0,0,0
"H22-21587",1,2,"11/22/2022",19759661,0,"8/27/1989 0:00:00",0,0,33,"Portugal",75,172,25.35154137,"Alport Syndrome",2,1,51.33,0,3,1,1.13,88.01404339,0.98,104.4178663,1.03,98.36519009,0.91,113.421510528353,0.89,113.8983747,0.238432085823504,0,0,0,0,0,0,0,0,0,0.96,113.8983747,"2/5/2025 0:00:00",26,1,1,1,"11/30/2022 0:00:00",0,1,2,1,4,9,22,0,0," ",0,0," ",0,0,0," ",0,0,1,0,2,0,35,0,0,165,100,36.7309458218549,1,0,"Stroke (unspecified)",1,0.79,118.8094362,0,0.86,34,0,0,0,0,1,2,3,3,0,0,15.10004955,1,0,0,0,15.10004955,5.918214968,0,78,0,0,1.11355e-07,441075.4038,277103.4562,299.0393578,145.2990759,0,0,0,0,0,8.1603e-06,60012.94655,60521.47146,87.50706374,30.83817119,31339.53055,32634.06583,63.88074926,17.5722151,2.25565e-07,0.38535023,0.049115818,0.489723683,0.02428928,0.427565185,0.018506209,0.100292919,0.148169263,9.4156e-06,0.572434815,5716,158,505607.2941,202495.3088,0.407976742,204447.7612,0.403333644,7.04126195,36.41436076,0.193174501,7.04126195,36.41436076,0.193174501,0.482989902,277159.4444,0.482989902,277159.4444,0.45214895,3069990.5,0.45214895,3069990.5,0.383999365,20883.08333,0.383999365,20883.08333,0.532485171,405297.625,0.532485171,405297.625,0,0,0,0,0,0,0,0,0,0,0,0,0,0,0,0,0,0,0,0,0,0,0,0,0,0,0,0,0,0,0,0,0,0,0,0,0,0,0,0,0,0,0,0,0,0,0,0,0,0,0,0,0,0,0,0,0,0,0,0,0,0,0,0,0,0,0,0,0,0,0,0,0,0,0,0,0,0,0,0,0,0,0,0,0,0,0,0,0,0,0,0,0,0,0,0
"H22-21589",1,2,"11/22/2022",1008830,0,"5/27/1974 0:00:00",0,0,48,"Portugal",68.5,164,25.46847115,"Chronic glomerulonephritis (IgA)",2,2,42.4,1,3,1,1.03,89.60377807,1.29,68.39484017,1.23,72.41772171,1.04,88.021745521072,1.22,71.77879641,-8.121474555536,0,1,0,0,0,0,0,0,0,1.14,71.77879641,"2/5/2025 0:00:00",26,1,1,1,"11/29/2022 0:00:00",0,1,2,2,5,54.17,19,0,0," ",0,0," ",0,0,0," ",0,0,1,0,1,0,35,0,0,165,100,36.7309458218549,1,0,"Stroke (unspecified)",1,0.79,118.8094362,0,0.86,34,0,0,0,0,0,0,0,0,0,0,11.93295167,0,0,0,0,11.93295167,0.0044762,0,43,0,0,1.74306e-07,381874.1512,169555.1019,290.0099771,97.60446611,0,0,0,0,0,1.26878e-05,42251.1107,36728.90125,83.80382191,28.18365616,10616.5,2113.370679,46.67102403,8.6928428,3.85094e-07,0.480077391,0.066562853,0.536075155,0.030164592,0.213889253,0,0.124167018,-0.409100684,1.2868e-05,0.786110747,3130,95,410457.6125,148511.125,0.35863221,151225.1795,0.356191728,5.635348036,23.22390187,0.305938133,5.635348036,23.22390187,0.305938133,0.522671881,147734.6923,0.522671881,147734.6923,0.684122369,1302075,0.684122369,1302075,0.456805728,13783.11111,0.456805728,13783.11111,0.670870725,449125.75,0.670870725,449125.75,0,0,0,0,0,0,0,0,0,0,0,0,0,0,0,0,0,0,0,0,0,0,0,0,0,0,0,0,0,0,0,0,0,0,0,0,0,0,0,0,0,0,0,0,0,0,0,0,0,0,0,0,0,0,0,0,0,0,0,0,0,0,0,0,0,0,0,0,0,0,0,0,0,0,0,0,0,0,0,0,0,0,0,0,0,0,0,0,0,0,0,0,0,0,0,0
"H22-21858 - 1",1,2,"11/28/2022",20039027,0,"6/14/1956 0:00:00",0,0,66,"Portugal",79,170,27.33564014,"Undetermined",5,1,26.33,0,1,2,2.43,28.60127057,1.9,38.42452731,2.24,31.53662636,1.91,37.9465071276684,1.99,35.67682025,-1.1348434388342,0,0,0,0,0,0,0,0,0,2.1,35.67682025,"2/5/2025 0:00:00",26,0,0,0,"12/9/2022 0:00:00",0,2,2,0,4,7,17,1,0," ",0,0," ",0,0,0," ",0,0,0,0,1,1,69,0,0,170,70,24.2214532871972,0,0,"Head Thrauma",2,0.97,84.50526166,0,1.2,71,0,0,0,1,2,2,5,3,0,0,36.8358,1,1,1,1,36.8358,0.422746881,7.14285714285714,79,5,0.05952381,1.3509e-07,476853.2975,192379.8637,345.0099476,86.84467048,8.55001e-09,85297.9,54695.28976,131.6660297,57.80360392,1.36561e-05,40769.29045,38417.62686,80.7675571,25.41437044,30227.57221,30681.57422,67.24466701,18.74719331,3.4713e-07,0.532115991,0.064418157,0.556748267,0.024296305,0.328305571,0.018655143,0.11570428,0.154778516,1.29551e-05,0.671694429,7986,203,482964.2756,104431.7436,0.215003629,107516.8933,0.214123874,5.677750005,24.22791473,0.349868316,5.691037768,24.08221967,0.353012848,0.39861813,279007.5938,0.39861813,279007.5938,0.427772107,2105886,0.427772107,2105886,0.331912069,21960.07143,0.331912069,21960.07143,0.450500623,478933.4444,0.450500623,478933.4444,0,0,0,0,0,0,0,0,0,0,0,0,0,0,0,0,0,0,0,0,0,0,0,0,0,0,0,0,0,0,0,0,0,0,0,0,0,0,0,0,0,0,0,0,0,0,0,0,0,0,0,0,0,0,0,0,0,0,0,0,0,0,0,0,0,0,0,0,0,0,0,0,0,0,0,0,0,0,0,0,0,0,0,0,0,0,0,0,0,0,0,0,0,0,0,0
"H22-21858 - 2",1,2,"11/28/2022",20034874,0,"3/1/1967 0:00:00",1,0,55,"Portugal",57.5,160,22.4609375,"ADPKD",4,1,29.1,0,1,2,1.28,49.47423913,1.09,59.99558466,1.4,44.43011574,0.76,91.9080959784134,0.94,70.33550992,-10.7862930292067,0,1,0,0,0,0,0,0,0,0.85,70.33550992,"2/5/2025 0:00:00",26,1,1,1,"12/5/2022 0:00:00",0,2,1,1,4,2.27,21,0,0," ",0,0," ",0,0,0," ",0,0,0,0,2,1,69,0,0,170,70,24.2214532871972,0,0,"Head Thrauma",2,0.97,84.50526166,0,1.2,71,0,0,0,1,2,2,5,4,0,0,15.12620772,1,0,0,1,0,0.544742023,11.1111111111111,53,6,0.101694915,1.32186e-07,390016.9717,206836.0933,291.652849,113.7273825,1.49644e-08,133430.9167,7223.589709,184.1927555,6.784454784,1.13655e-05,53195.62245,55975.39744,86.40186948,28.11158814,29366.46701,33782.28423,64.67866149,22.94256571,4.33968e-07,0.53735541,0.051554627,0.604593118,0.021166188,0.315949689,0.016206232,0.085271608,-0.16234032,1.11125e-05,0.684050311,4557,174,412645.13,112931.06,0.312400465,119151.7447,0.285282848,6.338486192,25.84845211,0.32259333,6.338486192,25.84845211,0.32259333,0.411614278,165493.9286,0.411614278,165493.9286,0.487278084,1095174.5,0.487278084,1095174.5,0.366406186,12807.9,0.366406186,12807.9,0.436729884,250319.5,0.436729884,250319.5,0,0,0,0,0,0,0,0,0,0,0,0,0,0,0,0,0,0,0,0,0,0,0,0,0,0,0,0,0,0,0,0,0,0,0,0,0,0,0,0,0,0,0,0,0,0,0,0,0,0,0,0,0,0,0,0,0,0,0,0,0,0,0,0,0,0,0,0,0,0,0,0,0,0,0,0,0,0,0,0,0,0,0,0,0,0,0,0,0,0,0,0,0,0,0,0
"H22-22159 - 1",1,2,"12/1/2022",19340835,0,"11/24/1967 0:00:00",1,0,55,"Portugal",62,170,21.4532872,"ADPKD",4,2,22.87,0,1,2,1.59,38.13770352,1.43,43.31395515,1.63,37.01740429,1.32,47.3850520913361,1.43,42.51330022,-2.43587593566805,0,0,0,0,0,0,0,0,0,1.3,42.51330022,"2/5/2025 0:00:00",26,0,0,0,"12/7/2022 0:00:00",0,1,2,0,3,33,11,0,0," ",0,0," ",0,0,0," ",0,0,0,0,1,1,70,1,0,165,63,23.1404958677686,0,0,"Stroke (unspecified)",1,0.57,97.70147335,0,1.3,78,0,0,0,2,1,0,3,4,0,0,7.267948495,0,0,0,0,7.267948495,0.169177325,33.3333333333333,12,0,0,7.48897e-08,407021.9583,123078.1026,326.6404153,55.39138689,0,0,0,0,0,7.7698e-06,69796.70402,81848.30545,89.96740934,32.57394732,32446.36012,45351.90923,64.31982402,19.86011123,1.24816e-07,0.399113885,0.03048174,0.542306655,0.015541791,0.433275527,0.013322167,0.056207571,-0.202933383,1.07582e-05,0.566724473,1245,20,407021.9583,194930.8333,0.493739613,198524.7273,0.512235262,7.732590692,28.80350588,0.251942882,7.732590692,28.80350588,0.251942882,0.36872073,252786.4,0.36872073,252786.4,0.376610981,1181139.5,0.376610981,1181139.5,0.366748167,20698.125,0.366748167,20698.125,0.376610981,1181139.5,0.376610981,1181139.5,0,0,0,0,0,0,0,0,0,0,0,0,0,0,0,0,0,0,0,0,0,0,0,0,0,0,0,0,0,0,0,0,0,0,0,0,0,0,0,0,0,0,0,0,0,0,0,0,0,0,0,0,0,0,0,0,0,0,0,0,0,0,0,0,0,0,0,0,0,0,0,0,0,0,0,0,0,0,0,0,0,0,0,0,0,0,0,0,0,0,0,0,0,0,0,0
"H22-22159 - 2",1,2,"12/1/2022",21023646,0,"6/25/1956 0:00:00",0,0,66,"Portugal",74,167,26.53375883,"Diabetic nephropathy",1,2,26,0,1,2,1.41,54.96040439,1.8,41.00018805,1.43,54.03928694,1.79,41.0192967104176,1.42,53.48891872,6.2348110047912,0,0,0,0,0,0,0,0,0,1.63,53.48891872,"2/5/2025 0:00:00",26,0,0,0,"12/8/2022 0:00:00",0,2,2,0,4,18,15,0,0," ",0,0," ",0,0,0," ",0,0,0,0,2,1,70,1,0,165,63,23.1404958677686,0,0,"Stroke (unspecified)",1,0.57,97.70147335,0,1.3,78,0,0,0,0,2,2,4,3,0,0,27.81367176,1,1,1,1,27.81367176,1.026454531,0,53,0,0,2.51226e-07,325314.4717,148674.6714,281.4310551,77.12300205,0,0,0,0,0,1.21821e-05,39213.35681,34489.80128,77.31273013,24.70774168,38941.82228,42754.63899,63.34715502,18.28598812,2.32265e-07,0.292293725,0.081727399,0.477700361,0.012586703,0.375013492,0.008688519,0.171085069,-0.023322541,1.18421e-05,0.624986508,2570,49,325314.4717,157812.9245,0.480675018,167131.898,0.479264152,7.413850687,29.23390373,0.181571494,7.413850687,29.23390373,0.181571494,0.287986619,85640.1875,0.287986619,85640.1875,0.442664957,309779,0.442664957,309779,0.202039835,14773.625,0.202039835,14773.625,0.373933403,156506.75,0.373933403,156506.75,0,0,0,0,0,0,0,0,0,0,0,0,0,0,0,0,0,0,0,0,0,0,0,0,0,0,0,0,0,0,0,0,0,0,0,0,0,0,0,0,0,0,0,0,0,0,0,0,0,0,0,0,0,0,0,0,0,0,0,0,0,0,0,0,0,0,0,0,0,0,0,0,0,0,0,0,0,0,0,0,0,0,0,0,0,0,0,0,0,0,0,0,0,0,0,0
"H22-22273",1,2,"12/3/2022",20019160,0,"5/28/1977 0:00:00",0,0,45,"Portugal",80,177,25.53544639,"ADPKD",4,2,22.23,0,1,2,1.51,57.68483801,1.64,52.24219266,1.61,53.41250702,1.4,62.7739364989758,1.42,60.95158142,-0.911177539487902,0,0,0,0,0,0,0,0,0,1.39,60.95158142,"2/5/2025 0:00:00",26,1,1,1,"12/9/2022 0:00:00",0,1,1,2,4,2,13,0,0," ",0,0," ",0,0,0," ",0,0,1,0,1,0,45,1,0,165,75,27.5482093663912,0,0,"Head Thrauma",2,1.04,67.54623648,0,0.86,33,0,0,0,1,1,2,4,4,0,0,18.58578277,1,0,0,0,18.58578277,0.21682725,7.69230769230769,25,1,0.038461538,8.25111e-08,342004.34,123628.0159,288.7354618,59.51565405,3.30044e-09,83184,0,143.8923209,0,9.49538e-06,57706.25287,109503.3142,83.07513204,32.51717039,33755.74196,48574.56407,66.48955314,19.53878505,1.28717e-07,0.484014321,0.028219155,0.547942658,0.016836042,0.414619353,0.005167554,0.051500197,-0.567748354,1.1033e-05,0.585380647,2877,39,342004.34,136048.24,0.411660738,136048.24,0.411660738,8.14657216,21.17983609,0.404215701,8.14657216,21.17983609,0.404215701,0.511905436,145823.4444,0.511905436,145823.4444,0.589181239,646885,0.589181239,646885,0.467248588,19389.21429,0.467248588,19389.21429,0.668204406,588343.25,0.668204406,588343.25,0,0,0,0,0,0,0,0,0,0,0,0,0,0,0,0,0,0,0,0,0,0,0,0,0,0,0,0,0,0,0,0,0,0,0,0,0,0,0,0,0,0,0,0,0,0,0,0,0,0,0,0,0,0,0,0,0,0,0,0,0,0,0,0,0,0,0,0,0,0,0,0,0,0,0,0,0,0,0,0,0,0,0,0,0,0,0,0,0,0,0,0,0,0,0,0
"H22-22506 - 2",1,2,"12/4/2022",21020180,0,"10/4/1957 0:00:00",0,0,65,"Portugal",69,172,23.32341806,"ADPKD",4,1,62.1,0,1,2,2.09,34.48564228,1.27,62.69738062,1.38,56.74909743,1.2,66.6953198264752,1.24,63.32931891,-1.6830004582376,0,0,0,0,0,0,0,0,0,1.44,63.32931891,"2/5/2025 0:00:00",26,1,1,1,"12/14/2022 0:00:00",0,1,1,1,3,2.17,16,0,0," ",0,0," ",0,0,0," ",0,0,0,0,2,1,78,1,0,162,70,26.6727632982777,1,1,"Head Thrauma",2,0.64,90.40022653,0,1.96,99,1,0,0,1,1,2,4,1,0,0,24.41684343,1,1,0,0,24.41684343,0.662523462,6.81818181818182,83,6,0.06741573,1.7633e-07,347269.4639,143104.6926,289.6056547,68.17163616,1.27468e-08,47529.33333,13136.18691,112.2936313,17.21841166,1.15039e-05,39584.55078,35527.28431,77.29184848,25.88972069,20105.65611,21094.3239,58.64614285,17.21297996,3.08047e-07,0.428214247,0.061234082,0.455378693,0.056177748,0.344562311,0.004328207,0.134468484,-0.394097764,1.34775e-05,0.655437689,5415,145,347269.4639,135073.0482,0.398535344,144144.2368,0.39584089,6.688960231,23.01460459,0.317780105,6.688960231,23.01460459,0.317780105,0.518073193,193063.2,0.518073193,193063.2,0.588207414,771147,0.588207414,771147,0.30575838,16887,0.30575838,16887,0.659616401,310514,0.659616401,310514,27.3398855472604,14.715954245784,12.4985543478276,35.6666666666667,0.00105980545557595,17.3989664713542,2.97443866237107,3.17910514396508,3.60370570327908,0.000826453748627663,36893.4556330226,0.0001461119760789,0.00712685202864405,70.1641880811158,0.00269484629912756,1.67585069455396,0.000190153164718963,0.00400108544969504,139.402470642772,187.815854550371,2.97443866378553,0.130991160581359,3.84330940246582,3.18886270702091e-05,0.000980988457882674,130.625,0.430277426136243,0.000217635852315103,0.000327653604922592,9.90716245050492e-05,0.000853770354505452,16.1499998569488,0.00128218845331073,1.27468751513262,0.0107219580739187,0.61020390204202,0.657325077210234,0.968691558625238,1.58854641112964,17395.1373697917,1.94575327675878,14.625,2.56452220400799,419.104114495654,131.9375,0.000485609504291041,67244.1666666667,5.1397287050883,21237.3333333333,19.6961122047244,2.38872704951826,67290,3020.57261719519,0.000929897350179139,2.15878510225828,0.0160479085357114,14.2953491210938,0.000550554821042247,0.00699996055288708,1.14527461370553,3.94411353194747e-05,2.58704947178984,115,0.00195803389355234,6,0.000279729665381936,3.16709805072696,0.000423501383618477,8.99896621704101,2.39691734945024,629,20.1922464370728,18900,158455.953125,7070.9580078125,4.43900299072266,31310,1.08719829716241,0.000206420511788116,15.5302327473958,77033.7322805511,0.133979876449662,0.0004694773844815,4.37149684545012,4.439003154864,3.41648534154345,4.60346745082944,4.22453534566992,0.00297434489744626,1501349.91666667,987.289549421086,7.52702556286506,3.82481428579946,2.48233183196555,28.8617393793236,9
"H22-23447",1,2,"12/20/2022",9106423,0,"5/8/1990 0:00:00",0,0,32,"Portugal",114,192,30.92447917,"Other",6,1,35.23,0,3,1,1.84,49.33620332,1.5,63.04310602,1.53,61.56266273,1.44,65.7977608848814,1.49,62.37643759,-1.7106616474407,0,0,0,0,0,0,0,0,0,1.43,62.37643759,"2/5/2025 0:00:00",26,1,1,1,"12/27/2022 0:00:00",0,2,2,2,6,0,10,0,0," ",0,0," ",0,0,0," ",0,0,1,0,1,0,27,0,0,183,90,26.8744961031981,0,0,"Head Thrauma",2,0.86,121.7093225,0,0.61,3,0,0,0,0,1,0,1,1,0,0,13.0134007,0,0,0,0,13.0134007,0.01458348,0,70,0,0,1.47849e-07,341952.9857,150139.5251,284.9257102,86.90888317,0,0,0,0,0,1.37436e-05,42427.78646,50338.03744,79.86562927,27.07519191,17586.43662,43471.32843,57.44567172,13.72446713,1.81643e-07,0.440682511,0.050557392,0.583111225,0.033060841,0.57306638,0.001115659,0.086702827,-0.610479851,1.42294e-05,0.42693362,6507,86,351976.3382,117459.9265,0.331470928,123025.2969,0.328728025,7.127791355,21.98925186,0.395779591,7.127791355,21.98925186,0.395779591,0.559267775,115531.381,0.559267775,115531.381,0.790336938,569219,0.790336938,569219,0.484800351,7327.769231,0.484800351,7327.769231,0.680277339,291362.25,0.680277339,291362.25,0,0,0,0,0,0,0,0,0,0,0,0,0,0,0,0,0,0,0,0,0,0,0,0,0,0,0,0,0,0,0,0,0,0,0,0,0,0,0,0,0,0,0,0,0,0,0,0,0,0,0,0,0,0,0,0,0,0,0,0,0,0,0,0,0,0,0,0,0,0,0,0,0,0,0,0,0,0,0,0,0,0,0,0,0,0,0,0,0,0,0,0,0,0,0,0
"H22-23525",1,2,"12/21/2022",20040341,0,"2/1/2000 0:00:00",0,1,22,"Angola",72,180,22.22222222,"Other",6,1,32.5,0,3,1,1.96,48.66871762,2.02,46.93918507,2.17,43.07303838,1.6,61.7038413817542,1.94,48.36064561,-6.6715978858771,0,1,0,0,0,0,0,0,0,1.8,48.36064561,"2/5/2025 0:00:00",26,1,1,1,"12/27/2022 0:00:00",0,2,0,0,2,0,11,0,0," ",0,0," ",0,0,0," ",0,0,1,0,1,0,17,0,0,173,65,21.7180660897457,0,0,"Anoxia",5,1.7,59.5557257,0,0.74,17,0,0,0,0,1,0,1,0,0,0,16.79121949,1,0,0,0,16.79121949,0.70748047,0,24,0,0,1.36997e-07,212781.75,136380.4851,212.7514229,101.4416846,0,0,0,0,0,7.27799e-06,55952.10745,160483.8564,71.48240733,37.08386299,39444.77575,67847.33051,56.44751992,23.75585371,1.5983e-07,0.233981186,0.029150565,0.407218965,0.009697721,0.450400025,0.003456288,0.071584498,-0.434915276,8.17142e-06,0.549599975,1275,28,212781.75,159944.1579,0.669633916,172481.7647,0.611088751,8.591811539,30.62874186,0.149309867,8.591811539,30.62874186,0.149309867,0.366450016,64210.5,0.366450016,64210.5,0.584375603,397416,0.584375603,397416,0.335317789,16609.71429,0.335317789,16609.71429,0.584375603,397416,0.584375603,397416,0,0,0,0,0,0,0,0,0,0,0,0,0,0,0,0,0,0,0,0,0,0,0,0,0,0,0,0,0,0,0,0,0,0,0,0,0,0,0,0,0,0,0,0,0,0,0,0,0,0,0,0,0,0,0,0,0,0,0,0,0,0,0,0,0,0,0,0,0,0,0,0,0,0,0,0,0,0,0,0,0,0,0,0,0,0,0,0,0,0,0,0,0,0,0,0
"XH13-06026 2",0,0,"5/8/2013",0,0," ",0,0,0," ",0,0,0," ",4,0,0,0,0,0,0,0,0,0,0,0,0,0,0,0,0,0,0,0,0,0,0,0,0,0,0,0," ",0,0,0,0," ",0,0,0,0,0,0,0,0,0," ",0,0," ",0,0,0," ",0,0,0,0,0,1,65,0,0,170,80,27.681660899654,1,0,"Stroke (unspecified)",1,0.9,94.78134145,0,1.43,86,1,0,0,2,3,4,9,9,0,0,89.5899,1,1,1,1,89.5899,10.75833736,24,45,13,0.224137931,1.79744e-07,468130.9556,245063.7919,314.5546058,115.5397959,5.1926e-08,202405.5,110626.9266,208.0232126,93.14977987,1.60052e-05,50781.95208,58304.23768,82.7328323,37.32876148,31230.57541,42275.24577,61.31471613,26.00747467,9.7461e-07,0.839412068,0.084143584,0.81277412,0.201181529,0.341595089,0.019540202,0.103526407,-0.538620998,1.51143e-05,0.658404911,4007,244,525425.9359,88658.05128,0.174123273,136008.7727,0.272386006,5.796473516,15.38723402,0.373010472,5.796473516,15.38723402,0.373010472,0.796834506,120161.8214,0.796834506,120161.8214,0.968513888,654829.5,0.968513888,654829.5,0.688710882,15635.5,0.688710882,15635.5,0.90495813,224688.1429,0.90495813,224688.1429,0,0,0,0,0,0,0,0,0,0,0,0,0,0,0,0,0,0,0,0,0,0,0,0,0,0,0,0,0,0,0,0,0,0,0,0,0,0,0,0,0,0,0,0,0,0,0,0,0,0,0,0,0,0,0,0,0,0,0,0,0,0,0,0,0,0,0,0,0,0,0,0,0,0,0,0,0,0,0,0,0,0,0,0,0,0,0,0,0,0,0,0,0,0,0,0
"XH14-13191 2",0,0,"10/1/2014",0,0," ",0,0,0," ",0,0,0," ",0,0,0,0,0,0,0,0,0,0,0,0,0,0,0,0,0,0,0,0,0,0,0,0,0,0,0,0," ",0,0,0,0," ",0,0,0,0,0,0,0,0,0," ",0,0," ",0,0,0," ",0,0,0,0,0,1,65,0,0,170,80,27.681660899654,1,0,"Stroke (unspecified)",1,0.9,94.78134145,0,1.43,86,1,0,0,1,3,2,6,5,0,0,8.416163962,0,0,0,1,0,0.581710019,5.88235294117647,16,1,0.058823529,2.52546e-07,492199.625,240486.1396,338.8349607,99.91243381,1.57841e-08,268487.5,0,232.5510697,0,2.66909e-05,50325.89917,48305.87821,80.7742288,29.97286394,35289.92257,42477.65664,61.50072488,18.97778739,1.70469e-06,0.790543332,0.124303011,1.343245942,0.131152214,0.370042973,0.017027264,0.092539279,-0.295243646,2.27777e-05,0.629957027,1691,108,492199.625,48531.5,0.103052072,75254.85714,0.174861419,4.886459666,22.33697564,0.278949581,4.886459666,22.33697564,0.278949581,0.694399958,64105.41667,0.694399958,64105.41667,0.980845428,1035544,0.980845428,1035544,0.637143804,13127.57895,0.637143804,13127.57895,0.911973342,257821.2,0.911973342,257821.2,0,0,0,0,0,0,0,0,0,0,0,0,0,0,0,0,0,0,0,0,0,0,0,0,0,0,0,0,0,0,0,0,0,0,0,0,0,0,0,0,0,0,0,0,0,0,0,0,0,0,0,0,0,0,0,0,0,0,0,0,0,0,0,0,0,0,0,0,0,0,0,0,0,0,0,0,0,0,0,0,0,0,0,0,0,0,0,0,0,0,0,0,0,0,0,0
"XH16-00908 1",0,0,"1/22/2016",0,0," ",0,0,0," ",0,0,0," ",0,0,0,0,0,0,0,0,0,0,0,0,0,0,0,0,0,0,0,0,0,0,0,0,0,0,0,0," ",0,0,0,0," ",0,0,0,0,0,0,0,0,0," ",0,0," ",0,0,0," ",0,0,0,0,0,1,65,0,0,170,80,27.681660899654,1,0,"Stroke (unspecified)",1,0.9,94.78134145,0,1.43,86,1,0,0,1,1,2,4,6,0,0,14.98746591,0,0,0,0,14.98746591,0.496400228,12.1212121212121,59,7,0.106060606,2.30326e-07,371488.7203,181523.2019,292.1540175,81.87783087,2.73268e-08,98034.85714,39413.26316,140.9483152,36.47309607,1.37883e-05,50516.11283,47283.31148,85.44121358,29.60113833,0,0,0,0,2.6546e-07,0.639853949,0.085563406,0.696531948,0.013211835,0,0,0.122842041,0.175240215,1.4046e-05,0,3532,68,388331.1509,71115.16981,0.187852604,98438.17647,0.233193016,5.411196553,26.756048,0.347815475,5.411196553,26.756048,0.347815475,0.671495355,37330.76087,0.671495355,37330.76087,0.992530156,281102,0.992530156,281102,0.626534118,16677.09375,0.626534118,16677.09375,0.774263895,84539.14286,0.774263895,84539.14286,0,0,0,0,0,0,0,0,0,0,0,0,0,0,0,0,0,0,0,0,0,0,0,0,0,0,0,0,0,0,0,0,0,0,0,0,0,0,0,0,0,0,0,0,0,0,0,0,0,0,0,0,0,0,0,0,0,0,0,0,0,0,0,0,0,0,0,0,0,0,0,0,0,0,0,0,0,0,0,0,0,0,0,0,0,0,0,0,0,0,0,0,0,0,0,0
"XH17-04464 1",0,0,"3/31/2017",0,0," ",0,0,0," ",0,0,0," ",0,0,0,0,0,0,0,0,0,0,0,0,0,0,0,0,0,0,0,0,0,0,0,0,0,0,0,0," ",0,0,0,0," ",0,0,0,0,0,0,0,0,0," ",0,0," ",0,0,0," ",0,0,0,0,0,1,65,0,0,170,80,27.681660899654,1,0,"Stroke (unspecified)",1,0.9,94.78134145,0,1.43,86,1,0,0,1,2,2,5,6,0,0,41.5741,1,1,1,1,41.5741,6.046343742,2.63157894736842,37,1,0.026315789,2.98644e-07,294465.2027,168530.2924,249.4437382,91.84599241,8.07145e-09,362163,0,278.8207309,0,1.64577e-05,44867.82418,42807.81345,79.86753839,32.08385821,29249.5625,23114.80648,57.88562958,12.26800262,7.50645e-07,0.657070476,0.087940144,0.738420425,0.03459911,0.478559107,0,0.119092242,0.079312544,1.67628e-05,0.521440893,2039,93,314672.4848,70922.42424,0.22439412,102800.3636,0.291496855,5.585358323,22.97775613,0.285296728,5.585358323,22.97775613,0.285296728,0.575880511,58612.97826,0.575880511,58612.97826,0.636077536,362893.5,0.636077536,362893.5,0.548797277,12231.95455,0.548797277,12231.95455,0.60070681,101128.9167,0.60070681,101128.9167,0,0,0,0,0,0,0,0,0,0,0,0,0,0,0,0,0,0,0,0,0,0,0,0,0,0,0,0,0,0,0,0,0,0,0,0,0,0,0,0,0,0,0,0,0,0,0,0,0,0,0,0,0,0,0,0,0,0,0,0,0,0,0,0,0,0,0,0,0,0,0,0,0,0,0,0,0,0,0,0,0,0,0,0,0,0,0,0,0,0,0,0,0,0,0,0
"XH17-04464 2",0,0,"3/31/2017",0,0," ",0,0,0," ",0,0,0," ",0,0,0,0,0,0,0,0,0,0,0,0,0,0,0,0,0,0,0,0,0,0,0,0,0,0,0,0," ",0,0,0,0," ",0,0,0,0,0,0,0,0,0," ",0,0," ",0,0,0," ",0,0,0,0,0,1,65,0,0,170,80,27.681660899654,1,0,"Stroke (unspecified)",1,0.9,94.78134145,0,1.43,86,1,0,0,1,1,2,4,6,0,0,22.2403,1,1,0,0,22.2403,6.131063013,8,45,4,0.081632653,3.43936e-07,301712.9778,181709.466,255.6823992,95.82657758,3.05721e-08,215050.375,35224.76933,226.5184274,36.06108765,2.02234e-05,41534.37113,42783.84647,76.66468767,30.56606237,19723.98739,17726.28663,54.36525778,16.0245739,1.06238e-06,0.667168682,0.103769916,0.839967418,0.056066175,0.382344322,0.038950159,0.123540406,-0.162171523,2.0309e-05,0.617655678,2646,139,336051.1622,76329.43243,0.215337151,110524.7917,0.282843224,5.592018078,23.59748669,0.265240469,5.592018078,23.59748669,0.265240469,0.485035322,96228.93333,0.485035322,96228.93333,0.536455834,530571.5,0.536455834,530571.5,0.365626787,9247.214286,0.365626787,9247.214286,0.58951779,172337.9375,0.58951779,172337.9375,0,0,0,0,0,0,0,0,0,0,0,0,0,0,0,0,0,0,0,0,0,0,0,0,0,0,0,0,0,0,0,0,0,0,0,0,0,0,0,0,0,0,0,0,0,0,0,0,0,0,0,0,0,0,0,0,0,0,0,0,0,0,0,0,0,0,0,0,0,0,0,0,0,0,0,0,0,0,0,0,0,0,0,0,0,0,0,0,0,0,0,0,0,0,0,0
"XH17-13729 1",0,0,"10/28/2017",0,0," ",0,0,0," ",0,0,0," ",0,0,0,0,0,0,0,0,0,0,0,0,0,0,0,0,0,0,0,0,0,0,0,0,0,0,0,0," ",0,0,0,0," ",0,0,0,0,0,0,0,0,0," ",0,0," ",0,0,0," ",0,0,0,0,0,1,73,0,0,170,70,24.2214532871972,1,0,"Stroke (unspecified)",1,1.36,54.94891375,0,1.68,95,1,0,0,1,1,2,4,6,0,0,10.5614595,0,0,0,0,10.5614595,4.746998834,13.6363636363636,37,6,0.139534884,4.86059e-07,409955.4595,195835.9336,297.7688467,117.290747,7.88203e-08,265348.8333,152271.0184,238.0642135,73.13865997,3.32228e-05,40703.90826,37419.35733,76.64685246,29.17272813,19656.71832,19977.22128,56.79021963,20.00387271,9.06434e-07,0.778402164,0.199262428,1.352296612,0.024859559,0.286808015,0.011956368,0.147351126,0.008541162,2.15232e-05,0.713191985,2529,69,470893.9828,22679.65517,0.046545511,69172,0.143292029,5.097031916,24.2794984,0.238374169,5.097031916,24.2794984,0.238374169,0.679213665,39390,0.679213665,39390,0.948203534,156232,0.948203534,156232,0.601710423,16273.75,0.601710423,16273.75,0.834220149,85622.5,0.834220149,85622.5,0,0,0,0,0,0,0,0,0,0,0,0,0,0,0,0,0,0,0,0,0,0,0,0,0,0,0,0,0,0,0,0,0,0,0,0,0,0,0,0,0,0,0,0,0,0,0,0,0,0,0,0,0,0,0,0,0,0,0,0,0,0,0,0,0,0,0,0,0,0,0,0,0,0,0,0,0,0,0,0,0,0,0,0,0,0,0,0,0,0,0,0,0,0,0,0
"XH17-13729 2",0,0,"10/28/2017",0,0," ",0,0,0," ",0,0,0," ",0,0,0,0,0,0,0,0,0,0,0,0,0,0,0,0,0,0,0,0,0,0,0,0,0,0,0,0," ",0,0,0,0," ",0,0,0,0,0,0,0,0,0," ",0,0," ",0,0,0," ",0,0,0,0,0,1,73,0,0,170,70,24.2214532871972,1,0,"Stroke (unspecified)",1,1.36,54.94891375,0,1.68,95,1,0,0,1,1,2,4,6,0,0,11.26347718,0,0,0,0,11.26347718,4.340034322,16.6666666666667,32,7,0.179487179,6.38328e-07,428186.75,309834.5711,293.2128663,155.6870741,1.39634e-07,148253.5,118023.8931,151.5277594,75.87712523,4.30872e-05,40929.43796,38722.38239,76.79255769,29.19055896,16919.83424,13947.78102,54.4346986,18.33760961,2.49347e-06,0.782460197,0.273323723,1.763533273,0.121272454,0.235039609,0.007625273,0.154986428,-0.248510187,2.43943e-05,0.764960391,2160,125,496442.2593,18422.85185,0.036493612,115088,0.255196201,4.894836071,23.44485225,0.249798076,4.894836071,23.44485225,0.249798076,0.690615626,36842.20833,0.690615626,36842.20833,0.82921827,154443.5,0.82921827,154443.5,0.654733572,15625,0.654733572,15625,0.762379734,79276.625,0.762379734,79276.625,0,0,0,0,0,0,0,0,0,0,0,0,0,0,0,0,0,0,0,0,0,0,0,0,0,0,0,0,0,0,0,0,0,0,0,0,0,0,0,0,0,0,0,0,0,0,0,0,0,0,0,0,0,0,0,0,0,0,0,0,0,0,0,0,0,0,0,0,0,0,0,0,0,0,0,0,0,0,0,0,0,0,0,0,0,0,0,0,0,0,0,0,0,0,0,0
"XH18-04021 1",0,0,"3/11/2018",0,0," ",0,0,0," ",0,0,0," ",0,0,0,0,0,0,0,0,0,0,0,0,0,0,0,0,0,0,0,0,0,0,0,0,0,0,0,0," ",0,0,0,0," ",0,0,0,0,0,0,0,0,0," ",0,0," ",0,0,0," ",0,0,0,0,0,1,76,0,0,170,70,24.2214532871972,1,0,"Stroke (unspecified)",1,0.9,88.5139593,0,1.59,93,1,0,0,0,1,2,3,5,0,0,26.59771566,1,1,1,1,26.59771566,3.084485806,0,14,0,0,1.73074e-07,309270.7143,254872.6656,213.0583607,73.27194411,0,0,0,0,0,1.60093e-05,31315.97722,35312.66253,64.70671177,23.48795272,16337.95805,15899.16679,51.56596658,20.07282395,8.77732e-07,0.578531506,0.053526701,0.501348113,0.100079289,0.228689101,0.020877848,0.106765539,-0.207582147,1.48082e-05,0.771310899,1295,71,309270.7143,116698.6429,0.279404226,158276.3,0.368256085,7.142825398,35.04212628,0.119673385,7.142825398,35.04212628,0.119673385,0.297586038,24219.77273,0.297586038,24219.77273,0.305443925,108154.5,0.305443925,108154.5,0.304155973,13045,0.304155973,13045,0.268021329,74506.25,0.268021329,74506.25,0,0,0,0,0,0,0,0,0,0,0,0,0,0,0,0,0,0,0,0,0,0,0,0,0,0,0,0,0,0,0,0,0,0,0,0,0,0,0,0,0,0,0,0,0,0,0,0,0,0,0,0,0,0,0,0,0,0,0,0,0,0,0,0,0,0,0,0,0,0,0,0,0,0,0,0,0,0,0,0,0,0,0,0,0,0,0,0,0,0,0,0,0,0,0,0
"XH18-05254 1",0,0,"4/2/2018",0,0," ",0,0,0," ",0,0,0," ",0,0,0,0,0,0,0,0,0,0,0,0,0,0,0,0,0,0,0,0,0,0,0,0,0,0,0,0," ",0,0,0,0," ",0,0,0,0,0,0,0,0,0," ",0,0," ",0,0,0," ",0,0,0,0,0,1,66,0,0,170,70,24.2214532871972,1,0,"Stroke (unspecified)",1,0.9,94.19369713,0,1.36,82,0,0,0,1,3,2,6,4,0,0,58.18872781,1,1,1,1,58.18872781,0.685551414,3.57142857142857,53,2,0.036363636,2.11352e-07,383683.2642,184611.4755,290.5652325,98.99655217,7.97554e-09,241328.25,6616.25,257.5954366,3.404563418,1.60986e-05,59412.09586,69155.06025,85.31016685,32.91286872,25734.43789,23730.43756,59.42445307,17.86563836,4.14728e-07,0.691740381,0.081092108,0.956452674,0.063685717,0.34252332,0.010874713,0.084784234,-0.797900691,1.51532e-05,0.65747668,4037,104,406078.67,60273.16,0.139172461,96586.80769,0.219210225,6.563761343,19.42760784,0.290328094,6.563761343,19.42760784,0.290328094,0.439037838,178898.0882,0.439037838,178898.0882,0.204472661,763510.5,0.204472661,763510.5,0.451045006,20200.78571,0.451045006,20200.78571,0.43063282,289986.2,0.43063282,289986.2,0,0,0,0,0,0,0,0,0,0,0,0,0,0,0,0,0,0,0,0,0,0,0,0,0,0,0,0,0,0,0,0,0,0,0,0,0,0,0,0,0,0,0,0,0,0,0,0,0,0,0,0,0,0,0,0,0,0,0,0,0,0,0,0,0,0,0,0,0,0,0,0,0,0,0,0,0,0,0,0,0,0,0,0,0,0,0,0,0,0,0,0,0,0,0,0
"XH18-05254 2",0,0,"4/2/2018",0,0," ",0,0,0," ",0,0,0," ",0,0,0,0,0,0,0,0,0,0,0,0,0,0,0,0,0,0,0,0,0,0,0,0,0,0,0,0," ",0,0,0,0," ",0,0,0,0,0,0,0,0,0," ",0,0," ",0,0,0," ",0,0,0,0,0,1,66,0,0,170,70,24.2214532871972,1,0,"Stroke (unspecified)",1,0.9,94.19369713,0,1.36,82,0,0,0,1,1,2,4,5,0,0,12.86866493,0,0,0,0,12.86866493,0.624023907,8.82352941176471,33,3,0.083333333,2.45518e-07,495257.6061,353170.3657,316.7498927,145.3697148,2.23199e-08,129367.1667,35789.22945,181.3438733,23.98053951,1.09293e-05,84684.8499,103010.6954,103.3058098,40.3353901,0,0,0,0,2.67838e-07,0.733334694,0.121594861,0.925545221,0.035204483,0,0,0.131376466,-0.754951117,1.11971e-05,0,1469,36,543169.8,61666.86667,0.103958919,110267.0714,0.177015316,6.747062422,17.81117377,0.314819525,6.747062422,17.81117377,0.314819525,0.674825042,19611,0.674825042,19611,0.5238712,38569.5,0.5238712,38569.5,0.794320622,12444.8,0.794320622,12444.8,0.376086091,37526.5,0.376086091,37526.5,0,0,0,0,0,0,0,0,0,0,0,0,0,0,0,0,0,0,0,0,0,0,0,0,0,0,0,0,0,0,0,0,0,0,0,0,0,0,0,0,0,0,0,0,0,0,0,0,0,0,0,0,0,0,0,0,0,0,0,0,0,0,0,0,0,0,0,0,0,0,0,0,0,0,0,0,0,0,0,0,0,0,0,0,0,0,0,0,0,0,0,0,0,0,0,0
"XH18-09538 1",0,0,"6/16/2018",0,0," ",0,0,0," ",0,0,0," ",0,0,0,0,0,0,0,0,0,0,0,0,0,0,0,0,0,0,0,0,0,0,0,0,0,0,0,0," ",0,0,0,0," ",0,0,0,0,0,0,0,0,0," ",0,0," ",0,0,0," ",0,0,0,0,0,1,66,0,0,167,99,35.4978665423644,1,0,"Stroke (unspecified)",1,0.9,94.19369713,0,1.29,78,0,0,0,1,3,2,6,5,0,0,63.9995,1,1,1,1,63.9995,2.344696273,17.8571428571429,51,10,0.163934426,1.46369e-07,360023.7941,182226.7671,281.4157175,98.25446069,2.86997e-08,100715.8,54492.87051,145.793329,56.46862143,1.09116e-05,48043.94503,50105.70548,81.19836964,31.31134386,27934.7563,32413.64153,60.93698629,20.53018703,3.67357e-07,0.448452842,0.052696186,0.524238098,0.028148284,0.322209993,0.008026494,0.100519566,-0.34578217,1.12567e-05,0.677790007,3802,128,379276.7188,165189.4167,0.429752106,174951.8667,0.427724747,7.94934844,22.95522895,0.349585862,7.94934844,22.95522895,0.349585862,0.427235573,142954.3333,0.427235573,142954.3333,0.610936819,1291099.5,0.610936819,1291099.5,0.40288428,12986.75,0.40288428,12986.75,0.455065622,291488.7143,0.455065622,291488.7143,0,0,0,0,0,0,0,0,0,0,0,0,0,0,0,0,0,0,0,0,0,0,0,0,0,0,0,0,0,0,0,0,0,0,0,0,0,0,0,0,0,0,0,0,0,0,0,0,0,0,0,0,0,0,0,0,0,0,0,0,0,0,0,0,0,0,0,0,0,0,0,0,0,0,0,0,0,0,0,0,0,0,0,0,0,0,0,0,0,0,0,0,0,0,0,0
"XH18-09538 2",0,0,"6/16/2018",0,0," ",0,0,0," ",0,0,0," ",0,0,0,0,0,0,0,0,0,0,0,0,0,0,0,0,0,0,0,0,0,0,0,0,0,0,0,0," ",0,0,0,0," ",0,0,0,0,0,0,0,0,0," ",0,0," ",0,0,0," ",0,0,0,0,0,1,66,0,0,167,99,35.4978665423644,1,0,"Stroke (unspecified)",1,0.9,94.19369713,0,1.29,78,0,0,0,1,2,2,5,5,0,0,30.994,1,1,1,1,30.994,0.139120626,5,40,3,0.069767442,1.51642e-07,347916.2875,226249.9789,261.6597765,129.957633,1.13731e-08,73495.83333,54134.12174,106.228807,70.26929554,7.87401e-06,63722.79754,76484.77683,87.76437608,35.38988756,43325.14222,62057.43136,66.4760923,22.89568725,1.93343e-07,0.544416076,0.052758686,0.50175366,0.008578395,0.323861452,0.011655967,0.105148582,-0.288053421,7.76833e-06,0.676138548,2077,51,386452.6111,158418.4444,0.405455316,175671.2188,0.386015785,7.530707141,21.68609475,0.369676822,7.530707141,21.68609475,0.369676822,0.424900995,53270.88889,0.424900995,53270.88889,0.656461184,173292,0.656461184,173292,0.378690194,21511,0.378690194,21511,0.517322598,116790.6667,0.517322598,116790.6667,0,0,0,0,0,0,0,0,0,0,0,0,0,0,0,0,0,0,0,0,0,0,0,0,0,0,0,0,0,0,0,0,0,0,0,0,0,0,0,0,0,0,0,0,0,0,0,0,0,0,0,0,0,0,0,0,0,0,0,0,0,0,0,0,0,0,0,0,0,0,0,0,0,0,0,0,0,0,0,0,0,0,0,0,0,0,0,0,0,0,0,0,0,0,0,0
"XH18-09539 1",0,0,"6/16/2018",0,0," ",0,0,0," ",0,0,0," ",0,0,0,0,0,0,0,0,0,0,0,0,0,0,0,0,0,0,0,0,0,0,0,0,0,0,0,0," ",0,0,0,0," ",0,0,0,0,0,0,0,0,0," ",0,0," ",0,0,0," ",0,0,0,0,0,1,68,0,0,170,70,24.2214532871972,1,0,"Stroke (unspecified)",1,0.9,93.02931609,0,1.4,85,0,0,0,1,2,2,5,5,0,0,30.95348501,1,1,1,1,30.95348501,5.612583896,9.09090909090909,20,1,0.047619048,8.38118e-08,298831.4,113783.6308,266.8032398,69.09979177,0,24715,0,64.93843238,0,9.19835e-06,44489.31959,44783.051,76.55098628,28.09617041,29906.94581,31974.08633,58.10342392,18.35117239,3.43629e-07,0.363161612,0.025045608,0.409228289,0.033055453,0.340076369,0.014667682,0.061202045,0.03773915,9.66849e-06,0.659923631,2195,82,298831.4,133578.1,0.436507099,140239.1053,0.445817368,7.022079688,24.3309525,0.319377701,7.022079688,24.3309525,0.319377701,0.565603109,372914.5,0.565603109,372914.5,0.511582901,1576987.5,0.511582901,1576987.5,0.522805243,7969.5,0.522805243,7969.5,0.587002042,555387,0.587002042,555387,0,0,0,0,0,0,0,0,0,0,0,0,0,0,0,0,0,0,0,0,0,0,0,0,0,0,0,0,0,0,0,0,0,0,0,0,0,0,0,0,0,0,0,0,0,0,0,0,0,0,0,0,0,0,0,0,0,0,0,0,0,0,0,0,0,0,0,0,0,0,0,0,0,0,0,0,0,0,0,0,0,0,0,0,0,0,0,0,0,0,0,0,0,0,0,0
"XH18-09539 2",0,0,"6/16/2018",0,0," ",0,0,0," ",0,0,0," ",0,0,0,0,0,0,0,0,0,0,0,0,0,0,0,0,0,0,0,0,0,0,0,0,0,0,0,0," ",0,0,0,0," ",0,0,0,0,0,0,0,0,0," ",0,0," ",0,0,0," ",0,0,0,0,0,1,68,0,0,170,70,24.2214532871972,1,0,"Stroke (unspecified)",1,0.9,93.02931609,0,1.4,85,0,0,0,3,3,2,8,7,0,0,74.2085,1,1,1,1,74.2085,1.507145458,57.5,17,23,0.575,1.18544e-07,247872.5,153716.8034,235.360831,85.70254532,1.60383e-07,89396.80435,50756.84711,128.8663329,58.73920602,7.98426e-06,47424.85852,57328.14024,77.05097787,31.06158267,16091.39153,14406.62996,52.4512703,15.45377852,5.22987e-07,0.392279896,0.029383712,0.378652582,0.068102646,0.24984601,0.053603678,0.077600718,-0.013912622,1.07142e-05,0.75015399,1145,75,263309.7813,121489.1875,0.424409444,127131.8667,0.426116683,7.616487881,31.18168732,0.196314455,7.616487881,31.18168732,0.196314455,0.412196974,103580.375,0.412196974,103580.375,0.569216277,299989.5,0.569216277,299989.5,0.38541418,9921.666667,0.38541418,9921.666667,0.446631996,223998.7143,0.446631996,223998.7143,0,0,0,0,0,0,0,0,0,0,0,0,0,0,0,0,0,0,0,0,0,0,0,0,0,0,0,0,0,0,0,0,0,0,0,0,0,0,0,0,0,0,0,0,0,0,0,0,0,0,0,0,0,0,0,0,0,0,0,0,0,0,0,0,0,0,0,0,0,0,0,0,0,0,0,0,0,0,0,0,0,0,0,0,0,0,0,0,0,0,0,0,0,0,0,0
"XH18-14173 1",0,0,"9/18/2018",0,0," ",0,0,0," ",0,0,0," ",0,0,0,0,0,0,0,0,0,0,0,0,0,0,0,0,0,0,0,0,0,0,0,0,0,0,0,0," ",0,0,0,0," ",0,0,0,0,0,0,0,0,0," ",0,0," ",0,0,0," ",0,0,0,0,0,1,69,0,0,170,70,24.2214532871972,1,0,"Stroke (unspecified)",1,0.9,92.45253433,0,1.43,86,1,0,0,1,2,2,5,6,0,0,48.2034,1,1,1,1,48.2034,2.161370624,2.5,80,2,0.024390244,2.97375e-07,253936.325,123701.3188,237.4845077,78.84182644,7.43437e-09,128739.75,9147.75,187.6031035,5.43834287,1.76083e-05,42519.86542,58556.30449,73.92361172,28.65089954,23151.03618,30133.1355,52.62756436,17.45847669,6.54224e-07,0.494121926,0.075514239,0.748702528,0.122517277,0.376702268,0.069786132,0.100860136,-0.645380546,1.71517e-05,0.623297732,4737,176,277447.1972,73792.26761,0.249949061,90348.33929,0.293004819,6.23095563,23.15487416,0.257185012,6.23095563,23.15487416,0.257185012,0.393038025,49762.92308,0.393038025,49762.92308,0.328487963,234396,0.328487963,234396,0.461822154,19194.25,0.461822154,19194.25,0.312789874,85426.375,0.312789874,85426.375,0,0,0,0,0,0,0,0,0,0,0,0,0,0,0,0,0,0,0,0,0,0,0,0,0,0,0,0,0,0,0,0,0,0,0,0,0,0,0,0,0,0,0,0,0,0,0,0,0,0,0,0,0,0,0,0,0,0,0,0,0,0,0,0,0,0,0,0,0,0,0,0,0,0,0,0,0,0,0,0,0,0,0,0,0,0,0,0,0,0,0,0,0,0,0,0
"XH18-14173 2",0,0,"9/18/2018",0,0," ",0,0,0," ",0,0,0," ",0,0,0,0,0,0,0,0,0,0,0,0,0,0,0,0,0,0,0,0,0,0,0,0,0,0,0,0," ",0,0,0,0," ",0,0,0,0,0,0,0,0,0," ",0,0," ",0,0,0," ",0,0,0,0,0,1,69,0,0,170,70,24.2214532871972,1,0,"Stroke (unspecified)",1,0.9,92.45253433,0,1.43,86,1,0,0,1,3,2,6,6,0,0,95.061,1,1,1,1,95.061,2.231938152,10.7142857142857,56,6,0.096774194,6.48175e-07,300840.4107,206864.0484,234.0380237,128.4848792,6.94474e-08,92416.83333,58631.90197,139.3552713,63.86659296,3.80224e-05,50255.84612,48725.66252,85.52576172,32.74197502,28261.18765,41063.5126,57.68696731,19.88924332,1.64359e-06,0.722311218,0.194997345,1.910849409,0.14356011,0.253401166,0.043490007,0.102047469,-1.492864729,1.69537e-05,0.746598834,3285,142,387638.3605,77269.5814,0.184190275,91794.05714,0.211601436,5.680862175,21.87327281,0.301707177,5.680862175,21.87327281,0.301707177,0.493285499,100034.2321,0.493285499,100034.2321,0.921883654,762901.5,0.921883654,762901.5,0.460744366,19393.46875,0.460744366,19393.46875,0.536673676,207555.25,0.536673676,207555.25,0,0,0,0,0,0,0,0,0,0,0,0,0,0,0,0,0,0,0,0,0,0,0,0,0,0,0,0,0,0,0,0,0,0,0,0,0,0,0,0,0,0,0,0,0,0,0,0,0,0,0,0,0,0,0,0,0,0,0,0,0,0,0,0,0,0,0,0,0,0,0,0,0,0,0,0,0,0,0,0,0,0,0,0,0,0,0,0,0,0,0,0,0,0,0,0
"XH19-01267 1",0,0,"1/22/2019",0,0," ",0,0,0," ",0,0,0," ",0,0,0,0,0,0,0,0,0,0,0,0,0,0,0,0,0,0,0,0,0,0,0,0,0,0,0,0," ",0,0,0,0," ",0,0,0,0,0,0,0,0,0," ",0,0," ",0,0,0," ",0,0,0,0,0,1,77,0,0,170,70,24.2214532871972,1,0,"Stroke (unspecified)",1,0.9,87.96517275,0,1.62,93,1,0,0,2,3,2,7,6,0,0,69.77234142,1,1,1,1,69.77234142,2.701826199,30.7692307692308,23,8,0.258064516,2.54473e-07,317276.2391,169681.5416,263.284059,97.50041201,8.85124e-08,92855.375,22083.26513,151.5273484,19.08763216,1.81893e-05,36091.37622,40424.61462,70.32718477,29.31278135,25381.53384,43581.43139,59.16954231,22.06391967,6.30651e-07,0.554406469,0.080738263,0.656476633,0.028399495,0.306120412,0.027709565,0.122987261,-0.212045207,1.36971e-05,0.693879588,1644,57,359421.225,112727.45,0.304997705,129132.5882,0.326703717,7.388864935,25.14903326,0.312037324,7.388864935,25.14903326,0.312037324,0.301047702,71822.9,0.301047702,71822.9,0.247647326,469109,0.247647326,469109,0.301992592,16993.5625,0.301992592,16993.5625,0.297268143,291140.25,0.297268143,291140.25,0,0,0,0,0,0,0,0,0,0,0,0,0,0,0,0,0,0,0,0,0,0,0,0,0,0,0,0,0,0,0,0,0,0,0,0,0,0,0,0,0,0,0,0,0,0,0,0,0,0,0,0,0,0,0,0,0,0,0,0,0,0,0,0,0,0,0,0,0,0,0,0,0,0,0,0,0,0,0,0,0,0,0,0,0,0,0,0,0,0,0,0,0,0,0,0
"XH19-01267 2",0,0,"1/22/2019",0,0," ",0,0,0," ",0,0,0," ",0,0,0,0,0,0,0,0,0,0,0,0,0,0,0,0,0,0,0,0,0,0,0,0,0,0,0,0," ",0,0,0,0," ",0,0,0,0,0,0,0,0,0," ",0,0," ",0,0,0," ",0,0,0,0,0,1,77,0,0,170,70,24.2214532871972,1,0,"Stroke (unspecified)",1,0.9,87.96517275,0,1.62,93,1,0,0,3,3,4,10,6,0,0,61.12284772,1,1,1,1,61.12284772,9.708505495,50,8,7,0.466666667,8.40127e-08,229033.125,99454.69301,231.0774853,53.50066168,7.35111e-08,106199.9286,50466.34415,156.3400005,55.00601226,1.298e-05,30927.42193,34627.40979,67.87696886,28.34361131,19889.86172,20338.69367,55.91777542,19.27327958,7.35111e-07,0.53535973,0.019241691,0.401436772,0.336743096,0.273128376,0.016140124,0.04793206,-0.260523602,1.34421e-05,0.726871624,1236,70,229033.125,111991.75,0.47496023,124212.2857,0.491883162,6.941616834,30.24982514,0.215232608,6.941616834,30.24982514,0.215232608,0.292058722,18667.4,0.292058722,18667.4,0.455698468,102426.5,0.455698468,102426.5,0.273876528,9360.833333,0.273876528,9360.833333,0.455698468,102426.5,0.455698468,102426.5,0,0,0,0,0,0,0,0,0,0,0,0,0,0,0,0,0,0,0,0,0,0,0,0,0,0,0,0,0,0,0,0,0,0,0,0,0,0,0,0,0,0,0,0,0,0,0,0,0,0,0,0,0,0,0,0,0,0,0,0,0,0,0,0,0,0,0,0,0,0,0,0,0,0,0,0,0,0,0,0,0,0,0,0,0,0,0,0,0,0,0,0,0,0,0,0
"XH19-08240 1",0,0,"5/29/2019",0,0," ",0,0,0," ",0,0,0," ",0,0,0,0,0,0,0,0,0,0,0,0,0,0,0,0,0,0,0,0,0,0,0,0,0,0,0,0," ",0,0,0,0," ",0,0,0,0,0,0,0,0,0," ",0,0," ",0,0,0," ",0,0,0,0,0,1,58,0,0,170,70,24.2214532871972,1,0,"Stroke (unspecified)",1,0.9,98.99879402,0,1.2,70,0,0,0,1,3,2,6,6,0,0,94.5505,1,1,1,1,94.5505,1.101363504,6.66666666666667,89,5,0.053191489,1.99642e-07,354630.0056,220737.104,274.905601,111.7037633,1.12158e-08,87954.4,64294.87034,130.9049915,67.78114188,9.38767e-06,55389.18065,75797.20901,81.12760733,30.25588565,28856.95066,26670.28244,63.84583118,22.73653386,4.91254e-07,0.509278214,0.070799086,0.519975127,0.077531417,0.196872624,0.026339999,0.136158602,-0.345157843,8.9581e-06,0.803127376,4185,219,378006.8675,56043.22892,0.141768807,71312.55357,0.1666415,4.57135494,35.93978523,0.140493066,4.57135494,35.93978523,0.140493066,0.339732805,121214.6897,0.339732805,121214.6897,0.883985765,2747090.5,0.883985765,2747090.5,0.320636429,15025.89474,0.320636429,15025.89474,0.376015921,322973.4,0.376015921,322973.4,0,0,0,0,0,0,0,0,0,0,0,0,0,0,0,0,0,0,0,0,0,0,0,0,0,0,0,0,0,0,0,0,0,0,0,0,0,0,0,0,0,0,0,0,0,0,0,0,0,0,0,0,0,0,0,0,0,0,0,0,0,0,0,0,0,0,0,0,0,0,0,0,0,0,0,0,0,0,0,0,0,0,0,0,0,0,0,0,0,0,0,0,0,0,0,0
"XH19-08240 2",0,0,"5/29/2019",0,0," ",0,0,0," ",0,0,0," ",0,0,0,0,0,0,0,0,0,0,0,0,0,0,0,0,0,0,0,0,0,0,0,0,0,0,0,0," ",0,0,0,0," ",0,0,0,0,0,0,0,0,0," ",0,0," ",0,0,0," ",0,0,0,0,0,1,58,0,0,170,70,24.2214532871972,1,0,"Stroke (unspecified)",1,0.9,98.99879402,0,1.2,70,0,0,0,1,3,2,6,6,0,0,90.6469,1,1,1,1,90.6469,0.499919681,10.5263157894737,36,4,0.1,2.31186e-07,346595.3194,195899.3397,267.2662281,110.8980362,2.56873e-08,110369.375,79010.57189,133.5132909,76.95583899,1.81417e-05,60035.60655,64187.34274,85.76568445,29.6334529,31201.13855,33115.36036,63.74196298,18.59949656,9.56853e-07,0.644274477,0.080127959,1.089146348,0.088095171,0.285583032,0.026076522,0.073569506,-0.875592517,1.17066e-05,0.714416968,2825,149,377146.6818,32830.90909,0.085258804,42253,0.112765845,4.006786738,30.72057133,0.229208541,4.006786738,30.72057133,0.229208541,0.400689545,114510.7308,0.400689545,114510.7308,0.825077433,633060.5,0.825077433,633060.5,0.33461287,16915.4,0.33461287,16915.4,0.620945129,439828.5,0.620945129,439828.5,0,0,0,0,0,0,0,0,0,0,0,0,0,0,0,0,0,0,0,0,0,0,0,0,0,0,0,0,0,0,0,0,0,0,0,0,0,0,0,0,0,0,0,0,0,0,0,0,0,0,0,0,0,0,0,0,0,0,0,0,0,0,0,0,0,0,0,0,0,0,0,0,0,0,0,0,0,0,0,0,0,0,0,0,0,0,0,0,0,0,0,0,0,0,0,0
"XH19-16710 1",0,0,"11/8/2019",0,0," ",0,0,0," ",0,0,0," ",0,0,0,0,0,0,0,0,0,0,0,0,0,0,0,0,0,0,0,0,0,0,0,0,0,0,0,0," ",0,0,0,0," ",0,0,0,0,0,0,0,0,0," ",0,0," ",0,0,0," ",0,0,0,0,0,1,80,0,0,170,70,24.2214532871972,1,0,"Stroke (unspecified)",1,0.9,86.33914372,0,1.87,95,1,0,0,1,2,2,5,4,0,0,8.310109906,0,0,0,1,0,0.474236244,9.52380952380952,80,7,0.08045977,2.27634e-07,363462.1,179410.9414,277.4836637,100.4918099,1.9918e-08,80480.85714,46811.22481,132.8850158,39.4008848,1.35613e-05,49992.08865,48661.72677,81.16550942,27.79312532,30978.18973,33817.44463,58.81973015,20.20780584,5.34941e-07,0.630838216,0.082736502,0.677958883,0.027089378,0.304095988,0.008318262,0.122037639,-0.101501817,1.35655e-05,0.695904012,4766,188,419598.6406,33621.65625,0.082062298,51166.5,0.135305982,4.723301685,26.14234909,0.235983205,4.723301685,26.14234909,0.235983205,0.637238916,156032.3611,0.637238916,156032.3611,0.996769023,1281354.5,0.996769023,1281354.5,0.559169526,22770.28571,0.559169526,22770.28571,0.910481782,622449.625,0.910481782,622449.625,0,0,0,0,0,0,0,0,0,0,0,0,0,0,0,0,0,0,0,0,0,0,0,0,0,0,0,0,0,0,0,0,0,0,0,0,0,0,0,0,0,0,0,0,0,0,0,0,0,0,0,0,0,0,0,0,0,0,0,0,0,0,0,0,0,0,0,0,0,0,0,0,0,0,0,0,0,0,0,0,0,0,0,0,0,0,0,0,0,0,0,0,0,0,0,0
"XH19-16710 2",0,0,"11/8/2019",0,0," ",0,0,0," ",0,0,0," ",0,0,0,0,0,0,0,0,0,0,0,0,0,0,0,0,0,0,0,0,0,0,0,0,0,0,0,0," ",0,0,0,0," ",0,0,0,0,0,0,0,0,0," ",0,0," ",0,0,0," ",0,0,0,0,0,1,80,0,0,170,70,24.2214532871972,1,0,"Stroke (unspecified)",1,0.9,86.33914372,0,1.7,95,1,0,0,1,3,2,6,5,0,0,11.21988665,0,0,0,1,0,1.788587716,4.25531914893617,91,4,0.042105263,2.99965e-07,412682.044,196127.6746,301.5553736,97.59697654,1.31853e-08,104025.875,31292.67223,158.3278338,23.15808798,2.04405e-05,60664.07458,58283.55721,92.38838359,32.14843507,0,0,0,0,7.02116e-07,0.73787406,0.123790178,1.240002418,0.06732089,0,0,0.099830594,-0.881529685,2.07536e-05,0,6201,213,549115.1176,25026.64706,0.04630355,74821.5,0.124213404,4.429186916,19.74664283,0.371093857,4.429186916,19.74664283,0.371093857,0.719731924,116004.1818,0.719731924,116004.1818,0.961069587,978823,0.961069587,978823,0.680525444,20160.55556,0.680525444,20160.55556,0.746874871,182357.4615,0.746874871,182357.4615,0,0,0,0,0,0,0,0,0,0,0,0,0,0,0,0,0,0,0,0,0,0,0,0,0,0,0,0,0,0,0,0,0,0,0,0,0,0,0,0,0,0,0,0,0,0,0,0,0,0,0,0,0,0,0,0,0,0,0,0,0,0,0,0,0,0,0,0,0,0,0,0,0,0,0,0,0,0,0,0,0,0,0,0,0,0,0,0,0,0,0,0,0,0,0,0
"XH19-17342 1",0,0,"11/19/2019",0,0," ",0,0,0," ",0,0,0," ",0,0,0,0,0,0,0,0,0,0,0,0,0,0,0,0,0,0,0,0,0,0,0,0,0,0,0,0," ",0,0,0,0," ",0,0,0,0,0,0,0,0,0," ",0,0," ",0,0,0," ",0,0,0,0,0,1,83,0,0,170,70,24.2214532871972,1,0,"Stroke (unspecified)",1,0.81,87.48296151,0,1.75,96,1,0,0,0,2,2,4,4,0,0,1.82927877,0,0,0,1,0,0.156208926,0,61,1,0.016129032,1.58651e-07,262131.5082,93073.9934,252.2414373,59.98561257,2.60084e-09,155285,0,194.5507646,0,1.02941e-05,48216.03727,58732.65265,78.55782115,26.67062709,26454.57753,32077.5586,59.31082329,16.98915254,5.25369e-07,0.421588828,0.041587474,0.49634172,0.06170499,0.644107702,0.049870029,0.083787987,-0.316649984,1.0909e-05,0.355892298,3958,202,270930.5763,49195.47458,0.179753252,37166.5,0.142212895,5.808769819,25.0439657,0.387269074,5.808769819,25.0439657,0.387269074,0.55223965,180639,0.55223965,180639,0.94116518,1101229.5,0.94116518,1101229.5,0.232493388,12949.5,0.232493388,12949.5,0.643595725,228550.2857,0.643595725,228550.2857,0,0,0,0,0,0,0,0,0,0,0,0,0,0,0,0,0,0,0,0,0,0,0,0,0,0,0,0,0,0,0,0,0,0,0,0,0,0,0,0,0,0,0,0,0,0,0,0,0,0,0,0,0,0,0,0,0,0,0,0,0,0,0,0,0,0,0,0,0,0,0,0,0,0,0,0,0,0,0,0,0,0,0,0,0,0,0,0,0,0,0,0,0,0,0,0
"XH19-17591 1",0,0,"11/22/2019",0,0," ",0,0,0," ",0,0,0," ",0,0,0,0,0,0,0,0,0,0,0,0,0,0,0,0,0,0,0,0,0,0,0,0,0,0,0,0," ",0,0,0,0," ",0,0,0,0,0,0,0,0,0," ",0,0," ",0,0,0," ",0,0,0,0,0,1,79,0,0,170,80,27.681660899654,0,0,"Stroke (unspecified)",1,1.25,58.57438541,0,1.69,95,1,0,0,1,2,2,5,6,0,0,44.14958693,1,1,1,1,44.14958693,2.18234295,6.89655172413793,54,6,0.1,2.74399e-07,285855.6574,126328.0423,259.4750774,76.06575467,3.04888e-08,121278.6667,39529.00444,169.927897,32.36268149,1.42078e-05,38477.29202,38009.71639,73.6961905,24.23693643,20331.332,21194.34135,56.20085566,16.30346551,6.85997e-07,0.507404319,0.078438443,0.54667609,0.025989393,0.315987115,0.020445081,0.143482483,-0.372860981,1.51384e-05,0.684012885,2796,135,296772.3654,100813.5769,0.337801426,107450.8125,0.341503458,4.938450159,21.82369165,0.329030465,4.938450159,21.82369165,0.329030465,0.392780156,66888.41176,0.392780156,66888.41176,0.474896323,528669,0.474896323,528669,0.41133638,15377.16667,0.41133638,15377.16667,0.371904405,124838.5625,0.371904405,124838.5625,0,0,0,0,0,0,0,0,0,0,0,0,0,0,0,0,0,0,0,0,0,0,0,0,0,0,0,0,0,0,0,0,0,0,0,0,0,0,0,0,0,0,0,0,0,0,0,0,0,0,0,0,0,0,0,0,0,0,0,0,0,0,0,0,0,0,0,0,0,0,0,0,0,0,0,0,0,0,0,0,0,0,0,0,0,0,0,0,0,0,0,0,0,0,0,0
"XH19-17591 2",0,0,"11/22/2019",0,0," ",0,0,0," ",0,0,0," ",0,0,0,0,0,0,0,0,0,0,0,0,0,0,0,0,0,0,0,0,0,0,0,0,0,0,0,0," ",0,0,0,0," ",0,0,0,0,0,0,0,0,0," ",0,0," ",0,0,0," ",0,0,0,0,0,1,79,0,0,170,80,27.681660899654,0,0,"Stroke (unspecified)",1,1.25,58.57438541,0,1.69,95,1,0,0,1,2,2,5,6,0,0,28.81451187,1,1,1,1,28.81451187,0.661761184,13.1578947368421,67,13,0.1625,2.19595e-07,269558.0224,126911.5736,250.8753504,72.10579122,4.26079e-08,118777.1538,108563.5585,148.5937432,82.85468899,1.37591e-05,33208.52454,31038.23902,69.94394389,23.92192968,17909.8056,16573.59666,54.2657558,16.49831514,5.24405e-07,0.379567132,0.059193506,0.456918787,0.023754973,0.314702211,0.023264431,0.129549294,-0.158818387,1.52447e-05,0.685297789,4198,160,273625.7045,139361.5758,0.500431735,148836.1833,0.497608965,7.28208204,24.83315853,0.269439957,7.28208204,24.83315853,0.269439957,0.337273846,28530.57576,0.337273846,28530.57576,0.645251487,114653.5,0.645251487,114653.5,0.304463466,18818.06,0.304463466,18818.06,0.439806285,58882.1875,0.439806285,58882.1875,0,0,0,0,0,0,0,0,0,0,0,0,0,0,0,0,0,0,0,0,0,0,0,0,0,0,0,0,0,0,0,0,0,0,0,0,0,0,0,0,0,0,0,0,0,0,0,0,0,0,0,0,0,0,0,0,0,0,0,0,0,0,0,0,0,0,0,0,0,0,0,0,0,0,0,0,0,0,0,0,0,0,0,0,0,0,0,0,0,0,0,0,0,0,0,0
"XH21-20855 1",0,0,"12/2/2021",0,0," ",0,0,0," ",0,0,0," ",0,0,0,0,0,0,0,0,0,0,0,0,0,0,0,0,0,0,0,0,0,0,0,0,0,0,0,0," ",0,0,0,0," ",0,0,0,0,0,0,0,0,0," ",0,0," ",0,0,0," ",0,0,0,0,0,0,57,0,0,170,80,27.681660899654,0,0,"Anoxia",5,1.6,49.94338153,0,1.04,55,0,0,0,0,1,2,3,5,0,0,21.04812354,1,1,0,0,21.04812354,0.243371724,0,60,0,0,2.40135e-07,449663.325,238725.3583,314.896479,123.0187959,0,0,0,0,0,1.20308e-05,47751.72372,40267.60342,82.2318419,25.18909245,24072.24417,24833.56805,54.45540944,15.78785098,3.08173e-07,0.456113192,0.107979901,0.574489687,0.014877292,0.239494445,0.009265228,0.187957945,-0.109698205,1.1462e-05,0.760505555,3006,77,489398.8455,111293.3091,0.232928955,121397.7755,0.233313,5.323302476,31.71115128,0.20308793,5.323302476,31.71115128,0.20308793,0.332602506,47664.13636,0.332602506,47664.13636,0.444376321,145324.5,0.444376321,145324.5,0.313596052,17466.14286,0.313596052,17466.14286,0.365863801,100510.625,0.365863801,100510.625,0,0,0,0,0,0,0,0,0,0,0,0,0,0,0,0,0,0,0,0,0,0,0,0,0,0,0,0,0,0,0,0,0,0,0,0,0,0,0,0,0,0,0,0,0,0,0,0,0,0,0,0,0,0,0,0,0,0,0,0,0,0,0,0,0,0,0,0,0,0,0,0,0,0,0,0,0,0,0,0,0,0,0,0,0,0,0,0,0,0,0,0,0,0,0,0
"XH21-20855 2",0,0,"12/2/2021",0,0," ",0,0,0," ",0,0,0," ",0,0,0,0,0,0,0,0,0,0,0,0,0,0,0,0,0,0,0,0,0,0,0,0,0,0,0,0," ",0,0,0,0," ",0,0,0,0,0,0,0,0,0," ",0,0," ",0,0,0," ",0,0,0,0,0,0,57,0,0,170,80,27.681660899654,0,0,"Anoxia",5,1.6,49.94338153,0,1.04,55,0,0,0,1,1,2,4,8,0,0,16.13369261,1,0,0,0,16.13369261,4.757289242,8.82352941176471,63,5,0.073529412,3.01974e-07,386500.9524,179792.7771,297.6768311,87.32685961,2.39662e-08,227704.2,50318.33065,245.4788312,26.67477159,1.58033e-05,34282.38232,38088.1027,68.1001152,23.8820089,21442.05868,22453.97684,52.80275869,17.44376765,3.73873e-07,0.525953876,0.116713404,0.541775746,0.007705853,0.304584357,0.009523164,0.215427518,0.202437059,1.54541e-05,0.695415643,3297,78,400719.8333,78772.83333,0.200145874,87253.09615,0.219630263,5.060630873,29.25364133,0.201713523,5.060630873,29.25364133,0.201713523,0.361883702,31465.41667,0.361883702,31465.41667,0.245610509,109409.5,0.245610509,109409.5,0.409120698,18148.33333,0.409120698,18148.33333,0.220172713,71416.66667,0.220172713,71416.66667,0,0,0,0,0,0,0,0,0,0,0,0,0,0,0,0,0,0,0,0,0,0,0,0,0,0,0,0,0,0,0,0,0,0,0,0,0,0,0,0,0,0,0,0,0,0,0,0,0,0,0,0,0,0,0,0,0,0,0,0,0,0,0,0,0,0,0,0,0,0,0,0,0,0,0,0,0,0,0,0,0,0,0,0,0,0,0,0,0,0,0,0,0,0,0,0
"XH22-04453 1",0,0,"3/8/2022",0,0," ",0,0,0," ",0,0,0," ",0,0,0,0,0,0,0,0,0,0,0,0,0,0,0,0,0,0,0,0,0,0,0,0,0,0,0,0," ",0,0,0,0," ",0,0,0,0,0,0,0,0,0," ",0,0," ",0,0,0," ",0,0,0,0,0,1,68,0,0,173,85,28.4005479635136,1,0,"Stroke (unspecified)",1,1.52,49.60192531,0,1.47,88,1,0,0,1,3,2,6,6,0,0,78.8102,1,1,1,1,78.8102,4.783193325,18.5185185185185,50,13,0.206349206,7.54064e-08,504404.74,271662.9886,321.1065863,115.2282093,1.96057e-08,123909.5769,109688.8218,153.2714596,81.07032823,7.607e-06,61569.68309,72654.06875,89.71191057,40.31392113,34403.34763,40076.35922,68.46675659,27.6698423,1.97565e-07,0.374022853,0.038035343,0.468360402,0.041230483,0.350101399,0.013670266,0.081209562,-0.232227508,8.31351e-06,0.649898601,5044,131,546724.0435,190678.9783,0.343734507,198259.4545,0.356584621,7.333395685,31.03790272,0.25807271,7.333395685,31.03790272,0.25807271,0.313544149,143444.9583,0.313544149,143444.9583,0.385405027,995001.5,0.385405027,995001.5,0.278941528,19444.83333,0.278941528,19444.83333,0.34814677,267445.0833,0.34814677,267445.0833,0,0,0,0,0,0,0,0,0,0,0,0,0,0,0,0,0,0,0,0,0,0,0,0,0,0,0,0,0,0,0,0,0,0,0,0,0,0,0,0,0,0,0,0,0,0,0,0,0,0,0,0,0,0,0,0,0,0,0,0,0,0,0,0,0,0,0,0,0,0,0,0,0,0,0,0,0,0,0,0,0,0,0,0,0,0,0,0,0,0,0,0,0,0,0,0
"XH22-04453 2",0,0,"3/8/2022",0,0," ",0,0,0," ",0,0,0," ",0,0,0,0,0,0,0,0,0,0,0,0,0,0,0,0,0,0,0,0,0,0,0,0,0,0,0,0," ",0,0,0,0," ",0,0,0,0,0,0,0,0,0," ",0,0," ",0,0,0," ",0,0,0,0,0,1,68,0,0,173,85,28.4005479635136,1,0,"Stroke (unspecified)",1,1.52,49.60192531,0,1.47,88,1,0,0,2,3,2,7,7,0,0,69.4805,1,1,1,1,69.4805,6.103210528,27.2727272727273,33,11,0.25,9.13228e-08,573831.1818,305887.8349,348.0038624,121.3849732,3.04409e-08,168271.1364,86588.46797,188.0852919,70.08381533,7.00971e-06,57512.87544,70683.64323,92.60004942,38.33669041,33265.89468,42540.94244,67.83222804,28.1627737,2.51829e-07,0.406437223,0.052403844,0.403148761,0.08354999,0.302355618,0.014848966,0.129986369,-0.269144485,8.02921e-06,0.697644382,2533,91,610739.5323,251944.5484,0.448338089,251944.5484,0.448338089,7.821851361,30.64575811,0.274253403,7.821851361,30.64575811,0.274253403,0.28017004,57042.8,0.28017004,57042.8,0.520151089,261406.5,0.520151089,261406.5,0.225812334,10001.14286,0.225812334,10001.14286,0.407004686,166806.6667,0.407004686,166806.6667,0,0,0,0,0,0,0,0,0,0,0,0,0,0,0,0,0,0,0,0,0,0,0,0,0,0,0,0,0,0,0,0,0,0,0,0,0,0,0,0,0,0,0,0,0,0,0,0,0,0,0,0,0,0,0,0,0,0,0,0,0,0,0,0,0,0,0,0,0,0,0,0,0,0,0,0,0,0,0,0,0,0,0,0,0,0,0,0,0,0,0,0,0,0,0,0
"XH22-08601 1",0,0,"5/8/2022",0,0," ",0,0,0," ",0,0,0," ",0,0,0,0,0,0,0,0,0,0,0,0,0,0,0,0,0,0,0,0,0,0,0,0,0,0,0,0," ",0,0,0,0," ",0,0,0,0,0,0,0,0,0," ",0,0," ",0,0,0," ",0,0,0,0,0,1,65,0,0,168,80,28.3446712018141,1,1,"Anoxia",5,1.64,46.13188967,0,1.73,96,1,0,0,1,2,2,5,6,0,0,12.11313569,0,0,0,1,0,0.088828412,2.4390243902439,82,2,0.023809524,1.6342e-07,464053.061,224375.9266,332.3932178,110.921,3.98586e-09,153128.75,8831.25,204.1015095,9.358088555,9.39865e-06,50165.70388,50518.02397,81.55590612,27.88259485,40826.13212,49766.42224,63.15682537,20.81433846,3.30826e-07,0.478601328,0.075835641,0.471490097,0.051121702,0.397546573,0.031820135,0.16084249,0.043275031,9.63013e-06,0.602453427,4716,166,480645.0316,142015.0886,0.302264339,151681.7397,0.299953355,6.130480186,24.69918606,0.263519168,6.130480186,24.69918606,0.263519168,0.351127204,490168.5625,0.351127204,490168.5625,0.590829985,2211390,0.590829985,2211390,0.11379581,31078,0.11379581,31078,0.385031689,555752.9286,0.385031689,555752.9286,0,0,0,0,0,0,0,0,0,0,0,0,0,0,0,0,0,0,0,0,0,0,0,0,0,0,0,0,0,0,0,0,0,0,0,0,0,0,0,0,0,0,0,0,0,0,0,0,0,0,0,0,0,0,0,0,0,0,0,0,0,0,0,0,0,0,0,0,0,0,0,0,0,0,0,0,0,0,0,0,0,0,0,0,0,0,0,0,0,0,0,0,0,0,0,0
"XH22-08601 2",0,0,"5/8/2022",0,0," ",0,0,0," ",0,0,0," ",0,0,0,0,0,0,0,0,0,0,0,0,0,0,0,0,0,0,0,0,0,0,0,0,0,0,0,0," ",0,0,0,0," ",0,0,0,0,0,0,0,0,0," ",0,0," ",0,0,0," ",0,0,0,0,0,1,65,0,0,168,80,28.3446712018141,1,1,"Anoxia",5,1.64,46.13188967,0,1.73,96,1,0,0,1,2,0,3,5,0,0,24.9518,1,1,0,1,0,0.020520834,3.125,64,3,0.044776119,1.14208e-07,425805.7188,236346.6675,312.4799886,118.3697485,5.35348e-09,44434.33333,39427.64438,55.28178127,38.75037195,1.0309e-05,47359.94911,41982.27983,82.84703866,28.55176387,33209.43333,31245.86479,66.94022677,18.35187253,1.9451e-07,0.52631899,0.048630258,0.488234766,0.027992771,0.611796082,0.006157434,0.09960425,-0.180955647,1.05318e-05,0.388203918,5777,109,446687.7459,125002.377,0.287288944,134423.8214,0.282041436,6.530723275,21.40809562,0.276993178,6.530723275,21.40809562,0.276993178,0.532976835,226804.0625,0.532976835,226804.0625,0.586298547,771361.5,0.586298547,771361.5,0.43331808,22960.5,0.43331808,22960.5,0.592772089,349110.2,0.592772089,349110.2,0,0,0,0,0,0,0,0,0,0,0,0,0,0,0,0,0,0,0,0,0,0,0,0,0,0,0,0,0,0,0,0,0,0,0,0,0,0,0,0,0,0,0,0,0,0,0,0,0,0,0,0,0,0,0,0,0,0,0,0,0,0,0,0,0,0,0,0,0,0,0,0,0,0,0,0,0,0,0,0,0,0,0,0,0,0,0,0,0,0,0,0,0,0,0,0
"XH22-13097 1",0,0,"7/14/2022",0,0," ",0,0,0," ",0,0,0," ",0,0,0,0,0,0,0,0,0,0,0,0,0,0,0,0,0,0,0,0,0,0,0,0,0,0,0,0," ",0,0,0,0," ",0,0,0,0,0,0,0,0,0," ",0,0," ",0,0,0," ",0,0,0,0,0,1,77,1,0,160,80,31.25,1,0,"Stroke (unspecified)",1,0.94,62.49647121,0,1.62,93,1,0,0,1,1,2,4,5,0,0,27.51584115,1,1,1,1,27.51584115,2.306839227,10,19,1,0.05,1.32911e-07,402905.6316,146481.8277,309.5450895,59.79698702,6.99532e-09,209446.5,0,215.9282288,0,1.22348e-05,39812.99371,39012.42391,73.53493561,26.57607788,38225.47553,72462.75738,63.13836353,28.99271825,2.2385e-07,0.515931184,0.05355059,0.487104305,0.025899593,0.259717597,0.015003128,0.109936598,-0.111070798,8.82641e-06,0.740282403,1749,32,402905.6316,163019.7895,0.398379874,171151.5,0.40668011,6.961241698,29.29235669,0.219871074,6.961241698,29.29235669,0.219871074,0.323896958,100690.1667,0.323896958,100690.1667,0.292161166,263538.5,0.292161166,263538.5,0.339764854,19266,0.339764854,19266,0.292161166,263538.5,0.292161166,263538.5,0,0,0,0,0,0,0,0,0,0,0,0,0,0,0,0,0,0,0,0,0,0,0,0,0,0,0,0,0,0,0,0,0,0,0,0,0,0,0,0,0,0,0,0,0,0,0,0,0,0,0,0,0,0,0,0,0,0,0,0,0,0,0,0,0,0,0,0,0,0,0,0,0,0,0,0,0,0,0,0,0,0,0,0,0,0,0,0,0,0,0,0,0,0,0,0
"XH22-13097 2",0,0,"7/14/2022",0,0," ",0,0,0," ",0,0,0," ",0,0,0,0,0,0,0,0,0,0,0,0,0,0,0,0,0,0,0,0,0,0,0,0,0,0,0,0," ",0,0,0,0," ",0,0,0,0,0,0,0,0,0," ",0,0," ",0,0,0," ",0,0,0,0,0,1,77,1,0,160,80,31.25,1,0,"Stroke (unspecified)",1,0.94,62.49647121,0,1.62,93,1,0,0,2,3,2,7,6,0,0,71.2888,1,1,1,1,71.2888,7.175241116,33.3333333333333,24,12,0.333333333,1.58284e-07,219209.75,185683.6474,192.5914978,124.0017404,7.91418e-08,195033.6667,167683.9197,182.4733703,54.08221332,9.40469e-06,37795.26648,32373.73844,72.36157087,24.17144767,22864.68619,22988.61229,59.42156776,22.48903009,3.29758e-07,0.45625601,0.034697315,0.3554526,0.139738321,0.217321066,0.008879528,0.097614463,-0.142245722,9.55232e-06,0.782678934,1426,50,290490.9167,136611.5,0.485780701,158904.5714,0.510226062,8.230010194,31.51553769,0.177197174,8.230010194,31.51553769,0.177197174,0.331084451,184956.8125,0.331084451,184956.8125,0.384626723,1008153.5,0.384626723,1008153.5,0.363429467,17015.25,0.363429467,17015.25,0.320302779,240937.3333,0.320302779,240937.3333,0,0,0,0,0,0,0,0,0,0,0,0,0,0,0,0,0,0,0,0,0,0,0,0,0,0,0,0,0,0,0,0,0,0,0,0,0,0,0,0,0,0,0,0,0,0,0,0,0,0,0,0,0,0,0,0,0,0,0,0,0,0,0,0,0,0,0,0,0,0,0,0,0,0,0,0,0,0,0,0,0,0,0,0,0,0,0,0,0,0,0,0,0,0,0,0
"XH22-17417 1",0,0,"9/25/2022",0,0," ",0,0,0," ",0,0,0," ",0,0,0,0,0,0,0,0,0,0,0,0,0,0,0,0,0,0,0,0,0,0,0,0,0,0,0,0," ",0,0,0,0," ",0,0,0,0,0,0,0,0,0," ",0,0," ",0,0,0," ",0,0,0,0,0,1,79,1,0,155,70,29.1363163371488,1,1,"Stroke (unspecified)",1,1,57.30689857,0,2.4,100,1,0,0,3,3,2,8,7,0,0,56.5655,1,1,1,1,56.5655,0.870653843,60,19,18,0.486486486,1.91079e-07,365440.9737,297201.363,241.7029245,162.0544466,1.81023e-07,151272.1667,34858.18385,192.5152961,22.01955393,8.06557e-06,61332.39214,66364.29301,88.56858721,39.74473566,40561.02099,54952.36688,65.5913191,24.11500316,1.01574e-06,0.511702526,0.069828278,0.494680467,0.072666246,0.290461382,0.020052966,0.141158348,-0.387133499,7.53562e-06,0.709538618,802,101,514119.0385,115758.1538,0.206906576,132351.9091,0.232590802,6.283692241,32.77290407,0.233110429,6.283692241,32.77290407,0.233110429,0.360510671,226370.625,0.360510671,226370.625,0.466203103,1252623.5,0.466203103,1252623.5,0.191162784,31580.5,0.191162784,31580.5,0.384703226,254197.7857,0.384703226,254197.7857,0,0,0,0,0,0,0,0,0,0,0,0,0,0,0,0,0,0,0,0,0,0,0,0,0,0,0,0,0,0,0,0,0,0,0,0,0,0,0,0,0,0,0,0,0,0,0,0,0,0,0,0,0,0,0,0,0,0,0,0,0,0,0,0,0,0,0,0,0,0,0,0,0,0,0,0,0,0,0,0,0,0,0,0,0,0,0,0,0,0,0,0,0,0,0,0
"XH22-17417 2",0,0,"9/25/2022",0,0," ",0,0,0," ",0,0,0," ",0,0,0,0,0,0,0,0,0,0,0,0,0,0,0,0,0,0,0,0,0,0,0,0,0,0,0,0," ",0,0,0,0," ",0,0,0,0,0,0,0,0,0," ",0,0," ",0,0,0," ",0,0,0,0,0,1,79,1,0,155,70,29.1363163371488,1,1,"Stroke (unspecified)",1,1,57.30689857,0,2.4,100,1,0,0,2,2,2,6,7,0,0,51.34871743,1,1,1,1,51.34871743,3.395585533,43.4782608695652,29,20,0.408163265,8.84778e-08,615039.6379,309824.488,364.5795564,131.4453688,6.10192e-08,127584.125,67076.66194,161.6237435,66.75938527,6.18124e-06,65538.10192,69988.96293,94.78834185,38.5421842,33069.17582,42212.56221,66.20240014,23.16475931,5.55275e-07,0.444417598,0.054417372,0.405107015,0.09370638,0.257475108,0.025608157,0.134328388,-0.305986689,6.6843e-06,0.742524892,2026,182,701467,205938.24,0.315851861,213544.75,0.327016401,7.42938305,40.37729557,0.191829203,7.42938305,40.37729557,0.191829203,0.370667115,165421.05,0.370667115,165421.05,0.39945618,1538756.5,0.39945618,1538756.5,0.348199331,15429.61111,0.348199331,15429.61111,0.389049848,288141.3182,0.389049848,288141.3182,0,0,0,0,0,0,0,0,0,0,0,0,0,0,0,0,0,0,0,0,0,0,0,0,0,0,0,0,0,0,0,0,0,0,0,0,0,0,0,0,0,0,0,0,0,0,0,0,0,0,0,0,0,0,0,0,0,0,0,0,0,0,0,0,0,0,0,0,0,0,0,0,0,0,0,0,0,0,0,0,0,0,0,0,0,0,0,0,0,0,0,0,0,0,0,0
"XH22-17953 2",0,0,"10/3/2022",0,0," ",0,0,0," ",0,0,0," ",0,0,0,0,0,0,0,0,0,0,0,0,0,0,0,0,0,0,0,0,0,0,0,0,0,0,0,0," ",0,0,0,0," ",0,0,0,0,0,0,0,0,0," ",0,0," ",0,0,0," ",0,0,0,0,0,0,58,1,0,160,52,20.3125,0,0,"Stroke (unspecified)",1,1.2,52.46994022,0,1.36,82,0,0,0,1,3,2,6,6,0,0,69.8621,1,1,1,1,69.8621,2.862054157,11.1111111111111,65,8,0.109589041,1.35715e-07,410354.6923,242114.9265,297.605679,103.4431756,1.67034e-08,113423.625,68376.93901,148.6706194,72.85291299,1.04667e-05,58549.28855,67079.67032,91.62074624,34.65596379,32257.30767,39452.55589,62.54986226,27.36955882,4.17584e-07,0.585156607,0.055691207,0.61282038,0.041388725,0.225576174,0.018882058,0.090876885,-0.57415034,9.51101e-06,0.774423826,5013,200,433252.4918,110395.0164,0.259994467,125116.0392,0.290749053,5.144822187,20.11397403,0.281707167,6.278479651,22.62987883,0.247175783,0.398317283,374975.3333,0.398317283,374975.3333,0.434474516,3614723.5,0.434474516,3614723.5,0.403343367,25700.5,0.403343367,25700.5,0.393919458,680590.8125,0.393919458,680590.8125,0,0,0,0,0,0,0,0,0,0,0,0,0,0,0,0,0,0,0,0,0,0,0,0,0,0,0,0,0,0,0,0,0,0,0,0,0,0,0,0,0,0,0,0,0,0,0,0,0,0,0,0,0,0,0,0,0,0,0,0,0,0,0,0,0,0,0,0,0,0,0,0,0,0,0,0,0,0,0,0,0,0,0,0,0,0,0,0,0,0,0,0,0,0,0,0
"XH22-20454 1",0,0,"11/7/2022",0,0," ",0,0,0," ",0,0,0," ",0,0,0,0,0,0,0,0,0,0,0,0,0,0,0,0,0,0,0,0,0,0,0,0,0,0,0,0," ",0,0,0,0," ",0,0,0,0,0,0,0,0,0," ",0,0," ",0,0,0," ",0,0,0,0,0,1,74,0,0,170,80,27.681660899654,1,0,"Stroke (unspecified)",1,0.9,89.62182486,0,1.44,87,1,0,0,0,1,2,3,5,0,0,17.03565644,1,0,0,0,17.03565644,0.166147528,0,47,0,0,1.44971e-07,396015.8617,233730.8381,276.5952038,105.1539279,0,0,0,0,0,1.18136e-05,50003.53538,72867.54916,85.58034136,31.84233275,22398.20905,18723.36063,65.28158951,20.68014508,3.17701e-07,0.55889334,0.057410622,0.590719491,0.016023745,0.297532166,0.027800417,0.097187622,-0.611828863,1.26788e-05,0.702467834,3830,103,431315.5349,148852.3488,0.336198163,158235.45,0.340979755,6.284662065,22.34220736,0.315319735,6.284662065,22.34220736,0.315319735,0.500454825,140074.4167,0.500454825,140074.4167,0.443122567,328087.5,0.443122567,328087.5,0.482177261,15837.25,0.482177261,15837.25,0.509593607,202193,0.509593607,202193,0,0,0,0,0,0,0,0,0,0,0,0,0,0,0,0,0,0,0,0,0,0,0,0,0,0,0,0,0,0,0,0,0,0,0,0,0,0,0,0,0,0,0,0,0,0,0,0,0,0,0,0,0,0,0,0,0,0,0,0,0,0,0,0,0,0,0,0,0,0,0,0,0,0,0,0,0,0,0,0,0,0,0,0,0,0,0,0,0,0,0,0,0,0,0,0
"XH22-20454 2",0,0,"11/7/2022",0,0," ",0,0,0," ",0,0,0," ",0,0,0,0,0,0,0,0,0,0,0,0,0,0,0,0,0,0,0,0,0,0,0,0,0,0,0,0," ",0,0,0,0," ",0,0,0,0,0,0,0,0,0," ",0,0," ",0,0,0," ",0,0,0,0,0,1,74,0,0,170,80,27.681660899654,1,0,"Stroke (unspecified)",1,0.9,89.62182486,0,1.44,87,1,0,0,1,2,2,5,6,0,0,7.263584759,0,0,0,1,0,1.050028075,2.7027027027027,75,1,0.013157895,2.27261e-07,429773.66,228075.441,292.0625693,104.6156885,3.03015e-09,388642,0,316.204048,0,8.03293e-06,64023.96492,72867.21779,91.1550733,36.08670859,33770.25654,36506.19879,68.01982932,23.0869456,2.18171e-07,0.564374585,0.097670923,0.514300004,0.050250197,0.319262148,0.0131883,0.189910407,-0.557572297,8.57548e-06,0.680737852,2651,72,446963.0139,112875.2361,0.255569888,117988.2353,0.263736003,6.641798818,29.97431784,0.226419939,6.641798818,29.97431784,0.226419939,0.521128193,515423.1923,0.521128193,515423.1923,0.605108201,3626780,0.605108201,3626780,0.504736967,20880.75,0.504736967,20880.75,0.528413182,735219.8333,0.528413182,735219.8333,0,0,0,0,0,0,0,0,0,0,0,0,0,0,0,0,0,0,0,0,0,0,0,0,0,0,0,0,0,0,0,0,0,0,0,0,0,0,0,0,0,0,0,0,0,0,0,0,0,0,0,0,0,0,0,0,0,0,0,0,0,0,0,0,0,0,0,0,0,0,0,0,0,0,0,0,0,0,0,0,0,0,0,0,0,0,0,0,0,0,0,0,0,0,0,0
"XH22-20769 1",0,0,"11/10/2022",0,0," ",0,0,0," ",0,0,0," ",0,0,0,0,0,0,0,0,0,0,0,0,0,0,0,0,0,0,0,0,0,0,0,0,0,0,0,0," ",0,0,0,0," ",0,0,0,0,0,0,0,0,0," ",0,0," ",0,0,0," ",0,0,0,0,0,1,63,0,0,168,82,29.0532879818594,1,0,"Stroke (unspecified)",1,1.5,51.98838981,0,1.39,84,0,0,0,2,3,2,7,7,0,0,17.6441,1,0,0,1,0,5.026763105,20,36,8,0.181818182,9.18056e-08,524364.6667,448341.9017,288.9688759,192.8621842,2.04013e-08,97590.6875,92856.55056,122.2825392,67.48596603,7.59947e-06,57064.19178,78101.53926,84.05561962,43.54914826,33566.9928,54872.22953,63.47250035,34.06250203,4.36077e-07,0.501489068,0.048139631,0.43365741,0.056937065,0.33203461,0.0192448,0.111008437,-0.017043921,7.95441e-06,0.66796539,2980,171,672521.2143,128481.5,0.209403641,144554.375,0.210578634,6.278399339,24.98638917,0.241463527,6.278399339,24.98638917,0.241463527,0.455310864,119614.1154,0.455310864,119614.1154,0.55795058,593515,0.55795058,593515,0.445579527,27790.5,0.445579527,27790.5,0.458230266,147161.2,0.458230266,147161.2,0,0,0,0,0,0,0,0,0,0,0,0,0,0,0,0,0,0,0,0,0,0,0,0,0,0,0,0,0,0,0,0,0,0,0,0,0,0,0,0,0,0,0,0,0,0,0,0,0,0,0,0,0,0,0,0,0,0,0,0,0,0,0,0,0,0,0,0,0,0,0,0,0,0,0,0,0,0,0,0,0,0,0,0,0,0,0,0,0,0,0,0,0,0,0,0
"XH22-20769 2",0,0,"11/10/2022",0,0," ",0,0,0," ",0,0,0," ",0,0,0,0,0,0,0,0,0,0,0,0,0,0,0,0,0,0,0,0,0,0,0,0,0,0,0,0," ",0,0,0,0," ",0,0,0,0,0,0,0,0,0," ",0,0," ",0,0,0," ",0,0,0,0,0,1,63,0,0,168,82,29.0532879818594,1,0,"Stroke (unspecified)",1,1.5,51.98838981,0,1.39,84,0,0,0,2,3,2,7,7,0,0,52.504,1,1,1,1,52.504,3.342178302,41.6666666666667,47,21,0.308823529,8.72355e-08,453670.2979,484821.7972,245.7895301,223.9762917,3.89776e-08,109661.1905,69673.38917,146.0111635,65.89802464,5.0578e-06,85278.13174,130754.5456,97.36411182,51.34894123,59529.56633,87898.50884,74.65632639,39.40260883,2.70987e-07,0.403275528,0.039576143,0.431319851,0.097838112,0.534578313,0.023169301,0.091755904,-0.206033565,5.25938e-06,0.465421687,2725,146,735262.8393,220789.0357,0.326834573,266004.3478,0.307097576,6.7301315,26.1680914,0.236138971,6.7301315,26.1680914,0.236138971,0.413995576,623226.4643,0.413995576,623226.4643,0.533768326,3769169.5,0.533768326,3769169.5,0.318635185,29725.75,0.318635185,29725.75,0.452139732,860626.75,0.452139732,860626.75,0,0,0,0,0,0,0,0,0,0,0,0,0,0,0,0,0,0,0,0,0,0,0,0,0,0,0,0,0,0,0,0,0,0,0,0,0,0,0,0,0,0,0,0,0,0,0,0,0,0,0,0,0,0,0,0,0,0,0,0,0,0,0,0,0,0,0,0,0,0,0,0,0,0,0,0,0,0,0,0,0,0,0,0,0,0,0,0,0,0,0,0,0,0,0,0
"XH22-22084 1",0,0,"11/29/2022",0,0," ",0,0,0," ",0,0,0," ",0,0,0,0,0,0,0,0,0,0,0,0,0,0,0,0,0,0,0,0,0,0,0,0,0,0,0,0," ",0,0,0,0," ",0,0,0,0,0,0,0,0,0," ",0,0," ",0,0,0," ",0,0,0,0,0,1,63,0,0,170,90,31.1418685121107,1,1,"Anoxia",5,1.27,63.48211864,0,1.58,92,1,0,0,0,2,2,4,4,0,0,48.2366,1,1,1,1,48.2366,0.254531679,0,37,0,0,1.40561e-07,453556.8514,231476.7795,318.1877416,124.0409436,0,0,0,0,0,7.24081e-06,65205.00236,67736.86694,92.3915952,32.2092509,40746.64441,49414.04557,67.51240358,22.45937662,3.41906e-07,0.470651597,0.063752552,0.472136887,0.02531935,0.380475219,0.019447257,0.135029806,0.063824816,8.18118e-06,0.619524781,1906,90,493555.0735,126740.2941,0.236021898,130108.8788,0.241049202,6.108146739,24.46305762,0.3115697,6.108146739,24.46305762,0.3115697,0.404090258,239689.125,0.404090258,239689.125,0.468640817,2770566,0.468640817,2770566,0.315186678,16475.125,0.315186678,16475.125,0.433724784,314093.7917,0.433724784,314093.7917,0,0,0,0,0,0,0,0,0,0,0,0,0,0,0,0,0,0,0,0,0,0,0,0,0,0,0,0,0,0,0,0,0,0,0,0,0,0,0,0,0,0,0,0,0,0,0,0,0,0,0,0,0,0,0,0,0,0,0,0,0,0,0,0,0,0,0,0,0,0,0,0,0,0,0,0,0,0,0,0,0,0,0,0,0,0,0,0,0,0,0,0,0,0,0,0
"XH22-22084 2",0,0,"11/29/2022",0,0," ",0,0,0," ",0,0,0," ",0,0,0,0,0,0,0,0,0,0,0,0,0,0,0,0,0,0,0,0,0,0,0,0,0,0,0,0," ",0,0,0,0," ",0,0,0,0,0,0,0,0,0," ",0,0," ",0,0,0," ",0,0,0,0,0,1,63,0,0,170,90,31.1418685121107,1,1,"Anoxia",5,1.27,63.48211864,0,1.58,92,1,0,0,1,2,2,5,5,0,0,47.4039,1,1,1,1,47.4039,1.146220397,5.55555555555556,35,2,0.054054054,1.58209e-07,571061.7286,359621.3497,350.6297872,149.9435447,9.04052e-09,241229,16688.5,262.3829242,8.497123077,9.13544e-06,47479.56927,40059.09847,85.31883828,30.69987905,23331.32985,18733.0707,64.18415123,19.58867138,4.15864e-07,0.440631045,0.090347114,0.433746785,0.039724541,0.442726565,0.038437217,0.208294602,-0.011046312,1.1949e-05,0.557273435,2021,92,644629.2097,172418.8065,0.272979925,172418.8065,0.272979925,6.434053473,21.46986993,0.300345403,6.434053473,21.46986993,0.300345403,0.450305957,77058.76471,0.450305957,77058.76471,0.662959161,509252,0.662959161,509252,0.389580161,22897.91667,0.389580161,22897.91667,0.483429118,106601.0455,0.483429118,106601.0455,0,0,0,0,0,0,0,0,0,0,0,0,0,0,0,0,0,0,0,0,0,0,0,0,0,0,0,0,0,0,0,0,0,0,0,0,0,0,0,0,0,0,0,0,0,0,0,0,0,0,0,0,0,0,0,0,0,0,0,0,0,0,0,0,0,0,0,0,0,0,0,0,0,0,0,0,0,0,0,0,0,0,0,0,0,0,0,0,0,0,0,0,0,0,0,0
"XH23-01369 1",0,0,"1/19/2023",0,0," ",0,0,0," ",0,0,0," ",0,0,0,0,0,0,0,0,0,0,0,0,0,0,0,0,0,0,0,0,0,0,0,0,0,0,0,0," ",0,0,0,0," ",0,0,0,0,0,0,0,0,0," ",0,0," ",0,0,0," ",0,0,0,0,0,1,71,0,0,170,85,29.4117647058824,1,1,"Stroke (unspecified)",1,1.21,64.01258601,0,1.9,99,1,0,0,1,1,2,4,5,0,0,19.79875754,1,0,0,0,19.79875754,2.136318923,5.26315789473684,114,5,0.042016807,1.66315e-07,328390.1535,166918.1898,270.8439604,95.51396502,7.29453e-09,243031.1,156895.7462,220.961676,73.07214067,1.41032e-05,37947.43069,47221.26398,76.9638599,28.59761175,17327.47805,17243.41861,51.38589169,16.93254769,3.45761e-07,0.431671366,0.054616318,0.535182042,0.014292218,0.283649835,0.031674306,0.10205185,-0.325189449,1.49908e-05,0.716350165,9667,237,349461.5748,190547.9346,0.551350959,195821,0.546457108,8.207976044,33.18514577,0.204404733,8.225749657,33.58479148,0.202286623,0.360553601,57314.57813,0.360553601,57314.57813,0.573400113,356510,0.573400113,356510,0.325940256,20838.85,0.343095006,20838.85,0.41824251,118107.4583,0.41824251,118107.4583,0,0,0,0,0,0,0,0,0,0,0,0,0,0,0,0,0,0,0,0,0,0,0,0,0,0,0,0,0,0,0,0,0,0,0,0,0,0,0,0,0,0,0,0,0,0,0,0,0,0,0,0,0,0,0,0,0,0,0,0,0,0,0,0,0,0,0,0,0,0,0,0,0,0,0,0,0,0,0,0,0,0,0,0,0,0,0,0,0,0,0,0,0,0,0,0
"XH23-01369 2",0,0,"1/19/2023",0,0," ",0,0,0," ",0,0,0," ",0,0,0,0,0,0,0,0,0,0,0,0,0,0,0,0,0,0,0,0,0,0,0,0,0,0,0,0," ",0,0,0,0," ",0,0,0,0,0,0,0,0,0," ",0,0," ",0,0,0," ",0,0,0,0,0,1,71,0,0,170,85,29.4117647058824,1,1,"Stroke (unspecified)",1,1.21,64.01258601,0,1.9,99,1,0,0,1,3,4,8,8,0,0,57.6766,1,1,1,1,57.6766,18.07315014,11.2903225806452,117,14,0.106870229,1.64385e-07,266735.9744,144830.6563,243.6088294,80.37914293,1.967e-08,144975.1071,65783.01752,190.122569,48.10904466,1.11374e-05,34106.22707,32820.25945,70.99324771,24.87188377,14355.81503,17903.45284,47.59520353,18.61964284,5.6762e-07,0.406406138,0.043847364,0.379855637,0.062292547,0.229612102,0.044744648,0.115431654,0.22888364,1.26546e-05,0.770387898,7927,404,273571.3991,132401.3158,0.469647063,144838.402,0.473919847,7.784831727,41.83285656,0.101050807,7.780452445,41.67791596,0.101765091,0.346429658,398524.4219,0.346429658,398524.4219,0.487505174,9642421.5,0.487505174,9642421.5,0.30733698,17789.18421,0.30733698,17789.18421,0.403565109,954983.6154,0.403565109,954983.6154,0,0,0,0,0,0,0,0,0,0,0,0,0,0,0,0,0,0,0,0,0,0,0,0,0,0,0,0,0,0,0,0,0,0,0,0,0,0,0,0,0,0,0,0,0,0,0,0,0,0,0,0,0,0,0,0,0,0,0,0,0,0,0,0,0,0,0,0,0,0,0,0,0,0,0,0,0,0,0,0,0,0,0,0,0,0,0,0,0,0,0,0,0,0,0,0
"XH23-03908 1",0,0,"2/20/2023",0,0," ",0,0,0," ",0,0,0," ",0,0,0,0,0,0,0,0,0,0,0,0,0,0,0,0,0,0,0,0,0,0,0,0,0,0,0,0," ",0,0,0,0," ",0,0,0,0,0,0,0,0,0," ",0,0," ",0,0,0," ",0,0,0,0,0,1,65,0,0,185,97,28.3418553688824,1,1,"Stroke (unspecified)",1,0.87,95.75672287,0,1.48,89,1,0,0,1,1,2,4,6,0,0,17.02907057,1,0,0,0,17.02907057,6.160294484,9.09090909090909,23,3,0.115384615,8.80215e-08,706367.4783,456155.1104,373.1603968,186.909804,1.14811e-08,218686,32948.30576,219.5695397,16.5997154,6.54421e-06,60539.85263,59944.70128,87.68625676,33.32963876,289438.5,0,144.4991349,0,2.75546e-07,0.534862951,0.062175537,0.396185412,0.018437637,4.418874665,0,0.156935452,0.20007836,6.64587e-06,-3.418874665,1710,72,850760.9737,212343.9474,0.25460639,212343.9474,0.25460639,6.380185934,37.5220404,0.198604157,6.380185934,37.5220404,0.198604157,0.400547007,220534,0.400547007,220534,0.586977546,628687,0.586977546,628687,0.307331738,16457.5,0.307331738,16457.5,0.586977546,628687,0.586977546,628687,0,0,0,0,0,0,0,0,0,0,0,0,0,0,0,0,0,0,0,0,0,0,0,0,0,0,0,0,0,0,0,0,0,0,0,0,0,0,0,0,0,0,0,0,0,0,0,0,0,0,0,0,0,0,0,0,0,0,0,0,0,0,0,0,0,0,0,0,0,0,0,0,0,0,0,0,0,0,0,0,0,0,0,0,0,0,0,0,0,0,0,0,0,0,0,0
"XH23-03908 2",0,0,"2/20/2023",0,0," ",0,0,0," ",0,0,0," ",0,0,0,0,0,0,0,0,0,0,0,0,0,0,0,0,0,0,0,0,0,0,0,0,0,0,0,0," ",0,0,0,0," ",0,0,0,0,0,0,0,0,0," ",0,0," ",0,0,0," ",0,0,0,0,0,1,65,0,0,185,97,28.3418553688824,1,1,"Stroke (unspecified)",1,0.87,95.75672287,0,1.48,89,1,0,0,1,1,4,6,6,0,0,6.04483779,0,0,0,0,0,7.652406704,13.3333333333333,28,4,0.125,1.54452e-07,730596.375,556511.2385,370.9523984,186.835289,2.20645e-08,331953,62579.06917,294.757972,28.51294327,5.11345e-06,65893.63916,64142.59233,91.73384207,36.69979906,33393.78571,22333.5847,71.89135684,24.04587784,2.31677e-07,0.439479901,0.112841749,0.336943817,0.075035207,0.113329094,0.040793946,0.334897817,0.219117985,5.26863e-06,0.886670906,927,42,786195.1346,155435.0385,0.210280396,173941.7391,0.199556013,5.793141015,39.22826548,0.200083436,5.793141015,39.22826548,0.200083436,0.378583217,729558.5,0.378583217,729558.5,0,5725178,0,5725178,0.273649795,33664.33333,0.273649795,33664.33333,0.441543271,1077505.583,0.441543271,1077505.583,0,0,0,0,0,0,0,0,0,0,0,0,0,0,0,0,0,0,0,0,0,0,0,0,0,0,0,0,0,0,0,0,0,0,0,0,0,0,0,0,0,0,0,0,0,0,0,0,0,0,0,0,0,0,0,0,0,0,0,0,0,0,0,0,0,0,0,0,0,0,0,0,0,0,0,0,0,0,0,0,0,0,0,0,0,0,0,0,0,0,0,0,0,0,0,0
"XH23-06547 1",0,0,"3/25/2023",0,0," ",0,0,0," ",0,0,0," ",0,0,0,0,0,0,0,0,0,0,0,0,0,0,0,0,0,0,0,0,0,0,0,0,0,0,0,0," ",0,0,0,0," ",0,0,0,0,0,0,0,0,0," ",0,0," ",0,0,0," ",0,0,0,0,0,1,75,0,0,178,71,22.4087867693473,0,0,"Stroke (unspecified)",1,0.77,93.36278839,0,1.3,78,0,0,0,1,2,2,5,4,0,0,9.239862765,0,0,0,1,0,6.691247928,4.08163265306122,99,4,0.038834951,2.12643e-07,340062.1263,172382.6628,281.8787575,87.77394287,8.59163e-09,102405.625,11840.69219,156.7940766,11.17441484,8.51645e-06,52529.92585,77151.04571,78.3703725,34.55972731,65147.725,104107.2117,69.80079367,24.04430014,3.50109e-07,0.39452363,0.072311741,0.447368433,0.010996871,0.662302754,0.000570386,0.161638005,0.107111144,8.80662e-06,0.337697246,3965,163,359931.9946,88363.68817,0.260774135,93107.70115,0.27096316,5.104672849,28.34219941,0.303363103,5.104672849,28.34219941,0.303363103,0.417827622,84182.88889,0.417827622,84182.88889,0.782378778,1050139,0.782378778,1050139,0.379558447,17283.26923,0.379558447,17283.26923,0.517327477,258121.9,0.517327477,258121.9,0,0,0,0,0,0,0,0,0,0,0,0,0,0,0,0,0,0,0,0,0,0,0,0,0,0,0,0,0,0,0,0,0,0,0,0,0,0,0,0,0,0,0,0,0,0,0,0,0,0,0,0,0,0,0,0,0,0,0,0,0,0,0,0,0,0,0,0,0,0,0,0,0,0,0,0,0,0,0,0,0,0,0,0,0,0,0,0,0,0,0,0,0,0,0,0
"XH23-06547 2",0,0,"3/25/2023",0,0," ",0,0,0," ",0,0,0," ",0,0,0,0,0,0,0,0,0,0,0,0,0,0,0,0,0,0,0,0,0,0,0,0,0,0,0,0," ",0,0,0,0," ",0,0,0,0,0,0,0,0,0," ",0,0," ",0,0,0," ",0,0,0,0,0,1,75,0,0,178,71,22.4087867693473,0,0,"Stroke (unspecified)",1,0.77,93.36278839,0,1.3,78,0,0,0,2,1,2,5,5,0,0,15.0296,1,0,0,0,0,0.407566939,20,8,2,0.2,8.63015e-08,356061.8125,200179.1414,276.4702683,140.7806477,2.15754e-08,109600,14351.5,154.5873099,13.10586232,8.59779e-06,45636.05772,54957.97874,72.85274373,27.08839916,48495.26908,76675.75733,62.25457507,23.27218556,5.50172e-07,0.560113815,0.030728669,0.392369103,0.059370551,0.288872441,0.008745239,0.07831572,-0.230978549,6.43327e-06,0.711127559,797,51,469906.5833,104387,0.220966403,104387,0.220966403,4.823903372,26.29480011,0.281064277,4.823903372,26.29480011,0.281064277,0.516619009,36256.5,0.516619009,36256.5,0.516619009,36256.5,0.516619009,36256.5,0,0,0,0,0.516619009,36256.5,0.516619009,36256.5,0,0,0,0,0,0,0,0,0,0,0,0,0,0,0,0,0,0,0,0,0,0,0,0,0,0,0,0,0,0,0,0,0,0,0,0,0,0,0,0,0,0,0,0,0,0,0,0,0,0,0,0,0,0,0,0,0,0,0,0,0,0,0,0,0,0,0,0,0,0,0,0,0,0,0,0,0,0,0,0,0,0,0,0,0,0,0,0,0,0,0,0,0,0,0,0
"XH23-08067 1",0,0,"4/14/2023",0,0," ",0,0,0," ",0,0,0," ",0,0,0,0,0,0,0,0,0,0,0,0,0,0,0,0,0,0,0,0,0,0,0,0,0,0,0,0," ",0,0,0,0," ",0,0,0,0,0,0,0,0,0," ",0,0," ",0,0,0," ",0,0,0,0,0,1,75,0,0,163,85,31.9921713274869,0,0,"Stroke (unspecified)",1,0.82,91.60564343,0,1.34,81,0,0,0,1,2,2,5,6,0,0,72.70575552,1,1,1,1,0,0.230228658,12.5,22,2,0.083333333,6.76082e-07,262881.5,242223.479,204.2278054,147.6753314,6.1462e-08,125060.25,14483.75,170.0983659,13.74939723,5.80201e-05,59751.83686,71406.5021,90.01236057,37.50437895,35748.38806,45632.968,64.03490782,21.26620054,5.83889e-06,0.615590254,0.177729325,3.466806771,0.295254235,0.262471667,0.019070656,0.051266002,-3.16374593,9.66393e-06,0.737528333,1888,190,435231.1667,45611,0.104820347,61554.66667,0.150083358,4.464380627,19.95635565,0.318769296,4.464380627,19.95635565,0.318769296,0.686509898,345966.9091,0.686509898,345966.9091,0.887077292,3052643,0.887077292,3052643,0.563820297,23968.41667,0.563820297,23968.41667,0.833737419,732365.1,0.833737419,732365.1,0,0,0,0,0,0,0,0,0,0,0,0,0,0,0,0,0,0,0,0,0,0,0,0,0,0,0,0,0,0,0,0,0,0,0,0,0,0,0,0,0,0,0,0,0,0,0,0,0,0,0,0,0,0,0,0,0,0,0,0,0,0,0,0,0,0,0,0,0,0,0,0,0,0,0,0,0,0,0,0,0,0,0,0,0,0,0,0,0,0,0,0,0,0,0,0
"XH23-08067 2",0,0,"4/14/2023",0,0," ",0,0,0," ",0,0,0," ",0,0,0,0,0,0,0,0,0,0,0,0,0,0,0,0,0,0,0,0,0,0,0,0,0,0,0,0," ",0,0,0,0," ",0,0,0,0,0,0,0,0,0," ",0,0," ",0,0,0," ",0,0,0,0,0,1,75,0,0,163,85,31.9921713274869,0,0,"Stroke (unspecified)",1,0.82,91.60564343,0,1.34,81,0,0,0,1,1,2,4,5,0,0,22.7832,1,1,0,0,22.7832,0.747777586,9.52380952380952,41,4,0.088888889,8.31596e-08,470457.6585,253882.9223,323.0468506,128.2503293,8.11313e-09,111087.375,27942.64513,164.6697773,13.35531549,8.2186e-06,65807.39956,82015.18704,93.28154591,40.15822769,34566.9783,38353.06879,67.32196222,21.24240524,3.79289e-07,0.469465016,0.03912308,0.540844984,0.014682861,0.421210568,0.020656681,0.072336957,-0.162975156,8.85863e-06,0.578789432,4052,187,530187.125,107599.3889,0.202710965,112904.8529,0.210564912,5.159734927,25.57409206,0.264382168,5.159734927,25.57409206,0.264382168,0.469150887,77606.65789,0.469150887,77606.65789,0.541699592,206636.5,0.541699592,206636.5,0.481687718,20507.3125,0.481687718,20507.3125,0.460033192,119133.4545,0.460033192,119133.4545,0,0,0,0,0,0,0,0,0,0,0,0,0,0,0,0,0,0,0,0,0,0,0,0,0,0,0,0,0,0,0,0,0,0,0,0,0,0,0,0,0,0,0,0,0,0,0,0,0,0,0,0,0,0,0,0,0,0,0,0,0,0,0,0,0,0,0,0,0,0,0,0,0,0,0,0,0,0,0,0,0,0,0,0,0,0,0,0,0,0,0,0,0,0,0,0
"XH23-11571 1",0,0,"6/1/2023",0,0," ",0,0,0," ",0,0,0," ",0,0,0,0,0,0,0,0,0,0,0,0,0,0,0,0,0,0,0,0,0,0,0,0,0,0,0,0," ",0,0,0,0," ",0,0,0,0,0,0,0,0,0," ",0,0," ",0,0,0," ",0,0,0,0,0,1,53,0,0,175,95,31.0204081632653,1,1,"Stroke (unspecified)",1,1.32,64.49666163,0,1.42,86,1,0,0,1,2,2,5,5,0,0,17.0366,1,0,0,1,0,0.451084057,9.67741935483871,68,9,0.116883117,1.18648e-07,466075.4779,281774.1159,307.9989407,131.8031269,1.57034e-08,126639.7222,178641.0749,128.1341286,117.1825764,6.78734e-06,65467.04794,154509.0755,91.51607543,36.36789622,21795.26925,18981.43461,60.08057792,17.2458275,3.26281e-07,0.451814492,0.055298738,0.444347166,0.01997021,0.292678126,0.027651758,0.1244494,-0.166785327,9.60525e-06,0.707321874,3890,187,472999.5597,236088.6418,0.50684941,277732.3519,0.498536997,8.044034928,38.61978092,0.204708191,8.044034928,38.61978092,0.204708191,0.417443065,132378.6,0.417443065,132378.6,0.550042715,960654.5,0.550042715,960654.5,0.451927363,24650.08333,0.451927363,24650.08333,0.406553287,166398.1316,0.406553287,166398.1316,0,0,0,0,0,0,0,0,0,0,0,0,0,0,0,0,0,0,0,0,0,0,0,0,0,0,0,0,0,0,0,0,0,0,0,0,0,0,0,0,0,0,0,0,0,0,0,0,0,0,0,0,0,0,0,0,0,0,0,0,0,0,0,0,0,0,0,0,0,0,0,0,0,0,0,0,0,0,0,0,0,0,0,0,0,0,0,0,0,0,0,0,0,0,0,0
"XH23-12347 1",0,0,"6/13/2023",0,0," ",0,0,0," ",0,0,0," ",0,0,0,0,0,0,0,0,0,0,0,0,0,0,0,0,0,0,0,0,0,0,0,0,0,0,0,0," ",0,0,0,0," ",0,0,0,0,0,0,0,0,0," ",0,0," ",0,0,0," ",0,0,0,0,0,1,61,1,0,155,70,29.1363163371488,0,1,"Anoxia",5,0.7,98.33483511,0,1.41,85,0,0,0,0,1,2,3,3,0,0,14.58939577,0,0,0,0,14.58939577,0.509804385,0,22,0,0,1.65632e-07,271534.0455,248661.8454,216.5571202,150.4425745,0,0,0,0,0,1.2174e-05,56291.01701,57709.74171,84.49087856,29.20648409,33642.2056,39852.50309,63.97062643,21.43418017,2.63506e-07,0.613651832,0.044974763,0.685284686,0.04455184,0.27949156,0.004755633,0.065629313,0.189301863,9.67021e-06,0.72050844,1617,35,386036.4,91573.93333,0.230135553,111121.25,0.261712194,5.871165851,25.66620445,0.413770909,5.871165851,25.66620445,0.413770909,0.492687509,62068.07143,0.492687509,62068.07143,0.656442028,305698,0.656442028,305698,0.465395089,21463.08333,0.465395089,21463.08333,0.656442028,305698,0.656442028,305698,0,0,0,0,0,0,0,0,0,0,0,0,0,0,0,0,0,0,0,0,0,0,0,0,0,0,0,0,0,0,0,0,0,0,0,0,0,0,0,0,0,0,0,0,0,0,0,0,0,0,0,0,0,0,0,0,0,0,0,0,0,0,0,0,0,0,0,0,0,0,0,0,0,0,0,0,0,0,0,0,0,0,0,0,0,0,0,0,0,0,0,0,0,0,0,0
"XH23-12347 2",0,0,"6/13/2023",0,0," ",0,0,0," ",0,0,0," ",0,0,0,0,0,0,0,0,0,0,0,0,0,0,0,0,0,0,0,0,0,0,0,0,0,0,0,0," ",0,0,0,0," ",0,0,0,0,0,0,0,0,0," ",0,0," ",0,0,0," ",0,0,0,0,0,1,61,1,0,155,70,29.1363163371488,0,1,"Anoxia",5,0.7,98.33483511,0,1.41,85,0,0,0,1,1,2,4,4,0,0,20.9259,1,1,0,0,20.9259,0.017477459,6.45161290322581,58,4,0.064516129,1.82242e-07,396750.2241,161442.1452,302.520465,90.13126053,1.25684e-08,164424.375,21949.88983,199.3679965,17.30323633,1.19054e-05,39051.21536,36520.54121,75.30823664,24.56938035,52651.48364,59237.10459,76.04290691,23.32309933,3.17353e-07,0.544539733,0.072304658,0.464922177,0.031058356,0.808015479,0,0.155519917,0.18595636,1.22365e-05,0.191984521,3789,101,424498.8704,121340.6111,0.28292203,125489.6346,0.283432532,6.37730642,22.46840561,0.391384206,6.37730642,22.46840561,0.391384206,0.560779711,62696.67742,0.560779711,62696.67742,0.714162867,266099,0.714162867,266099,0.506859087,16080.83333,0.506859087,16080.83333,0.635439036,127241.6923,0.635439036,127241.6923,0,0,0,0,0,0,0,0,0,0,0,0,0,0,0,0,0,0,0,0,0,0,0,0,0,0,0,0,0,0,0,0,0,0,0,0,0,0,0,0,0,0,0,0,0,0,0,0,0,0,0,0,0,0,0,0,0,0,0,0,0,0,0,0,0,0,0,0,0,0,0,0,0,0,0,0,0,0,0,0,0,0,0,0,0,0,0,0,0,0,0,0,0,0,0,0
"XH23-12632 1",0,0,"6/16/2023",0,0," ",0,0,0," ",0,0,0," ",0,0,0,0,0,0,0,0,0,0,0,0,0,0,0,0,0,0,0,0,0,0,0,0,0,0,0,0," ",0,0,0,0," ",0,0,0,0,0,0,0,0,0," ",0,0," ",0,0,0," ",0,0,0,0,0,1,61,1,0,147,68,31.4683696607895,0,0,"Stroke (unspecified)",1,1.3,46.78353336,0,1.41,85,0,0,0,2,3,2,7,6,0,0,60.2699,1,1,1,1,60.2699,2.08951954,22.2222222222222,64,19,0.228915663,1.46867e-07,455436.5156,233574.7835,321.2149089,104.6320837,4.36011e-08,113471.5526,53899.45731,158.4731357,56.83958958,1.3335e-05,38883.38358,39970.94012,79.26720195,30.87209959,26489.75,23060.79672,74.02125253,39.60245162,2.7308e-07,0.410871427,0.066888469,0.518511456,0.034673286,0.152764412,0,0.129000947,0.147765436,1.35132e-05,0.847235588,5811,119,462056.6694,114941.4355,0.262419429,130785.7736,0.265509819,6.057196543,26.0637269,0.273751482,6.057196543,26.0637269,0.273751482,0.406337061,226413.9286,0.406337061,226413.9286,0.587280787,1482578,0.587280787,1482578,0.353115512,17415.27273,0.353115512,17415.27273,0.464880765,456312.45,0.464880765,456312.45,0,0,0,0,0,0,0,0,0,0,0,0,0,0,0,0,0,0,0,0,0,0,0,0,0,0,0,0,0,0,0,0,0,0,0,0,0,0,0,0,0,0,0,0,0,0,0,0,0,0,0,0,0,0,0,0,0,0,0,0,0,0,0,0,0,0,0,0,0,0,0,0,0,0,0,0,0,0,0,0,0,0,0,0,0,0,0,0,0,0,0,0,0,0,0,0
"XH23-12632 2",0,0,"6/16/2023",0,0," ",0,0,0," ",0,0,0," ",0,0,0,0,0,0,0,0,0,0,0,0,0,0,0,0,0,0,0,0,0,0,0,0,0,0,0,0," ",0,0,0,0," ",0,0,0,0,0,0,0,0,0," ",0,0," ",0,0,0," ",0,0,0,0,0,1,61,1,0,147,68,31.4683696607895,0,0,"Stroke (unspecified)",1,1.3,46.78353336,0,1.41,85,0,0,0,2,2,2,6,6,0,0,87.3794,1,1,1,1,87.3794,4.366567885,27.5862068965517,88,32,0.266666667,1.40554e-07,499388.3409,251449.3502,330.8566562,123.2779024,5.11106e-08,147994.0625,61142.07968,191.8109185,47.16437004,9.19192e-06,45103.89096,49309.56604,80.95785873,36.66137697,18477.975,11058.0063,57.57674573,17.45475152,2.37984e-07,0.33830919,0.070191111,0.414591488,0.021572089,0.192822975,0.001436939,0.169301862,0.306212562,9.3868e-06,0.807177025,5755,149,535860.6159,166013.7805,0.325700893,177023.1842,0.328598493,6.851483625,28.42518912,0.265134185,6.851483625,28.42518912,0.265134185,0.379596349,101116.1897,0.379596349,101116.1897,0.225720112,542253,0.225720112,542253,0.348352446,18254.54167,0.348352446,18254.54167,0.40165087,159606.7647,0.40165087,159606.7647,0,0,0,0,0,0,0,0,0,0,0,0,0,0,0,0,0,0,0,0,0,0,0,0,0,0,0,0,0,0,0,0,0,0,0,0,0,0,0,0,0,0,0,0,0,0,0,0,0,0,0,0,0,0,0,0,0,0,0,0,0,0,0,0,0,0,0,0,0,0,0,0,0,0,0,0,0,0,0,0,0,0,0,0,0,0,0,0,0,0,0,0,0,0,0,0
"XH23-16567 1",0,0,"8/18/2023",0,0," ",0,0,0," ",0,0,0," ",0,0,0,0,0,0,0,0,0,0,0,0,0,0,0,0,0,0,0,0,0,0,0,0,0,0,0,0," ",0,0,0,0," ",0,0,0,0,0,0,0,0,0," ",0,0," ",0,0,0," ",0,0,0,0,0,1,70,1,0,165,70,25.7116620752984,1,1,"Stroke (unspecified)",1,0.7,92.98188056,0,1.85,98,1,0,0,0,3,0,3,3,0,0,60.365,1,1,1,1,60.365,0.06359926,0,7,0,0,8.1991e-08,272579.2857,108108.1704,255.5049008,51.96663702,0,0,0,0,0,7.01609e-06,44407.68447,42919.17187,79.93325896,28.42856475,24204.85166,23928.88179,60.67355644,17.46007264,5.73937e-07,0.340670408,0.022349052,0.311568231,0.11365202,0.363419797,0.00852496,0.071730844,-0.346700455,9.87078e-06,0.636580203,599,49,272579.2857,133322.5714,0.479604352,133322.5714,0.479604352,8.462024239,43.42140223,0.165689885,8.462024239,43.42140223,0.165689885,0.406634002,128707.8636,0.406634002,128707.8636,0.413086721,1123581,0.413086721,1123581,0.369167575,18079.8125,0.369167575,18079.8125,0.506544474,423716,0.506544474,423716,0,0,0,0,0,0,0,0,0,0,0,0,0,0,0,0,0,0,0,0,0,0,0,0,0,0,0,0,0,0,0,0,0,0,0,0,0,0,0,0,0,0,0,0,0,0,0,0,0,0,0,0,0,0,0,0,0,0,0,0,0,0,0,0,0,0,0,0,0,0,0,0,0,0,0,0,0,0,0,0,0,0,0,0,0,0,0,0,0,0,0,0,0,0,0,0
"XH23-18901 1",0,0,"9/22/2023",0,0," ",0,0,0," ",0,0,0," ",0,0,0,0,0,0,0,0,0,0,0,0,0,0,0,0,0,0,0,0,0,0,0,0,0,0,0,0," ",0,0,0,0," ",0,0,0,0,0,0,0,0,0," ",0,0," ",0,0,0," ",0,0,0,0,0,1,72,1,0,158,64,25.6369171607114,0,1,"Stroke (unspecified)",1,0.7,91.83247947,0,1.85,98,1,0,0,1,2,2,5,4,0,0,32.1325,1,1,1,1,32.1325,7.904796692,8.33333333333333,22,2,0.083333333,2.80644e-07,393604.6591,159006.0975,295.6680477,80.50294252,2.55131e-08,150643.25,14907.75,200.7967302,8.583307102,1.7604e-05,42184.50145,43494.53093,76.94961241,31.99298912,17641.0483,22046.7507,56.71345772,21.10000146,8.16418e-07,0.594682207,0.110462677,0.74261661,0.049000611,0.238997855,0.026433113,0.148747921,-0.219680469,1.43606e-05,0.761002145,1380,64,412168.5714,116899.0476,0.299802444,116899.0476,0.299802444,6.399449867,31.12420321,0.288048341,6.399449867,31.12420321,0.288048341,0.394510236,90130.04167,0.394510236,90130.04167,0.608651669,463913.5,0.608651669,463913.5,0.32829503,17871.5625,0.32829503,17871.5625,0.526940648,234647,0.526940648,234647,0,0,0,0,0,0,0,0,0,0,0,0,0,0,0,0,0,0,0,0,0,0,0,0,0,0,0,0,0,0,0,0,0,0,0,0,0,0,0,0,0,0,0,0,0,0,0,0,0,0,0,0,0,0,0,0,0,0,0,0,0,0,0,0,0,0,0,0,0,0,0,0,0,0,0,0,0,0,0,0,0,0,0,0,0,0,0,0,0,0,0,0,0,0,0,0
"XH23-18901 2",0,0,"9/22/2023",0,0," ",0,0,0," ",0,0,0," ",0,0,0,0,0,0,0,0,0,0,0,0,0,0,0,0,0,0,0,0,0,0,0,0,0,0,0,0," ",0,0,0,0," ",0,0,0,0,0,0,0,0,0," ",0,0," ",0,0,0," ",0,0,0,0,0,1,72,1,0,158,64,25.6369171607114,0,1,"Stroke (unspecified)",1,0.7,91.83247947,0,1.85,98,1,0,0,1,3,2,6,4,0,0,67.96611582,1,1,1,1,67.96611582,0.666485861,4.34782608695652,43,4,0.085106383,1.55193e-07,434719.1512,193538.5356,326.164067,84.25239749,1.44365e-08,69893.125,69361.9567,105.0440097,91.80961841,1.12749e-05,46280.62276,44201.28303,82.63123805,30.30086663,28074.6815,31112.53937,62.3172128,18.88858415,4.54751e-07,0.415729532,0.06746532,0.521811412,0.052852731,0.527476938,0.009487906,0.129290617,-0.280821191,1.38806e-05,0.472523062,3124,126,434719.1512,103303,0.235305982,103303,0.235305982,6.396907539,29.75909848,0.302529256,6.396907539,29.75909848,0.302529256,0.326146249,76761.2381,0.326146249,76761.2381,0.500876686,1024190.5,0.500876686,1024190.5,0.28501519,17067.1875,0.28501519,17067.1875,0.457765638,267782.2,0.457765638,267782.2,0,0,0,0,0,0,0,0,0,0,0,0,0,0,0,0,0,0,0,0,0,0,0,0,0,0,0,0,0,0,0,0,0,0,0,0,0,0,0,0,0,0,0,0,0,0,0,0,0,0,0,0,0,0,0,0,0,0,0,0,0,0,0,0,0,0,0,0,0,0,0,0,0,0,0,0,0,0,0,0,0,0,0,0,0,0,0,0,0,0,0,0,0,0,0,0
"XH23-19921 1",0,0,"10/5/2023",0,0," ",0,0,0," ",0,0,0," ",0,0,0,0,0,0,0,0,0,0,0,0,0,0,0,0,0,0,0,0,0,0,0,0,0,0,0,0," ",0,0,0,0," ",0,0,0,0,0,0,0,0,0," ",0,0," ",0,0,0," ",0,0,0,0,0,1,73,0,0,160,74,28.90625,1,1,"Stroke (unspecified)",1,0.81,93.09654258,0,1.99,99,1,0,0,1,1,2,4,5,0,0,25.032117,1,1,1,1,25.032117,0.656826638,11.7647058823529,30,4,0.117647059,1.56917e-07,367932.6,159984.0562,291.7202679,85.24329071,2.09223e-08,82464.375,50498.69092,124.0216005,59.18946373,9.69748e-06,47872.9617,46637.24503,82.36937602,27.64442363,19551.25912,23920.57719,52.9898097,17.19473777,5.70132e-07,0.461777198,0.057734917,0.464246936,0.044764345,0.238486741,0.037134828,0.124362515,-0.278806969,1.15864e-05,0.761513259,1854,109,380609.2931,145605.8966,0.371445889,145605.8966,0.371445889,7.228346728,24.76551668,0.31708674,7.228346728,24.76551668,0.31708674,0.40656413,38793.1,0.40656413,38793.1,0.637450543,189312,0.637450543,189312,0.370470964,17884.22727,0.370470964,17884.22727,0.505820335,96292.5,0.505820335,96292.5,0,0,0,0,0,0,0,0,0,0,0,0,0,0,0,0,0,0,0,0,0,0,0,0,0,0,0,0,0,0,0,0,0,0,0,0,0,0,0,0,0,0,0,0,0,0,0,0,0,0,0,0,0,0,0,0,0,0,0,0,0,0,0,0,0,0,0,0,0,0,0,0,0,0,0,0,0,0,0,0,0,0,0,0,0,0,0,0,0,0,0,0,0,0,0,0
"XH23-19921 2",0,0,"10/5/2023",0,0," ",0,0,0," ",0,0,0," ",0,0,0,0,0,0,0,0,0,0,0,0,0,0,0,0,0,0,0,0,0,0,0,0,0,0,0,0," ",0,0,0,0," ",0,0,0,0,0,0,0,0,0," ",0,0," ",0,0,0," ",0,0,0,0,0,1,73,0,0,160,74,28.90625,1,1,"Stroke (unspecified)",1,0.81,93.09654258,0,1.99,99,1,0,0,1,1,2,4,4,0,0,4.234388793,0,0,0,0,0,0.431090532,6.25,32,2,0.058823529,8.09065e-08,346775.5,189076.0912,275.4480524,111.8098069,5.05666e-09,130545.5,30072.5,172.3716196,35.31323785,9.23093e-06,47030.08231,47073.11308,82.87749524,30.08061469,29701.76649,30687.40284,64.11864768,20.13500529,5.99214e-07,0.433699974,0.028056402,0.434131361,0.080422922,0.430726369,0.041182858,0.064626526,-0.084090367,1.12716e-05,0.569273631,3651,237,382634.1207,123005.931,0.304252429,131127,0.314572982,6.74221274,30.78891712,0.22988476,6.74221274,30.78891712,0.22988476,0.440443624,44068.60526,0.440443624,44068.60526,0.66929523,194501,0.66929523,194501,0.407219109,20434.20833,0.407219109,20434.20833,0.497399936,84584.71429,0.497399936,84584.71429,0,0,0,0,0,0,0,0,0,0,0,0,0,0,0,0,0,0,0,0,0,0,0,0,0,0,0,0,0,0,0,0,0,0,0,0,0,0,0,0,0,0,0,0,0,0,0,0,0,0,0,0,0,0,0,0,0,0,0,0,0,0,0,0,0,0,0,0,0,0,0,0,0,0,0,0,0,0,0,0,0,0,0,0,0,0,0,0,0,0,0,0,0,0,0,0
"XH23-24126 1",0,0,"12/4/2023",0,0," ",0,0,0," ",0,0,0," ",0,0,0,0,0,0,0,0,0,0,0,0,0,0,0,0,0,0,0,0,0,0,0,0,0,0,0,0," ",0,0,0,0," ",0,0,0,0,0,0,0,0,0," ",0,0," ",0,0,0," ",0,0,0,0,0,1,65,1,0,155,93,38.7096774193548,0,0,"Stroke (unspecified)",1,2.9,17.42382153,0,1.37,83,0,0,0,1,2,2,5,4,0,0,83.32773607,1,1,1,1,0,0.037309453,11.1111111111111,19,1,0.05,1.04634e-07,440136.4211,290545.6038,290.9619261,101.2690512,5.50705e-09,31035,0,70.80254233,0,8.61853e-06,79918.12748,160245.7458,91.78489075,47.13179431,27058.50339,32005.9064,63.81585455,32.67786066,2.91873e-07,0.552679182,0.046053179,0.688776538,0.032767978,0.264366707,0.017886615,0.066862293,-0.70156986,9.07556e-06,0.735633293,1565,53,463345.8056,99080.11111,0.210054113,113789.0667,0.230666898,6.615542804,21.21966223,0.305204185,6.615542804,21.21966223,0.305204185,0.495057983,104013.5,0.495057983,104013.5,0.27004885,498092.5,0.27004885,498092.5,0.46445765,23192.5,0.46445765,23192.5,0.501858057,121973.7222,0.501858057,121973.7222,0,0,0,0,0,0,0,0,0,0,0,0,0,0,0,0,0,0,0,0,0,0,0,0,0,0,0,0,0,0,0,0,0,0,0,0,0,0,0,0,0,0,0,0,0,0,0,0,0,0,0,0,0,0,0,0,0,0,0,0,0,0,0,0,0,0,0,0,0,0,0,0,0,0,0,0,0,0,0,0,0,0,0,0,0,0,0,0,0,0,0,0,0,0,0,0
"XH23-24126 2",0,0,"12/4/2023",0,0," ",0,0,0," ",0,0,0," ",0,0,0,0,0,0,0,0,0,0,0,0,0,0,0,0,0,0,0,0,0,0,0,0,0,0,0,0," ",0,0,0,0," ",0,0,0,0,0,0,0,0,0," ",0,0," ",0,0,0," ",0,0,0,0,0,1,65,1,0,155,93,38.7096774193548,0,0,"Stroke (unspecified)",1,2.9,17.42382153,0,1.37,83,0,0,0,2,1,2,5,7,0,0,23.028,1,1,0,0,23.028,6.987012643,21.7391304347826,36,10,0.217391304,1.47507e-07,486974.1944,266873.0324,332.8313945,118.6340618,4.09741e-08,143747.2,43302.6151,187.5361636,31.73148842,1.03378e-05,48607.96651,63941.1605,80.14919851,42.38727506,21812.99871,28353.424,58.30044753,29.06792762,5.16274e-07,0.514415014,0.071832005,0.502497889,0.061445742,0.349190469,0.030130499,0.142949864,-0.319981865,1.14347e-05,0.650809531,2523,126,510515.2059,128314.2353,0.265944488,135340.6563,0.267635996,6.433991032,26.88989991,0.262247664,6.433991032,26.88989991,0.262247664,0.44242296,66239.23913,0.44242296,66239.23913,0.586062208,487442.5,0.586062208,487442.5,0.392693299,17310.85,0.392693299,17310.85,0.480676545,103876.4615,0.480676545,103876.4615,0,0,0,0,0,0,0,0,0,0,0,0,0,0,0,0,0,0,0,0,0,0,0,0,0,0,0,0,0,0,0,0,0,0,0,0,0,0,0,0,0,0,0,0,0,0,0,0,0,0,0,0,0,0,0,0,0,0,0,0,0,0,0,0,0,0,0,0,0,0,0,0,0,0,0,0,0,0,0,0,0,0,0,0,0,0,0,0,0,0,0,0,0,0,0,0
"XH23-24396 1",0,0,"12/6/2023",0,0," ",0,0,0," ",0,0,0," ",0,0,0,0,0,0,0,0,0,0,0,0,0,0,0,0,0,0,0,0,0,0,0,0,0,0,0,0," ",0,0,0,0," ",0,0,0,0,0,0,0,0,0," ",0,0," ",0,0,0," ",0,0,0,0,0,1,66,1,0,157,97,39.3525092295833,1,0,"Stroke (unspecified)",1,0.63,97.77546975,0,1.29,78,0,0,0,0,2,2,4,5,0,0,43.54204037,1,1,1,1,43.54204037,1.751624386,0,13,0,0,7.67352e-08,491810.3462,242790.0581,332.4253149,117.6475603,0,0,0,0,0,9.85162e-06,36670.82834,39167.93733,66.72455768,24.26245732,22639.47619,21302.56912,55.96525647,16.60512585,2.24303e-07,0.418783874,0.037739186,0.361267237,0.042577491,0.377113578,0.006780135,0.104463352,0.12917568,1.05633e-05,0.622886422,1669,38,530528.625,229018.3333,0.419007721,237534.8182,0.412183021,7.18480663,35.86368334,0.140591226,7.18480663,35.86368334,0.140591226,0.416911891,40282.66667,0.416911891,40282.66667,0.525225731,48856,0.525225731,48856,0.339395525,23580.5,0.339395525,23580.5,0.455670075,48633.75,0.455670075,48633.75,0,0,0,0,0,0,0,0,0,0,0,0,0,0,0,0,0,0,0,0,0,0,0,0,0,0,0,0,0,0,0,0,0,0,0,0,0,0,0,0,0,0,0,0,0,0,0,0,0,0,0,0,0,0,0,0,0,0,0,0,0,0,0,0,0,0,0,0,0,0,0,0,0,0,0,0,0,0,0,0,0,0,0,0,0,0,0,0,0,0,0,0,0,0,0,0
"XH23-24396 2",0,0,"12/6/2023",0,0," ",0,0,0," ",0,0,0," ",0,0,0,0,0,0,0,0,0,0,0,0,0,0,0,0,0,0,0,0,0,0,0,0,0,0,0,0," ",0,0,0,0," ",0,0,0,0,0,0,0,0,0," ",0,0," ",0,0,0," ",0,0,0,0,0,1,66,1,0,157,97,39.3525092295833,1,0,"Stroke (unspecified)",1,0.63,97.77546975,0,1.29,78,0,0,0,1,2,2,5,4,0,0,45.7686,1,1,1,1,45.7686,0.822620691,4.16666666666667,48,2,0.04,1.23821e-07,453254.2396,210016.0239,323.4776311,92.91300407,5.15919e-09,121898.25,116.75,166.5982465,15.34680019,9.75861e-06,47653.37576,48048.05212,80.7619248,28.82967939,32462.77564,38891.67046,60.71927991,17.61234477,2.08947e-07,0.313765515,0.056122223,0.465030851,0.017881879,0.484119173,0.044393346,0.120684946,0.105891374,1.01449e-05,0.515880827,3783,81,462860.5319,242325.8723,0.523919327,246303.6522,0.520791418,7.755203018,43.40812967,0.128587828,7.755203018,43.40812967,0.128587828,0.305127661,90323.36667,0.305127661,90323.36667,0.574607213,403132,0.574607213,403132,0.264105589,21528.95,0.264105589,21528.95,0.387171804,227912.2,0.387171804,227912.2,0,0,0,0,0,0,0,0,0,0,0,0,0,0,0,0,0,0,0,0,0,0,0,0,0,0,0,0,0,0,0,0,0,0,0,0,0,0,0,0,0,0,0,0,0,0,0,0,0,0,0,0,0,0,0,0,0,0,0,0,0,0,0,0,0,0,0,0,0,0,0,0,0,0,0,0,0,0,0,0,0,0,0,0,0,0,0,0,0,0,0,0,0,0,0,0
"XH24-11187 1",0,0,"5/27/2024",0,0," ",0,0,0," ",0,0,0," ",0,0,0,0,0,0,0,0,0,0,0,0,0,0,0,0,0,0,0,0,0,0,0,0,0,0,0,0," ",0,0,0,0," ",0,0,0,0,0,0,0,0,0," ",0,0," ",0,0,0," ",0,0,0,0,0,1,75,0,0,165,68,24.9770431588613,1,1,"Stroke (unspecified)",1,0.93,85.62966563,0,2.13,100,1,0,0,2,1,2,5,4,0,0,23.63302403,1,1,0,0,23.63302403,4.299999028,27.2727272727273,24,5,0.172413793,1.03872e-07,408128.4167,449154.5927,253.237504,186.4336788,2.16399e-08,165998.3,86614.51208,191.3964813,53.41523152,9.23592e-06,50438.92549,61099.16519,81.16075292,31.57768336,32512.76362,30185.07515,65.73561842,18.41221136,3.41911e-07,0.391896128,0.042392985,0.465850066,0.022167039,0.368095889,0.014522466,0.09100135,-0.304139735,9.97538e-06,0.631904111,2134,79,575656.6765,208648.5882,0.44464735,240439.1538,0.512603777,8.805906147,45.42582017,0.172704817,8.805906147,45.42582017,0.172704817,0.418484356,70297.35714,0.418484356,70297.35714,0.671573794,350787,0.671573794,350787,0.366980446,16260.86364,0.40367849,16260.86364,0.475138656,129737.5,0.475138656,129737.5,0,0,0,0,0,0,0,0,0,0,0,0,0,0,0,0,0,0,0,0,0,0,0,0,0,0,0,0,0,0,0,0,0,0,0,0,0,0,0,0,0,0,0,0,0,0,0,0,0,0,0,0,0,0,0,0,0,0,0,0,0,0,0,0,0,0,0,0,0,0,0,0,0,0,0,0,0,0,0,0,0,0,0,0,0,0,0,0,0,0,0,0,0,0,0,0
"XH24-11187 2",0,0,"5/27/2024",0,0," ",0,0,0," ",0,0,0," ",0,0,0,0,0,0,0,0,0,0,0,0,0,0,0,0,0,0,0,0,0,0,0,0,0,0,0,0," ",0,0,0,0," ",0,0,0,0,0,0,0,0,0," ",0,0," ",0,0,0," ",0,0,0,0,0,1,75,0,0,165,68,24.9770431588613,1,1,"Stroke (unspecified)",1,0.93,85.62966563,0,2.13,100,1,0,0,2,2,2,6,4,0,0,40.32,1,1,1,1,40.32,2.672782354,26.6666666666667,50,15,0.230769231,1.17576e-07,389199.6,219382.1627,290.5217246,100.2262818,3.52727e-08,107278.5333,69197.5554,146.044017,62.27957205,9.81758e-06,51647.01269,51961.48896,87.70166806,36.00022531,0,0,0,0,3.4097e-07,0.397159828,0.045760438,0.507048465,0.027206841,0,0,0.090248648,-0.090320983,9.97042e-06,0,4175,145,405392.3958,155197.2708,0.38810886,167101.3636,0.40812494,7.514429069,43.69535998,0.176218576,7.514429069,43.69535998,0.176218576,0.491552598,109847.8333,0.491552598,109847.8333,0.672735564,329933.5,0.672735564,329933.5,0.395333828,18743,0.395333828,18743,0.539661983,155400.25,0.539661983,155400.25,0,0,0,0,0,0,0,0,0,0,0,0,0,0,0,0,0,0,0,0,0,0,0,0,0,0,0,0,0,0,0,0,0,0,0,0,0,0,0,0,0,0,0,0,0,0,0,0,0,0,0,0,0,0,0,0,0,0,0,0,0,0,0,0,0,0,0,0,0,0,0,0,0,0,0,0,0,0,0,0,0,0,0,0,0,0,0,0,0,0,0,0,0,0,0,0
"XH24-15014 1",0,0,"7/13/2024",0,0," ",0,0,0," ",0,0,0," ",0,0,0,0,0,0,0,0,0,0,0,0,0,0,0,0,0,0,0,0,0,0,0,0,0,0,0,0," ",0,0,0,0," ",0,0,0,0,0,0,0,0,0," ",0,0," ",0,0,0," ",0,0,0,0,0,1,63,0,0,160,70,27.34375,1,1,"Stroke (unspecified)",1,0.7,103.5348351,0,1.7,95,1,0,0,1,2,2,5,4,0,0,36.9651,1,1,1,1,36.9651,1.299007338,8.57142857142857,66,5,0.070422535,1.38245e-07,383290.4924,208880.8225,293.2038658,111.9540992,1.04731e-08,113786.2,75601.30023,138.7153483,69.27519134,1.38413e-05,39892.27656,37142.9304,78.4906846,27.8191685,21326.21779,18469.12368,55.11026036,14.38866937,1.44529e-07,0.407368803,0.05298813,0.552160671,0.023505155,0.37759515,0.006777085,0.095965057,-0.054455345,1.48918e-05,0.62240485,6608,69,413223.7213,175681.7377,0.43817774,188212.6964,0.432506089,7.924944861,36.94130987,0.170490613,7.924944861,36.94130987,0.170490613,0.410870382,149728.8333,0.410870382,149728.8333,0.631242055,933674.5,0.631242055,933674.5,0.345185065,13955.08333,0.345185065,13955.08333,0.542241017,421276.3333,0.542241017,421276.3333,0,0,0,0,0,0,0,0,0,0,0,0,0,0,0,0,0,0,0,0,0,0,0,0,0,0,0,0,0,0,0,0,0,0,0,0,0,0,0,0,0,0,0,0,0,0,0,0,0,0,0,0,0,0,0,0,0,0,0,0,0,0,0,0,0,0,0,0,0,0,0,0,0,0,0,0,0,0,0,0,0,0,0,0,0,0,0,0,0,0,0,0,0,0,0,0
"XH24-15014 2",0,0,"7/13/2024",0,0," ",0,0,0," ",0,0,0," ",0,0,0,0,0,0,0,0,0,0,0,0,0,0,0,0,0,0,0,0,0,0,0,0,0,0,0,0," ",0,0,0,0," ",0,0,0,0,0,0,0,0,0," ",0,0," ",0,0,0," ",0,0,0,0,0,1,63,0,0,160,70,27.34375,1,1,"Stroke (unspecified)",1,0.7,103.5348351,0,1.7,95,1,0,0,1,2,2,5,4,0,0,46.51,1,1,1,1,46.51,1.114857138,5,75,4,0.050632911,1.51141e-07,508580.3067,222106.8625,342.9258313,91.21100575,8.06085e-09,144035,70757.51379,163.388093,55.63120594,9.45941e-06,57278.70196,53392.84473,91.33129353,33.34653973,15599.5874,15949.58668,54.09174826,17.34873455,2.13613e-07,0.44710931,0.076867313,0.541822644,0.023905238,0.247910447,0.016006626,0.141868034,-0.409169554,1.14125e-05,0.752089553,4694,106,514547.4662,231580.1216,0.451510057,234407.4932,0.446501159,7.82559534,42.85329834,0.169008299,7.82559534,42.85329834,0.169008299,0.396381042,183102.5227,0.396381042,183102.5227,0.675484532,1838172,0.675484532,1838172,0.346384222,20833.95455,0.346384222,20833.95455,0.446377862,345371.0909,0.446377862,345371.0909,0,0,0,0,0,0,0,0,0,0,0,0,0,0,0,0,0,0,0,0,0,0,0,0,0,0,0,0,0,0,0,0,0,0,0,0,0,0,0,0,0,0,0,0,0,0,0,0,0,0,0,0,0,0,0,0,0,0,0,0,0,0,0,0,0,0,0,0,0,0,0,0,0,0,0,0,0,0,0,0,0,0,0,0,0,0,0,0,0,0,0,0,0,0,0,0
"XH24-16739 1",0,0,"8/7/2024",0,0," ",0,0,0," ",0,0,0," ",0,0,0,0,0,0,0,0,0,0,0,0,0,0,0,0,0,0,0,0,0,0,0,0,0,0,0,0," ",0,0,0,0," ",0,0,0,0,0,0,0,0,0," ",0,0," ",0,0,0," ",0,0,0,0,0,1,78,1,0,160,60,23.4375,0,0,"Stroke (unspecified)",1,0.3,108.5107262,0,1.47,88,1,0,0,1,2,2,5,5,0,0,39.55622037,1,1,1,1,39.55622037,1.339789004,4,48,2,0.04,1.77133e-07,355257.25,204909.5325,281.641035,89.33279472,7.38054e-09,63865,10229,133.5702908,9.485642295,1.00043e-05,50026.71265,53139.23517,87.30316467,27.14024818,0,0,0,0,2.98912e-07,0.310455046,0.062927761,0.500483285,0.048116027,0,0,0.125733992,-0.491143025,1.01888e-05,0,2711,81,375852.5222,197981.7111,0.554973304,202228.0909,0.563400131,8.980389019,43.60570989,0.157760492,8.980389019,43.60570989,0.157760492,0.334992105,45589.85714,0.334992105,45589.85714,0.540762828,214968,0.540762828,214968,0.302190345,16014.65,0.33576705,16014.65,0.416996505,119527.875,0.416996505,119527.875,0,0,0,0,0,0,0,0,0,0,0,0,0,0,0,0,0,0,0,0,0,0,0,0,0,0,0,0,0,0,0,0,0,0,0,0,0,0,0,0,0,0,0,0,0,0,0,0,0,0,0,0,0,0,0,0,0,0,0,0,0,0,0,0,0,0,0,0,0,0,0,0,0,0,0,0,0,0,0,0,0,0,0,0,0,0,0,0,0,0,0,0,0,0,0,0
"XH24-17428 1",0,0,"8/20/2024",0,0," ",0,0,0," ",0,0,0," ",0,0,0,0,0,0,0,0,0,0,0,0,0,0,0,0,0,0,0,0,0,0,0,0,0,0,0,0," ",0,0,0,0," ",0,0,0,0,0,0,0,0,0," ",0,0," ",0,0,0," ",0,0,0,0,0,1,70,0,0,170,72,24.9134948096886,1,0,"Stroke (unspecified)",1,1.26,61.35700752,0,1.54,91,1,0,0,1,2,2,5,5,0,0,46.3712,1,1,1,1,46.3712,2.452916735,18.1818181818182,80,18,0.183673469,1.19255e-07,448357.1,306430.4269,300.5472422,147.1294674,2.68325e-08,221172.6389,152229.2964,210.7920865,90.1987105,9.32876e-06,53854.63391,55681.91542,89.31251995,36.36440975,20031.3,20212.32541,52.64108459,23.42255778,2.02734e-07,0.453438503,0.053469028,0.502396829,0.026374402,0.126150069,0,0.106427878,0.084089334,9.46734e-06,0.873849931,6258,136,490780.5616,184412.3014,0.383375113,196154.6324,0.364960325,7.946365751,30.16468233,0.29357448,7.946365751,30.16468233,0.29357448,0.507323241,139262.7885,0.507323241,139262.7885,0.416220179,959826,0.416220179,959826,0.424036011,20384.17857,0.424036011,20384.17857,0.604491675,277954.5,0.604491675,277954.5,0,0,0,0,0,0,0,0,0,0,0,0,0,0,0,0,0,0,0,0,0,0,0,0,0,0,0,0,0,0,0,0,0,0,0,0,0,0,0,0,0,0,0,0,0,0,0,0,0,0,0,0,0,0,0,0,0,0,0,0,0,0,0,0,0,0,0,0,0,0,0,0,0,0,0,0,0,0,0,0,0,0,0,0,0,0,0,0,0,0,0,0,0,0,0,0
"XH24-17428 2",0,0,"8/20/2024",0,0," ",0,0,0," ",0,0,0," ",0,0,0,0,0,0,0,0,0,0,0,0,0,0,0,0,0,0,0,0,0,0,0,0,0,0,0,0," ",0,0,0,0," ",0,0,0,0,0,0,0,0,0," ",0,0," ",0,0,0," ",0,0,0,0,0,1,70,0,0,170,72,24.9134948096886,1,0,"Stroke (unspecified)",1,1.26,61.35700752,0,1.54,91,1,0,0,1,3,2,6,4,0,0,89.48795835,1,1,1,1,0,1.973669824,12.8205128205128,73,11,0.130952381,1.0515e-07,567952.2534,319313.386,352.1262314,140.2750992,1.58445e-08,157710.0909,109278.7164,182.7419283,78.9080386,1.02312e-05,49019.17563,50773.59745,88.43693176,35.25096433,65443.5,0,99.32774033,0,2.67916e-07,0.477061427,0.059720024,0.501525598,0.017852946,0.373590334,0,0.119076722,0.169612543,1.0351e-05,0.626409666,7103,186,618042.6866,226026.2388,0.357933418,229262.3788,0.362228949,7.588431406,29.82226837,0.308498024,7.588431406,29.82226837,0.308498024,0.511088444,103465.1333,0.511088444,103465.1333,0.412320775,1164719,0.412320775,1164719,0.459567989,19188.64706,0.459567989,19188.64706,0.578461348,213672.8462,0.578461348,213672.8462,0,0,0,0,0,0,0,0,0,0,0,0,0,0,0,0,0,0,0,0,0,0,0,0,0,0,0,0,0,0,0,0,0,0,0,0,0,0,0,0,0,0,0,0,0,0,0,0,0,0,0,0,0,0,0,0,0,0,0,0,0,0,0,0,0,0,0,0,0,0,0,0,0,0,0,0,0,0,0,0,0,0,0,0,0,0,0,0,0,0,0,0,0,0,0,0
"XH24-18297 2",0,0,"8/30/2024",0,0," ",0,0,0," ",0,0,0," ",0,0,0,0,0,0,0,0,0,0,0,0,0,0,0,0,0,0,0,0,0,0,0,0,0,0,0,0," ",0,0,0,0," ",0,0,0,0,0,0,0,0,0," ",0,0," ",0,0,0," ",0,0,0,0,0,1,81,1,0,153,80,34.1748899995728,1,0,"Stroke (unspecified)",1,0.7,86.83348712,0,1.7,95,1,0,0,2,1,0,3,5,0,0,12.9576,0,0,0,0,12.9576,0.24547188,46.1538461538462,14,12,0.461538462,1.07165e-07,322689.1071,165579.712,272.5965688,104.101101,9.18558e-08,62320.54167,28217.90874,112.8385378,36.71690424,1.28828e-05,46887.8366,73150.37314,73.79377719,28.11253199,24654.91312,35320.4573,54.43537063,19.06911447,6.12372e-07,0.491890043,0.034581014,0.604045563,0.028585785,0.279736461,0.016938318,0.057249016,-0.120327897,1.1753e-05,0.720263539,1683,80,347483.6154,125796.1538,0.353067878,133755.6667,0.353503446,7.537260106,29.94448445,0.225738455,7.537260106,29.94448445,0.225738455,0.456865052,41242.5,0.456865052,41242.5,0.567287498,89214,0.567287498,89214,0.402563183,6925.333333,0.402563183,6925.333333,0.497591454,66980.375,0.497591454,66980.375,0,0,0,0,0,0,0,0,0,0,0,0,0,0,0,0,0,0,0,0,0,0,0,0,0,0,0,0,0,0,0,0,0,0,0,0,0,0,0,0,0,0,0,0,0,0,0,0,0,0,0,0,0,0,0,0,0,0,0,0,0,0,0,0,0,0,0,0,0,0,0,0,0,0,0,0,0,0,0,0,0,0,0,0,0,0,0,0,0,0,0,0,0,0,0,0
"XH24-18298 1",0,0,"8/31/2024",0,0," ",0,0,0," ",0,0,0," ",0,0,0,0,0,0,0,0,0,0,0,0,0,0,0,0,0,0,0,0,0,0,0,0,0,0,0,0," ",0,0,0,0," ",0,0,0,0,0,0,0,0,0," ",0,0," ",0,0,0," ",0,0,0,0,0,0,36,1,0,165,90,33.0578512396694,0,0,"Stroke (unspecified)",1,1.47,47.15952585,0,0.9,39,0,0,0,1,3,2,6,5,0,0,59.2871,1,1,1,1,59.2871,3.112132341,5.55555555555556,70,4,0.054054054,1.87648e-07,338813.8857,155403.5518,278.3040083,83.77354928,1.07227e-08,129686.75,19058.34587,178.0461079,13.58614941,1.35938e-05,37802.6195,35020.50777,73.84253321,27.95540561,0,0,0,0,4.93246e-07,0.274172439,0.063577754,0.513879679,0.024401394,0,0,0.123721089,-0.163177246,1.37921e-05,0,5071,184,348770.0294,113032.1912,0.314883145,117110.7692,0.315123096,6.798296709,30.03821074,0.211853787,6.798296709,30.03821074,0.211853787,0.380627226,81422.65217,0.380627226,81422.65217,0.480033509,421739,0.480033509,421739,0.389040598,15151.31818,0.389040598,15151.31818,0.372914969,142171.375,0.372914969,142171.375,0,0,0,0,0,0,0,0,0,0,0,0,0,0,0,0,0,0,0,0,0,0,0,0,0,0,0,0,0,0,0,0,0,0,0,0,0,0,0,0,0,0,0,0,0,0,0,0,0,0,0,0,0,0,0,0,0,0,0,0,0,0,0,0,0,0,0,0,0,0,0,0,0,0,0,0,0,0,0,0,0,0,0,0,0,0,0,0,0,0,0,0,0,0,0,0
"XH24-18298 2",0,0,"8/31/2024",0,0," ",0,0,0," ",0,0,0," ",0,0,0,0,0,0,0,0,0,0,0,0,0,0,0,0,0,0,0,0,0,0,0,0,0,0,0,0," ",0,0,0,0," ",0,0,0,0,0,0,0,0,0," ",0,0," ",0,0,0," ",0,0,0,0,0,0,36,1,0,165,90,33.0578512396694,0,0,"Stroke (unspecified)",1,1.47,47.15952585,0,0.9,39,0,0,0,1,2,2,5,5,0,0,35.01877906,1,1,1,1,35.01877906,3.048577495,3.77358490566038,102,4,0.037735849,1.85969e-07,335880.1373,159107.8622,283.6629178,82.46238625,7.2929e-09,139152.875,59806.1537,172.3139831,28.03375183,1.15447e-05,43838.30425,45934.8327,75.75162877,30.47244272,16766.76314,19765.00781,51.44024518,18.59627691,3.93817e-07,0.328008949,0.062463294,0.50609849,0.0402283,0.368818095,0.023328856,0.123421222,-0.319028952,1.26519e-05,0.631181905,6332,216,339203.3317,131152.6535,0.397652135,134632.1596,0.387594191,7.213986403,30.53429939,0.193389669,7.213986403,30.53429939,0.193389669,0.265609823,394957.6563,0.265609823,394957.6563,0.578491195,5454383,0.578491195,5454383,0.157736491,20228.5,0.157736491,20228.5,0.3015676,519867.375,0.3015676,519867.375,0,0,0,0,0,0,0,0,0,0,0,0,0,0,0,0,0,0,0,0,0,0,0,0,0,0,0,0,0,0,0,0,0,0,0,0,0,0,0,0,0,0,0,0,0,0,0,0,0,0,0,0,0,0,0,0,0,0,0,0,0,0,0,0,0,0,0,0,0,0,0,0,0,0,0,0,0,0,0,0,0,0,0,0,0,0,0,0,0,0,0,0,0,0,0,0
